Volume;Close;diff_to_mean;relative_volume;RSI;MACD;MACD_Signal;Stochastic_K;Stochastic_D;ADX_Pos;Momentum;TRIX
0.3876026318818151;0.053422260375738384;0.05325761905467691;0.24617562756445596;0.347016016766058;0.45000817622710154;0.3988389329199292;0.4036745553463366;0.2051774658505057;0.17417840931889378;0.609824262232959;0.3380040905257845
0.23572091474299484;0.04525043748142754;0.0345286153417077;0.14431430463304695;0.29539836878490455;0.4481000629623862;0.3993390239793878;0.23941128595092315;0.22826967612774185;0.1586544712143947;0.5310501634219129;0.33587045928932535
0.20981103245285604;0.04954270809258077;0.046813176074264606;0.1273448201952921;0.3463195134907996;0.45210349667692495;0.40067273178624463;0.3256909830070986;0.31600754782462265;0.14468242742496007;0.6037137037563353;0.3351010552617095
0.19876976421296988;0.05297652458150326;0.05691006026507356;0.1203811999410484;0.38611868523640713;0.4599342121752963;0.4035658878145114;0.3947147406520409;0.3129417564575515;0.18303886315581164;0.6172137748093406;0.3364943473953758
0.1993599051856495;0.036864001056558626;0.018368714427436428;0.12122073818400222;0.28439227880505175;0.45340041853288743;0.4043566761158517;0.07083403170269426;0.25525945962525004;0.1520295616158277;0.5677135142816536;0.33599211239399274
0.11239369504159147;0.03176280252253427;0.00741701817175533;0.06184272021857393;0.257527252050772;0.44541797063337146;0.40312773168134963;0.03779351750716919;0.156749211986615;0.14150386422824618;0.5455449765525082;0.3334813599210265
0.20662769940520648;0.028048337570574677;0.0;0.12768891733112825;0.23852230106275646;0.43761701509988504;0.4003253266291342;0.1189035697637464;0.062374547386747435;0.12521960522478215;0.5442660224527497;0.32929431519985364
0.16285687000002447;0.04739657278700404;0.05001652526856187;0.09777933604132832;0.43959991607754234;0.45042854980792646;0.40107116198054105;0.5941069349902018;0.2414235126005539;0.2753700295577414;0.5879399365259815;0.32905921117021264
0.20874339152302895;0.057186251527057586;0.07613674357779188;0.13025165064741176;0.5194139076537773;0.4707962068911249;0.406417741974366;0.7814788065275551;0.4958912685406495;0.4616383498478137;0.6273033015963241;0.3341893929365609
0.18347752199560696;0.055023607488361215;0.07250790989391392;0.11357896566898487;0.5037366584366793;0.48628906525598403;0.4143080729564551;0.7335285948945724;0.706198307282381;0.4382943035016531;0.6437402302117382;0.3426354003112019
0.13072969339605314;0.06438405916729928;0.09762151425263194;0.07721846039136418;0.5760977753543313;0.5079694831787159;0.4256763965026773;0.9410688238709142;0.8249187049609633;0.45106772996193234;0.6549192364170335;0.3555314174991381
0.1510001787563942;0.06925413543764636;0.11148846552724595;0.09213406914549033;0.6109888522400073;0.5302823163462711;0.4399745987405062;0.9865705060575227;0.8950951966999312;0.48273835448354174;0.6923404860025573;0.37238726863228677
0.1377428209717981;0.06915508303892737;0.11299083753464978;0.0832131567631722;0.6101176046375869;0.548444944025656;0.45564884054027194;0.8686507963775495;0.9413301349146579;0.5173132550857089;0.6797404196864192;0.3915197672759488
0.25294029781305016;0.08373229438372864;0.15099717093990317;0.1658933924427754;0.7081750896546007;0.5761189837082261;0.47464205656208297;0.9491920002176267;0.9441096526576758;0.40509310973009816;0.7117142721803795;0.41507027885431264
0.16549903642957364;0.08523458909763248;0.1563400208514841;0.10421740956135164;0.717298239052483;0.5993748037418615;0.4952600853771937;0.9279713883837762;0.9240587168725269;0.4211055816214555;0.7622566434560182;0.44120594401448365
0.1954884824561618;0.07354640604879958;0.12882462517561444;0.12668782878778567;0.6098162899927424;0.6072470993168737;0.5135903950413181;0.7562668192784338;0.8856041462655087;0.3768082118078896;0.7433565439818104;0.46546557239132014
0.17526942016812894;0.084904414435236;0.15865506823398656;0.11336434805185538;0.6833693261933994;0.6233438694309508;0.5320085471411548;0.9231209768271258;0.8766833905168218;0.3908448950277632;0.7866041400217887;0.49024354252446933
0.15848346013609974;0.08351768085317124;0.1566481539737786;0.10187075784264449;0.6708970370227626;0.6344378583082975;0.5493302818467448;0.9027492482892064;0.8680530982619806;0.38304879977735296;0.7271090900478422;0.5141110376646195
0.17940530441234448;0.07851553471786565;0.1456259096446617;0.11778110815178153;0.6256689163494478;0.6382907828188765;0.5640862045377522;0.8292655132059884;0.8930311556533964;0.35288425624519426;0.6846667614040072;0.5352593101866814
0.14983458911740866;0.06578730148248413;0.11547223562727105;0.09689922856625979;0.5231435594579966;0.6295987603103133;0.573863888751471;0.6422821476972037;0.7969361707389155;0.3163817942951727;0.6543508123726965;0.550752763275613
0.13686618002482998;0.060537524350380956;0.10392719438821629;0.08801287829121346;0.4854855892406683;0.617786129423697;0.578931229637982;0.5352296633055358;0.6711815196310242;0.27891929854802516;0.6124295391028369;0.5605775833495856
0.19196967507964452;0.05708719912833882;0.09688377904892376;0.1290496665321509;0.4611667292106094;0.6052534392150563;0.5800623718745358;0.26398844167543434;0.47775993391396987;0.25635021159413757;0.5885557292406802;0.5653693043327667
0.1945359312595959;0.05568395681315397;0.09504156846210088;0.13125270300956662;0.45106288108934867;0.5941085085817606;0.5783681925851751;0.1469681752635699;0.3082777121841462;0.24282813665955466;0.5848136042821275;0.566238154109517
0.1570705500064891;0.05300954204774322;0.09015659476253213;0.10424334470921295;0.43128490272308573;0.5830544777166606;0.57443495467794;0.09292109105740082;0.1569324167012807;0.2252853572632808;0.5353133437544412;0.5637995769302195
0.1824735477267329;0.058490441443523444;0.1054983301792578;0.12366942228244304;0.4853908634601529;0.5794048014204713;0.5704372286463603;0.24852829037669522;0.15164239676197722;0.28174068577460204;0.5467291933115433;0.5605101420358015
0.14832373027863957;0.053422260375738384;0.09444245885015917;0.09876324586453;0.4450985383091489;0.5722752210405088;0.5655763687404795;0.12818305571088615;0.14521466814045972;0.25852792570351585;0.5657240301264738;0.5556040423616515
0.17467683047772034;0.05350480404133773;0.09614604384521502;0.11890781487872837;0.4459712143671142;0.5670523625077285;0.5604696655665349;0.13014307581945356;0.157950962745013;0.24117906857649923;0.5333712282696229;0.5498454182266259
0.180698227373236;0.04804041337867715;0.08405885301459809;0.12361552318490965;0.40191507051336783;0.5584808548119189;0.5543853541726578;0.0454205863672638;0.0884533373159743;0.21829620618979967;0.5216711666903509;0.5425033043777524
0.22460863368896877;0.04388021263248221;0.07532571523942588;0.15670838217122615;0.37013966108713203;0.5485360054032066;0.547198681177533;0.044601383670470125;0.0598540886339654;0.19958809076845674;0.5240869688787828;0.5334732435348547
0.16800652338402994;0.04635652260045542;0.08307378779468866;0.11454866258868968;0.40045526801778164;0.5434934475277111;0.5402733751864889;0.0994463099810078;0.04935053661693233;0.18682861329280337;0.5677135142816536;0.5243187358189598
0.13297761627123955;0.051441212401360126;0.09718079467326352;0.08859361595458012;0.46076258540499404;0.5446543070276629;0.5350038527508248;0.2120612253386435;0.10637017929848633;0.25828900855422854;0.5973663019279053;0.5167172852071164
0.19106364951992888;0.04564664707630306;0.08399461858197704;0.13341818605458647;0.41032037376481734;0.5410477482602765;0.5299471544727412;0.08908934391715131;0.1215926821198576;0.24245324570383575;0.590639950736582;0.5092094492580805
0.1457256407682117;0.0554363258163566;0.1095669226710756;0.10000726644215796;0.51776225421557;0.547519529276375;0.5274110704970744;0.35931046204207556;0.21051073468932696;0.23997456834822567;0.6227559092416274;0.504455099021449
0.2815045901213829;0.07016211575923648;0.1472938088438184;0.2040180387179438;0.6445506120227579;0.5661759243713743;0.5297330341075595;0.9236880679698437;0.4540090106195008;0.3771995644898253;0.6726824878025672;0.5052789308066092
0.24870156742421828;0.0840294515798854;0.18270496136875294;0.17978128353459455;0.7359776982156981;0.5934074120960151;0.537941220678897;0.8779243973765142;0.7239257197762781;0.5388724327160991;0.6967457723461699;0.5131358270547292
0.1322356547993643;0.08206491233862678;0.1787161129054656;0.09139340579378316;0.7159937817123481;0.6130557096910827;0.5490899208677207;0.8370032798773746;0.8873784882764726;0.5084410270629711;0.7056510823741174;0.5249972086641956
0.19314016215408802;0.0916399775481227;0.20346160455416543;0.1388280559301566;0.7729795645377054;0.6367368417310386;0.5635315234114265;0.9607753540024542;0.9000686928427863;0.5545389392123764;0.732888067831935;0.541324932432099
0.21123373745338253;0.09688975468022565;0.21737618264100225;0.15313434013537416;0.8014633886553232;0.6594853079359928;0.5803899421948879;0.9849132079728338;0.9366771923587679;0.5630857808873088;0.7636303348964992;0.5611954007770584
0.1977388540490772;0.10435170205038458;0.23691031281070632;0.14334564240746445;0.8392821160204785;0.6831987912285423;0.5994068642029127;0.8868177645576605;0.9537222789256978;0.6842173069451065;0.7969778788309414;0.5843110460842164
0.15878465241676196;0.1076864661405883;0.2462061881366135;0.11372829197754764;0.8554012628540099;0.7037507522358386;0.6194132947723638;0.9342509835604663;0.9446464008308286;0.6521943963579392;0.799441049689735;0.6093222902253165
0.14289247435580357;0.10806616700234395;0.24816396580092853;0.10192702832457076;0.8572956909367556;0.718980023626287;0.6389700354796625;0.9136780969039267;0.9202717908641233;0.6799783048703558;0.785940978636729;0.6345022727120502
0.13235809068581236;0.10133060388945725;0.23254717524964857;0.09426320851928474;0.7742163571106766;0.7235775110794703;0.6556876014139777;0.8205052491176884;0.8975815518021402;0.6288632315610707;0.7832409644261284;0.656978445502675
0.15738153715806716;0.10606861029484582;0.2455641183165305;0.11424402614836823;0.8026338119531244;0.7299324951486019;0.6705436907619424;0.8857605492871405;0.8809895172731964;0.5833410987118217;0.7687461512955331;0.6775710380273233
0.16148313935407724;0.10045564103410687;0.23285421034745374;0.1179786050294657;0.7357508807351077;0.7284444582841092;0.6820815393253705;0.8079220457954112;0.8448028326634751;0.5949454452597526;0.7103879494102594;0.6944607733499099
0.10575766999610653;0.09662561495030841;0.22471990767810043;0.07471124790893849;0.6921066297520657;0.7224042176268684;0.6899031824293428;0.7521564722422638;0.8214158433959452;0.565089076975328;0.6596087347828147;0.7069739897834892
0.0900907739662126;0.10557334830125109;0.248215572951923;0.06287537533784679;0.754036605636489;0.724158467887592;0.696569603066772;0.8753738573098234;0.8178618155858881;0.5669886096460199;0.6909194258917153;0.7177957728743218
0.10988620808713517;0.10623369762604384;0.25095555581176054;0.07923211692890991;0.7583969141347378;0.724675641409302;0.7020233488622228;0.8739593016216467;0.8404578687102945;0.5518081382236745;0.6653403438965466;0.7268474203312603
0.15029005061499545;0.11239145507973713;0.26737266896263523;0.11176476759876511;0.7984377470391637;0.7290759726516933;0.7074125403536233;0.9576789272059487;0.9107817525924112;0.5960232527203162;0.6679456207664245;0.7354106122919974
0.2101807888299292;0.0977812262686959;0.23211867119272314;0.16017043466836142;0.6354424672217686;0.7181150490940327;0.7091677124908733;0.5729758990204282;0.8073098526061532;0.5155557275014989;0.604613708493202;0.7395303617932044
0.137306949216043;0.10299798593455911;0.24635414693653895;0.10254714929921505;0.6736629439129751;0.7127657378645161;0.7093243451017726;0.7077807101188749;0.7504483093037455;0.4800250745880079;0.6100137369144043;0.7413461424785652
0.0932422736833857;0.10359230032687261;0.24891872038422083;0.06781954719270605;0.6780387987720592;0.7077889170525177;0.708289014040605;0.6227958295463264;0.6358609272190959;0.4993464622624544;0.6106295296291031;0.7413132485860139
0.1700732411472732;0.10471489417902036;0.252735453508819;0.13067351556136614;0.6867457878988285;0.7036275102557152;0.7064902735594125;0.5094963279448166;0.6141400403894953;0.5080279670042033;0.6331770167211404;0.7399386396977348
0.1100919003763679;0.09992736157427262;0.24192512790612816;0.08243205796918651;0.6318824563944598;0.6949293778614487;0.7030228023578048;0.26466661211693604;0.46251911711897736;0.4790801204334668;0.6058452939225993;0.7362563499614799
0.18683961143747074;0.10251923267408447;0.24958906433490174;0.14524675312112145;0.6545896849987798;0.6892974178537722;0.6989354041867721;0.46263466661309105;0.4077165651227401;0.4198313312443972;0.6293875230922266;0.7314339940356538
0.13379793671044157;0.09644401888599052;0.2356654275460299;0.10252612175606063;0.585738559167769;0.6784724751151938;0.6931410164833038;0.18639138241809092;0.2971593285668898;0.3834221281514768;0.6229453839230733;0.7243105036115792
0.06259902002316486;0.09504077657080567;0.23361294526951765;0.04479698745009732;0.5703322806348822;0.6678311183014642;0.6860238509606577;0.16603872459997093;0.26341169690052474;0.36505342004732216;0.5932452276064606;0.7153028109654294
0.1275928859852538;0.09033578763165684;0.2232782015237284;0.09854175686386171;0.5194884374448234;0.6545369850950079;0.6772298130547965;0.04468516952857216;0.1204013776302808;0.3861716056645542;0.5778504097389987;0.7040284980249903
0.13316127010091164;0.08615907815234247;0.21435936035681422;0.10322289355341271;0.4768995379308262;0.6397828268062036;0.6667537869144305;0.09606899170895962;0.08949564853461336;0.3536062721189594;0.5481976220927478;0.6904747790517072
0.13087416774206187;0.08122296694951592;0.20364209232958386;0.10171568936275732;0.42961708879836535;0.623381800253327;0.6545481064316149;0.09501344391237365;0.06519283650051266;0.3246830597739692;0.5759556629245415;0.6745838864504036
0.1034362855890513;0.09368706045498043;0.23622116519064726;0.07931206949050704;0.566910850498628;0.6212546290417029;0.6442874875380324;0.43681677049874856;0.19936901290910974;0.41074446700716105;0.5967505092132065;0.6604512961659446
0.11308423344115853;0.09538745996632203;0.2421323800284715;0.08764646600176212;0.5834034838247198;0.6208226285254511;0.6359782462104994;0.4834468931986085;0.33191860982624366;0.4716151798470932;0.5999242101274215;0.6482901933495627
0.10061291404755898;0.0939842176511374;0.2402881106457318;0.07759375202595348;0.5677898970924763;0.6189808685706887;0.6289013389856326;0.4449657239802782;0.4516622335199461;0.43968698917320326;0.5926768035621243;0.6374685861582698
0.15431084512594978;0.09421533991481468;0.24254578624867004;0.1222687283763613;0.5703245679861392;0.6174999358213246;0.622894447031162;0.48940711286020977;0.4696571388951357;0.4052165673359166;0.6070768793519962;0.6279028742982292
0.15207761455713714;0.09168950374748208;0.2380055922387223;0.12062247297799919;0.5396962118127718;0.6138821489228687;0.6172452346419017;0.41436320149383976;0.4460186828711817;0.4130552054373089;0.5923925915399549;0.618868605363377
0.1154423486141482;0.08530062403011152;0.22380607679692968;0.0904705305154603;0.46762001185297486;0.6052174966517192;0.6107051937647029;0.22454624921420516;0.3705974664812477;0.36488545695120184;0.5914925868030877;0.608989122660234
0.08717435115101976;0.08903159771519098;0.2347688905505655;0.06730220063043815;0.5150696622719868;0.6016407939175412;0.6046390434155129;0.36961208334427864;0.32960704649613376;0.33935502661287126;0.6062242432854905;0.5997219823964641
0.09990033718843128;0.0934724469244228;0.2474509361482291;0.07822970994883313;0.5682888011190634;0.6027184808948925;0.6000374489501922;0.5147956018206412;0.36397213064147577;0.3583609576641731;0.6324664866657189;0.5921969521989933
0.0860283512538659;0.09768217386997691;0.2595292055298707;0.0668427761573025;0.6154247253702145;0.6072262365270311;0.5974074205188129;0.7483182297127168;0.5431918657492145;0.42377786468089573;0.6565297712093215;0.587056835248795
0.05264987989039538;0.09931653844883925;0.2650732684291048;0.039118162283721655;0.6333136547079816;0.6120940506281132;0.5964386136269382;0.9160926023065489;0.7301818107950359;0.40651306850623903;0.6753825020131684;0.58404858474617
0.10835086207107647;0.10009244890547064;0.2684991048355338;0.08626373162560302;0.6420887736644906;0.6164298392142166;0.5966747110693903;0.9022439970853844;0.8627555286582483;0.4356290373339863;0.6418454833972803;0.5827201112563624
0.1159100537003798;0.10192491828177075;0.274506396816168;0.09306819133289579;0.663358812505437;0.6212331097706221;0.5979837527703131;0.8339348573628947;0.8920510807297406;0.4778408009973527;0.6422244327601723;0.5829414122026881
0.13723348768417418;0.0963614752203914;0.26208993589184;0.11150279216738646;0.5791928548291537;0.6198118505886577;0.5986995363424175;0.6422774838399335;0.7983594079652401;0.42502262195714935;0.6302875278290931;0.5828620471521396
0.1492885250638503;0.09982830917555363;0.2720436651398629;0.12195183627213146;0.6225316876474482;0.6215104230628652;0.5996682848186626;0.7331852803828843;0.7405123685030699;0.37767436099602103;0.6395717872199327;0.5833269946562779
0.10095083709415564;0.10255225014032399;0.28007955736436785;0.08153667959511479;0.6551860673312921;0.6249774280148576;0.601251818786705;0.8141233331979137;0.7337334336895865;0.380182995093323;0.6546350243948651;0.5847072727227745
0.10832637489378685;0.09130980288572621;0.2533043674473061;0.08827851658130367;0.5020296769791153;0.6174478122649794;0.6007626752131839;0.3157689627561112;0.6220115912890681;0.33196137907102213;0.6407086353086069;0.5840071246793969
0.059650763877495544;0.09159045134876309;0.25536824172789474;0.047569903382513684;0.5057922763744889;0.61157182117551;0.5990010290106305;0.3282095270696334;0.48344051468283494;0.31580015941866885;0.6308085832030693;0.5819533938679294
0.08358942839582051;0.10042262356786735;0.2786418315487692;0.0687021282456183;0.6146784817256088;0.6146156784290472;0.5983015655757411;0.7197214039952881;0.45113888463143104;0.40907104887364065;0.6434086495192081;0.5810551339699814
0.09394015823613963;0.10349324792815384;0.287480242421846;0.07815749734209163;0.6478946994879866;0.6195216314729076;0.5988861050084852;0.8558358135432645;0.6359342565534297;0.4445186072096313;0.6401402112642698;0.5816237732525359
0.14313244869324177;0.11757519727936083;0.32373454050145706;0.12119308312804206;0.7725895128639417;0.6355617147876016;0.6030944210771032;0.9730069713907894;0.8565654309423255;0.6096313135973738;0.6758561887167829;0.586326850568325
0.23583845319398494;0.11608941129857664;0.3211238500252265;0.20218674242714726;0.751379545326328;0.6463845198091962;0.6089850445647682;0.607667395121192;0.8182237659890725;0.7493448552782066;0.6693666808772679;0.5931956642508829
0.08578347948096979;0.12455839138904468;0.3431219471487864;0.07236449254549404;0.8138455784418583;0.6617937866589145;0.617291116086148;0.7908065671262887;0.7959726247462482;0.686718766845935;0.6884088863625593;0.6030852771833177
0.07682362131070064;0.12447584772344555;0.34394519100959475;0.06514800232857254;0.8125923753888004;0.6730635204969788;0.6265641715558914;0.7889151255994034;0.7329816800858919;0.7005196774789918;0.7041352849225521;0.6144585098439053
0.06767031443984356;0.11925908805758212;0.3319721947258589;0.05762532631627637;0.734110993183765;0.6764242962066004;0.6347663775514778;0.6693760211001414;0.7540966003442909;0.6614768235405325;0.6792193643124431;0.6250232304795561
0.08314131305142061;0.11641958596097313;0.32590176633709483;0.07198181101326151;0.6935984870731717;0.6756511693024201;0.6411478425460321;0.6043104325752282;0.6902829770934893;0.6046614874490005;0.6632561224006441;0.6338034885362944
0.06509671210670531;0.11031135470663944;0.311578723140262;0.05674618009760789;0.6122034136832873;0.6687593386349555;0.6446457807260427;0.4643437595855852;0.5792239735454392;0.5617570463451312;0.6779877788830463;0.6394582343860417
0.056318059048379304;0.11140093109254767;0.3151927334935352;0.04957909346485609;0.6237657026613569;0.6635131707062843;0.6462206800704657;0.48931078774049513;0.5176108200619061;0.5392954188560602;0.6803088437307563;0.6428617175863929
0.07822183913393752;0.10989863637864428;0.31232057593580503;0.07018473866070041;0.6033011331689647;0.6573255888448222;0.6460376025710949;0.4548865519511533;0.46648225782241987;0.5197363403032942;0.6506560560845054;0.644097018524268
0.0;0.11744312741440188;0.33197988089728414;0.0;0.6839707632951505;0.6584659384047844;0.646157079835467;0.6277643075086267;0.5224000777906688;0.5972425792585491;0.663492965752451;0.6453794249320068
0.13502474429265116;0.12947799385875092;0.3628062321673959;0.12346396194183976;0.7849588806144105;0.669302866877688;0.6487799259892926;0.9035364821287573;0.6641362186824104;0.7279202655812819;0.6576192506276342;0.649211617659459
0.1345350007468589;0.12237923861722821;0.3459036549392168;0.12361762939202955;0.6897579470997122;0.6707042146070006;0.6512050091800468;0.7311628156714253;0.7586700246973421;0.6648817170194721;0.6415139027047508;0.6527780510237148
0.07570700602629432;0.1219830290223527;0.3458240481637472;0.07033601398631678;0.6846279983929743;0.6706203410473577;0.6531255157016801;0.6867782803925988;0.7788629120256303;0.6288055638638296;0.6160769267206672;0.6557307850242972
0.11232513094518054;0.11128536996070926;0.3201836665563149;0.10473516875597438;0.5579572642936075;0.6602700011060078;0.6522481331810543;0.2784503657347417;0.5649763881740952;0.536887420898658;0.5856188716782722;0.6555069079581377
0.17862416345680582;0.10017499257106999;0.2936405715656679;0.16630680936573744;0.45389941597636696;0.6416293508968253;0.6471990682154781;0.1776207329342863;0.37557017873021686;0.44913338449160367;0.5687082563592442;0.6504374824103187
0.1437250383836504;0.11212731534981968;0.32459003883163495;0.13441802022073532;0.5683381712750769;0.637087268007213;0.6421005636923045;0.5006983021386694;0.3118989522171411;0.3875088126323484;0.6111505850030785;0.6448861217977909
0.13115821899862137;0.1056228745006107;0.30957345591678787;0.12371809826296096;0.5113722837140133;0.627331880589708;0.63574672034941;0.3311078978650847;0.329916848002336;0.363999551603745;0.610013736914405;0.6375947543272217
0.2806524363517044;0.10932083071945042;0.31995321866663584;0.2631803598226877;0.545101097373087;0.6226194187053742;0.6295646592865958;0.427524777452101;0.4154268377085581;0.30511853772657;0.6174979868315099;0.6301365260825258
0.12274197616418162;0.11721200515072461;0.34064521566024486;0.11658151636215502;0.6123365876974582;0.6256173784125232;0.6253181602633969;0.6332715115708175;0.460789584020796;0.3530434301515937;0.644450760267159;0.6245403379565648
0.08543821028118626;0.1194571928550201;0.3470561688937345;0.08246722077397406;0.6305201333768585;0.6296325262062465;0.6228573278275131;0.6918103313200746;0.5842116015846084;0.37423579885008307;0.6292454170811423;0.6208079822982965
0.06133793039274982;0.12987420345362688;0.3738722602230189;0.06062434428264951;0.7081927388976709;0.6416206139058341;0.6236843863916717;0.9634132376567098;0.767577248203876;0.49311634337830235;0.6246032873857229;0.6207279138688219
0.12366024531254208;0.12937894146003215;0.37347669690077057;0.12059668766532522;0.7027017811127818;0.6500750953676087;0.6263176905797282;0.8537609313843735;0.8430223977810531;0.5244903693016993;0.6435507555302916;0.6228552177906382
0.08843788949916376;0.13182223396176562;0.38042087827684756;0.08819377463557854;0.720751025427693;0.6582616482295003;0.6303335080274439;0.9110185561333531;0.9180291592101043;0.48858286806927265;0.651698166832457;0.6267920377528776
0.07524419837552065;0.13406742166606112;0.386866693787872;0.07635425551643316;0.7375219858217041;0.6659699186394219;0.6353437965272419;0.9253128036015087;0.9049922844762477;0.5025209242259571;0.6888352043958121;0.6321407507129696
0.07050348085225172;0.12556542410935378;0.36658796576140007;0.07250235229243837;0.6359306335635999;0.6637179216271325;0.6388268423761584;0.7339500864610887;0.8639964529127712;0.45369533366026615;0.696319454312917;0.6361194885003676
0.03178925355737468;0.12705121009013753;0.3711133364407424;0.03556928303062991;0.6488744399939599;0.6625145487174255;0.6413326422076062;0.7673921146992215;0.8148516079292862;0.43522108764276335;0.6662877173037756;0.6391892916640547
0.10484184956547504;0.11907749199326423;0.35218174720950784;0.10708189666020304;0.5613121394969911;0.6537867332950476;0.6413018809202565;0.5879198964879138;0.6994054411019253;0.39382709710478947;0.6620719056416082;0.6395423649999648
0.09704758103419145;0.12062931290652745;0.35700276098257716;0.09984795941103275;0.576649076532369;0.6476812470291097;0.6398534203100088;0.6228482370921824;0.6613895777964389;0.36967331636667905;0.6559139784946229;0.6382506321008186
0.1268484757956496;0.1076864661405883;0.32566404403517357;0.12936498715368355;0.4532355203687013;0.6308903747628161;0.6347788768989355;0.3310365836050377;0.5120812420945857;0.30352469382587133;0.5961347164985078;0.6328135966081013
0.10074269608719394;0.0982764882622904;0.303315402593424;0.10445316861818499;0.38140014755427;0.60904124248038;0.6256238377788537;0.11908041498628555;0.3516578311232725;0.26476169219229767;0.562692435223343;0.6225512101716102
0.18004931717506129;0.09002212170238022;0.2838886043175408;0.1830799150716154;0.3269784140866111;0.5844993371191444;0.6125764243946512;0.02804861330065201;0.14813447556568424;0.23969238146154875;0.5091184690445737;0.607499209802574
0.10989845167577997;0.09482616304024827;0.2970946821026954;0.11454256460286819;0.3807729912976723;0.5696676066392349;0.5986796073736427;0.15427274588680653;0.0876509648930878;0.21875945038098943;0.5243238122305911;0.5908789863819333
0.0987371962671747;0.09048436622973544;0.28753528089937;0.10406003299604957;0.35113678873289644;0.554530056498869;0.5840319476845522;0.06799413152226999;0.07017070529358496;0.22223252050668246;0.5048552887120454;0.5728700186945441
0.17059726674127093;0.09269653646779119;0.29419713272865067;0.17574547836802862;0.3769217892714054;0.5451174046312893;0.570118709068503;0.1214130779272568;0.10211734475094994;0.20380562976466438;0.5047605513713229;0.5551724639711451
0.16899090791107235;0.0935549905900217;0.2975463819269554;0.17468247343288454;0.3872751586167834;0.5391010075888037;0.5575850429636441;0.13829025559544156;0.09664859540385007;0.2338482289892394;0.5316185874662493;0.5386376781302713
0.1534317554612527;0.09322481592762544;0.2977823199390821;0.16008746014032635;0.384552599311615;0.534763619890235;0.5465465941971105;0.13179903341537083;0.1184808010994911;0.21425994016530991;0.5264080337264928;0.5235479813548649
0.11784943814171708;0.1058374880311681;0.33026215883692817;0.12480041206663717;0.5301118440603033;0.5432292159992902;0.5396900845513553;0.3797637206941199;0.20688097423880789;0.34375157924917493;0.5854767656671872;0.51299596264225
0.1380268722283576;0.10311354706639797;0.3244833932031188;0.1462338379928586;0.5038866099268894;0.5480756107279765;0.5353350975072673;0.3296731228712331;0.272366697138077;0.3637240663540427;0.5732082800435794;0.5054016170172746
0.09719695281565807;0.10291544226895999;0.3250436601987539;0.10594087255215975;0.5019136773250531;0.5522633978651157;0.5328277356250926;0.385705839487929;0.3592463169357328;0.3375856047155684;0.6097768935625975;0.5001677529698977
0.12150537371105619;0.09233334433915519;0.2998202533911106;0.13151921335657504;0.40476605016763956;0.5467107235272094;0.5295269150054457;0.13743184397201408;0.27632730566491037;0.2990499420004069;0.6064137179669364;0.49444615662161484
0.10758931085736953;0.08629114801730098;0.28592434172059283;0.11812947181471073;0.35759287313248167;0.5376019975897628;0.5247620257694914;0.03755293412247656;0.1763721633578592;0.2665386225673708;0.6127611197953672;0.487389146886652
0.09331573521525452;0.08738072440320899;0.2898672104083941;0.10432059183142689;0.3716100713612773;0.532113616455783;0.5196701769914857;0.10588707312208731;0.08062621463694827;0.24644263235760538;0.6021031689640466;0.4801181493186563
0.09394015823613963;0.08520157163139275;0.2857120112349855;0.10558737256901762;0.3538598755513812;0.5266355317199671;0.5143191617878935;0.06650183101518185;0.05635600048533793;0.2950621646819178;0.608308464781393;0.4726654970239841
0.14991294808473543;0.07419024664047269;0.2595005196400886;0.1638256782981821;0.27419437216121806;0.5134226118275357;0.5069569837762303;0.0700539918567314;0.06747692939090971;0.2545990604840145;0.5703661598218939;0.46306701806364525
0.07638774955494554;0.07161488427378071;0.2543318438631125;0.08854199833402598;0.25771353848221723;0.5017553952725975;0.4983463467474291;0.004635024613738301;0.032831385168572695;0.23835469948608246;0.560513476386718;0.4520316484697699
0.03280302269716462;0.07407468550863383;0.2616792747328647;0.04394520121559374;0.2939114849259231;0.49588192741123155;0.490088094219011;0.0702296205149122;0.034106927716769354;0.22476380431851622;0.5685187816777982;0.44126177898754193
0.11253816938760017;0.0662495460098389;0.2434520682114764;0.12791055354509526;0.2418556370075124;0.485525457563465;0.4810662749117758;0.03194417111597247;0.02106684112859105;0.19925567534366034;0.5098763677703567;0.4295680069393427
0.12723537319682549;0.09551952983128054;0.3174257035454659;0.1445873522545218;0.5561593117243556;0.5045570745660216;0.478287155212843;0.6956576222417955;0.25751493593215397;0.4954217908279358;0.6016768509307938;0.42465959701104117
0.20244528952414065;0.10492950770957821;0.3416481237781039;0.22515803697298328;0.6245852335197286;0.5288456099508134;0.48172815349779197;0.8317328749129728;0.51807948810046;0.6297729685954986;0.6292454170811423;0.426912270760469
0.16921863865986575;0.10727374781259269;0.3481610560360328;0.1910678790785962;0.6407758364185235;0.5507317567967039;0.4895849886295329;0.8803966870562665;0.8083955814004264;0.5577358119307267;0.6663350859741365;0.43466073809154027
0.27214803967902207;0.09284511506586957;0.31303195855177124;0.3003800371052182;0.5236020999793352;0.5556634424648529;0.4970205679835001;0.580874350343311;0.7691200409928112;0.4839923212326599;0.6422718014305339;0.4427122945965376
0.3193740097997683;0.0885198269884766;0.30320601190368346;0.35391713831562044;0.49256960244944425;0.5561842312924776;0.5030904838724205;0.4910861899099072;0.6525605247822026;0.4229083791117788;0.626734877551987;0.4498559963409434
0.34649600736574293;0.09221778320731655;0.3132650142496133;0.38553836315204804;0.5228451120380483;0.5603337040651258;0.5089141090993832;0.5678516400514444;0.5456165823434965;0.39356439924355946;0.643598124200654;0.4571352126978073
0.43932199903520525;0.0988708026546039;0.33055052751841474;0.48548740945688307;0.5752863300729952;0.5698903784811579;0.5158017074349796;0.7059609097257228;0.5884176119379346;0.43921462486768614;0.6942826014873755;0.46590568663890447
0.566341885071882;0.07688117013900331;0.27629933355403663;0.6225452928658799;0.42392776008205113;0.5582619427639942;0.5185999355068119;0.2710944086832171;0.5131427399988102;0.3396106026683383;0.6385770451423427;0.47045212691690597
0.48473102060106227;0.100075940172351;0.3344312205695117;0.5374190575926041;0.5806338308211975;0.5700991992979281;0.5235990673601699;0.7387256213773185;0.5716109109018829;0.2837480935249616;0.69807209511629;0.4774378016598486
0.46221506108326377;0.08424406511044324;0.295494174156566;0.5143235065916218;0.48925005189437853;0.5656970119298123;0.5265717451234334;0.4195381957733011;0.4736052809051511;0.2770188884521125;0.6750982899909999;0.4822935437990012
0.348574968717631;0.08574635982434686;0.2999259382482006;0.3913150142152998;0.4987021365560864;0.5639406537531242;0.5285402895957738;0.4498260536773298;0.5347621187350934;0.2464639295469211;0.5954241864430864;0.48599937294336537
0.3127575744961151;0.07835044738666741;0.28218145074289575;0.35292114460800916;0.4576526332453391;0.5564135660907548;0.5283597439973057;0.30071659938056533;0.3848880059153435;0.22090312936013762;0.5472028800151578;0.48721895428068523
0.4957575965345747;0.07164790174002023;0.2662773895346181;0.5516962005351804;0.42208402804477363;0.5450637853140876;0.5255684416356539;0.16558615642411859;0.2979929085889987;0.2032769030534814;0.521244848657098;0.48531812380982364
0.7089968338079764;0.041255324066431065;0.19152292153571834;0.780935677089071;0.292953959743133;0.5099125663929893;0.515137835058997;0.17183711069637633;0.20287307289922304;0.1460905896281936;0.4754393444176021;0.4745844837164634
0.694120873604537;0.07622082081421055;0.27946027155243525;0.7613198098026496;0.4975346955207133;0.5142735261049903;0.5078103628753187;0.5752522439864112;0.2968112890234661;0.21381188081140673;0.5881767798777884;0.46654897053886357
0.5444503485749688;0.05261333245286748;0.2214449123858815;0.597733343450251;0.4076786739483548;0.49777842255700644;0.4981015859985247;0.30553162185121413;0.34469660969201715;0.1818964898816276;0.5098289990999951;0.4554300654346338
0.7060730648395968;0.040644500940997474;0.19255794686988845;0.7685957292414008;0.36794254152409167;0.47541660580668177;0.4851195977060773;0.176033986049511;0.3461326599525773;0.14838139623606628;0.45639713893231004;0.440166290903727
0.8138974525989466;0.08804107372800196;0.31137627487505815;0.8784649283790908;0.5693511970302513;0.5011766890072717;0.48074147864407196;0.7637986578050645;0.41064782990865545;0.33262959999214176;0.6554876604613706;0.4338613800412938
0.8194413495373147;0.06321193911579215;0.25027546689373703;0.8802483887310714;0.4852824063174356;0.500516916404283;0.4770851187844218;0.45649172124694437;0.4623020421095267;0.2741965367720198;0.5176921983799911;0.4283764959950407
0.8712145884807421;0.06288176445339566;0.2503266622855491;0.9283075165205367;0.48421447688952435;0.5008160189780776;0.47422978417331874;0.4524051928352681;0.5568683349158106;0.2324377159918335;0.5621713798493676;0.4238454013179808
0.7782735070780187;0.05645986726978536;0.23522470796666092;0.8240306746784082;0.4626031117702093;0.4964794788549162;0.47093419826361904;0.38005172668028614;0.4255611518184401;0.20694315261274415;0.5394344180758844;0.41892677454477334
0.8625926533570696;0.06334400898075043;0.2531974473126677;0.9049742443319673;0.49175691730991267;0.500319502784978;0.4691932559367576;0.46686113902894993;0.42910926889477496;0.2632888072009558;0.580408317938515;0.4158030550509989
0.9624929905455009;0.06520949582329028;0.2587063734282471;1.0000000000000002;0.4998735101310924;0.5060867272616383;0.4691454681152776;0.4903850325430961;0.4421048797050227;0.23860452454831604;0.6049926578560938;0.41471631892146826
0.820364516121133;0.07881269191402218;0.29327259610871054;0.8488778186994128;0.5581921803907643;0.523671208669359;0.47320808921566965;0.7616686448285603;0.5726832335109489;0.26970762478945054;0.7312301643692855;0.4184460649043572
0.7307365498056941;0.08959289464126496;0.3208415204784313;0.7535714870376196;0.6014253946650772;0.5478190438952837;0.48208966766047656;0.8721815070301855;0.7113722273700983;0.3023423657726872;0.6618350622898014;0.4279990648739032
0.7358592672946811;0.10648132862284121;0.3635014189221463;0.7543886419209016;0.6636077001409193;0.5822319978944435;0.4972203254139643;0.9709973949123698;0.8758239801945711;0.3346162780761028;0.7780304106863712;0.4451933788266011
0.65774027430536;0.10527619110509434;0.3610573536621585;0.6722108893620727;0.6576165413708353;0.6083052680778268;0.5154053610698811;0.9563960833854963;0.9424541193691918;0.3118822144722576;0.8089147837620196;0.4667205839037449
0.5332646059890738;0.09441344471225266;0.33463723741430484;0.5450934870386307;0.603577350042159;0.6190126660786092;0.532450446323756;0.8179016918446959;0.923881124895563;0.2711591118723459;0.6417507460565577;0.4879030629241935
0.4072340019148972;0.07460296496846808;0.2859866546103573;0.4175834880155389;0.5153755894343522;0.6096517974323922;0.5439034799518885;0.56845195464565;0.7861416316436236;0.2459855229344351;0.6561508218464304;0.5035090247408973
0.40959701452334485;0.06847822498101475;0.271632043209459;0.4192287104296244;0.49023356933528117;0.5967692192665507;0.5500615795196528;0.4913304108949462;0.627009509776147;0.2216848567055964;0.639524418549571;0.5133940435641391
0.3252019579946961;0.04851916663915179;0.22297487225857565;0.3338902879172261;0.4146956708093804;0.5690483575099604;0.5485233172840195;0.13909306928005555;0.39474068659645883;0.19296192789946154;0.6006821088532045;0.5144964022919086
0.333162739331549;0.042543005249777055;0.20920509615125926;0.3412961084031295;0.393819696055973;0.5423751912458455;0.5410722971490912;0.15761883059735568;0.2541653858800255;0.17402094296723053;0.5637819146416563;0.5083647555564473
0.27289000115089734;0.0437481427675237;0.21327519842674944;0.2806639986950119;0.4004235073729666;0.5231732269152992;0.5306334188414595;0.17292341630327587;0.14521565326382554;0.16512836364130234;0.561887167827199;0.49801615255144166
0.29307478139072474;0.05513916862019985;0.2425964326282359;0.30068418751648296;0.4624006673517217;0.519045255651261;0.5213196380151076;0.31758319900308235;0.20628985150150256;0.2518284049245232;0.5555397659987684;0.4880243286064342
0.29352289673512466;0.06479677749529489;0.2674827459176816;0.3007069290354133;0.5117672719173857;0.5252425480378419;0.5153138749063881;0.4402295365094422;0.3029911217832166;0.30632817867166234;0.5523186964141917;0.48105996089722175
0.26306084818684694;0.05903522963647756;0.25398116229186196;0.27007522739792067;0.4855555931068042;0.5258323079043228;0.5106468014609111;0.367061037723597;0.36941944246635255;0.2901969014659706;0.4873288806783195;0.47523717316239494
0.26799501441070384;0.06641463334103714;0.2732882758984171;0.27487408391660995;0.524433785973645;0.533635145485437;0.5087328311187358;0.4607754186899942;0.4184157092337201;0.3075902412264164;0.5119605892662592;0.47229009590746235
0.18329631688366388;0.06583682768184351;0.27273377353135175;0.19025405154738725;0.5214951685514789;0.539968241446756;0.50867858695169;0.4534376036255121;0.42293513061929006;0.29979033035017955;0.5414712709014259;0.47142630240224787
0.18450353472404174;0.04941063822762226;0.23275881946995014;0.19179638313257266;0.441993202845517;0.5310718318030229;0.5065604728521627;0.24483400393520965;0.38111254859092275;0.26909165788178074;0.5511818483255175;0.4683619258072091
0.1709841641424468;0.05256380625350787;0.24158048546956792;0.1785544011619707;0.4609022797591822;0.5276478885264172;0.5040674887362397;0.28861825605658803;0.3222053098824049;0.2554832555738176;0.5778030410686371;0.4648509294506651
0.17287947166466278;0.04399577376432107;0.22129118895738797;0.18044503977525608;0.4206199572833984;0.5181920334948918;0.4998679152316382;0.1824152978999139;0.2294692574608907;0.2352360071965633;0.6104874236180188;0.4593832577910127
0.1982237001594115;0.03963746822068859;0.21158355444801497;0.20602311927564884;0.40061520253877647;0.5078383783987707;0.4940936955675974;0.15553792853331236;0.19891470399956024;0.21586563504149042;0.6151295533134382;0.45201327014365045
0.2200711597372036;0.03899362762901548;0.21118016770128006;0.2280108172776231;0.3975539801519543;0.500181924675472;0.48768876938893324;0.1633912617934962;0.15606562162060422;0.2001908100828531;0.609824262232959;0.44373211789869826
0.13210832147745832;0.03872948789909825;0.21169651371734474;0.14009641059377323;0.39621166954415266;0.4950614722072128;0.4813706951662656;0.19927632715277074;0.16183498177894023;0.19020460457745691;0.5763819809577944;0.4353470370499408
0.19733236690606965;0.040644500940997474;0.21762282639189656;0.20578960248364556;0.4117238460120307;0.4939120692019023;0.47604818518342845;0.27791732032401395;0.20370969634175567;0.1718732631141086;0.5541660745582866;0.4279251913518326
0.14133508988018423;0.034007990226829765;0.20237607009349085;0.14980003457627217;0.37480443342665315;0.4883296752903482;0.4704883152246657;0.1344288194689741;0.1937995800416556;0.16618870766800475;0.5516555350291313;0.42017235520668195
0.19712422589910794;0.023475418496384348;0.17747301193058437;0.20614791546419617;0.3212789825962399;0.47589465833980776;0.4631404670235957;0.093905020015261;0.1577445437734558;0.14418402491832427;0.5002605276869877;0.410342982357049
0.15123280694064553;0.030739261069105295;0.1969322019288997;0.16014560595761781;0.38445234925207317;0.47395986290414166;0.45681097763058515;0.24473049883644316;0.14638896619863137;0.1289275627947266;0.5227606461086634;0.40150347712087964
0.14374462812548208;0.026380955525472816;0.18750209310918248;0.15289124436273824;0.3610600543947209;0.4700028461875825;0.45082457599753833;0.17052867765012314;0.1587413013015796;0.1343514266483989;0.5573871441428639;0.3929873015760084
0.1521314863471743;0.017680853171327504;0.16738751974385294;0.16160092215418723;0.31675745472013106;0.46066954936275606;0.44385885010053594;0.017203042126311803;0.13249608645367275;0.12251438011863891;0.5233764388233622;0.38333848813945437
0.13340614187380778;0.023227787499587205;0.18269892223406156;0.14275018468228082;0.36727311871771584;0.4598210841659906;0.43808840004727745;0.15087169018609595;0.10038029666317444;0.1114411487059572;0.5638766519823789;0.37495953613599053
0.19767763610585315;0.04634001386733555;0.2416009361756787;0.20760331388394201;0.5408281433252075;0.4811530726820949;0.4384468420495949;0.5871969123418918;0.2429522047255228;0.34244824275860075;0.642698119463786;0.3735193784162381
0.12792591159639255;0.04655462739789318;0.24337177517070097;0.1370166641892938;0.542228425508283;0.4993843084019347;0.44298527564237355;0.7708192217842266;0.5008180263424952;0.31919110358312697;0.6451612903225803;0.3772032962845366
0.12252404028630406;0.029963350612473905;0.2031617066155417;0.13161113713589226;0.4424295216962729;0.5001264040637536;0.4467890855675708;0.39126606048633017;0.5830740785383267;0.28656896403765475;0.5983136753351336;0.38064720762789067
0.14294879486356968;0.015022947139036402;0.167190973360279;0.1523464413102211;0.36875610698619055;0.4886166653569571;0.44714796406839624;0.01659903640488318;0.38783186630479244;0.25497940570951316;0.5499502628961207;0.3806325015234774
0.12448301446947305;0.0;0.13116218206014624;0.13365799348997176;0.30630484045793743;0.4675661292190987;0.4425259019242924;0.032605528606680326;0.1352363333817376;0.22521547092416466;0.5258869783525181;0.37512101189613317
0.15183274278424103;0.009211873080859467;0.15558801132941677;0.1613476371630558;0.3733823592979292;0.4606977446709757;0.43722648622879934;0.1999872697035691;0.06978622247052124;0.20834692243104902;0.5825399081047791;0.3686504370249451
0.11285405397463616;0.01723511737709238;0.17701486121244878;0.12193073091483861;0.42835481141264775;0.46396856764426075;0.4337497375452632;0.3457713667879593;0.18241954393972803;0.29240751708720436;0.5847188669414048;0.364045909156739
0.13717716717640807;0.02958364975071781;0.20917901806963896;0.14660294186011882;0.5060346843829986;0.478968363349064;0.43446641915896744;0.5701468906956167;0.3663507661317598;0.38128376188179025;0.6326559613471642;0.36415054047203765
0.12837157822306347;0.02781721530689696;0.20615176455280426;0.1376713427126592;0.4963901402091262;0.4905126479918797;0.4377319902968045;0.5380503919548152;0.48202626133846765;0.4062603803580733;0.652550802898962;0.3673698603533802
0.1580745242753632;0.020520355267936496;0.18940126371638427;0.16754630392765646;0.45656027280526346;0.4943306146899724;0.4412348296729556;0.40546485510029073;0.5024516593385872;0.3794222226565125;0.6156979773577753;0.37119658556216373
0.160234293312307;0.021510879255125737;0.19332958357970234;0.16948041481551668;0.46348441409345853;0.4993755689527389;0.4452136276268142;0.42346289177737656;0.4522606059614096;0.35753220240322553;0.5522239590734691;0.3758569679822213
0.14400174348702302;0.021907088850001477;0.19575649220704514;0.15302984265434572;0.4664310577623766;0.5047991274051227;0.44966148617576024;0.43066210644821074;0.41551541759938615;0.3798687537426393;0.5527450144474445;0.3813193761043504
0.12839851411808206;0.04267507511473556;0.24877885951490414;0.13736405761004694;0.6039097227713321;0.5284608290851885;0.4587378840815678;0.8080209421110928;0.5532585538615;0.5066736922066951;0.6599403154753442;0.39230864911125984
0.15750887047997314;0.05096245914088526;0.27035545248765624;0.16699588690797507;0.6495741569876409;0.5551124368468764;0.47221438512561054;0.8505748166612279;0.6994039928866749;0.6167849526224202;0.726588034673866;0.40881025000130444
0.12958614221662826;0.05802819691616823;0.28884796917625555;0.13894427528323594;0.6863364365326284;0.5827232257918683;0.4894346579302404;0.9635479827335373;0.881742241487934;0.5813407570760328;0.7899673156174496;0.43026038297723024
0.12038875842664987;0.05395053983557263;0.27961207343807326;0.1298135572466734;0.6555542563695717;0.6009230102693677;0.5074552214663437;0.827917795092552;0.8885503733727684;0.5962514432814628;0.7518355359765045;0.45340107153151366
0.11391190003354743;0.04584475187374082;0.26034572399068184;0.12353419167521043;0.5964594403276251;0.6079822814351906;0.5235179546661782;0.7073866073471083;0.8395554788398393;0.5443994356062358;0.7055563450333941;0.47497514613131586
0.04810261106771438;0.046505101198533794;0.26292978737304773;0.05699733903798536;0.6006098663996101;0.6139797555116354;0.5377668034406516;0.7172058487113009;0.7552642726487021;0.5203939877034232;0.6720193264175075;0.4948863556120845
0.13005384730285985;0.058672037507841335;0.29412987872868485;0.1405154505567306;0.6735759234379534;0.6292458036894452;0.5527260553731093;0.8981004930372004;0.7792787770573091;0.6115759624613902;0.7119984842025482;0.5158159112560695
0.21962794182826162;0.06657972067223539;0.31471358305704267;0.231550095597343;0.7158901210098112;0.6478355172641339;0.5690287370096353;0.9157120576218011;0.8505617654655387;0.6484429103528703;0.7556250296054182;0.5384722932724827
0.2145248140811064;0.07691418760524282;0.34124638406810337;0.22609188115701748;0.7662370875989004;0.670962035800685;0.5874641841022673;0.9556223991154863;0.9321410644728485;0.6823129170906735;0.7824356970299837;0.5637824567529847
0.247457618817906;0.08447518737412074;0.36086931696837576;0.2591696664980283;0.7999218805124955;0.6949284614346651;0.60780171707353;0.9492087769680458;0.9496288520005041;0.7100411765503217;0.8029936999668412;0.5915463130376188
0.18301961178029125;0.0864232178822597;0.3664820063981885;0.19356349409130072;0.808488755251015;0.714319415357876;0.628593879638519;0.9591228931671331;0.964482793671525;0.6888701666914266;0.7489934157548197;0.6201411871919216
0.20733537882887626;0.11273813847525327;0.4326532169646975;0.21791470952916422;0.9053413992062233;0.7514385768698415;0.6538841154098992;0.9599717574561483;0.9659710192328851;0.8549300069386688;0.8007200037894935;0.6541296198889006
0.23311058164392212;0.12850397860468155;0.4724155660343702;0.24361383366016418;0.9489352772318088;0.7927017209909847;0.6837392219091736;0.9592178753075497;0.9693958453401653;0.9282546881221243;0.8256832930699634;0.693768779203799
0.2563513616094932;0.15159969623931024;0.5302195554867458;0.2666324878157096;0.9999999999999999;0.8432190346773791;0.7194043764281003;0.9708571352795314;0.9734109661205333;0.9927047413413757;0.9036521244848655;0.7406202123882516
0.2536528746721779;0.15135206524251288;0.529798737601245;0.26349343875129483;0.9978487431871487;0.8797816547960431;0.7564632155529937;0.9038461850090344;0.9542064065005852;1.0;0.9261996115769028;0.7898062224048026
0.18026725305293884;0.13046851784594038;0.4781520577253434;0.18927032811883934;0.8304428023360116;0.8867576890120943;0.7877371576557534;0.7327708320363595;0.8767227292096258;0.8681993896083222;0.8643834967552456;0.8330007889790547
0.23027496651378504;0.1257800376399114;0.46705953982891707;0.2394000532941943;0.7968499317158116;0.8847860547535008;0.8122965093774411;0.6943634010132462;0.7821145110170643;0.7902499429048002;0.8160200843162334;0.868626759220212
0.2376994786679955;0.12069534783900648;0.4550335638635752;0.24636059197169016;0.7603267463968278;0.875476462027826;0.8297729141627457;0.6527102715938113;0.696183011139048;0.7455850260996356;0.7787409407417933;0.8958033339111884
0.3271805219196967;0.10194142701489062;0.40903114162155196;0.3354649977538776;0.6386470724326795;0.8484438233216869;0.8374497955987026;0.493011689446307;0.6141443156293138;0.6775548994982604;0.6952773435649661;0.9110650243842784
0.3182965739990254;0.10430217585102497;0.4157045227079703;0.3254924403861025;0.6495332132164419;0.8264935176087832;0.8384723018475377;0.4975370454415781;0.5467959873086542;0.6011486860624441;0.680356212401118;0.9175485056042494
0.29138761487547044;0.115148413510747;0.4433337011715364;0.2977983212270675;0.6983279895917787;0.8162741956480382;0.8369070736215516;0.5658076019668531;0.5170603885928251;0.5440082052249614;0.7058879257259243;0.9197017575656947
0.26270088668068964;0.10433519331726471;0.4170375244379076;0.2682803809394786;0.6299061050236728;0.796220978523863;0.8309783094140033;0.3992714397260481;0.48498516626457416;0.5475863864072145;0.5993557860830844;0.9156217539358485
0.21454930125839605;0.09490870670584717;0.39430965278818686;0.2197607769370051;0.5746701275720285;0.769917179200647;0.8201010272291132;0.254858244426212;0.40194744746021527;0.5045445484976928;0.5270711951115532;0.9046529516310426
0.2091890581496999;0.08764486413312622;0.3769793950214466;0.2141110651767155;0.5342192612088557;0.7409271702440683;0.8046384836170092;0.0822666781071083;0.2364936249678129;0.4684767958711574;0.4399602103168966;0.887191412303955
0.1800909453764536;0.08094231848647904;0.36103978527033176;0.18515089097027945;0.4980793178485676;0.7106589912550879;0.7852096506871511;0.01022357845912295;0.10337261575665146;0.4378954723239561;0.42143906020558;0.8639539297602066
0.1570387166760126;0.09632845775415166;0.39995926329144893;0.16223497638793774;0.583773008767692;0.6992549543409011;0.7670070654653944;0.20550941057774333;0.08648686153631185;0.43280447304819814;0.5255080289896262;0.8408378191003179
0.2407995553128604;0.09776471753557625;0.4040859138281362;0.2450249095334409;0.5913506946307643;0.6904324311607271;0.7503875094769027;0.22260156717510704;0.13450543179507757;0.48932087397520185;0.5430818056937139;0.8185779261662973
0.20139723833614526;0.09717040314326253;0.4032201215183695;0.20547305426072118;0.5875686866558746;0.6819385065168955;0.7351110088622057;0.21552895065205996;0.20475503618512855;0.46155013649165255;0.5559660840320212;0.7972006223292245
0.22381769786251426;0.09405025258361643;0.39609407983626194;0.2272992833039136;0.5668609160421876;0.6715666491157646;0.7204710025769867;0.19029477594170977;0.19954902499942948;0.44274095298565896;0.6008242148642882;0.7761438959980012
0.14803478158662214;0.0939346914517778;0.3964244479544636;0.15219386890534495;0.5660579827668747;0.6624969459751537;0.7066438652583218;0.27834453793156383;0.2186226693046903;0.4206627975337386;0.5937189143100751;0.7557543270475418
0.1579790242839337;0.10549080463565197;0.4257489762294159;0.16191787986861658;0.6390305672944769;0.6648655153222703;0.696134526019129;0.5315404135737779;0.32675271975514625;0.5328110204324884;0.595755767135616;0.738965189713697
0.17823971477335893;0.11047644203783769;0.43862852898208204;0.18174751710353862;0.6680432837841739;0.6703621196453706;0.6890089097350027;0.6862096485403614;0.49644055227059897;0.5059523342484825;0.6410875846714981;0.7260954620349817
0.15659060133161268;0.10496252517581772;0.4253211584377956;0.16048543925278333;0.6239830083639814;0.6689679641312137;0.6829832877260538;0.5665681218422794;0.59506238826709;0.45378081488392574;0.652313959547155;0.7147959691634777
0.14260352566378615;0.10350975666127371;0.4220495944721045;0.14682435794487417;0.6122989552539913;0.6657799460342786;0.6774193170509283;0.5350458034308113;0.5962618320422781;0.4261675137214602;0.6689877315143761;0.7043874954170231
0.13250991118500796;0.10398850992174835;0.42356967212439767;0.1370473469634442;0.6156708559097812;0.6629297708528058;0.6723034552982665;0.5454338401800446;0.5480923918597377;0.41174995509119816;0.6895931031215952;0.694842613558959
0.11623083572287371;0.11381120612804141;0.44829183075270096;0.12121328692937047;0.6822823664117021;0.6686343699784789;0.6695411271690418;0.8029193501091455;0.6289649969236063;0.5359335955147578;0.6736298612097954;0.6882713963082661
0.12392960426272781;0.11012975864232155;0.43942734179800447;0.1291735432979507;0.6482277653832568;0.6690422865112312;0.667426394287533;0.7184020714059519;0.691704247972454;0.5098225480960361;0.6589455733977543;0.6828656767331777
0.11660059209994686;0.11493379998018938;0.4515714926489997;0.12215509232730312;0.6809223375820369;0.6727946848725699;0.6666096993516686;0.8286914350948721;0.7886268650998031;0.5037984819653012;0.6744351286059395;0.6793253673683056
0.15152665306812088;0.1059365404298871;0.42938082948063977;0.1569310785918763;0.5983129700385984;0.6669279007125352;0.6645881591938755;0.6216629659595223;0.7266061340118896;0.4538608044159721;0.6575718819572731;0.6748779180500115
0.14709937141415896;0.10317958199887722;0.42277291810439266;0.15269251647831675;0.5744083652939478;0.6591063721547383;0.6611468797579219;0.45596208440918234;0.6368067046753424;0.4189823629941891;0.6499928946994457;0.6691499722481384
0.128844180744753;0.11787235447551714;0.4595616796041396;0.13464116355843045;0.6785993285908192;0.6652634815943548;0.6598297467548482;0.8712225860179488;0.651359643522904;0.5320240276986676;0.6589929420681159;0.6659579531215241
0.1673845490808738;0.12695215769141877;0.48228104156407026;0.17321312280983298;0.7322697709728343;0.6773419519792444;0.6615928428799616;0.9698834769660641;0.7705107055600059;0.5537645288400889;0.670740372317749;0.6664626043539024
0.14620558944308812;0.12360088486809495;0.47403885798864936;0.15225157933112754;0.7005108377630368;0.6829361986411292;0.6643079459152269;0.8278013606780175;0.8977434310145576;0.5521266427659137;0.6769456681350954;0.6684317518782049
0.1475009611217086;0.12465744378776344;0.47684129099131334;0.1536088777328496;0.7071668483934905;0.6872818314669906;0.6674934670602406;0.8328351506662671;0.8846083526763735;0.5157274636230391;0.6841457060300311;0.6713144468456957
0.0924905173405946;0.12751345461749253;0.4840709587345917;0.0988711275029154;0.7256905867607671;0.6921899276038987;0.6711864939445227;0.8697551404542554;0.8503473104393577;0.4965894210464058;0.6909667945620762;0.6751083036627775
0.15704361411147053;0.13613101330603872;0.5055314356176084;0.1634867198673079;0.778313359622027;0.7025744689513433;0.676562679250099;0.9344486976509462;0.8868389674845523;0.5341679438391137;0.6875088816256927;0.681081324944323
0.15417616565085693;0.14152936903622004;0.5189053738965543;0.1606647774619329;0.8084456318882635;0.7142863966202523;0.6835949491279516;0.9826937983529588;0.9381162945314295;0.5355291590806396;0.7135616503244752;0.6892377861190654
0.1841509193710713;0.15590847558358334;0.5545770327315617;0.1902787557318145;0.8775406978800632;0.7348414651418939;0.6940143826921699;0.9260007127187521;0.9573619146438919;0.6840072757791993;0.7410354791341004;0.7015189355235467
0.14729037139701795;0.1545712682008782;0.5509869044109295;0.15365447839815216;0.8619541129192717;0.7482015631938689;0.7054656185970606;0.9057509077532786;0.9475423548065319;0.6487317416455237;0.7630145421818012;0.7154283135575441
0.18828190617982893;0.15080727704955876;0.5413649158117169;0.1946940110786982;0.8173826950098483;0.7536276820916072;0.7158920246245729;0.8487514567393436;0.9017111307672946;0.5789841113915846;0.7601250532897534;0.7286440063014779
0.1980865719665897;0.1532340608181726;0.5471671517189853;0.20441346419374887;0.8304707241548138;0.7582469103598881;0.725310392958957;0.8855011027878017;0.8878533269250894;0.5398093980148335;0.7249301312112171;0.7410290027493951
0.19450164921139046;0.14139729917126154;0.5173459046157114;0.20110346472602356;0.6974127514062921;0.7495760746382734;0.7308229746271756;0.7062528292045128;0.8195908117023717;0.4875329971584593;0.6649140258632937;0.7492543249711647
0.16805794645633812;0.15113745171195525;0.5413341711260184;0.1749724035292006;0.7573254924163789;0.7496599579079869;0.735252602257192;0.8537514085826701;0.8213016516828906;0.4489500418475859;0.7024773814599018;0.75617370450167
0.19386008516640263;0.1571631393006898;0.5560361700247008;0.2009704101281807;0.7907667828127919;0.7533193799534772;0.7396497128590299;0.9368338465298423;0.8388662429140706;0.48877010512716057;0.7167353512386908;0.7628898126925103
0.2723929114519182;0.16571466305675697;0.5769673991039024;0.2795043705478505;0.8342515180695548;0.7619706258423863;0.7451849458233692;0.8333589960626183;0.8823583242071333;0.6142159990544932;0.7330775425133816;0.7707065463341681
0.21214466044855612;0.16635850364842986;0.5782416565236654;0.21931532388318262;0.8374360536457018;0.7674459312318429;0.7508900202087024;0.827926399582412;0.8735217475201252;0.5532271490667713;0.7101984747288141;0.7786338591445456
0.16974756168932137;0.16868623501832447;0.5837515434106723;0.17698262094504225;0.8494066810311626;0.7718586865843063;0.7564831719806656;0.8696860857422724;0.8505457114786931;0.5138606448339185;0.7013879020415892;0.7863712325350423
0.17146166409959424;0.17710568890943268;0.6043938547961434;0.1786589525062202;0.8903680733154443;0.7807721615047696;0.763036391932516;0.9340708079832896;0.8850064022500171;0.5673265912433639;0.684287812041116;0.7950895739315336
0.2051266354373532;0.1783768613596588;0.6072279932559331;0.21227512126567508;0.8962909166396086;0.7867930517785893;0.7696830909659664;0.9320814177358504;0.9206452593454931;0.5302976708056528;0.6917720619582202;0.8038899016811866
0.19829226425582241;0.16974279393799296;0.585368796230263;0.20542303942585946;0.7863703599109916;0.7817254162682886;0.7738186342790091;0.7570952172868326;0.8821198964558464;0.4819260903346013;0.677798304201601;0.809911570636995
0.11153664383645503;0.1619341631723179;0.5656002378321042;0.11868777854864132;0.6988705851316553;0.7687574102993489;0.7741028191008739;0.5509176222077223;0.7510158759715384;0.4549927865926544;0.6484297285775187;0.811544524948121
0.19038290599127766;0.1727473833658002;0.5921140979207264;0.19765006249384928;0.7668988485718936;0.7662042851993537;0.7737347563636706;0.790843362382227;0.7026882681382277;0.5174996135567437;0.7134195443133908;0.812105945090407
0.19073062390879014;0.18819955756595208;0.6300777456239601;0.19772872205232098;0.8449500722201836;0.7759396846529815;0.7757106845342516;0.9221498153675737;0.7591652131595904;0.5868436544966148;0.7298091042584434;0.8148967224501317
0.16509499800429503;0.19445636741836392;0.6450051140490588;0.1721798383931668;0.8719217387199815;0.7870656034748983;0.7798860864324137;0.8860390553718555;0.8738341468116693;0.6401847928078792;0.7304722656435031;0.819941895012899
0.11863302781498467;0.19222768844718852;0.6387824720154736;0.12580098437150364;0.8469912997542853;0.7916552164562928;0.7842967449252963;0.8497543206435526;0.8939917854934656;0.5962489433135794;0.6995405238974937;0.8252397747594817
0.11753845099013902;0.1860864397266151;0.6228251566194689;0.12504951248472285;0.7794843027380469;0.7876138003734845;0.7868827789473993;0.7494348276471293;0.8348936750543899;0.551314069802432;0.6800720003789488;0.8285554523364368
0.17550939450556716;0.18507940700630598;0.6198006481638562;0.18342291161189891;0.7684707443692192;0.7813935422998002;0.787500988818201;0.7082637048354494;0.7740640537342578;0.5105487702599388;0.6705035289659421;0.8296318828979554
0.19293691858258422;0.18288374550136988;0.613866923824002;0.2008382148079201;0.7435739520006623;0.7724866634268196;0.7859183964352113;0.6118131073593699;0.692647401443278;0.4748101901787426;0.6400454739235465;0.8281281464621317
0.18901897021624625;0.18047347046587614;0.6073513837579124;0.19707565755377995;0.7157693282773012;0.7613867228760793;0.782063721521995;0.5372997135242588;0.6200608554352888;0.43988317515865827;0.6294822604329492;0.8238860813478244
0.15949478055816071;0.16929705814375806;0.5791627618170773;0.16752481319165807;0.598613735951412;0.7409480938176929;0.7742135186075162;0.21337544780310908;0.4507243012942094;0.3885477095229245;0.6221874851972903;0.8149709585884233
0.11472732303729152;0.17119556245253698;0.5835709183821924;0.12266013202925372;0.6142968709204499;0.724980554262301;0.7642095895782058;0.2443363064101876;0.3249842896546619;0.3606736924063281;0.6500402633698066;0.8032365930355247
0.15419820411041757;0.18734110344372157;0.6234024429946864;0.16242528787539914;0.7299552974170351;0.7252886258620937;0.756278291284895;0.6475218450522191;0.3626991387702066;0.4489987159595915;0.6653403438965466;0.7932419597439271
0.13024484728571883;0.17890514081949327;0.6019467699688102;0.1384984143706162;0.6477427771307384;0.716621113236507;0.7479119146253537;0.4368594623875154;0.43916895270815387;0.4295626483412084;0.5967978778835675;0.7824927865730827
0.2598407843732629;0.18877736322514593;0.6259950160668428;0.2685980353762951;0.7113830407864781;0.7171998704088781;0.7413537844169132;0.6833880432749718;0.5893998526211414;0.38668803477561453;0.6071716166927188;0.7734554059292685
0.23843164526895488;0.179664542543005;0.6027398181561641;0.2466640211415966;0.6290776952752742;0.7082384474124456;0.7340173998147563;0.45207115777599594;0.5225222384980436;0.45003204362018345;0.587418881152006;0.763496101195836
0.16781552340117098;0.19581008353418916;0.6423569534871338;0.1753704481442955;0.7251268221447321;0.7142264349128459;0.7295447419970218;0.8189699348460949;0.6532694724198364;0.40146160246265516;0.6513665861399267;0.7565294886996928
0.20530294311383845;0.19249182817710553;0.6334698177773455;0.21271687106383083;0.6960597916884536;0.7146577785426385;0.7260672087639648;0.6705625882903606;0.6488809699214964;0.40568104328413235;0.6447349722893275;0.7507293214764791
0.16967165143972357;0.18694489384884605;0.6190929713805418;0.17679967789892623;0.6481609538974265;0.7087611412992688;0.7219100359742316;0.5422995867440821;0.6797545480068627;0.3754562747776631;0.6351191322059592;0.7443438243549165
0.19359807236940374;0.18646614058837097;0.617371131728351;0.2004158372929645;0.6439722323679264;0.702452829061514;0.7171131454119106;0.5312292681582386;0.5812979524202869;0.3473762111501458;0.6406612666382452;0.7373656535675644
0.19503057224084608;0.18514544193878546;0.6135635945588492;0.20166917039357277;0.631773252835449;0.6951498094947949;0.7115725063807129;0.500690458266268;0.5231725862712061;0.3222413843224495;0.6689403628440144;0.7296432776222577
0.07380435235089144;0.18128239838874727;0.6034590241966162;0.08059912997661581;0.5955910417878613;0.684903918100636;0.7047505657117414;0.41136443933225414;0.478370337756297;0.3068903147281644;0.6524086968878783;0.7205609921823353
0.17583017652806107;0.1696437415392742;0.5739888704237763;0.18245660818206796;0.4975094284890428;0.6655975115131931;0.6947905941499066;0.14224117715925838;0.3452697802149216;0.27357244499835887;0.5726872246696032;0.7080662927320844
0.17761284303474484;0.177749529501106;0.5936796063362608;0.18399598369493878;0.5643481073677447;0.656861352359918;0.6847852699185721;0.33346885830231204;0.28805134936012794;0.23535802988237597;0.6201506323717494;0.6953243256503663
0.1861613166265485;0.17892164955261292;0.5960450255922063;0.19231735192664626;0.5737334989874988;0.6503787343265822;0.6752692086016615;0.3604185798629808;0.27061913882028754;0.3525529116545009;0.5951873430912795;0.6829530920373525
0.15249879400651847;0.18460065374583134;0.6095829812792308;0.1585830473210258;0.6189320403269315;0.6497184941173473;0.6675023858883139;0.4909918786921384;0.38995161683461765;0.32334489990473997;0.6376296717351138;0.6723680740233287
0.09234359427685693;0.17969756000924475;0.5967452907102184;0.09875781143736709;0.5733919962245377;0.6442756629016222;0.6600196129586424;0.3782585363890568;0.4052773588390434;0.301474823139584;0.5772346170243;0.6621242841467333
0.1078317339125367;0.17103047512133918;0.5745756272602148;0.11433233465202472;0.49958099099373854;0.6318214301980976;0.6511289611030139;0.17898242625734806;0.34319511580416445;0.26743885706994935;0.561887167827199;0.6504318489335424
0.16593245946759977;0.15609007164790167;0.536885387654801;0.17219952466782407;0.39484603768731996;0.6084718897676357;0.6385711272232878;0.04759361267471882;0.19147695839673812;0.23163950615575452;0.5349343943915492;0.6347976235775163
0.19544195681931154;0.15757585762868542;0.5401218148368362;0.2013765926391786;0.40901587683319207;0.5913686869076175;0.624536247032708;0.2042651713701268;0.131941423946198;0.2087466327357062;0.5405712661645586;0.6173737907091664
0.12550657848017885;0.1530359560207346;0.5283430316346354;0.13159928709176832;0.37909900098966165;0.5740291145740021;0.60926460641197;0.1307839497874513;0.11544928899596649;0.2190406624914616;0.5313343754440815;0.5983825879851637
0.1727007152704486;0.14247036682404968;0.5017034477419953;0.17855659718130054;0.3158875168370566;0.5513768224556356;0.5917645857858679;0.16353607358285122;0.1551214706043026;0.18214937470001724;0.5121026952773435;0.5767491122859532
0.15950457542907656;0.13685739756331072;0.4874432664471714;0.165211875320412;0.28571730189545325;0.529197109634476;0.5725920706866845;0.07685587395413004;0.11152566673670161;0.1674152451928902;0.5293922599592626;0.5529980909869282
0.1714518692286784;0.137088519826988;0.4877977911041344;0.1767825767946058;0.28835079390314;0.5128050600688326;0.5534312925469633;0.08042505864472332;0.09429429990732457;0.15314627971749672;0.5067974041968637;0.5289018063563298
0.1658687928066468;0.1393006900650442;0.4930621322647358;0.17115210918280227;0.3146991249859065;0.5028850368159811;0.5357892358268974;0.11458725496898377;0.07754541941649618;0.13999906604369544;0.5097816304296334;0.5061426612516987
0.1403066284340205;0.13589989104236144;0.48426270126102683;0.14587230221799952;0.2935291436695265;0.49318834122492555;0.519414238162052;0.062069251664526655;0.07248586176822591;0.12789011505443726;0.4837288617308516;0.48459724852120434
0.11725929716903744;0.1406709149139891;0.4956004903777359;0.12330751438031431;0.35252448571529027;0.4909988754449313;0.5058036378970747;0.1655784161077618;0.10162289608139247;0.11018356874402671;0.5114869025626447;0.46597174835506505
0.15938703697808643;0.15765840129428454;0.5371898149444431;0.16581000517050304;0.5252245252484309;0.505512251607301;0.49829980105093785;0.41885859599717823;0.20573581385917816;0.2685058312507006;0.585097816304296;0.45401448593891447
0.19885791805121245;0.149057351338858;0.5150666802821701;0.2056804621204489;0.4593708134554526;0.5103329311418455;0.4934209552434847;0.3173292332203424;0.29307845145979644;0.27074671451650284;0.6032873857230825;0.4453398331950198
0.22055110841207998;0.15549575725558817;0.5304775912417176;0.22780950427589716;0.5160055606094733;0.5207956269443089;0.49195786868256386;0.4492927828017915;0.39015736277683344;0.24929222708576593;0.6174979868315099;0.44087080039544735
0.21672621131944259;0.14663056757024417;0.5077605625838271;0.22444114983906058;0.4504805714127694;0.5220350965473538;0.4910764543389146;0.30772436671745695;0.35213041999543937;0.218151197186031;0.6050873951968163;0.4376801055607998
0.12335415559642193;0.16587975038795477;0.5549469297313733;0.1310445145751448;0.5981240958447122;0.5408800195877111;0.49476611998320585;0.8417601513035023;0.5315756246276471;0.31313744611556066;0.690635213869546;0.4399623026045971
0.16299154947511735;0.1550170039951131;0.527086342606699;0.1709231785725042;0.521160598737455;0.5466925615475495;0.4990733869630505;0.6625584751921848;0.6045490220617686;0.2857662313259;0.6755719766946137;0.4436452909313371
0.14514774338417685;0.16675471324330537;0.5554597071678499;0.1530537267793911;0.5983746267058659;0.5622012010490998;0.506135947829912;0.9098720165205056;0.8105866611709429;0.2804210584520967;0.7085879399365262;0.45092334305234893
0.12546250156105754;0.16734902763561887;0.5561946973103342;0.1336022271308393;0.6021314648017873;0.5752819147052042;0.5148365307479219;0.9243568710082772;0.8388488874400322;0.26344304892563747;0.7039458102411061;0.4606387276351132
0.12842545001310063;0.17145970218245443;0.5654911216484864;0.13695721705831762;0.6288508333504212;0.5894188820732517;0.5250938587001999;0.9446961768038832;0.9353883092293168;0.28727896504515915;0.7254985552555535;0.47266908506095817
0.09113882515420799;0.16254498629775105;0.5423632945785586;0.09990116792076528;0.5596444460822319;0.5927112548642234;0.5340675305365499;0.7442662135427877;0.8787227577163809;0.2630047323608812;0.6862299275259343;0.4839270021129794
0.1331514752299958;0.1541090236735232;0.5205091759161495;0.142709173667534;0.5002692640764482;0.5878927231832686;0.5401227452339882;0.5546000816420139;0.7522025994951679;0.24082690370384335;0.6132821751693426;0.49245709601996296
0.12162291216204635;0.14816587975038775;0.5049438552628039;0.13108909693623666;0.4611836813615031;0.5789774061180438;0.5428877888537558;0.4209801061346185;0.5730019951259196;0.22529430020718394;0.6209085310975317;0.49759949627872446
0.1299240652632249;0.14638293657344725;0.49974251325727287;0.13958569272885793;0.44949265413063855;0.5706304854526356;0.5431532505098673;0.3808941134823984;0.4486664942914095;0.2014778083884714;0.5973189332575429;0.49996815867357053
0.12125560450270215;0.14722488196255812;0.5011154556280072;0.13079981632093066;0.45700805264918953;0.5651437262362506;0.5420860606905598;0.21493102825889246;0.3324414955549748;0.18360527023949835;0.62517171143006;0.5006706323520874
0.10287552922911916;0.15765840129428454;0.5262921963948564;0.11232338881523904;0.5455984578865922;0.5704368043986605;0.5424666999021455;0.521542047846497;0.36685090504337325;0.2914164227142654;0.5998768414570606;0.5026452009925277
0.11226636171968549;0.16805890315977123;0.5512345089332523;0.12219693008669605;0.6215259486141759;0.5840861253126826;0.5459543495683262;0.8275608395791925;0.519687435657931;0.39490136095779393;0.6608876888825731;0.5077971321180275
0.1370228979594835;0.15670089477333482;0.5220468219602707;0.1480343195009722;0.5334123143288362;0.5848979794713598;0.5489338006299334;0.49336888924253103;0.6149608782005392;0.35295087521027035;0.5946189190469418;0.5124344474913295
0.10076228582902563;0.15531416119126984;0.517672978660443;0.11134643247956266;0.523239789396615;0.5844547366452995;0.5512139934638174;0.4525663836781698;0.5913593860982654;0.3337368594347857;0.5889346786035714;0.51630511699096
0.10545892643317326;0.15911116980882856;0.5262324913132537;0.11638188569144864;0.5533156462836852;0.5876142793778801;0.5537749801005464;0.5642875298662995;0.5012748176515643;0.29989408713010285;0.5880346738667042;0.52041509803992
0.10042681150015795;0.15267276389209883;0.5093450119218004;0.11145156302747433;0.502968152835946;0.5845150814818312;0.5551010099719499;0.3748473254603435;0.460720141081463;0.28292176537112323;0.5951399744209178;0.52315029789742
0.08476236418799296;0.14207415722917416;0.4820353585846034;0.09563854070506328;0.4287820992641811;0.5728711008791226;0.553446358072258;0.06299960436131093;0.3274215730108848;0.2509596408928288;0.5889346786035714;0.5225592210241881
0.14892611483996404;0.13185525142800536;0.4557152998183313;0.16134851413324994;0.3669919761012118;0.5550007411487177;0.547955115926697;0.11685993644048334;0.17432469543956608;0.2163421848548373;0.5766661929799629;0.5175614474249093
0.1493889224907377;0.1247730049196023;0.4372466651623729;0.1619858046993245;0.3284232177891706;0.5352278014915879;0.538950903684315;0.06441181117833601;0.06810257453744542;0.18599595031642696;0.5614608497939462;0.508326695904454
0.17232116402245962;0.1213887146300392;0.42819043368124243;0.18548406643817125;0.31060526084910345;0.5174575953890589;0.5276033699466286;0.07981140485190809;0.0738550900266117;0.1625938726016854;0.549334470181422;0.49598759921374136
0.13732409024014575;0.12186746789051384;0.42884677781968517;0.14977450565873318;0.3156732366790576;0.5048729122333504;0.5155904872841881;0.08843074246795825;0.06412743600389528;0.15062982690442717;0.5207711619534835;0.4823162339436484
0.13158429588346063;0.130881236173936;0.4506981514208716;0.14401730305113797;0.40802813610771416;0.504037097126278;0.505785261927615;0.2507120644805111;0.12787403431475194;0.2565369486318236;0.5167921936431245;0.4704784123203542
0.37387267157552945;0.13169016409680712;0.4521561906895202;0.39156457044694803;0.416018317070444;0.5051648274288173;0.4982040779875382;0.2652757728662506;0.1913346166769829;0.28643496962359566;0.5517029036994929;0.460719564661254
0.22395972349079402;0.13017136064978363;0.4478615424059803;0.23772793568192055;0.40501036926559786;0.505760990599664;0.4922781611822819;0.23793166732567456;0.24248954124140998;0.27524609855275745;0.5513239543366018;0.45261737952920267
0.22952810760645187;0.13533859411628724;0.4601993573262661;0.24307392091191224;0.45965033973684966;0.5118425980119147;0.48895571056567405;0.3309610698713317;0.26994844707122123;0.24836823960717214;0.5552555539765999;0.44732018106662025
0.286551397360772;0.1641793508766134;0.5314648525106052;0.30121256220975356;0.6829192548635008;0.5430738155716063;0.493581136938274;0.8175994252453129;0.45893774462566655;0.5702444617632165;0.6564824025389606;0.4507565556733574
0.24590268306001561;0.1620662330372764;0.5255555592156376;0.25935213549805136;0.6645324577228603;0.5662981022480587;0.5026975801856074;0.7810049525672568;0.6447618321082585;0.5369622922712669;0.6808298991047318;0.45964125173467263
0.14894815329952468;0.15904513487634953;0.5173095325545046;0.16051126018367975;0.6376991310622032;0.5821820710927005;0.5136950120771817;0.7286862924103507;0.7808519852341796;0.49752914372569745;0.7014826393823125;0.47131709205370365
0.1440923460429946;0.15772443622676358;0.5134100358340289;0.15563746318497912;0.6256451120372973;0.5936367732625535;0.525164292038965;0.7058147469865621;0.7426024774854654;0.45704225894331185;0.7180143053384486;0.4842366770055385
0.12398837348822289;0.15237560669594208;0.4994965557716826;0.13518182619379748;0.5769560658202638;0.5979309000757712;0.5353411430828264;0.6131849880202331;0.6851793034483938;0.4267049781565929;0.7123774335654394;0.49638511904962024
0.14741770471892393;0.1551655825931917;0.5058180200093003;0.1592214512003166;0.5996902608889284;0.603758529120596;0.5448416768194944;0.6615011277279781;0.6621904688679637;0.4172217971106926;0.7190090474160385;0.5082332587473716
0.12324151458088972;0.1488757552745401;0.48943920046248723;0.1345646247936368;0.5420841054336573;0.6026970368087765;0.552194554729214;0.5525753926472019;0.6097563610589853;0.3940358057582619;0.6750982899909992;0.5180626315581729
0.13923898750419342;0.14019216165351445;0.4671184213921514;0.150923062472171;0.4705450871684622;0.5941347181297368;0.5560800511595169;0.4021949814858163;0.5375616379936385;0.36664479755557544;0.6478613045331816;0.5242544514861411
0.15949967799361864;0.14250338429028941;0.47217290262224754;0.17174448419353086;0.49257445105636233;0.5895098021238493;0.5581098783623624;0.4285722091705959;0.4578600490635588;0.3458522496415281;0.6588508360570317;0.5283190662450628
0.12324641201634762;0.14156238650245934;0.46911188485236793;0.13482326947140374;0.48452331977039775;0.5851483390232708;0.558716609652473;0.3962247147392778;0.40436133565032173;0.3607898302395888;0.6413244280233049;0.530627350656721
0.12913312943677044;0.15267276389209883;0.49599468116937384;0.14092482846690635;0.5881002814977627;0.5916932521575852;0.5607283243663846;0.5772190326140593;0.4642495412981916;0.39984482722320147;0.5904504760551368;0.5341865465293284
0.13608503906929137;0.15952388813682417;0.5122426985489065;0.14817169673005995;0.6430529528831334;0.6029443951528642;0.5649615588467214;0.6834185179884674;0.5514506319637389;0.4762226715150013;0.6161716640613898;0.5400018049150306
0.1404976284168795;0.16348598408558113;0.521209852793347;0.1527168149537648;0.6730329998426194;0.6152013916471561;0.5712065827731255;0.7653625893372168;0.6777590153192404;0.4922840557208943;0.636208611624271;0.5479940398982812
0.07012392960426272;0.15889655627827093;0.5088867239506045;0.08075513885113167;0.6249837071167662;0.6205494585227188;0.5774498168191723;0.6097002745405037;0.6888731638242582;0.4535866320863803;0.6268296148927103;0.5560931578857351
0.08871214588480741;0.16447650807277014;0.5218361385113972;0.1000294546261161;0.6692820104956193;0.6294106717922614;0.5845109147266184;0.912589961620986;0.7672890527058798;0.4181756949563564;0.6581876746719719;0.5651597094045525
0.1401743976766566;0.16241291643279254;0.5157036717389902;0.15315379866486503;0.6466566183640642;0.6341684742418836;0.5912693532484218;0.6755629669661717;0.7365621999276994;0.51172007154009;0.6442612855857137;0.5740055009074939
0.1374097953606594;0.18772080430547744;0.5776510566015151;0.1503922704529142;0.8090550119829194;0.6598463634112405;0.6026644072872271;0.991256605950494;0.867119822691129;0.59596947729598;0.7349249206574773;0.5879313651606992
0.16041549842425012;0.196850133720738;0.5992124144844799;0.17398894526790792;0.8515080271287226;0.6873243937376323;0.6181885620431312;0.9799173324261022;0.8901573161242619;0.6749086050922233;0.7860357159774523;0.6066312655955396
0.15392884516023184;0.19138574305807765;0.5843715154879094;0.1674232067490684;0.7938089525887122;0.7030026191226001;0.6342641820082916;0.8651782861928077;0.9550382348244624;0.6527710182733628;0.7637250722372219;0.6264003591680604
0.14517467927919545;0.19371347442797227;0.5890276883345329;0.1584132515739674;0.8057478758047805;0.716143511931479;0.6501892464977144;0.8962277391153274;0.9225220847135355;0.602893731117814;0.773104068968784;0.6464079306317979
0.13444439819088733;0.18884339815762496;0.5758940801656701;0.14776137379004187;0.7531185077653919;0.7207857327654102;0.6640119036644524;0.818922645779523;0.8674343248316658;0.5674661050678973;0.7272511960589264;0.6644424371935014
0.14447434600871253;0.19042823653712793;0.5789623723477912;0.15839870295717942;0.7626255896665611;0.724421003574417;0.6759178056209008;0.8440795575091415;0.8602149455853805;0.5409092555389619;0.7121405902136324;0.6805113912440741
0.13326411624552803;0.18780334797107656;0.5715362954739986;0.1468198757488996;0.7327115416363307;0.7235056281444161;0.6852290538121355;0.7942633112530145;0.8253256455993387;0.5541273384725336;0.6932404907394246;0.6937357760725229
0.17008548473591803;0.19779113150856764;0.5955651888904085;0.1849150697112906;0.7946294239368845;0.7301816668883497;0.6942349616598307;0.9433791148622223;0.8679110763820553;0.5444112507050926;0.7350670266685608;0.7064314123475224
0.14439108960592784;0.1892065902862612;0.5733861922322455;0.15856350988490822;0.7007371320659102;0.726316236534457;0.7005382365419043;0.7697326376028539;0.8424716947660337;0.4924407708455155;0.6944247074984604;0.7160134573052995
0.13534797503287402;0.1942417538878063;0.5851975044099411;0.1493839871021877;0.7334235684150041;0.7262721281465356;0.7055705699945087;0.84928259166598;0.8612977130116928;0.45731813865711235;0.714793235753872;0.7238981545925248
0.1258371553735886;0.18791890910291542;0.5687600778060151;0.1396295283512982;0.667613226043951;0.7191849265731365;0.7079436407758745;0.7137784428586355;0.7827349545039217;0.4378315690025866;0.6240348633413858;0.7285679370077714
0.1552266655565813;0.19166639152111475;0.5774119617689839;0.1700115190029058;0.6941073521822341;0.7155599335328292;0.7089967180414131;0.7940903012901448;0.7910694477498659;0.402657986974832;0.6085926768035622;0.7313750977269373
0.14881347382443183;0.19627232806154415;0.5881107006329571;0.1633272639488442;0.7258043643589245;0.7154474564386016;0.7098129492341365;0.8751378829282693;0.799916386157588;0.4178282344616432;0.6374875657240302;0.7334884103956469
0.13541653912928495;0.1981708323703235;0.5920801964146202;0.149525823804298;0.7387883690489808;0.7156955702725529;0.7105237964550037;0.8284222933727785;0.8391442205700365;0.5032720221788296;0.6362559802946327;0.7351141434278404
0.23523361991493152;0.19656948525770135;0.5872870450129652;0.2525340196709588;0.7193100945069721;0.7131304174832923;0.7104942586770658;0.5733584669650648;0.7636161237063316;0.4586132168834477;0.6456349770261948;0.7356331550594981
0.16802366440813268;0.18925611648562057;0.5682759862593219;0.18284583554545578;0.634348660533291;0.7033424375940972;0.7081879878873963;0.23281396402005944;0.5438313187029623;0.4294631119224652;0.6201032637013878;0.7334162547001729
0.15277060167443318;0.1919470399841514;0.5742695529338401;0.16690334101619686;0.6572862619525996;0.69684826955816;0.704828475764494;0.35811589174022873;0.3829059697756748;0.4038246199640404;0.6353559755577661;0.7297112014819139
0.06353443019562804;0.19356489582989367;0.5775787242382864;0.07486178260464732;0.6712789246267846;0.6920604197811825;0.701024298576774;0.4334507930689202;0.3350335802840834;0.41525329137326694;0.6113400596845244;0.7251861739362825
0.12080259172284433;0.20160464885924645;0.5968896809305528;0.1340916158165077;0.7365248290762391;0.6943392690848837;0.6985124039613818;0.8078191292635402;0.5317838403923769;0.4794337457275335;0.6590403107384769;0.7217489394827343
0.11596147677268798;0.20328853963746818;0.6002124402880566;0.12932071603160444;0.7493323200557345;0.696511816150369;0.6970095448133424;0.758339917577347;0.668729012270438;0.5133323464184163;0.6494244706551086;0.7192305512425587
0.13151083435159178;0.20465876448641307;0.6027848371602234;0.14542285616805528;0.7600632873881001;0.6982991209638211;0.6962240722533735;0.8129932877165285;0.7985975579076707;0.4677751903339221;0.6714982710435313;0.7174138581662517
0.09654314518202542;0.1913527255918379;0.5688674096998383;0.10923684627929162;0.5933860723854882;0.6867942506443845;0.692912660115608;0.2822629704613367;0.618767328205188;0.4147263770222889;0.6225664345601815;0.7128950681964527
0.19133300847011464;0.19490210321259926;0.5769704186712478;0.20723242928486288;0.6261783471101229;0.6799021728015894;0.6886562389463632;0.42383495335199217;0.5043093325261654;0.37515474931436776;0.6195348396570507;0.7072378013116678
0.16045222919018454;0.19435731501964515;0.5748265258560065;0.17513919474331874;0.6197648105424071;0.673084476483322;0.6836611569591882;0.40210530016412366;0.36371525909366514;0.3482510472723845;0.6125242764435602;0.700646509119616
0.26717959140695974;0.2060785155347178;0.6032004394294;0.2851052671858726;0.7209700695380188;0.6772426770487672;0.6806348192811505;0.8627985924005395;0.5623578827130589;0.46376738459065814;0.650750793425228;0.6960070919663531
0.1861662140620064;0.21185657212665499;0.6166524747001444;0.20127304731389914;0.7629222454529903;0.6847006551469071;0.6799530133740082;0.9313137545257109;0.7360025596058221;0.48967883220938435;0.6883141490218366;0.693865547963533
0.20855484025789894;0.20611153300095753;0.6013998165201087;0.22384643196354745;0.6916361651100507;0.6844755347358796;0.6793550686443546;0.7099914079974259;0.8413523468103974;0.44845047397274507;0.6641087584671498;0.6919525267639602
0.15205802481530545;0.19982170568230595;0.5848015293285085;0.1655795590148143;0.6202465592495022;0.67775200788611;0.677308728933766;0.4676815975742165;0.706154654329899;0.41930689953034717;0.6414191653640282;0.6886265398977424
0.15460958868888305;0.19985472314854524;0.583938619333027;0.16814413893026733;0.6205471413988978;0.6716014995879859;0.6742373060622214;0.46042132801813784;0.545028784514174;0.39973168801605297;0.6184453602387381;0.684245561730828
0.14649453813510555;0.1937960180935714;0.5678911286758435;0.15974564687371126;0.5534105133872378;0.6605865391102104;0.6692113848374949;0.22326519314706325;0.3784850468891672;0.3704887536248283;0.5962294538392304;0.6777683999437101
0.16143661371722695;0.19174893518671343;0.5619700316176158;0.17495030977197332;0.5316791369064269;0.6494311496241352;0.6625891156852509;0.14751908017319712;0.268934624765736;0.3371021540481193;0.5864241390744162;0.6694820210860294
0.13954262850258461;0.17979661240796352;0.531456891833059;0.15235912102879495;0.41978621426736995;0.6295392227288189;0.6526523329966021;0.012808837561797926;0.11577448073865687;0.2965110703564499;0.5903083700440526;0.657504622388554
0.11502361788249582;0.17619770858784278;0.5217970213889673;0.12711375784705942;0.3906498208266609;0.6104113567401712;0.640242125012638;0.05139266389680778;0.056964635402504106;0.27722638978303427;0.5697977357775561;0.64258978349851
0.12173065574212064;0.1892891339518603;0.5536590842585567;0.13409032552408545;0.5308624687045526;0.6068499814903663;0.6294834154783946;0.3830706257706337;0.13756361201444794;0.41718863664801453;0.6089242574960918;0.6290475234932268
0.12585184767996238;0.17804668669726276;0.5249003131016836;0.13839582830143027;0.43922205024641037;0.5940203806424947;0.6178844752796022;0.09823747061795682;0.16679483773287782;0.3648551897636029;0.5430344370233529;0.6144054444962331
0.13299965473080022;0.18778683923795692;0.5483420379224722;0.1457027339715711;0.5282539317034818;0.5926186866081127;0.6082784360915726;0.34500922030970566;0.26726199409638157;0.33028839770650803;0.5544029179100942;0.60167269932292
0.11427431025743368;0.19381252682669103;0.5625001029397954;0.12637753964360274;0.5777165535804804;0.5969038389287425;0.6015929388872079;0.49767309935629306;0.30647567051176566;0.415398681474501;0.5881767798777884;0.5919930117244943
0.112863848845552;0.18866180209330707;0.5488618152650664;0.12489630900534329;0.5338089008906612;0.5957186383716625;0.5959681422239812;0.36717685206167505;0.39849900604129823;0.38270952167360295;0.5914452181327268;0.5835771243505014
0.11161500280378178;0.18897546802258347;0.5488851482854611;0.12355171451786523;0.5365914550508091;0.5950901476648038;0.5913217354888957;0.3751237389161514;0.40880332977088657;0.3563797747366357;0.5922504855288707;0.5763836363295691
0.166929087583287;0.19056030640208643;0.5520794387777228;0.1800468772893336;0.5513723799650193;0.596028371940153;0.5878234120207739;0.42005585914374843;0.3822449384314982;0.32475461252745486;0.6141821799062099;0.5706240921226962
0.18337957328644855;0.19536434773995426;0.563269543600631;0.1966832291526545;0.5957472705243212;0.6010283209781224;0.5861907840961351;0.6709209599572716;0.4861774521672915;0.4174662253447442;0.6338401781062001;0.5670931247097806
0.21428239102593927;0.20710205698814654;0.5916711822923787;0.2280073012419306;0.6900658845331603;0.6152811026698874;0.5882085522644419;0.889864253669087;0.6623068789751928;0.5281409614092536;0.7018142200748421;0.5677488654243107
0.13882515420799899;0.198236867302803;0.5687127254999169;0.15073152651773464;0.6010925114300316;0.6184132552263655;0.5905532115455402;0.6504193314840688;0.7411306458594707;0.48424258046348057;0.6867036142295486;0.5692208094227226
0.13050686008271767;0.19607422326410662;0.5625184948499911;0.14226216638020034;0.5806432221867514;0.6187202676134791;0.5925005368831064;0.5920072554947989;0.7141286416730804;0.4478001649810738;0.6429349628155936;0.5706776528510236
0.10342404200040647;0.19562848746987127;0.5606329122958427;0.11451670827029564;0.5762478538139852;0.6183276502584318;0.5939668354302902;0.5799681253290712;0.6080910831554396;0.423509801657977;0.673914073231964;0.5719354344872478
0.09633500417506372;0.19339980849869542;0.5542253903888821;0.10728184565998505;0.5534226827112513;0.6158157087218791;0.5945540680323298;0.5197724745004321;0.5633874793487207;0.4005041935578302;0.639571787219932;0.5724876382218153
0.09986605514022581;0.20495592168256982;0.5821060164604859;0.11081021613759476;0.6566965257910079;0.623854105391298;0.5968984769208671;0.8289395988193525;0.6444589253024873;0.49477760324466824;0.655440291791009;0.5750348778803451
0.09762547841822627;0.20228150691715907;0.574588666301025;0.10848558755125112;0.6276509807800831;0.6274907657541395;0.5996221043105856;0.7386888716689505;0.6987686080924329;0.4965312057008824;0.6625455923452227;0.5781871184287736
0.11761191252200784;0.20094429953445347;0.5704432120949596;0.1288880579018559;0.6128269034460649;0.6288190705123264;0.6021107782448947;0.6950078298778152;0.7587291159881665;0.46632158866749107;0.6578087253090807;0.5812731556479087
0.10334323431535075;0.20150559646052724;0.5711453987558283;0.11437508658867662;0.6182302982267336;0.6300014784904204;0.6043774650387892;0.6623396418359948;0.7017233935150017;0.5009470594969273;0.6548718677466719;0.5842547809178147
0.057983187104072936;0.2066067949945518;0.5831161989905859;0.06822962320151402;0.6667917742245548;0.6350681908856344;0.6073724151092945;0.8403892163627474;0.7365223318221642;0.49023174405085346;0.6557245038131776;0.5880960972384067
0.07236940376172016;0.20802654604285653;0.5859633764911863;0.08301720694404585;0.6799742769738092;0.6398669846101736;0.6108874948772055;0.8899434668782914;0.8032237105271347;0.5052849378621087;0.626119084837289;0.5925942813821353
0.055745059099802374;0.21804734704658735;0.6101792085768898;0.06599002808627707;0.7640912618430005;0.6520022622496656;0.6165296091564074;0.9090149756422485;0.8876289281187534;0.6154721259560918;0.6803088437307563;0.599453288070809
0.12014633537148273;0.22760590352296362;0.6331192734591564;0.13197442095103804;0.828811378155128;0.6693387003341473;0.6250863061143571;0.9799069379045491;0.9353678871095694;0.6704658499697869;0.7139405996873663;0.6095970055669059
0.136170744189805;0.21337537557367847;0.596819544616303;0.14827244699098138;0.6572101855230981;0.669529226118218;0.6319760959219723;0.5831102174526269;0.8303783578262811;0.570951143460842;0.6743877599355784;0.618291239000246
0.11987697642129697;0.21841053917522357;0.6084794666675447;0.13143213076884774;0.6945412651511795;0.6733100065610794;0.6383696380813979;0.713388274498678;0.7634405168108411;0.5335494448955218;0.6952299748946045;0.626614726584023
0.11650264339078842;0.21776669858355024;0.6059892843790095;0.127829349114522;0.6872646836114354;0.6748418242354162;0.6438417047829289;0.6967297688436082;0.6665454191018003;0.5960348611586161;0.6602245274975127;0.6340503972113892
0.1495407429899333;0.21791527718162884;0.6054618208649912;0.1614515157487892;0.6884673525439586;0.6752944687612115;0.6483249187162893;0.7005740393793936;0.7067381667749788;0.5362500191681805;0.6683245701293157;0.6404486149835141
0.13071500108967937;0.21989632515600732;0.6095511385690432;0.1418564628840931;0.7052073969036766;0.6765158726178919;0.6521963316816063;0.7518309798565315;0.7198921569225653;0.5058626137078074;0.677845672871962;0.6461407306936756
0.20021940510851494;0.23505134216000245;0.6464728982850505;0.21261162754522947;0.8135948887108173;0.6899680050261408;0.6584306143058698;0.9677442265983327;0.8126255239937488;0.6439685094884556;0.7197195774714599;0.6542366706736695
0.289773909892085;0.2447089510350975;0.6695437653345977;0.3032843571420496;0.8668062739906014;0.7079910453112402;0.6676211674413925;0.8293420842328201;0.8566862522270685;0.815891033593148;0.7327933304912131;0.6654978929551498
0.33317988035565177;0.2317991217353974;0.6364311898248258;0.34617999440908187;0.716574629415466;0.7094461769455488;0.6753129590838367;0.6072880241164527;0.8072278023596836;0.72430314385109;0.6916773246174969;0.6753614401247647
0.1884778035981458;0.23252550599266986;0.6372349437509515;0.19902288328481368;0.7213517219955226;0.7099550173131659;0.6815850583205423;0.5958116083118798;0.6799631379463965;0.653231134622652;0.6650087632040164;0.683783603463963
0.1867147268332937;0.23838610625020618;0.6507033121359693;0.19720833972891152;0.7596457313804468;0.714253966882251;0.6876052894922297;0.6981688619151711;0.6350794270334481;0.6183149075514354;0.6543981810430575;0.6918969132653711
0.18676125247014402;0.24000396209594843;0.6536753899222222;0.19711589079350747;0.7700256236499732;0.7177239078519582;0.6932306943210507;0.7096269818435041;0.6700968803870767;0.6553847656265714;0.6998721045900238;0.6995331481395077
0.22896735124651973;0.2428764816587976;0.6596988777640709;0.23953044990528702;0.788747639391599;0.7216135917790899;0.6986381257207628;0.7666528341676943;0.7285538433086498;0.6428094225396115;0.6936668087726781;0.7068573611719395
0.2782526929773224;0.24015254069402658;0.6518171207272436;0.28943964463491767;0.7531103863496262;0.7208419997466717;0.7027841289838311;0.6691125677812733;0.7186116136137102;0.588373983865172;0.6876983563071379;0.7127639969085666
0.19936970005656535;0.2389308944431603;0.6477581359497064;0.2093129353709998;0.7368167719704694;0.7177548395983006;0.7053809794619503;0.6411927616419572;0.6951953880929165;0.545620452839972;0.6837667566671406;0.716890313679442
0.196867110537567;0.24035064549146457;0.650294160760667;0.20640824034250912;0.7482313667923882;0.7152229736523719;0.7068680070661792;0.6715448930987209;0.6626521810492699;0.542017113513888;0.6821562218748513;0.7196358460935879
0.1564142936551275;0.24356984844982987;0.6573782030060624;0.1652746591753656;0.7741626440597755;0.7147452653356108;0.7079462234871552;0.7275865299173474;0.6826602922024341;0.5096665264119701;0.6479086732035438;0.7217116765147028
0.1671372285902487;0.2558358371578562;0.6869205518890691;0.17596472426072407;0.8582562972221982;0.7238773764327553;0.7109384829832855;0.996850461031509;0.8043561465949437;0.6082468988236613;0.655392923120648;0.725574772898637
0.1564387808324171;0.2602436689008485;0.6968468305248618;0.1649832561112566;0.8836561866687106;0.7334899229908707;0.7155740185952851;0.9727848268612738;0.9074318038330669;0.6470716184333282;0.705082658329781;0.7310797769324698
0.14432007679178796;0.25801498992967264;0.6902575855649309;0.15258723010873207;0.8491877008335112;0.7375043945175377;0.7202186561563024;0.8872553914979525;0.9620659044395838;0.631454894545842;0.6966036663350862;0.7366121565953908
0.1215567967833644;0.25073463862383205;0.6710583528644445;0.12954773813507456;0.7438079485184071;0.7326228036296141;0.7227959374874469;0.6873017211395609;0.8561472122759296;0.5617682115833481;0.6588982047273939;0.7399908201908756
0.12170371984710204;0.26158087628355364;0.6969924560227472;0.1294801765733828;0.8182006480729386;0.7368461581155583;0.7258426849151911;0.9623255085710295;0.8525683338265688;0.5206128368346136;0.6853772914594278;0.7437575446745277
0.1734916510969031;0.2509327434212696;0.6693377484898051;0.18132109359981727;0.6884701098293081;0.7291594850839495;0.7264874850089749;0.6444330485024661;0.7694814990774633;0.5048433294458834;0.646582350433423;0.7449507258083555
0.13471375714107306;0.24905074784561032;0.6635760022355781;0.1422847136874987;0.667489402766561;0.7199761641657416;0.7248616961566936;0.583851123880128;0.7340836745891685;0.463041191851453;0.6489981526218565;0.7435923903991537
0.09940814492491007;0.2530953874599664;0.6724551772678192;0.10690535586569816;0.6993998184485983;0.7149625046756998;0.7223918368304043;0.5920582147759291;0.6073888364081372;0.407146814865872;0.6641087584671498;0.7410870772903324
0.11929173288407524;0.2330042592531445;0.621223962408033;0.12682607938325088;0.505043957031156;0.6919431028945833;0.7150476281288483;0.026661990913315864;0.39600531567650515;0.3432157049746206;0.6023873809862158;0.7332376518932293
0.1123790027352177;0.22889358470630938;0.609816585989318;0.12004076796557403;0.4731820788596216;0.6692015092558579;0.7038687271602906;0.047497158784775284;0.21248038664749302;0.31853606005883833;0.5813556913457433;0.7209263979595644
0.14699407655181362;0.22947139036550324;0.6101383071646641;0.15471728541158203;0.4787388086389395;0.6510801253998423;0.6906995447880594;0.06233365163859363;0.031223848649455314;0.31433456049324343;0.547818672729856;0.7059675904593741
0.11375273338116496;0.2440981279096639;0.6453430310856225;0.12130144283185457;0.6052151863915564;0.6492006572286366;0.6797258908490702;0.43790887073814433;0.1719407247143812;0.3856347156951525;0.5771398796835767;0.6927308349459764
0.12536945028735702;0.2420510450028064;0.6389954887663867;0.13307507880268094;0.5867092646385553;0.6453324583745573;0.6700448706638908;0.38534529605604195;0.2875426582327998;0.35695978771479325;0.5776609350575521;0.680509359088297
0.10070351660353055;0.2432231650543133;0.640674642716556;0.1084419634990424;0.5964863818394714;0.6427951527578079;0.661708333159753;0.4154421815595041;0.40836626001553866;0.3622203106909801;0.6019136942826007;0.6695011762360196
0.14316428202371828;0.25283124773004895;0.6633120645989763;0.15116005100755678;0.672061266153291;0.6487846697128241;0.6564359097023224;0.6621518627287334;0.4850957742329078;0.4374893372277616;0.5983610440054945;0.6616147673253634
0.11699238693658065;0.259385214778618;0.6783823134607376;0.12484508290522384;0.7176359414584477;0.6586874495574837;0.6545273838344983;0.8304400816706405;0.6373944319422444;0.45503522830905463;0.6477191985220973;0.6573518737878516
0.04007816306990844;0.25700795720936354;0.671173508182753;0.04764067100405753;0.6916829815221525;0.6636504570510011;0.6541579789061946;0.7693985110720655;0.7585081264063358;0.4493397156512694;0.6462981384112545;0.6549878690475557
0.07190414739321754;0.2574041668042395;0.6708773160767811;0.07972688637042527;0.6946695887149534;0.6671377336972969;0.6546757176829702;0.7795721061718279;0.7986859627734673;0.42382038586668935;0.6358296622613798;0.6538856418283319
0.12106215580211421;0.260441773698286;0.677056037130797;0.12923319274425304;0.7182031913609163;0.6717633743515022;0.6561686476399686;0.8575696686033367;0.807968928576702;0.45579296034686456;0.7021931694377339;0.6541315048955648
0.14917098661286016;0.26153135008419426;0.6783167064975051;0.15742686932346045;0.7267890020418245;0.6755066322649752;0.658235951344345;0.8773587417784455;0.844909820166497;0.45331276257220543;0.717114300601582;0.655307646773851
0.11618920752148137;0.2583946907914285;0.6690714775511644;0.12417542022683975;0.6850739606099988;0.6747810193650261;0.6597205751778168;0.7975579230726408;0.8510640503671888;0.3996329328906213;0.7064563497702621;0.6561889101087788
0.11288098986965475;0.263479380592333;0.6802714645944752;0.12080305338662031;0.7285849368881286;0.6778279460470965;0.6616188435887158;0.9269192502378385;0.8747934862918415;0.390491136860156;0.6790772583013596;0.6577230313713945
0.09895268342732327;0.25966586324165464;0.6692177893143554;0.10689857991533863;0.6770900624453234;0.6759321552605294;0.6626953437028203;0.8298982548639403;0.8585538701810173;0.35192992614363416;0.6740088105726872;0.6586124755527741
0.13660171851010217;0.26011159903588954;0.668762383657443;0.1446433443811737;0.6812910456078524;0.6739495353860105;0.6630941798940571;0.8348934234005114;0.8713290065533512;0.31702858133870115;0.6719245890767842;0.6589248699321117
0.11459998971538554;0.2632317495955361;0.6749719866502186;0.12232229184598997;0.7111497721937692;0.6742849642219327;0.6634914737184694;0.9167596716311881;0.8678526904186905;0.3120896086978561;0.6533087016247463;0.6593002116470864
0.10066923455532509;0.25725558820616046;0.6584782862912197;0.10834816323114213;0.6267248305641305;0.6683939446418483;0.6624354726618038;0.7011730507298063;0.8238066210496272;0.2873134191217255;0.6173558808204243;0.6582234914627657
0.09495392737592959;0.2610856142899589;0.6666545883972839;0.10267055629624108;0.6662063559512937;0.6663578928483949;0.6611158471362499;0.8010226980731182;0.8122170312145527;0.2619633851654594;0.6351665008763194;0.6568368598641456
0.1076162467523881;0.25766830653415607;0.6568613079777523;0.11561318648506688;0.619045192532291;0.660960570040393;0.6588014449064518;0.6421597387993195;0.7182568175049721;0.233839307632148;0.6242243380228311;0.6543762329941099
0.09162856870000025;0.2564631690164094;0.6526151100247983;0.09967723681756166;0.6024762175076323;0.6549462607065292;0.6555473347820877;0.3634047751464395;0.6026822103634573;0.36056971988772063;0.6120505897399451;0.6508533154658797
0.061609738060664526;0.2557698022253767;0.6495311709937069;0.06978251573411354;0.5925486895697898;0.6489693679927245;0.6515501842176658;0.33326159651752124;0.4426277900511886;0.33432713755531623;0.6069347733409113;0.6464378716612681
0.08085176197484187;0.2507016211575923;0.6355417899885423;0.08967803718770875;0.5223589042212428;0.6392237113132349;0.6460796933330458;0.1129293146347306;0.26154033222372014;0.3780247708811344;0.6013926389086253;0.6403600571165576
0.06692590425023937;0.2630831709974575;0.6650031595654682;0.07606058591766474;0.6665125470128077;0.6420573796149546;0.6423641362924698;0.6512003615796801;0.3600157197705121;0.35126301455132886;0.6223295912083745;0.6359000434494688
0.06441351986032515;0.26559249843167;0.6698757804895314;0.07415877742680832;0.6909098468677705;0.6459898890734447;0.6403087854766037;0.7602899604271803;0.5061325666292142;0.3736626551485156;0.6404717919567986;0.6330911399520125
0.060267840745193785;0.27950936045167873;0.7029024355830211;0.07078823254490518;0.803670063464608;0.6608197763200419;0.6421229612797952;0.9921650105270734;0.8069817803750837;0.5057306162880788;0.6791246269717212;0.6343140929374417
0.07601064702468552;0.28312477300491956;0.71039809975882;0.0877560067687091;0.827797566431394;0.6749147063101975;0.6468613600644035;0.9476730028620821;0.908426206987505;0.5539071919515799;0.6805456870825626;0.6387954183298643
0.06707037859624806;0.2883250239376629;0.7216717916959705;0.07924440941923458;0.8606343789840089;0.6896737717656686;0.6540940193009751;0.8736348144843621;0.9472095621044005;0.6357012173299954;0.7126142769172469;0.6462038888093149
0.07647100595773024;0.27889853732624514;0.6965544815046013;0.08953952245433477;0.7291027216490148;0.6918587659935491;0.6603897060191622;0.6668883361765534;0.8359092222917555;0.5729017414341881;0.6745772346170243;0.6530703646697797
0.05011300832319156;0.2810281638987018;0.7001811191395004;0.06251234753432153;0.7452630856470681;0.6943799615947108;0.6660142197563801;0.7135963846909239;0.7558149235023808;0.5206167074388577;0.6904931078584617;0.6595369070480437
0.07561150603486483;0.2765542972232309;0.6873188602725411;0.08999781819230063;0.6867078477680666;0.691300070171315;0.6697955737426083;0.6154732750211978;0.6674794560847497;0.4875372015930919;0.681114111126901;0.6643020562039988
0.051814867144819615;0.27300491960246953;0.6765392793555476;0.06610848769775826;0.642224559535114;0.6846839677327059;0.6712777252955565;0.5376265274972403;0.6232497760453464;0.4567802179519732;0.6729193311543747;0.6667562666996182
0.07789860839371462;0.2813418298279786;0.695627748835683;0.09502882780691457;0.7143823179396915;0.6858770967303783;0.6727416944177599;0.7204758647046707;0.6256037366076682;0.5060594898117784;0.7113826914878494;0.6691066726666687
0.08756859470538253;0.2894311090566908;0.7138350536632019;0.10638198496376419;0.7740261938895437;0.6929561314935966;0.675563761126305;0.8978940334802024;0.7222400123240118;0.5412156298182043;0.6990668371938799;0.6727756596357038
0.07776637763635072;0.2880443754746258;0.708319402147626;0.097194280867796;0.7554994927959984;0.6961916409699811;0.6785759629567003;0.8193607054487998;0.8186413599012875;0.593482416618271;0.6878878309885845;0.6766426952595616
0.09831111938233544;0.2873675174167132;0.7049739960350337;0.12121657770352467;0.7460454337390771;0.6970063138747427;0.6811757131053576;0.8053337905309992;0.8476773059897209;0.5412666915890859;0.646013926389086;0.6800925316394724
0.11375028466343598;0.2949945521180699;0.722070237332504;0.14003452557591728;0.8033687555173592;0.7032535054926908;0.6847124117038856;0.9633931732632982;0.8700892312525778;0.48653349965977477;0.6575245132869115;0.6844812199816075
0.10907323380112002;0.29154422689602777;0.711563378248025;0.13695100902389679;0.7536551222831326;0.703896261678573;0.6876916668188465;0.7927645801979982;0.8609888007220934;0.513919002024319;0.6327033300175259;0.6883234083549571
0.07372844210129365;0.3015320104335193;0.7344372871548164;0.09911916103856122;0.8240866141219604;0.7120165273747403;0.6919687862744873;0.988129322901748;0.9235361841449011;0.4962732524774557;0.6884088863625599;0.6934813104496222
0.06064004583999588;0.30029385544953247;0.729379100092069;0.08605917759731235;0.8061524158724823;0.7159819082078387;0.6963152425411027;0.8922506568759427;0.8991932574199842;0.4835863226827124;0.6787456776088293;0.6987607496541394
0.06581418640129097;0.3061709644401889;0.7420343813428083;0.09393982005901111;0.845053502722909;0.7229348804116241;0.7014139000988702;0.9589409580706174;0.9560540432817033;0.5094495337221545;0.7084458339254419;0.7048489451010893
0.11252102836349745;0.3042229339320497;0.7353015696809082;0.14991293387479054;0.8153170863771412;0.7252339450689568;0.7060289876731141;0.8120081242756974;0.8957904252573556;0.5194964601335826;0.713040594950499;0.7105068148489524
0.07883891600163573;0.30501535312180117;0.7354869985665287;0.1123570379560758;0.8210360667607687;0.7262824265483854;0.7099655725748076;0.8316674053971936;0.8750605758453025;0.4927416120215623;0.691393112595329;0.7154913288075511
0.07571680089721017;0.2999966982533757;0.7213606390063312;0.1103562272668677;0.7420754009535518;0.7212036881309299;0.7119304352896005;0.7071586249610541;0.7889078897055128;0.4475649581036527;0.6537823883283587;0.7184356504943415
0.05525531555401014;0.30243999075510963;0.7258154616122408;0.087428685856794;0.763071291810963;0.7179767086912786;0.7127497662753475;0.7677747417523422;0.7737724960725625;0.41435325834080095;0.6647719198522102;0.7200805692506826
0.07918173648369031;0.3090765014692769;0.7405834792333381;0.11726320313981783;0.8159419713869994;0.7199430205510794;0.7138637917955764;0.8683565515195869;0.7863264685915317;0.5105179543944395;0.6857562408223197;0.7218557658380018
0.07880953138888819;0.30580777231155265;0.7305084182792527;0.11770020622280902;0.7637950342016457;0.7172021006405245;0.714115806262173;0.7476841843828148;0.8001931516045255;0.4811515830687695;0.6544929183837808;0.7226247645635284
0.09195424815795208;0.3201208439264369;0.7641157910744896;0.1345430320851472;0.8642667304391866;0.726342128074296;0.7164489503521618;0.9525593295727244;0.8634211326997375;0.5723908918706898;0.7054616076926729;0.7253629119340905
0.08197082597697714;0.3201538613926762;0.761939781042936;0.12308838320327142;0.86446697597281;0.7320665968337798;0.7196504606654864;0.9533989874563848;0.8925202128509965;0.542210028470456;0.6768982994647331;0.728967912882557
0.04268359873352319;0.3203684749232343;0.7601652362152632;0.07577328337872596;0.8658632189736718;0.7352103054035426;0.7229448086236654;0.9588567637002332;0.9647774070813268;0.5196660175098657;0.6810667424565393;0.7326963305552918
0.06916158353678095;0.31662099250503495;0.7485496469027756;0.10874591058542915;0.8024380616808198;0.7327947684719519;0.7250169631323415;0.8096681811594163;0.915884158260533;0.5179588710017672;0.6534508076358285;0.735208483115615
0.0664557504462788;0.3175124640935052;0.7485917835925497;0.1060046228616805;0.8096070014711997;0.7301508469643339;0.7260581016462994;0.8253541452681223;0.8720708892172916;0.4847074719981461;0.6615982189379944;0.7366293624334203
0.07487689071617645;0.3173143592960672;0.7459982497489652;0.11698963832352591;0.8059960086660375;0.7263952212526765;0.7260151684424447;0.8011488425947568;0.8181077661460376;0.4631090628623722;0.658756098716309;0.7368591943207301
0.07046430136858833;0.30872981807376076;0.7225108196588104;0.11204780810373371;0.6624352346838661;0.7143999847940994;0.7231834302147992;0.45280290416200086;0.6959987133636534;0.4152465963101982;0.6485244659182412;0.7341299846055871
0.04794099569760295;0.3074916630897744;0.7174183193307767;0.084605296337605;0.6437890081368062;0.7025781949085882;0.7181610971913952;0.4058466316358652;0.5524552855588266;0.3823780138591697;0.6379612524276433;0.7289312934379162
0.057221635890365996;0.30901046653679787;0.719184766227842;0.09646875583035794;0.6615741657840525;0.6934634477180869;0.7120175938247597;0.4634463259346085;0.4369031792330083;0.37559210280174526;0.6232769646156034;0.7222835746147221
0.03624836854181307;0.31323670221547184;0.727532360154229;0.07062020396359373;0.709319105452809;0.688966136731714;0.7060539797712362;0.6237237361571761;0.49538738109011143;0.41148957769249417;0.6447823409596898;0.7155089925015045
0.04349657301953831;0.3064681216363456;0.7085392815515976;0.07996409743768446;0.6032409030198743;0.6784211843935734;0.6988239155162151;0.36702944634759754;0.48210525466103044;0.3628823428765236;0.5842925489081521;0.7072175291041793
0.06537831464553587;0.30131739690296167;0.6935530315632623;0.10765321261743616;0.5334200724178364;0.6646879833720474;0.6898371642572989;0.09072885327270808;0.35457203561232364;0.31753124002796046;0.5694187864146656;0.6969007303051487
0.02477857469935868;0.31135470663981213;0.716328941784389;0.057051525957185406;0.6494289750838259;0.6620356209264553;0.682029209658303;0.513582154451554;0.3168847483335321;0.28227991758807475;0.5976031452797121;0.6874889827486971
0.014973908912597908;0.31213061709644396;0.7159933580498654;0.04507062882364399;0.6574666520733092;0.6599103985965227;0.675287225967644;0.5455564743687225;0.37797157210952975;0.3271719324568684;0.6105821609587421;0.6789917559971371
0.06429843012706396;0.30121834450424245;0.686593752350459;0.10748263323772597;0.5199645500759359;0.6478930997189742;0.667091102205885;0.09587508149106921;0.37973246366623503;0.27845598243095787;0.5767135616503245;0.6689622153838942
0.12332232226594542;0.2756298081685209;0.6208174188408914;0.182310542553847;0.3142907003905555;0.6152925686814127;0.6529314807241285;0.0670942253043515;0.22695711223486573;0.20062359109030214;0.5038605466344556;0.6528017652816573
0.12313621971854438;0.2673424241423712;0.5982071730645814;0.18214468116086066;0.26819927689964596;0.5822267837669931;0.6338925598857997;0.03284132080838273;0.05152070588233302;0.1731661296756427;0.5047131827009625;0.6313279768290996
0.1122149386473773;0.27957539538415777;0.6265893218216445;0.16863848637902493;0.39692998706341265;0.5673079293405333;0.6151822188525125;0.35519909053167864;0.14025393701680555;0.13169886953276777;0.5433660177158824;0.6096182390788659
0.08496071032403882;0.2905371941757191;0.651770180180329;0.13432844207037922;0.4933228830047808;0.5656533869219807;0.5998280925926214;0.5418741234483756;0.3027099880237055;0.26555080707686624;0.5704608971626165;0.5908548290195255
0.0836163642908391;0.29357480106976563;0.6571251083612921;0.13280877774191327;0.5181096753329609;0.5674070536282325;0.5879537616490693;0.6060141339887426;0.4988332698597668;0.3534071490597929;0.5670503528965939;0.5754313934119801
0.06844166052446635;0.2929474692112124;0.6532718659224258;0.11378688582505034;0.5131777139747531;0.5685721374407902;0.5787260043972036;0.6047830639688718;0.5842337404309064;0.3319598778935033;0.5846714982710426;0.5627376136095803
0.060706161218677834;0.29202298015650285;0.6487312601532963;0.10415060430770973;0.505491084517379;0.5690001942523419;0.5714436251027356;0.5896344339772659;0.6005759475751379;0.316884074487896;0.5967978778835682;0.5522110708234141
0.06798864774460853;0.28629444976392504;0.6324482432431691;0.11377467236830444;0.45823792402482855;0.564600413927124;0.564591655290715;0.49576703027924823;0.5628525536959819;0.2911815358469225;0.5515607976884087;0.5424056372256769
0.06602232740825267;0.27977350018159575;0.6142447815013627;0.11143929664088686;0.40845911364077114;0.5557679887351971;0.5570502823962394;0.3889150865884212;0.4889887290455191;0.26180229755334883;0.5306238453886594;0.5321761153445163
0.09011526114350218;0.28380163106283174;0.6221813025095901;0.1422788477261247;0.4508286139533316;0.5528859763850372;0.5503450741682497;0.468435056034831;0.4475177813453535;0.2414149924861282;0.5734924920657472;0.5229828141298783
0.08091542863579484;0.2906197378413178;0.6368956541837756;0.1307266870268498;0.5182520420854808;0.5571644209021247;0.5459786774147999;0.5834357484694154;0.47751549988753766;0.36869459359357765;0.6664771919852215;0.5163570112681708
0.07521971119823104;0.28396671839403;0.617940869185206;0.12359556391598911;0.4625083280119392;0.5550992001572516;0.5420039328830427;0.4712195764327602;0.505677733487817;0.3402425898013714;0.6711666903510005;0.5104308820676438
0.05134961077631697;0.28223330141644887;0.6113475066334402;0.09332708924643165;0.44842193879893266;0.5524350485886984;0.5382028343415388;0.4501845115259391;0.49943292109952836;0.3182859927577639;0.6310927952252379;0.5049555694796546
0.09077151749486381;0.2680027734671637;0.573768991019807;0.14387907446764828;0.3462653085733949;0.5382878320719007;0.5318627037013783;0.25864589206121974;0.38829915641101664;0.2626724621345008;0.558808204253706;0.4971590953299879
0.10293184973688527;0.2620761382771484;0.557053901473164;0.15957611617026057;0.3104389316436077;0.5226436036532375;0.5231422314119246;0.14069396372588788;0.2752027805810822;0.23827007109463938;0.533087016247453;0.4870216894442868
0.13275233424017513;0.25545613629610076;0.5386497757559489;0.1977765811250178;0.27327182204365696;0.5053920295532838;0.5121426390522917;0.12580294923454688;0.16420872241789844;0.20547234211298704;0.5158921889062579;0.4745043678186196
0.10360769583007856;0.2678046686697262;0.567393449076095;0.16061930679195152;0.40435183564665256;0.5038409618883594;0.5029812429282614;0.3707090892991736;0.2025535313654811;0.2528131784156125;0.5539765998768407;0.46364939352788115
0.07311381395132438;0.26953808564730686;0.569654830511685;0.1217630282173664;0.4212345774976679;0.5052275508440716;0.49597549042458516;0.4050876250034299;0.2930214519541826;0.259619687981604;0.5753872388802037;0.45491069341057133
0.08647156916280788;0.25974840690725376;0.5432601060801464;0.13910359108209808;0.35721785090819513;0.49871651794518523;0.48885245990029486;0.219655042935972;0.3251349440819347;0.22687937340883074;0.566008242148643;0.4461216646393833
0.09276967116169618;0.2573381318717596;0.5354637204473561;0.1473187304400401;0.3424524699924496;0.49261355239388327;0.4817307717526922;0.17755228331072107;0.25904223028201107;0.21233645566129855;0.5475344607076874;0.43738283064427486
0.10624251610644087;0.25063558622511284;0.5170862218240051;0.16483286980339784;0.30268686590876726;0.48310660248710574;0.4738163192611337;0.03869139909988333;0.133671960401575;0.19196104844813194;0.5087395196816825;0.42788154459501093
0.09137879949164618;0.2543170337108327;0.5246365127181437;0.14582652781585767;0.3441607847480227;0.4802177888862653;0.4668110612456892;0.11814722489703419;0.09893889918858659;0.19060370266040966;0.5383923073279335;0.41928605219369136
0.12558738616523457;0.2408459074850593;0.4894831214420571;0.18986655856868692;0.2679762580879304;0.4673886563470517;0.45821499147551764;0.06549883396041661;0.060597425688312036;0.15695751201085206;0.5047131827009612;0.4091172122452814
0.1345545904886906;0.24558391389044765;0.4996399852205903;0.20132902803588612;0.32001049619379407;0.46300983677236807;0.4503169575091087;0.2123877683592603;0.12003133671618532;0.13258942103647814;0.5591397849462362;0.3995942510442993
0.10814272106411477;0.256545712682009;0.5252345243055966;0.16710484464720268;0.4288971814699306;0.47080173866866604;0.4458156684550224;0.4082746229144102;0.21930460324465206;0.26728544005017635;0.607597934725973;0.3934982014564632
0.0903111585618191;0.24949648363984522;0.506065899037746;0.1442992580384375;0.3839310942292601;0.47212327114249586;0.44252282987969327;0.3229083562213051;0.30738275196482234;0.2616549221824779;0.6063663492965742;0.3888014773821541
0.0883644279672949;0.25735464060487967;0.524079539795975;0.14222194131212934;0.4558613948747646;0.48153459631415474;0.4420833604873789;0.46985476925179975;0.39548056822262806;0.23672092632317976;0.5934820709582675;0.38720833498867147
0.0908792610749381;0.2595833195760555;0.528119583651075;0.1458766685877023;0.4755665323772639;0.4922018402639465;0.44421947743478424;0.6722367979354364;0.4858008466015998;0.25081165847050824;0.5949031310691116;0.38855862911894407
0.0954265298976191;0.25055304255951416;0.5042155905203167;0.1522746088841039;0.4127380351626815;0.49378152947871573;0.4462967680190826;0.4514406507318416;0.5297809078355811;0.223713640353072;0.5970820899057367;0.39026007443186483
0.1125797975889925;0.2578994287978338;0.5211132266382944;0.17476026040167109;0.4789691792467313;0.5026960249623273;0.45003753702485005;0.6310645730455504;0.5849422746295588;0.20301341050789018;0.625076974089338;0.39398367601292444
0.08105010811088773;0.25727209693928055;0.5183468911907143;0.13427444864019983;0.4743058483840873;0.5102088923316865;0.4547822171119347;0.6157259010277459;0.5656058680412231;0.2582266884680097;0.64250864478234;0.39908804718279345
0.09356795314133753;0.2582461121933499;0.5196975985655403;0.15101772881922304;0.4835854947684558;0.5179531733570785;0.46038399370653565;0.6395412075816977;0.629968478542388;0.23973298940042304;0.6347401828430673;0.4054098260980223
0.06746217343288186;0.25134546174926475;0.5016567817012016;0.11757422642463916;0.42919717437558236;0.5188313623691297;0.46507021616564503;0.5977016377984121;0.6185526398949714;0.2100716512308689;0.6535929136469135;0.4111218124700699
0.08468645393839516;0.24446132003830012;0.48371231648579505;0.14062494209932516;0.37984151611865613;0.5143347161123396;0.4677705377933375;0.38453973558996213;0.5394473710508867;0.186699238289958;0.6202453697124727;0.4150141420959538
0.07134339103328541;0.24834087232145796;0.49240867044057696;0.12348099448776653;0.42141691865034814;0.5151905509829318;0.47013038310207256;0.5046669466666668;0.4932972709805517;0.16535386629801457;0.5999242101274208;0.41860642787346486
0.075094826594054;0.2532769835242843;0.5036602646348824;0.12888531355064622;0.4724753761500048;0.5211638938680213;0.4734112939635947;0.6575096535259761;0.5137618569742729;0.19904095103623537;0.6343138648098152;0.42314789033781813
0.0641000839910181;0.24893518671377146;0.49176481633069824;0.11493015516339602;0.43717610653286143;0.5228793637460585;0.4764360848903681;0.5230694130443766;0.5611627356434807;0.1858667007330655;0.5993084174127234;0.42747592327820305
0.05853659731081817;0.24662396407699694;0.4847973019342247;0.10834654697541526;0.4186001322962519;0.5230338402533363;0.4788919428735836;0.24500272306596915;0.47231309285353795;0.1752456999589373;0.5862820330633318;0.4312377516388581
0.054922289942871405;0.24852246838577585;0.48833348980182223;0.1042840299895933;0.4406079798914009;0.525683853532178;0.4814746350062544;0.3259204181707227;0.35885277588815756;0.16359029177539286;0.6176400928425928;0.4351002354833136
0.061732173947112584;0.249133291511209;0.48874305293630993;0.1140109886983812;0.4479712897728816;0.5291208864451915;0.4843423341637785;0.3519548070305218;0.3003022701247908;0.18575451609789417;0.5983136753351328;0.4392281090493611
0.03867015037575573;0.2475319443985864;0.48355845580423906;0.08377208587797957;0.4325641708713125;0.5311803817529485;0.48711678539792463;0.2837024902899731;0.31354421946315725;0.17382796813536072;0.595518923783809;0.44324612727039425
0.03922845801795889;0.24312411265559453;0.4713322276226726;0.08495276395128795;0.3910073284823291;0.529656941212996;0.48898106703058813;0.09583271122064677;0.23481481157865725;0.15660964914418773;0.5800767372459854;0.4463068603764213
0.052826187566880595;0.23307029418562397;0.4450470311339348;0.10365677144566718;0.30932275435662177;0.5203541426206084;0.4883030001946249;0.07777304701073195;0.14099768460032713;0.12522194157444166;0.5710293212069536;0.4466838288493681
0.06782458365676813;0.22707762406312915;0.4288852086768075;0.1242098741603028;0.2680912032186437;0.5086514132492626;0.4850313702140718;0.017153901030986227;0.0497924095207587;0.10677752207883412;0.5735872294064691;0.44418873983779406
0.07266080117146656;0.23069303661636997;0.4367856321299533;0.1310093592590265;0.3198165533889302;0.5036927930466841;0.48125767361741845;0.1290750841692515;0.061166995210759224;0.10923346733632877;0.5728293306806882;0.44085221501586247
0.11010659268274167;0.22481592762571356;0.42107070563994786;0.1821436896383739;0.27814353452562124;0.49568562099145286;0.4763713753800932;0.09025142991522775;0.0654367396071436;0.08834411162994057;0.5418028515939548;0.4360724592736326
0.057990533257259835;0.22950440783174297;0.4316644459121381;0.111988575685116;0.3441082799816608;0.4947184499451498;0.47223678423589394;0.24612373544812433;0.14378364360312573;0.0740398761299057;0.5677135142816543;0.4317504574217095
0.0630887635689571;0.2359263050153526;0.44650232534136197;0.11940177613438932;0.4268649613974208;0.5008098583820891;0.47034967983085774;0.43398912104112225;0.248116473447893;0.21889552227169945;0.5927715409028455;0.4295184402211266
0.042473009008832524;0.23779179185789223;0.4499591809396115;0.0916200243130037;0.4498079259697666;0.5083354000012064;0.47059501693266886;0.4885618423059286;0.3844068617412364;0.20158175221164398;0.5926768035621235;0.4294234669271987
0.05820602041740841;0.246491894212038;0.4704866115128974;0.11336724539810414;0.5484756639895797;0.5229388018038623;0.4741969247287201;0.761870585008172;0.5608806274299399;0.30788586846589194;0.6158874520392212;0.43285506284392933
0.0747226214992519;0.24457688117013854;0.464595298368939;0.13627074930928298;0.5282295974289039;0.5335401291814887;0.4795507711188048;0.7635086777489675;0.6736327597791948;0.34473366443126663;0.6149874473023539;0.4383400073435736
0.07777617250726657;0.24779608412850385;0.4714370889613959;0.14071922077951995;0.5637045693018975;0.5454224195594957;0.4866048999041034;0.8680796705810677;0.8034928652918988;0.3129256414342173;0.6368717730093321;0.44587999012496327
0.0324504073441942;0.24957902730544435;0.47466967305771857;0.07890152356337662;0.5832989668067771;0.5569036246752629;0.494925718094372;0.9259959127649806;0.859651840686211;0.29780893732340213;0.6708351096584716;0.4550693031104146
0.08596958202837082;0.2532109485918048;0.4824877446741692;0.152512888226616;0.6227078356930431;0.5695737623604423;0.5045371570455247;0.8710105964723207;0.8964359110727859;0.4009583506118657;0.6984510444791812;0.4659398646884132
0.06852981436270897;0.25948426717733675;0.4969234726342107;0.12871807817745573;0.6851840021660087;0.5853653153225343;0.5159090333264719;0.9266123688665063;0.916464120050046;0.4428607794505214;0.7060774004073702;0.47898107525518663
0.044385457555151234;0.2640736949846465;0.507090493139269;0.0957498110799303;0.7265457507880057;0.6019343417700345;0.5288705729330618;0.9833615743172208;0.9360930025608811;0.4498630303833093;0.7361091374165131;0.49404513823322815
0.07638774955494554;0.2599795291709315;0.49567295999402766;0.13993068730186373;0.6688658346649988;0.6112496532245306;0.5414122148668181;0.8414831993409068;0.9259895749447716;0.4552008140216981;0.7109090047842356;0.5090707496123672
0.01668066516968389;0.26075543962756287;0.4963210689488009;0.05798718481637807;0.6765735594397945;0.6190795710465399;0.5532715321716591;0.8583010088916454;0.9026153886664379;0.4351337459317771;0.6947089195206296;0.5236818840805332
0.08217162083075197;0.2649651665731172;0.5054758481278412;0.14861458919180692;0.7179495970374836;0.6286910848600858;0.5650004731857668;0.9495465713477843;0.8910448654225602;0.4524906777877108;0.7014352707119516;0.5383451558958288
0.08479174880074047;0.2597649156403734;0.49132574378806415;0.1523967194060977;0.6417110545410233;0.6312729435217249;0.5749857375039071;0.8359557839155399;0.8891535425468657;0.41385016614920156;0.6615508502676328;0.5513412951892409
0.0818043131714078;0.2509327434212696;0.4682658569834086;0.14857490185348163;0.5311381473241794;0.6251081461181266;0.5815362655138211;0.6064609388420591;0.8029811004837313;0.3682184726314752;0.6417033773861974;0.5607917923375518
0.075538044502996;0.2518572324759796;0.46950538937869885;0.14014335458749685;0.5421653732649375;0.620783146605718;0.5857680610699995;0.5625251534792465;0.6705534820276922;0.32923350441836335;0.6351191322059578;0.5676467630698836
0.05840191783572532;0.2537227193185192;0.47308522371974415;0.116661082631485;0.5650334480570738;0.6187804678859034;0.5886864557207305;0.5815123850634043;0.5834902555855475;0.3083860870165632;0.6353559755577661;0.5728414531155429
0.07029289112756104;0.24645887674579825;0.4539789113416603;0.13324596586714235;0.47811091258541716;0.6105521541179149;0.5891022583438157;0.19991880302347317;0.44438320785421453;0.3381475810791556;0.6040926531192271;0.5751230445959878
0.07984044155278089;0.24229867599960375;0.44271990548205137;0.146785028280517;0.43388193104305495;0.6002827837203952;0.5870399954940133;0.09440075076773964;0.28420447631616286;0.3103176461359342;0.5741556534508077;0.5744334583710633
0.08049180046868457;0.24109353848185666;0.43888629023093106;0.14795782136519106;0.4212680188479577;0.5911428278285867;0.5832586693816574;0.2522431438589351;0.17153799474602313;0.269742173320017;0.5575292501539482;0.5714913260143062
0.08058730046011406;0.23792386172285118;0.4302986407005833;0.14846728460877134;0.38818097406369423;0.5812557609701984;0.5779278599963483;0.16177728602711977;0.15848706260912698;0.32402533205871675;0.5601818956941871;0.5664630230080455
0.07763414687898681;0.22659887080265406;0.4014531256090598;0.1445969239772726;0.28873310347957337;0.5636888589484235;0.5695664607935775;0.04671783531398851;0.1421713378377247;0.2774705872779138;0.5254606603192639;0.557826132621511
0.09382996593833637;0.22309901938125254;0.39212279976480313;0.16759058368233873;0.2628798897558121;0.5472205615565213;0.5590367937262181;0.020131934797756844;0.06274954562217194;0.24441196032175688;0.5033394912604802;0.5463953351685912
0.12272728385780785;0.22772146465480203;0.4030327710898931;0.20836413433806508;0.33573528765546123;0.5389786533271617;0.548690976630248;0.14351091445753944;0.05649931766808416;0.2278271585101927;0.5315238501255267;0.5345837362872461
0.094486222289698;0.24695413873939298;0.4501251198905485;0.16921055022526632;0.5646523450065746;0.550187468072985;0.54302831435313;0.569594890173285;0.23541283491390408;0.37601031961232334;0.6120505897399451;0.5271520423243077
0.08047221072685287;0.2516096014791822;0.46090140673407454;0.1498720789675628;0.6070512525268965;0.5636252748650239;0.5416319959273055;0.6721069180205304;0.45849995705977836;0.4284621648607455;0.622755909241628;0.5240192532924945
0.09061969699566821;0.25218740713837606;0.4615525352561937;0.16453686977642526;0.6123367957088465;0.5750527230774517;0.5431799197793604;0.6848300420441229;0.6437238221517664;0.4251510754464729;0.6190611529534369;0.5240868356833843
0.121833501886737;0.259649354508535;0.47938308043084366;0.20918036253445418;0.6780128975469433;0.590858657627809;0.5481043378903314;0.9577972687382221;0.776555531454704;0.4990096402904076;0.6613140069158259;0.5279453010990658
0.11317238727940113;0.25276521279756947;0.46149433995826344;0.19740548646373404;0.6004946871736823;0.5972367146245724;0.553531289783547;0.7586033073129631;0.8061521127036884;0.46896645480529464;0.6534981763061902;0.5327697302644943
0.11616227162646278;0.2354805692211177;0.41782782756403763;0.2018785072661329;0.4470347303482809;0.5869642497492784;0.5554772246911839;0.34494972753664355;0.6898548264754525;0.3977260089445591;0.6073610913741647;0.5344035063400846
0.13010527037516803;0.23458909763264746;0.4151264128143856;0.2218103059942477;0.44025144726472354;0.5782508462255325;0.5550019324427237;0.3236151589521907;0.4728559148159495;0.37095911128092884;0.6138979678840414;0.533681103242348
0.11173254125477192;0.23661967180638532;0.41970682197125025;0.19621900049789773;0.46163404425351984;0.5734405518416873;0.5534998968804034;0.3722105651723277;0.34064341114576835;0.41057327665097443;0.6522192222064324;0.5318858909591718
0.09413115821899862;0.24300855152375567;0.4350327732859415;0.1716853775822926;0.5265751981778576;0.5755946694349977;0.5528006270643949;0.5251083066942345;0.40228850488155626;0.3780898565925026;0.6805930557529242;0.5308546633541659
0.11961496362429813;0.2347376762307256;0.4137983521946486;0.20785076318019227;0.4552088031976439;0.570225297200996;0.5509890277149814;0.3271709203829272;0.4035051843631818;0.32008403546308484;0.6435981242006527;0.5286687100269538
0.06959990401026503;0.23784131805725206;0.4209982360236578;0.13723125204779688;0.4870907322167496;0.5690747407763225;0.5492714286434939;0.4014468258251003;0.4135089934343422;0.3019666952756076;0.5973189332575436;0.5265160138483562
0.08585449229510966;0.2530788787268463;0.45846420412714534;0.16078011951384413;0.6213996639491187;0.5819658471211921;0.5509036655652845;0.766109914777865;0.4959728249668694;0.4684008300857634;0.6276822509592153;0.5277779118073825
0.06061310994497732;0.27047908343513694;0.5012315717177444;0.12513319902156456;0.7345569540590761;0.6076225607662895;0.5581928200108365;0.91128026626237;0.6958382743229671;0.6777712062709099;0.6759509260575055;0.5350326709289833
0.09389118388156042;0.2713870637567273;0.502838118798564;0.17277556193549287;0.7397607748888794;0.6284136210813634;0.5688727965324478;0.9047678181589195;0.8680602683944648;0.6456841076551576;0.657145563924021;0.5462265451694751
0.09038462009368795;0.27688447188562737;0.5157948077715976;0.16787450731009576;0.7713710503053833;0.6492114786354322;0.5822670158891354;0.9544271864575734;0.9324970324888842;0.6463495042692671;0.6926720666950882;0.5607679603697806
0.05451825151759279;0.28532043450985567;0.5360023014593291;0.11697699143263937;0.8161274807220616;0.6723745627228184;0.5983842205568748;0.9931560500349869;0.9605125751788555;0.6901688916900511;0.7664724551181847;0.5787120300941098
0.07601064702468552;0.2967114603625318;0.5634673252617557;0.14820901602864525;0.8685950854684964;0.699738280836847;0.6176594372309847;0.9431964732750426;0.9736617577370809;0.8223697514560071;0.8017147458670834;0.6005405347789153
0.08144924910070842;0.3000957506520945;0.5709138528416604;0.15643557094011407;0.882927598556157;0.7230053964268496;0.6385057007882217;0.9873551633328479;0.9849287661165741;0.7672577600471596;0.8055989768367198;0.6246580819421326
0.07512421120680154;0.30539505398355704;0.5829998083947271;0.14765301885256746;0.9049250554953089;0.7444901415450145;0.6601931378241357;0.9714255223299711;0.977493203383078;0.8122394021464945;0.8024726445928657;0.6502536122422191
0.06791273749501073;0.307970416350249;0.5882861100451122;0.13743154972123664;0.9154769451477031;0.7619263507135006;0.6816093604569813;0.9466681841491691;0.9786811231771826;0.8128225983886634;0.8335938610203211;0.6760864455297658
0.07555273680936977;0.29669495162941173;0.5592537935373578;0.14874275051537286;0.7845056134075137;0.7637514178925054;0.6991679598281193;0.8132409672036829;0.9191042437895793;0.7154319299790203;0.7923357491355213;0.6983177405758866
0.08129742860151282;0.2906527553075571;0.5432543414515778;0.15722839601164193;0.7222056525938388;0.7579495755439167;0.7118618001014104;0.7417411701289387;0.840512852320561;0.6475668956409525;0.7312775330396464;0.7156051690804642
0.0690073143198564;0.2882259715389437;0.5363746690142435;0.14016197985047749;0.6976739269129317;0.7494334313333143;0.7200308347032598;0.7130240385169541;0.7605665332184484;0.5947734437280126;0.6743877599355778;0.7280015532997218
0.0477034700778937;0.2941691154620796;0.550246012386815;0.10986874728500273;0.7359968554397764;0.7462845745966116;0.7258317220806887;0.7699899422228362;0.7457672741346998;0.5608771054981642;0.6888352043958121;0.7375076165245189
0.08607732560844514;0.2888202859312572;0.5361317310959981;0.1660249371198228;0.6801794792450973;0.7373975905704045;0.7283999113513082;0.6847806557890438;0.7262770213688295;0.5013949572200392;0.6577139879683568;0.7431732617989236
0.10367136249103157;0.29923729652986397;0.5612262572792163;0.19211966906559583;0.7470737525977474;0.7380490785322767;0.730606395328733;0.7863266472745362;0.7513590696901933;0.4756431211736245;0.6633982284117277;0.7478605567551934
0.10128386270529435;0.285155347178657;0.5252866804688338;0.1889448669100113;0.6156497267023203;0.7245156303182197;0.7292154667177481;0.4001130236221456;0.6247978066936692;0.4527857507815015;0.5903083700440519;0.7483283723919905
0.068147814396991;0.29324462640736915;0.544575127659072;0.1409909184115697;0.6684206915367871;0.7196164232934692;0.7269601868776189;0.5503277474923151;0.5787918813929872;0.41870845696849424;0.6038084410970586;0.7472862078659548
0.07630449315216087;0.2874005348829529;0.5291487071036152;0.1533995768286808;0.6182880090946511;0.7092243106787579;0.7227324335231271;0.3235873385571797;0.42045577442267845;0.375951564414546;0.5718345886030989;0.7436664418675376
0.0729742370407736;0.29479644732063237;0.5466517664743474;0.14851574446217228;0.6668516839123487;0.7063477691627915;0.7186793967724173;0.46263466661308916;0.44184888576222126;0.3509148443895559;0.5856662403486331;0.7396717288553665
0.08293317204445891;0.2787994849275264;0.5058447843562253;0.16351098413155302;0.5414465249531545;0.6887190930576301;0.7113258094331014;0.16651757658917665;0.31052006382820446;0.29065823460067314;0.5721188006252661;0.7318619184762265
0.08758083829402732;0.2742926007858153;0.4938011027459941;0.17072372710605666;0.5103919887087899;0.6698875976291165;0.7010512738762849;0.12005331055684852;0.24087656256852963;0.2647207578257354;0.5765240869688792;0.7205455870374035
0.06944563479334045;0.2747713540462904;0.4941983131049768;0.14446422308871285;0.5141065450788346;0.6547343259446146;0.6892977729600844;0.13108593225760437;0.12743010388255402;0.24701820759494109;0.5848609729524892;0.7071540049580817
0.08555085129671847;0.2694720507148278;0.4802752253283517;0.1685065173347831;0.4757776285782429;0.6375292493970962;0.6758826013256934;0.06838244219450985;0.09385107818852009;0.22788929638032424;0.5526029084363596;0.6915429348933257
0.11473956662593632;0.2669957407468546;0.4733730433889863;0.21150941717921504;0.4580376579441324;0.6214074905392737;0.661390732061025;0.030325302412007572;0.06314872974262203;0.23606369691934564;0.5608450570792475;0.6743366889715315
0.05509125146616972;0.2648826229075181;0.4673222421879681;0.12361834283666459;0.4425555885228145;0.6066391754644767;0.6463531393501228;0.05821508364657108;0.038214417348294484;0.21797857720231772;0.5248922362749282;0.6561309868186862
0.06947257068835902;0.2612341928880375;0.4573481994868934;0.1452390271914905;0.41566745688703244;0.5917427362525921;0.630849088238397;0.04735132967126265;0.031018174410957514;0.2013373786410972;0.5548292359433477;0.637079458367341
0.06017234075376429;0.25073463862383205;0.4303857963944173;0.13195328718678104;0.34526858369385505;0.5708610727472496;0.6135760649454972;0.0131413763826941;0.025138328245545294;0.1739684442946946;0.5014921131163852;0.6159185016683921
0.09399892746163471;0.2544986297751506;0.43893034846356116;0.18229467966588392;0.3854710324708355;0.5581333425683984;0.5967894308504765;0.10305520674484352;0.04048133108472375;0.15996281286601832;0.5290606792667317;0.5949298228328495
0.09688841438180895;0.2412586258130549;0.40508593963171113;0.1869315051685644;0.3051239519701648;0.5369119822549613;0.578411120971929;0.027931032084329364;0.03383626277478667;0.13276474065533855;0.46984984131495444;0.5721012660006095
0.08362615916175495;0.2540528939809157;0.436022916869116;0.16753227950989308;0.42897632866996505;0.5322853953592434;0.5626295134619047;0.2842503754938211;0.12660197918400656;0.10826751952255767;0.552460802425276;0.5516743365491233
0.12318274535539464;0.2325585234589096;0.38161813672930406;0.22668542295549485;0.3136790721910682;0.5104109467711997;0.5449029190838176;0.13931082075840528;0.1390076094613166;0.0704528735332027;0.5037184406233719;0.5292248472661328
0.11303036165112137;0.23924456037243713;0.3974634536274065;0.21182186531425415;0.370512365837411;0.5001766081265206;0.5283349083372538;0.22816606358095098;0.20752228882610219;0.05763095480219982;0.5215290606792672;0.5078351939174256
0.11523665632491545;0.2467725426750751;0.4153178808346956;0.21524074381524536;0.4309968290007834;0.49992270391763777;0.5150212871083903;0.328210485129296;0.2225641763220282;0.10089018370718963;0.5583345175500922;0.4897424286143286
0.11390945131581845;0.2428929903919168;0.4047916690685946;0.2132770794658939;0.40892982675145073;0.4974098446185282;0.5037843698595198;0.35269820119919687;0.2955792119135352;0.0846131933672209;0.5543081805693708;0.47394383948082536
0.030425317782343267;0.24267837686135962;0.40354952886514256;0.08904730410171674;0.4076650464745585;0.49639463268569683;0.49455807996074386;0.3653060840395789;0.3425045898535166;0.07831751562911465;0.559755577660935;0.4604697978276091
0.20097605888676395;0.2264998184039353;0.36255327477568683;0.3441599194266932;0.3203223065640417;0.48245640814007096;0.48392653494868226;0.1263727157685371;0.27344149960355063;0.05282045277480474;0.5238027568566143;0.44591091830870294
0.14927873019293447;0.22541024201802706;0.35925439745082577;0.26725993858441255;0.314979396782438;0.47188687040797;0.47295639240282966;0.17774487545886783;0.213577494153017;0.03732399244029161;0.550802898962625;0.43122571392868697
0.19506975172450947;0.2267804668669724;0.36200563506167766;0.33600326088588195;0.32852169591198555;0.4662508887930278;0.46286591928321436;0.22352529497925971;0.16506417842625326;0.031640132219809824;0.5439344417602195;0.4176075592456422
0.15385293491063404;0.21621487767028746;0.3352345627364519;0.27405640931566577;0.27464568210651347;0.45399631847169997;0.45193567024965886;0.04337061346186488;0.13666324186865234;0.049969623813478886;0.5516081663587703;0.4033241305465704
0.14459433317743162;0.22063921814639942;0.3457241279352258;0.260300449744562;0.3198023634099638;0.44994307506434056;0.44224622001743896;0.14157663032238213;0.12428750671286323;0.03931493439172287;0.5275922504855287;0.3904244938322692
0.13156225742389996;0.2153564235480565;0.3321437610523014;0.2408537174560029;0.2920927066249331;0.44378299469940363;0.43305807644079675;0.0730175425336201;0.0727880746521875;0.04866472928308621;0.5741082847804453;0.37820372043856343
0.09885718343589378;0.22318156304685166;0.3511969564957201;0.1919730983166327;0.3711645388424223;0.44762644469843016;0.4266038869689461;0.250445900268757;0.1436432930118411;0.04027339345670283;0.5773767230353836;0.3689480591602342
0.08203694135565909;0.22162974213358844;0.34690930811829956;0.16695438424429332;0.3617629929556295;0.45097683774606423;0.4222218756857419;0.2236625502584406;0.1717307382642838;0.10186778581071845;0.5513239543366018;0.36210668108496463
0.10993518244171438;0.23765972199293417;0.38626662340450174;0.20871865458725417;0.5061406051148263;0.46944046538412415;0.423022142431669;0.5988858771370181;0.3516677855638894;0.19883140752378647;0.6084505707924787;0.3609372250297068
0.06450901985175461;0.22418859576716077;0.3520844347891501;0.1408438777953657;0.419547877176881;0.4734632719751305;0.4246005087080715;0.33421463287887926;0.3803310410026552;0.17059150090656044;0.5704135284922548;0.36115341606131923
0.0793849800551941;0.22701158913064967;0.3584699962063251;0.1633609691923223;0.4430373186799039;0.48052594150997696;0.42751027662884733;0.41187445400964723;0.4447317512168786;0.1567782301055386;0.624934868078253;0.36326336632306555
0.061435879101908286;0.22504704988939128;0.35291605108668705;0.13663906826693328;0.4303580557771922;0.48565885699721434;0.4310351307277505;0.3640054365137913;0.36436240746080617;0.15693393365567;0.6224243285490978;0.36651044820227136
0.07050837828770964;0.2230660019150128;0.3473444003221602;0.15049244323701488;0.4171567630199874;0.4892067727539816;0.43468241828513154;0.31341519488116604;0.3572454368951182;0.16485763951791815;0.6128084884657288;0.3703279569586777
0.08915781251147836;0.23554660415359674;0.3778258346495901;0.17864324558672287;0.5259982724073516;0.5042527642930782;0.44110910215495924;0.736103979805239;0.46818747253415305;0.19653471989465743;0.6789351522902746;0.377373026567996
0.10982009270845322;0.2357612176841548;0.37779824678429735;0.20978440278784607;0.5277533755481921;0.5172958292575824;0.44929220347868015;0.6414703714468916;0.5631280077133493;0.32378125111794437;0.666856141348112;0.3866775024437301
0.10363952916055508;0.21796480338098823;0.3329012606968163;0.20063569449220894;0.4042544562417435;0.5127039724782418;0.45476782429044565;0.16015662352627705;0.5106873243933453;0.28017160550023457;0.6309506892141535;0.3936478419543144
0.10665145196717737;0.22415557830092103;0.34776988481174087;0.20514701318234838;0.4572538467421082;0.5155463125629136;0.4598111789408794;0.3275895135728725;0.3709054018167289;0.2543114015991851;0.6262611908483725;0.40038348125705736
0.07189680124003064;0.23444051903456886;0.3727961962235629;0.15289350984785535;0.5375289015324072;0.5277989463928839;0.466703281592754;0.6057513549036123;0.3586833797889323;0.3192726740841846;0.660224527497512;0.40916451448508895
0.060010725383652846;0.24279393799319804;0.3928819464460507;0.1351150569432962;0.5958161571541669;0.5455777262155481;0.476363127122849;0.8316741345398185;0.5884573939114708;0.43014729157419707;0.6381980957794502;0.42100859663393897
0.04351861147909897;0.24815927625713963;0.40538213173768367;0.11035548636028855;0.6310086625185801;0.5648428185309657;0.4885837877322362;0.9352457041771829;0.7963798975418298;0.44403483929349497;0.6922457486618347;0.43580969803995584
0.029365023005703053;0.24591408855284413;0.3988339254430398;0.08931802605949149;0.612349659290952;0.5783271408289844;0.501504975429175;0.8632964865962792;0.8845044479164345;0.4262998883486344;0.6777035668608784;0.45171866886442363
0.020867972486207587;0.2571565358074417;0.4257740935396076;0.07679390574124334;0.6849191478765698;0.5990482443342636;0.5166742640259357;0.9904710925351273;0.9388402081469586;0.47223776068306644;0.7155985031500159;0.47029213310621215
0.02661511299607959;0.2525010730676529;0.4130724207541998;0.08592467180602795;0.6443248556991193;0.6111534579216906;0.5316327341743207;0.8587419578616922;0.9126628224525919;0.4555908475506045;0.7079247785514665;0.4890315060701782
0.03908643238967914;0.26305015353121775;0.43821004439861955;0.10521174902078523;0.7086362038920072;0.6298072191518291;0.5479497268442499;0.9742689486141504;0.9506344131210487;0.47969171930614973;0.7023826441191792;0.5094608824816388
0.04194653469710585;0.26032621256644717;0.43033981661892945;0.10986414669460637;0.683935675069076;0.6416491506203714;0.5637649606107924;0.9108190850603548;0.9233797828392959;0.4608248758616885;0.6939510207948459;0.5296551118694469
0.01902408803629979;0.2713705550236072;0.45672520784231085;0.07580466616009154;0.7474119741516531;0.6601867895059975;0.5807402834520182;0.9933868237743956;0.9694513905253821;0.5062109694059626;0.7767040879162525;0.5512325433562258
0.04998077756582765;0.2598969855053319;0.42702941003693123;0.12399943133792471;0.6471635458432426;0.6638591525619778;0.5951769681770759;0.7935538900006573;0.9076158854953803;0.45226428879766156;0.7260196106295289;0.5703657847122899
0.08199041571880883;0.2726582362069534;0.45771672395609464;0.17401739979339848;0.7186050190829584;0.6772603248818116;0.6098515838809615;0.8991453482739423;0.9036214679005575;0.48403381746218543;0.733124911183744;0.5897322172241714
0.07734764690469834;0.27719813781490377;0.468100467044716;0.1677591158007433;0.7418350790743853;0.6908655411985039;0.6247641291719261;0.9367260011916883;0.884233761050347;0.47256783215357734;0.7221827483302542;0.6093205323292025
0.09936406800578876;0.26975269917786493;0.448634826152528;0.2026753354654713;0.678013278548729;0.693883669475851;0.6373980187147;0.8256887503646543;0.8952293877287314;0.43243564750760977;0.6854246601297895;0.6265148893972371
0.07259223707505563;0.27610856142899554;0.4635142932592822;0.16133495101377965;0.7134580702255645;0.7007694167004649;0.6491109454536845;0.9084113446224208;0.8983999456678999;0.4020901563981033;0.7101037373880903;0.6425788391389153
0.08526190260470104;0.2630831709974575;0.43015054464759706;0.18135898556594843;0.6091309660422184;0.6934789208713724;0.6567810809061853;0.6318389097626678;0.7940763357801174;0.34839077287535536;0.6404717919567999;0.6542399237021553
0.08582265896463318;0.2726912536731927;0.4531146288155661;0.1824139380069581;0.6652313846603061;0.6951668356017544;0.6633108254097965;0.7910976607928756;0.7822402579810686;0.31518211908632254;0.6813983231490682;0.6643042263286295
0.08334455662292439;0.27399544358965855;0.455379578830747;0.17884221971899852;0.6726474780820982;0.6965314125195674;0.66885285201286;0.8041985611495662;0.7465816352516341;0.3526193465026572;0.6548718677466726;0.6729274864578483
0.0809129799180659;0.26763958133852794;0.4385394517453932;0.1752347797076448;0.6210664700757732;0.6908576284985424;0.6719632983681846;0.622206784755298;0.7432857985963354;0.31860490074684206;0.6444507602671596;0.6786273939881446
0.11324584881126998;0.2610525968237196;0.42110543066442074;0.2259702626048565;0.5703686555371145;0.6795298659959549;0.671809924419271;0.3759896784517384;0.6012477640961339;0.2779962912626525;0.5938610203211594;0.6804802212311474
0.028792023057126123;0.266781127216297;0.4343602332862829;0.09416021352199544;0.6094842812952969;0.6747851340070461;0.6705807132074442;0.5416450716963443;0.5114094974774546;0.2569067681315967;0.6432191748377621;0.6806536126469197
0.11636306648023761;0.2517416713441407;0.3959329447424655;0.23162919714082456;0.5015279466934204;0.6568986494146771;0.6654260631565473;0.04946028484918757;0.3154320878050995;0.21036476030666718;0.5634503339491247;0.6762517895269836
0.08332251816336375;0.2495460098392046;0.3896511466395238;0.17998524870537558;0.48717004780052053;0.640270309797824;0.6574244721959591;0.12019597376849638;0.22790682547257554;0.19355644534054994;0.5441239164416661;0.6682781011196494
0.09046542777874364;0.23957473503483318;0.3641153518646922;0.191430564786534;0.42480537401516316;0.6179455843714629;0.6458168826502415;0.0004220146617606776;0.042715832965456675;0.1660384885810779;0.5368765098763675;0.655921714082056
0.11238145145294665;0.23777528312477303;0.3590095379897255;0.22604577476003748;0.4140057177779247;0.5986340457781931;0.6320271951593881;0.12515727466829699;0.06861716974739349;0.14769480135433816;0.5134763867178259;0.6405901354187549
0.12638321942714698;0.23969029616667203;0.36311422803662835;0.24773503321153337;0.43111202261028403;0.5851859562239927;0.6178592357428134;0.20335682694612364;0.09707242629556287;0.13037958245453946;0.5563450333949124;0.6241706739216321
0.10624251610644087;0.23320236405058248;0.3463607076328624;0.2159905601154727;0.3894232456069959;0.5690589856005691;0.6027639208241155;0.1290734440278612;0.14109325205695547;0.1099168042295908;0.5101605797925253;0.6062200723086609
0.09619052982905502;0.23685079407006304;0.3548417115346916;0.2004234715495056;0.4242402076841254;0.5599748529392353;0.5885691715111068;0.19791277481106806;0.16598809551690558;0.10604368689232907;0.5168869309838472;0.5886927212619026
0.13911410290001638;0.23125433354244374;0.340521138892961;0.26789867385446386;0.3870465312082414;0.5483420706283402;0.5745005078012468;0.09231760225221447;0.1279936605773534;0.09221208059932356;0.5190658898204722;0.5709500523437065
0.11160520793286594;0.22970251262918095;0.3363774689766902;0.22492086569889916;0.37680564111084036;0.5384194540208498;0.560931537832603;0.06303752490551343;0.10539806483464287;0.08249410358560444;0.5335133342807066;0.5534656284892364
0.0938985300347473;0.244114636642784;0.3718856594158621;0.19735928057793803;0.513034217648856;0.544057741502865;0.5513912586885307;0.33496845600840003;0.15229458430064804;0.17492953786951032;0.5584292548908155;0.5399653018764063
0.08507335133957103;0.24328919998679277;0.369414692555888;0.18374326362112905;0.50655647240339;0.5483573478157423;0.5447617403138612;0.32285232653225127;0.2311769486823395;0.19162898829085478;0.5992136800720002;0.5295678256809027
0.0659243786990942;0.2445108462376595;0.37199889319131346;0.15382958451050008;0.517737784441596;0.5533682174246387;0.5406267032344617;0.3777006370974472;0.3388456322219611;0.17912942483216637;0.6090189948368144;0.5220049533645428
0.11335114367361529;0.28018621850959136;0.4602338078446162;0.22890781679778308;0.7552650814941454;0.589327324135973;0.5457046445959193;0.9954198740554558;0.5648331470204166;0.5201823334673842;0.7399933683861495;0.5243024087932798
0.10629149046102007;0.28627794103080495;0.47460900720468674;0.21789880438181922;0.7835690363158055;0.6229796251072245;0.5576150018953727;0.9479738500200341;0.7787317861629601;0.5923799112414935;0.7626355928189087;0.5344651561848083
0.09424379923453083;0.28289365074124184;0.4654604044133998;0.1992371858399746;0.7529115514875008;0.6460667804814554;0.5725274096924595;0.8803294095732477;0.9507169224715202;0.540095579091143;0.747430249632892;0.5487867253007888
0.06994517321004856;0.2867732030243997;0.47432557963340216;0.16108911929908745;0.7724815260780671;0.6670326358393872;0.5893467525932538;0.9408080950577385;0.9320303395114735;0.5092089479045966;0.7771777746198663;0.5661164253856928
0.06434250704618527;0.28769769207910967;0.4758544414816087;0.15250475990075463;0.7772685131635882;0.6834860737928932;0.6066393092709953;0.9537469315551377;0.9340057222772566;0.5061695846685096;0.7693619440102318;0.5848904679774518
0.11513870761575701;0.2974543533529235;0.4992787351636307;0.2332206027540262;0.8258705152752542;0.7040219688699865;0.6252625008639822;0.8805378328817794;0.934077038749951;0.6369598027512557;0.8134148074463542;0.6058346646838972
0.1305876677677734;0.27212995674711893;0.4354459050000189;0.2579094299160568;0.6085617508153432;0.6965198621815907;0.6384114987386725;0.5662068477027916;0.8058992460813091;0.5104474961932715;0.7452039221259052;0.621853423683921
0.15545929374083262;0.26544391983359183;0.41819456774344366;0.2973807705236753;0.5628621139262407;0.6836075898488849;0.6459194447701766;0.47454484538372865;0.6419300492850712;0.4486424419305367;0.6846667614040072;0.6323330443601534
0.10277023436677382;0.2763561924257929;0.444761819272855;0.2138515033328023;0.6281818899953323;0.6821560354437026;0.6515872867017605;0.612263266161428;0.5501341942681542;0.4291862907123878;0.7183458860309795;0.6408155294330125
0.0949025043036214;0.2765377884901108;0.4445499005464307;0.20207145318990435;0.6292430882154271;0.6802171061632405;0.6556693853669349;0.6124672741599306;0.5659631841421994;0.4611662985140038;0.715361659798209;0.6474654850424011
0.16053548559296923;0.2643543434476836;0.41353770863151557;0.30674266295000063;0.5427802896233296;0.6669909638988585;0.6558506148801356;0.45239710921425025;0.5583848646495221;0.4146151220671981;0.578039884420444;0.6498392015029931
0.1167058869622922;0.2593687060454979;0.40054203978911285;0.2370811165367038;0.510249986625384;0.6514332684493674;0.652367410941373;0.32153466907466594;0.45890588505893287;0.37886746920368686;0.5462555066079295;0.6480086606716294
0.06429108397387706;0.2510648132862281;0.37935250044881674;0.1534598829914532;0.458652244396465;0.6312936832708338;0.6448841243951454;0.1693136982841812;0.3072714535933406;0.3365925181704547;0.5321396428402254;0.6415057633569061
0.17415770231918054;0.26029319510020743;0.4018819041721087;0.3283215282556732;0.5251399630740203;0.623287755070171;0.6370304442756773;0.28168400436742913;0.24885833000290475;0.2911334342940095;0.5474870920373257;0.6339436443980827
0.07686524951209298;0.2553735926305012;0.3891784470969045;0.17345305857555185;0.4933731842589206;0.6123763708008723;0.6282028721096873;0.17039102509194803;0.19714131411362504;0.26847744048653527;0.5307185827293813;0.6248052815107351
0.3281844961885708;0.24371842704790803;0.359783508001579;0.5718441309545617;0.42389130804488206;0.5933605020145183;0.6167061512486572;0.26283250589678614;0.22914076530986982;0.21357880175535315;0.46928141727061734;0.6124060521566566
0.18979031630086907;0.2589064615181429;0.39710371335411926;0.35121037160952406;0.5306907524659855;0.5919340397398133;0.6071761113655016;0.43953758525451675;0.2831537289767422;0.21999133702496604;0.5855241343375496;0.6014601048787549
0.23899729906434497;0.2384191237164459;0.3456425996168984;0.42879782495671837;0.4202266050131487;0.5727770082307966;0.5950844959773066;0.20117779886001433;0.29368807912331396;0.181624936881287;0.5459239259153994;0.5875370773363912
0.18191524008452975;0.21898834483441698;0.2969737621558171;0.33818281146720186;0.3378330961008028;0.5408805406224619;0.5779726748036765;0.07174804073725387;0.22830446086160244;0.14770467633770445;0.4588603097911037;0.5680501088718654
0.19328953393555465;0.2295539340311019;0.3231311760446192;0.35679881319604734;0.4069490283439281;0.5258754705725828;0.5607839072818882;0.21352176397013553;0.15096833535486598;0.12427943053140267;0.48865520344843894;0.5478830852408584
0.14154078216941698;0.2182124343777856;0.2947904777120244;0.27501207821535145;0.3604072194214444;0.5049152620082983;0.5421447934818742;0.09752497169715832;0.11550131359930246;0.1105829715072083;0.49107100563687156;0.5257416550848929
0.21254135272064784;0.182041800112259;0.20477415557799072;0.3876894058842332;0.24448124112501401;0.4575857477264277;0.5161958551893824;0.06911580022319741;0.11460063646262164;0.07523382895846878;0.40159158732414324;0.49563415921195386
0.2656785274391065;0.1751411496681743;0.1877678150355783;0.4708629332820977;0.22651789231545583;0.41600289968157517;0.4857392289857235;0.09742756701256279;0.07487653513425555;0.05829872899788788;0.4056179243048652;0.4601257601494353
0.23788558121539655;0.18970185227985592;0.22416938564980782;0.4260542210974304;0.31747564476590173;0.3983625276059054;0.4572600424837612;0.22812416660482188;0.11956383034687515;0.13963222289519822;0.4209180048316052;0.4257657415996018
0.17042585650024364;0.2272427113943274;0.31752534926786447;0.3191977249951896;0.503239864664965;0.41998998410587923;0.43952040098629747;0.5810955180012041;0.2947485916878265;0.3137493179103574;0.5427502250011851;0.40182533772175877
0.1786829326823009;0.21558754581173423;0.2882569574949221;0.3321175935161601;0.46127423779054944;0.4286599465398474;0.4273505971294721;0.49161816629368027;0.42962929820802476;0.33091404079279113;0.5427502250011844;0.383718591368769
0.17586690729399548;0.2218608643972657;0.30355408566677206;0.3273937938865451;0.4890097899974716;0.44292331451389844;0.42094109336353885;0.5622473131395527;0.5439566468346638;0.3151956164945272;0.5171711430060151;0.3719549012597017
0.15062307622613416;0.24352032225047004;0.3570171725539995;0.2872916219730044;0.5773843153372187;0.47500375810006323;0.4232949239843256;0.776080266828067;0.6106748301967055;0.3557054900706172;0.6381033584387282;0.3698976435117093
0.17041116419386987;0.24789513652722306;0.3674415425487232;0.318158310815727;0.5940321553209689;0.5054027552197393;0.43226729442730144;0.8769135286655755;0.7425118420139643;0.3737682570319544;0.7064089810999011;0.3757362269911224
0.17891311214882327;0.2722785353451971;0.42747493347344023;0.33115836101267515;0.6793144181651358;0.5518203085219486;0.45027016093924077;0.9924996992712715;0.8897318567207615;0.4617210785324769;0.7460565581924109;0.3921612884071293
0.14292675640400904;0.280400832040149;0.44696349562684407;0.27441855488031086;0.7049113757187503;0.5958884760409642;0.474949527461679;0.9503676281104124;0.9493679882525006;0.5250017227968632;0.8019042205485293;0.4170449547068996
0.1265448347972584;0.28251394987948597;0.45149655247761045;0.2485495939338451;0.7116918570973512;0.6323032127661093;0.5031852485180643;0.9659404847898846;0.9798304568230053;0.5016363828154882;0.9117521671166685;0.44726793792970904
0.08648136403372372;0.2817215306897345;0.44874641289124617;0.18560711310336528;0.7073933345247482;0.6597389541716099;0.5321720747502403;0.9527826734748999;0.9662404308049695;0.48840512099401345;0.9292785751503945;0.47982490941591466
0.1538039605560548;0.3069633836299399;0.5107234444149805;0.29135405588692087;0.7873159729565679;0.7028347002405119;0.5654118320554853;0.9780902210794293;0.9757263062496204;0.6048452171118041;0.9599261048742347;0.5180732151579048
0.15402434515166133;0.30985241192590873;0.5169374395057131;0.2917891255416918;0.7956301277804916;0.7379545098459278;0.6001938776661464;0.9393658228907407;0.9666332198618962;0.6146567651398223;0.8604992657856085;0.5591797071645728
0.1462937432813307;0.330306732261366;0.5668324958151546;0.2798651786351094;0.850742887793298;0.7819482651175272;0.6382792338954685;0.9949818958704044;0.9810725822964362;0.6404409107614806;0.9526313296385764;0.6047727572079139
0.17619258675194732;0.3226466800937695;0.5467662355273508;0.3272502653877917;0.8046885666652733;0.8075474357662391;0.6747174642684728;0.9326287284609263;0.9655169646459161;0.6163985959530309;0.9126521718535358;0.6496623196856967
0.23166583818383502;0.35620893452636393;0.629163502983607;0.41384693026243136;0.8859402758018066;0.8548729049490917;0.7149047524676926;0.8777188701160842;0.9444231471874909;0.8081104076956906;0.9468049831841212;0.6990799397239469
0.24155620909110942;0.3579918777033049;0.6322643241412217;0.4283626779055826;0.8897443292160528;0.8905964810898517;0.7553856263099247;0.8710195886209063;0.9020068043975349;0.7222453695501879;0.9393681019373773;0.7494550448239797
0.22602154381857936;0.3530722752335982;0.6186849180297259;0.40287336641294236;0.8592635344804581;0.9108998512074769;0.792505244826582;0.8407549346112028;0.87057022968535;0.6529403899151993;0.8552887120458527;0.7968205931797181
0.2228626979482194;0.33210618417142657;0.5652383015098393;0.39681144599642715;0.7390035448993217;0.9047095864557504;0.8207573169920586;0.6993602844436585;0.8095410420453788;0.5731050577556197;0.7718251148690255;0.8351502114684384
0.17394221515903197;0.3442731204807341;0.5944266747481273;0.3198110255551251;0.7748743527655736;0.9071136759397647;0.8439196289396914;0.7439957655186633;0.7660771364216206;0.5318912212281011;0.8006726351191324;0.8677734820146593
0.12381941196492455;0.332221745303265;0.5632879355108249;0.24143061088470533;0.7107344299428722;0.8948211830313424;0.8595827640885025;0.6417737070243036;0.6979914727601256;0.4985361141511122;0.7683672019326413;0.8919658155598416
0.1384260132181783;0.3339056360814867;0.5663824430276272;0.2640859860764294;0.716335136002222;0.8832927421648595;0.8694247412647342;0.5934969473301545;0.6617680779594995;0.47394528931016044;0.7007721093268912;0.9091451004780622
0.17513718941076503;0.3356885792584272;0.5697138493279819;0.3208053836925848;0.7225868270037474;0.8725818322303216;0.8748004472636098;0.5805705173353072;0.6058486496971074;0.4908310387279178;0.6975984084126754;0.9205542074801039
0.1605061009802217;0.3356225443259482;0.5684765129816698;0.2973171441489132;0.7221807323557439;0.8609994865310544;0.8763999100521671;0.5666243593014414;0.5801347003186164;0.45735322432835934;0.638719151153427;0.9268644221206439
0.1445649485646841;0.34031102453197715;0.5790706650130418;0.2720802548955936;0.7404138587755466;0.8530681325381162;0.8758298207431487;0.6017726931658496;0.5829664229607489;0.42722965149347936;0.6741509165837709;0.9297375946524918
0.16971327964111593;0.3618549212533426;0.6316096270395115;0.31030527383048034;0.8153741117486015;0.862983408102962;0.8776860763028018;0.7947703138283776;0.6562594440022376;0.5834202241168795;0.639666524560656;0.9339674184406386
0.17912859930897185;0.35006768580579095;0.6011918781324571;0.3244547565534833;0.7388120121832168;0.857312087072631;0.8778484802138791;0.6100488234424442;0.6711180489874428;0.5440203334184947;0.6007294775235662;0.9356757387037107
0.16127744706484448;0.36811173110575446;0.6449106839429843;0.29666630908839575;0.798690762397039;0.8658567262041894;0.8799710862186352;0.819486777970049;0.7456135585996515;0.5300067380795745;0.666619297996305;0.9386419134091859
0.17918491981673795;0.3593125763528904;0.6217924645873377;0.3239237151803165;0.7440368031687852;0.86171948224561;0.8807043303705733;0.6574239321952547;0.6986175697900426;0.48266699052568074;0.7015300080526735;0.9396999678192021
0.23350482519828492;0.36444679235315425;0.633378681744738;0.40679243310309277;0.7618916273721295;0.8600068939658898;0.8808915354679243;0.7728139001370119;0.7543111063213923;0.4617332805160673;0.6813509544787065;0.9397371548309894
0.10890916971327963;0.36913527255918366;0.6438154045149672;0.2149692155495271;0.778312663901967;0.859819567496135;0.8809976134119926;0.922681873431712;0.7896215054295204;0.4598693871860895;0.7293827862251911;0.9392945848152997
0.1988824052285021;0.4045795225674378;0.7306846512097767;0.3532135764872696;0.8808766983168662;0.8880094387463735;0.8876565946796011;0.9928748081005505;0.9044031649298742;0.6503332959806489;0.8262517171143005;0.9451526680238461
0.23680079926146674;0.40038630435500355;0.7188513785422961;0.4113002156189741;0.8534611545450966;0.9030817492058096;0.8964987713147798;0.835838315805201;0.9259683106458065;0.6726926594562924;0.8091042584434656;0.9532852999387601
0.21223036556906977;0.40469508369927665;0.7282681738150816;0.3741130013196158;0.8650779242097385;0.9152185466226829;0.9064029175128707;0.8352377418203476;0.8960474391833829;0.6483829578896503;0.821656956089242;0.9626589772785128
0.22336468508265644;0.40048535675372277;0.71636586285784;0.39221968911103877;0.8353672096434047;0.9173889977771861;0.9148324022312633;0.7903025804986251;0.8267330384083593;0.5984577845370642;0.7961252427644356;0.970745478125496
0.2603231817658683;0.3746656981543235;0.6507849777073582;0.44862157379036915;0.6747221429044282;0.8926287953483176;0.915801699175899;0.5096298336428304;0.7151138607131452;0.502780685965454;0.6602245274975134;0.9714387330163137
0.23479285072371853;0.34278733449995036;0.5704062910215091;0.4088071031003603;0.5259415013040433;0.8416969347571661;0.9046993915308086;0.16580093341200122;0.4860518032886075;0.4361694573200805;0.6025768556676611;0.9597649447749648
0.25236974658220224;0.34759137583781774;0.5814940050607948;0.4352848035178053;0.5463644946665045;0.8032582866738973;0.8868533241493626;0.21761564597915273;0.290094775181537;0.39941362902422695;0.5645871820378002;0.9405546272151148
0.2876141408551412;0.376910885858619;0.6535080784406742;0.4889357208052365;0.6570386936851407;0.7967110783483958;0.8710496053041811;0.49571386082669183;0.28533312878819406;0.53891530679809;0.6739614419023257;0.9224307991900496
0.25723045127419025;0.36939941228910067;0.6336984813772305;0.4424106189912107;0.6231066427708152;0.7826756953818427;0.8551334589608287;0.4080705478687613;0.3682308356992609;0.49397131927406357;0.6376770404054761;0.9035494355147111
0.19996963590016087;0.36761646911216017;0.6281815945841044;0.3543149563063446;0.6148676454166415;0.7679959790471457;0.8389771065704177;0.3872672999578677;0.4262807612751125;0.46178746698867623;0.6191085216237971;0.8839309786275136
0.1711286384884555;0.3692178162247828;0.6311042612683402;0.31012681551246335;0.6212993246372669;0.7559695608927715;0.8232473611555595;0.4059516985445046;0.3955667262639228;0.43830180437715893;0.522002747382881;0.8643537100777359
0.156823229515864;0.37184270479083414;0.6365847760002585;0.28810613643274896;0.6323513076235399;0.7470635337755571;0.8085866031807665;0.43657870241331737;0.405321398327562;0.42210250330232224;0.5415660082421478;0.8455818795767651
0.24648302916177944;0.373873278964572;0.6406680545696215;0.42537576228580154;0.6412763591536264;0.7401785321597817;0.7952523555785205;0.46027129031183783;0.43030126800404556;0.41836583551595863;0.5350291317322726;0.8280047923219453
0.27843634680699453;0.38133522633473094;0.6582728184586704;0.4732570906871635;0.6742849137734003;0.73975533013155;0.7844862631666629;0.5473367352722408;0.47867916864398785;0.45087778743388196;0.5685187816777982;0.8129717469920739
0.21714004461563702;0.38054280714497946;0.6552776821581461;0.37866436948469384;0.669184307291301;0.7371049130565964;0.7752552893223739;0.5380908473118436;0.5134137103841103;0.4338524164821199;0.640329685945715;0.7996183667928606
0.2553057591392267;0.37630006273318584;0.6436515243599477;0.4358609323473337;0.6409170631471726;0.7296905459441725;0.7661414164662639;0.4885868221905514;0.5231024725013734;0.4029856652784085;0.7196248401307372;0.7866199519920977
0.23083572287371718;0.3647934757486708;0.6140938031340912;0.3975448730873319;0.5681323490029678;0.7122088963621932;0.754773448084459;0.3935442944013464;0.47047911435949474;0.36094342579900107;0.6728245938136515;0.7716277916413965
0.2977689732771434;0.3076237329547329;0.47103027088813143;0.4982845891375348;0.3268872345633125;0.646684707934326;0.7303982726071194;0.07547324500299929;0.31218465182819116;0.2699189533385812;0.4246601297901566;0.7439203892182125
0.2213224544967028;0.32962987420345335;0.5252478378525289;0.38129751273252876;0.437874705502742;0.6142378435523592;0.7033312461303612;0.3246972075585063;0.2561063306982429;0.23928658261780417;0.5093553123963813;0.7130228911064534
0.16934352326404278;0.3334764090203719;0.5341735416725;0.30189105315985465;0.4559174924833336;0.5920276833947864;0.6764980257715703;0.3661039314108409;0.2467170262498875;0.25046957557625443;0.5255080289896269;0.6818027562768184
0.18863941896825726;0.36180539505398324;0.6037605691719738;0.33064865556284484;0.5754457628727883;0.5997269245608842;0.6568269783293308;0.6710564555765237;0.4505085027088062;0.39045153786406883;0.6021979063047692;0.6572086266399233
0.17928286852589642;0.32352164294911967;0.5074868799798845;0.3160066624644766;0.4420802871959775;0.5719034767763568;0.6346014745471842;0.258944040926044;0.4280096567507827;0.3330874584664781;0.4848183411491642;0.6301495972836325
0.28373782069019554;0.3422590550401159;0.5532838343893584;0.47267554711345816;0.5124445412489912;0.5669577357329117;0.6156676824392432;0.46064632235264735;0.46035934877691237;0.3027214259973838;0.5327554355549229;0.6062556683923144
0.2215820185759727;0.33905636081487067;0.5445062266223719;0.3780037676806056;0.5017497869258253;0.5606031694186208;0.5990387095763773;0.42617033768589924;0.37656634950622125;0.3153683050143136;0.5021552745014443;0.584758847641599
0.19411230309248562;0.36632878792881396;0.6114956026864259;0.3361271909339555;0.5969102939378103;0.5801492767393289;0.5902938505724445;0.7197493411367792;0.5342406942877185;0.3787792643657848;0.5826820141158627;0.5712536101641523
0.2269373642492109;0.357149932314194;0.5876546087107384;0.3844642198172299;0.5634668890661282;0.5875517857772655;0.5850242917456565;0.6209418799269211;0.5890892322718734;0.35140704015504;0.5685187816777982;0.5617905631477007
0.21723309588933754;0.35295671410175933;0.5763634856348194;0.3693134812655734;0.5480427556188332;0.5897617201782799;0.5813240202746928;0.5758032195900388;0.64028930874932;0.32489160301797526;0.5895031026479078;0.5545804297928933
0.18194462469727724;0.3598408558127244;0.5926986587081856;0.31597454939720526;0.57354876998867;0.597667702880004;0.5802075458358283;0.6499088154974348;0.6163918858803925;0.3399411055174745;0.7732935436502285;0.5505848810400358
0.17509311249164375;0.36083137979991387;0.5943060293073701;0.3048081970301988;0.5773412648858545;0.6047378880494318;0.5809631938946105;0.6896909614177;0.6399158478952196;0.3310428467477101;0.7129932262801374;0.5491252204857352
0.1031252984374732;0.3799319840195463;0.6409278746143873;0.19718913008058866;0.6477438300147127;0.6270772489575362;0.5867774422383142;0.9719036594306926;0.7754500470265581;0.40654814341627343;0.7567618776940924;0.5533071419254895
0.23597068395134885;0.3890613134348069;0.6626288188605467;0.39449771439335257;0.6787014649704686;0.652313060440538;0.5973140478397755;0.9794282311577488;0.8882021311133971;0.4349598198193897;0.7016721140637584;0.5629423423846784
0.20549149437896846;0.3978439594545513;0.6834011088949329;0.348680674046037;0.707698732235358;0.679224205754793;0.6120192414158487;0.945318716153826;0.9756706101381636;0.49732078786577794;0.8367201932641751;0.5775802538126513
0.15717584486883443;0.41370885198269836;0.7216798896265775;0.2765399422583035;0.7567039028639188;0.7134001086001606;0.6317535089192261;1.0;0.9852843712819644;0.5355008868665245;0.8284780446212872;0.5981064891483958
0.14440088447684368;0.42366361805395014;0.7451772019371357;0.2573624917180056;0.7852738968504244;0.7476552978945185;0.6555295258420069;0.9756698481079361;0.9839983604992192;0.5976576846023465;0.8662308748993411;0.6236198175933252
0.16057711379436157;0.43766302373955757;0.778614518189599;0.2810132244276964;0.8229870662726629;0.7851566373386752;0.6832959722598548;0.9914812626031544;0.9997938586445628;0.6425481366169477;0.828146463928757;0.6540638111758993
0.22049233918658495;0.45275200581107367;0.8146477015876894;0.36928636664592207;0.8600501006389477;0.8257367917020872;0.7149727682273361;0.9899871261899269;0.9963677406796413;0.7128045033793705;0.8977784093600487;0.6893395544840664
0.2230904286970128;0.4841846336712119;0.8912096551489397;0.3722817000310613;0.9244483205097621;0.882710179780583;0.7536008860486691;0.9616352056156786;0.9915654889299387;0.8749475947240293;1.0;0.7323941971101303
0.2501610031906792;0.4641430316637498;0.8395020349138854;0.41104387607574466;0.8171929996268309;0.9063882424495606;0.7900253068948366;0.8340432520339633;0.9376947214955208;0.7863124384049752;0.9227416986405192;0.7743591826381397
0.24839058027264022;0.44198831181695075;0.7827399334487366;0.40713280072892577;0.7137704155383955;0.9018429449379955;0.8181048413437432;0.6824596012305677;0.8324676310560933;0.7012215022179163;0.8563308227938036;0.8088406827340615
0.30100617811483016;0.4183973321887273;0.7225632503281716;0.48264734791760233;0.6186798906070089;0.8739678484228877;0.834067758149104;0.5273261893189377;0.683859553965903;0.612038850002463;0.7338354412391633;0.8315436621797969
0.2873692690822451;0.43852147786178897;0.7712430680341462;0.46081989913377763;0.6766790497217354;0.866764822656036;0.8451582844208207;0.6504533001000196;0.6210403429750291;0.5576822167646596;0.7653829756998722;0.8488860251835251
0.30410380604196613;0.4169445636741833;0.7160861411192043;0.4829116630881297;0.5967331915835653;0.8389871182260917;0.8475527073510928;0.4685402210484301;0.5478432723448577;0.5385632186676463;0.6782719909052142;0.8569616781128329
0.33641218775788057;0.4122230660019146;0.7029669445217639;0.5272405569649546;0.5800088953380765;0.8103019865167546;0.8427786278109393;0.4052348038787393;0.506067105287003;0.4609570015953782;0.6192032589645204;0.8569513349147171
0.3218814967542246;0.446792353154819;0.7876619654748173;0.5036446688882097;0.6801034643779493;0.815955582052941;0.8402778309787288;0.6445018132166774;0.5040306773327727;0.5319231371460647;0.6898299464734027;0.8578809515483632
0.2213542878271793;0.4530986892065898;0.8018322460145834;0.35753349299712955;0.6964631392054491;0.8234712529379925;0.8400299121992518;0.6469103086011251;0.5650638005859723;0.5448738986666702;0.6677561460849792;0.8600531357638895
0.24588799075364182;0.4855713672532769;0.8811120846928249;0.39133043781096455;0.7729715252636197;0.8554843693945322;0.847297309547135;0.9553150257332692;0.7532854606200666;0.648064144279215;0.7176353559755574;0.868842597301672
0.3334663803299402;0.4530161455409907;0.7968608028864865;0.5119518848160757;0.65299636709288;0.8488581620878979;0.8515659392478181;0.6461263616841655;0.7538413344675675;0.5683858263671934;0.534034389654682;0.8745218248432131
0.25912820751413523;0.4648033809885428;0.8247148018642263;0.4048139273752154;0.6818809187562931;0.8512216283433337;0.855532023539508;0.7580739814260817;0.7918783519848661;0.5297942076397155;0.6253611861115053;0.8795886073630674
0.2329220303787921;0.475401987651467;0.8495337239006435;0.3663254661514729;0.7073962744285841;0.8595509150523182;0.8606473518232083;0.8587327655637707;0.7588306752702589;0.5614572365356123;0.7193406281085687;0.8854838796711074
0.2320282484077213;0.47380064053884485;0.8438997602463539;0.3639104807033525;0.701176610786325;0.8616777883642347;0.8652356194847406;0.8398334010400317;0.8251116631322307;0.6008136401485928;0.7824356970299851;0.8906887764414089
0.2749444753254958;0.4630699640109617;0.8155552188280466;0.4225011173514963;0.6587414950822977;0.850853043407809;0.8663818105718126;0.7383633334727976;0.8183672452624025;0.5586938235687295;0.6939036521244843;0.8923981024187713
0.2574851179180022;0.4575725558820616;0.8003784615908298;0.3965859939201227;0.6370255154172951;0.8346292187581289;0.8635152288693045;0.6863794373191231;0.7593928843133049;0.5153526827833139;0.7400407370565111;0.8899356564630189
0.26303636100955735;0.43667249975236855;0.7470255889117096;0.4029556360660429;0.5586688905273463;0.8007483200753337;0.8533206483568707;0.4887469672574012;0.6392611857780822;0.44603464012495686;0.6936194401023158;0.8799914012077026
0.16402245963901002;0.44309439693597863;0.7617539403981332;0.2643594363588706;0.5805277244299576;0.7775651000776459;0.8397584588981519;0.5494729000014855;0.5746283021730939;0.4207376575522358;0.6128558571360891;0.8661207475360803
0.28464384624991124;0.41105094595040725;0.6808031829533892;0.43080417937564464;0.47251661364709663;0.7290341401877407;0.8175908726942338;0.24646766746610094;0.4241031236616421;0.3470675423220518;0.5028184358865047;0.843292348217489
0.3136170744189805;0.3935681975765175;0.6363783473962817;0.469232040978411;0.42219140823092327;0.6740647524910441;0.7870374727008338;0.15585280299958704;0.3101962974881349;0.3060940650499554;0.3594808393728384;0.8114714783450143
0.2486819776823866;0.39003532868887625;0.626747849107278;0.37832963873439185;0.41224452022376035;0.6270054895849577;0.7516201303842853;0.12516175642159055;0.16500920541942016;0.2873634174638461;0.4427549618682204;0.7738396519988189
0.2721994627513303;0.3972166275959981;0.6438638548455544;0.4092187117495316;0.4420744812624825;0.5961484281535213;0.716090126072155;0.2318135349424535;0.1599949819655001;0.2568519463793205;0.4295391028373836;0.7349493599894004
0.22660923607353006;0.3866345296661935;0.6167522576756026;0.34534335132133187;0.40942024647826336;0.5626388493212825;0.6798514024348169;0.14489252450964127;0.15624468931753221;0.28147221249053495;0.3687650987636786;0.6944677536147008
0.2488337981815822;0.37630006273318584;0.5903930817869035;0.37449902519603107;0.3785594639097505;0.5276518039231992;0.6427011455063574;0.06000554708227527;0.1339501050075767;0.26348520385636337;0.3437070721424847;0.6523656945418286
0.2658940145992551;0.3909268002773465;0.6261540923647213;0.3966614894488327;0.4442160298709621;0.5139650889196187;0.6097890810453879;0.18014909660407294;0.11627201740792703;0.30955753716540757;0.4164653498176304;0.6136765636238507
0.27513302659062583;0.4076501469277245;0.6670119953685333;0.4077299432012359;0.5129142071240652;0.5189754950648433;0.584627899013259;0.3175141255719987;0.1753381736135803;0.37441070930301135;0.48022358012410576;0.5821018454618723
0.20627508405223605;0.4156568824908371;0.6860207208201359;0.31324873357560223;0.5440675304042984;0.5308743395730047;0.5672738656254257;0.3832811927481504;0.28595381885653165;0.36271518040079065;0.5631661219269575;0.5581619199973592
0.191247303349601;0.42202925347508824;0.7009203641268815;0.2920485918617062;0.5688054018670876;0.5465901584883232;0.5570557022081832;0.4622431316041221;0.3824782991849055;0.42714568321173907;0.5630240159158739;0.541605897413219
0.21578835242925043;0.4415755934889556;0.7485710583803161;0.32440778031870143;0.6397904453143958;0.576759730131107;0.5559169734386413;0.7385658101791829;0.5265500979667823;0.4527709515915157;0.7110511107953206;0.5345726409391376
0.1792706249372516;0.4330075609997688;0.7261432219222788;0.2745008153943428;0.6023540291434105;0.5930639014141484;0.5588082625167903;0.7020368137762745;0.6356191205410541;0.4656588733654504;0.7366301927904885;0.5325792837661992
0.23066431263268988;0.4279889061313433;0.7127289312433545;0.3429053194540208;0.5804398950005162;0.6014557863486338;0.5630783530708672;0.6541288531060938;0.7012769057204169;0.4507602358889987;0.7323670124579603;0.5331080604437417
0.22199585187216714;0.4033743850496907;0.6506437443074293;0.33033070239878337;0.4823492986910778;0.5862353315007213;0.5629448853554647;0.38199487948138866;0.5792685697915726;0.4044760590153341;0.641134953341859;0.5305112415795651
0.19895341804264194;0.41436920130749133;0.6772853869959861;0.29845712257126866;0.5282949941841748;0.5841579743703943;0.5623536537453288;0.508120030546442;0.512915813597326;0.3737561187007986;0.7030458055042381;0.5281415772977164
0.16957370273056513;0.3960445075444907;0.6309197931541467;0.2585711944801605;0.46098515696277187;0.5664908103893459;0.557760534816862;0.3037071641692655;0.39301157166462247;0.33742062461757366;0.6801193690493104;0.5224774903136868
0.17597709959179875;0.4089378281110707;0.6623180779300932;0.2665433052523666;0.5152175730178549;0.5643993060035472;0.553598282975383;0.4475327935751917;0.41543676438345767;0.3143335056399564;0.6751456586613614;0.5174478436271607
0.23788313249766757;0.3683428533694322;0.5606422455040017;0.34809463982783795;0.38604801098895614;0.5272651237408237;0.5416084728153527;0.07717356533811097;0.267979255742495;0.26053599121159826;0.5106816351665008;0.5051508547943913
0.24591737536638936;0.3579918777033049;0.5344153815662555;0.3575912807740048;0.35852377302662874;0.4898268193073796;0.5232856921109589;0.09703201102131837;0.19726095163376328;0.23210747856917563;0.4580076737245987;0.48656995867406544
0.20707581474960635;0.3381813979595205;0.48474912610976095;0.305067502193448;0.3094158448499837;0.4442171621075224;0.49799090566598353;0.00013614847272926632;0.04417466369022139;0.21186239682153662;0.3828809625313814;0.46080396201352997
0.28487647443416253;0.3435962624228215;0.49796728216429365;0.40637596392007613;0.33440876260800045;0.4150178234152294;0.4709455411623167;0.2161996844507124;0.09174541044284992;0.1837113652095843;0.3423333807020036;0.4325622418734655
0.2659919633084135;0.3558787598639679;0.5282476407571324;0.379816914017856;0.3903336950062476;0.40507751939773806;0.44699108570344204;0.30000931865144104;0.16119841797435142;0.2646312949006512;0.402160011368481;0.40651117790924757
0.21428239102593927;0.3572820021791525;0.5313251288943488;0.3108057144442705;0.39675735148209323;0.40072506609124237;0.4268124920251628;0.30958434406415636;0.2670827067648262;0.29438172579026617;0.4205864241390736;0.38359497276666954
0.190737970061977;0.37734011291973424;0.5807218193387366;0.27924590654567316;0.4850315027810226;0.417286184171366;0.4145318113655071;0.44645088378712094;0.34586805705033574;0.34452239938788853;0.5487660461370849;0.36803704023339245
0.17663335594316038;0.38143427873345015;0.590350807844068;0.26000221859089456;0.5021026324979866;0.435935895865302;0.40905653900255046;0.47438742852069926;0.40553524014327597;0.3445733985850731;0.5289659419260111;0.35924738637028153
0.13922919263327757;0.3876250536533825;0.6051641189753463;0.21062845189118976;0.5283723355430624;0.45786229189470207;0.40978974406956814;0.5166301876944537;0.4763803838931632;0.36393305879575655;0.5993084174127234;0.3569771911869397
0.19581416191411366;0.36826030970383306;0.5563073820735436;0.2836236735500647;0.4549823526192832;0.45952162189268586;0.4107632780608861;0.4716214541711158;0.48499303047352577;0.3252047932917446;0.5067500355265028;0.35573826683906573
0.19799596941061814;0.3746656981543235;0.5714602572781188;0.2860453315363992;0.4839257981978977;0.4680573443439775;0.41353270868378633;0.5741948767924212;0.5191442739669493;0.30279726865072415;0.6416086400454741;0.3568962112961701
0.17108211285160524;0.3688381153630269;0.5560813262818209;0.25085405541508166;0.4615350240391286;0.4710725331596398;0.4164514209845205;0.5404186478185642;0.5272840020944569;0.32234481335991966;0.6545876557245041;0.35884416565697497
0.14596316638792095;0.34458678641001095;0.4950533996759729;0.21810674221030715;0.3772134627821353;0.4534463830063967;0.41467582195993635;0.3281376882704822;0.4781879765825588;0.28517991609077403;0.6418454833972811;0.35681228500110196
0.15936989595398368;0.3627133753755736;0.5396644876370678;0.23514188454361942;0.4623974011576516;0.4573001082041218;0.41415406439389;0.5241074478884479;0.4610494963380559;0.24836275737127922;0.6783193595755759;0.3561686490932582
0.18280412462014267;0.3785122329712416;0.5783636744950315;0.26498362162883093;0.5288206204360802;0.4758817726926477;0.4180700613159247;0.8155930761018756;0.5552062858983151;0.3258650007319618;0.6884088863625586;0.3600052374024111
0.17522044581354973;0.37161158252715687;0.5604981297897899;0.2546364763800608;0.502352080783299;0.48573023536572685;0.4234996045230153;0.7315340857099324;0.6932369522652034;0.3028404198183409;0.6645824451707649;0.36569601525075884
0.16742372856453716;0.377637270115891;0.5748155456111137;0.24404945593115726;0.528341165418946;0.5000477150354237;0.43118219771812816;0.8049348787555287;0.7893280370213651;0.31682636603870856;0.6243190753635544;0.3739558874384623
0.16208797263313066;0.3653547726747446;0.5435233574514412;0.2367246377895549;0.47921800219441313;0.5015237515279927;0.4376724965998632;0.5175222841270827;0.6873367691222451;0.28434966449133836;0.577329354365022;0.3814976685460838
0.20825119925950775;0.3592300326872917;0.527586492761549;0.29534548289102114;0.4555332764197183;0.49836385454957205;0.4421278207224716;0.3921579274513736;0.5712119906889058;0.2580938043085919;0.5419923262754014;0.38735263525479097
0.20682114810579438;0.36580050846897993;0.5432927723087002;0.2928555101092575;0.4879073295970895;0.5028270768708982;0.44673294161273125;0.5081872535302002;0.4696734724655451;0.23451593704966595;0.6164085074131966;0.3934597958593794
0.1796918043866329;0.3563905305906818;0.5192756826555496;0.2575754259597184;0.4492092997320838;0.49908942379974763;0.44954538568329516;0.3420146006032297;0.40961978169617563;0.2409396413469082;0.5710293212069523;0.39791310621014225
0.18531161157459897;0.37111632053356214;0.5552800429107975;0.2642042476914186;0.5220595712166148;0.5102988845583184;0.4544094829950983;0.6020602258854334;0.4814423222758634;0.3219320770206414;0.6300033158069253;0.40430982486118194
0.1886492138391731;0.3980915904513487;0.6215982515058034;0.26775823573554514;0.6336040510192181;0.5439166407056355;0.46614070890663467;0.9233079436229035;0.6234847050038326;0.39344279983983244;0.7769882999384197;0.4174201353908272
0.19548113630297492;0.40375408591144657;0.634592959576777;0.2759161051600988;0.6543765729595207;0.5758727264046978;0.48297812194724693;0.9510091389870691;0.8318651528226166;0.39785908478578913;0.7412249538155455;0.43588069811108665
0.21211527583580858;0.41493049823356554;0.6611982302041294;0.29648262479998644;0.6943361767688178;0.6110356221366849;0.5046483401991723;0.9909566861378765;0.9649343569530927;0.4205146766311113;0.7279617261143485;0.45961325390160407
0.21496558327231946;0.4109849110179282;0.6500641246301722;0.2996415750254555;0.6732741306452316;0.6349463662263282;0.5275607046858242;0.8897602147449023;0.9534552872303116;0.4237570000364064;0.7364407181090419;0.48526691352116313
0.19432044409944732;0.4137748869151783;0.6558092632639986;0.27295965605296835;0.6840244240770769;0.6557213111868695;0.5507354910019016;0.8033376687382873;0.9029263495124752;0.47247218182567396;0.7271564587182044;0.5118046669191737
0.1455566792449134;0.4136593257833394;0.6543228126116907;0.21083387928239575;0.6833306154360954;0.671234947080942;0.5728932325391893;0.7806971083801428;0.8309815582051191;0.4436063241091319;0.7620671687745729;0.5378569539546754
0.28006964153221164;0.44411793838940783;0.7287595397740154;0.3798374808330074;0.7923326581126526;0.7094692549846167;0.5995359931580311;0.95073177956732;0.8518442772955479;0.6282739741436671;0.8670361422954851;0.5685922927076138
0.30015892178060954;0.48362333674513813;0.8254121846679554;0.40370858938947185;0.8909685910041641;0.7730639332701033;0.6356810241684129;0.9803587441274348;0.912415807314268;0.7816661361003596;0.9615366396665241;0.6090186474269381
0.2812744106548606;0.4874368540958165;0.8329550638967911;0.37875285841559203;0.8989478607946172;0.8242608332663035;0.6765366036320475;0.9713662276788083;0.9776573061462771;0.768489518987961;0.9994789446260246;0.6548383708027956
0.2856992435910935;0.4731072737478126;0.7953953519525349;0.3829780744516206;0.8145163385256615;0.849127180166836;0.7150201118310345;0.8346929810012581;0.9379521605570906;0.6838829731788332;0.9161100847899193;0.6992065616297953
0.23914177341035364;0.49550962459140857;0.8491538074273683;0.32403849952316677;0.867695792144172;0.8855422202145997;0.754299216966086;0.8938869903991828;0.9083640088909231;0.6940916251519671;0.9029889630998058;0.7448535280405182
0.23909524777350338;0.4870571532340606;0.8260641367084411;0.32336303322278404;0.820341594785318;0.9033228017925166;0.789869084667447;0.8348742647546858;0.8616603776346001;0.6525178800752952;0.8624887499407897;0.7872830694623894
0.26933936044390355;0.4675768481526723;0.7757220471788182;0.36004931029196185;0.7193799736875786;0.8965553876987179;0.8167467600212613;0.7104389324589847;0.8191442093496614;0.5785110782687429;0.774525129079626;0.8213428803667678
0.22093555709552692;0.4773500181596062;0.7982038240898903;0.29909729128035467;0.7478885051897074;0.8964847565983827;0.8382324285280356;0.7488012209699548;0.7695000242211241;0.5434271242180907;0.8138884941499693;0.8497280521843894
0.2130090578068794;0.47205071482814365;0.7832013782403392;0.28858673934526513;0.7206733290332766;0.8883415730367039;0.8535219033276684;0.6606095205098641;0.7098716315903282;0.5121373187010712;0.7906778456728702;0.8714278817422352
0.17849927885262878;0.47896787400534846;0.798630132097837;0.24539784965327818;0.7424446980791342;0.8847626979308194;0.8649188589042949;0.7175512344300694;0.7123052571425215;0.49686531888089014;0.8108568992468372;0.8884507600702645
0.22454741574574472;0.4743619374649186;0.7852813111290822;0.3016901117759122;0.7169668695995823;0.8746172297763721;0.8716704134793936;0.659865099141243;0.6818738694602692;0.5159365227071747;0.7102458433991752;0.9000191174386263
0.29724984511860364;0.448707366196718;0.7197075631377811;0.3902561287905656;0.5893825726928703;0.8408411244003868;0.8691947806838538;0.434846097040557;0.6046241072399313;0.4564357531063178;0.5232817014826388;0.9016633200446384
0.35893549342886594;0.42042790636246563;0.6478167430068191;0.46406213968055543;0.4780716591805767;0.7866161848636853;0.8545685550908123;0.18680391518825756;0.42301761146456157;0.33787951044236697;0.4311970063000332;0.8903320658310472
0.30148122935424865;0.40190510780202704;0.6004229864838665;0.39214247982920514;0.41704496330520047;0.7256103639938786;0.8286404957771849;0.027559387521102846;0.20666074938916876;0.3075609538136232;0.4191653640282309;0.8665261818945545
0.33894171317189753;0.4046125400336775;0.605901579672931;0.4359462228678762;0.4292804310172893;0.6787490817274077;0.7969695967817393;0.19964967485569932;0.1261832858140093;0.2699331737457596;0.36265454028705413;0.8353682140361076
0.27226802684774115;0.40246640472810125;0.5992350612395718;0.3535461654575369;0.42188286547129106;0.6392144502342856;0.7624130636215399;0.18382285065905252;0.12516325111349957;0.25690552140372575;0.3807493723651179;0.7996928950065706
0.30679739554382346;0.42559513982896924;0.655448836725405;0.39390486953150294;0.5263497858068159;0.6282069848603054;0.7322008020881549;0.35438731757830316;0.23699438609500983;0.30397118045214805;0.5030079105679499;0.7666296536759505
0.30688799809979506;0.4485257701323997;0.7110188953544232;0.39245332538475297;0.612859854952905;0.6395002316801508;0.7106646745424016;0.5234908468794052;0.3478035382222936;0.3936923329411911;0.5407607408460039;0.7408389941883249
0.29271237116683846;0.45128272856341;0.7162129629477132;0.3738740474431371;0.6226167848801529;0.6503085983737;0.695956375997066;0.5771181733793402;0.48237790680527065;0.41473725798968597;0.5638766519823796;0.7211977943736834
0.27799802633351045;0.45346188133522647;0.719928540566241;0.354828209563512;0.6306976478057055;0.6601032718654432;0.6864739387334405;0.6521853217827644;0.5842758345606643;0.40680718374660996;0.550281843588651;0.706616283111933
0.2901044867854948;0.4854227886551983;0.797675537057503;0.3678583778925312;0.7360675905690933;0.6953114035647578;0.6870988261561851;0.9816965355842169;0.7410606669153396;0.5192693998530554;0.6552034484392014;0.7020235008138075
0.27247371913697394;0.4702347541849634;0.7579554619306677;0.34553456795930315;0.6647772889465611;0.7083617979264027;0.6906421996002966;0.8425316164813749;0.8318775275681495;0.47672325763058876;0.6852351854483443;0.7010354808140453
0.284467538573426;0.4548981411166504;0.7179789980855948;0.35831404779416576;0.5988133078005092;0.703772114600089;0.6924065449761967;0.7033421509354141;0.849381925877054;0.43942967120264687;0.7223722230116995;0.699205082936908
0.2448815677670388;0.4465117046917815;0.6953706738521379;0.310210001788339;0.564553144495182;0.6915563002121837;0.690969188953972;0.6272299351148013;0.728093631340554;0.41480066445136743;0.7514565866136134;0.6949645652249365
0.19285855961525744;0.44340806286525547;0.6858808599508197;0.24800762150098335;0.5517199880293623;0.6781734172439587;0.6866983014454656;0.599062422173317;0.6447854626423074;0.3930190870080875;0.7347828146463923;0.6884148959869565
0.2606953868606704;0.4456367418364313;0.6896225156509667;0.3270460869898958;0.5611529544878452;0.6687410528684298;0.6810818834485486;0.6192890937004466;0.6160249194794047;0.4065130184800182;0.7473355122921688;0.6807805985648911
0.2707204372430377;0.4619143526925744;0.7282996047660864;0.3377114114744335;0.6275475554589511;0.6749268971829145;0.6780313408151184;0.7670187094467541;0.6638566249535375;0.4234183317890804;0.72767751409218;0.6756899332376225
0.26970421938551875;0.4852907187902398;0.784439126345836;0.3356039470208728;0.7089154254154276;0.699552179001466;0.6813337328989698;0.9785874735451792;0.7937192020025773;0.520933647340804;0.7289564681919377;0.6768542563735473
0.27547829579040933;0.4969789018390727;0.8113679024383287;0.3411112902454593;0.7447710860135422;0.7280143864525243;0.6906132766080739;0.9722960528901424;0.9145080491970207;0.5621811843799026;0.7545829188574673;0.6841948411764411
0.22260068515122056;0.530607191204147;0.8927932809685457;0.2785531809982288;0.8316856878437938;0.7785476927844077;0.7098217105164804;0.9976770467466967;0.9934327104054007;0.6836134659422227;0.8448202358959781;0.7016593793563752
0.24271690129463708;0.5380856473074251;0.9089493387971037;0.30096255214509804;0.8484164259189312;0.8226876785722916;0.7354822795902181;0.9932855404628143;0.9984619669476601;0.6862500229874762;0.7745724977499877;0.726300570113805
0.2251179669765927;0.5273879882457817;0.8799319828730139;0.2796907455288492;0.7914248732296474;0.8452527003701767;0.7612730907940904;0.8826100911505675;0.967774005574562;0.649893721956689;0.7874567760882943;0.7522346832023787
0.2366244915849815;0.5348169181497009;0.8960481000607761;0.29221806390745086;0.8105102903953335;0.8666762732855593;0.7869019000667896;0.9447239432884599;0.949654973766321;0.6173775617626317;0.8527781725166974;0.7789517536097306
0.29445830690758784;0.5115396044507543;0.8357973002871896;0.35784582701047896;0.693154611750973;0.8598251163166389;0.8058071991234517;0.616292569734155;0.8206588020215787;0.4878227041691784;0.8100516318506945;0.8000400590176313
0.29871417832052244;0.5375408591144715;0.8982552665372092;0.36116297108702267;0.765207082868718;0.874448836159479;0.8243418148240114;0.8273048611687593;0.8017349400425959;0.40337259479975485;0.893562597697882;0.8210124190441378
0.22062946737940675;0.543087793442731;0.9096803486008154;0.27078766381804187;0.7793011186026848;0.8876546798983906;0.8422492230137683;0.8723208166748103;0.7769606686882558;0.3950152275595481;0.9030837004405291;0.8415297166015647
0.2652157197883328;0.5456301383431836;0.9136424327171779;0.32087490511664896;0.7859732677294201;0.8969438868064419;0.8587414720107134;0.8929531296150823;0.8716259698168627;0.40178014334871803;0.8636729666998242;0.8607580179904035
0.28828753823060554;0.5150064384059165;0.8351748576548501;0.34587470457941794;0.6412312568405325;0.873748533647166;0.8665259166025143;0.6444275419254332;0.8090506012742238;0.3563073285497252;0.7087300459476091;0.8717303862258734
0.25835441271178344;0.5349985142140192;0.8827523960266889;0.3107966501811128;0.7011952347778391;0.8700977575644779;0.8719020800905519;0.804563237399622;0.7858659028531989;0.32048229057915306;0.7325564871394056;0.8799491833224959
0.19646062339455944;0.5356588635388118;0.8821138947861951;0.23964438514148148;0.7031192694384941;0.864717098028787;0.8749481950891498;0.7994736442192629;0.7538799065906628;0.3399009430077899;0.6379612524276433;0.8854457132047631
0.2232373517607505;0.525175818007726;0.8538038038862396;0.26937098157701367;0.654842047679607;0.8481945879257311;0.8735318965152921;0.6926830738778295;0.7703915642890381;0.3172565519637234;0.5864241390744168;0.8861996692611175
0.23283142782282057;0.5056955129263376;0.8031715613853336;0.27953111285832366;0.5724544353423033;0.8151797739550113;0.8646995208629978;0.34327829594062126;0.6125531000420835;0.2894240313293653;0.5612240064421393;0.879342795648411
0.2120760963521452;0.4952454848614911;0.7750759970199612;0.2555020803487028;0.5318354931422298;0.7776002797703743;0.8488697611080762;0.17120222480001454;0.39757665694004424;0.2654984143964543;0.509923736440717;0.8650574411094983
0.2372072864044743;0.5194803050813879;0.8332972357782503;0.28307742226613297;0.6194401842006906;0.7675250606222781;0.8338563260866307;0.487139678446754;0.32724560783115203;0.3142564004521496;0.6462507697408929;0.8504884261575012
0.21398609618073494;0.5346518308185026;0.8688022693970143;0.25625564418889557;0.6676758211206091;0.7711040101302973;0.822680219683768;0.6849234113495773;0.4441467582633867;0.37283860452488493;0.6151769219837991;0.8386918522098428
0.19536359785198482;0.5312675405289395;0.8579933163249338;0.23482620145928465;0.6528322613990695;0.7689413957253739;0.8132349943985402;0.6408040802885585;0.6048310317265384;0.35047185480555837;0.5895504713182695;0.8280460975267564
0.24428897807663014;0.5284940733648096;0.8486963429745373;0.2888891144300212;0.6401552149691193;0.7628448581141671;0.804257049492757;0.6046477504434266;0.6450389205032934;0.3453622320284173;0.5742977594618912;0.8175591799570476
0.2654067197711918;0.4841020900056128;0.7359539334805794;0.311566362037058;0.4694948506609917;0.7169557789100459;0.7863729680870759;0.143168511736877;0.4596659467342551;0.2749422314394027;0.5347922883804657;0.7986247301490319
0.3188475354880417;0.48081685211476843;0.7257405214408497;0.36979803210352746;0.45888403429176283;0.6767407722292158;0.762687219689797;0.20902980181391181;0.3119251841586955;0.2346143700178036;0.4680024631708582;0.7737725362772787
0.2578328358355147;0.4938752600125462;0.7560885457928355;0.3010331060196896;0.5117650509155409;0.6558730633241082;0.7388720929004985;0.3624524174993441;0.229052894248769;0.2298915746863488;0.503576334612287;0.7481147611384411
0.2831721668948055;0.4883943606167658;0.7402124842090358;0.3281466310504412;0.49190988366315713;0.6340174031040648;0.7147230647069924;0.29805759018257705;0.2820514902861128;0.20097453328989334;0.5179290417317981;0.7216080292763828
0.264701489065251;0.5031696767590055;0.7747748638037892;0.30699022006581733;0.5516420768280486;0.6295379714349784;0.694359200401577;0.4716520794853128;0.371913294258258;0.18916627729283003;0.6162190327317514;0.6981720268388457
0.21992178795573697;0.5081388054280711;0.7849973345455521;0.25697498735632507;0.5710830458164109;0.6300573364866863;0.6781892293262786;0.5300341367815372;0.4292549476053283;0.17567551506217377;0.6604613708493203;0.6784674379873736
0.20490869955947566;0.5008089279228711;0.7646433918415692;0.23990652825805867;0.5400686418097141;0.6236181140046174;0.6637515707476508;0.5068741139222078;0.5007059672553604;0.17028527105292646;0.5698924731182794;0.6604716036254478
0.19451389280003523;0.5117707267144316;0.7898260344900465;0.22805202738689775;0.5855241497471518;0.6279654463611414;0.6532152789466263;0.6550135695164718;0.5634470051418611;0.1533272856937034;0.5578134621761167;0.6462755205993289
0.16210511365723337;0.5107471852610028;0.7851855084923968;0.19227703028573614;0.580752619936546;0.6301223346023089;0.6452892502784154;0.6412761522460976;0.6015108292613458;0.15014602069165833;0.5645871820378002;0.6348608259250229
0.19015517524248426;0.5041271832799548;0.7665841501263013;0.2228067380588146;0.5490905731316714;0.6255926754814419;0.6378920721221905;0.552426082481231;0.6170974051812987;0.17751536899260217;0.5535502818435886;0.624385216874178
0.14211623083572286;0.4915640373757717;0.733120206779972;0.16998472250865657;0.49189710282878507;0.6106237034977227;0.6284834373918822;0.383810364049657;0.5242994540616697;0.15613726403704042;0.6448770783004117;0.6124671082039475
0.16614304919229045;0.4961864826493212;0.7424745519099305;0.19622769721545527;0.5153085150909928;0.6028339374891262;0.6191398895958621;0.4458503130126546;0.45743034222546547;0.14245640497467077;0.667566671403534;0.6008647931040384
0.22569831307835653;0.4799253805262982;0.699893436723319;0.2610607922042253;0.44396435898480047;0.5823020833371975;0.6068768474865381;0.2276026354106788;0.3462850837766271;0.1183412266230556;0.5834399128416464;0.5867954068195369
0.21829094194824877;0.47393271040380336;0.6830266825441005;0.25242140752455966;0.4195260638080357;0.5610957014252858;0.5921209042878031;0.1604456908966853;0.26985610505042357;0.10678566735815784;0.581971484060442;0.5704803244684047
0.25635381032722215;0.4815927625713998;0.7000799636334283;0.2933907944145495;0.4629001540808628;0.5516679475615085;0.5781175169494492;0.3197987791424812;0.22672488888907946;0.17973812544364393;0.5615555871346681;0.5547883084792986
0.2923940378620735;0.4604946016442697;0.6456060079507957;0.33155620864403657;0.37811388770404697;0.5261611628008936;0.5609664068679394;0.1235222649829789;0.1911115741023395;0.15377315472767433;0.4867604566339824;0.5361801006344912
0.2569439512999018;0.44598342523194745;0.6078085737046188;0.292165079775765;0.3283669768145503;0.494168694003033;0.5397846016417448;0.14531452138326972;0.18593412228545608;0.13189792148707752;0.4661550850267633;0.5136955477196252
0.21567571141371822;0.47797735001815944;0.6858823697344922;0.24671295807100843;0.4923134475761126;0.4985577828035267;0.5238627304822899;0.5079197003585804;0.25030370088812226;0.22917013919427276;0.5265027710672161;0.49573399143516134
0.23864468371137454;0.4768712648991311;0.681415194353079;0.2709618282399704;0.4879691831187346;0.5021491704024197;0.511962775838119;0.4953838143981322;0.3775440475739192;0.2566286269861769;0.5262659277154079;0.4814764450003292
0.2306202357135686;0.4779443325519197;0.6824200240137951;0.26167867634629793;0.4931997502625246;0.5070004520914827;0.5035741724762267;0.5075454948075205;0.5014890876333828;0.2953584596105255;0.5483397281038314;0.4706582866412632
0.1974743925343494;0.49042493479050364;0.7118437862519642;0.22534664029007587;0.55326524290559;0.5228648223030306;0.500562996511675;0.6489951931074879;0.5497610712102606;0.27324164401950196;0.6201980010421098;0.46514665563172675
0.2232985697039745;0.48403605507313374;0.694351295366941;0.252561213792335;0.5232192170817314;0.5305012028288341;0.49993492494624503;0.5765864189777479;0.5775462713062373;0.2478888675844717;0.5886030979110419;0.462389954403305
0.183161637408571;0.5036814474857199;0.7416580334491211;0.20902573007478117;0.6123342006407785;0.5546116164876689;0.5050552222291096;0.7992387218573257;0.6773553195772648;0.29448427362786267;0.6916299559471373;0.4655197445492183
0.23311058164392212;0.4888235876778815;0.70307468817477;0.2620017496260223;0.5420176456081743;0.5608624219439632;0.5106092013129929;0.7405115524727331;0.7086695904702082;0.2859501102204536;0.6661929799630529;0.4698115982762112
0.2504940288018179;0.4974741638326674;0.7230753414993424;0.27981378258186307;0.5803486582759665;0.573824732083929;0.5180753060926704;0.855449799729106;0.8040886336613682;0.2611203364845615;0.6690351001847383;0.47651471596185124
0.23915646571672744;0.5261003070624355;0.7925671153743729;0.26698169985413955;0.6894047168626164;0.6095508022625854;0.5323798148302226;0.9482592143952709;0.855079168078379;0.43460103782881576;0.8117095353133429;0.49015817112642984
0.20919640430288677;0.498349126688018;0.7216236158715056;0.23451149613254255;0.5660540841118741;0.6128817822054932;0.5446002348125959;0.6649489192762347;0.8292238042755454;0.3850446046935029;0.7737198616834821;0.5027111700940264
0.1929760980662476;0.5061247399874533;0.7392058702585245;0.21677662598890077;0.5949374284256005;0.622190428197625;0.5565474266041863;0.7443297336730631;0.7912017077426916;0.3490910117541935;0.7042300222632754;0.5155805667001717
0.33603508522762054;0.418826559249843;0.5204312161774137;0.36733399746688045;0.33726709194654303;0.5520559791225216;0.5497492270790619;0.13650156508178896;0.5134415443540807;0.2289085319379971;0.45691819430628616;0.5115413779025342
0.21901576239602133;0.4274936441377486;0.5408956475956282;0.24279351468580315;0.3692179113849138;0.5052872398479747;0.5334037977310934;0.2031197397081027;0.3554168574503486;0.2142956644551524;0.4787077826725411;0.4980784033119926
0.20059895635650393;0.4248852643048169;0.5333452194484294;0.22294929699960633;0.3631590115664304;0.46739338339882475;0.5114902830527163;0.18307084143961036;0.16337017733354517;0.2050538256230517;0.43541281796219977;0.47848653350765924
0.20456587907742108;0.4363258163568524;0.5606233045815621;0.2267526469627769;0.40788551830242625;0.4493002032530419;0.4897399870589109;0.2710068319463451;0.20939401823301074;0.24373738112039467;0.4865709819525358;0.45795176893259004
0.15490588353408735;0.45356093373394524;0.6022780988584399;0.17408165009185558;0.47178496911251955;0.4520474439266883;0.47298043026942915;0.4034818306318148;0.2779521736860828;0.32799011028348507;0.47965515607976866;0.4411364666220478
0.18064925301865675;0.4649519595866214;0.6292133258448068;0.20086038366560002;0.5118025255120959;0.46592669348346627;0.4628095444594302;0.49103714585496877;0.3833294018587277;0.3758119763308758;0.5549713419544313;0.42992786163076113
0.15908829341515315;0.4502756958431009;0.5913152851048035;0.1778946715133177;0.46668525416499484;0.46533276745208096;0.454534327184669;0.37823037015441074;0.420018218424811;0.3511734041120075;0.48803941073374013;0.4203963200965585
0.1945873543319041;0.42435698484498285;0.525458933060585;0.21482211491479256;0.3952454103750743;0.44347084397781533;0.4428157659583767;0.17901030508143728;0.343210506584099;0.312834456447728;0.33153332385960005;0.40769986610205533
0.027053433469563654;0.4076666556608446;0.4827212121311943;0.03898738410449375;0.3542590121882013;0.41335057438951206;0.4264166126735766;0.0507227345153379;0.1925475557150942;0.29215623002321456;0.3632703330017529;0.39050765863064
0.2534398362297583;0.3899032588239173;0.43745872114185685;0.27608065576100427;0.31387746323466464;0.37615503036844444;0.404622971272389;0.07880293025842403;0.09009208184443795;0.24611602655800746;0.2899909999526304;0.3679389974673459
0.26845047590829063;0.43096047809291127;0.5385206206254016;0.29098644306719446;0.46472069006117755;0.3858221028769063;0.3894425020841844;0.3465389490088408;0.14741557432880398;0.2753312924585994;0.6582824120126952;0.3509379500477726
0.25561429757307585;0.42658566381615826;0.5262821769213927;0.2769465448612284;0.4532146750405841;0.39194469825263223;0.37872596830462146;0.322576828569379;0.2404362408370576;0.31174748551860454;0.6208611624271702;0.33794781865933193
0.23520423530218398;0.43018456763627944;0.5338842122195854;0.25490324051190016;0.4658900768449662;0.4022671899733501;0.3725600345758356;0.3782055506908215;0.342883222199799;0.2975769843194869;0.6386717824830667;0.3293087605016861
0.23139403051592033;0.4456202331033112;0.5708507164335281;0.2502858816570822;0.519688962092035;0.4262231652852274;0.3732140257855314;0.48951663820835306;0.39180608279319035;0.31411128513680275;0.6501350007105292;0.32735870874328477
0.22957218452557315;0.4523062700168383;0.5858511034871601;0.24772063754319026;0.5424054993219108;0.45285525882978495;0.37994805059046344;0.8201444351630385;0.5620594334345017;0.30976191920797214;0.6198664203495795;0.33171258305536033
0.19283896987342575;0.46163370422953687;0.6073933831946245;0.20927049094472486;0.5740703204897138;0.4836148309958753;0.39250866556338815;0.9223762200049731;0.7482590142426627;0.3740845878289605;0.6139453365544016;0.34234761398325975
0.2754097316939984;0.4255125961633701;0.5157685924369165;0.2940146546553446;0.4579690802870561;0.47709302060562675;0.40103621561727854;0.526476847909128;0.7609057369363715;0.32096912491481056;0.5524134337549144;0.35020507266793566
0.2506336057123687;0.3952355796216196;0.43907817001042404;0.2677012777387323;0.3799871947271388;0.4466011209938314;0.40074728405885135;0.19463066490008543;0.5468728822081145;0.2770276235234303;0.5399081047794982;0.35041676320249776
0.16077545993040743;0.40434840030376007;0.4603790215833179;0.17488584988727074;0.4137987434471341;0.4324870378572584;0.39722461399260917;0.294510213984594;0.3320351599324266;0.2588995460923922;0.6139453365544016;0.34763246274926607
0.2170886215433288;0.39122395747350325;0.42638061481685224;0.2325645484968015;0.3806216071925701;0.41171349611344865;0.38956191045499455;0.15323259311299126;0.20432169116041957;0.2686676103307166;0.6272559329259632;0.340814451084023
0.30952036965842833;0.40598276488262286;0.46186821729685024;0.3267990621286079;0.4367915019185925;0.410600666520074;0.3831722262524536;0.31765702008019114;0.24641777802185055;0.40918890912529104;0.5517976410402156;0.3348383238736134
0.22478004392999607;0.40514081949351155;0.4584193223761463;0.2393195410185827;0.43439883977264604;0.4111172250376385;0.3781809447517053;0.3082771031055493;0.25112841225464577;0.3768508470638595;0.56193453649756;0.3299401217133754
0.20185759726919;0.4311090566909894;0.5216224354951795;0.2152016994056011;0.5295250312457433;0.43659767298075214;0.38013017779099323;0.5975831697939219;0.4031724230318769;0.5009702323778736;0.6261190848372876;0.3314377449620012
0.2012135845064732;0.45413873939313865;0.5771702591282892;0.21454156482448086;0.6021964110973114;0.47874943459214314;0.39151971529826923;0.8399530669721644;0.5818871360310471;0.5452430218928357;0.6479086732035438;0.34207032192231557
0.15761171662458953;0.44882292732855644;0.5620541677441021;0.16987998510148264;0.583538305277516;0.5084324003278993;0.4075536666118377;0.7729603681656804;0.7408884090541132;0.5313223595706936;0.6134716498507892;0.3577745171353117
0.17907472751893472;0.44405190345692835;0.5483479398041009;0.1919016683110654;0.5663266896494994;0.5284895493197111;0.42505832623459017;0.7141133245781275;0.7807616826351318;0.4893905958949879;0.5730188053621335;0.3756768074678858
0.18359016301113923;0.4504242744411795;0.5622946351072471;0.19642760249558502;0.5883979531253138;0.5506243793290961;0.44422408547577785;0.7927117980203268;0.764597076617751;0.4621372654575969;0.6949457628724366;0.3958826049750074
0.17437074076160017;0.438125268266913;0.5298104041114429;0.18689813747650666;0.5412904684936706;0.5576341588583875;0.46119143336703927;0.641012671817127;0.7194483629252831;0.43592156175670027;0.746530244896026;0.4146917745966511
0.1965634695391758;0.44566975930267105;0.5467129813396236;0.2093805822414794;0.569616193399533;0.5702504061459889;0.4777075283776736;0.7340683774209672;0.7262764091318611;0.40055369417949727;0.7420302212116909;0.4335030120953698
0.1742801382056286;0.441691154620794;0.5349729035006663;0.18636451822403358;0.5533965749086467;0.57693200716171;0.4924786108502096;0.7384803717420368;0.7077199719531112;0.3794476754312619;0.768272464591918;0.4509745229959232
0.19083591877113548;0.4486248225311189;0.5503795596153176;0.20290983574786617;0.5813221190665271;0.5885314081317194;0.5070005562736889;0.8685798469680243;0.785586926216191;0.38239589716749933;0.745819714840604;0.46835480042340405
0.22664596683946453;0.4268993297454351;0.49461871923129586;0.2389927723103278;0.4926671296299816;0.5785243962589314;0.5162843919145288;0.5667492686258283;0.728335130638682;0.33876477345287925;0.6858983468334047;0.48086390498711895
0.19276061090609903;0.4466437745567404;0.542015632574653;0.20405263074168287;0.5720947828962174;0.5883519027917855;0.5260033189456524;0.8324561180895134;0.760490933152052;0.3330065592503004;0.6680403581071478;0.4935660520687305
0.19940153338704186;0.45734143361838386;0.5667826729539548;0.2103955161072458;0.6113880760860568;0.6056122871093333;0.5378037297166646;0.8874328279402063;0.7669418820031337;0.3581128647747972;0.6326559613471642;0.5080618217021899
0.21910636495199287;0.43021758510251873;0.49742485806660924;0.22982760447095255;0.5057493433743201;0.5950751300214504;0.5447867032402577;0.5493197316070398;0.7609779948082046;0.31379099187369;0.5700819477997247;0.517938743307327
0.17883965061695445;0.43370092779080105;0.5043617650304446;0.18868117694036693;0.5195822021643237;0.5899281065939286;0.5491727522045956;0.47895644546825344;0.6400205552224598;0.2987024004229824;0.5937662829804374;0.525048675300233
0.19733971305925652;0.4404199821705679;0.5194170533085392;0.20704091430493507;0.5467802474775516;0.5919223008283289;0.5531466545157626;0.4488735089715337;0.48995814657702613;0.3143749636174336;0.5947610250580253;0.5313702294127014
0.22909958200388364;0.425430052497771;0.4804524190303025;0.23869491149469632;0.48842869739354633;0.5803036757378993;0.5536162136900565;0.23249738906770953;0.3815506364004229;0.2741325027910381;0.5870399317891142;0.5340134762333003
0.1697010360524711;0.4533133027371474;0.5480418654777256;0.1785487385049578;0.5965720387875668;0.5960408211905666;0.557661897853302;0.755203804335709;0.47607455200453086;0.32719510702935994;0.6453981336743873;0.5395645457316
0.23480999174782125;0.46770891801763126;0.5819223718646596;0.24372051080299553;0.6447207207960882;0.6211116676968337;0.5667451808678783;0.981912441976626;0.6584651722212911;0.3591918483002552;0.6981194637866522;0.5496685928910305
0.1830906245944311;0.4759632845775412;0.6005023187532162;0.19129606563079868;0.6711733181552472;0.6477822774871643;0.5802316214344246;0.9860204744986015;0.9162991396663561;0.38972801557664005;0.7019089574155654;0.5640129153305103
0.19031189317713776;0.46889754680225826;0.5809992077753315;0.19813626987814212;0.6392078187168014;0.6618633587793243;0.5943046023949806;0.8745400557985172;0.9571325789724433;0.37542220101089097;0.7439723366965091;0.5791845772048613
0.17295293319653163;0.47692079109849095;0.5991087884233085;0.18032020039022592;0.6668999023002974;0.6792550952843586;0.6096188887623181;0.9426897346136607;0.9437116945312622;0.3845611781220958;0.7103405807398985;0.5957763445502726
0.11476405380322593;0.47690428236537086;0.5971471676732809;0.12179985675351951;0.6668174911469321;0.6919374144276054;0.6248279430752611;0.9424458611439306;0.9288017127956728;0.36778757454619593;0.679598313675335;0.6125203645539192
0.17250971528758965;0.48208802456499456;0.6082063330758471;0.1791674413892308;0.6860325023252546;0.7053811531146426;0.6401303812900985;0.9105940079301257;0.9411383401663543;0.40700318316627815;0.7722988015726393;0.6295417283781884
0.1771426892307843;0.4712087694390328;0.5792530743313175;0.18334167140239568;0.6278421676069984;0.7050727517365241;0.6523004100247067;0.7668902304324506;0.8809847967457212;0.382313262334687;0.7310880583582011;0.6437433716802414
0.14059312840830898;0.46435764519430744;0.5604914043897927;0.14661620876353074;0.5926142862750363;0.6975532104539133;0.660282811716311;0.6763939213861155;0.789949460867476;0.3551419661761459;0.6921510113211127;0.6539329504887137
0.21346696802219517;0.48489450919536425;0.6098471934219555;0.21863795414609302;0.6761774648158845;0.7086734275634695;0.6692620627432373;0.9476647851298335;0.8026340165851114;0.3711620930062279;0.7940883899388942;0.6648064772352144
0.14672716631935687;0.49471720540165753;0.6324899681737608;0.15193742338390404;0.7116865424405678;0.7248021955016503;0.6802068300993794;0.9937622173731252;0.8802630974003453;0.4158802570990374;0.7422670645634979;0.6773640321672436
0.16839586950293478;0.48730478423085755;0.6121113199187681;0.17310899285251732;0.6703587237602644;0.7294399016690369;0.6900441967006683;0.7618352048315911;0.9094986517188278;0.48955526161578866;0.6796930510160569;0.6888179836973151
0.19532196965059245;0.5076435434344764;0.6608863912491838;0.19944168708682;0.7426383677926791;0.7495465738203667;0.7026031377776675;0.9711212445230862;0.9175247787274223;0.44332788609914875;0.7143669177206184;0.7027311132925719
0.19759437970306848;0.5013206986495855;0.6432526669642317;0.20130465196800088;0.7068515994996104;0.7579817849694753;0.7146174539743808;0.8813305664875698;0.8790538955193195;0.4462669919038167;0.7164985078868832;0.7161607908409304
0.15555724244999106;0.49341301548519123;0.6216698976037268;0.1595917507733826;0.6628032454791306;0.7557759786427527;0.7237144940434921;0.7198831622371231;0.8646991109165747;0.4217159030916172;0.67078774098811;0.7268264572115182
0.17650112518579647;0.5060421963218542;0.6512578145030372;0.17997705408202516;0.7106093216236388;0.763407547180863;0.7327718731083348;0.893151936593498;0.8380202521116901;0.42930658022787116;0.7070721424849609;0.7372935043345381
0.1753673688772874;0.4974576550995473;0.6278977552536362;0.17859377416614258;0.662065024298083;0.7599121087706472;0.7392026102476863;0.7400913498954751;0.7896922469359119;0.4086008181857348;0.667566671403534;0.745144108442511
0.16264383155760484;0.4994882292732852;0.6310768106561071;0.16583847545197544;0.6703910967141345;0.7571197498740934;0.743695997998401;0.7762960655951963;0.8089951229447996;0.3769318760013921;0.7046089716261659;0.7509218033437628
0.15056675571836806;0.4874368540958165;0.5992438454354858;0.15376782484109702;0.6019018168650002;0.742465297990188;0.7438731647691017;0.5614225496537485;0.6954868501307225;0.3407976091711452;0.6896878404623177;0.752339907706792
0.2777164237946799;0.48162578003763956;0.5829708479988228;0.2780761823824117;0.5704933721543423;0.7241989800354435;0.7397550367177125;0.4578123063504724;0.5988990651895518;0.3322165753510299;0.6140874425654866;0.7492696464035109
0.35906282675077195;0.46967345725888965;0.5514250161821361;0.3566974360208982;0.5091317037568887;0.6978837578394752;0.7303235995461933;0.38554699926920116;0.46519595244593304;0.2599068901387163;0.5516081663587703;0.7406404173826384
0.28186944906299816;0.48674348730478423;0.5921721559655948;0.2800946913529073;0.5940213123833964;0.6912104726280303;0.7212221826615812;0.6331480915356238;0.4897383737573861;0.22583188115059705;0.6218559045047607;0.7316081122200688
0.32058122764014624;0.43847195166242914;0.4702213013456841;0.3169482946274289;0.39720341398923875;0.6422573622817972;0.7025247654224431;0.26453301925004996;0.4236037504371745;0.1441867566229651;0.4249917104826868;0.7130284595832705
0.3173489202379174;0.4522897612837191;0.5029999401576657;0.3127536635431437;0.4605337842112591;0.6156076466188695;0.6813518901653385;0.4357467122819799;0.4407806510802212;0.11272271678991036;0.48278148832362267;0.6912346188318059
0.26387871990832;0.43030012876811785;0.4465679323045934;0.26017178335503066;0.3894273640605963;0.5750913865590686;0.6549648518241539;0.22806907225975953;0.30217423982617486;0.11260190989820548;0.44237601250532854;0.6637281752458154
0.29023916626058766;0.4335358404596028;0.4530108655013327;0.2849788657436342;0.4046008807922816;0.5464653558702639;0.6271793861299554;0.29095262477814804;0.3112142703751366;0.08589785671523614;0.41542323906967815;0.6340025060836447
0.20304522536773617;0.4639614355994319;0.5270335001781554;0.20042912396694498;0.5332427039783255;0.5515100007934495;0.6061274678869001;0.5657737209997841;0.3557057799000961;0.160668859005059;0.5273554071337218;0.6097829932905243
0.20665708401795396;0.4655462739789349;0.5290546887567238;0.20360042528095065;0.5393392501162673;0.5573896293016977;0.5906571129133406;0.5915100577158328;0.48006485133942484;0.2233405195336361;0.526076453033964;0.5904875872638871
0.2558175411445796;0.44877340112919706;0.485458038170625;0.2504442771330677;0.4771999032252473;0.5476330270983927;0.5760055059117061;0.43705312382646744;0.5300562478124223;0.19623883964945482;0.5125290133105956;0.572017054750326
0.26438805319594394;0.4303826724337174;0.43793251870896616;0.2582235660864325;0.41630123774096783;0.524307241671786;0.5588444477851067;0.2676977848965994;0.4280632197402461;0.16327036414563545;0.4764340864951927;0.5513164460550931
0.17291865114832616;0.454320335457457;0.4957701351613253;0.17008597971362935;0.5142122288766368;0.5280233792601938;0.545982236331004;0.5040815674121503;0.3981477002842754;0.1790238674808246;0.5794135758609251;0.5346290505015031
0.17216689480553507;0.45268597087859463;0.4899596640703878;0.16914832787013162;0.5083908565789043;0.5302848747211351;0.5362198672380522;0.4982950597329275;0.41910293259776144;0.16605805229432546;0.5257448723414337;0.5210704034459789
0.17663335594316038;0.4875193977614156;0.574810329994789;0.17318107120543416;0.63115555369477;0.5636089118659886;0.5361814222440148;0.8359656893863625;0.6135478954916375;0.3173105750062872;0.7641987589408363;0.5169681992353002
0.16509989543975295;0.4977052860963447;0.5981108214156503;0.16185509424438085;0.6620458810959018;0.5991079588362066;0.5444293474100361;0.9386131851374799;0.7622321404001755;0.37376587818621965;0.753777651461322;0.52141900328621
0.18733425241872093;0.48611615544623055;0.5674932320515544;0.18294191401267237;0.6149122844094821;0.6166631036114866;0.5551216973470061;0.7545040447803517;0.849899499751317;0.3933713881511812;0.7836199137890196;0.529245743833085
0.1845304706190603;0.4919602469706472;0.5803594712572882;0.18003396411888198;0.6342292758792145;0.6353659861907212;0.5680372493662492;0.8065121645575856;0.8398213491164194;0.36697019380581597;0.7911041637061251;0.5401780919648731
0.17056543341079441;0.4911513190477761;0.5766104038918377;0.1664720080670472;0.6306630466717349;0.6488754259888816;0.5815202078067833;0.7993133005206231;0.7921569276675852;0.38528674478064506;0.7014826393823118;0.552596689438104
0.17222321531330118;0.47218278469310215;0.5277577845818698;0.16777807537069997;0.5498856312557134;0.6421136324212975;0.5907296665066876;0.630507284633506;0.7497287960852417;0.3497787715425339;0.64250864478234;0.5618259703882061
0.13178509073723543;0.4838214415425761;0.5551562406496346;0.12903180358603505;0.5943310216209815;0.6465956285164419;0.5991424732632963;0.7340827774101985;0.7249455391301525;0.3221972219370027;0.7240301264743505;0.5707533390743694
0.08834238950773426;0.4852907187902398;0.557259232052653;0.08765108843109012;0.5999550439817588;0.6508487125772006;0.6068645742223553;0.7378107828321344;0.7039011432117241;0.33273924943001904;0.781014636919141;0.5793479964456407
0.1300636421737757;0.5042757618780334;0.6026814856051741;0.1274515549098676;0.6695415096831868;0.6703533376862746;0.6175909002696638;0.9130098529907901;0.8005654119266336;0.40009039879574515;0.7668040358107149;0.5909629793455484
0.14571094846183794;0.5174497309076496;0.6334447004671543;0.14240172450284455;0.7128217688917545;0.6964494311824752;0.6322577931522554;0.9897949366248309;0.8880627717408333;0.46046662446404296;0.8092937331249095;0.606569422628035
0.1828016759024137;0.5248291346122094;0.6497845401445984;0.17756179168123348;0.7360522969894812;0.7222915088064993;0.6500179008306265;0.9572497864987634;0.9631484990682254;0.5126526545530281;0.730519634313864;0.625495598020026
0.1523837042732573;0.5267111301878691;0.6523986619473574;0.14842541850301533;0.7420991036677418;0.742781803431608;0.6690044988089705;0.9319521461693698;0.969630007992332;0.5131962164274473;0.706693193122069;0.6460489596728993
0.17298231780927917;0.5361871429986462;0.673773630173274;0.16801255062557394;0.7726521657681052;0.7655567232954549;0.6895050831594937;0.9792716328898329;0.9660292355606921;0.5164402600883631;0.7671356165032451;0.6684452845420006
0.13337185982560232;0.5346848482847424;0.6677376523028604;0.13024970218796408;0.7633401258198744;0.7801600956578825;0.7093111818888017;0.9084789199333817;0.9493412451521493;0.5269153696796605;0.7460565581924109;0.690587885041734
0.15059858904884457;0.5382507346386238;0.6742439964138525;0.1464407190473621;0.7757085354061384;0.7926737848743811;0.7280743601511357;0.9385522316748973;0.9515996049347083;0.504749776311595;0.7586092558381887;0.712014386095251
0.1440458204061443;0.5453659986132662;0.6896207313611715;0.14027921445796349;0.8003560009762848;0.8065443733892267;0.7463196425535854;0.9488733737783124;0.9411981933499991;0.53798373134203;0.8334517550092362;0.7330843195391413
0.15681343464494815;0.5401657476805224;0.6742825645240368;0.15222679088996335;0.7633824725498527;0.8104362958364544;0.7618234980542193;0.8892256431863461;0.934610274776586;0.5085955464911726;0.7851357112405843;0.751643059728545
0.13820317990484282;0.5420477432561821;0.6764963191474063;0.13497561959490387;0.7707322199810847;0.8127246764395178;0.7747602523699851;0.9108124409243922;0.9251185147448295;0.46788464826011456;0.7863199279996201;0.7676831198547479
0.15085570441038548;0.5570706903952187;0.7114874773052065;0.14712726240040055;0.8261336146146377;0.8253438069877949;0.7880525449212554;0.9704617060728322;0.932505422291047;0.5426421854766625;0.7749514471128782;0.783796710622255
0.14219214108532066;0.5316142239244557;0.6455565968487782;0.13909930145434937;0.6568109543394209;0.8101398067361139;0.7951406761560851;0.6904783842280526;0.8644998159774122;0.4614111560816071;0.6641087584671498;0.793920750882014
0.1856446371857377;0.5446231056228741;0.6752959038745441;0.18055530899001934;0.7088341926119078;0.8073036305630075;0.8001497606197869;0.7858092030102908;0.8217272965974097;0.4172088098694431;0.6802614750603954;0.8016174587872218
0.16458321599894216;0.5480073959124376;0.6810893555858992;0.16053278909804491;0.7218702196789665;0.8056840443642098;0.8037793268467023;0.8169181880591926;0.7691891127111242;0.4028201868364397;0.6845720240632852;0.8075127755344818
0.2329807996042872;0.5858784296893051;0.7724901493478002;0.22551413851910282;0.8419084929652697;0.8355133460384071;0.8136394279275494;0.9289156873417146;0.8507755126998411;0.5935149368865085;0.7660461370849312;0.8186763203740839
0.13995891051650802;0.6005712021659457;0.8056570770697908;0.13698256491859964;0.8778649115928162;0.8691586333078362;0.8293738773473038;0.9938028331852538;0.9219449617959443;0.6202098475994515;0.8125148027094882;0.8351396037664542
0.1841509193710713;0.5893122461782281;0.7741316959592149;0.1793901738606114;0.8094547026829008;0.8824756897396423;0.8450670882629265;0.7525310039202292;0.8999135158321198;0.6315501134970845;0.7699777367249293;0.8517068550629575
0.1918007135563462;0.5706243602865912;0.7243535792578784;0.1868331225964863;0.7068585232597631;0.8731490770416767;0.8554466112003722;0.5329178295188179;0.7644144173222993;0.5827458401921407;0.6959405049500258;0.863462333368761
0.2456578112871195;0.5500379700861755;0.6703234999750192;0.23804274541928397;0.6096208336624077;0.844510202804125;0.8570713993037373;0.2934188241645493;0.52476311629066;0.5136849207416292;0.6517929041731803;0.8669615372741906
0.1594507036390394;0.5613794697394918;0.6957364532601171;0.15576933848697544;0.6499516149216615;0.8292829131097782;0.8548200956831599;0.4231412367243954;0.41205539418637527;0.48213040657825346;0.6789351522902746;0.866331561448778
0.14065679506926196;0.5634760788457092;0.6981256172956434;0.13790171380434585;0.6574023778360223;0.8165667399708179;0.8500535325264769;0.44712194472308836;0.3826985054658486;0.5243939846296376;0.6418454833972811;0.8627517624854892
0.16497011340011802;0.5560801664080293;0.677080193669559;0.16109630529685592;0.620822679035189;0.7975739729366749;0.841811006398957;0.36252858107416047;0.4063458802546112;0.49756802668947464;0.6936668087726774;0.855348313617527
0.18745423958744;0.5447056492884732;0.6462423131423106;0.18252812421639886;0.566761748105852;0.7703640423187237;0.8288713971155185;0.23242851956945135;0.3410894634878053;0.44605791720589294;0.6237032826488556;0.8429719633730468
0.19900973855040804;0.5337603592300324;0.6167687280429417;0.193505346641244;0.5179007573772103;0.7374055721739459;0.8108335127573361;0.13264765323896394;0.23348538897366888;0.403451747463336;0.5825872767751394;0.8251835513962593
0.15889974215002314;0.5398685904843656;0.6298466114689747;0.15516017496990847;0.5463108729072027;0.7153897086231743;0.7912689177227508;0.20052421167838583;0.17805214464133007;0.38114941416754133;0.49144995499976274;0.8051803230335935
0.1453852690038861;0.5523657014560701;0.6587732431196408;0.1422109487783971;0.6019403709358829;0.707844104228658;0.7738575422585443;0.3393959812422833;0.21465333916858606;0.4460243296430806;0.48514992184169303;0.7864315500403354
0.1415652693467066;0.5545943804272455;0.662063336248589;0.13843351691384506;0.6116633322686814;0.7026469787700301;0.7587164278107702;0.36416175256477323;0.29387081757471883;0.46065738189211236;0.5238501255269759;0.7692982941432023
0.15130871719024333;0.5727374781259282;0.7051060334798639;0.14773482166891924;0.6862002002084006;0.7134132404017108;0.7491143204835213;0.5657734761456514;0.41884863017900686;0.5216805207433396;0.6295296291033116;0.7569767788448829
0.1541835118040438;0.5749991745633438;0.7085427128781254;0.15047701399624255;0.6949463970697415;0.7225287313909905;0.7435584450298669;0.5909061477840317;0.504908188732738;0.5238903474400051;0.6950878688835201;0.7484292156953936
0.1787196634482353;0.5700465546273974;0.6941967484200797;0.17379455015184825;0.6650882335741805;0.7238714343332184;0.7394268744690562;0.5358711004007153;0.5636621980735786;0.5314454802371888;0.648334991236796;0.7414617417861553
0.1516956145914192;0.5826262092647005;0.7234113369930499;0.1480838190949823;0.7167529892736416;0.7346029902933882;0.7386243085921548;0.8704800132999655;0.6679240274719683;0.5077312004187581;0.6784140969162992;0.7378438131573948
0.18142059910327957;0.5728365305246474;0.6971929827450939;0.1765806324189542;0.6568365989417074;0.7327995476179454;0.7375616776448257;0.7943897926604025;0.7375502890730392;0.4905369481804328;0.6715456397138937;0.7344246483721847
0.1920529314824292;0.5838313467824476;0.7227385224872676;0.1868742633086206;0.7026993672713292;0.7395638471342258;0.7382890653481398;0.9651334311743335;0.8844315352591302;0.4502078947641016;0.7357301880536212;0.7329918229513166
0.19780496942775916;0.5883382309241587;0.7320235548213445;0.1924522856569795;0.720841848161948;0.7472300438762973;0.7406587981134731;0.9697271732909577;0.918391064187829;0.4691673411877746;0.7800672635119135;0.7334399558992248
0.16625569020782266;0.5981114009310926;0.7541881399080852;0.16246248090894982;0.7590251972714687;0.7601695106538889;0.7455721785709644;0.9685849724320039;0.9779956538529687;0.5179891242202943;0.7905831083321497;0.7365997505184816
0.06740830164284473;0.5916729950143624;0.7360726573784783;0.06813514100621995;0.7149046304910509;0.7627662050292727;0.7501084542590566;0.862674676235625;0.9429372093326888;0.49947956530008775;0.7362512434275966;0.7398711126533086
0.1799342274418001;0.585993990821144;0.7197982874112048;0.17568032129970837;0.6766540160697441;0.7579011082596175;0.7526028926612153;0.7925857869552929;0.8823245123619969;0.46479579813477634;0.7135616503244758;0.7416486741571007
0.18347997071333594;0.5675372271931849;0.6718212053783439;0.1789434971906656;0.5650827728780116;0.735953123825041;0.7494799858249575;0.5122127380602831;0.7261670354446935;0.410590529352308;0.6085453081332006;0.7385394356738585
0.16805794645633812;0.5749661570971041;0.6883610227658903;0.16421869060872743;0.6027305896914581;0.7237474135274714;0.7441351843932316;0.5610417731075442;0.6229569153711809;0.37568954359274687;0.6233717019563254;0.7333244574219385
0.14332834611155867;0.5830389275926962;0.7064390352098029;0.1406160756009098;0.6420008005321515;0.7198826222116727;0.7389580408809138;0.6520462827740084;0.5748683316948071;0.39574193419125403;0.6607455828714888;0.7280819188025237
0.13593566728782472;0.5773599233994782;0.6903037025934795;0.13356659777558028;0.6068802630874104;0.7104438096761942;0.7326151143149352;0.4862531245082396;0.5659856971944498;0.39984547110760227;0.6083558334517554;0.721650977391783
0.14012297460434842;0.573761019579357;0.6795655721009543;0.1376414426752538;0.5845772776118077;0.6985837160555378;0.7247748978624498;0.2851020754631053;0.4715670544284182;0.37020148821418614;0.6261190848372876;0.7137083703356684
0.15251838374835017;0.5846567834384389;0.7047913122106366;0.14956707200388997;0.6425190651256162;0.6977712606835038;0.7183132531637055;0.5533412057612092;0.4377930107325601;0.3763269166173997;0.6258348728151204;0.706813728516157
0.14282635897712162;0.5818502988080692;0.6960143907089553;0.14033610393969273;0.6236543682070633;0.6935144168429732;0.7121512050381609;0.4842493085632088;0.4371073624423799;0.36490730103045754;0.6048505518450095;0.7000989743847785
0.14002502589518998;0.5820484036055071;0.694656683428011;0.13774763184730415;0.6247785618935102;0.6892627603831206;0.7062300439126861;0.4891263836595379;0.506918623510035;0.40236980830995717;0.5773767230353836;0.693547657984897
0.1272525142209282;0.5882556872585596;0.7082780889762185;0.12575376820548365;0.6605568977295185;0.6903741626233209;0.7017523035137958;0.6419414033445144;0.5372350675593334;0.37734671881717174;0.6136611245322344;0.6882693440933274
0.1614537547413297;0.6074553438769108;0.7541842968223721;0.15840920406476458;0.7556684703609312;0.7071565858627034;0.7020839157322698;0.9902449735811346;0.7103722578379464;0.499498669692925;0.685045710766899;0.6873688597959801
0.15559152449819652;0.6136131013306039;0.7678050161052754;0.15290229354277235;0.7820044672695616;0.7244999937277264;0.7063938364540296;0.9807727557187181;0.8785995320103138;0.5299056799268294;0.7556723982757799;0.6903147227131039
0.1859727653614185;0.6436259781424369;0.8406405490561648;0.18217656161110288;0.8855349673311225;0.7631669607080832;0.7188592402150373;0.9704093491555859;0.9909918333006854;0.7356553932767562;0.8204727393302063;0.7009955395946875
0.19542236707747984;0.6715917720474129;0.9081735844954553;0.19129189873871363;0.9531979844156194;0.816290684740079;0.7412204697127462;0.9968304868463611;0.993245206880958;0.8504495658841744;0.8775519871157214;0.7212692045439727
0.09735856818576952;0.6689668834813616;0.8993944669447964;0.09744308802206664;0.9334647182664019;0.8531013660384533;0.7676940188079351;0.9622287973466439;0.98689999669211;0.8204172188699266;0.8863151911325848;0.7462537987860649
0.1750196509597749;0.6580546108891605;0.8698210988699692;0.1723037538215075;0.8529077084588103;0.8693877982948608;0.7926709932852432;0.8566774461201156;0.947984204526374;0.7433318979549843;0.8653308701624752;0.7708952886110128
0.17779894558214587;0.6824049922408952;0.9277320084569851;0.17513777373493303;0.91491565722023;0.9005713422796815;0.8199248418478533;0.9970979526347523;0.9480757236406657;0.7355678707325242;0.9039363365070334;0.798292061604075
0.17376101004708883;0.6971307821837751;0.9615548685582329;0.17146993929211182;0.9463185165725038;0.9345654227432956;0.8496556308070126;0.9819409285151542;0.9548206490241635;0.8139256201329791;0.9542418644308651;0.828552640189786
0.19336789290288142;0.6928385115726217;0.9482225179568187;0.19064167660955014;0.9160240142257078;0.9535671016231854;0.8778716158951105;0.9504284547832098;0.9868995527537817;0.7185087464710268;0.9413575860925585;0.8580500478575641
0.1678326644252737;0.6924092845115064;0.9444664506852494;0.16625876967848782;0.9128580813953432;0.9640199738118029;0.9028821030999198;0.9472772074100141;0.9698523240082699;0.6706178649013037;0.9223153806072657;0.8850462908118655
0.1673012926780891;0.7158351768085316;1.0;0.16583473351316827;0.9649447861463519;0.9887376288495227;0.92865486127858;0.9968695068604954;0.9749604549434924;0.7677587872606202;0.9344417602197901;0.9128185127811979
0.17863885576317962;0.7117079935285764;0.9868585684066524;0.1767630196134458;0.9342464171015007;1.0;0.9518995490324742;0.9596314080448219;0.9781094413481971;0.7358195375576341;0.9049310785846241;0.9383951400452092
0.18224826569566843;0.7054181662099248;0.9683972081629337;0.1801751284003204;0.8872686270091491;0.9986809241996806;0.9701876794849094;0.9134841526038673;0.9665464281357021;0.7005007602143192;0.8007673724598559;0.9594446724784207
0.167497190096406;0.7077458975798194;0.9714272067409935;0.1661495501927817;0.8936180099685828;0.9951352898112322;0.9839913116031895;0.9273139530824234;0.9427465144566362;0.6407243958953939;0.7272038273885648;0.9761500333698379
0.14347526917529635;0.7152078449499784;0.9872629159248147;0.14326918371882938;0.914017505961365;0.9944229110220496;0.9948680844755262;0.9823872299553686;0.9505329034327804;0.6186229659805577;0.7561460849793937;0.9897284506014417
0.08482847956667491;0.7036352230329843;0.9557124175040488;0.08674731994343277;0.8234977752670615;0.9791168563323029;1.0;0.870890348568585;0.9359585264888884;0.5816428232113753;0.7542513381649372;0.9976315971298908
0.15623308854318435;0.7008287384026146;0.9460143907089564;0.156222305112932;0.8022625985816247;0.960298410796702;0.999716910080779;0.7961567106530779;0.8910802834349617;0.538657782810869;0.676329875420396;1.0
0.19026781625801648;0.6993429524218309;0.9395271247734636;0.1893741333929778;0.7905514552550207;0.9401096995280799;0.994782258126099;0.7239481294212858;0.8026498425871771;0.4839272091977673;0.6298138411254787;0.9974106096236945
0.17426544589925486;0.6815300293855446;0.8919896642954828;0.1741873254768949;0.6609981040271302;0.9046485697414939;0.9825646980124021;0.44942281296559455;0.6584357515329229;0.42485612721609534;0.5910189000994739;0.9875174469394703
0.16784245929618954;0.6755043417968101;0.8740848652147482;0.16809009810719067;0.621964001442244;0.86804281886703;0.9642538759508044;0.3162449560666891;0.49422372657847397;0.3791516136426504;0.5749609208469516;0.9712431168117456
0.17049931803211246;0.6595238881368242;0.8315158282975184;0.1706718560571416;0.5280184325474458;0.8221600348073098;0.9389049609019502;0.08025120743423146;0.2739691193381493;0.3335968113728821;0.4618919046942351;0.947722505828805
0.19929623852469652;0.6543566546703201;0.8161955043583331;0.19865612949964392;0.500243415835789;0.7790878594113029;0.9085810294257388;0.16117405237772994;0.17533866860551814;0.3030925443463234;0.45890767846146463;0.918699663014952
0.19104650849582616;0.6674480800343381;0.8459886145840717;0.19059494692861603;0.5745445971844717;0.7548444582421059;0.8786681158855099;0.33576433491433494;0.18201763967841356;0.3583775441937739;0.5145184974657755;0.8889185694612226
0.2003589820190657;0.6810677848581896;0.8771419026458549;0.19991522563901923;0.642467929723506;0.7460960846749546;0.8526975895657485;0.5173998747538003;0.3315973638269771;0.4433160806783595;0.5469186679929886;0.8617188190913287
0.15583639627109264;0.6823884835077751;0.8775815242007352;0.15673989089584967;0.6488068623901639;0.7387182815421671;0.8302006017618215;0.5350130180109636;0.45951432557428373;0.4314566001636896;0.52929752261854;0.8370554839322244
0.19564764910854432;0.6823389573084158;0.8748306983490657;0.1955268990153101;0.6484687283576448;0.7312874442576703;0.8104700767531046;0.5396041468493181;0.5292624573178503;0.3906168391201833;0.5623608545308122;0.8145912552238548
0.1926773545033143;0.6919305312510318;0.895970552081224;0.1927377471548463;0.6972050334380058;0.732419949090236;0.7949497665525225;0.6687639685202746;0.5810549047943864;0.4938240290755864;0.5979347259722424;0.7957755091120345
0.19098284183487318;0.6824380097071345;0.8695551024374494;0.19116600867698427;0.6295127318705797;0.723383369523229;0.7804261108020365;0.5409379832176929;0.5830822577922727;0.46646801294143736;0.5749609208469516;0.7780398011474151
0.18077658634056276;0.7137055502360745;0.9446002724198748;0.18121762052954052;0.7672618257562241;0.7425037748505227;0.773266228144699;0.942699035097009;0.7210097563695665;0.5750151154224933;0.7157879778314612;0.7669409167283148
0.17603097138183588;0.6930696338362989;0.8903681566309976;0.1765875519046177;0.6415933489840934;0.7375975174923265;0.7663941408694697;0.670356046014357;0.7215545195821556;0.5165283262216803;0.6738667045616024;0.7566532022530625
0.1645611775393815;0.680390926800277;0.856247045627859;0.16523513230029913;0.575224008236414;0.7209549556346089;0.7570152833812894;0.5030285135219756;0.7085829873698466;0.4721194200146446;0.6833404386338864;0.7446961413028246
0.19008661114607334;0.6755868854624092;0.8418826892596192;0.19024556828377812;0.5511088955178227;0.7022660873325981;0.7451537935703055;0.439627065663535;0.5364462017858154;0.4440736293706128;0.6843825493818386;0.7309148810517286
0.24202391417734104;0.6361970482385177;0.741655288387898;0.24074617733013184;0.39007807596248656;0.6516221673588531;0.7238540067337063;0.1489892480015969;0.3580494510759282;0.33284734796571885;0.5337975463028751;0.7091561956852371
0.2860763461213535;0.6759335688579258;0.8385855962245534;0.2831415289142192;0.5597394010938909;0.6464463841319299;0.7056071403788622;0.61358755719596;0.3958795818556573;0.25060894601886385;0.6087347828146472;0.6897788456990659
0.19682548233617464;0.6914682867236768;0.875105616230559;0.19613829610907926;0.6131235911600822;0.6555647038736586;0.6931361173923797;0.7561254281009402;0.5041762353423094;0.3856063745081082;0.6495192079958318;0.6753292349550281
0.17560979193245457;0.7078944761778976;0.9138289596272859;0.17546533066420283;0.664946175545582;0.6765660224086375;0.6880569859823071;0.9068429430323446;0.7634920130678756;0.3816568013817623;0.6967931410165314;0.6674818821002755
0.21616790367723943;0.6970812559844153;0.8848273878052287;0.21491121483736467;0.6201543410000504;0.6825655369918158;0.6853928189324651;0.8076268904895582;0.8298867023757351;0.3540776787419347;0.6382454644498119;0.6622474468782241
0.2375354145801551;0.6849308284082278;0.8528529146785556;0.235634780831064;0.5718908967584696;0.6755613893140197;0.6816280581901838;0.6961413719071313;0.8093618803882927;0.3184838098501133;0.6306191085216241;0.6566200057851723
0.21464724996755447;0.6852279856043846;0.8517559882138054;0.21350232030256736;0.5729969095196353;0.6694494161504122;0.6771908852160113;0.6988679199159409;0.7381987980934512;0.30380537619996584;0.5417554829235944;0.6508276671110155
0.1652982415757988;0.696916168653217;0.8787890766327756;0.1657375864529827;0.6168424922012665;0.6741727801009243;0.6747426756801842;0.8061121415957765;0.7376804945079102;0.3076773769183964;0.6345033394912605;0.6470620594021977
0.19364214928852508;0.7023970680489975;0.890098317112767;0.19365938741660074;0.6369610048524513;0.6818459253567422;0.6745735511069988;0.856401804869371;0.792517013858196;0.37975433928975755;0.6866088768888253;0.6456072703506913
0.1688366386941478;0.7129791659788025;0.9142102486311763;0.16981295837790508;0.6750792289416;0.6962508350192772;0.6777975994994785;0.953497208960864;0.8796438465877153;0.3732058460407053;0.7307564776656723;0.6474601149076604
0.19490079020121115;0.7329712417869048;0.961446850399104;0.19559222296808684;0.7400608330812413;0.7240817201061323;0.6868672384842863;0.9671155533536295;0.9347345919521794;0.48615343277190826;0.9011415849557096;0.6548069873507147
0.16887581817781117;0.7286129362432727;0.947945953038591;0.17062878260970374;0.7170606588947519;0.7405950017225746;0.6979739880829151;0.9313882552471596;0.9603928025356974;0.46539360690538856;0.7746198664203493;0.6645431345734646
0.18258618874226512;0.7295209165648622;0.9478600326223083;0.18447035436908374;0.7201466783781135;0.7527070490128486;0.7096840207107054;0.938468266431784;0.9552503298580874;0.4456652001354354;0.7326512244801275;0.6754007382798906
0.17975057361212798;0.7297025126291805;0.9460132926844662;0.18181194923029362;0.7208068800929658;0.7605908730428578;0.7208906219592117;0.9267557237526861;0.9414403548319507;0.4849272889957633;0.6860404528444883;0.6863322642414822
0.19429595692215768;0.7373130385974176;0.9629024191126541;0.19624773756200783;0.7490459617555216;0.7716373736135591;0.7324320413047487;0.9852749808584246;0.9598788453382249;0.46371882718853863;0.7389038889678369;0.697925364017901
0.20202900751021724;0.7267639581338523;0.9345857400657609;0.2041508048970381;0.6828427098990596;0.7689875256344593;0.7410472095843925;0.820235569891463;0.9194230108453944;0.42916867777217493;0.743498649992894;0.7073102483479745
0.19509668761952803;0.7178492422491494;0.9101489305515988;0.1977719860399059;0.6302605890229132;0.7570814688108733;0.7451627499966376;0.6572492869642943;0.8272056452561265;0.3996997047662334;0.7170669319312204;0.7129359793582826
0.1646738185549137;0.7391620167068376;0.9610260325136037;0.16807919662008589;0.7170481693769546;0.7647722744371108;0.7502487439312336;0.9825562270451971;0.8262753657521217;0.46206438233078184;0.7446828667519299;0.7192549835248416
0.16345190840816207;0.7209033578763164;0.9134443765499303;0.16706881376836066;0.6171920973447046;0.7527583044138922;0.7515157785869598;0.6771058617617556;0.777300488645027;0.42930828615527794;0.6765667187722042;0.7222175856568407
0.17620972777605004;0.7066233037276715;0.8758915272587322;0.17982079782214486;0.5487876700052884;0.7289590772435653;0.7469792231251409;0.41784535230661995;0.6953833350923263;0.3834563137752648;0.6052295012079;0.7199622708698095
0.17067072827313975;0.7116914847954567;0.8864655030901163;0.17465355185737963;0.5716637776295954;0.7132963827398249;0.739697304529492;0.5014773021624352;0.5307719379699684;0.35668539902547114;0.5624082232011751;0.7148869227963017
0.18167036831163358;0.718526100307062;0.9013427741478917;0.18575643194168187;0.6024252790552452;0.7057480228771369;0.7321114276177063;0.5482949597012987;0.48669654523076183;0.35617721145672515;0.5945241817062185;0.7090364640918136
0.12710803987491948;0.7263017136064973;0.9183286639841939;0.1320957154069239;0.6366230378348491;0.7054746648543754;0.7259789766609984;0.6378855379839848;0.5619879797832961;0.38285644505916816;0.6142295485765715;0.7039869629197953
0.1691647668698286;0.7288935847063094;0.9224171581698792;0.17376052917894813;0.6480635967066634;0.7063231373372771;0.7212708869304779;0.6980463533665442;0.6292482659361558;0.42915617796463;0.62114537444934;0.6998546379876581
0.17569794577069717;0.7461121933502821;0.9625779528760847;0.18055850077643923;0.7192810119485284;0.7209670784559332;0.7209195073756417;0.9944428859927178;0.7819072781511905;0.49061066970469536;0.6487139405996879;0.6992546104506641
0.1689247925323904;0.7142008122296692;0.8803191737585331;0.1742573160831029;0.5518332359603245;0.7028344901794186;0.7164097291677641;0.32307404998757866;0.6741878246709001;0.4155832954889189;0.587418881152006;0.6951554562571829
0.15118138386833735;0.7080925809753356;0.8624397664941124;0.15688330385315793;0.5247473553951294;0.6820321604780516;0.7079506255190902;0.194565788569109;0.5019112294834119;0.3866929002176762;0.5954715551134474;0.6875489835933126
0.08345230020299868;0.7197807640241685;0.8889105291215309;0.0898389159510237;0.5774795679904895;0.6751025927328511;0.6995673081754541;0.4404680833914744;0.31235695572470157;0.3986193301752299;0.5678556202927378;0.6797179683096839
0.15336564008257075;0.7236768250404464;0.8958258873547666;0.15977329982453475;0.5946407724305199;0.6722347693828155;0.6921918533842374;0.5224355149989363;0.38057272571686457;0.41364052605662216;0.631424375917768;0.6725147678010102
0.14868369178479687;0.7235447551754874;0.8926094991196587;0.15536860880741402;0.5939397202110671;0.6690220918907285;0.6855422657015864;0.5196569579952902;0.49180959106993766;0.3899764334757202;0.6720193264175075;0.6657901953350812
0.1371428851282026;0.7095948756892394;0.8551664522773857;0.1441625739373197;0.5216658346279964;0.6533645111682542;0.6765711139067703;0.22617187448554588;0.4184835804686081;0.35211878944114045;0.6174506181611475;0.6570178091567832
0.15387497337019468;0.7190873972331362;0.8762533263279373;0.16124840627821063;0.569536486411876;0.6488520359575083;0.668341844683971;0.42588065912236034;0.38544528071630785;0.3110209460015403;0.625076974089338;0.6487178021315069
0.193203828815041;0.7102552250140319;0.851774929136245;0.20072015685789382;0.524294763916311;0.6369286682272782;0.658977798042877;0.3090412026580916;0.31337861566652225;0.27052257672836405;0.5774240917057453;0.6393647928069812
0.14631578174089138;0.7202430085515235;0.8742070204391779;0.15382549454912217;0.5752853104807675;0.6359668436011451;0.6512622550065419;0.5000969944276822;0.4071079277779875;0.3255384522782087;0.598645256027663;0.6312940146482305
0.15956089593684267;0.7211344801399941;0.8741062766922905;0.1672738707110175;0.5798230913177178;0.6355653226162806;0.6449961824520325;0.5171499080732325;0.4383376445812597;0.3619815568384272;0.5517976410402156;0.6244371258939603
0.16398083143761769;0.7001683890778221;0.8195916941035544;0.17175563574969213;0.4717464353477563;0.6162909925117884;0.6354883858917467;0.11609064270567122;0.37231550225388693;0.3102264758631902;0.5832030694898395;0.6148895156095906
0.1454807689953156;0.7108825568725852;0.8439628966544839;0.15340757036748814;0.52960646067215;0.6104469877871739;0.6265192767934508;0.3210414011494079;0.3110478186211186;0.2789807960798099;0.6314717445881297;0.6057093603167466
0.10662941350761673;0.714299864628388;0.8499012875984167;0.11461055645337404;0.5475990685415464;0.6087434001073057;0.6189466983074275;0.38641090345734647;0.26631268454004847;0.2692581750721267;0.6077400407370566;0.5976698829042372
0.1231729504844788;0.715818668075412;0.8511832311896061;0.1314464225253748;0.5559062238129505;0.6086253617081354;0.6128611079550569;0.4187954047307076;0.3698895639568203;0.3065156198957867;0.6009189522050115;0.5909234824062463
0.14374462812548208;0.7197477465579292;0.8582918417329473;0.15224177403128808;0.5780771209104254;0.611880960736902;0.6087518691920389;0.7572452159118414;0.5191459866854711;0.3100247826244184;0.6125716451139219;0.5859506282083647
0.16388288272845924;0.7059629544028789;0.8214404928373118;0.17257308789562326;0.4983287103835504;0.6020881930382822;0.6031807210562266;0.3518447264846123;0.5073184332626163;0.27784449510525216;0.6130453318175357;0.5799134596330716
0.15924011391434875;0.7161818602040477;0.8440364642952634;0.16811906544913813;0.5580312081130316;0.6033969360314608;0.599029012599318;0.6523751491857527;0.5872427161307516;0.27872326133440856;0.6151295533134375;0.5751604446184414
0.13403791104787977;0.7124013603196091;0.8316606302770387;0.14297858008553355;0.5359155216444071;0.601016715861194;0.5951525581465146;0.5411934580733834;0.5133160070835886;0.2597088099436238;0.6296243664440349;0.570774086777937
0.14966317887638136;0.7103212599465114;0.8233785060608209;0.15892396502210995;0.5234219868746605;0.5972761158818299;0.5911790546984457;0.48001925248316496;0.5571736502037057;0.2434738470674787;0.5949978684098336;0.5664296598697118
0.15409290924807223;0.7035031531680254;0.8033805977974728;0.1637722548421108;0.4825863625438197;0.5883251606071372;0.5859128126667625;0.2795038008263406;0.4295877793088246;0.22597944307899254;0.5728766993510485;0.5610893111311279
0.1732908562431283;0.7131607620431208;0.824498079280663;0.18349802283189773;0.5465234973596216;0.5899542472308894;0.5820797359657609;0.5635268982094902;0.4372296413676313;0.23967677941610505;0.6607455828714888;0.5569868731689268
0.1768806764337854;0.7160002641397298;0.8285979654704247;0.18725419165538607;0.5646657379490849;0.5938285520601392;0.5799167956045449;0.6370449555566425;0.4909593290136757;0.29519458847754626;0.6381507271090899;0.5543833329473271
0.16591531844349705;0.7011093868656513;0.7887654800865028;0.17620650471951935;0.4720839045281715;0.5837487608465437;0.5758357498533124;0.18672109023626784;0.45921174908642515;0.2524731249148123;0.5856188716782715;0.5502994603560264
0.17342553571822114;0.6841053917522371;0.7438378865663843;0.18383612321290296;0.3854713208205446;0.5609836991713956;0.5672619062983402;0.389927224186181;0.3998109243923755;0.18683179334891753;0.5324712235327557;0.5424419435502701
0.1842096885965664;0.6946709809489215;0.7676377046237262;0.19463332477935338;0.4574751197177809;0.5529037687153378;0.5585185226134263;0.5471118363121227;0.3690383928165645;0.16847287061952881;0.551513429018047;0.534263604969375
0.1834089578991961;0.6954303826724333;0.7668117157016952;0.19386108356382423;0.4625643447623351;0.547755256714791;0.5503231386630065;0.558409480308673;0.49621948934638854;0.15861312970159114;0.5932452276064606;0.526395322836301
0.18269638104006836;0.7159837554066097;0.8152380270037165;0.19318728102985558;0.5872875818776805;0.5624548064393845;0.5471948921344383;0.8641826710849264;0.6584960881932735;0.3403421901972159;0.6228980152527116;0.5227177689381804
0.16345925456134894;0.6994750222867894;0.7713132043483971;0.17369556059305302;0.496634636821388;0.5597841065482654;0.5440694648706952;0.6185817146381375;0.682951028775585;0.3008118596172132;0.5863767704040538;0.5191882016196724
0.18358771429341025;0.7124178690527283;0.8005369888764627;0.1939952408497335;0.5666922647895157;0.5695621664962327;0.5438494502119404;0.8111328644924181;0.7694257155769549;0.3092464389224713;0.6294822604329485;0.5182409360239029
0.17237013837703885;0.7239904909697228;0.8263976616470484;0.18258039127659356;0.6231571622879515;0.587771177004675;0.5479199353666061;0.9832991349616225;0.810183949880809;0.3551433534756915;0.6822509592155752;0.5211601044883295
0.16294012640280917;0.7125499389176873;0.7950855717935073;0.17307814392594284;0.5598193329031619;0.5920404956361085;0.5521719650847478;0.7871537765975923;0.8678644700609537;0.34776680504439694;0.6217137984936758;0.5246148908559819
0.16507051082700544;0.7035526793673852;0.7698849489940172;0.17526881547629466;0.5134638946726324;0.5874989816504917;0.5545144689818223;0.6575435064810469;0.8153106010434342;0.3183758427216753;0.5877504618445363;0.5267693956595262
0.1333106418823783;0.7152903886155775;0.7963537900785808;0.14314462586460522;0.5745852294753873;0.5944304386295011;0.5580049471096504;0.8266314001560265;0.7617033998619878;0.2881127991449647;0.6641561271375114;0.5300679370699245
0.15478099892991035;0.7245352791626769;0.8164260895010742;0.1649507794446194;0.619210475810406;0.6080686997514724;0.5639778886707917;0.9575312018619453;0.8200016635361033;0.34426362722407977;0.7394723130121726;0.5356579029543533
0.16838362591428996;0.7164129824677254;0.7931979304434426;0.17887468792668268;0.5734002133028393;0.6114581060709962;0.5695466804424292;0.8408013209461781;0.8827072266202616;0.3191350351402618;0.6858509781630431;0.5411634136041927
0.20679176349304684;0.7254102420180271;0.8126490225111498;0.21786894552942873;0.617947867873298;0.6219083677445085;0.5764388041996358;0.9032077454343701;0.9089094535955218;0.34225502554734777;0.7094879446733928;0.5479773188633114
0.16844484385751402;0.729570442764222;0.8199227484870613;0.17897095205000602;0.6380795425105947;0.6334968523025469;0.5846550368502781;0.9588964398419927;0.9093765988385913;0.3190781966770133;0.6624508550045001;0.5561177631523169
0.13852885936279466;0.7454848614917289;0.85650384610528;0.14871846791599763;0.70943155721398;0.6562326991561943;0.5965302167787074;0.9827078043836323;0.9579329235727352;0.4116150867009791;0.7554829235943347;0.5675782842200036
0.15075040954804017;0.7296199689635814;0.8141774726001717;0.16124181570178014;0.6132058118569248;0.659358536226207;0.6067593326424819;0.693364833229866;0.8861307032559219;0.3864312087269308;0.6728245938136515;0.5779731752078229
0.14940361479711148;0.7291412157031067;0.8102781131327567;0.16000166300916072;0.6104250691961143;0.6606821067704154;0.6152512932968731;0.6646497888312325;0.7854479466099932;0.36886277885527713;0.6382454644498119;0.5870791147196284
0.1824221246544247;0.7313864034074022;0.8132470340986009;0.19367790171314783;0.6218899192100331;0.6629858131589017;0.6225821058397935;0.6870562555146833;0.6842844742492639;0.3393319019751173;0.6775140921794318;0.5952602165222786
0.16513907492341634;0.7186086439726611;0.7788192997568425;0.17624343743135396;0.5445833407691387;0.6527548227130417;0.6260608014586171;0.414447880261207;0.5888471001833123;0.3086873325247757;0.6666666666666653;0.6001590558578276
0.141161230921428;0.7206392181463994;0.781332677812713;0.15197689208730358;0.5563432448524019;0.6459064875612971;0.6272466676640621;0.4305658549564445;0.5087502981701773;0.2738227868225749;0.6388138884941503;0.6029169184801197
0.19480284149205268;0.7571070096080827;0.8694348687558782;0.20645518282029687;0.7268676878432871;0.6722199186805522;0.6343318776644281;0.8900881031428569;0.5782219677232594;0.4725184407359787;0.7169248259201367;0.6103997786377008
0.20403450733023654;0.7428269554594378;0.8313342424976111;0.21611917763869484;0.64377106519603;0.6793670985105514;0.6416668290875078;0.6700098837413927;0.665667948555852;0.4253235142885917;0.6992563118753251;0.6181215125770311
0.18463821419913462;0.7474494007329877;0.8406700584643136;0.1967297956760594;0.6631571069593422;0.6881214013586914;0.6495763684725534;0.7412490761488025;0.7719748276514429;0.39276325823399827;0.6867036142295486;0.6263538683683044
0.17368999723294895;0.754085911447155;0.8550058661958325;0.1858936284475097;0.690886350288444;0.6998149891685688;0.6586310446021058;0.8325544153394813;0.7522884513812222;0.4134753631412973;0.693808914783761;0.6355912962035775
0.13810033376022646;0.7640241687852871;0.8773750955967572;0.14992298864033943;0.7306554541363595;0.7165960558492925;0.66978827368226;0.9545868272087661;0.8496625117069591;0.4670072217896424;0.6766614561129262;0.6466780491943771
0.1490803840568886;0.765790603229108;0.8795338117426044;0.1614185163503198;0.7376561210796309;0.7299500474543286;0.681828321924282;0.9726703647765576;0.9288482329566579;0.45212440650262353;0.7272511960589264;0.6586503482241878
0.16347639558545166;0.7779905570046552;0.9075440047039374;0.1764008309677878;0.7845508678200953;0.7496873290033549;0.6960632632682556;0.986297827709829;0.9814548149531758;0.5214677401431315;0.7636303348964992;0.6726190506684252
0.18537282951782297;0.7743091095189354;0.8958116130364062;0.19914020456940337;0.7577315640382413;0.7601658319472793;0.7098948927889674;0.9156780427600102;0.9681413459210346;0.513351642475605;0.7466249822367493;0.6864434267625051
0.14845351231827453;0.7815399346254166;0.9113176403673335;0.1614342652528121;0.7862298471670452;0.7729144881237101;0.7239332919877262;0.987457993238001;0.9732012478524231;0.47867272543381256;0.8040358107147934;0.7005703303537154
0.12927760378277914;0.7885231287351004;0.9261039126455635;0.14194292052571955;0.8127066488671751;0.7870776295108288;0.7384669769695582;0.9894453672945648;0.9742782455377149;0.513659683850572;0.8182464118232194;0.7152123865416392
0.1545067425442667;0.8096708158615908;0.9761008107263822;0.16797101483182725;0.8820554188617945;0.8147052900134872;0.7565369315158673;0.9638549232920764;0.9907629909780035;0.6704980725721653;0.7742882857278192;0.7329213660988673
0.17633461238022707;0.819724634331561;0.9983056109600419;0.19059086969490766;0.9100509856392599;0.8427631514224114;0.7775362282419955;0.9995367827169697;0.9948960059758328;0.6727892061940614;0.844109705840556;0.7533003882144872
0.15950947286453449;0.809555254729752;0.9699411678478669;0.17367776670530097;0.8308528976750383;0.8529662987919606;0.7967151267950423;0.8916110363703991;0.9614199065938391;0.6327243824890894;0.8016673771967218;0.7724111220058134
0.16574880563792768;0.804668669726285;0.9545585310189177;0.18071213355129379;0.7942075994159478;0.8537330437751514;0.8122370571208739;0.842545558766711;0.9199113246425257;0.562195671850273;0.7686040452844496;0.7885570033194991
0.20313093048824982;0.788935847063096;0.9121001200689791;0.21972112395795376;0.6853591556146682;0.8375126205886599;0.8208718600596612;0.6238522493181495;0.7913628625890037;0.4870442554469355;0.6949457628724366;0.7988239285324962
0.20780798135056577;0.7817875656222135;0.8911351267367311;0.22504371579997703;0.6404670914948336;0.8157545000495027;0.822705522735871;0.5397430562582376;0.6709637413367056;0.44270246647359535;0.6693666808772673;0.8029943130166084
0.19097059824622836;0.7972232310892458;0.9263526151923758;0.2078631974640173;0.7082529701510676;0.809863986438954;0.8227987347570636;0.6884666870681012;0.6182423747885333;0.47150625004323143;0.678650940268106;0.8050899684760053
0.10272126001219462;0.8014164493016804;0.9336867325151972;0.11672248988926115;0.7254203727575307;0.8065371037115477;0.8220974468873596;0.7163820621698888;0.6499034203699979;0.4812774857967266;0.701245796030505;0.8059362022634267
0.1257367579467012;0.8056591937134745;0.9412997480582828;0.14115198159985845;0.7429764409914196;0.8053004451004588;0.8212480172338584;0.7536938451480397;0.7231112381582406;0.514605925747761;0.6926720666950882;0.8061445193641847
0.1933752390560683;0.7975203882854025;0.9181214118618488;0.21205971272098648;0.6853691552717782;0.7947734674076281;0.8181134923397696;0.5980827892055924;0.692184463080455;0.4670387518857899;0.6492823646440236;0.8040154245749733
0.21624381392683723;0.785353451976095;0.8850154244990138;0.2361819832905183;0.6062960792686068;0.7735279009893188;0.8106512247514235;0.306975345702631;0.5520972380884731;0.4293408129174302;0.5536923878546721;0.7978300735041237
0.23232699197065454;0.7750024763099681;0.8567905677500334;0.2532276381958485;0.5455015215478833;0.745731528886983;0.7981990591328925;0.10746824825339424;0.33097739088880435;0.40157349789311014;0.49514471128795523;0.7869466266277672
0.22072741608856522;0.7730214283355896;0.8493320991538079;0.24129605626819436;0.5341151775239193;0.7205163541175618;0.7823569323695566;0.20704794462053072;0.1971764930291493;0.3560374026108014;0.5186395717872201;0.7726039193895362
0.22729977447309713;0.7466239640769965;0.7810664068740727;0.24840411710548052;0.4026938249031311;0.6760331107577288;0.7593093584122992;0.02301585305072653;0.10001370664648443;0.29437580426242677;0.4569181943062848;0.7516159287093449
0.22474086444633268;0.7424472545976819;0.7681885011581422;0.24580360744462745;0.3849498405746903;0.6365980698625773;0.731674710661291;0.1409001541645155;0.1114531450750833;0.2656440556430211;0.4900762635592817;0.7260012563981855
0.2064930199301136;0.7319642090665957;0.7396427467521804;0.22663349893562515;0.3419517087549675;0.5959944236877586;0.7000978751360786;0.04915016800081037;0.05742505889728967;0.23866197685211482;0.4805077921462743;0.6962754645993099
0.18323020150498193;0.7264998184039353;0.7236784314500562;0.2025288636127914;0.32054526352893487;0.5593731016150812;0.6662960014087593;0.02822063514203689;0.05920598590833432;0.22187415181785558;0.4205390554687133;0.663876380124616
0.26832069386865565;0.6771882325750318;0.598896183431579;0.29176614310709215;0.17751403959706713;0.4875397174370071;0.6225023432818184;0.2285054057306358;0.08918198799379048;0.12812386572223106;0.267017194827341;0.6224319199954926
0.28196984648988555;0.6845346188133519;0.615562959900694;0.3060210572647373;0.2251414807634763;0.439007979487958;0.5761494006932802;0.2706454688765622;0.1649713211932857;0.10123658858920528;0.27592250485528796;0.577844996705643
0.2170323010355627;0.7061775679334366;0.6678053180620087;0.23816219602986013;0.35215768354823984;0.4219200080624341;0.5350819856363571;0.3947929358075973;0.29040183880247034;0.26011679655773684;0.3613755861872963;0.536721921868501
0.19934276416154678;0.7010598606662923;0.6536236455181663;0.2196861478397563;0.33609347714745164;0.4060127791691108;0.49851835185495635;0.3654369367621198;0.33725587764586634;0.2444189150785615;0.38160200843162356;0.49883099508478723
0.23782681198990147;0.6743322217453032;0.58582708420146;0.26009787136703943;0.26108204619121345;0.3721143842670549;0.4613620494115377;0.21212286432783703;0.31723112245553536;0.20803088337710846;0.3346122874330911;0.4602498517773463
0.3403693156078819;0.683428533694324;0.6072176992763462;0.3670934732274923;0.3118563649054333;0.3561656568619245;0.42791762791330246;0.2643007852118938;0.2725804547334051;0.17452307667483502;0.36639666524560555;0.42458235910590725
0.25681172054253787;0.6659953115197936;0.5626453166784987;0.2794285729379239;0.26529300931852273;0.3310166409819528;0.39529712526467825;0.17804263106830806;0.2084595031025475;0.19259450918168997;0.3921178532518599;0.3896412017299883
0.19334340572559178;0.6840228480866375;0.6061753995299357;0.21328457577208046;0.3606395202439764;0.33028405737949723;0.369029878388347;0.3114374195602877;0.24244209274806838;0.1700056655102241;0.4558287148879723;0.3600702505423735
0.22756423598782494;0.7162644038696468;0.6851060664206003;0.2494741403653226;0.5012737907943494;0.36125098145211143;0.35523783225308436;0.5446750481751418;0.33837811645723204;0.3567174645154531;0.5784188337833358;0.3412594903766111
0.19875752062432506;0.7022319807177992;0.6487834163165346;0.21930332751731893;0.45507692743166284;0.3758067069127874;0.3475987149290405;0.4568520547650846;0.4337786970933311;0.3294183502670703;0.5538344938657571;0.3284715969164297
0.2098183786060429;0.6917324264535938;0.6213808426569339;0.2311318739966425;0.4221481662250901;0.38046091065049564;0.34257282116058285;0.4944212147434325;0.4963904986458297;0.30987011433746353;0.6651982378854623;0.3189001311808492
0.18536793208236507;0.6982863935021624;0.6362038987555542;0.20578823333519494;0.45061755512639234;0.39237532554213495;0.34133064953019276;0.564363530646019;0.503127332123912;0.29300583023334054;0.6629245417081139;0.31347531224199615
0.0664361607044471;0.7040809588272192;0.6492509002428279;0.08097160097617612;0.47600841603274013;0.40917105072313553;0.3442538188899429;0.6795396434862957;0.5793246319955305;0.3190832889684935;0.6174506181611475;0.31252946869137166
0.11059633622853393;0.7094462970911612;0.6611882107306646;0.12777912390176224;0.49981229330609156;0.42922043556137707;0.35126804228266845;0.8058325593874829;0.6858806540330821;0.40339346961820244;0.647529723840652;0.3160269914256787
0.16045957534337144;0.6915508303892759;0.6151702788927309;0.1806468120078037;0.43352596547757394;0.4310340325083901;0.35730236730557474;0.5462172922810695;0.6796715322127953;0.361827295883318;0.6728719624840132;0.3197344728670276
0.15661263979117335;0.6784924224914981;0.5811634996895336;0.17681814507133717;0.3898114688767059;0.4228143584733728;0.360212929085972;0.3774621809478887;0.5763092966716274;0.3317316512843462;0.6093032068589843;0.32162117301106563
0.16273198539584746;0.6737709248192294;0.5679029324391023;0.18345170132824398;0.37441833743867803;0.4141951794638017;0.3605313122977559;0.3164457942964472;0.40885519513421653;0.3040959711891968;0.6457770830372791;0.32183461651232204
0.17982893257945476;0.6925413543764649;0.6132811277589927;0.20175193705494684;0.46694010421854637;0.4261219423037391;0.3635674418986391;0.5590179328373165;0.4132352068475511;0.3204479999785116;0.6479086732035438;0.3246124582117995
0.17888372753607573;0.7222570739921417;0.6858380369957399;0.20087108637699844;0.5873065002253112;0.46368280950477647;0.37475586084065304;0.9388294864977529;0.6053189828888654;0.46489384178802606;0.6406612666382452;0.3345927806459713
0.19433268768809214;0.7205071482814405;0.6799000578109895;0.21725180962467275;0.5800673080508014;0.49309193106267635;0.3905650544992093;0.8249702043052648;0.7793214371073158;0.4840831749828296;0.6759035573871438;0.3491160102305459
0.1690962027734177;0.7161323340046883;0.6674284211560784;0.1907479124102219;0.5612356962347657;0.5134594956003645;0.40796229955634966;0.7501537375297748;0.8447226222833224;0.46062849280179574;0.6934773340912321;0.3657162898538354
0.1703009718960666;0.7160828078053285;0.6653762133856878;0.19234332571873056;0.5610118325921536;0.5303335336809717;0.4258152655036471;0.7266603396574274;0.7721244312564427;0.4373551531134411;0.6745298659466628;0.3833658888908016
0.15313056318059048;0.7492818701092876;0.7459489759000104;0.1746167411977375;0.6878416238966154;0.5736612387167133;0.45020202939459303;0.9973225370536634;0.8310984515753029;0.603185043041953;0.7531618587466247;0.40707894259061883
0.20578534050644381;0.7409119424175383;0.7230189304912074;0.2308766834741118;0.6476035228487564;0.6004848721449043;0.47596694108246596;0.8531527455937549;0.8663417552052854;0.5976728046774648;0.7137511250059196;0.4326860283320375
0.18294370153069345;0.7280186218509592;0.68886831007992;0.20689578079792928;0.5884579644740565;0.6100747863643107;0.4988153203930357;0.6994158746939253;0.8570194814378654;0.5602462006460207;0.7281038321254321;0.4564640711893273
0.10122999091525722;0.7438835143791063;0.7264370807262117;0.12012199357664619;0.6473923061932039;0.6314679516782765;0.5220830928385508;0.8885850589893645;0.819812638115664;0.5466815109015009;0.8110937425986441;0.4809538868847215
0.18721426525000184;0.7513454617492652;0.7430265837218961;0.21215906762491685;0.6735336631003203;0.65443887565461;0.5460543265970759;0.9775595348494472;0.8623810698878039;0.5539804847514194;0.8460518213253743;0.5063175248699974
0.18953320093932813;0.7704295572357776;0.7883843283356745;0.21469520755816898;0.735403708589946;0.688655097933444;0.5732108290829063;0.988204918360018;0.9611963899791799;0.645170844674189;0.8469518260622415;0.5346010739798319
0.17840867629665724;0.7689767887212335;0.7826224448283873;0.20285178460726702;0.7276865975609184;0.7131425936765798;0.6006467243717316;0.9592583854356684;0.9853787733759288;0.6267326229126897;0.7575197764198761;0.5634118291063224
0.16076321634176263;0.7740284610558983;0.7930333640231166;0.18397713804708618;0.7442975813278553;0.735477032663199;0.6278040226653121;0.9368146630167776;0.9714370479520149;0.6452497019632814;0.7770356686087814;0.5921971600591152
0.14962644811044695;0.7699012777759431;0.7805297474049564;0.1721872647600454;0.7200573122771886;0.7477583723911491;0.6523939746924602;0.8996140770204566;0.9411238053407235;0.6106192339690869;0.777746198664202;0.6189279891309483
0.17562203552109937;0.7673919503417306;0.7719777836705102;0.19989926923592558;0.704859607160696;0.7534531554794004;0.6733940084032596;0.8561602292131788;0.9058465760572769;0.5576863678400477;0.7706882667803513;0.64256191926195
0.17182407432348049;0.7595833195760551;0.7503117017018827;0.19581601003107;0.6574544228299126;0.749239434860191;0.6892113597091329;0.7192476107586313;0.8314013767612689;0.5159235480281352;0.6530244896025764;0.6615649670761028
0.1588826011259204;0.7527982302638092;0.7311197434136374;0.18218514089584928;0.6174550188587111;0.7382152041120995;0.6992942959200709;0.6306230086248362;0.7393603554406415;0.46990160209336507;0.6575718819572731;0.6752534593834925
0.14281411538847683;0.7633803281936142;0.7551070491525188;0.16520523615286467;0.6659040830615317;0.7373287875179497;0.7071539249629267;0.7688428868919024;0.7094828676333773;0.4326175356933144;0.7249301312112164;0.6863983590901336
0.12877561664834208;0.7468055601413144;0.7115614567051683;0.15051749693674393;0.5716548814934788;0.7203956369619378;0.7094926727611317;0.4908785621026841;0.6313415352773188;0.38788237897188793;0.6318506939510202;0.6922163550619829
0.1399148335973867;0.7518902499422193;0.7218209857734468;0.16293367651921853;0.596430888113895;0.7102245256787559;0.7089916809167025;0.46886558764700037;0.575992789604122;0.3549745354153438;0.6250296054189763;0.6948348355855374
0.22607786432634552;0.7334169775811401;0.6733554200959349;0.2557599693282767;0.5016170274530064;0.6846481408417624;0.7026262558976539;0.13270076444394246;0.35832321788039734;0.3094761418432946;0.517265880346739;0.6917165032000688
0.20674768657392556;0.7370158814012608;0.6801781325128897;0.23499083132743045;0.5207812737184384;0.6667995974375427;0.6933714830103367;0.29153810649814477;0.29011463670410237;0.28197287079004496;0.5317606934773336;0.6852559705196913
0.17907472751893472;0.7513289530161451;0.7135958215776095;0.2054156623093992;0.5931239773657732;0.6646775552190434;0.6854727863181869;0.5216754094828204;0.30818464165452836;0.3972563399764717;0.5583345175500922;0.6790704826588466
0.1508361146685538;0.7456499488229271;0.6972056100267199;0.17524867742721767;0.562435486025591;0.6572332619705263;0.6774177561530749;0.430363722946802;0.41003636064777055;0.37198500099132736;0.5538818625361187;0.6721088558323861
0.16376534427746908;0.7353815168223989;0.6695576278937756;0.18930365452349227;0.5091339432718973;0.6416480952229794;0.6673391379301602;0.2652594525241186;0.40104455967412855;0.3455042836633508;0.53161858746625;0.6629205634284172
0.16597653638672108;0.7441971803083827;0.6893825973000685;0.19188304540049703;0.556420459438962;0.6367277095063979;0.6581287673485394;0.40700491941433337;0.36180760997096056;0.32209493905773817;0.5793188385202032;0.6539580631546332
0.17097681798925993;0.765790603229108;0.74106153164534;0.19732358582276785;0.6570070056325619;0.6515111919350017;0.6542081053389522;0.7861777127838226;0.4835569424677563;0.4592236195715975;0.6607455828714888;0.649081479288236
0.16368943402787128;0.7661703040908638;0.7397027263399059;0.18968777726889932;0.6586400496034884;0.6628163226760564;0.6537080288442344;0.7925398248225952;0.6639771485293736;0.47941743345530297;0.6314717445881284;0.6470307021004645
0.1242650785915955;0.7648000792419185;0.7340625862978624;0.147433334162816;0.6500431439859765;0.6697209390171965;0.6549181831924723;0.8785334886909691;0.8253206881380752;0.45209964394409496;0.6750982899909999;0.6465420999822175
0.1577268063578507;0.7748538977118895;0.7570705914454012;0.18392569699216052;0.6964976184946948;0.683195040481876;0.6590285822948002;0.9589999730665025;0.8844555041683315;0.5024149643353508;0.6893562597697875;0.6486805181183866
0.1466806406825066;0.7758444216990785;0.7572340598412373;0.17215104250144392;0.7010230861607206;0.6936530413476185;0.6647557967623335;0.9759655014527769;0.9472185048663276;0.4761177907270183;0.7452039221259052;0.6524720226281199
0.14713365346236443;0.775250107306765;0.7535142273778139;0.17278681435791765;0.6965547549435466;0.7002282382760971;0.6708709604578158;0.9619772569695894;0.9757705668400368;0.4559374560973062;0.7331722798541043;0.6569118376695683
0.14754993547628784;0.780598936837587;0.7638474613399313;0.1738353809449717;0.7234357036446559;0.7089386063052017;0.6777944236854766;0.9693969932288402;0.979328128658503;0.4845453746412034;0.7074510918478527;0.6623178654337032
0.08309233869684138;0.7802687621751905;0.7600909823091786;0.10401506033481892;0.7206301798954249;0.7142038111987181;0.6845610850501003;0.9642100429286408;0.975305748231126;0.46475220855621;0.7227985410449529;0.6678685673563257
0.14567911513136145;0.7850562947799382;0.7690375485944463;0.1724021738051609;0.7460588113111244;0.7212325267113601;0.6916135706732722;0.9397081168611421;0.9676858877958381;0.5165667896287114;0.7659987684145696;0.6738805877207912
0.1458774612674073;0.793558292336646;0.7872731275525651;0.17280446284437348;0.7886969620545449;0.7328454263762703;0.6999637866282835;0.9983782414263014;0.977602438925773;0.5316384938297085;0.7650987636777037;0.6811739779133478
0.17060216417672885;0.7985604384719514;0.7968811163395388;0.19973706776684216;0.8123155348654283;0.7448246291994542;0.7094376118760424;0.8816290777044736;0.9493456033876627;0.6326118664673503;0.7174932499644738;0.6896221184013012
0.1300513985851309;0.79778452801532;0.7921786892113063;0.15563246559100696;0.8042611968669688;0.7518480155952104;0.7186545858101173;0.8712495378763219;0.9259210429905332;0.6016138620241864;0.7141774430391745;0.698076434530017
0.14154323088714593;0.8087463268068804;0.8165391860234661;0.16823662653586288;0.8555796221592992;0.7652816665700757;0.7291610071811627;0.9626048687909667;0.9136804218685078;0.6316773645065616;0.7495618397991568;0.7077735698701824
0.12230120697296859;0.8038102156040541;0.8010728248272119;0.14742379113143936;0.8031476982776441;0.7695349197563868;0.7385580392732953;0.8878617893370659;0.9158130768584387;0.5929517533974621;0.706551087110984;0.7167280734724363
0.1288196935674634;0.8054610889160365;0.8018831669002722;0.15425245496855114;0.8115272385169271;0.7723682551532863;0.7467364229778719;0.8861368066710612;0.9209070728513734;0.5551036294762646;0.7084458339254419;0.7247609581754484
0.1816262913925123;0.7843464192557859;0.7459397799449117;0.21217550518400588;0.615125940561454;0.7539380442843084;0.7489810472452032;0.5008695467035448;0.7629145012830486;0.46967039333490845;0.6495665766661921;0.7278630603409341
0.15709748590150766;0.7943011853270376;0.7677480560848948;0.18574040421591456;0.6750016693043458;0.7465156466436851;0.749045780090577;0.6405065153525842;0.6782766276823875;0.4204759789775445;0.662782435697029;0.7289048714122901
0.1283838218117083;0.8062865255720273;0.7944849523978937;0.1546868019523727;0.7381206422168428;0.7495966863582598;0.7498160911617394;0.882423948824472;0.677006194317233;0.4715503806955216;0.6981194637866509;0.7302390626613422
0.15319912727700138;0.7984448773401125;0.7718646871481184;0.1821648049211275;0.674262679822862;0.7433499306621864;0.7489755431997741;0.7121537527623542;0.7493015840138498;0.4347455137575348;0.661882430960163;0.7300195145608777
0.16443874165293343;0.7970251262918078;0.7654019895105723;0.1947339272787786;0.6628279772751687;0.7355415389030092;0.7464821211342001;0.6170176132599737;0.7412643560449107;0.4026163269628804;0.6334138600729465;0.7281830041493682
0.2026583279665603;0.7843794367220256;0.7311003907320153;0.236828304214138;0.5668650042854944;0.7166778337825964;0.7400882062209322;0.47422228357909235;0.6015894649860472;0.31926208070659723;0.582776751456586;0.7228391262497456
0.20621631482674097;0.7638590814540889;0.6774060324367421;0.24068349936419095;0.4427354961874118;0.6824083842694622;0.7269811457653392;0.07933303795299858;0.3850563836041865;0.2728882015893902;0.5261238217043243;0.7115425026830038
0.25259992604872455;0.7593026711130184;0.6632663593296124;0.2917556016648334;0.41889997872471474;0.6505673945586198;0.7090699064576517;0.0902433688682828;0.20480935998218425;0.25324266887173663;0.48159727156458687;0.6956729725576009
0.3006584601973177;0.772460131409515;0.6929473338043861;0.34430133635353743;0.5091858282162375;0.6366463336863984;0.6914944046337955;0.3186857239445192;0.1515892144701117;0.3290267555014435;0.5335133342807066;0.6794089597167248
0.2463777342994341;0.779278238188001;0.706835833809602;0.28428290899766917;0.5517337240912004;0.6313214170274969;0.6761921870981757;0.43706300455491875;0.27399413921136284;0.3520199437191736;0.5483397281038314;0.6645064748132704
0.2606023355869699;0.7735497077954232;0.6893691465000741;0.29967658855790635;0.516413079058762;0.6217041079402441;0.6617075743920847;0.3376031586183363;0.35863355797736257;0.3253831374127836;0.5924873288806782;0.6499664674685577
0.251943669697363;0.7880773929408651;0.7224272325445674;0.29045601239994145;0.6040745159477117;0.6267346094246874;0.6512930401687178;0.6250662621132088;0.46346818246509813;0.36369419216673987;0.6056084505707918;0.6385914083705616
0.19747194381662042;0.7861458711658464;0.7144419866996295;0.23079264352722081;0.5912080945481081;0.6286383536161527;0.6434053822066385;0.5895462237870951;0.5156435625477741;0.3851724620618817;0.5656766614561128;0.6293321004662923
0.3153336255469823;0.8148380493280944;0.7828154226323709;0.35952508420391716;0.7323469733440053;0.6551340061293975;0.6432742684594965;0.977147947370607;0.734477428995967;0.5236866051949575;0.6705035289659415;0.6266373930204384
0.2866542435053884;0.8358371578565058;0.8320177627421623;0.32764387561854136;0.8081841548192471;0.6937962168600943;0.6521857354473107;0.9665553697756178;0.8513251980560549;0.661115888750514;0.7348301833167539;0.6318927937278725
0.34402280245949207;0.8274342126985172;0.8079114585992615;0.38932339961706974;0.751605074022914;0.7155663100969332;0.6643918808478111;0.8670038096340503;0.9462632185889525;0.6117627068482994;0.7470039315996398;0.6406583283457099
0.2860396153554191;0.8108264271799781;0.763439133482994;0.32544474884866137;0.6503322544594521;0.7166028129668526;0.674398518496392;0.6702476809456028;0.8412507580124363;0.5506874457261272;0.7582303064752969;0.648395687131647
0.20701704552411127;0.817809621289662;0.7778021173206232;0.23917110817078527;0.6794146330938617;0.7222314943577726;0.6837164852235535;0.7529791346585388;0.7681711017724061;0.5123443421633811;0.7913410070579321;0.6561169509521313
0.2172796215261878;0.8188496714762104;0.7772308700800965;0.25017991873460554;0.6838282865369033;0.7261417069194374;0.692082753594968;0.7653008405306758;0.7333712654676287;0.5250477259773497;0.7565724030126472;0.6634719438042591
0.24546191386880262;0.8120480734308448;0.7572203345351214;0.28066322988861514;0.6406253856948401;0.7217310136532534;0.6977471569245479;0.6847207957795467;0.7383235498648476;0.4825471173031616;0.7174932499644738;0.6688929993848408
0.24595410613232382;0.8038762505365336;0.7338270600449205;0.28087040854857015;0.5907213429574182;0.7096404360599372;0.699459053556155;0.587907392498451;0.6818407386317105;0.452231836801092;0.7104826867509835;0.671172476256667
0.18203277853551986;0.8041403902664506;0.7315301300664905;0.21136410815396897;0.5921549557811189;0.6991258242226607;0.6983764735133581;0.585718177317363;0.6203927067984695;0.4322588023630495;0.6695561555587138;0.6710698388676201
0.17277417680231746;0.7984448773401125;0.7142354208425908;0.20148132272250854;0.5560292725328098;0.6846989936478649;0.6941459492839968;0.450443255771031;0.5402296583244814;0.40643733702553253;0.658756098716309;0.6681838693682643
0.23417822257374926;0.8033644798098192;0.7235400803644136;0.268153545258648;0.5857696940545031;0.6767524287024843;0.688908323036527;0.49854483439422387;0.5096523563910209;0.377854243528815;0.5905452133958601;0.6641761585654848
0.20331703303565085;0.8223495228976128;0.7678577212807582;0.2345553869804574;0.6868196496199642;0.6864037252041675;0.6869689868716795;0.7682704847434493;0.5721165152203472;0.5111805666763607;0.5847662356117672;0.6626015898226628
0.19353685442617974;0.8165549575725559;0.7501929778039849;0.224011383472949;0.6466551851322145;0.6878338402338487;0.6857510329878133;0.60436334624945;0.6247835513933137;0.5535598056535475;0.5922504855288714;0.6615285687272976
0.2925458583612691;0.8210948591805058;0.758295575016209;0.33118522065781675;0.6701068517099776;0.6919395271596654;0.685734151162831;0.679879803741014;0.6868311720796478;0.5067271474300793;0.6529297522618531;0.6613991944550416
0.1940045595124113;0.8309340641199192;0.7795897011891056;0.22409691504221416;0.7185585958635727;0.702777869688838;0.6882482398151809;0.8283845850676842;0.7074004914351723;0.5527055384335914;0.6611245322343793;0.6633665221098021
0.19085550851296718;0.8292501733416975;0.772032410388849;0.22081907629566735;0.7053796008113052;0.7085841678732571;0.6916135890996795;0.7950686893235327;0.7726543850032049;0.5690615882271441;0.653308701624745;0.666153315077099
0.2718248089387992;0.8244791494700694;0.7570467094127598;0.3083651471653426;0.6674433962005696;0.7076535942246192;0.6940888507988702;0.7335175939283181;0.7910076969539201;0.5125808072277351;0.6591350480791995;0.6683415638853327
0.32232961209862454;0.8229108198236865;0.7501818603060313;0.3627188708045537;0.6547775850793817;0.7042857935925821;0.6952836602664823;0.696233604860852;0.7457894253610895;0.4757890089770863;0.6780825162237689;0.6695472685387216
0.2874745639445904;0.8007560999768875;0.6922234611598541;0.32437316972703567;0.49997758122013825;0.6808538789518112;0.6907749850754582;0.26709696589502896;0.5651326587903133;0.3867466420965523;0.6137558618729564;0.6660706061131397
0.3288138166449139;0.8146894707300163;0.724101033625354;0.36836384168299274;0.585833260263344;0.6738616815646306;0.6855374047301411;0.5594269095550517;0.5055638244505954;0.33026805651183644;0.6700772109326892;0.6617531994748271
0.32081385582439753;0.8212764552448246;0.7376672634429772;0.358889002484336;0.6226089698747325;0.6733370034867615;0.6812249810417427;0.6976255440578316;0.5060401060835521;0.3390077781643848;0.6748614466391929;0.6579655462712573
0.28836589719793226;0.8290520685442595;0.7541333759366834;0.3229858684901895;0.6640391431042122;0.6789358863995731;0.6790807494395404;0.8607622780197508;0.7091753327529521;0.33278616102976405;0.6426981194637853;0.6558089615797882
0.2446342472764137;0.8263281275794894;0.7444773485783048;0.2755744375046161;0.6441285827213167;0.6799897659984372;0.6776111378876668;0.8036124667592056;0.7927286202686602;0.33741645632050427;0.6515086921510104;0.6541795776184781
0.3797838761732419;0.8293327170072966;0.7489939350617344;0.4196794696959637;0.6611841519953664;0.6825332582824067;0.6770286127858348;0.866650440392058;0.8505640873717333;0.27701497626127675;0.6471034058073999;0.6532869898256489
0.20246243054824342;0.8320731667051868;0.752771962823088;0.22918666063170975;0.6770596208289853;0.6859814099214646;0.6773667311377011;0.9241466141450929;0.8722523875353883;0.2702032639010141;0.6267348775519876;0.6531964514069909
0.22165303139011255;0.8445207514775315;0.7808286845721522;0.24972677360563852;0.7441801933374442;0.6986776138772377;0.6805980890952208;0.9907274668293395;0.9362777688002215;0.3430058411927297;0.6672824593813654;0.6555544078106714
0.18967032913214993;0.8526430481724829;0.7981114527797308;0.215285149296047;0.7829640477822928;0.7146523332717745;0.6869086165588181;0.9928868800304627;0.9794722544071185;0.3961629845477206;0.7042773909336357;0.6606209254410514
0.26184628419328215;0.8660481394657773;0.8283974387480757;0.29217649632464615;0.8394739552871974;0.7376822509021437;0.6973278121561446;0.9841392146133929;0.9999999999999999;0.4943630375581234;0.7472407749514467;0.6693319675312281
0.30626847251436784;0.9029946841879353;0.9172622076990191;0.33912750266815883;0.9500188210865735;0.7867817845625159;0.717113599533781;0.9793991599647506;0.9961237786077092;0.7173056186124981;0.9168206148453414;0.6861021263629445
0.4905173405945977;0.8751279426816785;0.8446494364663824;0.5337276039617314;0.7553701527236942;0.7984686971715385;0.735667717343514;0.5647652571980887;0.8496328499312917;0.7306445011006957;0.7968831414902181;0.7025809428160903
0.2758284624256508;0.88604021527388;0.8686024289399739;0.30461459344967845;0.7902970683200401;0.8149810499734389;0.7543618333945932;0.6359933247871119;0.7305073211198256;0.675128319431596;0.8092937331249108;0.7196918567527671
0.2633277584193037;0.8397167101396636;0.7502886431876095;0.2909281602510403;0.5605182570399397;0.7845043841452884;0.7622097072824651;0.3336242511792455;0.5095416864526018;0.5241437808144637;0.6540666003505287;0.728363585248505
0.400490233289338;0.8296298742034534;0.7223684882343939;0.43509676732413805;0.5214967628823086;0.7495840115167555;0.76034427703388;0.23618706594354785;0.3971116623364378;0.444651274448288;0.6329401733693341;0.7289815524418533
0.3063321391753208;0.8261630402482911;0.7110055818074907;0.3346802962413581;0.5080704984266605;0.7174304056734903;0.7513534371378103;0.17937088879989158;0.24086857360918074;0.42400506078078304;0.6143716545876552;0.7232675098606582
0.19883587959165183;0.8450985571367249;0.7552607725810105;0.22091489934900346;0.5850418615620969;0.707608736944809;0.7418702681283311;0.31374085176156435;0.23406504514764198;0.49362923384289115;0.6608403202122107;0.7164180431493183
0.2129282501218237;0.8554330240697325;0.7779290764021918;0.23604773700138124;0.6234572992669793;0.7077944491789386;0.7343270426010159;0.38707615848694227;0.285694960842132;0.5268057675480511;0.6547771304059493;0.7105228132347651
0.2155483780918122;0.8683593621025518;0.8068551590406123;0.239379728547957;0.6688957177365357;0.7181091219006076;0.7306979320166214;0.4788038664198009;0.3881523295629357;0.5715161819102581;0.6685614134811232;0.7073811057165024
0.21232831427822818;0.8760194142701487;0.8227243579713563;0.23624064269196873;0.6947121458730644;0.7315880242828073;0.7309380387878422;0.47180610228879627;0.4422377205039835;0.5836091354915017;0.6520771161953488;0.7071984965879031
0.21606995496808096;0.8782315845082045;0.8245857839867409;0.2406185751635406;0.7022972836873987;0.7425779153570232;0.7336930607331331;0.4895672019859843;0.4773072132426588;0.5896251548274718;0.5524134337549144;0.7090716507639998
0.23955560670654813;0.8915376234027801;0.8541216819758748;0.26587427553783294;0.746988830477843;0.7612965640456689;0.7402624271504996;0.5963988912093816;0.5175448547688771;0.6295563232605844;0.670550897636303;0.7141586344191444
0.22323245432529254;0.9029451579885759;0.8786446864124423;0.2486999444331374;0.7824550902785484;0.7841794079158447;0.7508543950529355;0.6879878456180251;0.5915160411193155;0.6742261912844077;0.6719719577471458;0.7227640332797169
0.3207771250584631;0.8919503417307753;0.8474102817915155;0.3522070330367738;0.7192162732021335;0.7902662052377101;0.7607474625337614;0.5997125292125856;0.6292046100078583;0.621462366936234;0.7733409123205902;0.7311776707991426
0.3499609429522231;0.8966223132036846;0.855465938456826;0.38236265525216795;0.7353097904235113;0.7969696847935779;0.7702252252450071;0.6372229114088916;0.6431734177306875;0.564519767627409;0.8156885036237025;0.7395275172685003
0.2584009383486337;0.9009641100141974;0.8626751554939935;0.2850390601947046;0.7505062838259033;0.8037881389622248;0.7793975572029687;0.9495573420220863;0.7326749901767411;0.5922375036318303;0.8380938847046562;0.747829093450594
0.21226219889954623;0.9097467560339414;0.8807482268277029;0.23631581960745177;0.7808090013568817;0.8145435191040218;0.789243669343864;0.978896040208347;0.8624207019141329;0.6206537250397023;0.8089621524323807;0.7568170923993067
0.25350840032616917;0.9074850595965263;0.8711405125468519;0.2800969404903333;0.7655302894165357;0.818500506557628;0.798043362350848;0.9287487881573919;0.9621724877164015;0.6125209166296629;0.7728198569466148;0.7650939341341345
0.25097152875896533;0.910423614091854;0.8746777984389378;0.27706190790487417;0.7765264673031675;0.8216816859538696;0.8058249949809497;0.9589457303192576;0.9653849246667442;0.5899454493868319;0.7441618113779543;0.7726057778673487
0.3027961907747008;0.9110509459504077;0.8724316520931377;0.3312960127166672;0.7789874957223294;0.8221762693881155;0.8121656421690663;0.9010156691925901;0.9387364975205427;0.6018730475474149;0.7239827578039875;0.7789503949241942
0.2376480555956873;0.9183973321887273;0.8871726308611874;0.2621381992537495;0.8080532585161537;0.8264982205717767;0.8182460758749945;0.9355928275953347;0.9410783313352639;0.5889951705986274;0.7387144142863903;0.7850127494455654
0.139706692590425;0.9213358866840555;0.8909798935245645;0.15870969255877002;0.819545843489916;0.8298741981723176;0.8238977296704207;0.9685356771959953;0.9443597358451242;0.5661319213361037;0.7089668892994161;0.7906513279433374
0.23198662020632893;0.9262059629544028;0.8994678973325139;0.25607571118272154;0.8387052619981948;0.834177515816872;0.8294226231616175;0.96484126450913;0.9661990222361924;0.5829950156174156;0.6902088958362932;0.7960982107425024
0.2655952710363218;0.9201802753656683;0.880878479982739;0.2912122125142925;0.7841739922691858;0.82952933548162;0.8327585425727319;0.853172929131212;0.9379972991194121;0.5542636718725011;0.7044668656150823;0.7997015339532059
0.3042629726943486;0.9130485026579058;0.8595828440261712;0.33134229786671965;0.7225593933926271;0.8169433539876719;0.8324921196457575;0.7280658391601783;0.8557154240310166;0.499192668151496;0.6705982663066647;0.8002509912837814
0.3368015338767854;0.9254135437646513;0.886655461326755;0.364719237819651;0.780997541469211;0.8155118121041264;0.8319451335016501;0.9449760483923687;0.8489181173730403;0.5110471414158964;0.6936194401023158;0.8002931704010666
0.3160559972770259;0.9183808234556077;0.8655016077823592;0.34194772743875246;0.7220534122142716;0.8056932692137213;0.829217776465943;0.8000301167387242;0.8307341726137255;0.48605787280422663;0.6482402538960728;0.7983469932238707
0.3902203111340746;0.890794730412388;0.7933253012841948;0.4178840106230657;0.5362015809555272;0.7712517999877685;0.8190038458451294;0.3287329729734362;0.6940939299843176;0.39068007509264524;0.5755767135616503;0.7901296323635719
0.2904105765016149;0.9100604219632182;0.8380039177513782;0.31281692467240685;0.6346420725492085;0.7593160845341529;0.8080491904909954;0.5769477096996893;0.568165197962673;0.3430855274628769;0.6224243285490978;0.7807928417891952
0.2939538710554218;0.9063459570112586;0.8255060657617849;0.315795454981489;0.6125353410068387;0.7448406531232254;0.7959096718821908;0.4984755206497569;0.46498187230988086;0.3512622582531492;0.6099663682440434;0.7700583660006546
0.3245554965142503;0.9041668042394422;0.8169170437008255;0.34690898926969116;0.5991733299300428;0.7298971923964453;0.7827131142329797;0.4524385030737937;0.5073103533310442;0.32276913349955183;0.5826346454455024;0.7580756427357156
0.2574238999747782;0.8997259550302106;0.802739488748818;0.2767025117554952;0.571363711104018;0.7127585897118323;0.7681589994851571;0.35862064149853684;0.432605098398128;0.2960367250329387;0.5614608497939462;0.7446514051110604
0.2359412993386013;0.8951035097566606;0.7882262128092241;0.2541566368989836;0.5424472630080903;0.6939349747436241;0.7521258797922319;0.2609663617919515;0.3513362827282935;0.29746698612301414;0.5342238643361272;0.7297164995160373
0.3347152263717104;0.9056195727539866;0.811371333764857;0.3555021951321635;0.6050625479034162;0.6873841898746446;0.7377716850173596;0.4831298481244325;0.36183797990736083;0.2951500583675735;0.5816872720382734;0.7158016261654292
0.30072212685827066;0.8921319377950936;0.7747884518568431;0.3196185000770766;0.5214997722161132;0.6693105314578152;0.7220733975804009;0.19818861055201153;0.30694274465314403;0.3257037339542843;0.563450333949126;0.7006464803388044
0.4103512195838649;0.8904810644831112;0.7678015847787458;0.4311303242823822;0.5117865637854161;0.6528755500225082;0.7056819894915183;0.2871834316347861;0.3159134733050698;0.26980324994571575;0.5232343328122772;0.6847637396448676
0.272277821718657;0.9036715422458479;0.7976789683840315;0.288558746036665;0.5923767077207064;0.6510275985936487;0.6921379049528944;0.5245908672845612;0.3301002437850464;0.2404920870810089;0.5812609540050213;0.6709866000324617
0.2548209130288924;0.9075510945290057;0.8043165264214887;0.2701344193191556;0.6144597505076502;0.6524008680732355;0.6816228955018703;0.5944165836521456;0.4656780811365121;0.29811126398485394;0.6715456397138937;0.6596206410773537
0.1423096795363108;0.9126522930630303;0.8140835915063422;0.15473159771824418;0.6433864423248413;0.6573618521339233;0.6743678318251767;0.6862299724078144;0.6022203514292712;0.27954653088112874;0.6309033205437926;0.650987895375018
0.23655347877084165;0.9168290025423445;0.8212984359190159;0.2510545731929368;0.6668628209408692;0.6642601817041098;0.670172530299115;0.7614040415184391;0.683251021141354;0.3185433350669421;0.6535455449765518;0.6450514336947565
0.251434336409739;0.9290619737841315;0.8486135793786616;0.26603283053358284;0.7306473500090928;0.6797173896466479;0.6704210420821081;0.976932869228215;0.8141371126617349;0.3592013320162922;0.6948983942020749;0.6429976150306175
0.264130937834403;0.9374814276752401;0.86637522351661;0.27860731837010233;0.7698881571250993;0.698333968983124;0.6749613969243309;0.9716942873340275;0.9118148060257338;0.4014178486018707;0.7317985884136232;0.6448329488365958
0.24802082389556707;0.9329910522666487;0.852289490862515;0.2620698613111876;0.7318136701178933;0.7078047716261309;0.6808023529207261;0.9023325409813695;0.9600364927200823;0.37989172667656834;0.7321775377765151;0.6482823276779083
0.29937043467188407;0.9441509558556471;0.8772679009559954;0.3138247912824529;0.7840287841936686;0.7238329041055467;0.6892130152033356;0.987343478543722;0.9635987043566411;0.4096080680968809;0.7340249159206099;0.6543006570212292
0.27628637264096656;0.9497474163832664;0.8882298911912636;0.28986076296939745;0.8082448926218262;0.7398992602214627;0.6996883565936427;0.9820833627731794;0.9671535477189132;0.43830059911586405;0.7887830988584137;0.662494999267687
0.35609498086327096;0.9542708092580972;0.8963224689300251;0.3703276176292043;0.8274513472142434;0.754864160077223;0.7115585722561724;0.9818775540508932;0.9943715675868204;0.44532878958454736;0.806498981573587;0.6723159909583175
0.31498101019401187;0.9714729091689502;0.9357239797019199;0.32816504407132807;0.891943069926327;0.7800002167406778;0.7269166880361789;0.9551557189724906;0.9833578403183684;0.5810640259767705;0.8180095684714126;0.6853706856796499
0.23931318365138093;0.9731402912140519;0.936459381603588;0.2509414179336048;0.8976147900138297;0.7990900497120215;0.7436550928685284;0.9716258003680482;0.9797795626824845;0.5577478368710531;0.8116621666429812;0.7000346923616515
0.26186097649965595;0.988691517812923;0.9717118695898277;0.273329962447343;0.9464349181010913;0.8254949525664473;0.7632036657608622;0.9895246477742818;0.9823961786193379;0.6458177188058322;0.8416465349817623;0.7173804842957344
0.1802378684401913;0.9869581008353419;0.9638060932672992;0.1905221138167363;0.9290512954227782;0.8420550203146204;0.7827044734113089;0.9727043958832733;0.9884008320650001;0.6132709159949831;0.8246885509923741;0.7351587310427182
0.318259843233091;0.985191666391521;0.9557380838264855;0.32980248870456896;0.9105788331428212;0.8506840006385259;0.8003174714944742;0.9483574085470275;0.9804390563805178;0.5741342267542289;0.7845199185258869;0.7518050337819884
0.29087093543465964;0.9830125136197045;0.9465677950515334;0.3016668669034721;0.8869651098972572;0.8526360950029612;0.8148631150512025;0.902446978819016;0.9506435779184801;0.5215820911193575;0.7541092321538536;0.7662226823233793
0.23033128702155115;0.988229273285568;0.9558517293611204;0.24019429274747753;0.9072962075986627;0.8558708172348154;0.8272539947679914;0.9586888637728807;0.9458478651928246;0.4926503988502784;0.78196201032637;0.7789475429681719
0.2006307896869804;1.0;0.9814885423889623;0.21000689898502875;0.9487860557100437;0.8658655772855401;0.8394975620097456;0.9946553155372955;0.9616896798293026;0.5515956749383943;0.7837146511297429;0.7914469792017914
0.338848661898197;0.9599498134513151;0.8782256528167349;0.3485232662118253;0.6160260435675196;0.8352466277479884;0.8421518150730365;0.46785396931257917;0.8129844284157252;0.3993482457942291;0.6527402775804079;0.7962931051406673
0.46103722785563334;0.9516954468914052;0.854487049624668;0.46953913766920985;0.5670508454555132;0.8012559437935202;0.8363482995095606;0.31363523654568437;0.5922655955909657;0.34152420737253913;0.6160769267206665;0.7940051067125893
0.3198906892405792;0.9520916564862807;0.8523401372420809;0.3271480944542222;0.5692767223294279;0.7726557928182691;0.8250356874079217;0.2968599190956928;0.35350004346915087;0.3146184593655492;0.5678556202927378;0.786646603617131
0.27885507753864686;0.9589427807310065;0.8661948729942525;0.2856358504171599;0.6083041747686452;0.7543093779993717;0.8117070569853583;0.3073731068005387;0.2985880994550876;0.3416925856415506;0.5827293827862257;0.7768729058229777
0.42875578203473746;0.9297553405751642;0.7905098292407218;0.4338521137142929;0.44752763873856194;0.712356926979569;0.7912604825049137;0.031111659819909772;0.201916642279596;0.28675389303456217;0.45436028610676926;0.7607682936590999
0.44247349875237835;0.9395285105820976;0.8118373079074792;0.44590808575577545;0.5037880896009943;0.686818799264491;0.7689475132648643;0.26774275777521694;0.19195358558080453;0.2511066076299787;0.48737624934867974;0.7423079777534001
0.35290919909789237;0.9381417770000327;0.8054328055678622;0.3561071350308811;0.49669527114900136;0.6645694929214592;0.7459084094704117;0.2522139498108433;0.17307970558621125;0.2711002753862222;0.48846572876699235;0.7224851851554155
0.36094099324888523;0.9326773863373723;0.7889407522455978;0.36322871250931066;0.4681549438232344;0.641546869358209;0.722108053847195;0.19102305176075637;0.22779679311936107;0.2364183990418039;0.4790393633650699;0.7014044563591413
0.3814930811480568;0.896671839403044;0.6966538527208771;0.38240903604361365;0.31859745946176365;0.5911903415418726;0.6913241966682372;0.0;0.13618290785612258;0.1939108054573771;0.36075979347259624;0.67432115191179
0.4894643919711443;0.8627463928418133;0.6097836452546408;0.4861978987594331;0.22369881273853331;0.5218304899820795;0.6505218007276737;0.06739013476042782;0.0729415043289415;0.14701526841503582;0.2296433139121789;0.6387122917878519
0.6007977922360956;0.8649915805461088;0.613063993416246;0.5922457877452835;0.2376227873146774;0.47033780146614956;0.6058713489090097;0.19621466416908862;0.07471792505255065;0.11284191148621064;0.351001847378145;0.5991335550549858
0.48502241801080864;0.8646283884174726;0.6096881171240759;0.4771613055349153;0.2366496140293083;0.4311252881510236;0.5610062942024653;0.19412838793167758;0.14114308630095093;0.1400937564741111;0.3736440718109042;0.5584518226206739
0.5107731336485648;0.8605342226037571;0.597102285922283;0.4999467105339397;0.22518372501545314;0.39868365595809707;0.5175485845335466;0.1706103648917934;0.17646208577147676;0.12445905745282104;0.36075979347259757;0.5181055722128912
0.5229065299955677;0.8360682801201831;0.5339758972644361;0.5091470018542725;0.16411042428097433;0.35391322741985365;0.47234157021366646;0.030071211080867244;0.11961256582576316;0.09348081210672324;0.2709014257969774;0.4758438811723304
0.7780335327405803;0.7890018819955755;0.4148237698145375;0.7493654307922036;0.08186623830723672;0.280020797505742;0.4189436125485175;0.02366582048682314;0.06128516894176985;0.05520110948856172;0.21960115579555645;0.4266815393091291
0.7209882045266995;0.7692409284511506;0.3639109820566322;0.689595886261841;0.05619720927344593;0.20828493580753527;0.3594958303471355;0.016489898173301126;0.008549569771917436;0.04125604465914001;0.13485860451897147;0.37203448276238177
0.8508755390239902;0.7476309967973056;0.30865674272133253;0.8062190502455873;0.03166825194559525;0.1374221826754939;0.2954118048967929;0.005084983480679029;0.0;0.029069851916643796;0.07683198332622865;0.31287095260585984
1.0;0.7153894410142962;0.22712993417892166;0.9372106619744136;0.0012592306157401534;0.05865546635663332;0.22577551307751187;0.1844956686160185;0.05503135687345948;0.0;0.0;0.2484075957343036
0.906529995567821;0.7139366724997522;0.22240993865886133;0.8419099746766981;0.0;0.0018030487434673725;0.15680800992117988;0.18979466662779007;0.11433127334810528;0.008111636551516421;0.09914262706645904;0.18339547222278074
0.7861902114957502;0.7546141909069894;0.3224843023673962;0.7244808587907924;0.216227048208525;0.0;0.10121352101861003;0.3316108164771276;0.2260590393881284;0.08215925708999128;0.3132016484297281;0.12796053829090048
0.8289986948334505;0.7637105028560103;0.34387313315248835;0.757747630169943;0.25775527583472857;0.013437818836125937;0.0598717441012081;0.3678976040426906;0.2888139165278539;0.06957778926384872;0.33285964662971823;0.08352860534240975
0.6602061330584239;0.7504539901607945;0.3096711800963287;0.5998206259652893;0.2320736760535158;0.018909299530370016;0.028074318629535355;0.3322642821409663;0.33756292889172806;0.09820723729609596;0.295864715077448;0.04707186098917593
0.5722726794114261;0.7653613761679927;0.34584093029026874;0.5174487364579617;0.30049099919205136;0.042966515179067355;0.008246726556762174;0.4366237964973111;0.37349535590735194;0.12839716207659652;0.35038605466344624;0.020860141355273032
0.6030579586999267;0.7738303562584603;0.36611416819429254;0.5425781794381408;0.338085955890006;0.07562118072101931;0.0;0.5131745514350243;0.42320495664646396;0.11850537509969075;0.44488655203448385;0.005015336312607865
0.5859585627985906;0.787004325288077;0.3979911916475469;0.5240290980235207;0.394948174570511;0.11879758688646269;0.0034717256980044686;0.5721254934615572;0.5052785771455655;0.16567751948755488;0.6177348301833161;0.0
0.5173846715167603;0.8127249314887575;0.46085734850144444;0.4606355863963477;0.4945011909849244;0.18081342927541227;0.020711730746447055;0.6902873162347282;0.5920749513436803;0.25214953741034246;0.7482355170290373;0.007754734210456471
0.4848363154634076;0.7961006372370982;0.41844793689433624;0.4299350837380489;0.44484618348645355;0.21946096251503605;0.0435166698543632;0.615567461766201;0.6271108657295513;0.23177745496446178;0.7625408554781867;0.022119632797161115
0.5755221278377578;0.7916928054941064;0.4066677811615244;0.5081229097047425;0.4319737391169297;0.2501557217135825;0.06891890133169254;0.6653609011089567;0.6590133455936427;0.19816691916506463;0.842404433707546;0.04063260779755362
0.554666398940195;0.7779740482715352;0.37174277897919883;0.487500801387619;0.3924232567175925;0.2660414540838856;0.09294537507652051;0.7654032610828736;0.6847158654673463;0.17982024868863716;0.8072095116290078;0.059886844503820924
0.6364976480066213;0.7829927031399606;0.38350715060998025;0.5565851483269498;0.4141366769183924;0.2867026106492473;0.11698491237284159;0.7976298352495285;0.7470123829666455;0.16160699099698217;0.7048931836483344;0.08060191909613823
0.4713291884704574;0.7925512596163369;0.40671019235742073;0.4100284831203215;0.45548377877985347;0.31488182739760223;0.1427881764013499;0.8590087380208878;0.8132731134519059;0.14696067021632675;0.7062195064184552;0.10391774878854221
0.5147620948290428;0.776702875821309;0.3666409454430061;0.4462114498838873;0.4048376183282527;0.3261770407879256;0.1660649279261549;0.6510195782150172;0.7741343009390379;0.13206497951639407;0.6987826251717113;0.12624275229306908
0.4592619075021365;0.7716677122197639;0.35353149381290644;0.39645690182181403;0.3893016786706577;0.33367138481544667;0.18643407422683522;0.5911552226224164;0.7034846160393523;0.12147086489380729;0.6415612713751111;0.14694168226254734
0.4153637447750485;0.766781127216297;0.34085260503565024;0.35718006716977124;0.37391657850841786;0.33823373873551965;0.20379337119565072;0.410609792646208;0.5500553697170247;0.17158428685943067;0.6032400170527215;0.16563812450536897
0.4274800000979487;0.7630831709974575;0.3312311654486832;0.3663954603021038;0.3619755181286044;0.34149739376708255;0.2184419210182879;0.23176297930239095;0.40659779772591315;0.1606617238406825;0.5548292359433477;0.1823236761156688
0.49726355793788585;0.7603262125664476;0.32388346007280994;0.4246129283148943;0.35275172362862295;0.34453795297415274;0.23086984527092697;0.1547081925960779;0.25725815371625815;0.14618617033704556;0.47311827956989205;0.19720187182170268
0.4061320789368647;0.7741440221877371;0.3577381628842463;0.345079045848118;0.4296095272058127;0.3620168320815712;0.24488840867160844;0.36409109625717523;0.24134079128601738;0.16607891589517987;0.5604661077163556;0.21322860772224744
0.28916417917757364;0.7942351503945586;0.4070603249164279;0.2443158459250465;0.5271487316330851;0.3961525687103187;0.26406400492965876;0.6806150782019722;0.39492509373528534;0.26728875320965106;0.6307612145327076;0.2333722730900301
0.48860978948373684;0.7609205269587611;0.32330727172208235;0.4138387914691748;0.4053618059616104;0.39575282081648383;0.2793112573106403;0.15576265785308685;0.3952859014742973;0.23116243221461963;0.5745346028136995;0.25047134647580765
0.5249610041701662;0.7386502459801232;0.2672359649137242;0.4430355228474858;0.3406674562354699;0.3780602230749885;0.2873829942047509;0.0038965891211729907;0.2720376817151261;0.20766020761846254;0.4962341907062664;0.2616426432456896
0.4998836859078743;0.7400039620959484;0.2699432815450085;0.4200175805721714;0.34731534158999244;0.36789815657798614;0.2914705029584882;0.17291356567956467;0.0983167993925125;0.19062609114825113;0.47269196153663995;0.26913994050002266
0.5956236516748006;0.7126985175157659;0.20135326028176487;0.49899738643280445;0.2760131213587627;0.3384246828640355;0.2878670439837287;0.03981469678481519;0.05864273578727711;0.1632627708711577;0.4398181043058129;0.2697983360377974
0.4762951880247908;0.7169247531944398;0.2114829479541884;0.3967414889241646;0.29781298760444963;0.3220228284744289;0.2811592241747973;0.09667560258279387;0.09038905066330988;0.14742501786921192;0.4663919283785716;0.26708154862364814
0.4323456022253947;0.7002674414765409;0.16977682103243827;0.35867869186099466;0.256865161207227;0.2975935925641805;0.27009586171846306;0.024247224689277536;0.03951969673880807;0.12664028752889694;0.43261806641087597;0.2599451062256803
0.6026392279682744;0.6966355201901804;0.16059966960443064;0.4993409449662053;0.24823887130873723;0.27866453221897025;0.2568307530955779;0.16943634046535078;0.08387250198536766;0.11031929392984435;0.4328075410923212;0.2500807376459411
0.5692705514757197;0.7015716313930067;0.17275136937379085;0.4693693043738353;0.27674875959546197;0.27183234202915973;0.24462534105076866;0.20985602376627285;0.12259959289347525;0.1509488632186542;0.45488134148074466;0.2402076561637455
0.5266408245322336;0.684154917951596;0.1293754217100304;0.43212579281318364;0.23266601547957133;0.25480156510616775;0.2308892886756564;0.0672380776710483;0.13730982858824356;0.1331456586099336;0.36525981715693273;0.22838945737192462
0.44334769098161747;0.6930366163700596;0.15143994931519017;0.36178986347249675;0.2845645717659485;0.25321544390133927;0.21953054975413683;0.1742701189570389;0.13896380881839127;0.1160540937365862;0.3330964899815264;0.21788131436369718
0.45300298498691155;0.721580215934229;0.22256764242612936;0.36860598451182336;0.4300948828081578;0.2811238905220145;0.21695204690034503;0.3986786326827963;0.20357348480786058;0.2600703660527228;0.5105868978257775;0.21418281932506977
0.513104312926536;0.7201274474196846;0.2187192038444031;0.4166773206885249;0.42517605152730287;0.30531362707327925;0.2205304979290018;0.387257031058814;0.3130747834474394;0.24350305468862427;0.5703187911515328;0.2156266593657839
0.6135066372494042;0.7370819163337403;0.2605355449742587;0.4969047556427816;0.5026799820584724;0.3425813618506861;0.23208441302666233;0.5205523136477972;0.4315626092871045;0.37035011999562883;0.6150821846430758;0.2240086731016548
0.5725616281034436;0.7606068610294843;0.31850437535308307;0.46130039537375933;0.5952574253053766;0.3954772702840562;0.2536633230489705;0.7145196123286899;0.5396343252548634;0.4309509776983911;0.7609303206858974;0.2413586473420361
0.4921530840375437;0.742777429260078;0.27314827777603784;0.3944289695790739;0.5256159267545341;0.42346821814610697;0.2774541793448618;0.7261685870895201;0.6556001301437856;0.3865782279251121;0.6976457770830358;0.2615740987837064
0.47873166216510726;0.7521543896721363;0.2959025020135029;0.3826296478105655;0.5616076586170466;0.4556710830218892;0.30399684770617286;0.8206620515689578;0.7582890668110195;0.3486409550412719;0.772346170243001;0.2850339027076193
0.47904754675214317;0.7691253673193117;0.3375857076740371;0.3816391014815038;0.622649972394464;0.49751802391267974;0.3349900466737426;0.918598760091076;0.8281190924037914;0.3681729023028619;0.8314622708540563;0.31311261102812227
0.5063752366073506;0.7805659193713472;0.36551643111296306;0.4022935446887721;0.6607867625365768;0.5415565266911964;0.37005476108965846;0.9870862625531012;0.9173976304367033;0.3692098299497167;0.8501255269764572;0.3455385648490966
0.6171233933350802;0.7288935847063094;0.23637132003955028;0.48970201647232137;0.4732249613284496;0.5310349152863858;0.3956528029153348;0.42314451807009656;0.7813785425379185;0.28156399076307864;0.7518355359765052;0.3710490006932775
0.5497983480950199;0.7490177303793706;0.2860319481205388;0.43392348009962844;0.541328368301174;0.5413359924764506;0.41853353561916345;0.570039615724692;0.662111609886677;0.2518077858318651;0.7840936004926333;0.39463687810441245
0.5728040511586108;0.7317991217353979;0.2426982743996127;0.45060289932404674;0.4885318175286971;0.5348325217981948;0.4353214568353619;0.4443533262630474;0.4764039800444482;0.2836089055310372;0.6527876462507695;0.41328003991474765
0.4976626989277065;0.7795093604516787;0.36101000135606026;0.38897598691646085;0.6284586508583053;0.5726173293080237;0.4575635338636399;0.7926115971586872;0.6028250077257398;0.31918276488117914;0.7938515465870873;0.43628703873318736
0.5067572365730686;0.7847591375837815;0.37341918786814554;0.3948365294820184;0.6417999948043058;0.6071463903959088;0.4834096676493542;0.8309320574164059;0.6920949114863382;0.35308260864510466;0.7602671593008383;0.46237691399747144
0.45850525372388745;0.8029022352824642;0.41792390470684704;0.3552678561166257;0.68694781795812;0.6501254829500647;0.5141096664007619;0.9589650884721813;0.8681802828700214;0.38715798089218956;0.7448249727630147;0.49272352213866955
0.46693618886470095;0.7934592399379272;0.39386838419657283;0.36083900086690013;0.6533616108505638;0.6748562883661094;0.5444371005973216;0.8528175253709016;0.888781023092587;0.3811379876719303;0.768888257306618;0.5231198624517418
0.4388102170298523;0.7952586918479874;0.3978024686884589;0.3375353950033245;0.6582246805759622;0.694943553426567;0.5733835698510752;0.8529355383539788;0.8963099825862328;0.3638290442898888;0.7471460376107235;0.5526140136875473
0.3542339553892604;0.8055271238485155;0.42278197680642826;0.27022575443845187;0.6865111307046758;0.7186481659589175;0.6020688634982374;0.9586709314886823;0.8962093305112351;0.4029461153794741;0.7279143574439868;0.5820046107274381
0.4343731405049746;0.7915772443622675;0.38747390133042187;0.3324060659425334;0.6315845808038938;0.7235140908217644;0.6261518736826923;0.7980261695749737;0.877461301526191;0.3735259205517447;0.6550613424281179;0.607600692681177
0.3006731525036914;0.8015155017003992;0.41172802702018796;0.22700623776592108;0.6611891970776738;0.7346757736932406;0.6480212816739837;0.9078619834104449;0.8962555541780044;0.3499912035540141;0.8318412202169482;0.6311553694863387
0.2163686985310142;0.8057252286459535;0.4215714048070417;0.16077010189574636;0.6738049771545287;0.7455803090965833;0.6680598389233547;0.95438712050022;0.8947897570388119;0.3508582321061474;0.7861778219885365;0.6528972271764972
0.3239506632351969;0.7918413840921845;0.38632728925753124;0.24486156789710592;0.6152424500937638;0.7401691221029653;0.6828287496669144;0.800945393862958;0.895788631784106;0.32876811703633724;0.7957462934015439;0.6699012051042985
0.2865734358203327;0.7923201373526592;0.38707943603266115;0.21522198933192146;0.6169050765751444;0.7347294080301565;0.6933752904471391;0.8062364878849319;0.8610153047135357;0.3131114439248437;0.660224527497512;0.6828535766290462
0.3263748937868685;0.7949615346518302;0.39305186573576106;0.24591626465709573;0.6266130260408407;0.7312405464805481;0.7009988907389018;0.8354287307647906;0.8203111588427785;0.2947184367995157;0.6527402775804079;0.6927360242880378
0.2664547709591872;0.791032456169313;0.3825502222676068;0.19882376681793765;0.607835418534321;0.7235133074663149;0.7052957127900377;0.7811229788256235;0.8135284974854347;0.2916946420701321;0.5894083653071845;0.6991905281425138
0.3176084843171873;0.8019282200283944;0.4089761031440285;0.23837373303867634;0.6508552714740754;0.7256547456872166;0.7092325721267788;0.9015632568768647;0.8461465811621336;0.3032972031178892;0.6477665671924575;0.7046593800137646
0.3839564911833918;0.8023574470895101;0.40934970597649245;0.28946877358844836;0.6525576372416929;0.72625396836255;0.7125218034455726;0.8066800444480314;0.8363096060313121;0.34560789927274815;0.6438349675524608;0.7090104745767047
0.3891991958410978;0.8280450358239508;0.4725735443077592;0.29266318637863376;0.7455699929730634;0.7479598599070864;0.7202151879274844;0.9224042823338617;0.8846520121415498;0.4564064322726332;0.6880773056700298;0.7165250288862232
0.4324851791359455;0.8228117674249678;0.45873994552700476;0.32532321709275513;0.7159571550855875;0.7586290035121124;0.7288580309901076;0.8014979760895425;0.8504125457632288;0.4285624448994234;0.7130879636208607;0.7246108552851043
0.31427577948807106;0.8234886254828799;0.4597848530815776;0.2333141782907356;0.7184168970965624;0.7657525428672654;0.7374335757022054;0.8144781722304166;0.8530808412191352;0.40772085819137294;0.686514139548102;0.7325066902195818
0.37307194087815915;0.8451315746029646;0.5126779280058286;0.2781646110456444;0.7916136514787883;0.7885455486643624;0.7496095352339448;0.9224533137175395;0.8530976183510206;0.5193043273467628;0.7365354554497652;0.743282049041387
0.3726140306628434;0.8478720243008548;0.5183510087825491;0.2770980059066972;0.8001241560228536;0.8066505864988055;0.7635725524247823;0.9603408401698731;0.9074490863259523;0.48934589545494234;0.7842357065037183;0.7556055079391775
0.3837679399182618;0.8583880872981804;0.5434276920678166;0.28471125877988557;0.8323197736804518;0.8277479984210114;0.7796630629557703;0.9896341204567702;0.9673824233742504;0.5197409455849404;0.8130358580834637;0.7698215943807123
0.46155635601417316;0.8406577079274933;0.49823218057232227;0.34333927216602;0.7204577199257615;0.8259869685878972;0.7921247841720833;0.7480046979249614;0.9076911151784572;0.4615199661181676;0.7545829188574673;0.7812270295295447
0.4020892459663497;0.8437778584871398;0.5050148150954203;0.29689449289814274;0.7317433241003766;0.8247633875337281;0.8018088115854424;0.7872362564852479;0.8484596961850885;0.43400711709006146;0.774809341101796;0.7903384732943752
0.37018735139344283;0.840624690461254;0.49606083714485144;0.2717639697953953;0.7118216006130765;0.8184308554955139;0.8080792329211229;0.7475895491571316;0.7656389925817756;0.41239444387243307;0.7344986026242251;0.7965144593575135
0.297923242494068;0.8445702776768909;0.5048586211118271;0.21623645995616617;0.7277977763033135;0.8144411928560942;0.8121651465627957;0.7971998269132563;0.7824721534115736;0.40389474533755565;0.7445881294112079;0.800651462665073
0.8548204232853467;0.8475748671046981;0.5112109672882034;0.6363902986505942;0.7402361230459255;0.8115009819407557;0.814748195160906;0.8297049848794108;0.7970037330617873;0.3682809545018072;0.6795035763346117;0.8032683224830975
0.49131317385651;0.8357876316571464;0.48085072741377405;0.3596680337455097;0.6589497164127762;0.7963443928836386;0.8132799879290001;0.6767607826201626;0.7727681625284387;0.3410561029012419;0.6606982142011272;0.8022615662302612
0.43728711460243846;0.8097038333278301;0.41505641375319424;0.31789258840929624;0.5128735063108839;0.7591548693030421;0.803432507388302;0.20644875187119135;0.5706301041258439;0.2845605556360073;0.5839135995452602;0.7939673183895877
0.32045389431824023;0.8131706672829924;0.4227638594023547;0.22946556830686113;0.5312636710552658;0.7312419181747405;0.7890449841826416;0.2218261777202748;0.3626314275013733;0.2529229522913528;0.5317606934773336;0.7812870389685213
0.3857416064078045;0.8207481757849902;0.4407501868014167;0.2778184596782777;0.5712278994726099;0.7145477945010876;0.7736417532939452;0.30178290847132655;0.2343247639561888;0.23015360369824783;0.5456397138932308;0.7670678189921849
0.45758208714006904;0.8203354574569945;0.438839212430955;0.33046921220370606;0.5688475076367552;0.699772325967812;0.7578734030361635;0.29456992198859067;0.26447729855873264;0.26923733452676135;0.5142816541139685;0.7519521946391067
0.47607480342918423;0.8254861821903785;0.45077432686981167;0.3429938011607676;0.597450841603396;0.6915850873958462;0.7433493888192174;0.38458799329311777;0.3201697192278494;0.267704931648671;0.5799346312349019;0.7373773906138029
