Volume,Close,diff_to_mean,relative_volume,RSI,MACD,MACD_Signal,Stochastic_K,Stochastic_D,ADX_Pos,Momentum,TRIX
111887,122.53,-4.598770000000002,0.5887824800073236,,,,,,0.0,,
101880,122.539,-4.558949999999982,0.5366988469403229,,,,,,0.0,,
101361,122.705,-4.364293333333336,0.535171808466321,,,,,,0.0,,
112313,122.367,-4.67380666666665,0.5948042789951787,,,,,,0.0,,
94105,121.798,-5.213976666666667,0.4996408369677072,,,,,,0.0,,
85000,121.602,-5.381746666666672,0.4520868114469416,,,,,,0.0,,
50072,121.656,-5.301696666666658,0.2673097123507404,,,,,,0.0,,
82940,121.762,-5.168046666666655,0.4442073228153565,,,,,,0.0,,
71054,121.929,-4.972983333333332,0.3820045502486797,,,,,,0.0,,
66096,122.002,-4.871393333333344,0.3562972705312363,,,,,,0.0,,
87404,122.026,-4.818239999999989,0.4718523700165791,,,,,,0.0,-0.5040000000000049,
80335,122.113,-4.70284333333332,0.4348358422299387,,,,,,0.0,-0.4260000000000019,
79004,121.614,-5.172683333333325,0.428922227307475,,,,,,0.0,-1.090999999999994,
70249,121.482,-5.274123333333336,0.3824945566574311,27.602314384493862,,,8.170254403131205,,0.0,-0.8850000000000051,
78513,121.324,-5.402043333333339,0.428480577662793,24.94589915513956,,,9.995577178239696,,0.0,-0.4740000000000037,
69470,121.169,-5.524519999999995,0.3799462678934002,22.643631382437064,,,3.1402034498008886,7.102011677057263,18.69603072983376,-0.4330000000000069,
96964,121.004,-5.657489999999996,0.531434609639645,20.477113225924512,,,8.650116369278509,7.2619656657730305,17.488724786012547,-0.652000000000001,
96921,120.888,-5.747256666666658,0.5335148395356986,19.093957922796463,,,6.096866096866074,5.962395305315158,17.074984726201397,-0.8739999999999952,
78168,120.903,-5.708453333333338,0.4321342999634729,19.84789499764396,,,7.916937053861138,7.554639840001907,16.135588615618733,-1.0259999999999962,
76335,120.677,-5.911783333333332,0.4235528960795473,17.24102648346333,,,10.060142154183213,8.02464843497014,14.731594487551009,-1.3249999999999886,
70573,120.504,-6.0625499999999874,0.3926985546002013,15.556636240362664,,,14.042553191489834,10.67321079984473,13.660599615628458,-1.5219999999999914,
90919,121.091,-5.460883333333342,0.5093576163414549,37.771573809045286,,,45.77092511013168,23.29120681860157,19.94478914413203,-1.0220000000000056,
66454,120.945,-5.586616666666672,0.3744231582306399,35.2851723435717,,,39.33920704845762,33.05089511669305,18.8902554337129,-0.6690000000000111,
55658,121.239,-5.272633333333317,0.3153109771365655,43.369366743171554,,,52.2907488986784,45.800293685755896,18.897014214405598,-0.242999999999995,
86516,121.145,-5.344786666666678,0.4921224253792367,41.580855887600045,,,50.11462631820223,47.24819408844608,18.65522134266407,-0.179000000000002,
106946,120.473,-5.990246666666678,0.60960568142961,31.560581765919792,-0.3631914933692144,,19.3030719853275,40.56948240073604,16.66102735495212,-0.695999999999998,
140615,118.978,-7.45299,0.802967732344424,20.00854960385591,-0.501058141797941,,2.0109066121335224,23.809534971887743,13.37915082058529,-2.0260000000000105,
173606,118.414,-7.979226666666662,0.9923094105862382,17.418299303000225,-0.6483547108882703,,4.389815627743799,8.567931408401604,12.14164352302636,-2.474000000000004,
168665,118.696,-7.661436666666674,0.9655008262554764,22.79975177459812,-0.7338736215899502,,26.824146981627155,11.074956407168155,10.59905983051031,-2.207000000000008,
169887,119.252,-7.073326666666659,0.9738115036631464,32.18321678508396,-0.7481591086458081,,42.56811437820317,24.594025662524704,17.90038650463236,-1.4250000000000114,
172199,119.022,-7.267809999999997,0.9877486336063984,30.53007486334968,-0.7691729904286433,,36.3636363636364,35.25196590782224,16.50138251705674,-1.481999999999999,
126758,118.591,-7.662023333333337,0.7289849491217452,27.66255104215205,-0.8112531201396393,,24.7369840841648,34.556244942001456,15.459801748123054,-2.5,
105397,118.355,-7.858793333333324,0.6074451962502115,26.210842088952603,-0.8538030437577788,,18.37065012139192,26.49042352306437,14.501811757908348,-2.589999999999989,
98704,118.076,-8.10489333333335,0.5710188385576923,24.56928238573664,-0.8996663395411417,-0.724471586838178,14.400414400414316,19.16934953532368,13.29865778234277,-3.163000000000011,
137292,119.244,-6.906196666666673,0.7966497677714286,41.178081031097214,-0.8321727241059875,-0.74601181429174,44.6516446516447,25.80756972448364,21.10988823842244,-1.900999999999996,
143766,117.97,-8.145106666666663,0.8351739325069731,32.71624352254416,-0.8714392906555872,-0.7710973095645095,11.655011655011716,23.56902356902357,18.58682424952322,-2.503,
177757,117.893,-8.18989999999998,1.036538783712874,32.284428584490726,-0.8984152127026448,-0.7965608901921366,9.66070966070977,21.989121989122054,16.644079398003594,-1.0849999999999935,
131364,117.962,-8.088303333333329,0.7684912278484428,33.136094020026675,-0.9038075708568698,-0.8180102263250834,11.447811447811624,10.921177587844369,15.87036276867865,-0.4519999999999982,
90396,118.121,-7.897733333333321,0.53174292809432,35.15984573930962,-0.885048790825465,-0.8314179392251597,16.371560882593243,12.493360663704877,17.5592193962748,-0.5750000000000028,
96512,117.923,-8.061396666666653,0.5704090719345006,33.788378046252035,-0.8760605866319224,-0.8403464687065123,12.629269821372782,13.482880717259214,16.564531527588528,-1.3289999999999935,
80537,118.173,-7.77712666666666,0.4785752828625232,37.12331595517301,-0.8390919299374673,-0.8400955609527033,27.76360544217707,18.92147871538103,16.453657269662767,-0.8490000000000038,
102408,117.935,-7.981066666666663,0.611907628764689,35.3004473446058,-0.819551336459611,-0.8359867160540848,17.64455782312949,19.345811028893117,15.635603651168568,-0.6559999999999917,
136075,117.457,-8.425910000000002,0.817737363931989,31.91131217440814,-0.833033192436119,-0.8353960113304917,7.435799156764615,17.61465414069039,14.416257616042788,-0.8980000000000103,
188545,117.788,-8.06143333333334,1.1378274818301155,36.46053310423002,-0.807698085951202,-0.8298564262546337,40.69306930693053,21.924475428941545,12.504511004033638,-0.2879999999999967,-0.0935601048248783
126520,117.293,-8.516286666666659,0.768099078224397,32.91841624663448,-0.818131286443645,-0.827511398292436,24.35643564356445,24.1617680357532,11.862761545789068,-1.9509999999999932,-0.0944762275050231
115939,117.553,-8.217943333333352,0.7065045474385756,36.4127375132034,-0.7962412721691408,-0.821257373067777,32.93729372937276,32.66226622662258,11.28516638455608,-0.4170000000000016,-0.0948065884726772
111430,117.761,-7.9727299999999985,0.681228533679637,39.14384446348383,-0.7534244088809032,-0.8076907802304023,39.801980198019606,32.36523652365227,12.87079637642862,-0.132000000000005,-0.0942083470793625
111671,116.785,-8.908746666666687,0.6842758250891771,32.16315407606669,-0.7891499500780981,-0.8039826141999414,7.590759075907286,26.776677667766545,11.588892111552695,-1.1770000000000067,-0.0944239930015197
76156,116.476,-9.174720000000008,0.468750057704312,30.319616683955488,-0.8327964572829814,-0.8097453828165495,4.304748889648257,17.232496054525047,11.153766658806328,-1.644999999999996,-0.0955020411878273
114639,116.251,-9.354849999999985,0.7077535247840167,29.01545502790704,-0.8754505987422618,-0.822886426001692,12.371465295630005,8.088991087061848,10.480586031375289,-1.671999999999997,-0.0972998432476682
96764,117.423,-8.14014666666668,0.5991900246786855,42.81384448743902,-0.8053995631477733,-0.8193890534309084,59.632324779777846,25.4361796550187,16.687706468356595,-0.75,-0.0974007904638821
115503,118.016,-7.50578999999999,0.7170555372714721,48.29085663524926,-0.6940330872472771,-0.7943178601941822,78.2672005824538,50.09033021928722,24.387917125576124,0.081000000000003,-0.095198031247994
105185,117.885,-7.593919999999997,0.6565383063589524,47.2150492146383,-0.6093210837668579,-0.7573185049087173,73.49836184929033,70.46596240384066,23.422889502105825,0.4280000000000115,-0.0915715475424874
83644,118.452,-6.984009999999998,0.524559738010252,52.180628664559016,-0.4907766812250287,-0.7040101401719796,94.13906079359296,81.96820774177903,23.9509346061014,0.6640000000000015,-0.0860343517855429
91922,118.747,-6.647236666666672,0.578699268646272,54.57493131975826,-0.3687743523820046,-0.6369629826139847,98.6643835616438,88.76726873484235,25.26017753094401,1.4539999999999935,-0.0787969120385278
86508,118.741,-6.610749999999982,0.5463188263066219,54.515144387567936,-0.2694645579621806,-0.5634632976836239,86.93680072573324,93.24674836032332,26.68948133136757,1.1880000000000024,-0.070581942349395
133552,119.624,-5.687726666666663,0.8464251931574516,61.24406529498712,-0.1181481713601755,-0.4744002724189343,94.9469429004547,93.5160423959439,22.050373844510325,1.8629999999999995,-0.0604699991901088
97843,119.715,-5.557970000000012,0.622558449281391,61.87011592961503,0.0090102303520467,-0.3777181718647381,92.836468885673,91.57340417062032,22.71231897030652,2.930000000000007,-0.04924806205085
110090,119.007,-6.226210000000009,0.7041198505066144,54.49446751202851,0.0520544455926597,-0.2917636483732586,75.75976845151965,87.84772674588244,20.881094645128588,2.531000000000006,-0.038831643605089
101833,119.695,-5.501746666666662,0.6557593038221369,59.5418390921673,0.1400685236804122,-0.2053972139625244,92.35407621804131,86.98343785174465,21.46136195818196,3.4439999999999884,-0.0281926634387693
94978,119.611,-5.550486666666643,0.6140407531744944,58.685963099130014,0.2007283452741575,-0.124172102115188,90.32802701398948,86.14729056118347,21.13907647432501,2.1880000000000024,-0.0179446162399362
103522,119.308,-5.818173333333348,0.6717909202773321,55.58230969878897,0.2217954038416252,-0.0549786009238254,83.01977809937306,88.56729377713462,19.89209395354651,1.2920000000000016,-0.0088641285847699
91446,118.537,-6.550486666666657,0.5959954781874951,48.54679356855375,0.1742690776042792,-0.0091290652182044,64.42354076218056,79.2571152918477,18.383106026428305,0.652000000000001,-0.0022116651571696
86150,118.219,-6.83086999999999,0.5637404867292896,45.96262058999548,0.1096798581578752,0.0146327194570114,53.77674658417107,67.07335514857489,16.834430929401613,-0.2330000000000041,0.0020068428700402
108653,118.01,-7.001926666666662,0.7126926676826479,44.29380677458433,0.0411534912621789,0.0199368738180449,26.800731261426115,48.33367286925924,15.901439620866675,-0.7369999999999948,0.0040642763171166
109701,117.925,-7.046666666666667,0.7206890802211791,43.60045843042945,-0.0197848701662195,0.011992525021192,15.16260162601591,31.91335982387103,15.342445878093628,-0.8160000000000025,0.0044373365594482
94401,117.763,-7.165303333333341,0.6226525866884076,42.243249930617935,-0.080226208947252,-0.0064512217724967,9.78740473325312,17.250245873565046,14.617238839913025,-1.86099999999999,0.0033902784628741
104775,118.095,-6.7927133333333245,0.6931638704885175,45.95612029799971,-0.1001819449272858,-0.0251973664034545,25.263157894736715,16.73772141800191,16.951065233916722,-1.6200000000000043,0.0019778854213112
90829,117.788,-7.061216666666667,0.602761344957623,43.19117207329172,-0.1391651347130533,-0.0479909200653743,13.294346978557282,16.114969868849034,15.991464899278473,-1.2190000000000083,-0.0001286590957249
101591,117.793,-7.019843333333341,0.6758805537858856,43.25105702925227,-0.1677227320128622,-0.0719372824548719,13.4892787524368,17.348927875243593,15.274274481004474,-1.9019999999999868,-0.0026012542126212
104050,117.462,-7.313393333333337,0.6929682316855517,40.227827263301165,-0.2145901061706752,-0.1004678471980325,5.063291139240861,10.615638956744975,14.328311901090968,-2.149000000000001,-0.0057537563424274
121982,117.21,-7.52548666666668,0.8130861485910582,38.04732858140142,-0.2689666516655933,-0.1341676080915447,4.981818181818198,7.844796024498616,13.554930633038618,-2.098000000000013,-0.0096310165736729
98867,117.36,-7.337316666666666,0.6600580377328052,40.12765239616534,-0.2965383992566046,-0.1666417663245567,10.43636363636386,6.827157652474301,13.02746217095352,-1.1770000000000067,-0.0135617108758477
84562,117.668,-6.994713333333323,0.5658484036796206,44.26607353522237,-0.2901910402551664,-0.1913516211106786,21.636363636364116,12.351515151515386,15.981588220430082,-0.5509999999999877,-0.0168255650923183
108283,117.317,-7.314953333333349,0.7285491841961644,40.80461771200647,-0.3099110177867601,-0.2150635004458949,9.40632228218963,13.826349851639195,15.326948130929608,-0.693000000000012,-0.0200492237425042
89768,117.91,-6.693903333333338,0.607276795267735,48.17751653326484,-0.2745245498381621,-0.2269557103243484,36.280884265279695,22.44119006127781,15.224481228561269,-0.0150000000000005,-0.02209061121692
145217,118.802,-5.777666666666661,0.9848071049537716,56.87801330327788,-0.1725149290825527,-0.2160675540759892,92.41047568145405,46.03256074297445,20.89727290929868,1.0390000000000017,-0.021736880464336
131821,119.642,-4.917670000000001,0.896834393186063,63.15194161870784,-0.0236183324326333,-0.1775777097473181,87.85909712722287,72.18348569131886,27.58072364832139,1.546999999999997,-0.0183633449041833
84259,119.523,-5.014543333333336,0.5760108657200667,61.78060118969133,0.0838148225772243,-0.1252992032824096,83.78932968536243,88.01963416467977,26.322709221823786,1.7349999999999994,-0.01327039326165
109131,120.103,-4.413573333333346,0.7481855142108069,65.69109130079977,0.213298749464414,-0.0575796127330448,96.09895337773536,89.24912673010688,28.22836679073106,2.309999999999988,-0.0062597169070332
116520,120.421,-4.075643333333304,0.8001133654157886,67.64571413856716,0.3376830369177384,0.0214729171971117,98.49955869373382,92.7959472522772,28.581687641256757,2.959000000000003,0.0022721167129728
111009,120.873,-3.601236666666665,0.76458310250377,70.24091862719162,0.467343854302328,0.110647104618155,88.74357776739845,94.44736327962256,33.589185783844734,3.663000000000011,0.0121973402334226
95101,121.075,-3.375476666666671,0.6570803195204977,71.34705003693651,0.5797180690133104,0.2044612974971861,93.46099953292853,93.5680453313536,32.265379583227826,3.7150000000000034,0.0229364818548805
88611,121.098,-3.327930000000009,0.6142449994463274,71.47704987051758,0.6629888290402732,0.2961668038058035,91.41494435612084,91.20650721881591,33.41394820774409,3.4299999999999926,0.0337480750897211
84309,120.69,-3.707200000000016,0.5864274551558579,65.7759627351524,0.688127016194855,0.3745588462836138,82.14853508971156,89.00815965958697,31.30088447458875,3.3730000000000047,0.0433987266664748
94528,120.977,-3.391069999999999,0.6589522917880366,67.72603116686682,0.7228748606470674,0.4442220491563046,88.63843351548279,87.40063765377174,29.419029245748572,3.0670000000000077,0.0522406205853691
96203,120.637,-3.699743333333316,0.6725077792695567,63.13637690289804,0.7147385580310299,0.4983253509312496,80.89708561020038,83.8946847384649,29.89874535001844,1.8349999999999935,0.0594926092731345
73446,120.405,-3.897293333333337,0.515459250779669,60.14141213424743,0.6817116707047148,0.5350026148859427,75.35097813578831,81.62883242049048,28.664502592626423,0.7630000000000052,0.0648654408948666
67048,120.947,-3.326676666666671,0.4724983099136528,64.39118367848351,0.6913035775492915,0.5662628074186125,87.60543580131218,81.28449984910029,28.74302803212049,1.4240000000000066,0.0695120174727256
75132,120.987,-3.260133333333343,0.531868753793783,64.69039766517278,0.6941313840223984,0.5918365227393696,87.46475262753128,83.47372218821059,28.11547726210267,0.8840000000000003,0.073398546403441
91632,121.36,-2.8614266666666737,0.649953269595012,67.43808793720373,0.7181915585067884,0.6171075298928533,95.79100145137882,90.2870632934074,29.94330120622275,0.938999999999993,0.0770753459532471
116090,120.475,-3.717606666666669,0.8256524407432517,56.25299231718443,0.658259312777929,0.6253378864698684,57.53075943996584,80.26217117295865,26.616826289365715,-0.3980000000000103,0.0788442532930339
86330,120.791,-3.3718833333333293,0.6164958669139731,58.87576573070165,0.6290102961780946,0.6260723684115137,70.93763258379285,74.75313115837916,25.1480123128593,-0.284000000000006,0.079623899672222
68335,120.827,-3.309599999999989,0.4904442850339678,59.17604654296207,0.6017979863499932,0.6212174919992096,62.48554913294801,63.65131371890222,25.94674585515652,-0.2710000000000008,0.0796097759377689
99711,120.895,-3.2169066666666737,0.7185867901227495,59.77353934186083,0.5790442053011873,0.6127828346596051,51.21746431570094,61.54688201081393,26.305633588878568,0.2049999999999983,0.079019556617128
75216,120.605,-3.4794466666666466,0.543483653918834,56.00869652189292,0.5314844713706464,0.5965231620018134,26.868178001679823,46.85706381677625,25.108948525522575,-0.3719999999999999,0.0774384824911952
106558,120.762,-3.2933199999999943,0.7714836081030488,57.56691663409185,0.5006899849991697,0.5773565266012848,46.55688622754495,41.547509514975225,22.659642292285746,0.125,0.0753678952407424
84897,120.394,-3.6314700000000073,0.6164195427534527,52.8422005145294,0.4415012565314953,0.5501854725873269,19.0833959429004,30.83615339070838,21.154509625386844,-0.0109999999999956,0.0723092640078592
55821,120.309,-3.6813166666666746,0.4068787665860693,51.78498769994948,0.3833163409909446,0.5168116462680504,17.059243397573344,27.566508522672887,20.395159234065872,-0.6380000000000052,0.0684416080662418
82363,120.024,-3.932306666666662,0.6019574012007914,48.29597103390133,0.3106265485760815,0.4755746267296566,4.990151017728635,13.710930119400784,21.26817122933009,-0.962999999999994,0.0636007275938846
84637,119.771,-4.1489099999999866,0.6189486314880055,45.37342681084699,0.2299536166433426,0.4264504247123939,10.1004759386569,10.716623451319617,19.92194161801887,-1.5889999999999986,0.0577811327456482
83703,119.472,-4.409190000000024,0.6134778975206673,42.12880086040378,0.1402759222043954,0.3692155242107942,9.995497523637724,8.362041493341076,18.72627491745977,-1.003,0.0509580197020093
72498,120.227,-3.6179733333333246,0.5321589594588262,51.55020161734579,0.1286449545134189,0.3211014102713191,43.98919405673131,21.36172250634197,22.28399726187312,-0.563999999999993,0.0448898734040231
76438,120.33,-3.474413333333331,0.5624105115538092,52.68196249400995,0.1262828578380066,0.2821376997846566,48.62674470959012,34.203812096653046,24.80035275910781,-0.4969999999999999,0.0396682297032355
71345,120.245,-3.519203333333323,0.5259219427504822,51.610523733530144,0.116212464626912,0.2489526527531077,44.799639801891175,45.80519285607085,23.48046221781791,-0.6499999999999915,0.03502172865181
93274,120.259,-3.464373333333341,0.6880797393685575,51.78445844098094,0.1081150059615083,0.2207851233947878,49.21951219512204,47.548632235534434,22.05547750127041,-0.3460000000000036,0.0309144745785819
92362,120.106,-3.574636666666692,0.6821042880112884,49.682673083350224,0.0883336351443233,0.1942948257446949,41.7560975609754,45.25841651932952,22.379521678790404,-0.6560000000000059,0.0270354075081723
77401,119.719,-3.919486666666685,0.5726610839426274,44.73664526351931,0.0409569641605429,0.1636272534278645,22.87804878048755,37.95121951219498,20.388215749415604,-0.6750000000000114,0.0227934288486041
65857,119.945,-3.653243333333336,0.4885664602318393,47.992744935041806,0.0214002337412324,0.1351818494905381,37.30542136339202,33.979855901618315,19.332804440243606,-0.3640000000000043,0.0188143732223788
71054,120.214,-3.345246666666654,0.5282302939560231,51.64475962826796,0.0272928212048384,0.1136040438333982,51.74449812130965,37.30932275506307,20.118497211852358,0.1899999999999977,0.0155833318339342
65389,120.469,-3.0519133333333315,0.4868988765784813,54.87933071816554,0.0519403718249833,0.1012713094317152,74.96924969249635,54.67305639239933,22.82278940597354,0.6979999999999933,0.0133763067228432
51758,120.568,-2.917270000000016,0.3862662033216604,56.1069085069632,0.0785566536860642,0.096728378282585,91.65507649513182,72.78960810297927,22.109074012546547,1.0960000000000036,0.0120846465399967
74505,120.615,-2.8340700000000254,0.5573915685556674,56.70907652505277,0.1022639211990394,0.0978354868658759,90.27777777777742,85.63403465513518,23.312709140160035,0.387999999999991,0.011514236492943
77592,120.726,-2.688176666666664,0.582089873590159,58.16867350567725,0.1285272912311654,0.1039738477389338,83.48416289592751,88.4723390562789,25.05771586977733,0.3960000000000008,0.0116092570441058
86300,120.389,-2.9897233333333304,0.6490023713027057,52.39301984494308,0.1207561162850225,0.1073303014481516,64.42307692307666,79.39500586559386,22.874246858477186,0.1439999999999912,0.0115751798701425
91223,120.599,-2.747986666666677,0.6869295087565808,55.367026145467385,0.1300435875803884,0.1118729586745989,73.46421785940501,73.79048589280303,20.916900686643352,0.3400000000000034,0.0117748155646052
71483,120.764,-2.552826666666661,0.5402336782917597,57.60784170519031,0.1490005113863901,0.1192984692169572,81.51382823871865,73.13370767373341,21.020605981140164,0.6580000000000013,0.0123674690747415
74495,120.083,-3.2030900000000173,0.5647046801847166,47.09791238192852,0.107830004267015,0.1170047762269688,31.95050946142609,62.309518519849895,19.027155881708204,0.3640000000000043,0.0120668447254928
54617,120.1,-3.152966666666672,0.4169436837844796,47.356110251610566,0.0757012023442484,0.1087440614504247,33.1877729257635,48.88403687530273,18.35906162066091,0.1550000000000011,0.0111850290944
64393,120.635,-2.587743333333321,0.4936478099279615,54.82812183328189,0.0923444349991342,0.1054641361601666,72.12518195050968,45.75448811256641,22.21481924960753,0.4210000000000065,0.0107993409533975
68620,120.821,-2.373093333333344,0.5279681821844263,57.10749196120096,0.1191692533469819,0.1082051595975297,85.66229985443934,63.65841824357083,23.680198150572224,0.3520000000000038,0.0110434990509486
88709,121.674,-1.492619999999988,0.68417544489189,65.6643250946085,0.2068733787950378,0.1279388034370313,97.31543624161088,85.03430601551995,30.5058495516764,1.1060000000000088,0.0130628713407072
126568,121.584,-1.5560233333333429,0.9781600063824992,64.20885033931809,0.2660504186327443,0.1555611264761739,60.980966325036505,81.31956747369556,36.28151607904548,0.9690000000000084,0.0160121513722104
65289,122.097,-1.021776666666682,0.5069411784710682,68.49540731313503,0.3503053596037944,0.194509973101698,79.19488337095518,79.16376197920084,33.6925945017468,1.3709999999999951,0.0202584796741398
61630,122.092,-1.0017833333333357,0.4807473167505079,68.40940975544221,0.4119261212238001,0.2379932027261184,79.00677200902909,73.06087390167357,34.26311513010972,1.703000000000003,0.0251418335587686
57892,121.776,-1.2925599999999946,0.4534420853552492,63.02384420202231,0.4303022037326371,0.2764550029274222,67.11813393528935,75.10659643842452,32.64910905802505,1.1769999999999925,0.0296780345752928
64210,121.604,-1.4399866666666554,0.505552150448165,60.24378667421381,0.4260748928352313,0.3063789809089841,60.64710308502611,68.9240030097815,30.30040018587637,0.8400000000000034,0.0334480363477881
56841,121.234,-1.7878366666666636,0.4502510279586829,54.65827720495625,0.3883916732678898,0.3227815193807652,46.72686230248268,58.16403310759936,28.5267586234487,1.1509999999999962,0.0358760289806694
53256,121.3,-1.7000666666666575,0.4242364875720872,55.451706977590696,0.3597066246237688,0.330166540429366,49.20993227990941,52.19463255580606,27.59820961897766,1.2000000000000028,0.0373373912339274
62201,121.209,-1.7698199999999955,0.4990292752983518,54.047383080289045,0.3258741036105732,0.3293080530656074,45.7863054928517,47.241033358414576,26.78965009107263,0.5739999999999981,0.0378677955449693
30257,121.666,-1.292373333333316,0.2442781034528914,59.58311103268024,0.332109318160235,0.329868306084533,62.97968397291165,52.6586405818909,29.99370736863249,0.8449999999999989,0.0384184256516237
85398,122.395,-0.5437233333333324,0.6924181063304503,66.51313839277992,0.3913635823440415,0.3421673613364347,90.40632054176037,66.39077000250789,35.39583753932437,0.7209999999999894,0.0400638640068154
85198,121.965,-0.954219999999978,0.692975876634328,59.98024035014984,0.3990258852533657,0.3535390661198209,73.26307572209215,75.54969341225471,32.78986512976284,0.3810000000000002,0.0415951925871197
61174,121.941,-0.9561533333333044,0.4995783628522484,59.62821195475741,0.3985672805782911,0.362544709011515,68.84885764499121,77.50608463628123,31.298500529663592,-0.1559999999999917,0.0428630155080371
76128,121.293,-1.5788566666666668,0.6244377718247371,50.93578678301786,0.3419735899573339,0.3584304852006788,28.239026969857456,56.78365344564693,27.498664556750885,-0.7989999999999924,0.0427668888417378
103203,120.62,-2.22348333333332,0.8479257821401145,43.79510771092618,0.2400500592433871,0.3347544000092204,18.211120064464072,38.4330015597709,23.87097002821626,-1.1559999999999917,0.0405902166781966
88951,121.344,-1.4718433333333536,0.7321783054316072,51.64814751726944,0.2152148137069076,0.3108464827487579,50.342465753424165,32.264204262581885,21.32345049167745,-0.2600000000000051,0.038206614828029
83819,120.95,-1.836536666666646,0.6933405508226512,47.73902266307986,0.1618742103525932,0.281052028269525,33.47602739726015,34.00987107171611,20.35159300118256,-0.2839999999999918,0.0350759017999689
144869,121.174,-1.5844533333333288,1.1995499524464877,50.05356825206378,0.1361073648715489,0.2520630955899298,43.06506849315072,42.29452054794499,17.917490359043263,-0.1259999999999905,0.0318735433361878
80382,121.652,-1.0819266666666607,0.6674367341682846,54.6674158995508,0.1524996384704735,0.2321504041660385,63.52739726027379,46.68949771689487,19.898674098836377,0.4429999999999978,0.0294706937823642
65148,121.788,-0.926230000000004,0.5436112851659675,55.91521091154706,0.1744537031024577,0.2206110639533224,69.34931506849279,58.64726027397242,20.7747527742102,0.1219999999999998,0.0278681227239366
55306,122.419,-0.2749733333333495,0.4643276903442858,61.24527642497556,0.2400022870380382,0.2244893085702655,96.36130136986267,76.4126712328764,25.6891968111066,0.0240000000000009,0.0278337435383717
80757,122.389,-0.2845800000000054,0.6820106944645224,60.868474790362086,0.2862297840013781,0.2368374036564881,85.45594459407458,83.72218701081,26.98617854369003,0.4239999999999924,0.0287471494433074
66373,122.537,-0.1159333333333449,0.564397090381151,62.10705374649837,0.3309922983287663,0.2556683825909437,91.15044247787648,90.98922948060458,25.501785903903112,0.5960000000000036,0.0304375118608729
60985,122.673,0.0406100000000151,0.521422913555187,63.257914040469615,0.3731396551570185,0.2791626371041587,92.57206208425742,89.72614971873615,26.077976038604973,1.3799999999999957,0.0327341023722008
59049,122.158,-0.4518800000000027,0.507441571188268,56.28649136831017,0.3608261637243686,0.2954953424282007,73.54028085735415,85.754261806496,24.05955802617278,1.5379999999999967,0.0344424631531545
43239,122.248,-0.3419766666666675,0.3733847540819071,57.174723915736045,0.3542463494825654,0.3072455438390736,76.86622320768687,80.99285538309947,23.29584476647012,0.9040000000000106,0.0357605523589074
73072,121.765,-0.8017499999999984,0.6329557444639862,51.16600571932765,0.3065243143987146,0.3071012979510018,59.01699926090173,69.8078344419809,21.584644243541803,0.8149999999999977,0.0359121523567207
69889,121.859,-0.6846666666666863,0.6066985548462872,52.21846016740185,0.2731406764908826,0.3003091736589779,62.4907612712489,66.12466124661249,20.586142729370717,0.6849999999999881,0.0353575177106884
82059,121.075,-1.445760000000007,0.7138371942474732,43.74954972997256,0.1813313798224385,0.2765136148916701,33.46893491124273,51.65889848113111,17.85160189357049,-0.5769999999999982,0.0330230039284957
71398,120.505,-1.988519999999994,0.623414189391671,38.82004800004946,0.0618644792437805,0.2335837877620922,12.389053254437668,36.11624981230975,16.249164732920523,-1.2830000000000013,0.0286166169173632
103785,120.005,-2.4603200000000243,0.9088075124934514,35.08550861139406,-0.0723259924830301,0.1724018317130677,3.3355795148244574,16.397855893501607,15.212815807040672,-2.414000000000001,0.0221537011688543
75137,120.296,-2.139596666666648,0.6600359037324005,38.77701115440216,-0.1534230744059215,0.1072368504892698,15.889070146819227,10.537900972027108,14.347462113281315,-2.0929999999999893,0.0150174334931
70579,120.033,-2.371756666666656,0.6219872159164634,36.7433095657878,-0.2361923200787714,0.0385510163756616,7.308319738988708,8.844323133544123,14.491036563050796,-2.504000000000005,0.0072848771532367
99925,120.167,-2.209966666666673,0.882185537677845,38.51273317675725,-0.2876589106192853,-0.0266909690233277,12.621045836023418,11.939478573943775,13.729280939495789,-2.506,-0.0003139670088484
99269,120.219,-2.128626666666676,0.87832712403874,39.22320421768043,-0.3205554255941223,-0.0854638603374866,14.299548095545449,11.409637890185849,14.971222362274473,-1.9390000000000072,-0.0074135501332971
92915,120.199,-2.122896666666648,0.8253512661766206,39.03637619300636,-0.3442714367499775,-0.1372253756199848,13.653970303421625,13.52485474499682,14.16145530084489,-2.0490000000000066,-0.0138926516838535
78384,120.963,-1.334090000000003,0.6972690503091845,49.02497262792054,-0.2979831670088231,-0.1693769338977525,38.31504196255642,22.089520120507824,19.514555053618825,-0.8020000000000067,-0.0184233988433213
86624,120.798,-1.474433333333323,0.7750664529292101,47.22533921664476,-0.2714840022029818,-0.1897983475587984,33.333333333333485,28.434115199770503,20.340204620955795,-1.0609999999999928,-0.021684202373478
69950,120.786,-1.460826666666648,0.6288141428255846,47.08995222980615,-0.2485859784695918,-0.2015558737409571,38.90600924499244,36.85146151362744,19.25965769510997,-0.2890000000000015,-0.023931479914537
79877,120.145,-2.0734033333333457,0.7216564390018047,40.42346777558768,-0.2789469458754041,-0.2170340881678465,14.214175654853593,28.817839411059825,17.666618576808975,-0.3599999999999994,-0.0263881763162988
74194,119.779,-2.410880000000006,0.6730553839350031,37.18634031748304,-0.3287517272232634,-0.2393776159789299,4.2808219178079785,19.133668939217998,16.322621873619315,-0.2259999999999991,-0.0294182625663161
68365,119.845,-2.315123333333318,0.6229329723574464,38.14823137769957,-0.358761151615738,-0.2632543231062916,11.076923076922911,9.857306883194816,15.491866768620053,-0.4510000000000076,-0.032540229317409
68620,119.713,-2.4160366666666846,0.6275310357474465,36.930173789589176,-0.3887142772609735,-0.288346313937228,7.15990453460562,7.505883176445493,17.501766467987522,-0.3200000000000074,-0.0357401936213218
91478,119.046,-3.052610000000016,0.8389199632252992,31.46335122862781,-0.4609600107179403,-0.3228690532933704,7.513181019332459,8.583336210286985,15.82904817813732,-1.1209999999999951,-0.0398615169878902
61452,118.89,-3.1781366666666884,0.5656610460065001,30.33240006977354,-0.5247541322501235,-0.363246069084721,1.0070052539402896,5.226696935959445,15.157516908186505,-1.3289999999999935,-0.0445998017467445
43653,119.039,-2.999696666666651,0.4037870183578591,32.816382996609065,-0.5568691376414279,-0.4019706827960624,7.53064798598939,5.350278086420701,14.595678181947536,-1.1599999999999966,-0.0492240880462095
76215,118.565,-3.442363333333347,0.7085580028843691,29.244195892780624,-0.613496345425034,-0.4442758153218567,3.7230081906178176,4.0868871435158205,13.541188796570369,-2.397999999999996,-0.0542450727443795
82217,120.338,-1.6458366666666675,0.7690901655015986,50.81240731196894,-0.5094350826295653,-0.4573076687833984,69.73194341027533,26.995199862294168,25.784502502346427,-0.4600000000000079,-0.0563526092211268
112931,120.908,-1.0575700000000126,1.0615394463580412,55.50794499273269,-0.3766299897541501,-0.4411721329775488,83.26516700749829,52.24003953613047,31.33849240919008,0.1219999999999998,-0.0553853729538876
99362,121.05,-0.8993966666666608,0.9378016105020714,56.618979875286726,-0.256960700581061,-0.4043298464982513,88.10497614178583,80.36736218651981,28.360523420142226,0.9050000000000012,-0.0520583937941074
141396,120.176,-1.7525433333333351,1.3345744828620152,48.57825963053156,-0.2299951811368146,-0.369462913425964,58.31629175187457,76.56214496705289,25.31201569703861,0.3970000000000055,-0.0486012764634965
160682,119.914,-1.9911766666666608,1.5288993393880663,46.44874120160096,-0.2271476068584377,-0.3409998521124588,49.38650306748464,65.26925698704832,22.786845440648754,0.0690000000000026,-0.0455339670445075
171758,120.138,-1.7468833333333151,1.643675631727235,48.526313448310944,-0.2044590787843816,-0.3136916974468434,57.02113156100897,54.90797546012272,21.57378448559949,0.4250000000000113,-0.0424084713710981
209666,120.541,-1.3270866666666734,2.0064630005608857,52.12494549954758,-0.1522050003356696,-0.2813943580246086,70.75664621676876,59.05476028175411,23.46093498606015,1.4949999999999903,-0.038642670629264
261538,119.209,-2.644633333333317,2.503945175110198,41.73838657492884,-0.2157870756213071,-0.2682729015439483,27.50744786494548,51.76174188090772,19.343369787388912,0.3190000000000026,-0.036690553983506
228210,120.614,-1.23284000000001,2.1949605068691755,52.49190279588018,-0.1510632078180833,-0.2448309627987753,74.01522674611068,57.42644027594162,17.03405015872107,1.5750000000000028,-0.0336910970207624
219015,119.655,-2.178466666666665,2.111130050359813,46.22094632057438,-0.1751335312449811,-0.2308914764880165,42.27077126779214,47.93114862628276,16.755869217722214,1.0900000000000034,-0.031606174646831
172607,119.746,-2.070836666666665,1.6646432759158103,46.86956921853905,-0.1847369637732185,-0.2216605739450569,45.28301886792435,53.85633896060904,15.492747180511255,-0.5919999999999987,-0.0300149933452637
157980,119.298,-2.501779999999997,1.5252841579539471,44.05266175840039,-0.2258936477908264,-0.2225071887142108,30.45349222111888,39.335760785611775,14.4360804016472,-1.6099999999999994,-0.0294913385991632
232713,118.892,-2.888026666666676,2.24678258335805,41.61186561580815,-0.2879520908497142,-0.2355961691413115,17.014233697451033,30.916914928831407,13.707423722713743,-2.1580000000000013,-0.0303075030214448
319795,117.051,-4.703516666666673,3.078858422062338,32.750675506551175,-0.4801522716981452,-0.2845073896526783,17.635915893161545,21.701213937243807,11.34337888997593,-3.125,-0.0349162334159051
313720,119.169,-2.5678666666666885,3.0076582541435104,46.78945683966518,-0.4563073732551999,-0.3188673863731826,57.75715097556345,30.802433522058664,14.142932819906536,-0.7450000000000045,-0.0383664621821555
252598,117.739,-3.9768299999999774,2.413884667512396,40.6233384437993,-0.5464994628140971,-0.3643938016613655,30.932365303782984,35.441810724169315,12.823571411675106,-2.399000000000001,-0.0431406147959256
318601,117.014,-4.678380000000004,3.0340678274873083,37.89655739079546,-0.6687696245731871,-0.4252689662437299,18.053311793214693,35.580942690853696,11.43807933838337,-3.527000000000001,-0.0496944605558831
362634,119.885,-1.7927533333333372,3.432862604872741,51.71766357902204,-0.5279183880645064,-0.4457988506078852,76.50883966673453,41.83150558791072,19.05477969798662,0.6760000000000019,-0.0524016161967764
364898,118.381,-3.276650000000018,3.4393360722287056,45.94867772964235,-0.5315258991979874,-0.4629442603259057,45.94594594594593,46.83603246863171,16.639195043328915,-2.233000000000004,-0.0547566748343111
386041,118.361,-3.2754066666666546,3.613777401723781,45.87539405676544,-0.5298904632006014,-0.4763335009008448,45.53952448689297,55.99810336652447,14.912912676559491,-1.293999999999997,-0.0567022025002947
348086,117.972,-3.6421733333333455,3.235281333168913,44.39237451405539,-0.5536018399753004,-0.4917871687157359,38.34368530020684,43.27638524434857,13.858984084047854,-1.774000000000001,-0.0588141258097701
382520,118.389,-3.205686666666651,3.529084083112686,46.39297295478539,-0.5326053193289795,-0.4999507988383847,46.97722567287768,43.620145153325815,16.1882766297287,-0.909000000000006,-0.0601553652075427
423317,118.502,-3.071896666666646,3.874001269866947,46.949951456956526,-0.5010712325624382,-0.5001748855831954,49.31677018633523,44.87922705313991,15.167844513029111,-0.3900000000000005,-0.0606219798683067
365275,119.326,-2.2324200000000047,3.32546958744118,50.95190724375958,-0.4049226320181418,-0.4811244348701847,76.29700142789125,57.53033242903471,16.453626354924616,2.2749999999999915,-0.0590205293328458
328673,119.979,-1.5628799999999927,2.979533987502428,53.91866576683286,-0.2728868608564454,-0.4394769200674369,87.28794390409413,70.96723850610685,17.802725224358674,0.8100000000000023,-0.0549187333964272
330765,121.002,-0.5268399999999929,2.982500033512825,58.18575272419589,-0.0847233722157341,-0.3685262104970964,97.11557589019276,86.90017374072603,19.136907671926355,3.262999999999991,-0.0475359670062339
298863,120.929,-0.586196666666666,2.684217541286202,57.77462619468424,0.0578403111605041,-0.2832529061655763,95.66341754525556,93.35564577984746,18.19709633647424,3.9150000000000063,-0.0382927761144334
248030,120.271,-1.2278366666666898,2.2228165612184285,54.06633769137964,0.1163863273537373,-0.2033250594617136,81.88960099235054,91.5561981425996,16.513629882562178,0.3859999999999957,-0.0291976011279022
196562,119.071,-2.4093666666666707,1.7599905638148787,48.01373833170735,0.0652028776207487,-0.1496194720452211,57.080835228447256,78.21128458868442,15.472970163731311,0.6899999999999977,-0.0224968295412043
197527,118.7,-2.7579833333333426,1.7659622657251886,46.28843745671511,-0.0052366100916572,-0.1207428996545083,49.41079181310728,62.793742677968346,14.468396499345229,0.3389999999999986,-0.0182524738236442
163062,117.491,-3.939673333333332,1.4562074165467058,41.10486024580408,-0.1568090108909103,-0.1279561219017888,14.379391100702644,40.29033938075238,13.281009389421602,-0.4809999999999945,-0.0177791512480705
166313,117.129,-4.274086666666662,1.483088494730693,39.672304812054335,-0.3026528119628011,-0.1628954599139912,16.22185154295256,26.670678152254144,12.498001447940888,-1.259999999999991,-0.020411912029317
141699,117.202,-4.1752400000000165,1.26301072149458,40.12547291066363,-0.4076455015551659,-0.2118454682422262,17.743953294411966,16.115065312689044,12.1303880288203,-1.2999999999999972,-0.0248553180681384
149942,117.892,-3.463143333333349,1.3356784646558573,44.3784823315268,-0.4302164634687813,-0.2555196672875373,32.13094245204326,22.032249096469247,15.714511087592587,-1.4339999999999975,-0.0291455329729532
150125,118.477,-2.85875333333334,1.3357610100739583,47.76612762482139,-0.3963308471507503,-0.2836819032601799,44.32860717264391,31.401167639699697,17.967496125360928,-1.5019999999999951,-0.0321358412803372
137685,118.128,-3.18665333333334,1.2245764130136678,45.967424409697365,-0.3931061523471584,-0.3055667530775756,37.05170975813175,37.83708646093962,17.300639665494895,-2.8739999999999952,-0.0346359864855586
139700,118.575,-2.7177599999999984,1.2419949336918517,48.63533175791223,-0.3504417202093322,-0.3145417465039269,46.37197664720602,42.58409785932721,18.019668966770897,-2.353999999999999,-0.0359013805551839
105111,118.54,-2.731226666666643,0.9348476418585766,48.43367734869004,-0.3158135557684858,-0.3147961083568387,45.64220183486248,43.0219627467334,17.69722574743532,-1.7309999999999943,-0.0362722697733236
105604,117.545,-3.702060000000003,0.9404458785436162,42.97807710433389,-0.3644574319955183,-0.3247283730845746,24.895746455379506,38.96997497914932,16.428162685420606,-1.5259999999999962,-0.03758802895947
100083,117.736,-3.487816666666646,0.8923811498156851,44.27565966993082,-0.3831789027489378,-0.3364184790174473,29.250263991552384,33.262737427264774,15.865600225436404,-0.9639999999999986,-0.0390955544105286
100857,117.217,-3.980563333333308,0.899243644589644,41.51139785085936,-0.4348817199745696,-0.3561111272088718,18.68795856711264,24.277989671348163,15.028592206621868,-0.2740000000000009,-0.0414432225217742
111207,116.953,-4.216323333333321,0.9920849923046,40.13862745576383,-0.4914935372314204,-0.3831876092133815,16.01489757914349,21.317706712602824,14.227833677900922,-0.1760000000000019,-0.0446076928954554
120129,116.914,-4.2261199999999945,1.071894249118482,39.92855962343698,-0.5333575702704678,-0.4132216014247988,16.795942720763776,17.166266289006618,13.579846655692386,-0.2879999999999967,-0.0481633923339034
84207,116.898,-4.213580000000007,0.7527892905165655,39.83644730879297,-0.5613552306825937,-0.4428483272763578,20.3648548026804,17.72523170086254,13.16702344486358,-0.9939999999999998,-0.0517637158617605
110843,117.014,-4.069653333333335,0.991237390994919,40.90092707325124,-0.5676399477498535,-0.4678066513710569,28.186013489527685,21.78227033765727,12.409217766059012,-1.463000000000008,-0.0549504526588164
87975,116.612,-4.439936666666668,0.7880107592840129,38.36743554843518,-0.5981634161330192,-0.4938780043234494,13.915512957046325,20.82212708308479,12.174221958079006,-1.5160000000000051,-0.0582793076674289
110758,115.974,-5.04473333333334,0.9925379679212504,34.69440105127963,-0.6661557242265701,-0.5283335483040736,9.885260370697218,17.328928939090396,11.264562750576854,-2.600999999999999,-0.0624997705315237
92017,116.414,-4.572146666666654,0.8255623193966735,39.02949681279888,-0.6767348177559995,-0.5580138021944588,24.88545246277201,16.228741930171836,10.633870574619896,-2.1260000000000048,-0.0662952114164035
88959,116.15,-4.80116666666666,0.7992309950581946,37.42426594326515,-0.6983710327120178,-0.5860852482979707,17.505787037037138,17.42549995683544,10.858089562498863,-1.394999999999996,-0.069951823407939
92384,115.623,-5.289669999999987,0.830844714309819,34.384123835279766,-0.7494037249685874,-0.6187489436320941,2.256944444444528,14.882727981417878,10.368753793021163,-2.1129999999999995,-0.074094759016804
84737,115.959,-4.917816666666681,0.7624217558040508,37.85062012127499,-0.7540429713238268,-0.6458077491704407,15.550821667681364,11.771184383054328,9.910993641423692,-1.2579999999999956,-0.0776924509867421
110984,117.359,-3.487320000000011,0.9978206612817644,49.7603487204367,-0.6374037145215254,-0.6441269422406577,58.945095619987626,25.584287244037824,19.460675974669524,0.4059999999999917,-0.0783108151761605
82499,117.372,-3.4443133333333407,0.7416106636455462,49.856439172444,-0.5377187843827187,-0.6228453106690699,77.20706260032115,50.56765996266336,18.49924103685221,0.4579999999999984,-0.0767290419750239
80293,116.367,-4.42085666666668,0.7219900968731366,43.00801826626195,-0.5336611464177707,-0.6050084778188101,39.45899527694324,58.537051165750654,17.150663102621834,-0.5309999999999917,-0.0752503209870004
88634,115.462,-5.294443333333319,0.7972535107973401,37.95238604728732,-0.59659420902166,-0.6033256240593801,2.196873679763693,39.62097718567602,15.844771401250338,-1.5519999999999925,-0.0752566353845211
81093,114.552,-6.1694399999999945,0.7294196187998608,33.666842389260026,-0.7116945377395467,-0.6249994067954134,3.788782816229397,15.14821725764543,14.614349784316142,-2.059999999999988,-0.0776231177281956
92262,115.11,-5.57623333333332,0.8299253599098043,38.26984968505096,-0.7492495583847472,-0.6498494371132801,20.435560859188588,8.807072451727212,13.917015011144644,-0.8640000000000043,-0.080401404946613
76344,115.596,-5.05586000000001,0.6868529021522795,42.04218060198859,-0.731365320333154,-0.6661526137572549,34.934367541766264,19.719570405728067,17.392025070909686,-0.8179999999999978,-0.0823784628089749
86277,116.344,-4.274720000000016,0.7764061977870175,47.37274482383424,-0.6493492897191402,-0.6627919489496319,57.24940334128863,37.53977724741448,21.0661109609589,0.1939999999999884,-0.0823335369945415
82681,116.237,-4.348240000000004,0.7439869654483593,46.710914929636594,-0.5862273365062123,-0.647479026460948,54.05727923627671,48.74701670644385,22.098628049602183,0.6139999999999901,-0.0809512494147845
94811,115.795,-4.755043333333333,0.8524248042661562,43.97770157558123,-0.5653514206099857,-0.6310535052907555,40.871121718377175,50.72593476531416,20.989156145674183,-0.1640000000000014,-0.0793081586620139
95693,115.855,-4.659639999999996,0.8594450913622361,44.452851423366695,-0.5377665700290635,-0.6123961182384171,42.6610978520288,45.86316626889422,20.08423701085502,-1.503999999999991,-0.0773071183884152
89064,115.879,-4.600700000000003,0.7997340684880677,44.65505661134451,-0.5081115837331396,-0.5915392113373616,43.37708830548944,42.30310262529846,21.0076154490212,-1.492999999999995,-0.0749617102956866
82692,117.137,-3.312996666666649,0.7428716055927136,54.08914584117056,-0.3787338983590302,-0.5489781487416954,80.90692124105013,55.64836913285611,26.249648753602575,0.769999999999996,-0.0702432181458245
94580,117.639,-2.7889866666666734,0.8504269428586301,57.22274003920933,-0.2330079750789337,-0.485784114009143,85.13907284768196,69.80769413140716,30.8015763149434,2.1769999999999925,-0.0631578837282632
83177,118.067,-2.339876666666683,0.7486073582890647,59.74544874820522,-0.0820374314825045,-0.4050347775038154,96.37470230219633,87.47356546364279,29.33633642950373,3.5149999999999864,-0.0539477854809299
79421,117.82,-2.5641800000000075,0.715465379505759,57.6331076491122,0.0174755292438248,-0.3205327161542873,82.88574218749983,88.1331724457927,29.95273445492592,2.7099999999999937,-0.0440118090776557
76776,117.329,-3.032083333333333,0.692673020820637,53.57789102678347,0.0560742816163895,-0.245211316600152,70.89843749999984,83.38629399656531,27.809206336579045,1.73299999999999,-0.0347484936994954
49901,117.369,-2.96932666666666,0.451162665383023,53.86270241844451,0.0888673294112294,-0.1783955873978757,71.875,75.21972656249987,26.816836804901797,1.0250000000000057,-0.0261991669542052
83368,118.106,-2.211600000000004,0.7543102895777651,58.869794193764456,0.1723391779181611,-0.1082486343346683,89.86568986568972,77.54637578856317,30.58624006512458,1.869,-0.0172125903222339
119948,118.585,-1.7117033333333325,1.0847408496279562,61.77348776363867,0.2739841968005976,-0.0318020681076151,91.61722981686864,84.4526398941861,32.110295602915684,2.789999999999992,-0.0074845618510596
117864,119.211,-1.0673266666666734,1.064929042226651,65.22840766136679,0.4004356025142073,0.0546454660167493,95.58647157591754,92.35646375282528,33.510459551548394,3.3559999999999945,0.0033829275287553
131313,119.669,-0.5907633333333422,1.1849922459725892,67.53993244969934,0.5314794605232578,0.150012264918051,94.94861141482598,94.05077093587072,34.65672768058306,3.789999999999992,0.0153039652394918
104998,119.787,-0.4544533333333334,0.9468600021281356,68.12781029022588,0.6375055092708237,0.2475109137886055,95.93460959346112,95.4898975280682,33.781531965682674,2.6500000000000057,0.0275818192102266
114928,121.381,1.1525833333333253,1.0352481729332883,74.7740523464641,0.8404660259901959,0.3661019362289236,96.0190325138778,95.6340845073883,40.6463372617024,3.742000000000005,0.0421755191543428
125454,122.336,2.1182533333333566,1.1285288791481294,77.76556041166634,1.0660850516137543,0.5060985593058898,95.94405594405586,95.96589935046492,43.67753167311279,4.2690000000000055,0.05919548598353
134945,123.735,3.5220833333333275,1.2120802213961857,81.26973432156038,1.3423041166850425,0.6733396707817203,97.10162651339128,96.35490499044164,46.341854762967245,5.915000000000006,0.0793122052197919
133843,123.72,3.5118633333333378,1.200686342286569,81.12211033403193,1.542221570895478,0.8471160508044719,90.4371217215871,94.49426805967806,46.64343598935525,6.391000000000005,0.100431327658575
103874,122.455,2.257570000000001,0.931276998140632,69.63434542527514,1.5803651994546897,0.9937658805345156,73.42299932750507,86.98724918749447,41.19488487134676,5.085999999999999,0.118977888761312
124296,122.171,1.988176666666675,1.113234022935588,67.32912854746851,1.5695846782466134,1.1089296400769353,69.60322797579032,77.82111634162747,37.97250567505561,4.065000000000012,0.1342747023729521
127328,121.863,1.6961133333333436,1.1384988514240155,64.82282701163152,1.51868159549673,1.1908800311608942,65.4606590450572,69.49562878278418,36.126087197392,3.278000000000006,0.1459435774895215
163870,120.727,0.5788966666666795,1.46192317732118,56.47289939515998,1.3708722674676608,1.2268784784222475,49.57800163354218,61.54729621812988,33.31376621306077,1.5160000000000051,0.1524965284122643
160242,120.87,0.7409666666666794,1.4257255548149734,57.21993038731991,1.2508521698099315,1.2316732166997844,50.02806623631774,55.02224230497236,30.15518327174232,1.2010000000000076,0.1552803572625419
149253,121.527,1.4119699999999824,1.3252035689299926,60.56833556891189,1.194974860593078,1.2243335454784432,56.81784386617103,52.1413039120103,27.793033128238378,1.7399999999999949,0.1562049045433645
137538,120.872,0.7733400000000046,1.2180616172433043,55.873074931588135,1.0853276825959028,1.196532372901935,40.25516199429241,49.033690698927046,27.940952800408823,-0.5090000000000003,0.1544530629896299
117874,120.301,0.2213700000000216,1.0419488865702904,52.082660324772405,0.9415035097195386,1.1455266002654558,25.89269693163466,40.98856759736602,26.1616313438075,-2.0349999999999966,0.149743360397286
115685,119.861,-0.1995133333333427,1.0214419969104052,49.30683265239078,0.7829916533665937,1.073019610885683,8.727781106450937,24.95854667745932,24.67061401609282,-3.8739999999999952,0.1422458547672441
103802,119.455,-0.5866233333333071,0.9163245816899176,46.82683002507689,0.6174910063280663,0.98191388997416,1.562809099900962,12.061095712662173,23.40640208180724,-4.265000000000001,0.1322683176820979
94388,120.387,0.3585766666666643,0.8331461556508262,52.70732011065846,0.5551359010263468,0.8965582921845974,20.98475967174676,10.425116626032873,23.19594349809295,-2.067999999999998,0.1223428943519605
128594,120.474,0.4587966666666716,1.1336506939349298,53.22731762869632,0.506896021932107,0.8186258381340994,22.68464243845257,15.077403736700084,25.532294585857603,-1.6970000000000027,0.112785107408283
112503,120.438,0.4377699999999862,0.9900884085768832,52.96778789947834,0.4604528571496331,0.7469912419372061,21.98124267291913,21.88354826103948,24.384270443069063,-1.4249999999999972,0.1036062799938558
121659,120.249,0.2647066666666546,1.069311577770418,51.546775004804346,0.4037415131502655,0.6783412961798181,19.471603910963022,21.37916300744489,23.606711086432885,-0.4780000000000086,0.0945650997598947
90711,120.242,0.2727300000000241,0.7966997152048056,51.49167595242116,0.3541501010350885,0.6135030571508722,28.22850197508365,23.22711618632192,22.69401456542556,-0.6280000000000001,0.085810378590321
94772,120.942,0.984906666666646,0.8319951830686569,56.49921565845175,0.367100987827655,0.5642226432862287,53.40983606557352,33.70331398387338,27.33014882490871,-0.585000000000008,0.078601583917289
103046,121.244,1.297700000000006,0.9039712767218402,58.490132257369964,0.3971553750545524,0.5308091896398935,68.7923049519058,50.14354766418764,26.219828286929285,0.3719999999999999,0.0730756761539001
94205,120.91,0.9745166666666448,0.8267958201808545,55.46661897421632,0.3895323978100578,0.5025538312739264,56.8934805842534,59.698540533910894,24.06309176410734,0.6089999999999947,0.0682239841103871
88493,120.822,0.8950633333333116,0.7772098768792707,54.66483347827415,0.3721009210765089,0.4764632492344429,53.75846099038116,59.81474884218011,22.921575935967017,0.9609999999999984,0.0637548712187688
84371,120.851,0.93198000000001,0.7417220336216896,54.89622073868113,0.35651670516188,0.4524739404199303,54.79159244745264,55.14784467402905,22.325563482303696,1.3960000000000008,0.0596565609765609
77723,121.446,1.5323833333333283,0.6842487790976214,59.46724951443831,0.3877083684178046,0.4395208260195052,80.39954768186966,62.98320037323447,27.459234038588715,1.0589999999999975,0.056835060683235
80867,121.223,1.3171000000000106,0.713142306049252,57.13034767757837,0.3899387784511532,0.4296044165058348,71.99396909159452,69.06170307363892,26.37982039867562,0.7489999999999952,0.0545139930963825
77874,121.514,1.612033333333315,0.6876672719687513,59.37392133632891,0.4104561791502163,0.4257747690347112,82.9626837542405,78.45206684256821,26.130789440821683,1.0759999999999934,0.0529938814442533
92137,120.969,1.0731099999999998,0.8138944749481696,53.70508432388391,0.3783777189668456,0.4162953590211381,62.37288135593187,72.4431780672556,24.06639847909876,0.7199999999999989,0.0510842687990778
90329,120.802,0.9126300000000072,0.7985096678522975,52.064697619881024,0.3356110881227181,0.4001585048414541,45.89327146171711,63.74294552396314,22.62454649951909,0.5600000000000023,0.0486248461162506
82874,121.692,1.8060833333333195,0.7329882539738702,59.2145113354869,0.3692769917277729,0.3939822022187179,87.192575406032,65.15290940789363,27.29761505949609,0.75,0.0472542807311091
98613,122.242,2.357846666666674,0.8729937880426649,62.89749547272147,0.4353197709997829,0.402249715974931,97.0047923322688,76.69687973333929,28.19635317192318,0.9980000000000048,0.0474709641165249
89964,122.039,2.15767666666666,0.7969091880742123,60.71812742513533,0.4659080479678863,0.4149813823735221,82.8741623231573,89.02384335381934,28.128644031775064,1.1290000000000049,0.0483164620061032
90493,122.103,2.225736666666677,0.8018358055266797,61.17487755577037,0.4896691419119179,0.4299189342812012,83.37479270315052,87.75124911952553,26.623925748421627,1.2809999999999917,0.049554212088934
68028,122.276,2.401316666666645,0.6031529254397012,62.446017340372265,0.5165056782850286,0.4472362830819667,87.04663212435239,84.43186238355338,25.8327715726744,1.4249999999999972,0.0511831900566163
94390,122.798,2.9225066666666635,0.8376896379563038,66.05710808424627,0.5732863756909126,0.4724463016037559,93.48066298342566,87.96736260364283,27.38624315195507,1.352000000000004,0.053747841422563
93219,123.125,3.247306666666674,0.8274467682332279,68.12485106995659,0.6373249690922052,0.5054220351014458,98.2788296041309,92.93537490396962,27.442514900652025,1.902000000000001,0.0572500019385024
105460,123.996,4.113630000000015,0.9349373112090996,72.86630690141158,0.7497161751007155,0.5542808631012998,92.64047737444042,94.79998998733232,33.58050323267582,2.4819999999999998,0.0625231903486815
90407,123.915,4.026440000000008,0.8020013233179323,71.79672106204666,0.8227666507472691,0.6079780206304937,90.6265539532572,93.84862031060948,32.12223569983804,2.946000000000012,0.0684954954339784
107147,123.687,3.792759999999987,0.9509634658273168,68.73813205385417,0.8524356370715083,0.6568695439186967,84.95773247140718,89.40825459970158,29.238914236688444,2.884999999999991,0.074169951098883
111151,123.834,3.9336733333333456,0.9862423899638916,69.63626148206856,0.8776926988688984,0.701034174908737,88.61263053207365,88.06563898557933,27.61945718157881,2.14200000000001,0.0794877285786876
109687,123.117,3.209433333333351,0.9742280082150708,60.505529905881474,0.8302822179537941,0.7268837835177484,70.78567876678281,81.45201392342119,25.45838492641236,0.875,0.0830194561378359
98888,123.707,3.7920133333333297,0.8793794900259791,64.6168743436224,0.8307408757216876,0.7476552019585363,85.45499751367461,81.61776893751033,23.86339076310457,1.6679999999999922,0.0859904477563058
109425,124.072,4.149066666666684,0.9737450568588828,66.91168945213202,0.8507498996056881,0.7682741414879667,93.71787549971448,83.31951726005728,25.509526161539675,1.9690000000000083,0.0888741602417614
141496,124.59,4.657403333333335,1.2588015923444025,69.89570789980127,0.8980532670406802,0.7942299665985095,83.42689120556027,87.53325473964976,30.695377452942346,2.314000000000007,0.0922304510812496
116892,124.629,4.68835,1.040332015301281,70.1142377551717,0.9279911957485324,0.8209822124285142,82.88659793814463,86.67712154780644,28.174138243206208,1.831000000000003,0.0956342215801488
99578,124.77,4.822163333333322,0.8866760227497885,70.935688609994,0.9521193029042792,0.8472096305236673,87.03976435935203,84.45108450101895,26.5467526794172,1.644999999999996,0.0989564373063989
100278,125.28,5.3234833333333285,0.8927606422519871,73.74654969714996,1.0008564888194087,0.8779390021828156,93.44308035714288,87.78981421821317,28.756999970525044,1.284000000000006,0.1026998537647303
114026,125.357,5.39231333333332,1.014778028764265,74.15298827007912,1.0337775719287663,0.9091067161320058,93.24522760646096,91.2426907743186,27.226248593502,1.441999999999993,0.1064784729124067
111235,124.834,4.861440000000016,0.9899068685721212,66.60999721541346,1.0060687045993006,0.9284991138254648,75.84215591915306,87.51015462758562,25.22659906174212,1.1470000000000056,0.1090640122541981
75806,124.361,4.3813399999999945,0.6750818828211159,60.60556967166208,0.9351621139041556,0.929831713841203,55.33697632058298,74.80811994873231,24.11319388267086,0.527000000000001,0.109765158007269
108005,125.016,5.025256666666678,0.9616931141300018,65.27381915898081,0.921202111349217,0.928105793342806,79.19854280510029,70.12589168161209,26.697185268797675,1.899000000000001,0.1100062164041698
108147,125.952,5.947243333333319,0.9619786265516465,70.62986628343543,0.9744334243178798,0.9373713195378208,92.25749035894404,75.59766982820908,29.56382261339997,2.2450000000000045,0.1112044995895629
97678,126.331,6.30977,0.8692432516579971,72.48072153009954,1.0352678327768672,0.95695062218563,88.66613205025415,86.70738840476615,31.76891041927584,2.2590000000000003,0.1133707581871198
78704,126.196,6.1586466666666695,0.7009008507838306,70.76993981916434,1.0603629638170844,0.977633090511921,85.05747126436788,88.66036455785535,29.952631107887036,1.6059999999999943,0.1156455223120484
78257,125.824,5.771106666666682,0.6981732158674735,66.13746078361866,1.0382652691754544,0.9897595262446278,75.08029978586724,82.93463436682974,28.09505279638181,1.1949999999999932,0.1170691832410743
101931,125.763,5.697653333333335,0.9100524949817184,65.38168611572638,1.004254080847403,0.992658437165183,70.98566832407163,77.04114645810223,26.40984194843397,0.9930000000000092,0.1175313729738441
109048,125.63,5.553546666666662,0.9732652244424412,63.67321330850122,0.9555529608656316,0.9852373419052728,61.393273850377504,69.15308065343878,24.932432398669597,0.3499999999999943,0.1168857098291179
107448,125.484,5.395310000000009,0.9596081832121296,61.76519869990111,0.8948605966535155,0.9671619928549214,53.98262128892105,62.12052115445672,23.488572418273066,0.1269999999999953,0.1150642835228938
95391,124.807,4.710720000000009,0.8523467988438396,53.72572354422103,0.783106059488432,0.9303508061816236,21.76706827309248,45.714321137463656,21.366397810341773,-0.027000000000001,0.1112363745494028
77109,124.922,4.81777666666666,0.6895004262748802,54.801934858112325,0.6957985895216154,0.883440362849622,24.84624846248447,33.53197934149932,20.214104155003675,0.5609999999999928,0.1061979601146944
93228,125.9,5.78512666666667,0.8338369336656996,62.7386711922845,0.6974830664476457,0.8462489035692268,64.94464944649478,37.18598872735723,23.8654029190923,0.8840000000000003,0.1019065389535764
83446,125.389,5.264053333333322,0.7469890066055302,57.09706671395119,0.6500907555897157,0.8070172739733246,43.9934399343992,44.59477928112613,23.061928582842057,-0.5630000000000024,0.097291139082061
136370,125.987,5.848089999999985,1.2192146149115315,61.46420197743949,0.6532552897541422,0.7762648771294881,68.51168511685105,59.14992483258165,21.28952007135804,-0.3440000000000083,0.0934107359292463
127627,125.435,5.283313333333325,1.1396002153113909,55.81622762742831,0.6042559328772228,0.7418630882790351,45.50630337535577,52.670476142201984,23.90812000942789,-0.7609999999999957,0.0891344838811591
98789,126.413,6.245456666666669,0.8808242817866555,62.40733056892343,0.6369971098781804,0.7208898925988643,81.99584199584172,65.33794349601617,21.9002497068202,0.5889999999999986,0.0861432117238913
114098,126.212,6.029623333333319,1.0163814582403896,60.41268682581798,0.6393556148233444,0.7045830370437602,67.23614274867124,64.9127627066229,22.07467863349141,0.448999999999998,0.0836527791453746
99547,125.876,5.680466666666689,0.8860119901371669,57.12576292605449,0.6071139236570389,0.685089214366416,54.47987851176925,67.90395441876072,20.82520645162457,0.2460000000000093,0.0809110219770782
109318,125.847,5.638649999999998,0.9717321109914344,56.83832361563042,0.5726212719038699,0.6625956258739067,53.37889141989338,58.3649708934446,19.6643949681512,0.3629999999999995,0.0779147870068654
109903,125.767,5.546179999999993,0.9762813631819458,56.00120273280314,0.5326897496254048,0.6366144506242064,50.34168564920248,52.73348519362168,18.625337649630303,0.9599999999999936,0.0745990107718675
60397,125.533,5.300779999999989,0.5368306327218313,53.51829960355683,0.4766671637989788,0.604624993259161,41.45785876993161,48.39281194634248,17.990734462649545,0.6110000000000042,0.0706993267323377
102062,124.828,4.585066666666648,0.9065450810366756,46.78772296022042,0.3711034038062166,0.5579206753685721,14.692482915717555,35.497342444950526,16.613395497173435,-1.0720000000000027,0.0653344457949157
102790,125.319,5.063276666666681,0.9121325879975534,51.37434053105795,0.3233357467884303,0.5110036896525438,33.71083427708571,29.953725320911605,15.03363654472646,-0.0699999999999931,0.0598633949245727
106281,125.39,5.120723333333345,0.942336851044444,52.0183868053788,0.2878900240903022,0.4663809565400955,36.39109097772738,28.2648027235102,19.878396384660423,-0.5969999999999942,0.0545515268282561
92534,125.734,5.44950666666665,0.819890664114555,55.12001040658567,0.2842799561747853,0.4299607564670334,49.37712344280831,39.82634956587378,18.670956262789687,0.2989999999999924,0.0500066106746654
67968,125.437,5.137729999999991,0.6027416194914537,51.994952132531225,0.2545195900737411,0.394872523188375,38.16534541336336,41.31118661129966,17.766861578739224,-0.9759999999999992,0.0456082085158364
74293,124.912,4.599316666666667,0.6592728272095499,46.92987814854137,0.1864222138968614,0.3531824613300723,18.346545866364817,35.29633824084548,16.359836979762736,-1.2999999999999972,0.04058779781792
98020,124.007,3.683970000000002,0.8693147073851809,39.74273463860074,0.0587513668762795,0.2942962424393138,5.279407224452185,20.597099501393437,14.879915203468515,-1.869,0.0338748906433324
110071,124.097,3.7625699999999966,0.975219386928844,40.71510025522738,-0.0347656940871416,0.2284838551340227,20.861015147488587,14.828989412768513,13.93353877397736,-1.75,0.0263935751315486
81511,123.822,3.476510000000019,0.721947084493457,38.66213824714337,-0.1295751783851386,0.1568720484301904,13.553016210470489,13.231146194137068,14.359087238190504,-1.9449999999999927,0.018239274031439
100784,123.182,2.8295400000000086,0.8923891207579205,34.324426778919815,-0.2534336042210725,0.0748109178999378,16.810344827586174,17.074792061848395,12.834025504838026,-2.350999999999999,0.0089504534518814
95395,122.842,2.483216666666664,0.8439514746701013,32.25408008313559,-0.3747080563236267,-0.015092876944775,8.189655172413648,12.851005403490085,12.224926217965468,-1.986000000000004,-0.0012475830770313
100274,122.856,2.491826666666654,0.8859499178626438,32.434796113400594,-0.4643366663034101,-0.104941634816502,8.544624746450053,11.181541582149938,11.635056508236955,-2.463000000000008,-0.0115938662022967
97994,122.99,2.619676666666664,0.8655128791343365,34.24287670885609,-0.5185774670989218,-0.187668801272986,11.942190669370964,9.558823529411535,11.09155928505862,-2.4000000000000057,-0.0213660183224828
87555,122.784,2.4059733333333497,0.7737541781517165,32.790145896264406,-0.5715971547068079,-0.2644544719597504,6.71906693711971,9.068627450980223,10.590983162881583,-2.9499999999999886,-0.0306170270807926
78143,123.073,2.68132333333331,0.6918502449920525,36.83853639356512,-0.5835687372519516,-0.3282773250181906,17.01346389228872,11.891573832926444,9.859006107472226,-2.3640000000000043,-0.0386143055418816
95347,124.102,3.691363333333342,0.8461225204435004,48.689594031082926,-0.5042123562004122,-0.3634643312546349,42.20318237454116,21.97857106798318,16.403944995257827,-0.8100000000000023,-0.0437484257706696
111466,123.581,3.1540799999999933,0.9908412416902332,44.17056707421122,-0.477853797186242,-0.3863422244409564,32.10568454763819,30.44077693815601,16.496581645322873,-0.4260000000000019,-0.047473083520924
120325,123.971,3.528350000000003,1.071163538652417,48.056968343272594,-0.4206457660818472,-0.3932029327691346,45.2299829642249,39.84628329546806,15.609667152820478,-0.1259999999999905,-0.0493919635204472
118763,123.434,2.976643333333328,1.0589373445203376,43.56049905602119,-0.4138685819848717,-0.397336062612282,31.150442477876023,36.162036663246354,14.322317323620824,-0.3880000000000052,-0.0507619602909728
80632,124.6,4.12261333333332,0.7199334138377788,53.69212336009932,-0.3108281262737478,-0.3800344753445752,84.2624194160028,53.54761495270122,18.24898679246799,1.4179999999999922,-0.0497820475316096
96819,123.942,3.445989999999995,0.8646819243946362,48.41071843009055,-0.2790462521265766,-0.3598368307009755,66.44010195412037,60.61765461599972,17.11747865680557,1.0999999999999943,-0.0482006734501003
89532,124.653,4.135066666666688,0.7998207612500545,53.70931534038802,-0.1942479603916069,-0.3267190566391018,91.03641456582672,80.57964531198327,16.896512702619454,1.7970000000000113,-0.045075677667605
81493,124.689,4.15291666666667,0.7292172023542112,53.96711785699394,-0.1227251054950784,-0.2859202664102971,92.47699079631842,83.31783577208849,16.194652881848935,1.698999999999998,-0.0409041582360792
82703,124.938,4.378690000000006,0.741394887017065,55.80065986175519,-0.0454268561545347,-0.2378215843591447,94.49981543004796,92.67107359739768,17.180014080373223,2.1539999999999964,-0.0357386530167445
67476,124.398,3.817006666666657,0.6068916870067137,51.05156491877283,-0.0274247877976563,-0.195742225046847,74.56626061277201,87.18102227971279,16.17653316144819,1.3250000000000028,-0.0309048124887713
84633,123.887,3.2862566666666453,0.7622728971737461,46.97710896560195,-0.0537716027568251,-0.1673481005888426,55.70321151716495,74.92309585332829,15.259716215265565,-0.2150000000000034,-0.0272422243346339
79925,123.527,2.9082366666666672,0.7200952354666473,44.294970068570045,-0.1025188611692158,-0.1543822527049173,42.41417497231449,57.56121570075047,14.61760853537086,-0.054000000000002,-0.0250342188335276
83315,123.419,2.7819166666666604,0.750935526050781,43.49270599307064,-0.148158236151346,-0.153137449394203,38.4274640088592,45.51495016611286,13.633050324750617,-0.5520000000000067,-0.0240171802260849
79775,123.47,2.815260000000009,0.7190452269156766,44.00842921614015,-0.1781587922068297,-0.1581417179567284,21.921776919362337,34.25447196684532,12.894211275190454,0.0360000000000013,-0.0237155573129511
72269,124.102,3.426703333333336,0.6519809099656979,50.087698227529394,-0.1492172473248842,-0.1563568238303596,52.41545893719827,37.58823328847325,17.351053877091378,-0.4979999999999904,-0.0228677317449246
76104,124.732,4.032453333333322,0.6878191314532507,55.29801011464404,-0.0745853560660947,-0.1400025302775066,82.8502415458936,52.395825800818045,21.62905360932493,0.7900000000000063,-0.0206556339512838
86214,124.044,3.323600000000013,0.7816017023699101,49.251458177599815,-0.070146291905317,-0.1260312826030687,49.61352657004818,61.62640901771332,19.894847938035408,-0.6090000000000089,-0.0186644980343216
71406,123.96,3.2173766666666666,0.6484348289215184,48.55339707919627,-0.0725698593929706,-0.1153389979610491,45.55555555555529,59.33977455716567,19.10055307988686,-0.7289999999999992,-0.0170025388094271
73324,124.19,3.4252533333333304,0.6667121300980949,50.61726871715272,-0.055294080536953,-0.1033300144762299,56.66666666666655,50.611916264089984,17.701514984924977,-0.7480000000000047,-0.01523782577487
71269,123.8,3.015123333333321,0.6488164237067712,47.16231266522195,-0.0722399053017426,-0.0971119926413324,37.826086956521664,46.68276972624781,16.999890292745803,-0.597999999999999,-0.0140634060432096
64872,123.158,2.3518800000000226,0.5914195302520932,42.0715020368303,-0.1359069770655878,-0.1048709895261835,6.811594202898784,33.76811594202898,15.678596950153413,-0.7289999999999992,-0.0143171982262372
91075,122.539,1.7126699999999886,0.8299285430688342,37.83132749481376,-0.2336187059168679,-0.1306205328043204,12.168217855911578,18.93529967177733,14.247533935817646,-0.9879999999999995,-0.0164631050100761
91264,122.11,1.2641399999999976,0.8322417314002521,35.18465422826954,-0.3417333800206563,-0.1728431022475876,6.952043772127261,8.643951943645856,12.993040427553565,-1.3089999999999975,-0.0204282537990632
100629,121.905,1.0442000000000036,0.9175339164042052,33.96194672194598,-0.4388974878795153,-0.2260539793739731,8.483594442802403,9.201285356947064,12.025613825222536,-1.5649999999999975,-0.0257263231831717
86337,121.934,1.06013999999999,0.7879180963806082,34.309722401839835,-0.5077081423230112,-0.2823848119637807,9.34082175583806,8.258819990255889,11.531027993138885,-2.1680000000000064,-0.031596432121613
83993,122.48,1.590823333333347,0.7670210447020804,40.64731930798378,-0.5122782203932985,-0.3283634936496843,25.480342890925407,14.434919696521938,15.909159207994792,-2.251999999999996,-0.0366792677528565
182938,122.529,1.6262333333333174,1.665549095951147,41.195623149601246,-0.5061120055435993,-0.3639131960284673,26.92876145433044,20.58330870036461,17.145123861093598,-1.5150000000000006,-0.0408694490362055
121717,122.437,1.5219333333333367,1.1071646989013488,40.4402334909846,-0.502852298689362,-0.3917010165606462,24.209281702630808,25.5394620159622,16.682583241584314,-1.522999999999996,-0.0443483049094081
123991,122.75,1.821569999999994,1.126569145337957,44.189748784192254,-0.4695992258127859,-0.4072806584110742,33.46142477091344,28.19982264262488,15.571470114168251,-1.4399999999999975,-0.0466227765096897
147278,124.497,3.552326666666658,1.3375963185205686,59.51095420478661,-0.2988328669970883,-0.3855911001282771,81.85953938015345,46.51008195123254,28.877622831344134,0.6970000000000027,-0.0451472915894698
130678,124.369,3.4088133333333417,1.1856545579291256,58.24921162920796,-0.1718468836856885,-0.3428422568397594,78.22007392664193,64.51367935923626,27.501759690375252,1.2109999999999983,-0.0413324470048582
91084,124.186,3.2085500000000025,0.8268895430119076,56.4078495674421,-0.0849963624737881,-0.2912730779665651,73.01677566107492,77.69879632262342,25.871619094242444,1.6470000000000056,-0.0363191616989283
89101,124.106,3.11384666666666,0.8091990091373247,55.580676194384,-0.0223642291883834,-0.2374913082109288,70.74210975262987,73.99298644678221,24.19791773056745,1.9959999999999951,-0.0307718465911518
80891,123.782,2.7759433333333163,0.7349507096666764,52.23952644946396,0.0011152396726856,-0.1897699986342059,61.52971282342892,68.42953274571121,22.94379436454811,1.8769999999999956,-0.0255556390784243
90459,123.951,2.92946666666667,0.8222078934647455,53.799597059926185,0.032979607131665,-0.1452200774810317,66.33494455501824,66.202255710359,22.551765856209887,2.016999999999996,-0.0204683731492624
80586,123.57,2.531689999999984,0.73271043944617,49.84653561059616,0.0271755690196755,-0.1107409481808903,55.5018481660504,61.1221685148325,21.59327212291077,1.0899999999999892,-0.0162479103018408
87119,123.044,1.9896066666666457,0.7920870396542861,44.93737038351136,-0.0196415613417855,-0.0925210708130693,40.54591981802667,54.12757084636508,20.46094574048644,0.5150000000000006,-0.0135893128036161
95393,123.184,2.1123600000000096,0.8676630364339828,46.44907392370226,-0.0449297226068523,-0.0830028011718259,43.16923973201271,46.40566923869657,19.601395395107456,0.7469999999999999,-0.0118440788085987
80588,123.127,2.038020000000003,0.7336492480249304,45.89658753646621,-0.0687773734828169,-0.0801577156340241,39.9521531100477,41.22243755336235,20.2189052171488,0.3769999999999953,-0.0108529648496307
82992,123.8,2.69089666666666,0.7557962180621483,53.0042671100683,-0.0329910330183196,-0.0707243791108832,57.95275590551171,47.02471624919068,21.833413274786118,-0.6970000000000027,-0.0093247438495554
85831,124.215,3.085496666666685,0.7821003436808677,56.77524062972768,0.0285280774084952,-0.0508738878070075,68.5147159479809,55.47320832118009,24.99082345422669,-0.1539999999999963,-0.0068278315401512
87633,124.455,3.303273333333337,0.7985978645915398,58.8325375791252,0.0955470034989218,-0.0215897095458216,76.66437886067239,67.71061690472165,25.65479058314757,0.2689999999999912,-0.0033961852424743
58894,124.177,3.003993333333341,0.5373969017478277,55.53528912987526,0.124789216207958,0.0076860756049342,61.18314424635344,68.78741301833556,24.05506437413153,0.0710000000000121,8.135368303788375e-05
66485,124.515,3.318483333333333,0.6073573322330685,58.57513641657084,0.1732406453537152,0.0407969895546904,91.30672498633103,76.38474936445228,22.591199369894017,0.7330000000000041,0.0039742820087754
87501,124.39,3.1695499999999868,0.8001839944910659,57.02253210363988,0.1992554044239796,0.0724886725285482,67.73345024112221,73.40777315793555,26.45826277805325,0.4390000000000071,0.0077724220440355
86372,125.923,4.674006666666656,0.790160411565442,68.16666807616254,0.3396572195995588,0.1259223819427504,99.13043478260866,86.05687000335395,29.941078165316355,2.3530000000000086,0.0137518058592779
95767,126.476,5.197646666666657,0.8758098087917638,71.07988761415103,0.4899018643143193,0.1987182784170642,98.00269905533068,88.28886135968717,33.204370131345016,3.432000000000002,0.0217810297532989
93118,126.145,4.837219999999988,0.851977995585315,67.12044985227442,0.5756274194120579,0.2741001066160629,86.59144581474655,94.5748598842286,32.289216756459524,2.9609999999999985,0.0302693358289764
89543,126.286,4.950299999999999,0.8192743525578986,67.93972509706308,0.6474793224725346,0.3487759497873572,89.67943706020327,91.42452731009348,30.227322294157734,3.159000000000006,0.0388600377644087
85161,125.991,4.6313366666666695,0.7806109849997729,64.32818177751889,0.6728621032467288,0.4135931804792316,81.99113891060719,86.08734059518565,28.762767380876024,2.1910000000000025,0.0466035597958052
89257,126.087,4.705853333333351,0.819221545106504,64.9805787073629,0.6927390727621372,0.4694223589358127,84.49309356267922,85.38788984449654,27.664924573003866,1.872,0.0535031275375885
84679,125.928,4.525503333333347,0.7771936077487054,62.92781075006484,0.6877339739749431,0.5130846819436389,79.53867028493882,82.00763425274174,28.21135148507671,1.472999999999999,0.0591813153449674
99716,126.533,5.109070000000017,0.9154686158030328,67.17675240590097,0.7242372843385283,0.5553152024226168,94.36882839605022,86.1335307478894,27.809694765046057,2.3559999999999945,0.0646324730387862
89223,126.013,4.570430000000002,0.8198197486300668,60.733656239336206,0.7031018461978817,0.5848725311776698,77.09899749373446,83.66883205824115,25.661269084005237,1.4980000000000049,0.0687467400958035
85530,126.318,4.857280000000003,0.7865006221290004,62.97667159813602,0.7028606699201987,0.6084701589261756,85.01055594651646,85.49279394543369,24.2093224176823,1.9279999999999973,0.0721322126589494
81646,125.935,4.458079999999995,0.7510946372250665,58.46062074665683,0.6641091993901398,0.6195979670189685,71.53413089373689,77.88122811132926,23.40376036025483,0.0120000000000004,0.0741372890324321
93648,126.162,4.668200000000013,0.8613728525349819,60.278706120402255,0.6442884267596014,0.6245360589670952,79.52146375791718,78.68871686605682,21.949707460862594,-0.3139999999999929,0.0753426067826106
91029,126.441,4.928030000000021,0.8371108571150343,62.45382501011725,0.6436734233965495,0.6283635318529861,87.58196721311485,79.54585395492296,22.57683558006552,0.2960000000000065,0.0762500052275524
85558,126.556,5.02443333333332,0.787015450092498,63.34481605078885,0.6450300626602825,0.6316968380144454,82.93591654247396,83.34644917116863,26.10902593722605,0.269999999999996,0.0769480503616894
126321,126.459,4.908026666666672,1.160906684960233,62.00817388845488,0.6310042949875765,0.6315583294090716,57.56880733944987,76.02889703167953,24.262860105383734,0.4680000000000035,0.0771708997083317
98874,126.016,4.446323333333339,0.9079578686145666,56.177932889609934,0.577485482195712,0.6207437599663997,23.700305810397857,54.73500989744056,23.057813812326096,-0.0709999999999979,0.0762190235527457
92645,126.179,4.591883333333357,0.8500910268912862,57.75196169250707,0.5419766062796612,0.604990329229052,36.162079510703485,39.14373088685039,21.99793530638446,0.2510000000000048,0.0746281754125471
56203,126.277,4.672249999999991,0.5160056500520325,58.712169068848105,0.5157975541370945,0.5871517742106606,43.65443425076461,34.5056065239553,22.470389115202515,-0.2560000000000002,0.072685252806243
79590,126.764,5.141236666666643,0.7309935478039626,63.18948694516557,0.5282578687930624,0.575372993127141,80.8868501529051,53.56778797145771,25.123567164128392,0.7509999999999906,0.0712093986914071
77613,126.866,5.221933333333354,0.7136765023300595,64.0683652256819,0.5401369430244642,0.5683257831066056,75.96594629993423,66.83574356786796,26.52491316809876,0.5480000000000018,0.0701280719162781
83963,126.949,5.284406666666669,0.7721228134121807,64.80474787334066,0.5499095858778418,0.5646425436608529,81.40144073346393,79.41807906210107,24.641610101596942,1.0139999999999958,0.0693480337814648
69683,126.143,4.4606866666666605,0.6407776150188471,53.36698973966145,0.4870031426902841,0.5491146634667392,28.618205631957917,61.99519755511867,22.448606820207186,-0.0190000000000054,0.0674077894189882
108393,126.358,4.657476666666668,0.9964744528604206,55.61726796123874,0.4493185716152368,0.5291554450964387,42.69810085134254,50.90591573892144,20.81274158598196,-0.0829999999999984,0.0649787143228696
95782,126.325,4.605410000000006,0.8799848959598181,55.17715693561421,0.4120407045722203,0.5057324969915951,40.5370006548788,37.2844357127264,19.70056012184611,-0.2309999999999945,0.0621485944008248
139367,127.035,5.294499999999985,1.2791312966241222,62.12208503649488,0.4347769545576483,0.4915413885048057,86.35477582845954,56.52995911156027,24.475930030781424,0.5759999999999934,0.0601565560372458
106283,127.385,5.621196666666691,0.9748435460629032,65.0009358817618,0.4755557606196419,0.488344262927773,93.16888045540856,73.35355231291561,25.54709234537677,1.3689999999999998,0.0592370358324481
115426,127.037,5.250770000000017,1.0567786832701072,60.10912781280774,0.4743248450201207,0.4855403793462425,71.15749525616748,83.5603838466785,23.84273895356517,0.8580000000000041,0.0584156370459198
92354,126.656,4.84766333333333,0.845286064693586,55.210215594488965,0.4375618787239688,0.4759446792217878,47.05882352941208,70.46173308032935,22.637962627878917,0.3790000000000049,0.0569875495910967
93396,126.658,4.8267066666666665,0.8545947798248261,55.23084220457502,0.4039320689053483,0.4615421571584999,46.336760925450186,54.85102657034323,21.828736173885236,-0.1059999999999945,0.0551064778335468
90082,126.291,4.436976666666681,0.8241105786442001,50.623778707047016,0.3437043595727402,0.437974597641348,22.75064267352184,38.71540904279468,20.619852372834067,-0.5750000000000028,0.0523253623742542
96184,126.167,4.293176666666682,0.8792992958035382,49.13252372000188,0.282708811126156,0.4069214403383097,15.217391304347863,28.10159830110661,19.239672160393518,-0.7819999999999965,0.0487674187717824
87243,125.443,3.5521333333333445,0.7972995346655912,41.45418456611118,0.173943537430091,0.360325859756666,1.819923371647357,13.262652449839,17.56166328188998,-0.7000000000000028,0.043624652576578
77230,125.225,3.317533333333316,0.7056658550803093,39.45478098202007,0.0693560034809905,0.3021318885015309,5.657237936771876,7.564850870922346,16.76444718716577,-1.1330000000000098,0.0372206302017692
79969,126.018,4.0913366666666775,0.7309888643996661,49.0764821466629,0.0498830808316199,0.2516821269675487,38.64392678868567,15.37369603236828,22.55039502434908,-0.3070000000000021,0.0314059555198185
81652,125.337,3.392900000000012,0.7466166475736548,42.787914500647474,-0.0202667369800764,0.1972923541780237,10.316139767055118,18.20576816417087,20.38696452365617,-1.6979999999999933,0.0251190487552367
84571,125.927,3.962206666666674,0.7731386923593672,48.89747858399519,-0.0279309334196682,0.1522476966584853,34.858569051581085,27.93954520244061,18.957995925187955,-1.4579999999999984,0.0196519575192015
76924,126.292,4.306049999999985,0.7029935868116869,52.29171279697909,-0.0045005353775167,0.1208980502512849,50.04159733777058,31.738768718802245,22.476399446992875,-0.7450000000000045,0.0154957653927913
76348,125.98,3.9748300000000114,0.6976171296491943,49.27867282222387,-0.0109809866507362,0.0945222428708807,37.06322795341126,40.65446478092096,21.12505093919274,-0.6760000000000019,0.0118822143887038
75838,125.999,3.97539666666664,0.6927366238885625,49.46961782617738,-0.0144174543246151,0.0727343034317815,37.85357737104817,41.65280088740999,20.036596404088765,-0.659000000000006,0.0087935281093153
98427,126.095,4.052973333333327,0.8977984249904941,50.48391749610023,-0.0092874223959,0.0563299582662452,42.32225494320581,39.0796867558884,18.729232861537888,-0.1959999999999979,0.0063205379388257
105145,126.386,4.3247366666666665,0.9581837767534056,53.52902036404668,0.0180513481738415,0.0486742362477644,67.27178423236509,49.14920551553968,22.56187035970161,0.2189999999999941,0.0048044374644098
117765,127.097,5.014499999999998,1.071881486882275,60.001371696051145,0.0959828482136941,0.0581359586409504,89.04656319290464,66.21353412282515,27.137091636200743,1.6539999999999964,0.0050859945257286
86950,126.56,4.45693,0.7913918171632672,53.89582258500295,0.1131088627951868,0.0691305394717977,65.23281596452358,73.85038779659776,25.322361250126928,1.335000000000008,0.0057180068706013
83553,126.429,4.306496666666675,0.7606503844673552,52.49254725209904,0.1147875481477029,0.0782619412069787,59.42350332594262,71.2342941611236,23.81585560474689,0.4110000000000013,0.0063435354452117
72493,126.402,4.260703333333325,0.6599420524030635,52.19092737948877,0.1126407911088165,0.0851377111873463,58.22616407982284,60.96082779009632,22.81170785575249,1.0649999999999975,0.0068835923509809
69598,126.267,4.105090000000004,0.6336815039805963,50.62461379290272,0.0989059724474827,0.0878913634393736,52.23946784922393,56.62971175166311,21.86067104824439,0.3399999999999892,0.0071206934754177
71040,126.967,4.782200000000017,0.6464885120428676,57.71149269631665,0.1428583968872061,0.0988847701289401,82.98736462093879,64.4843321833285,25.75787220855197,0.6749999999999972,0.0082144082575542
70125,126.805,4.599633333333344,0.6380507538097078,55.71832333186185,0.1627429642187507,0.1116564089469022,74.01157184185209,69.74613477067159,25.83036498832707,0.8250000000000028,0.0095678938132306
78287,126.724,4.498956666666672,0.7121060730933738,54.70106244771041,0.1700058820515124,0.1233263035678243,69.6673189823879,75.55541848172624,24.58151915845764,0.7250000000000085,0.010892953476733
72460,126.758,4.516009999999994,0.6594280049044244,55.071855315836416,0.176471064033862,0.1339552556610318,66.41833810888242,70.03240964437411,26.012913499035044,0.6629999999999967,0.0121731815155702
53936,127.067,4.806733333333327,0.4919327474231287,58.40425091093227,0.2041748839455692,0.1479991813179393,84.12607449856719,73.40391052994582,25.56994935964282,0.6809999999999974,0.0138225372911938
59811,127.153,4.875880000000009,0.5456075827086844,59.30886332625352,0.2304137755123463,0.1644821001568207,89.05444126074559,79.86628462273171,26.192238556378527,0.0560000000000115,0.0157539340776302
53022,127.76,5.463986666666685,0.4838036371499654,65.08115636494563,0.2967671660502873,0.190939113335514,90.95117845117888,88.04389807016388,30.74730491832909,1.2000000000000028,0.0186990032551827
79322,128.339,6.021110000000007,0.7233087165529546,69.52239349954799,0.3915595128700175,0.2310631932424147,98.00166527893414,92.66909499695286,33.020709537380746,1.9099999999999968,0.0230544370810289
85866,127.477,5.139533333333318,0.7824660392369565,57.74674116011277,0.3926012716277114,0.2633708089194741,58.53865760407819,82.49716711139705,28.90683659099389,1.0750000000000028,0.0267875022417989
79212,127.782,5.422706666666656,0.7213403533157395,60.308482185413816,0.41327386015152,0.2933514191658833,71.49532710280346,76.01188332860524,27.360674809740416,1.5150000000000006,0.0303613793125417
77834,127.743,5.362229999999997,0.7082632532815019,59.80914711018903,0.4216495479106044,0.3190110449148275,69.83857264231061,66.62418578306408,29.943781091477373,0.7759999999999962,0.0335540521546968
91326,127.752,5.349420000000009,0.8303024104189352,59.89167690506756,0.4241245221046199,0.340033740352786,70.22090059473204,70.51826677994869,27.47231478567704,0.9469999999999884,0.0363012712211353
83638,127.872,5.4487333333333225,0.7591777930888396,61.04041567257405,0.4308029261357831,0.3581875775093855,75.3186066270177,71.79269328802009,26.21611929839918,1.147999999999996,0.038745309446195
112022,128.79,6.345416666666665,1.0159994534028074,68.47820443084426,0.504356628141565,0.3874213876358214,96.79203539822944,80.77718087332637,31.92532679465466,2.0319999999999965,0.0422214838225471
148594,129.375,6.905716666666649,1.3451163605823826,72.12968705718075,0.6029031852328046,0.4305177471552181,83.02739339169727,85.04601180564812,39.03249161079431,2.308000000000007,0.0470567435253143
166320,128.593,6.101543333333311,1.500815648908624,61.82046024025599,0.610859568307319,0.4665861113856383,60.94323637390536,80.25422172127735,35.24630809034502,1.4399999999999835,0.0512918799042504
107227,128.637,6.121063333333353,0.9666760735583002,62.148274869940224,0.6136418106784447,0.4959972512441996,59.80186130291212,67.9241636895049,32.30823766570936,0.8769999999999953,0.0549081256355083
106507,128.992,6.448156666666634,0.9600897827769748,64.77609425909154,0.6371476494515207,0.5242273308856639,69.98169615619258,63.57559794433666,30.86482365207041,0.6529999999999916,0.0583917581363364
106526,129.09,6.52033666666668,0.9597542187344285,65.48838536157143,0.6561206268440856,0.5506059900773482,71.12125162972633,66.96826969627699,32.39726736427686,1.6129999999999995,0.0616705477601325
123762,129.264,6.666623333333334,1.113707326535693,66.77313137694189,0.6773886789112424,0.5759625278441272,76.79269882659747,72.6318822041721,31.87741089751104,1.4820000000000135,0.0648153637707747
143889,129.099,6.475206666666665,1.2948638868629037,64.32762446805563,0.6731697604007678,0.5954039743554553,67.09193245778566,71.66862763803647,29.627085429613,1.3559999999999943,0.0673515110061602
111675,129.025,6.376630000000006,1.004026113999137,63.20952071050656,0.6562897557512315,0.6075811306346106,64.31519699812397,69.39994276083569,27.85968239123623,1.2730000000000103,0.0691232381512569
110653,129.111,6.438219999999987,0.9934828751628568,63.99281538437671,0.6424459942081739,0.6145541033493234,67.33383685800565,66.24698877130508,27.710722697837586,1.23899999999999,0.07030209439909
94133,129.306,6.61026333333335,0.8441793626829032,65.77227682712461,0.639833975971186,0.6196100778736959,72.90739991912706,68.18547792508554,26.373370564197423,0.5160000000000196,0.0711933989958834
98512,130.049,7.327730000000002,0.8829813395737028,71.54296879263548,0.6897666229254469,0.6336413868840461,99.6867658574792,79.97600087820395,30.448618749476907,0.6740000000000066,0.0728521065327963
94143,130.316,7.56880000000001,0.8431216502303427,73.28596523103197,0.7423261996226529,0.6553783494317675,97.2933430870525,89.9625029545529,32.053607290933414,1.7230000000000132,0.0752158041406606
89194,130.181,7.408773333333329,0.7981275074775084,70.9206617058262,0.7642765665549689,0.6771579928564079,88.78710150238244,95.25573681563804,31.408022129044323,1.5440000000000111,0.0775912560921351
79898,129.74,6.94250000000001,0.714500529718313,63.68927066567536,0.7375849558431753,0.6892433854537614,68.90091590341424,84.9937868309497,28.527220187101467,0.7480000000000189,0.0790419614884153
79958,130.397,7.572336666666672,0.7142552999526813,68.79426179720382,0.7606774550764897,0.7035301993783072,96.25312239800152,84.64704660126604,26.825883884994063,1.306999999999988,0.0806592895769641
101107,129.752,6.900713333333343,0.9024234774516794,59.89186611606999,0.7186481886059823,0.7065537972238423,64.63745637844184,76.59716489328584,26.17398275298888,0.4879999999999995,0.0811716088004278
85271,129.638,6.760783333333336,0.7607322249509963,58.452123720245126,0.6684355360879977,0.6989301449966734,58.61234368697102,73.16764082113811,24.44590969742085,0.5390000000000157,0.0805883768649605
70853,129.883,6.976423333333344,0.6323149502523546,60.64188682920148,0.6410217993734477,0.6873484758720283,59.42857142857224,60.892790497995016,22.13527267297802,0.8580000000000041,0.0795126641922944
78973,128.666,5.732219999999984,0.704621661895745,47.3047589277019,0.5151560877096699,0.6529099982395566,3.1976744186047834,40.41286317804933,19.492402361237065,-0.4449999999999932,0.0761423364104773
76150,128.417,5.455180000000013,0.6799928598516696,45.11832656977551,0.3908093781416255,0.6004898742199705,5.269814502529543,22.63202011656884,18.47216196554897,-0.88900000000001,0.0708562219419012
90286,128.452,5.462993333333316,0.805859018556006,45.49964162372007,0.2917250971052283,0.538736918797022,6.745362563237671,5.070950494790647,18.298474718673518,-1.5970000000000084,0.064433320652929
76711,129.338,6.317976666666667,0.684568760619124,54.17872963425354,0.2814485225370617,0.4872792395450299,44.09780775716689,18.704328274311347,21.24597654878697,-0.9780000000000086,0.0587498212130351
81455,129.214,6.163820000000015,0.7273037998553583,52.90881246502138,0.260297946763842,0.4418829809887923,38.870151770657785,29.90444069702076,20.06057376163824,-0.967000000000013,0.0535022549856849
71382,129.285,6.204599999999985,0.6378924105767929,53.5797398127513,0.2464244421351225,0.4027912732180584,41.86340640809448,41.61045531197303,20.278040344365248,-0.4550000000000125,0.0487756434673379
88722,129.867,6.754373333333319,0.7929472424313504,58.765855070008925,0.2791739819030852,0.3780678149550638,66.39966273187176,49.04440697020798,23.389612722290185,-0.5300000000000011,0.0453894359800786
78034,130.264,7.120370000000008,0.6974311930868656,61.89328981358307,0.3333204990215392,0.3691183517683589,83.13659359190642,63.79988757729086,24.114948395496373,0.5120000000000005,0.0435590665207158
46624,130.12,6.945296666666664,0.4172005506598293,60.1123404582692,0.3604572802508698,0.3673861374648611,77.06576728499216,75.5340078695901,23.87949962354466,0.4819999999999993,0.0425440277822742
59621,130.144,6.938103333333345,0.5336646298976849,60.31728803140347,0.37952504582654,0.3698139191371969,78.07757166947786,79.42664418212546,22.824547204011854,0.2609999999999957,0.0420707616728599
79696,130.328,7.088160000000016,0.7133588170263594,61.93221575307448,0.404817169330812,0.37681456917592,85.83473861720125,80.32602585722374,24.1462725428542,1.662000000000006,0.0421763285244569
91175,130.394,7.118776666666662,0.8156940580522939,62.52139301973477,0.4252845917990555,0.3865085737005471,87.80284043441934,83.90505024036612,24.043742787355782,1.977000000000004,0.0426813315593554
77706,130.204,6.894246666666675,0.695000502949452,59.658814865749214,0.4213170784417173,0.3934702746487812,79.86633249791151,84.50130384984402,21.82465370152429,1.7520000000000095,0.0430597218427894
76355,130.512,7.166250000000005,0.6827597449038609,62.64463403018452,0.4379770941481524,0.4023716385486555,92.73182957393458,86.80033416875513,21.446737826670788,1.1740000000000066,0.0437184313980109
70667,130.281,6.897800000000004,0.6322903554283602,59.11094216359223,0.4276112706230321,0.4074195649635309,83.08270676691728,85.22695627958777,19.85264257068605,1.0670000000000073,0.0441003343123294
86042,130.308,6.886740000000003,0.7692934014208438,59.399222894320246,0.4167706821560557,0.4092897884020359,83.57949609035573,86.46467747706919,18.40984378021152,1.022999999999996,0.0442344678829158
77057,130.497,7.037546666666671,0.6882741599351422,61.4481945720869,0.4186047432471014,0.411152779371049,91.72141918528288,86.12787401418528,18.205669878253715,0.6300000000000239,0.0443956293113843
71368,130.135,6.636980000000008,0.6375519415713795,55.65476886123217,0.3863937683954077,0.4062009771759207,70.28047464940603,81.8604633083482,17.181438389386948,-0.1290000000000191,0.0439333152225341
69034,130.367,6.835549999999969,0.6169438001499761,58.36407821776307,0.3752610243560923,0.400012986611955,80.21091811414281,80.7376039829439,16.13348454878252,0.2469999999999856,0.0433379336801222
74205,130.16,6.597710000000006,0.663921964780687,55.12777516049744,0.3457494895747857,0.3891602872045211,64.41136671177216,71.6342531584403,14.970853559201329,0.0159999999999911,0.0422814080516567
67676,130.087,6.494586666666649,0.6060788790937349,53.99077554809062,0.3128643897937024,0.3739011077223574,36.68807994289708,60.43678825627067,20.209805999017775,-0.2410000000000138,0.040768763976738
55417,130.045,6.419690000000003,0.4975693174236566,53.3095266838316,0.2801838769761104,0.3551576615731081,33.69022127052006,44.92988930839641,19.124954791715016,-0.3490000000000179,0.0388728936205172
63275,129.738,6.079943333333333,0.5697845525516589,48.49294879549239,0.226896479446907,0.3295054251478678,11.777301927194443,27.38520104687051,20.93138640234392,-0.4660000000000082,0.0362632469041691
57588,130.488,6.795443333333338,0.5203569742092657,58.38508972377027,0.2423904388819266,0.3120824278946796,65.3104925053536,36.92600523435601,19.82507288120533,-0.0240000000000009,0.0343482394725397
56562,130.64,6.913779999999974,0.5134539358719212,60.05928625298117,0.2638926528110232,0.3024444728779484,76.15988579585957,51.08256007613585,20.75105938806673,0.3589999999999804,0.0331421734212063
54869,131.483,7.71586666666667,0.5012197910306391,67.79714103124644,0.3449796562846643,0.3109515095592916,99.22077922077992,80.23038584066434,26.210662611311776,1.1750000000000114,0.0336672758604459
61298,131.702,7.897906666666685,0.5628081142132634,69.45282350289922,0.4220480532365513,0.3331708182947435,94.79587258860415,90.05884586841454,28.20225077173932,1.204999999999984,0.0355914339618807
57647,132.017,8.171700000000001,0.5319133721306872,71.70615800846967,0.5027478166234971,0.3670862179604943,87.43248109470593,93.81637763469666,31.583562338488484,1.882000000000005,0.0387724278072237
61486,131.446,7.561700000000002,0.5692817824150418,62.6801655625552,0.5146949495719753,0.3966079642827905,66.87072380266436,83.03302582865814,28.987473036734745,1.0790000000000075,0.0417207040420984
50722,131.575,7.649776666666668,0.4711806194851448,63.78912538504237,0.5284803676988759,0.4229824449660075,71.51602448685557,75.2730764614086,26.82604389324455,1.414999999999992,0.0444972598187548
61135,131.304,7.337403333333341,0.5709452690722052,59.770935806403344,0.5116401070553138,0.4407139773838688,61.75729204177148,66.71468011043045,25.45855873499299,1.217000000000013,0.0465432840526745
51417,131.089,7.0756099999999975,0.4842336127460431,56.71839445099807,0.475464517012,0.4476640853094951,54.015124234785446,62.42948025447081,24.18708512719726,1.0440000000000111,0.0475970546661089
62069,131.594,7.539193333333344,0.5892064412208213,61.67001899120341,0.481988319490739,0.4545289321457439,72.20021606049637,62.65754411235108,26.22425802790288,1.8559999999999943,0.0486062544646346
66018,132.084,7.981376666666662,0.630415258764978,65.76291331547495,0.5206951354556963,0.4677621728077344,89.84515664385995,72.02016564638058,27.677589885529613,1.5960000000000036,0.050181616747513
62015,132.0,7.8474233333333245,0.5970664363616849,64.4915702220616,0.5383862860213071,0.4818869954504489,82.03470568220507,81.36002612885379,29.83826470188992,1.3600000000000136,0.0518420156859084
70405,131.959,7.766176666666666,0.6842607236968042,63.84281183674246,0.5428407625496732,0.4940777488702938,80.63967335828548,84.17317856145016,27.67970074577524,0.4759999999999991,0.0533232807219743
76710,132.421,8.18137666666668,0.7525646650335998,67.7764646153108,0.5769992183761872,0.5106620427714725,96.35930588635593,86.34456164228214,25.41706635286615,0.7189999999999941,0.055207663017103
74800,132.212,7.926206666666658,0.7413723535707099,64.36500544933776,0.5805136869767011,0.5246323716125183,79.38961553705862,85.46286492723333,26.54916512753907,0.1949999999999931,0.056857393228241
60366,132.817,8.481723333333349,0.6040532185100824,69.19816977017243,0.624913755686805,0.5446886484273756,98.8194140795808,91.52277850099844,25.819701370611504,1.371000000000009,0.0590720547921254
55021,132.742,8.358879999999985,0.5566490940603974,67.96748552880345,0.6465957040415731,0.5650700595502152,89.28390045708413,89.1643100245745,25.29523198225419,1.1670000000000016,0.0613389010545238
57134,133.098,8.666226666666688,0.5852536445698517,70.63696391266929,0.684613233903093,0.5889786944207908,95.91651542649838,94.67327665438776,26.36440022817864,1.7940000000000111,0.0639530050453153
76208,132.98,8.502713333333318,0.788420552483317,68.59638543336155,0.6971840822686488,0.6106197719903624,81.30346232179201,88.83462606845815,26.77973360158912,1.8909999999999911,0.0663823389942898
62453,133.028,8.50721666666665,0.652103047031723,68.98883448165026,0.7029169796232111,0.6290792135169322,83.25865580448048,86.82621118425693,25.67370566166009,1.4339999999999975,0.0685225524524265
61178,132.724,8.164143333333314,0.6448406581214955,63.57037943029205,0.6751474037087064,0.638292851555287,70.87576374745385,78.47929395790877,23.80613230611324,0.6399999999999864,0.0697867633567379
52822,132.872,8.272333333333336,0.5616200299164334,65.01116377159768,0.6575028937619152,0.6421348599966127,76.90427698574409,77.01289884589279,22.43318233770191,0.8720000000000141,0.0704930463141343
62593,133.274,8.630990000000011,0.6699110684574056,68.63926642104789,0.6682543131054786,0.6473587506183859,86.90753690753725,78.2291925469117,26.408568040688625,1.3149999999999975,0.0712552669957445
62441,133.076,8.386306666666655,0.671497268671533,65.06082857080608,0.653267484236693,0.6485404973420473,74.90619136960589,79.57266842096239,25.194581437418428,0.6550000000000011,0.0715854539378079
67809,133.943,9.20249666666669,0.7326320638919397,71.95541797720738,0.703243416214292,0.6594810811164963,95.2818371607516,85.69852181263157,28.96635484955745,1.731000000000023,0.0727611392506616
63732,133.945,9.14964999999998,0.6910548594822563,71.96915926740651,0.7345437228495655,0.6744936094631101,95.36534446764016,88.51779099933255,27.718697676095765,1.127999999999986,0.0743090276928624
47688,133.958,9.106553333333324,0.5193141455279101,72.06497254182108,0.751732923514254,0.6899414722733389,95.90814196242118,95.51844119693764,26.786742992739647,1.2160000000000082,0.0759099078884081
58501,133.731,8.824456666666677,0.638995654357615,67.71259835141458,0.738525226900947,0.6996582231988606,81.07074569789614,90.78141070931916,26.71617067150636,0.6329999999999814,0.0769885572337914
57396,133.785,8.825479999999999,0.6290455388009181,68.20454681237243,0.7240687668546002,0.7045403319300085,82.63077704418441,86.53655490150057,25.34157956242023,0.8050000000000068,0.0775986438066475
60835,133.773,8.762493333333353,0.6689181039061949,67.95675252130958,0.7035337196176954,0.7043390094675459,80.22346368715031,81.30832880974361,24.44871544066684,0.7450000000000045,0.0776973273096761
59033,133.253,8.192076666666651,0.6509806282729301,58.10529555842397,0.637946047627338,0.6910604170995044,45.57907845579009,69.47777306237492,22.47011234566966,0.5289999999999964,0.0765254795807014
49835,133.178,8.068400000000011,0.5513719075708224,56.82575036475297,0.5733067485166146,0.6675096833829264,40.90909090909099,55.57054435067712,21.11134662274389,0.3059999999999832,0.0742933043086166
53625,133.27,8.111300000000014,0.5944329813254825,58.04620711125771,0.5234690441020291,0.6387015555267469,46.637608966376895,44.37525944375265,20.83082149339312,-0.0039999999999906,0.0714389563401923
45060,133.526,8.314030000000002,0.5006098937964332,61.32257018241764,0.4988786028188201,0.6107369649851616,62.57783312577892,50.04151100041559,22.314799650766066,0.450000000000017,0.0685301367577035
48020,133.116,7.852763333333357,0.5345256404038454,54.043249954608726,0.4412208086189082,0.5768337337119109,37.04856787048685,48.75466998754754,20.305408322358534,-0.8269999999999982,0.06497000999349
56956,132.804,7.488806666666647,0.6350294632292972,49.25199055477904,0.3661302768825862,0.534693042346046,9.569377990431487,36.39859299556574,18.43062336199951,-1.1409999999999911,0.06054025980762
40376,133.412,8.041943333333336,0.45135934889896,57.21277733674159,0.3516276633924917,0.4980799665553351,51.62381596752373,32.747253942814005,16.973356724763626,-0.5459999999999923,0.0564991137797
36372,133.459,8.03379333333335,0.407872009018921,57.76434046047694,0.3400073518160127,0.4664654436074706,54.80378890392406,38.665660953959744,18.82916328799684,-0.2719999999999913,0.052850637879827
56515,132.798,7.319793333333337,0.6344103073030506,48.32864293281066,0.2742990467140203,0.4280321642287806,10.081190798376186,38.83626522327464,16.815277743842483,-0.9869999999999948,0.048544228473076
80619,131.248,5.722346666666638,0.9060149032421052,34.21484971226032,0.0960455421843846,0.3616348398199014,7.218820496293552,24.03460006619792,13.597737539770858,-2.5250000000000057,0.0416053748384726
80543,130.746,5.173233333333343,0.905412872301569,31.051954568387515,-0.0847518820731352,0.2723574954412941,3.8122332859178942,7.037414860195863,12.462664024982615,-2.5069999999999766,0.0323851195788675
76083,131.487,5.862523333333328,0.8563891242118392,39.8857398413587,-0.1663253411686298,0.1846209281193093,35.871992061523095,15.634348614578164,10.748434584460416,-1.6910000000000025,0.0230635541681587
64953,132.151,6.474066666666673,0.7318531615440552,46.50043297482028,-0.1753720644922509,0.1126223295969972,54.43756449948429,31.373929948975075,16.281786226658497,-1.1189999999999998,0.0150070609848539
64404,132.335,6.60411666666667,0.7263372007258493,48.201357336647526,-0.1657833484125603,0.0569411939950857,60.81654294803861,50.37536650301532,19.9137100008555,-1.1910000000000025,0.0083846611416296
58207,132.297,6.510536666666667,0.6572929989661876,47.86291526981224,-0.159412891673071,0.0136703768614543,60.694108151735065,58.64940519975264,19.02709382401041,-0.8190000000000168,0.0029343005661809
55048,132.241,6.400263333333356,0.6223159647046088,47.33544180203633,-0.1570723584250402,-0.0204781701958445,59.187516814635714,60.23272263813645,18.403869961416795,-0.5629999999999882,-0.0015855079298391
58022,131.894,6.004813333333331,0.657248667499295,44.09282570266576,-0.1811295205990859,-0.0526084402764928,49.85203120796347,56.57788539144474,17.34134380746527,-1.518000000000001,-0.0057956919363541
57219,131.499,5.562723333333352,0.6487719001192064,40.676893936909984,-0.2294235420106645,-0.0879714606233271,39.225181598062775,49.42157654022064,16.126825292148926,-1.960000000000008,-0.0101879678096308
67058,131.743,5.7554700000000025,0.7607109331351039,43.58438250283256,-0.2451818375096479,-0.1194135360005913,47.13375796178352,45.40365692260324,15.284027421281108,-1.0550000000000068,-0.0141353189752004
63301,132.156,6.112823333333338,0.7187797878228078,48.211126857224016,-0.2217881164617381,-0.1398884520928207,58.57103295486056,48.3099908382356,20.54568296940637,0.9080000000000156,-0.0169802568314029
60975,131.753,5.652486666666675,0.6928957850647661,44.38587024349821,-0.2330803507807672,-0.15852683183041,47.41068955967859,51.03849349210754,19.369495722542183,1.0069999999999766,-0.0195247740250493
51227,131.648,5.492359999999991,0.5830296013446564,43.419231145330464,-0.2476474249534419,-0.1763509504550164,45.31866892272991,50.43346381242301,18.46182434671096,0.1610000000000013,-0.0218757229411627
67326,130.786,4.579726666666673,0.7665193132103273,36.409017852211214,-0.3250017146904156,-0.2060811033020962,26.26939351198876,39.66625066479907,16.16279732738759,-1.365000000000009,-0.0252233149109568
72292,130.427,4.173783333333319,0.8234952291224666,33.95053284499227,-0.4105413808411242,-0.2469731588099019,14.538606403013013,28.708889612577213,15.154018425778554,-1.9080000000000157,-0.0295760387045664
84470,130.026,3.726820000000004,0.9621523417365372,31.400043804690497,-0.5048697075308439,-0.2985524685540903,13.057635949202565,17.955211954734764,13.79818173898272,-2.2709999999999866,-0.0349506329830846
72568,130.774,4.424890000000005,0.8272817222890042,40.39504346152392,-0.5133506505779621,-0.3415121049588647,37.41452295669168,21.67025510296908,15.755220980285154,-1.467000000000013,-0.039611460951013
60115,130.879,4.4798100000000005,0.6862441877861944,41.55357444563133,-0.5057690458362174,-0.3743634931343353,40.833604689026096,30.4352545316401,16.03659763852148,-1.0150000000000148,-0.043363618885173
65570,130.286,3.838786666666678,0.7491856305349703,37.16060546526537,-0.5413701356159208,-0.4077648216306524,22.39159891598922,33.546575520568986,14.68313442587541,-1.212999999999994,-0.0471373865616779
68142,130.14,3.649443333333309,0.7790043121778123,36.147372458802586,-0.574739990735452,-0.4411598554516123,18.204312477906857,27.143172027640716,14.081939708210998,-1.6030000000000086,-0.0508896019792894
73644,129.734,3.2031266666666625,0.8425757895647963,33.418568995523714,-0.6267221850229703,-0.4782723213658839,4.394046775336512,14.996652723077515,13.239633686855978,-2.421999999999997,-0.0549691933779978
67574,129.957,3.386493333333348,0.7735880297438336,36.2646007853626,-0.6425176684673772,-0.5111213907861827,12.296243798723712,11.63153435065568,13.183521898851048,-1.7959999999999925,-0.058659861850273
81544,129.141,2.532756666666657,0.9334411496169652,31.036650525614647,-0.7126649256563837,-0.5514300977602229,7.060152499293992,7.916814357784724,11.792610361069965,-2.507000000000005,-0.0630260825674768
85206,129.428,2.779426666666666,0.975046740586372,34.60735471644131,-0.7366074784323189,-0.5884655738946422,21.668839634941158,13.675078644319605,10.785249401757284,-1.358000000000004,-0.0671149806813032
74420,130.092,3.401016666666692,0.8508224292888646,42.07939923162584,-0.6940028405395822,-0.6095730272236302,41.15056427195189,23.293185468729,16.353494820404585,-0.3349999999999795,-0.0697324570245781
67138,129.665,2.9354866666666624,0.7680444632513674,38.99372714340041,-0.686776952269895,-0.6250138122328832,32.66055045871528,31.82665145520276,16.120732890608906,-0.3610000000000184,-0.0717491014068554
66343,130.141,3.372966666666642,0.7605043786059074,43.92974303047423,-0.635317615850397,-0.627074572956386,47.27495407225924,40.36202293430879,15.089977793103108,-0.6330000000000098,-0.0724331530154135
67370,130.276,3.471083333333354,0.7737700268649799,45.281953029549065,-0.5769911543724504,-0.6170578892395989,67.4026495383385,49.11271802310432,15.6724794535031,-0.6029999999999802,-0.0718533737843679
69227,129.729,2.890550000000033,0.7969927789761628,40.97052296976752,-0.5683537141333375,-0.6073170542183466,45.44359694901693,53.37373351987154,14.552265089769817,-0.556999999999988,-0.0711228198753524
76232,130.174,3.300926666666683,0.8786094692013897,45.51545016295557,-0.5196109479729785,-0.589775832969273,63.30790847049408,58.71805165261649,13.696531113039162,0.0340000000000202,-0.0695240075773599
63356,130.136,3.2337433333333365,0.7316571803396988,45.19544211324458,-0.4785320178134782,-0.5675270699381141,61.78241670012029,56.84464070654375,15.97901194878435,0.4019999999999868,-0.0673323307230433
68468,130.195,3.266546666666656,0.7924306522872607,45.83223191627084,-0.4361877617874654,-0.5412592083079844,64.15094339622618,63.08042285561351,15.214494512701412,0.2379999999999995,-0.0646179324033441
57807,129.777,2.828406666666652,0.6710399968796157,42.0999854065065,-0.4313859912624025,-0.519284564898868,59.98983223182449,61.97439744272364,13.98831417282981,0.6359999999999957,-0.0621653622615631
64841,129.36,2.39260666666668,0.7547077135664471,38.713091273061785,-0.4559727979306558,-0.5066222115052256,38.79003558718918,54.31027040507994,13.022113892866638,-0.0679999999999836,-0.0604941027730727
59392,129.595,2.603806666666671,0.6924799297569838,41.566087097718416,-0.4512932556003193,-0.4955564203242443,50.73716319267912,49.83901033723092,12.139710161310369,-0.4970000000000141,-0.0589516738762212
60924,129.894,2.87706333333334,0.7120961118582113,45.069831071066304,-0.4186321525711207,-0.4801715667736196,65.93797661413356,51.82172513133394,13.5323122339975,0.2290000000000134,-0.057001694566992
56434,129.631,2.588169999999991,0.6614427501690319,42.64751733028242,-0.4092522894847548,-0.4659877113158466,52.567361464158616,56.41416709032375,12.9876973342262,-0.5099999999999909,-0.0551433560362529
54162,129.491,2.41895666666666,0.6375460750105248,41.37279300511016,-0.4084076413175808,-0.4544716973161935,24.912526242128934,47.805954773473694,12.548632101749105,-0.7849999999999966,-0.0535281302085099
52686,129.606,2.504836666666648,0.6228002629931362,42.88302004983396,-0.39391787262457,-0.4423609323778689,32.96011196641028,36.8133332242326,12.066805142825505,-0.1230000000000188,-0.0518696856792336
55467,129.643,2.514783333333341,0.6581064303571766,43.38830661516556,-0.3751248302283443,-0.428913711947964,35.549335199440804,31.14065780266,12.98305969470716,-0.5310000000000059,-0.0500972900890274
46049,129.546,2.388869999999983,0.5483475842630215,42.33103613263306,-0.3638639015107401,-0.4159037498605192,28.7613715885235,32.42360625145819,12.490023994476848,-0.5900000000000034,-0.0483720633682036
46277,129.279,2.091943333333333,0.5526331188177861,39.47931394590723,-0.3721937846919729,-0.40716175682681,10.076976906928287,24.795894564964183,11.778229937447913,-0.9159999999999968,-0.0470578685962172
51830,128.67,1.453579999999988,0.6205234881249164,33.873938297605264,-0.4230597184129863,-0.4103413491440453,8.280871670701814,15.706406722051192,10.480682614543694,-1.106999999999999,-0.0468960086825335
57955,128.307,1.0610733333332971,0.695125561189917,31.04453831401885,-0.4870480172723148,-0.4256826827696992,2.252057167604701,6.869968581744925,9.718202363768198,-1.0530000000000257,-0.0479673314085152
59930,128.526,1.2529433333333344,0.7198058097724415,34.5940459333916,-0.5141608096290611,-0.4433783081415716,13.3830627468191,7.971997195041863,9.819729536053092,-1.0689999999999884,-0.0493999435722321
75222,128.17,0.8712900000000019,0.9054092733494288,31.734351460746907,-0.5579425038159513,-0.4662911472764476,9.521896343912475,8.385672086112082,8.956177219790792,-1.724000000000018,-0.0514522394733158
53939,128.454,1.1285700000000247,0.6507656309908707,36.26099779248501,-0.5632308111838427,-0.4856790800579266,25.02401536983698,15.97632482018951,8.364849470288254,-1.1769999999999925,-0.0533079884202358
56021,128.843,1.4889233333333325,0.6776734963988691,41.93994380777915,-0.5299241481679928,-0.4945280936799399,43.70797310278537,26.084628272178264,14.353087236336926,-0.6480000000000246,-0.0542663553324679
47602,128.956,1.5728766666666445,0.5768334282092199,43.51434064206721,-0.4887759176208988,-0.4933776584681317,49.13544668587858,39.28914505283363,13.637347294485991,-0.6500000000000057,-0.0543071342576583
54027,129.483,2.071406666666689,0.6557698203869371,50.2851384565745,-0.4089272934871815,-0.4764875854719417,76.3170851797146,56.38683498945951,18.03189000369456,-0.1599999999999966,-0.0528337011757418
60772,129.367,1.9283299999999883,0.7389031991253979,48.8958087123995,-0.3509612512914088,-0.4513823186358351,76.47999999999969,67.31084395519761,19.55515381337391,-0.179000000000002,-0.0504786165811805
62019,129.562,2.0944900000000217,0.755049919076049,51.33017952952658,-0.2859911469922451,-0.4183040843071172,86.88000000000092,79.89236172657172,18.240230925329715,0.2830000000000154,-0.0472411549636819
43509,129.67,2.172996666666677,0.5306687913962439,52.674790305705365,-0.2232141006382733,-0.3792860875733485,92.63999999999966,85.33333333333341,17.615316254306414,1.0,-0.0432955162342395
65365,129.89,2.362866666666662,0.7978576670257568,55.37911381288613,-0.1539361970773143,-0.3342161094741416,87.17149220489924,88.89716406829992,21.879445604122115,1.5829999999999984,-0.0386279955130663
58243,130.27,2.713453333333348,0.7114890937498979,59.66636616004145,-0.0675909883377698,-0.2808910852468673,92.70130900436344,90.83760040308744,23.611664634198355,1.7439999999999998,-0.0330284577051213
48383,130.548,2.960370000000012,0.5918234109094835,62.50470058215804,0.0230052975788055,-0.2201118086817327,98.34524257239522,92.7393479272193,23.901133112645,2.3780000000000143,-0.0265603626034502
61452,130.3,2.683083333333357,0.7521877608447072,58.54657751311397,0.073939649250434,-0.1613015170952993,84.23487544484037,91.76047567386634,24.121793600667036,1.846000000000004,-0.0201087775627683
37069,130.347,2.698823333333337,0.4547555315360322,59.07549858810132,0.1167521509960067,-0.1056907834770381,85.90747330960896,89.49586377561484,23.292234117205076,1.504000000000019,-0.0138351575293709
63814,130.602,2.9211566666666755,0.7837079207095008,61.91481355124713,0.1693060808422899,-0.0506914106131725,94.98220640569424,88.37485172004784,24.00975833949666,1.646000000000015,-0.0075391511503989
64884,130.287,2.577506666666679,0.7974360063667065,56.68315660566477,0.1834231930484406,-0.0038684898808499,83.68515205724549,88.19161059084955,22.412384835210425,0.804000000000002,-0.0019589657099313
63664,129.752,2.017473333333342,0.7835638666581681,49.09539982160647,0.149715253118245,0.026848258718969,60.8609794628755,79.84277930860507,20.52600043991989,0.3850000000000193,0.002098818328973
61105,129.808,2.0475766666666573,0.7529596842181081,49.8521123884312,0.1260669782086267,0.0466920026169006,56.491391344811454,67.01250762164415,18.914387325899835,0.2459999999999809,0.005042154577668
54107,129.921,2.134516666666656,0.6677255376993368,51.421370120816775,0.1151167117898808,0.0603769444514966,58.37974683544278,58.5773725477099,18.05256871174765,0.2510000000000048,0.0072726118778005
58963,129.481,1.6705000000000183,0.7279240725920744,45.45655401157604,0.0701258567690388,0.0623267269150051,20.428751576291745,45.09996325218199,19.282889430797823,-0.4089999999999918,0.0082522646248842
62862,129.229,1.3970633333333211,0.7770671210854262,42.42146374220375,0.0139748922169076,0.0526563599753856,9.934562760261944,29.581020390665483,18.132418103704737,-1.0409999999999968,0.0079561752305345
63128,129.156,1.3039600000000036,0.7813240353142777,41.55586926484985,-0.0360006485828421,0.03492495826374,25.632614807872567,18.665309714808743,16.455054568604993,-1.391999999999996,0.0066929043644376
63167,128.964,1.095399999999998,0.7831732458519376,39.28536327160604,-0.0900612500802822,0.0099277165949356,16.63542642924049,17.40086799912499,18.69908488345587,-1.3360000000000127,0.0045338890913389
61961,128.278,0.3948566666666551,0.7691249082054097,32.461031039796296,-0.1861137298850508,-0.0292805727010616,5.192307692307354,15.820116309806792,16.774542152050888,-2.069000000000017,0.0008254454606766
68575,128.066,0.1682600000000036,0.8525855275175296,30.6869264895969,-0.2761592484798427,-0.0786563078568179,2.5482344375685253,8.12532285303878,15.407920113453958,-2.5360000000000014,-0.0040826251655017
80376,128.346,0.4332199999999915,1.0005822289095765,35.68642459073861,-0.3212244354303948,-0.1271699333715333,14.818763326226106,7.519768485367319,14.722315242704036,-1.9410000000000025,-0.0091542014712232
68843,129.511,1.576906666666659,0.8584655576072096,51.39521798889191,-0.2599367678226372,-0.153723300261754,57.19450469992765,24.853834154574084,20.84811030308887,-0.2410000000000138,-0.012345166842841
63120,129.793,1.838620000000006,0.7882722604800907,54.3047245422746,-0.1864613955621905,-0.1602709193218413,67.38973246565475,46.46766683060283,23.016435314791117,-0.0149999999999863,-0.013690300451269
67264,129.828,1.8544333333333327,0.8415013914096346,54.667430173751065,-0.1239782817334855,-0.1530123918041702,68.65509761388311,64.41311159315516,22.87955704179717,-0.0929999999999893,-0.0136612824279037
80011,130.28,2.2874666666666883,1.0035449113030903,59.17426914376424,-0.0375544372040508,-0.1299208008841463,95.80277098614474,77.28253368856086,25.93282185490408,0.7990000000000066,-0.0120045633016284
76474,129.863,1.8530199999999863,0.960805370847543,53.85479856591034,-0.0026804343710011,-0.1044727275815173,75.99214145383132,80.15000335128639,24.69085619649781,0.6339999999999861,-0.0099330858590053
77695,128.816,0.7925333333333242,0.977041198077862,43.32403784167884,-0.0588483189391695,-0.0953478458530477,34.85265225933221,68.88252156643608,21.74582271153572,-0.3400000000000034,-0.0092315872628326
83389,128.762,0.7269266666666852,1.0493881096696025,42.85855399458677,-0.1064915525018079,-0.0975765871827998,32.73084479371326,47.85854616895893,20.639296651016046,-0.2019999999999981,-0.0095417673214737
75886,128.885,0.8381666666666661,0.9564987552507218,44.32587496358639,-0.1327933274867518,-0.1046199352435902,37.56385068762253,35.049115913555994,22.276920364400333,0.6069999999999993,-0.0103125821934108
68698,129.272,1.2103733333333082,0.8674484957978831,48.782280186681625,-0.1210150221047285,-0.1078989526158179,52.7701375245578,41.02161100196452,20.93407700312633,1.2059999999999889,-0.0107553630175729
79105,128.771,0.694673333333327,0.9987188337248768,43.88496075016769,-0.1503737284623696,-0.1163939077851282,33.08447937131586,41.13948919449872,18.536154257347867,0.4249999999999829,-0.0116939513671325
58680,128.959,0.8695299999999975,0.7423895581667859,46.07276904148061,-0.1566647522073765,-0.1244480766695779,40.47151277013777,42.10870988867046,17.78719525146414,-0.5519999999999925,-0.0126182600100577
65318,129.882,1.7794300000000192,0.8278654279511118,55.289344182381534,-0.0861786340337289,-0.1167941881424081,76.73870333988262,50.09823182711207,24.66747364015898,0.0889999999999986,-0.0120764356682792
55010,130.936,2.818080000000009,0.6984769748289648,63.05444702094277,0.0541073974018502,-0.0826138710335564,91.1764705882354,69.46222889941858,33.32270819371207,1.108000000000004,-0.0089614412602878
68600,130.991,2.8570966666666777,0.8714055632003562,63.41154468435981,0.1677889616616141,-0.0325333044945223,90.52878179384248,86.14798524065348,31.996248501932484,0.7110000000000127,-0.0041550989574717
67168,131.324,3.171763333333331,0.8536160916866916,65.5807115062754,0.2815076919316652,0.0302748947907151,95.46760293648276,92.39095177285353,32.02375556320444,1.4610000000000127,0.0020885855362511
52521,131.835,3.6625233333333256,0.6688721991933609,68.6519964807981,0.4081590311240859,0.1058517220573893,99.31934203062958,95.10524225365158,33.83522040856782,3.019000000000005,0.0097932764723658
61298,132.525,4.329540000000009,0.782235802403497,72.25243924637824,0.557778638398787,0.1962371053256689,94.35066396578878,96.37920297763368,39.30031757419494,3.763000000000005,0.0191658371443706
63519,132.73,4.510386666666676,0.8120959193454327,73.23596790770057,0.6849988020653086,0.2939894446735969,98.74242083988295,97.47080894543376,37.02202385830096,3.844999999999999,0.02952124981744
60936,133.051,4.803906666666677,0.7802176865730267,74.74548192269117,0.8024733029201059,0.3956862163228987,97.15815485996694,96.75041322187955,38.88153555268431,3.778999999999997,0.0405112678756483
57991,133.207,4.932289999999995,0.743116583272249,75.46957586495836,0.8978111790551111,0.4961112088693412,94.69593938216444,96.8655050273381,38.90564450428814,4.436000000000007,0.0516031773221919
61111,132.524,4.227210000000014,0.7841731108346863,66.48203419727045,0.9077902993425936,0.5784470269639918,81.4260734408395,91.09338922765694,34.87957790512723,3.5649999999999977,0.0611486851178791
63457,132.158,3.838646666666676,0.8149736548744713,62.20687347111277,0.8760669286351401,0.6379710072982214,74.31513503011453,83.47904928437282,32.07408172709351,2.275999999999982,0.0685714323404538
58438,132.011,3.6715666666666777,0.7530272887666295,60.52345234522232,0.8295022714867457,0.6762772601359263,71.45910238974166,75.73343695356522,29.891634919078275,1.0749999999999886,0.073894099416653
49738,132.371,4.008446666666686,0.6430712407381571,63.15325622967921,0.8122849216241832,0.7034787924335777,77.1245874587462,74.29960829286745,28.49038244376883,1.3799999999999957,0.0779757420033915
65409,132.047,3.665666666666653,0.8469026639191489,59.32294475872428,0.7636925828814469,0.7155215505231516,68.65018595493342,72.41129193447375,26.031429298262093,0.7229999999999848,0.080408414550008
72594,132.678,4.275113333333337,0.9416193169840862,63.91337734498897,0.7672547951726756,0.7258681994530564,78.74933757286719,74.84137032884892,24.966865221779457,0.8429999999999893,0.0824210103278489
71619,131.825,3.402283333333316,0.9300956640511798,54.89477080586044,0.6932564738034159,0.7193458543231283,40.33886085075701,62.5794614595192,24.02195646426585,-0.700000000000017,0.0826218775197388
58087,132.315,3.87072333333333,0.7560361062653598,58.51603080980317,0.6664685414052656,0.7087703917395558,55.27831094049917,58.12216978804111,22.61322340338096,-0.414999999999992,0.0821744006819287
61418,131.961,3.4960766666666814,0.8010761011860668,55.07581556288587,0.6096464457496893,0.6889456025415825,32.72807794508461,42.78174991211358,20.84568140160209,-1.089999999999975,0.0806201725326116
60058,132.409,3.921156666666661,0.783349141704468,58.40836204585158,0.5939180637317634,0.6699400947796188,46.556886227544766,44.8544250377095,19.810679754204266,-0.7980000000000018,0.0789049524286948
64125,131.44,2.930116666666663,0.8377777105183503,49.80278343171178,0.4975278149857445,0.6354576388208439,17.106867127183868,32.13061043327107,17.319710875858704,-1.0840000000000032,0.0755516342480732
66023,131.167,2.637623333333323,0.8639579707862963,47.67175265758316,0.3945607789028429,0.5872782668372438,12.485811577753024,25.383188310827208,16.247472532952443,-0.9909999999999854,0.0706927121860085
58617,131.196,2.647269999999992,0.7686432407160005,47.92665370889856,0.3117055708162013,0.5321637276330353,13.583049564888716,14.391909423275196,15.51566067286347,-0.8149999999999977,0.0649427344690308
65194,130.875,2.309133333333364,0.8559101131147052,45.29643891647547,0.2176314839014139,0.4692572788867111,7.346938775510424,11.138599972717378,14.724883981655774,-1.496000000000009,0.0582397695408518
77114,130.725,2.1415066666666576,1.011998734903023,44.079083002481184,0.1294807721146185,0.4013019775322926,3.5620052770443635,8.163997872481158,15.06280835896766,-1.3220000000000027,0.0508518798906869
52755,130.597,1.994556666666682,0.6929784662408478,43.01666924996504,0.0487304335680676,0.3307876687394476,6.335754640839796,5.748232897798185,14.315181326280172,-2.080999999999989,0.0430348511721432
58628,130.376,1.7523266666666757,0.7714555651172853,41.17154634992267,-0.0327204633965152,0.258086042312255,5.255311218784626,5.051023712222919,13.627245050747836,-1.448999999999984,0.0348546478607844
54830,129.74,1.097516666666678,0.7232320068392374,36.34062039249953,-0.1468974286719344,0.1770893481154171,1.8529956763434925,4.481353845322629,12.495831187119716,-2.5749999999999886,0.0257687139682709
68644,129.968,1.305029999999988,0.9059573253501794,39.09940110218156,-0.2164902370367372,0.0983734310849863,10.795282733595329,5.967863209574474,11.91684753482589,-1.9930000000000236,0.0167567514609042
69824,129.166,0.483083333333326,0.9227877182958784,33.58580721654144,-0.3325245998634614,0.0121938248952967,3.3238855964955083,5.324054668811434,10.79249700025104,-3.242999999999995,0.0069547958503848
64408,129.941,1.2344200000000285,0.852373899512105,42.08483048706731,-0.3578218972363913,-0.0618093195310408,28.81586094513857,14.31167642507646,9.779797884560583,-1.4989999999999952,-0.0018159668927032
80562,128.639,-0.0868566666666481,1.0670834346428195,34.1728784361422,-0.4774272225600668,-0.144932900136846,14.401047348898295,15.513597963510785,8.216565126608161,-2.527999999999992,-0.0114551613037987
76416,129.044,0.2979633333333424,1.0131328351370774,38.07290440344103,-0.5333866401491605,-0.2226236481393089,23.238053676631225,22.151653990222687,7.686515383824642,-2.151999999999987,-0.0206392912595009
77317,129.5,0.7315766666666548,1.02554241763528,42.22348167638888,-0.5347749400819453,-0.2850539065278362,33.18786820859692,23.608989744708804,9.474823642140189,-1.375,-0.0284078279951234
76775,129.265,0.4759366666666551,1.0184148596553777,40.70919530881748,-0.5485147768944216,-0.3377460806011533,35.62326869806059,30.6830635277629,8.801943496508862,-1.460000000000008,-0.0351913084636186
42682,129.252,0.4457700000000102,0.56749516605761,40.62240329648925,-0.5540657626945915,-0.381010017019841,36.87717265353435,35.22943652006395,8.54168429227117,-1.3449999999999989,-0.040976692057933
112331,128.272,-0.5498666666666736,1.4934833359471542,34.62875183180833,-0.6302773240742567,-0.4308634784307242,13.114301490888804,28.53824761416124,7.487652373087019,-2.1040000000000134,-0.0472278752506296
91219,128.206,-0.6299833333333424,1.2143576939871312,34.26210957773003,-0.6880695465332849,-0.4823046920512364,18.22346653092367,22.738313558448933,6.847038827900303,-1.5340000000000202,-0.0535332988707962
109919,128.289,-0.5631666666666888,1.4638769234810425,35.191412014270455,-0.718886022288558,-0.5296209580987007,22.776510832382936,18.038092951398458,6.612071760093269,-1.679000000000002,-0.0593805606439047
93087,127.649,-1.2133300000000131,1.239027001250216,31.49432111252905,-0.785891682526568,-0.5808751029842742,4.859413202934161,15.286463522080243,7.36980096649396,-1.516999999999996,-0.065513472816285
89306,127.917,-0.9585799999999836,1.1890966761187256,34.59307218573606,-0.8080540467298079,-0.6263108917333811,14.626391096979535,14.087438377432202,6.929343067335342,-2.024000000000001,-0.0710522226984868
83984,127.597,-1.28839333333336,1.1185104214198904,32.69157441791292,-0.8417361947895756,-0.66939595234462,7.807917888562841,9.097907396158837,7.315857479196551,-1.0420000000000158,-0.0762994873070909
70628,128.071,-0.8256666666666774,0.941087305741056,38.11765795354395,-0.8207209410496432,-0.6996609500856248,25.45387180437192,15.962726929971424,6.968965138845807,-0.9730000000000132,-0.080273614172091
63759,127.977,-0.9297966666666468,0.8502762996787965,37.47250313778741,-0.8024016289622296,-0.7202090858609458,22.79016141429692,18.68398370241055,9.515237074356628,-1.522999999999996,-0.0832111141069913
75152,128.948,0.0260366666666698,1.001869039271021,47.38001333808178,-0.7014460240052927,-0.7164564734898152,60.107609531130414,36.11721424993308,13.523649842103929,-0.3169999999999788,-0.0837132464330217
56601,128.132,-0.804113333333305,0.7555023895343204,41.43782934926133,-0.6794500825261309,-0.7090551952970785,33.78500451671185,38.89425848737972,12.356230553873852,-1.1200000000000043,-0.0836204199389586
62676,128.303,-0.6490333333333353,0.8372331978181163,43.04972663589749,-0.6408327485179655,-0.6954107059412559,41.50858175248381,45.13373193344202,11.785198964243111,0.0310000000000059,-0.0827144652192615
55346,128.184,-0.7839166666666699,0.7402400949786107,42.17964764884293,-0.6127669426879834,-0.6788819532906014,36.74781809830017,37.34713478916527,11.791635647272312,-0.0219999999999913,-0.0813202573997489
59051,128.064,-0.9192299999999988,0.7905240110405365,41.27374582173096,-0.5933676139871409,-0.6617790854299093,31.716417910447547,36.6576059204105,12.119196470444711,-0.2249999999999943,-0.0796811239386175
66667,128.82,-0.1789566666666644,0.8927036304824147,48.742690267783416,-0.5110989933356223,-0.6316430670110519,73.7544940934772,47.4062433674083,13.42870627612028,1.1709999999999925,-0.0766561644507697
75105,128.833,-0.1796266666666781,1.0057374102042735,48.863129316541695,-0.4397819943256422,-0.59327085247397,64.34280639431621,56.60457279941365,18.68899473684139,0.9159999999999968,-0.0726610779377102
72581,127.755,-1.269996666666685,0.972530131760835,40.38836107196915,-0.4648893940263576,-0.5675945607844476,16.47424511545275,51.52384853441538,16.886200480576477,0.1580000000000012,-0.069668205502756
73811,128.13,-0.9088966666666636,0.9889049697215108,44.02529614894466,-0.4493480189311469,-0.5439452524137875,33.12611012433378,37.98105387803424,15.817156547788382,0.0589999999999975,-0.0667761068940207
59618,128.753,-0.3011066666666977,0.7992392181420074,49.53394747147185,-0.382352947059644,-0.5116267913429589,60.79040852575437,36.79692125518029,18.502613108069585,0.775999999999982,-0.0630057722842522
54764,129.259,0.1866966666666485,0.7347083557713278,53.53374751653004,-0.2851419597294296,-0.466329825020253,83.25932504440452,59.05861456483088,23.086097352100943,0.3109999999999786,-0.0579202485552
48029,129.584,0.4902766666666593,0.644837968835721,55.9487348588015,-0.1798040983199484,-0.4090246796801921,93.55992844364914,79.20322067126934,23.660199501002328,1.4519999999999982,-0.0515650619336926
42249,129.448,0.3312466666666864,0.5684778118194019,54.66831290112837,-0.106074388118003,-0.3484346213677544,86.4042933810375,87.74118228969705,22.927048216563765,1.1450000000000102,-0.0447341865973133
38779,130.129,0.9855166666666548,0.5230187221612996,59.64819127451062,0.0072246656085042,-0.2773027639725026,99.05231235784665,93.00551139417774,24.82608984408649,1.9449999999999927,-0.0367592509336419
41126,129.847,0.6770433333333301,0.5561608752737556,56.86252140639873,0.0734136716266107,-0.20715947685268,85.95132743362832,90.46931105750416,24.13791733191281,1.7830000000000157,-0.0287130786192206
46219,130.486,1.2875366666666537,0.6261676262525768,61.275707971038365,0.1754088909100062,-0.1306458033001427,97.44094488188964,94.14819489112152,25.1342316233142,1.6659999999999968,-0.0199412652186939
47387,130.321,1.0963999999999885,0.6430545418686162,59.580703201212856,0.240158320366703,-0.0564849785667735,91.13060428849911,91.50762553467234,24.354288642495494,1.4879999999999995,-0.0112704174948293
38026,130.99,1.7371966666666765,0.5194280563364592,63.9365868540338,0.3415186047516556,0.0231157380969122,99.34229339433811,95.97128085490895,26.23052009535306,3.2350000000000136,-0.002005660761555
50668,130.295,1.016003333333316,0.6943617120023257,57.05731858539186,0.3615983876202051,0.0908122680015708,79.46811552759458,89.9803377368106,24.00039956656555,2.164999999999992,0.0062096278278942
63740,131.068,1.7612766666666744,0.8759130908421262,61.959790057673054,0.4348734495528958,0.1596245043118358,89.9696048632222,89.59333792838494,25.313731124054478,2.315000000000026,0.0145250422980499
61844,131.343,2.013456666666656,0.8531972524519874,63.553888012865286,0.5092641852602355,0.2295524405015158,93.70714985308508,87.71495674796728,24.839734783016063,2.084000000000003,0.0229357270625472
70835,130.892,1.5407133333333434,0.9799334638526528,59.17429528894715,0.5257667367658314,0.2887952997543789,82.66405484818804,88.78026985483176,23.180696491227422,1.3079999999999927,0.0303185119652825
59902,131.277,1.9020766666666589,0.8298793126998841,61.60659507444535,0.5634166932244682,0.3437195784483968,90.89114495205844,89.08744988444384,21.926233715828484,1.8289999999999795,0.0372159309942056
65076,130.488,1.0918033333333312,0.9025610147989666,54.447439070923416,0.523553648361883,0.379686392431094,63.38491932828474,78.9800397095104,19.70633628697933,0.3590000000000088,0.0422228805836762
65305,131.07,1.6495099999999925,0.9063902001135644,58.29717353727976,0.5327828451406447,0.4103056829730042,79.22383379067018,77.83329935700444,18.3335122371355,1.2229999999999848,0.0465442158446163
64293,131.149,1.7045166666666771,0.8934258514998529,58.80608222557227,0.5402440922448761,0.4362933648273786,80.52677029360997,74.37850780418829,19.881142757876155,0.6630000000000109,0.0502468070169673
63300,130.764,1.295536666666692,0.8803318429191933,55.26647968386631,0.5092209201214928,0.4508788758862015,62.42696629213544,74.05919012547186,18.475007794612072,0.443000000000012,0.0526941908356906
76504,130.365,0.8721333333333519,1.0644876005504067,51.78748382597284,0.4472828687983678,0.4501596744686348,37.939698492462455,60.29781169273596,16.79627441129671,-0.625,0.053489743989722
42015,130.712,1.194040000000001,0.5860536118281722,54.47168434289768,0.4213395765218592,0.4443956548792797,54.41478439425042,51.59381639294943,15.924447304483587,0.4170000000000016,0.0535641935036854
77777,129.801,0.2607933333333108,1.0850279663328304,47.06348254305684,0.3235396799915975,0.4202244599017433,5.465055176037071,32.60651268758331,14.000431110512368,-1.2670000000000243,0.051674171495547
64284,129.668,0.1082333333333451,0.8975747302915884,46.07821185178548,0.2326190809437491,0.3827033841101445,12.500000000000483,24.12661319009598,13.30558635199174,-1.674999999999983,0.048250488588425
67201,129.064,-0.5119300000000067,0.9391180592183004,41.798610378773446,0.1105517274909573,0.3282730527863071,0.5880047040371004,6.1843532933582095,12.168011999175254,-1.828000000000003,0.0429449952040233
76151,128.955,-0.6359300000000019,1.064761688769413,41.05751414695509,0.0049599066662153,0.2636104235622887,12.99342105263195,8.693808585556502,11.409695954578533,-2.3219999999999743,0.0363620362109857
81869,129.071,-0.5362433333333172,1.1434876926331494,42.23138651595554,-0.0685716897824022,0.1971740008933505,20.77067669172962,11.45070081613288,10.693896118639252,-1.4170000000000016,0.0293119701938411
73644,128.678,-0.9431199999999932,1.0282640432307704,39.37061068498773,-0.1567508985124561,0.1263890210121892,13.382899628252495,15.715665790871345,9.847978236743437,-2.391999999999996,0.021604474644058
69539,128.899,-0.737150000000014,0.9717598212292602,41.75982741854935,-0.2064212085030874,0.0598269751091339,20.22924411400234,18.127606811328143,9.687866096629646,-2.25,0.0140787112682635
87068,128.56,-1.084939999999989,1.216676126194042,39.20751530062244,-0.2700270501367185,-0.0061438299400365,9.72738537794284,14.446509706732549,9.116076529740305,-2.204000000000008,0.0064604963094147
75834,128.466,-1.1855733333333376,1.06067858029009,38.5047628337911,-0.3242820309022534,-0.0697714701324799,6.815365551425037,12.257331681123397,8.714341709502905,-1.899000000000001,-0.0010468353084555
68603,129.339,-0.323219999999992,0.9606376562734444,47.85306823541911,-0.2934529471042992,-0.1145077655268438,33.85997521685242,16.800908715406756,12.53556216754546,-1.3729999999999905,-0.0068435049428491
64999,129.289,-0.3832299999999975,0.9112152840910284,47.40855106870217,-0.2699435173810514,-0.1455949158976853,32.654978083906755,24.443439617394727,13.225906536914852,-0.5120000000000005,-0.0113078957879956
57179,129.363,-0.3204700000000287,0.8026369100305022,48.17583736340173,-0.242545035206092,-0.1649849397593666,38.10986011600125,34.874937805586804,12.709182750469058,-0.3050000000000068,-0.0145551855434432
76547,131.524,1.8224066666666656,1.075150109057069,64.47548440148707,-0.0459274775452911,-0.1411734473165515,99.54448830853366,56.76977550281388,26.808087157074112,2.460000000000008,-0.0135687212524625
73664,131.893,2.171523333333312,1.035190441651505,66.41776421142785,0.1380769049814887,-0.0853233768569435,94.82579303172096,77.4933804854186,29.7926878499664,2.937999999999988,-0.0092051165119298
68744,131.688,1.9493400000000063,0.9674539325073894,64.3139799812462,0.2643130804086695,-0.0153960854038209,88.09828512925505,94.15618882316988,27.631287720289105,2.6169999999999902,-0.0030558278915658
58821,131.923,2.1646399999999915,0.8289870116300265,65.65691480317516,0.3789503907244693,0.0634732098218371,94.11313027898667,92.3457361466542,26.35445456767421,3.2450000000000045,0.0043850695871548
56533,131.979,2.2017700000000104,0.7978281634530736,65.98540841564869,0.4689146607357202,0.1445615000046137,95.39994888832152,92.53712143218776,26.22880927734662,3.0800000000000125,0.0124461280879941
77277,132.57,2.7706533333333425,1.09080432815423,69.32058500206509,0.581201029995384,0.2318894060027678,88.11901365396372,92.54403094042397,31.635591437471707,4.009999999999991,0.0214389911902571
83586,131.036,1.220406666666662,1.1804179360558449,54.40837826653631,0.5401809371931847,0.2935477122408512,56.85755043814962,80.12550432681162,26.40565534468816,2.569999999999993,0.0283170065552973
93743,130.631,0.8014399999999853,1.3236879754687374,51.27236838344384,0.4695790874228862,0.3287539872772582,47.741400745959496,64.23932161269094,23.85067478351269,1.2920000000000016,0.0328166679854251
72226,131.292,1.4466533333333302,1.0204998592724364,55.75475549323956,0.4616422639570032,0.3553316426132072,61.4380439287196,55.34566503760957,23.046370204370305,2.0030000000000143,0.0364588142131549
69013,131.303,1.4415066666666403,0.9777415383672404,55.82757725578907,0.4510405673503044,0.3744734275606267,61.458333333333314,56.87925933600413,24.36840283186425,1.9399999999999975,0.0393141225961665
95816,130.565,0.6883433333333357,1.3576690532900468,49.89430930526606,0.3787225364778237,0.3753232493440661,45.538720538720455,56.14503260025777,22.44400761305524,-0.9590000000000032,0.0403333312806955
77917,130.263,0.37272999999999,1.1048169244654755,47.66200816140563,0.2936560161477928,0.3589898027048114,32.523931823488326,46.50699523184736,20.966223000397925,-1.6299999999999957,0.0395473473000117
56512,129.76,-0.1418800000000146,0.8012949958621592,44.12125728043457,0.1835365940527822,0.3238991609744056,17.384952520087626,31.81586829409879,19.2186041461956,-1.9279999999999973,0.0367551817116612
101379,130.319,0.4052700000000016,1.435994360594975,48.68379118815595,0.1397617010261456,0.2870716689847536,28.560625157549428,26.15650316704178,17.33935532069633,-1.6040000000000134,0.0335082154272585
61647,130.021,0.0967533333333108,0.873864688449946,46.503884757828914,0.0801003267058604,0.245677400528975,17.492096944151438,21.145891540596157,16.402771339617125,-1.9580000000000268,0.0295844532712515
164280,129.315,-0.617133333333328,2.319913993156576,41.73588515573598,-0.0238748278380285,0.1917669548555743,26.6857688634192,24.24616365504001,14.133297484017945,-3.2549999999999955,0.0242605645722653
107763,130.235,0.2892266666666785,1.5190745255688698,49.06469859961765,-0.0316744523058787,0.1470786734232837,44.25978987583599,29.479218561135536,14.398387502256012,-0.8009999999999877,0.0195606753010542
127858,128.994,-0.9605600000000152,1.800695502406251,41.48440515045709,-0.136421457774361,0.0903786471837548,20.553963705826103,30.499840815027085,12.812345588067709,-1.6370000000000005,0.0135825094915733
104547,127.817,-2.1425333333333327,1.4717880887184307,35.8303808333974,-0.3108252773548088,0.010137862276042,7.681660899653796,24.16513816043862,11.4101041799388,-3.4750000000000085,0.0052153401923246
109192,128.457,-1.5072733333333304,1.539359021459625,40.57326855304306,-0.39287014708475,-0.0704637395961163,21.78161999624116,16.672414867240345,10.441719823840188,-2.846000000000004,-0.0034438261264264
88059,127.77,-2.1955566666666613,1.2424958147948264,37.37946696743977,-0.5074765818066567,-0.1578663080382244,10.245278923377343,13.236186606424091,9.875517156741282,-2.7950000000000017,-0.0129507484052665
117054,125.579,-4.381696666666684,1.651483321364194,29.42437063862279,-0.7662653659129148,-0.2795461196131625,7.419874140201828,13.148924353273436,8.414206700118864,-4.684000000000012,-0.025878080617247
138754,125.161,-4.794713333333334,1.953380200592597,28.19168602152368,-0.9936324717977244,-0.4223633900500749,10.235591641155397,9.300248234911514,7.7141207327656,-4.5989999999999895,-0.0411244123923627
127404,126.043,-3.910663333333332,1.7907369799187305,34.43340762033348,-1.090086671886425,-0.555908046417345,23.23388685617804,13.629784212511746,11.07639422898689,-4.275999999999982,-0.0558776611008595
99855,128.317,-1.643416666666667,1.4028774805345938,47.18095813024444,-0.9718318523333096,-0.639092807600538,58.33828775267549,30.602588750002965,18.27428117268148,-1.7039999999999793,-0.0661570133101554
103227,127.611,-2.354230000000016,1.449773026612184,44.301184250471664,-0.9244261463889956,-0.6961594753582295,49.439410228843656,43.67052827923239,18.98385960159364,-1.7039999999999935,-0.0739315531247918
102077,127.991,-1.98272333333334,1.4326269416630724,46.20445901926257,-0.8464367625706473,-0.726214932800713,56.46375902102301,54.747152334180704,18.334070211171777,-2.244000000000014,-0.0789825587188966
91768,129.303,-0.6843166666666605,1.2870671592449745,52.26891387590805,-0.6710269973275444,-0.7151773457060794,77.73029439696094,61.21115454894253,20.008721916558144,0.3089999999999975,-0.0798658887197112
99849,129.568,-0.4311500000000023,1.399104694807899,53.41132537576029,-0.5048110616262136,-0.6731040888901062,87.75856222448321,73.98420521415572,20.75542490093017,1.751000000000019,-0.0773589612553918
103321,131.045,1.0268233333333114,1.4462912781723072,59.26358235935072,-0.2510087067419704,-0.588685012460479,99.25406534387572,88.24764065510662,24.391337075347018,2.587999999999994,-0.0703064907868082
88625,131.537,1.500123333333363,1.2403414893958222,61.02010204593,-0.0100523465706316,-0.4729584792825095,95.06386375731798,94.02549710855897,27.00731756307312,3.76700000000001,-0.0596221275881297
81935,131.665,1.6102133333333484,1.1464443225573753,61.48539363384823,0.1890565093649456,-0.3405554815530185,96.61264612114778,96.97685840744714,26.041409674635847,6.085999999999999,-0.0466452082784923
65574,131.617,1.5434233333333225,0.91798054173541,61.190419533658094,0.3390699263017609,-0.2046303999820626,95.30404959767812,95.66018649204794,25.494437955947877,6.455999999999989,-0.0326661384815769
93067,133.146,3.0485999999999933,1.3018126697343435,66.67488726834111,0.5747092708955677,-0.0487624658065365,97.82098558498132,96.57922710126908,30.3079954500918,7.10299999999998,-0.0162433659946586
93157,133.321,3.1995133333333285,1.3033918521392691,67.24542291090336,0.7667377115785143,0.1143375696704736,93.96969059145437,95.6982419247046,30.713598434923107,5.003999999999991,0.0014066332109194
90000,134.56,4.411266666666677,1.260111225817356,71.02738206528514,1.0072871997309107,0.292927495682561,99.50092964086518,97.09720193910027,31.77949816813595,6.948999999999998,0.0209830372717261
102210,134.096,3.923936666666663,1.4321059729461063,67.86703296739023,1.1472585970043951,0.4637937159469278,93.29965982888356,95.59009335373436,30.78560458266769,6.105000000000004,0.0402573830841367
124864,136.129,5.925039999999996,1.7464278935757804,73.44270446536407,1.4060252632784227,0.6522400254132269,87.83865662598458,93.5464153652444,38.7108456198811,6.825999999999993,0.0614759525080416
128903,136.237,6.0003466666666725,1.7991160390739465,73.70374700125636,1.6013549845668535,0.8420630172439523,87.17238650974188,89.43690098820333,35.161241045249625,6.668999999999983,0.0831056397324407
122559,135.939,5.670556666666641,1.7065968946531662,71.6120876349621,1.712369951564142,1.0161244041079902,84.16244662893457,86.39116325488699,32.29621846946939,4.8940000000000055,0.1034431059096796
121269,134.669,4.372550000000018,1.6845938016843829,63.35958189225296,1.678522761017149,1.148604075489822,70.1001878522231,80.47834033029984,28.99587800062037,3.132000000000005,0.1199007917719586
101291,135.406,5.0814200000000085,1.4051035917849664,65.8211158483335,1.6916678651639074,1.2572168334246392,74.53936348408729,76.26733265508165,27.292124926775656,3.741000000000014,0.133908328565192
80822,134.676,4.325183333333314,1.1206043848626035,61.41969287070928,1.624454851430869,1.330664437025885,64.37297432061821,69.67084188564286,25.913246593697043,3.058999999999997,0.1442958524576293
86787,134.778,4.400336666666675,1.2028371250398069,61.80402567398818,1.5614195289741415,1.3768154554155363,59.57165908757505,66.16133229742685,24.896677961869383,1.632000000000005,0.1516721657929975
101779,134.886,4.481243333333339,1.4087128365522164,62.23303049987771,1.502854310194948,1.4020232263714187,58.28607435412725,60.74356925410683,25.594723810026863,1.5649999999999975,0.1565709231350185
95804,134.882,4.45119333333335,1.3234570293422685,62.205163389408085,1.439524246362879,1.4095234303697108,56.89907362262326,58.25226902144184,24.210772836407457,0.3220000000000027,0.1592803560726307
89294,135.166,4.708483333333334,1.2318541077712688,63.45636074117108,1.3961571109233546,1.4068501664804398,60.39471483525672,58.52662093733573,22.96548401748512,1.0699999999999932,0.1605140174830079
99564,136.471,5.984446666666656,1.3706003445358428,68.60029864013211,1.4503719522636516,1.415554523637082,79.58909370199714,65.62762738662569,29.42230023829488,0.3420000000000129,0.1623301876998295
103409,135.757,5.245719999999977,1.4219590497683023,63.346438494809824,1.4193622473050311,1.416316068370672,61.217808817110665,67.06720578478816,27.79353449983475,-0.4799999999999897,0.1630636935237077
96119,136.85,6.307476666666673,1.321094678245594,67.45545040913751,1.4660827092627358,1.426269396549085,82.04724409448826,74.28471553786535,27.21422162469489,0.9110000000000014,0.1643372875143297
103432,136.317,5.7460266666666655,1.4200315165937942,63.70497517656937,1.4434610460186263,1.4297077264429934,65.92945128779441,69.73150139979776,25.25722739155366,1.647999999999996,0.1647915870321094
125615,136.628,6.027409999999975,1.720822021809127,64.93021259581718,1.4340969389639042,1.4305855689471756,77.4054412740541,75.12737888544558,24.39184149737614,1.22199999999998,0.164807554114107
74733,136.912,6.280876666666671,1.0245568451988665,66.0570603424012,1.433072673448521,1.4310829898474446,92.31040564373936,78.54843273519595,24.314789364941248,2.2360000000000184,0.1646175266988737
111476,139.059,8.390586666666678,1.5263456047206967,73.0952306096065,1.587209528974114,1.4623082976727786,99.29137140475216,89.66907277418187,32.18844290963219,4.281000000000006,0.1671328268115732
126961,138.805,8.10320333333334,1.7371840244361776,71.21391552547888,1.6696220564773512,1.503771049433693,83.67346938775523,91.75841547874892,33.112764386605164,3.919000000000011,0.170624755697507
116927,139.066,8.331900000000019,1.6022047311993926,72.01108388299406,1.7359837568690182,1.5502135909207582,83.6137399228882,88.85952690513186,32.107817207257774,4.1839999999999975,0.1746495554194863
121474,138.811,8.042840000000012,1.6679269953429474,69.97226911648154,1.7478513710577204,1.5897411469481506,79.1447599018578,82.1439897375004,30.04394316085824,3.64500000000001,0.1781216768912482
136567,137.247,6.450140000000005,1.8726502227929265,58.94845030177208,1.6124672924755714,1.5942863760536348,51.23074198689579,71.32974727054726,26.08871441919324,0.7760000000000105,0.1784193415100196
126141,135.316,4.4980600000000095,1.728134716170888,48.73879450945428,1.333981563757618,1.5422254135944315,17.035594120771925,49.13703200317516,23.335049749286785,-0.4410000000000025,0.1734069373099124
133319,135.607,4.767336666666665,1.8242414387694592,50.14026536101552,1.1238063453745326,1.458541599950452,22.18877279971645,30.15170296912804,21.81558782297581,-1.242999999999995,0.165158554314466
147712,137.383,6.516273333333345,2.0189794161470127,57.73497301193231,1.088007455241069,1.3844347710085754,49.846743295019245,29.69037007183586,27.58249603485792,1.0660000000000025,0.1573766800987692
135304,136.928,6.035176666666672,1.8501061762728708,55.40648083421227,1.0112646500910216,1.3098007468250648,41.13026819923356,37.72192809798975,25.72454095601516,0.3000000000000113,0.1492695408708367
111920,136.82,5.901193333333339,1.530343308565014,54.84110266299921,0.9309987526077634,1.2340403479816044,39.0613026819921,43.34610472541496,24.394081530749556,-0.0920000000000129,0.1408459140525342
100142,136.917,5.972173333333359,1.3699525902446974,55.28245867748368,0.8652405850341722,1.160280395392118,40.91954022988499,40.37037037037021,23.42319958339833,-2.141999999999996,0.1324399723756109
94300,137.076,6.105273333333315,1.2900236212488885,56.0408701273783,0.8165441222909635,1.0915331407718871,43.96551724137908,41.31545338441871,22.75353106122713,-1.7290000000000134,0.1243798636858294
130915,137.199,6.204440000000005,1.788274362252703,56.653326849373286,0.7788982426796736,1.0290061611534445,46.3218390804599,43.73563218390799,22.599059656394367,-1.8669999999999904,0.1168327449476597
143964,137.651,6.631990000000002,1.962070329189806,58.91844667440394,0.7765842544636712,0.97852177981549,54.980842911877495,48.42273307790549,23.94308250609601,-1.1599999999999966,0.1103779679726113
118932,137.603,6.55925000000002,1.6187249376670558,58.5684318071864,0.7620922778903036,0.9352358794304528,54.0613026819924,51.787994891443255,23.239264794948376,0.3559999999999945,0.104644393094228
134518,137.346,6.276896666666659,1.8263326269288376,56.62867116491065,0.7215519284053187,0.8924990892254259,49.137931034482726,52.72669220945087,21.963253467834743,2.030000000000001,0.0990632306133716
124525,136.649,5.559056666666663,1.6872559389871151,51.6340235389748,0.6259655927300969,0.83919238992636,39.6855746760144,47.62826946416317,20.225254757218984,1.0420000000000016,0.0926260085259979
151859,133.186,2.084609999999998,2.0529132201125107,35.079251671390494,0.2676917902184073,0.7248922699847695,8.052147239263878,32.291884316586994,16.46236253906831,-4.197000000000003,0.0807292105535875
120640,134.519,3.401340000000033,1.6282825187142091,42.69545673249649,0.0902785057409403,0.5979695171360038,32.83845881937095,26.85872691154973,15.196040347980198,-2.408999999999992,0.0674626730675273
99413,134.752,3.6181100000000015,1.3400590528403529,43.933592572108815,-0.0311624266073806,0.4721431283873269,36.956521739130665,25.949042599255154,15.658337970163991,-2.067999999999984,0.0540576042318866
107293,136.468,5.308103333333321,1.4444411884930108,52.13588612993056,0.0109355600326068,0.3799016147163829,67.28525980911976,45.69341345587378,21.445100830045643,-0.4490000000000123,0.0434975601278393
103472,134.149,2.969996666666674,1.3912948069413889,42.98405302454458,-0.1411977616600666,0.2756817394410931,26.299045599151697,43.51360904913403,19.073707268161154,-2.9269999999999925,0.0318791557511103
146129,135.284,4.082223333333332,1.9599594870080483,47.8126033402102,-0.1682401332237191,0.1868973649081306,46.35913750441846,46.64781430422997,17.818395326378123,-1.9150000000000205,0.0216197586251893
120746,135.09,3.869049999999987,1.616327135994982,47.07870570911783,-0.2029856934719021,0.1089207532321241,42.93036408624969,38.52951572993994,18.341209041748915,-2.561000000000007,0.0123896139290417
109528,136.742,5.495956666666643,1.46432675524755,53.6088295959629,-0.0961112954501572,0.0679143434956678,72.12796041003885,53.80582066690232,20.96257667003013,-0.8610000000000184,0.0065908357041956
122933,136.186,4.916953333333339,1.6397767887807964,51.31386938749641,-0.0556357836615859,0.043204318064217,62.30116648992601,59.119830328738175,19.831026805559627,-1.1599999999999966,0.0025276630964327
118970,135.932,4.64273666666665,1.584783802071566,50.25543132930719,-0.0435522825889336,0.0258529979335869,57.81194768469413,64.08035819488633,18.734895958909465,-0.717000000000013,-0.0005681702323714
104559,136.349,5.039453333333341,1.3911782453971695,52.00571029402212,-0.0003238725452661,0.0206176238378163,65.18204312477901,61.76505243313304,19.357032559229,3.1629999999999825,-0.0022837491803961
101761,136.409,5.07848999999996,1.3506474775263038,52.265959658978986,0.0383345555236473,0.0241610101749825,69.13853532558561,64.0441753783529,18.989184355611048,1.8899999999999864,-0.0029104873515745
72371,137.566,6.21074999999999,0.9600200570714386,57.09713896517186,0.1604819330075884,0.0514251947415037,97.20570749108222,77.17542864714893,22.110523986410204,2.813999999999993,-0.0011148850881296
126622,138.119,6.737779999999987,1.6761955964838386,59.221520159140816,0.2984665514578637,0.1008334660847757,97.95405599425692,88.0994329369749,23.28504412535843,1.6510000000000105,0.0030222054819605
114175,138.651,7.242256666666691,1.5098924237186595,61.21137659817636,0.445611576722797,0.16978908821238,94.56172943759498,96.57383097431136,25.86300579912845,4.5020000000000095,0.0093073228068136
94444,139.612,8.17189666666664,1.2480415383066608,64.57421949749151,0.6324789147312515,0.2623270535161543,100.0,97.5052618106173,27.441346145792945,4.328000000000003,0.0181207247704409
89227,140.215,8.742553333333348,1.1784327018077818,66.534755501727,0.8197797759659977,0.373817598006123,97.5802698929734,97.38066644352278,30.01086755232449,5.125,0.0290754476086634
95833,141.063,9.554613333333322,1.264278314226813,69.12271637147919,1.0248299689451985,0.5040200721939381,99.15277777777769,98.91101589025034,31.86660950818652,4.320999999999998,0.0421472626995715
120301,141.977,10.429716666666678,1.584685383508469,71.66606353968788,1.2467145364480243,0.6525589650447554,99.00417998524723,98.57907588533276,34.77096180619973,5.790999999999997,0.0572936984806722
121362,143.881,12.289103333333344,1.5955576144876424,76.08521143047984,1.5582341886346,0.8336940097627243,96.18446903112398,98.11380893138296,41.47385126170315,7.949000000000012,0.0757801800812721
132417,142.667,11.033330000000008,1.7362535828576495,68.72511473826012,1.6877013327849395,1.0044954743671677,83.4949431758941,92.8945307307551,37.80973181171059,6.318000000000012,0.0937987928374108
131694,141.325,9.654803333333348,1.7220574620657103,61.628028898752376,1.662848510306901,1.1361660815551142,68.41934787302947,82.69958669334916,34.29212810626021,4.915999999999997,0.1086042023868668
153181,139.896,8.193349999999981,1.996154363397717,55.10270733663754,1.510432783176725,1.2110194218794366,52.99071474843432,68.30166859911928,30.605375533632117,2.329999999999984,0.1183522385149919
147612,141.115,9.375589999999988,1.916926766883352,59.08273756392819,1.471048007981523,1.263025139099854,65.23619427811055,62.215418966524766,28.358307830994896,2.9960000000000093,0.125798573103431
154446,139.808,8.036046666666635,1.997113754295415,53.59667644177967,1.31916480225334,1.2742530717305511,47.14421703950489,55.12370868868325,27.567940941591925,1.1569999999999825,0.1292660367771419
167640,139.522,7.717433333333332,2.1580153673416365,52.449018344607225,1.1623199567141,1.2518664487272608,40.8482422119353,51.07621784318357,24.35975063399821,-0.0900000000000034,0.1292615956918141
161706,141.616,9.774340000000024,2.072368825757362,59.31772845087448,1.1932327420413458,1.240139707390078,64.64429530201356,50.878918184484576,27.29344430997112,1.4010000000000105,0.1296607475543152
120653,141.998,10.118480000000003,1.5420257057535096,60.44036542209847,1.2343270012915468,1.238977166170372,64.88382972087938,56.7921224116094,27.82882032949381,0.9350000000000024,0.1305934238253088
130672,143.965,12.043873333333323,1.664699259298304,65.69053962807976,1.4093686345925107,1.2730554598547996,95.55590207391242,75.02800903226846,32.09463766090809,1.9879999999999995,0.134367377319909
166437,141.993,9.997743333333318,2.102521719859141,57.45757964500515,1.3731377930523363,1.2930719264943071,64.8058630905972,75.08186496179633,28.80078805846351,-1.8880000000000048,0.1368058817191712
136079,142.707,10.674206666666665,1.7136405937337675,59.4397012908504,1.386060777109975,1.3116696966174408,75.93949789490092,78.76708768647018,27.205435755173774,0.039999999999992,0.1389814190390612
125377,143.349,11.276959999999974,1.57393813439032,61.19062127634387,1.4316037329715812,1.335656503888269,85.95041322314036,75.56525806954615,28.51436468181224,2.024000000000001,0.1415126871301621
125012,143.252,11.140133333333353,1.5651724057627248,60.76381423848999,1.4432330718036042,1.3571718174713363,84.07079646017728,81.98690252607285,30.141332692575247,3.356000000000023,0.1437475269176593
142538,142.602,10.451756666666682,1.7778401969394406,57.85182299967699,1.384045424771131,1.3625465389312952,73.97919577705345,81.33346848679035,28.400126995313794,1.4869999999999948,0.1444814645676447
135408,142.269,10.083173333333349,1.6837754730601044,56.3616245760934,1.2953366366428725,1.3491045584736103,68.80919111939163,75.61972778554077,26.60843255338084,2.4610000000000127,0.1434241578737104
137675,141.003,8.787443333333329,1.7068955107189183,50.98462014481214,1.1100823252985776,1.301300111838604,49.15385809656879,63.98074833100461,23.74286996074964,1.4809999999999943,0.1391543676583856
97240,141.392,9.145136666666671,1.203829673864846,52.484621541274265,0.9833208867775908,1.2377042668264016,55.19329296693069,57.71878072763036,22.697109229678368,-0.2240000000000179,0.1331986897512251
146499,139.451,7.179163333333321,1.807978013520665,45.07266087907436,0.717962826548586,1.1337559787708384,25.058220773171925,43.135123945557126,19.651634800475133,-2.546999999999997,0.1233968017727424
158331,138.392,6.100259999999992,1.9474605130159788,41.61923428103039,0.4174006673771657,0.990484916492104,16.046213093709895,32.09924227793749,17.95781802120419,-5.573000000000008,0.1097337938011822
131813,138.178,5.866373333333314,1.6175099577081735,40.93665688611207,0.1600895664037978,0.8244058464744427,12.993866780773098,18.03276688255163,17.18350528818241,-3.8149999999999977,0.0935757206431258
141417,138.613,6.282053333333323,1.7296287416202818,42.983654608582,-0.0086309778506006,0.6577984816094341,23.60080917060016,17.54696301502771,15.922181009063802,-4.093999999999994,0.0768772968768849
122799,137.972,5.623619999999988,1.4977788661109976,40.74284899219094,-0.1918549828607183,0.4878677887154036,14.956169925826163,17.183615292399796,16.939966723767853,-5.376999999999981,0.0594956064072124
131875,137.346,4.983460000000008,1.6036058910064064,38.62511402266207,-0.3831574941038695,0.313662732151549,6.5138233310857,15.023600809170668,16.19639553914205,-5.906000000000006,0.0414181380338748
138842,138.232,5.851953333333313,1.684049500929624,43.130612397713065,-0.4579938491336577,0.1593314158945077,18.46257585974378,13.310856372218538,18.10099569550144,-4.3700000000000045,0.0248060873179916
142615,139.245,6.84423000000001,1.724224923931104,47.84483284850055,-0.430597901089925,0.0413455524976211,32.12407282535411,19.033490672061188,20.781983458051663,-3.024000000000001,0.0112487701335218
114495,139.73,7.305876666666649,1.381284288562119,49.9826426069252,-0.3655372819549427,-0.0400310143928916,38.664868509777385,29.750505731625083,20.298497934831968,-1.272999999999996,0.0009696233417763
108358,140.116,7.667730000000006,1.3043336430519294,51.68020991106448,-0.2796061725818788,-0.087946046030689,46.517946517946754,39.10229595102607,22.962012823580984,-1.275999999999982,-0.0061390782572365
118380,141.3,8.824976666666686,1.4217885390406435,56.551360164242745,-0.1146446917615833,-0.0932857751768679,73.99933288859248,53.06071597210553,24.021344675421297,1.849000000000018,-0.0091589655091097
103467,140.781,8.280293333333333,1.2406400722892852,53.98239071302665,-0.0254965835204927,-0.0797279368455928,70.36637931034478,63.62788623896133,24.5541229408747,2.38900000000001,-0.010014858357205
124455,140.477,7.954513333333352,1.4889294853617627,52.47859449210048,0.0203886475347303,-0.0597046199695282,65.60174260301315,69.98915160065013,23.938223002036104,2.2990000000000066,-0.0097878161679314
120915,138.986,6.446709999999996,1.443287106527582,45.74740141476149,-0.0628339053141644,-0.0603304770384554,38.5369395534577,58.16835382227188,22.024865371129174,0.3729999999999904,-0.0109028188999162
111505,139.652,7.093729999999994,1.3275948354311045,48.90029638199192,-0.0741924990810503,-0.0631028814469744,51.080586080585775,51.73975607901887,20.75492311025111,1.6799999999999784,-0.0119202876901339
99507,138.542,5.9676933333333295,1.1828199582248842,44.28134688644352,-0.170793192213722,-0.0846409436003239,30.750915750915745,40.1228137949864,19.252837525653188,1.195999999999998,-0.0143522911496417
102122,139.323,6.730233333333359,1.2117565133799792,48.00289489667024,-0.1822291404833436,-0.1041585829769279,45.05494505494514,42.29548229548221,18.29843111172785,1.0910000000000082,-0.0165118833621595
127403,136.864,4.260930000000002,1.5077652817405514,39.13899464073744,-0.3852717878115754,-0.1603812239438574,8.221250840618758,28.00903721549321,16.07447701535732,-2.381,-0.0217918727880189
130684,136.237,3.623983333333342,1.5422354593859695,37.25022072150679,-0.5899773173386791,-0.2463004426228217,10.196252028921366,21.157482641495083,14.89926087727659,-3.492999999999995,-0.0297699994963131
114822,135.037,2.4177866666667,1.35158868348452,33.88032637258961,-0.8393622499614821,-0.3649128040905539,0.5595741776988785,6.325692349079663,14.062342425514728,-5.079000000000008,-0.040833211130028
146594,135.365,2.7388033333333226,1.7193103539674337,35.595395516063434,-0.999018681504026,-0.4917339795732483,22.047949809545308,10.934592005388517,12.898597171933718,-5.935000000000002,-0.0529594304618902
138882,136.109,3.4741933333333463,1.6229083552593984,39.43308773094408,-1.0533703736640805,-0.6040612583914148,30.383150347300163,17.663558111514778,16.243774194082544,-4.671999999999997,-0.0641450421700925
117765,136.194,3.5489333333333093,1.3724168054251316,39.87389320698598,-1.0771687606992657,-0.698682758852985,31.335424602285368,27.92217491971028,17.473637568790263,-4.283000000000016,-0.0739846315589354
108150,137.409,4.748583333333329,1.2578634395680155,45.93146017555536,-0.9866157162316824,-0.7562693503287246,44.94734483531249,35.555306594966005,19.546420254516534,-1.5769999999999982,-0.0806647806898375
102390,137.657,4.982433333333347,1.1880141795913126,47.10291875055158,-0.8846426390421982,-0.7819440080714193,47.725745014564325,41.336171484054056,19.548528528006404,-1.994999999999976,-0.084438816763654
87115,138.032,5.342190000000016,1.0088010747882712,48.90560371663074,-0.7647532749872994,-0.7785058614545953,51.92695496302947,48.20001493763542,20.34884423194524,-0.5099999999999909,-0.0854135762536146
110223,136.859,4.155653333333362,1.2737535218810183,43.86942121199818,-0.7556803740897351,-0.7739407639816233,47.45065789473695,49.03445262411024,18.74784304019554,-2.463999999999998,-0.0859455363574396
111114,137.247,4.523656666666682,1.2825434699751486,45.85558428820696,-0.70900866684417,-0.7609543445541327,57.651991614256126,52.343201490674176,17.821530612113314,0.3830000000000098,-0.085448346795638
100123,136.894,4.150163333333353,1.1548088797819285,44.319079978065815,-0.6925221877561114,-0.7472679131945286,54.29281167520591,53.13182039473299,18.62961333846109,0.6570000000000107,-0.0846119486686674
89865,135.425,2.6680366666666657,1.0359451984047414,38.53274845640827,-0.7888986250773655,-0.7555940555710959,33.18062827225167,48.37514385390457,17.09324076807078,0.3880000000000052,-0.085484382442782
95340,136.523,3.7514633333333336,1.097778049175126,44.378258198085454,-0.7678271885048389,-0.7580406821578446,52.6705981465881,46.71467936468188,15.571243482118408,1.157999999999987,-0.0857607420324128
104910,137.48,4.691313333333312,1.2060952935993554,48.93636601477234,-0.6662261804949594,-0.7396777818252676,81.65999999999997,55.83707547294657,18.775135584409277,1.370999999999981,-0.084113416335107
101813,137.062,4.257430000000028,1.1685380207836435,47.1200364420982,-0.6123766593419759,-0.7142175573286093,73.30000000000041,69.21019938219615,17.82331445318858,0.8680000000000234,-0.0816699525511829
98629,137.427,4.605143333333331,1.1301100673969589,48.90346475396189,-0.5340914030614954,-0.6781923264751866,80.60000000000002,78.52000000000014,18.4014843318328,0.0180000000000006,-0.0781233901851339
96450,136.683,3.845179999999999,1.103523005298615,45.53252494245467,-0.5260207161971948,-0.6477580044195882,52.015677491601416,68.63855916386727,17.058918709418013,-0.974000000000018,-0.0748851564157193
115302,136.312,3.458136666666689,1.3163004447981768,43.90722681835755,-0.5432984320021035,-0.6268660899360913,39.547694984053656,57.38779082521836,15.973518604457569,-1.7199999999999989,-0.0723711944424961
114718,136.71,3.839579999999984,1.3072625329084686,46.12880575488968,-0.5188943810572084,-0.6052717481603147,51.08727167294893,47.55021471620133,14.99882497722693,-0.1490000000000009,-0.0697489473336492
103639,136.14,3.2562999999999818,1.1792055941578492,43.47326158924656,-0.539331157313427,-0.5920836299909372,34.560742244128285,41.73190296704362,15.2643767157696,-1.1070000000000275,-0.0678368181220296
105934,137.032,4.130703333333344,1.2032663819634304,48.47240790447553,-0.4780399574308092,-0.5692748954789116,60.42331110466839,48.6904416739152,18.61255108786806,0.1380000000000052,-0.065090242737031
107297,138.666,5.741309999999999,1.2161663747003553,56.12683614236786,-0.2942244594323995,-0.5142648082696093,92.37267080745302,62.45224138541656,21.568757645699755,3.240999999999985,-0.0594610353019722
110087,139.009,6.056899999999985,1.2457771823392385,57.55229241589632,-0.1194946594685859,-0.4353107785094046,95.12766455844398,82.64121549018846,21.751323979863376,2.48599999999999,-0.0515345764522545
116880,139.686,6.703036666666691,1.3204279551286482,60.29440856825238,0.0727693679613707,-0.3336947492152495,99.10060656766352,95.53364731118684,22.68789134408985,2.2060000000000173,-0.0413444685057768
118044,139.447,6.432633333333342,1.3318940699435824,58.84908450666304,0.203508769874162,-0.2262540453973672,89.03621610924199,94.4214957451165,22.82192687520285,2.384999999999991,-0.0303294913135625
109613,139.616,6.572159999999997,1.235046090524763,59.5867933538957,0.3171022184397714,-0.1175827926299395,80.44115112872667,89.52599126854405,24.83578066095633,2.1890000000000214,-0.0189349085231669
89699,139.609,6.53606000000002,1.0095467193491474,59.539182674616725,0.401927829498959,-0.0136806682041598,78.18945760122246,82.55560827973036,23.642484963263037,2.926000000000016,-0.0077487716617313
144631,141.454,8.343833333333322,1.6229830071048128,67.01914326906213,0.6109857546365163,0.1112526163639753,95.10008006405153,84.57689626466687,31.27652495796096,5.141999999999996,0.0054481390472764
152835,143.847,10.691143333333343,1.7096285228401968,73.78775854551274,0.958709362597432,0.2807439656106667,98.04659919981177,90.44537895502856,37.61765671022823,7.1370000000000005,0.0228061059729082
145123,144.078,10.874330000000016,1.6190461279895083,74.33531363842178,1.2386442763833827,0.4723240277652099,97.15225777172677,96.76631234519668,37.07294396810983,7.938000000000017,0.0424798373400243
146930,143.21,9.962153333333331,1.6343824925185853,68.5414363495822,1.374608732752591,0.6527809687626862,83.5595612987297,92.91947275675606,33.57536464439323,6.177999999999997,0.0615303204783678
127917,144.567,11.267733333333354,1.4204481519821794,72.19072775489037,1.573719247198568,0.8369686244498626,89.4466403162057,90.05281979555404,33.99738364685675,5.9010000000000105,0.0811298747472073
127898,144.055,10.706976666666662,1.4179963963035485,68.94117828289689,1.67094008618389,1.0037629167966682,83.5775906870389,85.52793076732478,32.27875218874627,5.046000000000021,0.0993479550511065
140249,142.875,9.48436666666666,1.5511574260710277,62.012969151960704,1.6339371527828064,1.129797763993896,71.20200333889827,81.40874478071429,29.21935935645948,3.188999999999993,0.1139723028379939
120482,143.467,10.03036000000003,1.3299184706248872,63.96928746495036,1.6335509553570944,1.2305484022665356,75.01728508873038,76.59895970488918,27.76901161907973,4.02000000000001,0.1261601163821404
117245,143.146,9.66601,1.2917680767742947,62.10172204853846,1.5890255761163417,1.3022438370364968,66.2462706807702,70.82185303613294,26.47551150306821,3.5299999999999727,0.1354774274870391
103152,143.565,10.040713333333343,1.1350043633275884,63.59572141360877,1.5694569675816297,1.3556864631455234,71.90934997964455,71.05763524971503,25.84417700888648,3.955999999999989,0.1427865841262783
121957,143.286,9.716523333333328,1.3393296912439656,61.84737662685485,1.5139834769338734,1.3873458659031934,66.17223502304157,68.10928522781877,26.632568114365245,1.8319999999999936,0.1477537192038302
151647,141.732,8.12399666666667,1.6607998149590744,53.09226076022832,1.3293021554641484,1.3757371238153844,43.79320276497699,60.6249292558877,24.17284517554352,-2.115000000000009,0.1484596946659352
176838,140.019,6.378053333333327,1.9286952025070785,45.45386035635459,1.0328104972703611,1.30715179850638,19.124423963133715,43.029953917050754,19.271807565824364,-4.0589999999999975,0.1435943651740475
153375,138.897,5.227046666666638,1.6676467470240135,41.26607387870548,0.6992422693718368,1.185569892679471,3.2869240706184226,22.06818359957637,18.01845824426177,-4.313000000000017,0.1333727721347042
168673,139.061,5.3600999999999885,1.826642207907126,42.10569866089973,0.4430136888886977,1.0370586519213167,20.401985712556066,14.271111248769396,16.462950401409767,-5.506,0.1199943960898739
141445,138.931,5.198196666666689,1.5275528106109697,41.59806139631117,0.2268458416282612,0.8750160898627057,18.82794527182479,14.172285018333088,15.924395765567986,-5.123999999999995,0.1046763934632345
155546,140.332,6.563406666666651,1.6740437337546936,48.76681189258832,0.1666591140979676,0.7333446947097582,35.791258021552174,25.00706300197767,17.870059358976352,-2.5430000000000064,0.0904799452933294
155583,141.721,7.9129833333333295,1.6687750303381623,54.70332365279097,0.2284084402312203,0.6323574438140506,52.609274730597,35.74282600799132,21.57907318107055,-1.746000000000009,0.0794061441187099
149794,141.888,8.039126666666675,1.6013373947782337,55.37286570527469,0.2875065340367086,0.5633872618585822,57.942725054578105,48.78108593557575,22.44905663229,-1.2579999999999814,0.0709727521117055
143785,142.02,8.129363333333345,1.532206275802792,55.9273923431984,0.3410619461744772,0.5189221987217613,65.40845070422549,58.653483496466855,22.121232544415133,-1.5449999999999875,0.0647118514699219
148729,143.956,10.017529999999994,1.5795021796489075,63.15811023027352,0.5335733152718944,0.5218524220317879,98.17964786630836,73.8436078750373,26.77034707794825,0.6699999999999875,0.0627398368329113
141529,143.036,9.052886666666666,1.4984729295716457,58.26601248780293,0.6049303900317113,0.5384680156317727,84.3391446878261,82.64241441945332,25.011517357173258,1.304000000000002,0.0623156081682987
146427,142.107,8.082016666666675,1.5448589035829676,53.73941860470203,0.579834874358852,0.5467413873771886,70.49620026821644,84.33833094078364,23.469824861040937,2.087999999999994,0.0615296855682353
130261,141.599,7.532949999999971,1.370254533397371,51.38841063099343,0.5130411241951265,0.5400013347407762,62.92653851884957,72.5872944916307,22.45167781398754,2.701999999999998,0.0597089236740947
109016,141.411,7.302480000000003,1.144477112662259,50.50777112819511,0.4398660649592045,0.5199742807844618,60.12516763522584,64.51596880743061,21.551241634079947,2.3499999999999943,0.0568966755058882
136719,141.546,7.393349999999998,1.4313648618851824,51.15508209288543,0.3882916901736735,0.4936377626623042,62.13679034421096,61.72949883276212,22.109071944495263,2.6149999999999807,0.0536187177708243
140813,142.532,8.332663333333358,1.4700770372440322,55.71122605820038,0.4221147106104013,0.4793331522519236,76.8290865742813,66.36368151790602,22.807926551136678,2.200000000000017,0.0514329258290653
140398,143.948,9.69607000000002,1.4624275246945486,61.29486876785483,0.556761068951289,0.4948187355917967,97.87043931496648,78.94543874448624,26.83914598170954,2.227000000000004,0.0519328542204439
142756,144.656,10.350063333333338,1.4824176559822235,63.75536328498544,0.7123870070366252,0.5383323898807625,97.24473257698564,90.64808615541114,28.544292212683803,2.7680000000000007,0.055084699819882
121162,146.693,12.32756333333333,1.2553490376004897,69.71963497025372,0.9886935168523509,0.6284046152750802,99.76897308536464,98.29471499243893,33.56422339132178,4.673000000000002,0.0625834930750112
129377,147.146,12.719930000000003,1.3366888511970516,70.8677351199854,1.2300425656611935,0.7487322053523029,99.33222036727852,98.7819753432096,33.67321693690491,3.1899999999999977,0.0731637439322866
122190,146.498,12.01521333333332,1.2594780819305738,66.95684906808773,1.3534238139797026,0.8696705270777829,88.32510795805052,95.80876713689788,32.17027120668956,3.461999999999989,0.0842991401450417
126889,146.948,12.40661,1.3049487796624284,68.26653249073232,1.4705638368619418,0.9898491890346148,94.50257691707009,94.05330174746638,30.826074389602127,4.841000000000008,0.0957707167366088
150507,145.538,10.943356666666688,1.5431593917574231,60.213326970548025,1.4331030133438958,1.078499953896471,61.838774150566586,81.55548634189573,25.47036122494738,3.939000000000021,0.1048254561591812
152245,147.113,12.460213333333314,1.555199706458387,65.15772646489859,1.513062732657744,1.1654125096487258,82.8247834776817,79.72204484843945,21.979248881436067,5.701999999999998,0.1138304118179344
120357,147.449,12.737683333333337,1.2271623599923789,66.12489028420057,1.5852697750528364,1.249383962729548,87.3017988007998,77.32178547634936,21.63376078024355,5.90300000000002,0.1226399761449135
138565,147.603,12.833906666666678,1.408965180075704,66.58274787404716,1.636061392028438,1.326719448589326,89.3537641572288,86.49344881190342,21.91341797892252,5.070999999999998,0.1308960809028327
147987,145.748,10.928239999999988,1.499707531341422,56.650231829166536,1.5092336116870797,1.3632222812088768,64.63690872751502,80.4308238951812,20.033601526056614,1.799999999999983,0.1356073146079112
135763,146.959,12.083709999999996,1.3723839046591615,60.765092257866655,1.4892718622836014,1.3884321974238216,80.56303879310362,78.18457055928246,18.552617863635103,2.3029999999999973,0.1391362404574501
110487,146.999,12.068203333333315,1.1141208799019788,60.89712376012714,1.4598514391066717,1.4027160457603918,80.05685856432136,75.08560202831332,19.35537226731993,0.3059999999999832,0.1414962994972659
121422,146.364,11.38066333333336,1.2220201956426715,57.584234317886974,1.3695094957161589,1.3960747357515453,69.43611277744468,76.68533671162321,18.41926793689901,-0.7819999999999823,0.1418200275301405
125340,145.184,10.15100666666666,1.2588986595282503,51.93061463681276,1.1889907708863632,1.354657942778509,34.68642175766198,61.39313103314266,17.268689719023765,-1.313999999999993,0.1388758742368508
116864,144.551,9.468676666666653,1.1716799235615634,49.14325322977787,0.9835132426478026,1.280429002752368,17.572773972602707,40.56510283590311,16.279620347482478,-2.39700000000002,0.1327421351617113
127127,146.019,10.88264000000001,1.271770780941048,55.154880360016776,0.9284238602085112,1.2100279742435966,48.99400684931543,33.7510675265267,18.29524363364273,0.4809999999999945,0.126486600092285
117644,146.938,11.744916666666654,1.1744151516896828,58.46491615888316,0.9479928755599474,1.1576209545068668,68.66438356164385,45.077054794520656,20.716993673702163,-0.1750000000000113,0.1214214750806216
110039,146.733,11.482409999999987,1.0966322069706709,57.44631835032767,0.9361681112277438,1.1133303858510422,64.27654109589076,60.64497716895,19.792366854241337,-0.7160000000000082,0.1168504802686884
130019,146.565,11.256623333333325,1.2928656146243802,56.576391462522885,0.902833402862342,1.0712309892533023,60.68065068493171,64.54052511415544,19.58113838714805,-1.038000000000011,0.1123476857528173
138643,143.876,8.518556666666683,1.3751777456141492,44.86530083786039,0.6519206438539698,0.9873689201734358,14.784710017574756,46.58063393279907,16.670021573658236,-1.8719999999999857,0.1042177527968423
160467,143.677,8.270513333333326,1.5865425874733936,44.13716321430925,0.4320326344445107,0.8763016630276509,21.33487654320978,32.26674574857207,15.00289413181583,-3.2820000000000107,0.0935469029947681
135550,144.468,9.007546666666627,1.336944942230137,47.76597521477593,0.3179319702696261,0.764627724476046,36.59336419753072,24.237650252771743,14.807656858582776,-2.531000000000006,0.0825301587115555
145898,144.136,8.621980000000008,1.4353595321574033,46.40346984334316,0.1984293761694573,0.6513880548147283,30.189043209876512,29.372427983538994,13.61224526100414,-2.2280000000000086,0.0711488957170896
138355,145.031,9.461363333333368,1.3585676170883374,50.5024246897121,0.1739366955933121,0.555897782970445,47.45370370370388,38.07870370370369,13.124099673337028,-0.1529999999999916,0.0610861196393509
120068,145.332,9.70962666666665,1.1770261682491034,51.83650686266995,0.1767764849357149,0.480073523363499,53.26003086419748,43.63425925925928,12.566400377285284,0.7810000000000059,0.0526255101200976
113937,144.888,9.215310000000017,1.115072386845135,49.708230051209846,0.1415680408599939,0.412372426862798,50.95667473059179,50.5568030994977,12.343571211808388,-1.1310000000000002,0.0448985928696501
109692,145.552,9.826896666666642,1.0720438304068067,52.827487267163455,0.1653384275145129,0.362965626993141,65.68973115910065,56.63547891796329,11.642539177028066,-1.3859999999999957,0.0388031845314082
96457,145.49,9.71419666666668,0.9421904946503248,52.50005436698874,0.1771318822721639,0.3257988780489456,64.32349052446021,60.323298804717545,11.511027760411226,-1.242999999999995,0.0339020279963106
107912,145.089,9.262443333333351,1.0530048822181188,50.32733487821091,0.1523645675407294,0.2911120159473024,55.48699867783152,61.83340678713078,12.642458736649612,-1.475999999999999,0.0294040890479964
88294,144.328,8.449736666666666,0.8612755886790268,46.40259279429784,0.0705170751722903,0.2469930277922999,38.717496694579125,52.84266196562361,11.758701845764351,0.4519999999999982,0.0242867803628515
98106,144.608,8.676916666666642,0.9565303219279122,48.009135542320045,0.0279241159073535,0.2031792454153107,44.887615689731184,46.36403702071394,11.193144070894611,0.9310000000000116,0.0193050647675863
122427,143.623,7.642789999999991,1.1918565087589736,43.11334218639378,-0.0843401583419165,0.1456753646638652,23.18201851035677,35.59571029822235,10.196238354159302,-0.8449999999999989,0.0132640565320954
119402,143.26,7.233163333333323,1.1604979340436286,41.43633246777738,-0.2002926221173311,0.0764817673076259,16.502994011975833,28.19087607068792,9.718539084293496,-0.8760000000000048,0.0062588080548059
134946,143.724,7.647319999999979,1.3092054667520052,44.41275821259914,-0.2518417875013199,0.0108170563458368,32.35129068462385,24.012101068985476,12.734346036036117,-1.3070000000000164,-0.0004789128311484
149664,142.446,6.324363333333338,1.4477353549365628,38.594537600618544,-0.3913080363064125,-0.069607962184613,12.830812854442495,20.56169918368072,11.660971111571529,-2.885999999999996,-0.0084687664441691
135187,141.567,5.406413333333319,1.304756461932196,35.18079484854029,-0.5662367721359942,-0.1689337241748893,14.998139188686496,20.06008090925094,10.756663262195469,-3.320999999999998,-0.0181230162162194
118334,143.505,7.302516666666662,1.13977784281777,46.43116328919173,-0.5422380691860837,-0.2435945931771282,51.06066244882773,26.296538163985563,14.777833186710238,-2.046999999999997,-0.0258352154012121
127714,143.438,7.194026666666645,1.227794528629418,46.133050279975386,-0.5226010447189253,-0.2993958834854877,49.81391886862663,38.624240168713605,15.912949131263163,-2.052000000000021,-0.031957014439852
124437,143.503,7.218429999999984,1.1940992571436146,46.49198333445258,-0.4960751589430288,-0.3387317385769959,51.0234462225529,50.63267584666908,17.514015106743656,-1.5860000000000127,-0.0366020346573972
110901,144.259,7.933016666666646,1.0622240241873546,50.61380992617301,-0.40933179933009,-0.3528517507276147,65.09117975437279,55.30951494851743,16.599720400845484,-0.0690000000000168,-0.0389685777067038
121447,143.872,7.508193333333338,1.1610053920925825,48.55198536157257,-0.3675775227179088,-0.3557969051256736,57.88983997022741,58.00148864905102,15.551653187960818,-0.73599999999999,-0.0401522295367789
105056,145.062,8.657086666666686,1.0029836382819357,54.667252094456295,-0.2357463655691276,-0.3317867972143644,80.03349460364757,67.67150477608259,17.477876829394027,1.4390000000000214,-0.0388083835676304
125454,144.162,7.720049999999986,1.1952719237114795,49.84197499078098,-0.2015681499617301,-0.3057430677638376,74.19284467713804,70.705393083671,17.12508009016404,0.9020000000000152,-0.0369655793979242
132553,144.686,8.205786666666683,1.2599246723722253,52.47233362682089,-0.1306927029763187,-0.2707329948063339,85.6239092495639,79.95008284344982,16.098633467143433,0.9620000000000176,-0.0340874446787842
127923,146.42,9.893466666666626,1.2133477644220658,59.95600091215983,0.0646506552370738,-0.2036562647976523,94.85417365068696,84.89030919246295,23.270212312288265,3.9739999999999895,-0.028229319573458
115688,144.739,8.170530000000014,1.0954899137556011,51.49140841811575,0.0828638201593605,-0.1463522478062498,66.67784109956425,82.38530799993835,21.221581745544157,3.171999999999997,-0.0228394064237355
109064,145.21,8.597533333333331,1.0311172447418795,53.473447212962455,0.1337617263502579,-0.0903294529749482,74.57257794166956,78.70153089730691,19.73528370471001,1.7050000000000125,-0.0173136408138195
167486,139.922,3.2843633333333173,1.577598823869909,35.79154037989582,-0.2497201047121962,-0.1222075833223978,14.121655729429566,51.79069159022112,14.767018513664157,-3.515999999999991,-0.0190479575990591
119698,140.447,3.7813633333333314,1.1255513483630422,37.98407608373041,-0.5054426777130914,-0.1988546022005365,20.747097425542705,36.4804436988806,14.162932119645523,-3.055999999999983,-0.0248285893004758
112177,140.289,3.597993333333335,1.05352233170809,37.56830101406105,-0.7126390790361654,-0.3016114975676623,18.753154972236104,17.873969375736113,13.780880540738147,-3.969999999999999,-0.0332408003552693
113797,140.982,4.260469999999998,1.0673274391793903,40.6375325596126,-0.8115691475481128,-0.4036030275637525,27.498738011105505,22.33299680296143,15.380033450024673,-2.890000000000015,-0.0420578645401166
93517,142.026,5.272100000000023,0.876146301638885,45.02245381732216,-0.796547757948673,-0.4821919736407366,40.67390206966192,28.975265017667837,18.86298622477,-3.0360000000000014,-0.0492778937358573
104030,142.716,5.92625000000001,0.973345691258735,47.76854680424931,-0.7206586605935854,-0.5298853110313064,49.38162544169621,39.18475517415454,20.83991092142691,-1.445999999999998,-0.0540905610186738
95225,141.827,5.005856666666659,0.889986513826399,44.67250012917359,-0.7239061351946532,-0.5686894758639758,38.16254416961129,42.7393572269898,19.821368444193254,-2.859000000000009,-0.0581831432920364
109722,140.257,3.406466666666688,1.024022910617176,39.77014047333142,-0.8434429755779149,-0.6236401758067636,18.34931852599705,35.29782937910151,18.236461397566487,-6.162999999999983,-0.0636346520921619
41305,139.246,2.368536666666671,0.3857915147348554,36.9575634259841,-1.0081348821393874,-0.7005391170732884,5.5906108026250845,20.70082449941113,17.38163702786972,-5.492999999999995,-0.0710165140171199
133756,138.17,1.2692899999999838,1.2463744554673923,34.18649246714523,-1.2115130438939443,-0.8027339024374197,8.383297644539473,10.77440899105386,15.478365098261632,-7.0400000000000205,-0.080706877562092
139886,140.657,3.723683333333327,1.3004783369663115,44.53768740712746,-1.158655329668676,-0.8739181878836709,35.01070663811573,16.32820502842675,16.68610510198802,0.7350000000000136,-0.0880066606085458
134644,140.392,3.42646000000002,1.2495173931940216,43.74811927757858,-1.1251781424019214,-0.9241701787873212,32.62757871878385,25.340527667146343,18.19152672955912,-0.0550000000000068,-0.0935842664195486
126309,140.61,3.61108333333334,1.1695063007329491,44.617933307549336,-1.0687367205558758,-0.953083487141032,38.1600757755152,35.26612037747159,17.605727468677486,0.3210000000000264,-0.0972936408316161
124753,141.545,4.50885333333332,1.1527465663299694,48.30973147749052,-0.9377500029208932,-0.9500167902970044,49.23040492540834,40.00601980656912,18.28924466132141,0.5629999999999882,-0.0981309395235365
124009,141.95,4.873153333333306,1.1434354403422684,49.86859036810714,-0.7921307796693213,-0.9184395881714678,82.11265071081516,56.501043803912886,18.109444715602383,-0.0760000000000218,-0.096261505417195
109008,142.515,5.396329999999978,1.003872052481802,52.041500239788526,-0.6239432881796745,-0.8595403281731092,92.28000719812844,74.54102094478397,20.768501809394905,-0.2010000000000218,-0.0916951150913488
142728,140.327,3.171126666666652,1.3114699067206237,44.07437705239076,-0.659603307232743,-0.819552923985036,52.90624437646219,75.76630076180192,18.572743276984472,-1.5,-0.0883213380363791
132610,138.493,1.308619999999962,1.215959632939811,38.72308806049941,-0.8263272160950237,-0.8209077824070335,19.90282526543093,55.02969228000717,16.756230319863192,-1.76400000000001,-0.088230443932201
95914,139.045,1.8259333333333243,0.8790653242667288,41.043311111852624,-0.9035003388094368,-0.8374262936875143,29.83624257692983,34.21510407294097,16.006827443346136,-0.2010000000000218,-0.0894259461117511
118911,138.25,1.0002466666666692,1.0884230328183568,38.76662284320189,-1.0170861148527877,-0.873358257920569,15.785622827876304,21.841563556745676,16.41063283672284,0.0800000000000125,-0.0923534131516445
156658,139.144,1.862099999999998,1.4304682300234852,42.62112491332827,-1.0231708554582326,-0.9033207774281016,32.138284250960325,25.92004988525547,22.21969151540349,-1.5130000000000052,-0.094919398118181
122052,139.093,1.7783399999999858,1.1129417856636197,42.4569351593747,-1.0203464117108467,-0.9267259042846508,31.205414304005576,26.376440460947386,20.882857158753456,-1.2990000000000066,-0.0970225516595471
112691,140.666,3.3132933333333483,1.0254006972370755,48.98470423825147,-0.8810241676157489,-0.9175855569508704,59.97805011889498,41.107249557953615,26.013871450792717,0.0559999999999831,-0.0963795133495835
112428,142.061,4.662329999999997,1.0230045914550323,53.97157461504495,-0.6505463505313855,-0.8641777156669735,84.08269771176221,58.42205404488757,27.84407964248659,0.5160000000000196,-0.0918141766900516
94622,141.739,4.295219999999972,0.8608954208858174,52.69121423947672,-0.4882455382797275,-0.7889912801895244,77.42000810044541,73.82691864370085,27.26860855753997,-0.2109999999999843,-0.0850712263797049
103387,141.45,3.9623499999999865,0.9408280345950714,51.51011521139407,-0.378576861577983,-0.706908396467216,71.56743620899108,77.69004734039954,25.53517684446681,-1.0649999999999975,-0.0773844743674752
105231,141.836,4.301060000000007,0.9572559227542876,53.02469399372564,-0.2575478201554801,-0.617036281204869,79.38436614013776,76.12393681652475,24.40854197090421,1.5090000000000146,-0.0687086596107473
101466,141.091,3.5121466666666663,0.9226666028110064,49.79207449324801,-0.2192196786403428,-0.5374729606919638,64.2972863507493,71.7496962332927,23.32480190866609,2.598000000000013,-0.0606325185275884
110529,141.548,3.9226433333333546,1.0042716534120524,51.73584821438506,-0.1502364375257627,-0.4600256560587236,73.5520453624948,72.41123261779394,21.862717371601505,2.5030000000000143,-0.0525554895547812
101429,141.307,3.63752333333332,0.9207297126482604,50.62282221790197,-0.1137027137177426,-0.3907610675905275,73.99083569714145,70.61338913679516,20.990208346752052,3.056999999999988,-0.0450537024048343
108190,141.727,4.011689999999987,0.980784634960192,52.53913465343318,-0.050279394908415,-0.322664733054105,86.92974452554732,78.15754186172785,21.112085907025683,2.5829999999999984,-0.0375910884036687
122814,140.411,2.657480000000021,1.1117557057132077,46.4554337318453,-0.1049958329363391,-0.2791309530305519,56.91149635036488,72.61069219101786,19.308403760267808,1.318000000000012,-0.0322200223059767
108976,141.607,3.808563333333325,0.9849326644237104,51.905934492676366,-0.0512608959731721,-0.2335569416190759,83.33709641002486,75.72611242864566,19.070362947422115,0.9410000000000024,-0.0267660690505344
111688,142.255,4.410056666666662,1.007955582377003,54.60232694064285,0.0431156033110369,-0.1782224326330534,88.8047482603357,76.35111367357513,20.10824121390393,0.1939999999999884,-0.0205419835101458
119735,140.612,2.725629999999996,1.0784886836825542,47.3531640944416,-0.0144995679427779,-0.1454778596949983,55.17805976258699,75.77330147764917,18.27600394709681,-1.1270000000000095,-0.0163011045157537
103291,140.823,2.8940999999999804,0.9291385424596106,48.30240537577043,-0.042642513307527,-0.124910790417504,48.18015187221809,64.05431996504691,17.652251435074174,-0.6269999999999811,-0.013248294901006
110846,141.23,3.2597333333333154,0.9957793065010614,50.16879523593622,-0.0317386384416522,-0.1062763600223337,45.18828451882826,49.51549871787777,18.300144957429037,-0.606000000000023,-0.0105339931054408
123816,140.322,2.313436666666689,1.110674553410343,46.164583163064336,-0.0952670710858569,-0.1040745022350383,23.668821175746587,39.01241918893097,16.636547920393507,-0.7690000000000055,-0.009399055483516
99559,142.011,3.954916666666662,0.8923605959383419,53.58561778146328,-0.0092193522619368,-0.085103472240418,75.65404739919981,48.17038436459154,18.83012130968189,0.4629999999999938,-0.0070155786298063
126148,142.883,4.777739999999994,1.1289160876447912,56.889686542513004,0.1278632690646191,-0.0425101239794106,98.201120613389,65.84132972944512,20.15284568786256,1.5760000000000218,-0.0026771781574881
105027,143.383,5.228973333333357,0.9386298645168648,58.70492211983484,0.2736930918239864,0.0207305191812687,98.60968074150357,90.82161625136412,21.41519089141669,1.656000000000006,0.0034818801153586
107976,142.955,4.755320000000012,0.9634579123364512,56.511379042015406,0.3506857667286454,0.0867215686907441,87.52251093388256,94.77777076292504,20.82379786436925,2.544000000000011,0.0099961752292826
100887,143.441,5.195130000000006,0.8987905121817191,58.41167089798799,0.4457804747966349,0.1585333499119222,94.30026679602264,93.47748615713624,21.201597206942346,1.8340000000000032,0.0171202246475142
77124,143.44,5.147490000000005,0.6863778651770546,58.406015662869656,0.51512498425393,0.2298516767803238,94.27601261217583,92.032930114027,20.508187394613657,1.1850000000000025,0.0243096471775274
100706,143.754,5.416073333333344,0.8946063161305148,59.72459211250706,0.5886327909882425,0.3016078996219076,91.10821947516811,93.22816629445552,22.12933503236256,3.141999999999996,0.0316181535304284
102598,143.095,4.712913333333347,0.9097576155112402,55.73144299362587,0.586946510897036,0.3586756218769333,76.81630882671892,87.40018030468762,21.10866983702898,2.271999999999992,0.0377159492985148
87672,142.68,4.2572666666666805,0.7764543529736783,53.31402807443238,0.5458310890489599,0.3961067153113387,67.81609195402335,78.58020675197012,19.985426206954664,1.450000000000017,0.0420910747129028
117432,143.924,5.455923333333345,1.0378733506743392,59.04831770134207,0.6066343216289738,0.4382122365748657,94.79505530253782,79.80915202776002,20.64768778291617,3.602000000000004,0.0467598685960305
90177,144.519,6.005826666666678,0.7957688889547084,61.48502893037721,0.6948233577343501,0.4895344608067626,99.37962777666588,87.330258344409,22.496307468660422,2.5080000000000098,0.0521517379518093
99026,144.07,5.510909999999996,0.8726158251242786,58.64902285569896,0.720181453170369,0.535663859279484,76.31356648082425,90.16274985334265,25.541984017775796,1.1869999999999834,0.057069750303087
110022,145.302,6.695463333333322,0.9681962154206248,63.60901145652982,0.8301209130912355,0.5945552700418344,97.12789322520668,90.94036249423226,23.630974517855527,1.9189999999999827,0.0630436662058002
110950,144.919,6.267210000000006,0.9749582622080628,61.15324448132733,0.8762430436492821,0.6508928247633239,88.197854155301,87.21310462044397,23.752475231474225,1.9639999999999984,0.0688100010713793
93783,144.44,5.743050000000011,0.8235519784036164,58.130549270917015,0.8641821141018795,0.693550682631035,72.14126944924642,85.82233894325135,22.737549261112548,0.9989999999999952,0.0733895454153067
102336,145.205,6.461623333333336,0.8975449860773733,61.41110766189186,0.9059100796803818,0.7360225620409044,89.3735362997659,83.23755330143776,23.051342894345897,1.7650000000000148,0.0778838081068563
101873,144.685,5.894300000000015,0.8925240629210591,58.07989090517789,0.8867976871316046,0.7661775870590445,74.15105386416852,78.55528653772694,22.19538022020776,0.9310000000000116,0.0812546419947627
96677,144.808,5.971506666666642,0.8462258596837152,58.65124435919861,0.8715295996688042,0.7872479895809965,77.75175644028063,80.42544886807168,20.886206842088548,1.712999999999994,0.0837354255751428
91745,144.078,5.198410000000024,0.8024127395277199,53.95135890903679,0.7914018433982903,0.7880787603444553,56.38173302107734,69.42818110850882,19.392439860651336,1.397999999999996,0.0843443206585966
143670,143.726,4.803203333333329,1.2536176646743111,51.79604215533466,0.6915250902701189,0.7687680263295882,46.07728337236536,60.0702576112411,19.03770552918416,-0.1980000000000075,0.0830260347402789
176890,143.002,4.037080000000003,1.538991050378441,47.585269124371166,0.5476384592976729,0.7245421129232051,38.89021195522756,47.11640944955675,16.04847038804501,-1.516999999999996,0.0793208806897108
145366,144.036,5.026666666666671,1.2609442934461337,53.41058130946779,0.5111502047261354,0.6818637312837912,63.51512264824944,49.49420599194744,14.63983178032814,-0.0339999999999918,0.0754426568092096
161175,141.112,2.0649633333333384,1.3947126710174975,39.90450300010709,0.2434839060763352,0.5941877662423,26.85489166119488,43.08674208822395,11.26467567746187,-4.189999999999998,0.0674650640186058
159855,141.949,2.8610266666666746,1.379487321396307,44.25037269264112,0.0977683284324655,0.4949038786803331,43.88277252287188,44.75092894410539,9.963972828666272,-2.969999999999999,0.0581073870879777
138019,140.617,1.4905166666666505,1.1886296527439049,39.37089330235787,-0.1237668771680944,0.3711697275106476,23.22840750503935,31.322023896368687,9.958978750695724,-3.823000000000008,0.0462968753235037
148784,140.813,1.6469899999999882,1.278672494380961,40.412133488736266,-0.2802885695654709,0.2408780680954239,29.48242621978337,32.197868749231525,8.855050639945391,-4.392000000000024,0.0335334890191583
113176,142.656,3.44470666666669,0.971780337939786,49.23981914123795,-0.2527054103945545,0.1421613723974282,56.814474269612994,36.50843599814522,11.94603502089901,-2.0289999999999964,0.0231342951037855
114651,142.752,3.493793333333344,0.9832912837869118,49.65817758438509,-0.2205567197575817,0.0696177539664262,59.374055034775,48.556985174723785,14.53684051888317,-2.055999999999983,0.014849377456563
134727,141.736,2.435003333333327,1.153321498058609,45.39403853986638,-0.2739039653296515,0.0009134101072106,44.01270033262775,53.400409879005245,13.416474780105167,-2.342000000000013,0.006918637851294
138227,140.622,1.2807966666667028,1.181558163390866,41.21503779005116,-0.4014449245063076,-0.079558256815493,27.16964015724258,43.5187985082151,12.053579543644922,-3.103999999999985,-0.0019696352459719
100873,142.072,2.685443333333353,0.8616431243016828,47.93390596421067,-0.3811257908184302,-0.1398717636160804,50.678944904011374,40.62042846462722,12.704819078533411,-0.9300000000000068,-0.0091347447915944
100566,141.973,2.544330000000002,0.8582397076833083,47.53443055693007,-0.3687603636747383,-0.185649483627812,50.10345376412568,42.65067960845988,12.168820750298416,-2.062999999999988,-0.0149564556230586
102390,144.083,4.605016666666643,0.8728774495916578,55.95881485530976,-0.1865508653293943,-0.1858297599681285,83.68613719560715,61.48951195458139,18.421501214181145,2.971000000000004,-0.0167178294967487
97680,144.7,5.170893333333339,0.8317672886338507,58.078577256420026,0.0075511731500625,-0.1471535733444903,93.89483778168444,75.8948095804724,20.755326561001784,2.7509999999999764,-0.0148067764214827
106760,143.998,4.4273133333333305,0.9083066068528164,54.84416588914823,0.1035393665667072,-0.0970149853622508,75.58445353594367,84.38847617107841,21.56580553314972,3.381,-0.0114461888916054
105615,144.352,4.739783333333349,0.897751553756554,56.16974045132028,0.2058031720462452,-0.0364513538805516,80.7568673290473,83.41205288222513,20.47439740886472,3.539000000000016,-0.0067521387204095
99912,144.303,4.648733333333325,0.8485254076933201,55.925017937065554,0.2796702199627248,0.0267729608881036,80.04091174751593,78.79407753750229,21.23159165853768,1.6469999999999914,-0.001419933882756
100589,143.154,3.462296666666674,0.8532660704422844,50.38189352034366,0.2426980185302056,0.069957972416524,63.25248392752766,74.68342100136363,19.763715244993072,0.4019999999999868,0.0025428659935004
84075,143.859,4.127696666666651,0.712627830133311,53.43183424047704,0.2672047209003949,0.1094073221132982,73.55347749853892,72.28229105786083,18.62351200547065,2.123000000000019,0.0063760330317659
66334,143.948,4.178770000000014,0.5624272896926261,53.8177670597887,0.29045977579554,0.1456178128497466,73.92424242424246,70.24340128343634,19.059312534105967,3.3259999999999934,0.0100663429650618
83372,145.098,5.281896666666682,0.7068919649047307,58.5929438231995,0.3971073569721568,0.1959157216742286,91.34848484848492,79.60873492375543,21.84356504314408,3.0260000000000105,0.0150534977658879
89762,145.896,6.0290133333333245,0.7611569418181782,61.56293067342845,0.5397958338828914,0.2646917441159612,98.9850659707116,88.08593108114631,24.33947876379031,3.922999999999973,0.0217544760807756
104909,146.343,6.425843333333319,0.888778252188251,63.157060751107466,0.6810954003071856,0.3479724753542061,95.74832170593646,95.36062417504432,26.49681515047914,2.259999999999991,0.0298808562296602
92487,146.457,6.489329999999995,0.7830212834779874,63.57200596282088,0.7931324349665942,0.4370044672766838,93.23237103644104,95.98858623769634,26.519285643216406,1.757000000000005,0.0387059054891866
100899,147.031,7.008443333333332,0.8541171507068513,65.6686244750858,0.9176613659964232,0.5331358470206318,97.9384816753926,95.63972480592336,26.653392288572785,3.0330000000000155,0.0483222725604362
84723,146.94,6.861853333333357,0.717048464903076,65.02961175425679,0.99750982915657,0.6260106434478194,90.89786558475934,94.02290609886433,27.086426474873704,2.587999999999994,0.0578296973527617
91758,147.156,7.0198666666666725,0.7758173738854336,65.87835930108704,1.065932302240384,0.7139949752063324,93.88877571806918,94.24170765940704,26.17011532754293,2.8530000000000086,0.0670296487013601
89082,147.587,7.39330666666666,0.7534528179373269,67.56972275346476,1.1417740426651335,0.7995507886980926,94.91525423728794,93.2339651800388,27.543985314175057,4.432999999999993,0.0760764997069366
94296,147.272,7.020803333333333,0.7968192128950594,65.03251768027215,1.1630543345345077,0.8722514978653756,88.98305084745748,92.5956936009382,26.32909695402608,3.4129999999999825,0.084045113266721
86696,147.386,7.074566666666669,0.7342022367976048,65.53687356035296,1.175566764522955,0.9329145511968916,91.1299435028248,91.6760828625234,24.646135020748368,3.437999999999988,0.0909322747505806
91863,148.296,7.924363333333332,0.7783093361987048,69.33863945905222,1.2445657707586406,0.9952447951092414,97.06229951038314,92.3917646202218,27.736562764370586,3.197999999999979,0.0978510082732411
88325,146.754,6.323163333333298,0.7491700603737556,57.71934503570398,1.1614331885130014,1.0284824737899934,69.21684764725225,85.80303022015339,24.378525083724487,0.8580000000000041,0.1021979932339865
106070,147.542,7.045413333333329,0.8996438913130125,61.28929439370198,1.1459255165141258,1.0519710823348198,78.69787568843435,81.65900761535657,22.551228972142205,1.1990000000000125,0.1055027483172091
97469,147.747,7.186113333333367,0.8269676870111267,62.18385532462931,1.137069927152993,1.0689908512984545,81.79178763998371,76.56883699189011,21.95641269716368,1.2900000000000205,0.1080340354892911
125401,150.041,9.405876666666645,1.0628319963895871,70.42114640614702,1.300170876489403,1.1152268563366443,92.93038316243928,84.47334883028576,29.83960906853084,3.009999999999991,0.1128273551799728
87413,150.931,10.211370000000016,0.7414868927327497,72.8885551614994,1.4841369094283152,1.1890088669549783,99.3836671802777,91.36861266090024,30.94315923554377,3.991000000000014,0.1198962371159309
105460,150.249,9.445743333333326,0.8954147733417976,68.19409573359367,1.556952041680404,1.2625975019000637,75.38822679667743,89.23409237979813,31.411958418274743,3.0929999999999893,0.12700976001578
108584,149.117,8.236829999999998,0.9224306167948348,61.153719605020754,1.5059558969584828,1.3112691809117476,53.54682554459107,76.10623984051539,29.394421647473614,1.5300000000000011,0.1320572396869951
130578,147.87,6.924653333333311,1.1083073710980695,54.4810548675226,1.3493639784788345,1.3188881404251651,29.727699530516464,52.88758395726165,26.53948836025617,0.5980000000000132,0.1335597017832734
95373,148.557,7.541833333333329,0.8096776799760586,57.24864203520139,1.2661040539893236,1.3083313231379967,42.62910798122041,41.96787768544264,25.235045361759017,1.1709999999999925,0.1332892074580398
87698,148.684,7.599856666666682,0.7448231487367264,57.75992982054452,1.1965744373210043,1.2859799459745982,45.014084507042185,39.123630672926346,26.9821940643226,0.3880000000000052,0.1317521400564253
97627,148.236,7.088746666666651,0.8290130948126005,55.249750204931125,1.09272559876527,1.2473290765327327,36.60093896713592,41.41471048513284,25.87322649055973,1.481999999999999,0.1285733023532013
106809,147.547,6.339816666666678,0.9068046644432566,51.53996988227812,0.943946872275518,1.18665263568129,23.661971830985795,35.09233176838796,23.74383222006681,0.0049999999999954,0.1232592373157956
111528,146.884,5.624020000000002,0.9466489429815969,48.18702092571325,0.7637362247718613,1.1020693534994042,13.73836891078246,24.667093236301383,21.982521000831927,-0.863000000000028,0.1156213815433336
95148,147.254,5.941629999999975,0.8074665850460263,50.13658571761864,0.6433576693228815,1.0103270166640996,20.48896186827206,19.296434203346763,21.06055711423165,-2.787000000000006,0.107032544416274
89629,148.011,6.644143333333318,0.7604644787515619,53.95400457441954,0.6020997393349603,0.9286815611982718,34.30031016237908,22.84254698047786,23.742443732165512,-2.920000000000016,0.0989823359873258
88069,148.146,6.7240466666666805,0.7467534468032467,54.62121562702755,0.5736828455913212,0.8576818180768817,36.76336434957104,30.517545460074047,24.347364551230044,-2.1030000000000086,0.0916257862500164
92048,149.245,7.769383333333309,0.7805146081506167,59.73609991114003,0.6325507169250386,0.8126555978465132,56.81444991789833,42.62604147661614,26.87002124017991,0.1280000000000143,0.0863352658331543
93222,149.382,7.852846666666664,0.7904680071678649,60.33628323126566,0.6823924882899064,0.7866029759351919,59.31399379675256,50.9639360214073,26.96137403196851,1.5120000000000005,0.0826651768658534
103242,149.082,7.504439999999988,0.8751042083355642,58.28735019400124,0.6897341326551043,0.7672292072791744,53.84054004743653,56.65632792069581,27.27369828544858,0.5250000000000057,0.0796735348414502
92206,149.844,8.213946666666686,0.7817813721930167,61.832699687132624,0.7484122399764885,0.7634658138186373,87.11872360394166,66.75775248271025,26.29336545213694,1.1599999999999966,0.0781200956082239
104345,149.251,7.577206666666655,0.8852169156840141,57.72110482487722,0.7385513583624572,0.7584829227274013,79.55124936257029,73.50350433798282,25.58256629894605,1.0150000000000148,0.0766520001129209
108687,149.917,8.197606666666672,0.9225799461907516,60.8683091472374,0.7755372618459262,0.7618937905511063,96.53238143804192,87.73411813485127,23.915389580820246,2.3700000000000045,0.076036784211356
111036,150.19,8.423103333333358,0.9428266231313652,62.1132862028508,0.8174545678589311,0.7730059460126714,96.98924731182784,91.02429270414667,24.699160708294837,3.306000000000012,0.0762292001969694
98152,150.782,8.961393333333348,0.8339719340812077,64.73351183982038,0.8882051116826801,0.7960457791466732,96.87565090606172,96.79909321864382,26.71742131979349,3.52800000000002,0.0775859292632839
57785,150.392,8.521440000000013,0.4915898032100562,61.70586123054333,0.902403342750489,0.8173172918674364,86.34245187436665,93.40245003075204,25.95224824776572,2.381,0.0789905623580148
103738,150.048,8.126200000000011,0.8819490355575074,59.08101969951178,0.8758019187409332,0.8290142172421359,79.37183383991893,87.52997887344908,24.518443974752767,1.9020000000000152,0.0797537984698364
105186,148.93,6.961026666666669,0.8937934606849987,51.42475489882536,0.7557945133916917,0.8143702764720471,51.487622075857374,72.40063593004764,22.27763357980093,-0.3149999999999977,0.0784187768204513
98888,149.38,7.362713333333318,0.8403464891135716,54.00823112841388,0.6890560104725694,0.7893074232721516,56.34386328327268,62.40110639968298,20.834849632027478,-0.0020000000000095,0.0761796083215056
88789,149.869,7.801756666666677,0.7546755306317439,56.70303961466919,0.6679240664707038,0.7650307519118621,65.3946227233304,57.74203602748681,21.663802357584345,0.7870000000000061,0.0739286061573493
85770,149.525,7.409893333333343,0.7290878776580231,54.292990869785385,0.6163144343727254,0.7352874884040348,48.905835543766536,56.88144051678986,21.83343989254655,-0.3189999999999884,0.0711673364588238
87480,149.307,7.149106666666654,0.7438784365899123,52.76251081271875,0.551465697721909,0.6985231302676097,28.900565885205253,47.73367471743405,20.60797700845094,0.0559999999999831,0.0677569990306652
92542,149.967,7.761740000000003,0.7871651696381298,56.738604074209775,0.5470233462408203,0.6682231734622518,55.57801131770436,44.4614709155587,20.861198216421293,0.0500000000000113,0.0647966291061924
88584,149.797,7.548583333333312,0.7536593110070848,55.44406696176648,0.5237477335848268,0.6393280854867668,48.70654810024209,44.39504176771722,20.389118769379596,-0.3930000000000007,0.0619134980166979
87440,149.809,7.5156100000000094,0.7442638738877257,55.52121161216628,0.5005004845399696,0.6115625652974074,49.19159256265116,51.15871732686586,21.93779434314619,-0.9730000000000132,0.0591005426023891
82224,150.185,7.846419999999995,0.7007294691721986,57.97639993356581,0.5065774206496769,0.5905655363678614,64.38965238480178,54.09593101589834,20.90335617304382,-0.2069999999999936,0.0568341795184781
96191,151.348,8.961299999999994,0.8192596612199788,64.50316583528138,0.5983405196456033,0.5921205330234097,99.02982393101016,70.87035629282103,25.95303801088323,1.3000000000000114,0.0564475362814381
93797,151.721,9.292093333333357,0.7992711005229344,66.31040003250214,0.6931709758999887,0.6123306215987255,98.08777429467062,87.1690835368275,27.21004394668955,2.790999999999997,0.0577124089477445
106204,153.539,11.060979999999972,0.9055285895103689,73.41489130411618,0.9045945985961624,0.670783416998213,97.05709240729828,98.05823021099302,35.71560266429511,4.158999999999992,0.0622984585051793
110063,155.233,12.701089999999994,0.9386147398521318,78.05807678087947,1.1950650198128585,0.7756397375611421,99.68477934554208,98.27654868250364,40.46111875593,5.364000000000004,0.0710034136784642
70016,155.074,12.48787999999999,0.5979695374535106,76.70393653202343,1.3963388253836513,0.899779555125644,96.24350408314794,97.6617919453294,39.21960115282768,5.549000000000007,0.0817311125648855
101731,154.413,11.769660000000016,0.8696930303589214,71.17593683430098,1.4853899400002888,1.016901632100573,85.74600355239797,93.89142899369595,36.03294435203587,5.106000000000023,0.0923114918335431
102866,155.888,13.176086666666665,0.8799797380927608,75.43105904934147,1.6558956287740043,1.1447004314352591,99.7113798790546,93.90029583820017,35.71198453950184,5.920999999999992,0.1040749140561086
101217,156.78,13.997509999999975,0.8666665144450812,77.58599252343164,1.841768796573632,1.2841141044629338,98.20395371263258,94.55377904802836,38.95124270250831,6.983000000000004,0.117067975782502
109224,156.52,13.673720000000005,0.936254613526592,75.50711695176219,1.9456663634072695,1.4164245562518012,95.0699132111862,97.66174893429113,35.006771488583404,6.711000000000013,0.1297333528674267
98796,156.494,13.582499999999982,0.8477514113743972,75.28986365783945,2.0028206808591733,1.5337037811732757,94.75650916104144,96.01012536162006,33.026993735326485,6.3089999999999975,0.1413247984867639
98579,157.913,14.931189999999988,0.8462122774817395,78.86416822558174,2.1379721183971583,1.654557448618052,99.6886600407139,96.5050274709805,37.0427359959454,6.564999999999998,0.1532494281928537
103209,157.663,14.612036666666684,0.8858789307091175,76.75757843028228,2.199552622241498,1.7635564833427415,95.98518341498404,96.81011753891312,35.722388281618386,5.942000000000007,0.1642313298063005
104683,157.282,14.163683333333324,0.8982639410191613,73.5338588551583,2.1923401665954145,1.849313219993276,91.39565582623324,95.68983309397704,34.26233310274827,3.743000000000024,0.1732694211779434
98659,157.423,14.237270000000024,0.8473549748769059,73.9695675186788,2.172953311982724,1.9140412383911656,92.77108433734946,93.38397452618892,31.791217258349057,2.1899999999999977,0.1804422445464415
88849,157.875,14.621856666666671,0.7643055786303578,75.36942592890449,2.1690581602265127,1.9650446227582352,98.24834016103976,94.13836010820746,30.87755858625181,2.800999999999988,0.1862724441487802
64899,157.174,13.855620000000016,0.5591468602759012,69.15776234914647,2.0853675637197853,1.9891092109505453,87.1595330739301,92.7263191907731,29.348823646175504,2.760999999999996,0.189665838309636
94059,157.004,13.62009333333333,0.8113218234319055,67.70055768652858,1.9824718819698148,1.9877817451543995,79.72697636511803,88.37828320002929,27.57185016148664,1.1159999999999854,0.1906827654842812
107958,156.914,13.462543333333317,0.9316537825489684,66.89691320016942,1.8720838477558173,1.964642165674683,72.54554655870425,79.81068533258411,25.309324008058905,0.1339999999999861,0.1895709523410602
101423,155.835,12.308046666666655,0.8765298740320818,58.00667648287736,1.678189133226283,1.9073515591850032,45.24291497975738,65.8384793011932,22.867364074665968,-0.6850000000000023,0.1853230998731608
98800,155.47,11.873209999999972,0.8543986265973726,55.3280702659199,1.4780358482447014,1.8214884169969427,31.99784888410862,49.928770140856734,20.97796934585103,-1.024000000000001,0.1783353492818658
99885,154.502,10.839376666666652,0.8637696932383833,48.881318112467135,1.2271575098888547,1.702622235575325,8.527334554015725,28.589366139293897,19.09476358451205,-3.4110000000000014,0.1682362446174184
111645,154.189,10.467306666666644,0.9653448588478994,46.97533520231441,0.9916470452523356,1.5604271975107276,16.575432450186202,19.03353862943684,17.833737116442823,-3.474000000000018,0.1557746326529377
108276,154.982,11.19086333333334,0.9360849977211464,52.07404615269568,0.859088737685255,1.420159505545633,33.93912853076437,19.680631844988756,20.11918288814879,-2.300000000000012,0.1429874486363764
112079,155.807,11.947453333333328,0.9699150292737324,56.73509505012753,0.8112542945750363,1.298378463351514,52.00350339391277,34.17268812495444,23.6304864894735,-1.616000000000014,0.1313086225195024
93897,155.887,11.958130000000011,0.8132005165387683,57.170086591507534,0.7709138699778464,1.1928855446767803,53.75520035033958,46.56594409167223,23.14022331371749,-1.9879999999999995,0.1207188634640596
110155,155.884,11.891323333333332,0.953986618465864,57.1468830883733,0.7302834647238683,1.100365128686198,54.21180632323645,53.32350335582959,21.451934275969258,-1.2900000000000205,0.1110733403483354
108942,156.465,12.404726666666676,0.9438627693432916,60.49127584073381,0.7364757857958466,1.0275872601081275,67.05726287862036,58.341423184065455,25.71845207544625,-0.5389999999999873,0.1029943755008336
108250,155.89,11.763199999999983,0.9381577937786514,55.846080798159086,0.6870654870824922,0.9594829055030006,54.34446164050376,58.53784361412017,24.58757224227222,-1.024000000000001,0.0953791493843574
104082,157.784,13.585749999999962,0.9020478988513958,65.29872745398893,0.7916122275539976,0.9259087699132,94.3011917659804,71.90097209503483,29.074838536579783,1.948999999999984,0.0906135931031708
102144,156.534,12.26866666666666,0.8852420315014266,56.6750793907249,0.7647857452732296,0.8936841649852061,67.21560130010829,71.95375156886415,26.657032884983668,1.063999999999993,0.0861963309275037
97460,155.766,11.439999999999998,0.8440358910687784,52.120668837658,0.6737873817167781,0.8497048083315206,50.574214517876456,70.69700252798837,24.82119771817509,1.2639999999999816,0.0810622972026479
107884,155.475,11.091146666666674,0.9348168499601278,50.46583661216554,0.5716002036402017,0.7940838873932569,44.268689057421504,54.019501625135405,23.66180305744581,1.2860000000000014,0.0751450023762188
129094,153.089,8.657020000000017,1.118120080533697,39.41554658834186,0.2946888794646156,0.6942048858075287,15.363605326049932,36.73550296711595,19.063781256942622,-1.893000000000001,0.0658024202028068
147084,155.496,11.011073333333345,1.2720034703267276,51.0580809411153,0.2663886809855853,0.6086416448431401,61.56974992467632,40.40068143604924,15.66409945319992,-0.3109999999999786,0.0574823180688993
110636,156.437,11.897999999999996,0.956205820660996,54.721421813050846,0.3162459194309406,0.5501624997607002,75.74570653811413,50.89302059628011,21.24480494263206,0.5500000000000114,0.051278051888467
101972,157.432,12.838436666666638,0.8811686790672508,58.27760185874119,0.4310771356553005,0.5263454269396203,90.73516119313034,76.01687255197358,21.08153217015204,1.5480000000000018,0.0479086139994395
118535,156.777,12.134103333333286,1.024346318670262,55.203887374805646,0.4638813405529447,0.5138526096622852,80.86773124435057,82.449532991865,19.94142925980608,0.3119999999999834,0.0456610912116553
127261,156.041,11.35756999999998,1.0995671262483029,51.89194337619213,0.4255839929308536,0.4961988863159989,69.78005423320279,80.46098222356122,18.4700019760594,0.1510000000000104,0.0432448224917244
117914,156.059,11.330929999999997,1.019232421538274,51.96784041139745,0.3921648859000868,0.4753920862328165,70.0512202470624,73.56633524153858,17.863205119523943,-1.7249999999999943,0.0407577512772621
97761,156.767,11.987456666666644,0.8458596605468349,54.976621005282894,0.4179913418059016,0.4639119373474335,80.71708345887315,73.5161193130461,18.02327109934483,0.2330000000000041,0.0391409027011693
109336,157.099,12.262113333333332,0.9472080683524816,56.35719771884276,0.4599466409707702,0.4631188780721009,85.71858993672782,78.82896454755445,21.002885630294923,1.3329999999999984,0.0385162562195574
99206,157.74,12.847696666666678,0.8606521324344791,58.97295433326804,0.5387099478267601,0.4782370920230328,95.3751129858393,87.27026212714674,20.73217519801875,2.265000000000015,0.0393118168077307
109850,158.951,13.994886666666645,0.9542237263305794,63.43213533935852,0.6908839352743144,0.5207664606732891,96.72951135051947,92.60773809102884,25.40135463604899,5.861999999999995,0.0424663621472444
99222,158.687,13.667003333333328,0.8636133485483607,61.85381265516059,0.7811754190548754,0.5728482523496065,93.17628984765092,95.09363806133656,24.543156998734936,3.1910000000000025,0.0466467964864006
104821,158.742,13.66491666666667,0.9138544222229648,62.06558211894698,0.8474017904606796,0.6277589599718211,93.88042504160788,94.59540874659274,23.727597552966685,2.3049999999999784,0.0513087534532421
103663,158.753,13.620066666666643,0.9042051475049842,62.11088661682812,0.8905090411010121,0.6803089761976593,92.7155662163865,93.25742703521507,25.35066665347819,1.320999999999998,0.056002450607126
109603,159.214,14.030236666666667,0.9566030628380569,64.04871468750034,0.9509092056642032,0.734429022090968,98.53553844211572,95.04384323337,24.47392269950413,2.437000000000012,0.060980209395465
112761,158.575,13.34253666666666,0.9852890094297464,59.5057015204913,0.9364203407987476,0.774827285832524,82.12171442102719,91.1242730265098,23.04564209692981,2.533999999999992,0.0650098210914319
109930,158.035,12.74906333333334,0.9621356628496548,55.89740040550193,0.8713202860944875,0.7941258858849167,65.91208212687513,82.189778330006,21.82741400723484,1.975999999999999,0.0674253555487781
97506,159.326,13.98466666666667,0.85435905721708,61.85295559690119,0.9133721488065872,0.8179751384692509,98.26514759192108,82.0996480466078,24.40552903006189,2.558999999999997,0.0701385624675714
97007,158.22,12.829096666666658,0.8506916471732255,55.00061168135024,0.847682045247069,0.8239165198248145,67.88689724816975,77.35470898898863,23.05141341627028,1.121000000000009,0.0714106224932176
102217,157.355,11.917086666666648,0.8969778191109886,50.3065489975646,0.717552396643498,0.8026436951885513,42.10241127065839,69.4181520369164,21.15592283673811,-0.3850000000000193,0.0704422522369337
99955,157.662,12.173886666666675,0.8782221467261208,51.87635796061176,0.6319117614510219,0.7684973084410454,50.41994039555723,53.46974963812844,20.049230712501117,-1.2889999999999873,0.0682630371034479
104447,158.076,12.53519666666665,0.9185225277820298,53.9872800391328,0.5906387650871068,0.7329255997702577,55.07614213197961,49.19949793273173,20.0282225704476,-0.6110000000000184,0.0657510107434819
82165,158.547,12.94771666666668,0.7237489818494411,56.3340056766405,0.5891440953992912,0.7041692988960644,63.98628048780508,56.49412100511395,21.13112465595554,-0.1949999999999931,0.0635828935599423
99340,158.704,13.04701,0.8749807216220847,57.11908206088342,0.5937833815937381,0.6820921154355992,69.96951219512256,63.0106449383024,23.045125363053,-0.0489999999999781,0.0618085866753368
102008,159.747,14.022356666666695,0.8996554766141229,62.00617817914702,0.6738536669985535,0.6804444257481901,99.44732297063932,77.80103855118898,25.585613898591063,0.5330000000000155,0.0615509513230048
99242,157.814,12.024616666666674,0.8767839205568665,50.51554245100888,0.5747081223214536,0.6592971650628427,32.677029360967,67.36462150890962,22.48403126972623,-0.7609999999999957,0.0597908870429697
91996,157.444,11.590396666666663,0.8137210658722741,48.65684958325507,0.4609649392003803,0.6196307198903503,19.89637305699452,50.67357512953361,21.2897212055539,-0.5910000000000082,0.056524876495225
64337,158.152,12.233266666666651,0.5703684979258472,52.27545032307442,0.4230753804679068,0.5803196520058617,44.35233160621718,32.30857800805955,21.78275202753545,-1.1740000000000066,0.0531624535107364
92888,158.388,12.401213333333343,0.8242109512004239,53.45309002424542,0.4073946677234801,0.5457346551493854,52.50431778929205,38.91767415083456,22.403718450757356,0.1680000000000063,0.0500695969557405
90976,158.38,12.323099999999982,0.8082231421746848,53.40498227463456,0.3898283581063708,0.5145533957407825,52.22797927461123,49.69487622337348,21.425460325053937,1.0250000000000057,0.0471822501429245
86263,157.535,11.413756666666671,0.7675483378030598,48.44538883129911,0.3042156840974428,0.4724858534121146,23.039723661485294,42.59067357512951,19.860450056005888,-0.1270000000000095,0.0434156283389314
93096,158.11,11.925873333333328,0.829565179268258,51.73037854508221,0.2795423277189286,0.4338971482734773,42.90155440414557,39.38975244674735,18.161492060628422,0.0340000000000202,0.0398518331754167
109157,157.575,11.33139,0.9728367067662516,48.6257917576968,0.21434762026891,0.3899872426725639,31.281407035175302,32.40756170026871,16.487315935607853,-0.9720000000000084,0.0358359077317942
90009,158.18,11.87617666666668,0.8026220646029391,52.12487553288,0.2090885461098537,0.3538075033600219,50.282663316582926,41.488541585301256,18.761636284690617,-0.5240000000000009,0.0323705371507376
95418,158.234,11.873730000000023,0.8514359471084211,52.43626806290199,0.2068931057162046,0.3244246238312585,51.97864321608048,44.51423785594622,20.268170416097156,-1.5130000000000052,0.0294263773560761
97223,156.964,10.549786666666677,0.867703513495723,45.01980954539012,0.1015047338326837,0.2798406458315435,12.091708542713292,38.11767169179222,18.128649184198125,-0.8499999999999943,0.0253268956025137
89668,157.613,11.141666666666652,0.8011051155190574,48.99029210510051,0.0695508272705467,0.2377826821193442,32.474874371859066,32.18174204355093,16.836973197184477,0.1690000000000111,0.0213851889348784
73802,157.82,11.285886666666642,0.660282695327309,50.22498454342247,0.0602359337842983,0.202273332452335,38.97613065326591,27.847571189279407,16.435046397270884,-0.3319999999999936,0.0179332580349846
80558,157.912,11.317020000000014,0.7213922284354946,50.79503986125191,0.0595905222633348,0.173736770414535,42.19689775245337,37.88263425919276,17.975244823096308,-0.4759999999999991,0.0150365388644279
88959,158.15,11.489660000000017,0.7968735975502313,52.31645572246386,0.0773915186812246,0.1544677200678729,75.85707387735391,52.34336742769105,18.12031131748917,-0.2299999999999897,0.0129013317874575
97183,157.315,10.59468666666666,0.870670638487244,46.84394389091292,0.0238465270578558,0.1283434814658695,35.53838725253456,51.1974529607806,16.78999925733001,-0.2199999999999988,0.0103091373345575
95287,157.934,11.143453333333326,0.8545037700295087,50.940860971004746,0.0310024848793375,0.1088752821485631,65.4273297923704,58.94093030741961,16.82632687907705,-0.1760000000000161,0.0082683231678143
84995,157.705,10.842893333333365,0.7632507678903397,49.42323378492268,0.0179878936012585,0.0906978044391022,54.369869628199226,51.77852889103472,16.04028188220107,0.1300000000000238,0.0063849415261085
91376,157.579,10.641753333333329,0.8211281009920208,48.56589987201302,-0.0024649957886992,0.0720652443935419,48.285852245292176,56.027683888620594,15.369139124464407,-0.6009999999999991,0.0045195638756287
93185,157.166,10.156083333333328,0.8387260508691673,45.76366925922876,-0.0514071171536443,0.0473707720841046,28.343795267985985,43.66650571382578,14.645931894034334,-1.068000000000012,0.0022265647314004
101025,157.751,10.668943333333344,0.9103251279170058,50.15117647652971,-0.0424995812754218,0.0293967014121993,56.59101883148229,44.4068887815868,15.212170828676058,0.7870000000000061,0.0004650904912235
102491,157.923,10.768513333333344,0.9239589809125835,51.39613704214781,-0.021315619191057,0.019254237291548,63.90268123138033,49.61249844361618,17.507240781176044,0.3100000000000023,-0.000652798207123
98013,157.021,9.801140000000004,0.8838589357061782,45.04296742490652,-0.0764300008150939,0.0001173896702196,19.11618669314742,46.53662891867,15.741163390745456,-0.7990000000000066,-0.0024063009866948
101080,155.991,8.710026666666664,0.911552338702514,39.09942088937461,-0.200905029143712,-0.0400870940925666,39.3258426966296,40.78157020705243,13.0275936323955,-1.9209999999999925,-0.0057801029972609
105484,156.631,9.288029999999992,0.9507431913607012,44.04048038859747,-0.2450845524308817,-0.0810865857602297,54.95847581827072,37.800168402682566,12.268647762073808,-1.5190000000000057,-0.0092916570708202
105157,156.677,9.267969999999991,0.9479401695306352,44.38971423646661,-0.2732356370298703,-0.1195163960141578,56.082071323888506,50.12212994626293,11.861052514661392,-0.6380000000000052,-0.012670081417405
104866,157.922,10.44405333333333,0.9454944528635008,52.9484978695654,-0.1928612943420944,-0.1341853756797451,86.49242794333175,65.84432502849698,19.373613137829715,-0.0120000000000004,-0.0142491221044519
97010,156.922,9.37729333333334,0.8747449036407722,46.72769282645656,-0.2074641734973568,-0.1488411352432674,62.06643869076699,68.21364598599574,17.739455099890016,-0.7830000000000155,-0.0157646214167648
105230,157.706,10.08702333333332,0.9484271233392432,51.53520178385166,-0.1539996010577908,-0.1498728284061721,81.21641426477757,76.59176029962542,18.088135097403114,0.1269999999999811,-0.0161713512590995
100649,158.407,10.715076666666675,0.9069943794024856,55.409947594909134,-0.0544361941486499,-0.1307855015546677,98.339032730826,80.5406285621235,19.98548355701145,1.241000000000014,-0.0149179404579608
96798,157.714,9.95462999999998,0.8725038520608321,51.06356603817319,-0.031092371708155,-0.1108468755853651,78.83159886471125,86.12901528677158,19.68054186453419,-0.0370000000000061,-0.0134345500330465
97668,157.169,9.342606666666654,0.8804553833371483,47.88255362052994,-0.055924506585768,-0.0998624017854457,65.94134342478726,81.03732500677482,18.46553868551309,-0.7539999999999907,-0.0125094648162199
84698,157.88,9.985430000000008,0.7638534681013215,52.07683443012101,-0.0180246178820766,-0.0834948450047719,82.75780510879821,75.8435824660989,17.214484237250552,0.8590000000000089,-0.0110931616866886
93466,158.44,10.47290666666666,0.8430037689210816,55.13911726360728,0.0565468005368643,-0.0554865158964446,95.77630957999052,81.49181937119198,19.53572278234065,2.448999999999984,-0.0086929837925649
99021,157.948,9.908786666666655,0.893543702105456,51.9955160065687,0.0750794297763661,-0.0293733267618825,84.16705993393128,87.56705820757333,18.49692320405804,1.3170000000000073,-0.0063290686576951
114706,158.493,10.381176666666676,1.0350820622832606,55.05247432202659,0.1322194734280799,0.0029452332761099,90.37362637362604,90.10566529584928,19.45268850140015,1.8160000000000025,-0.0034033647958618
99046,158.745,10.5578266666667,0.8938931142239772,56.43395424010487,0.1955831033725701,0.041472807295402,95.91208791208776,90.15092473988167,18.49457353912433,0.8230000000000075,9.191850904032076e-05
86829,159.709,11.446236666666664,0.7840849717211933,61.33028687030423,0.3198983906125932,0.0971579239588402,98.2802225594339,94.8553122817159,22.319988111172044,2.787000000000006,0.005012751639422
91820,158.748,10.418296666666665,0.8295412573003083,54.72706397862251,0.3369898733150194,0.145124313830076,69.50391644908586,87.89874230686917,21.27890305030988,1.0420000000000016,0.0094760324673584
91270,158.719,10.323596666666646,0.8250398463420168,54.53624328374915,0.3442269053659856,0.184944832137258,66.64809139035934,78.14407679962635,20.552635638236524,0.3119999999999834,0.0133858729159994
104754,158.855,10.395699999999977,0.9472752701235684,55.32298657974229,0.3568231338348369,0.2193204924767737,68.876503373423,68.34283707095607,19.331848482827983,1.1409999999999911,0.0168986134411239
97696,158.081,9.55958666666666,0.8839929912259228,50.01803865188428,0.3008820235602059,0.2356327986934602,41.76451920025383,59.09637132134538,18.06502200423005,0.9119999999999776,0.0190020405680767
87904,158.204,9.620626666666652,0.7959121494217861,50.82502920891707,0.263436629201891,0.2411935647951464,43.367515712868304,51.33617942884837,16.623744464618753,0.3240000000000123,0.020186191068797
109810,160.413,11.760279999999996,0.993653263361972,62.52679261298853,0.4073134669074534,0.2744175452176078,89.06882591093148,58.066953608017855,24.837692974083787,1.9730000000000127,0.0233991257997717
113580,159.548,10.834966666666674,1.0287308892344165,56.82451908058013,0.4463928871393818,0.3088126136019626,67.18117408906889,66.53917190428955,22.886685550862666,1.5999999999999943,0.0267146263750277
105659,159.828,11.061696666666649,0.9583528003421876,58.154832026201966,0.4942597504305581,0.3459020409676818,74.2661943319839,76.83873144399475,21.54066583971192,1.335000000000008,0.0302493739558342
101188,160.23,11.409856666666627,0.919020513117584,60.05767386588135,0.5581980649700995,0.3883612457681654,83.3468724614133,74.93141362748868,22.3968907237516,1.4849999999999852,0.0342156718809334
86654,160.832,11.95311666666666,0.7884570484987626,62.78671749070133,0.6499537465612377,0.4406797459267798,95.48347984237644,84.36551554525788,24.609862783749964,1.1229999999999905,0.0389760192598416
91138,160.939,12.00554333333335,0.8301826317378331,63.2671186977309,0.7229708333171061,0.4971379634048451,97.28195937873332,92.03743722750768,23.994616923884653,2.1910000000000025,0.0441165957977477
97017,161.678,12.6858,0.8845642861913606,66.48513965487953,0.8308905356663843,0.5638884778571529,98.63726461843392,97.13423461318122,26.86122502919341,2.959000000000003,0.0501143731562183
105959,161.455,12.400866666666673,0.9671019173428888,64.64473987398742,0.8881849972144664,0.6287477817286156,91.61384690394944,95.84435696703888,26.52571085449533,2.6000000000000227,0.0560501807420017
90882,161.893,12.777446666666664,0.8302397958940549,66.60035492099468,0.9578922249548328,0.6945766703738591,98.75264768180756,96.33458640139696,25.09210708241968,3.812000000000012,0.0621158853300189
83051,162.316,13.136546666666646,0.7594916103935647,68.41725145358149,1.0353335888545132,0.76272805406999,98.95029991431004,96.43893150002236,26.53844508366909,4.111999999999995,0.0684027823010123
93354,163.597,14.350773333333336,0.8539663872740536,73.17611701330527,1.1863963829200372,0.8474617198399995,96.40522875816995,98.03605878476247,33.02204159870954,3.183999999999997,0.0760065319731072
102268,164.206,14.89004,0.9360701984915002,75.09723455544142,1.3398114337357754,0.9459316626191548,99.95393120393098,98.43648662547032,33.11675556566304,4.657999999999987,0.0847567246213342
95397,163.59,14.201179999999994,0.8746803167541779,69.6624870719871,1.3956003033636648,1.0358653907680568,89.22028766086314,95.19314920765468,31.46050193116302,3.762000000000001,0.0929623490803663
97945,163.294,13.827596666666665,0.900213121056133,67.14780587685527,1.3997927191306587,1.1086508564405773,84.34053130340246,91.17158338939883,28.54489111524312,3.0640000000000214,0.0998949472771106
113211,162.341,12.79645000000002,1.0418049572336103,59.67838557602471,1.311102529556308,1.1491411910637237,62.590614269363066,78.71714441120953,25.438180663390916,1.5090000000000146,0.1043032831142755
115121,161.908,12.28729333333331,1.0611244921479688,56.59779311762396,1.192133263883477,1.157739605627674,54.22562141491376,67.05225566255974,23.605120079170405,0.968999999999994,0.1060939317256821
108245,162.843,13.142586666666633,0.9987639667329342,61.249409626435806,1.159925055576991,1.1581766956175374,69.01677638564446,61.94433735664041,24.795849672188474,1.164999999999992,0.1069937486496736
72206,163.097,13.32070333333337,0.6679484290454729,62.42747465945872,1.1417342934499572,1.1548882151840214,71.793071161049,65.0118229872024,25.19978617393014,1.641999999999996,0.1073570982070451
81605,163.354,13.505593333333366,0.756620721051148,63.63221078511599,1.134972479322471,1.1509050680117114,75.50387596899282,72.10457450522874,26.5775621054455,1.4610000000000127,0.1074465438513558
109227,162.861,12.94268333333332,1.0139961553793653,59.67907177455186,1.0774129670651291,1.136206647822395,60.02773925104004,69.10822879369393,24.61116621732364,0.5449999999999875,0.1065323689971239
118566,162.124,12.13867000000002,1.1015533196921028,54.252902887603895,0.9612462498598972,1.1012145682298955,31.07594936708862,55.53585486237381,23.05275805136539,-1.4730000000000132,0.1038765490485618
125134,161.497,11.45320000000001,1.1634243281886794,50.08104624215456,0.8092609728488469,1.042823849153686,11.234177215190462,34.11262194443969,21.904875390805227,-2.7089999999999748,0.099203495734003
120397,161.377,11.272063333333335,1.1201159888539058,49.2996902003529,0.6713891920242361,0.968536917727796,21.137772984632505,21.149299855637175,20.0224429641051,-2.212999999999994,0.0930451309842318
123081,159.778,9.614159999999998,1.1459162819432838,40.281267107226526,0.4281632760844331,0.8604621893991234,2.835051546391856,11.735667248738258,17.473392776698375,-3.51600000000002,0.0840334639518816
122036,159.525,9.30140666666668,1.1364771517828018,39.063635764674274,0.2125399712759588,0.7308777457744906,14.559112859953425,12.843979130325913,16.285641061456804,-2.8160000000000025,0.0730352268396082
114584,158.89,8.608143333333317,1.066894964825005,36.113009118156704,-0.0094730449845314,0.5828075876226863,5.434212825440843,7.609459077262021,15.170219553730096,-3.0180000000000007,0.0602717878784284
105084,158.559,8.220433333333318,0.9794018115757528,34.64405163051583,-0.2097114703169893,0.4243037760347511,3.3526877692452164,7.782004484879809,14.476221835604813,-4.283999999999992,0.0463605104299163
139833,155.572,5.189966666666663,1.303308432263982,24.82893356011145,-0.6024827554599312,0.2189464697358146,23.271802599359624,10.686234398015207,10.6006462627607,-7.525000000000006,0.0285653969905116
145407,156.017,5.594736666666648,1.3550498244172304,28.09723362487368,-0.8678450699683822,0.0015881617949753,27.46279902053116,18.029096463045317,9.48914379362948,-7.3370000000000175,0.0094209961372994
118888,157.328,6.863496666666663,1.10874094374652,36.81336561980599,-0.9612788483443352,-0.1909852402328868,39.80975701638732,30.181452878759348,16.05714778225914,-5.532999999999987,-0.0082361232804497
111664,157.018,6.519080000000002,1.0416780036071178,35.711004343738125,-1.0482565510793904,-0.3624395024021876,36.89018647579585,34.72091417090476,15.40820761855618,-5.1059999999999945,-0.0245054470535092
127380,155.399,4.8725700000000245,1.1883613726888171,30.563554498687708,-1.2336065284235929,-0.5366729076064687,21.64249387831986,32.780812456834326,13.903950163147618,-6.098000000000013,-0.0410711308539212
169256,155.95,5.392063333333312,1.5767257874661178,34.04780024185355,-1.320811137130022,-0.6935005535111793,26.831795064983904,28.454825139699853,12.518759327330276,-5.427000000000021,-0.0563857730572438
135133,154.894,4.309576666666686,1.2585264680036932,30.852520076611786,-1.4583211737276258,-0.8464646775544686,18.253079507278887,22.2424561501942,13.26582053969213,-4.883999999999986,-0.0713885468241444
109214,155.986,5.366749999999996,1.0184420691716056,37.395407962268216,-1.4623268015607491,-0.9696371023557248,31.51972031028071,25.534864960847813,12.332012501361108,-3.539000000000016,-0.0840855014775584
123189,157.939,7.283663333333351,1.1498001701581344,47.04604180467052,-1.2930055492754209,-1.034310791739664,54.71612757294714,34.82964246350223,20.050556278906097,-0.9509999999999934,-0.092162325496698
111425,157.089,6.401530000000008,1.0402884718141927,43.87591114422749,-1.2134176103137122,-1.0701321554544738,45.98178254352587,44.07254347558455,18.92202873251122,-1.4699999999999989,-0.0976530958931747
115942,156.453,5.73603,1.083222820995199,41.61626691921116,-1.1879693093002857,-1.0936995862236365,49.71818451498085,50.1386982104846,18.11391743156327,0.8810000000000002,-0.1017628205226033
105957,156.85,6.096023333333335,0.9912324213650696,43.56989918059519,-1.122823554269246,-1.0995243798327583,56.67422524565367,50.7913974347201,17.41675894544647,0.8329999999999984,-0.1040920888519375
57388,157.201,6.412883333333326,0.5381825993377527,45.31227606065133,-1.0309877227859945,-1.0858170484234055,68.12894649385167,58.17378541816205,18.49478405112693,-0.1270000000000095,-0.1044982081071251
75422,157.526,6.7027933333333465,0.7080809496632097,46.94575062339892,-0.9213614989995732,-1.0529259385386391,80.68927789934362,68.49748321294963,21.98011183279155,0.5080000000000098,-0.102996467859575
95785,156.442,5.585200000000015,0.8999760219364611,42.397036599946624,-0.9114450957594896,-1.0246297699828093,54.86950986632752,67.89591141984091,20.26179336900362,1.0430000000000064,-0.1014045771070416
94214,155.651,4.759309999999999,0.886079020860685,39.39725142205992,-0.956388710363342,-1.010981558058916,38.086144706132366,57.88164415726782,19.017659085106036,-0.2989999999999781,-0.10059447985919
96713,155.365,4.437263333333334,0.9101569936820906,38.34094079012779,-1.003516742199821,-1.009488594887097,32.017823042648345,41.65782587170273,17.875218126510457,0.4710000000000036,-0.1005028330792361
103695,156.502,5.539320000000004,0.9765817832501422,44.68998850197147,-0.9383034709355228,-0.9952515700967824,56.14258434118435,42.08218402998833,18.5512003126093,0.5160000000000196,-0.0993101041112413
103309,158.302,7.301440000000014,0.9733845391382412,52.94979608830805,-0.732927791501254,-0.9427868143776766,93.91634980988572,60.69225239790613,24.52249703531857,0.3629999999999995,-0.095024827639438
109618,158.196,7.157229999999998,1.032842029792942,52.45302675379542,-0.5721243071410242,-0.8686543129303462,82.59259259259247,77.55050891455416,25.315771531708812,1.106999999999999,-0.0887889515498756
99312,157.931,6.854343333333361,0.9366402200733928,51.16076001406272,-0.4607583372617796,-0.787075117796633,75.15179822512867,83.8869135425356,24.346170295111836,1.4780000000000086,-0.0816612471932035
99804,157.928,6.804503333333344,0.942431128719292,51.14539799713028,-0.3684943057351404,-0.7033589553843345,72.81528662420372,76.85322581397493,23.38406563867709,1.078000000000003,-0.0740829938863854
92792,159.939,8.76129666666668,0.8780885342220467,59.84873802511619,-0.1315866536190242,-0.5890044950312724,99.73371569029077,82.5669335132077,30.23936493876492,2.7379999999999995,-0.0639012596022798
114295,159.432,8.204416666666674,1.08229655004372,57.0875107779682,0.0150798732938142,-0.4681876213662551,85.39545810493327,85.9814868064759,30.011492606350757,1.9059999999999773,-0.0529062799547853
104967,158.651,7.375033333333334,0.9952525120484594,53.028812104843496,0.0675157006666324,-0.3610469569596776,70.1057165231013,85.07829677277509,28.4643012494004,2.209000000000003,-0.0426966411105539
71597,159.612,8.28743,0.6802876863338844,57.07301662518327,0.1844894605665104,-0.25193967345444,88.91934220830066,81.47350561211171,27.903545838228126,3.960999999999984,-0.0321813865493438
106711,160.064,8.69032333333331,1.0143567861758582,58.86689419618238,0.3100901048120761,-0.1395337178011368,97.76820673453398,85.59775515531196,28.205280648196798,4.698999999999984,-0.0212909366851698
107658,161.22,9.791883333333317,1.0235622720448512,63.11255318453889,0.4971779018157463,-0.0121913938777602,98.82693234774212,95.17149376352556,31.975030545653837,4.717999999999989,-0.009146757141984
103115,161.132,9.65195,0.9805739253903224,62.58298800408286,0.6310708720970979,0.1164610593172114,95.94808483697372,97.51440797308328,31.21280650515692,2.8300000000000125,0.0032237901918088
95909,161.438,9.904789999999965,0.9120641835129568,63.72287034904356,0.7531913374502892,0.243807114943827,93.7159676232521,96.16366160265598,31.978290454461323,3.2419999999999902,0.0155834210833643
91361,161.188,9.60112666666666,0.8692702073138986,62.05944961998656,0.8203433677133489,0.3591143654977314,90.01622179619496,93.22675808547358,30.546689534357853,3.2569999999999766,0.0270609052677546
101977,161.036,9.393433333333348,0.9698571119477708,61.01654957329033,0.8514813587432286,0.4575877641468309,85.69456427955124,89.80891789966608,28.35847943373922,3.108000000000004,0.0372086660635239
100426,160.563,8.867249999999984,0.955036011417433,57.763501262821,0.828441535661284,0.5317585184497216,72.07806133390483,82.59628246988366,26.63203174961112,0.6239999999999952,0.0453680531201706
95141,160.152,8.401153333333326,0.9055597299389642,55.01865393556778,0.7681631382533851,0.5790394424104544,63.26399313746476,73.67887291697359,24.72951457438223,0.7199999999999989,0.0512455159382529
88579,160.793,8.98371000000003,0.843927376329849,58.3433355853438,0.7633163808739312,0.6158948301031497,77.01050825648724,70.78418757595226,23.188215629982757,2.141999999999996,0.0560308299206904
82846,159.789,7.926159999999982,0.7906149490348474,51.875747488129214,0.6707291335723653,0.6268616907969928,49.36585365853633,63.21345168416276,21.338893480074088,0.1769999999999925,0.0585289176744335
87395,160.097,8.175323333333353,0.8356822437037126,53.575931710899646,0.6151154311728817,0.6245124388721707,47.17657603824332,57.850979317755616,19.978504728698635,0.0330000000000154,0.0596532213282958
122582,158.978,6.998286666666672,1.1726159891650854,47.06959546126521,0.4752686223850162,0.5946636755747398,13.74365103077403,36.76202690918454,18.097630866067178,-2.2419999999999902,0.058314295006942
114688,159.196,7.163983333333334,1.0972297678169634,48.38468831060783,0.3776761810568132,0.5512661766711544,29.54065469904954,30.15362725602228,16.960663610750615,-1.936000000000007,0.0555403196295788
103387,160.063,7.97556666666668,0.9898800916816042,53.34900420130519,0.3660732577249348,0.5142275928819104,52.4287222808866,31.9043426702367,21.726406903266227,-1.375,0.052884440947148
91855,159.719,7.577513333333314,0.8803822877938872,51.24309223588742,0.3253692778184245,0.4764559298692132,43.34741288278752,41.77226328757453,20.68170626135043,-1.468999999999994,0.0498953094995745
97135,159.097,6.906053333333347,0.931397963763654,47.58542280483076,0.2401525496544536,0.4291952538262614,26.927138331573584,40.90109116508255,19.587010708922826,-1.938999999999993,0.0459501089798035
98038,159.631,7.387523333333348,0.9407604385851552,50.83032784415916,0.213248816196625,0.3860059663003341,41.02428722280881,37.09961281238996,18.61928369807121,-0.931999999999988,0.0421018574022517
100080,160.939,8.642599999999987,0.9605080941936838,57.732798507869965,0.2940820869496292,0.3676211904301931,78.7345254470427,48.89531700047502,24.28809375368833,0.7870000000000061,0.0400079861627919
97104,160.962,8.6096,0.9327922229914046,57.84486158716264,0.3558963921042561,0.3652762307650057,79.36726272352126,66.37535846445758,25.12289282545246,0.1689999999999827,0.0391274387366308
81004,160.879,8.472623333333331,0.7794202919653294,57.25492296148049,0.3936495213039848,0.3709508888728016,87.9196736743013,82.0071539482884,23.99359325589439,1.0900000000000034,0.0389176464002401
94669,161.488,9.031396666666666,0.9118774667241883,60.44273146697754,0.4673233459327832,0.3902253802847979,95.92238470191198,87.73644036657815,26.07359572595914,1.3909999999999911,0.0398358244437096
90158,161.548,9.035366666666675,0.869138730542713,60.75327904005151,0.5245057060159581,0.41708144543103,97.60967379077594,93.81724405566304,24.986487750978245,2.569999999999993,0.0414637923951924
90343,161.512,8.945026666666678,0.8714464063787097,60.4466522961237,0.560457632508303,0.4457566828464846,96.21848739495825,96.58351529588202,24.15224590276715,2.3160000000000025,0.0433701270914678
90513,161.836,9.19598000000002,0.8752524128112675,62.29128228734542,0.6080842685634593,0.4782221999898796,96.95640959504786,96.92819026026064,25.33487856359502,1.7730000000000246,0.0456913270062364
64190,161.816,9.104749999999996,0.6218239776061393,62.09876105952495,0.6368734077113629,0.5099524415341763,96.4405468145472,96.5384812681844,24.516642010055293,2.0970000000000084,0.0480746460330411
89749,162.106,9.32202666666666,0.8700502676536263,63.84372983524328,0.6753050875826716,0.5430229707438754,94.00373308446092,95.80022983135196,26.6586229370992,3.008999999999986,0.0506560425345845
89830,162.621,9.764896666666688,0.8715104654988506,66.76965378629416,0.7388022146888602,0.5821788195328724,99.83870967741936,96.76099652547582,27.281677341252557,2.990000000000009,0.0537876240639379
99927,162.924,9.998236666666685,0.9692683655178124,68.39041234810084,0.8043022178097772,0.6266034991882534,88.22754227981547,94.02332834723188,31.45585059233979,1.9850000000000136,0.0574150236697423
83367,162.877,9.884033333333347,0.8091808692547077,67.83770590918033,0.8427047590833183,0.6698237511672664,87.19525587524711,91.75383594416064,30.174413342065133,1.9150000000000205,0.0610450749261554
88060,163.541,10.475653333333328,0.8549304842294624,71.35928944587286,0.9161574081257128,0.7190904825589558,96.28090587990852,90.56790134499036,31.417218891863552,2.662000000000006,0.0652087586338904
80202,163.242,10.100036666666654,0.7793856534032637,67.76129517993525,0.9394133877672176,0.7631550636006081,88.84741017265496,90.77452397593686,29.81632743106521,1.753999999999991,0.0690535766602131
82864,163.342,10.119716666666676,0.8041718127284823,68.33631771392017,0.9549055269419852,0.8015051562688836,88.67585380467386,91.2680566190791,28.25171071728415,1.7940000000000111,0.0725026768316329
104429,162.063,8.761073333333314,1.014416449964883,54.85882744555826,0.8541326385239927,0.8120306527199055,50.35949670461313,75.96092022731396,24.71995655537429,0.5509999999999877,0.0738346343420807
94412,162.666,9.29070999999999,0.9184643515745072,58.967632019886246,0.8135483796378651,0.8123341981034975,64.246947082768,67.76076586401831,22.686291608375583,0.8299999999999841,0.0742819594161545
82686,163.392,9.940043333333335,0.8057483720379214,63.2989951627614,0.8303949189192394,0.815946342266646,88.30659536541881,67.63767971759997,24.79767400452016,1.5759999999999934,0.0748548245120629
92820,162.917,9.390686666666682,0.9054859159804048,58.91692093167655,0.7962388466306436,0.8120048431394455,71.37254901960802,74.64203048926493,23.27618485278416,0.811000000000007,0.0747605565847935
97410,162.831,9.233733333333332,0.951108350583464,58.13224642131212,0.7535440453033289,0.8003126835722222,61.91088260496963,73.8633423299988,21.94798526318824,0.2099999999999795,0.073972009430273
113018,162.065,8.400683333333347,1.1038992857215035,51.5470555490775,0.6504008927499854,0.7703303254077749,47.70932069510252,60.33091743989337,18.5021751847616,-0.8590000000000089,0.0716774949611778
114471,160.822,7.096660000000014,1.1178925768686978,43.02901491073233,0.4630220593506351,0.708868672196347,8.436018957345864,39.35207408580599,16.585109321716075,-2.055000000000007,0.0668270349183611
133413,160.546,6.7532633333333365,1.303270169746808,41.39336912840302,0.2889215823642246,0.6248792542299225,9.521094640821044,21.888811431089792,15.772975835121825,-2.9950000000000045,0.0600130943354278
153039,161.343,7.474096666666668,1.493996640242644,47.58898326415409,0.2128038686869615,0.5424641771213303,32.24059293044461,16.73256884287049,18.905840460759507,-1.899000000000001,0.0530297737038738
130872,161.756,7.811393333333342,1.2761463640573096,50.5087137270561,0.1836882369604779,0.4707089890891599,44.01368301026245,28.591790193842684,19.85636383844337,-1.5860000000000127,0.0466310557917629
136681,161.409,7.387196666666654,1.332021159373457,48.08493315812688,0.1311026196595719,0.4027877152032423,34.12200684150511,36.79209426073737,18.755215669633216,-0.6539999999999964,0.040387975792583
133145,162.289,8.19004666666666,1.2985530204852067,54.1004543124183,0.1586084451969043,0.3539518612019748,62.71135265700456,46.94901416959069,20.338969641571826,-0.3770000000000095,0.0355038376858706
110900,162.172,7.996116666666666,1.0819915083015856,53.21753209649122,0.1690177564276211,0.3169650402471041,59.17874396135269,52.00403448662076,21.226867285613785,-1.2199999999999989,0.0315281450597996
159032,163.91,9.656636666666657,1.5492546304948134,62.90279326971662,0.3138909460650438,0.316350221410692,97.7272727272724,73.20578978187653,26.95295146067889,0.992999999999995,0.0303711116580958
147320,165.182,10.851566666666656,1.433534669119196,68.1069079367403,0.5252885624925057,0.3581378896270548,96.67379887181444,84.52660518681314,32.63418824963243,2.350999999999999,0.0326276364497555
170748,164.673,10.26612,1.6574142662700462,64.22432661592683,0.6443232925995801,0.4153749702215598,86.77300136160272,93.7246909868965,30.593959956064783,2.608000000000004,0.0363913163817769
147069,163.667,9.186063333333324,1.4255524477366812,57.27476235986182,0.64999069319515,0.4622981148162779,67.20482396420928,83.5505413992088,28.06914856648958,2.844999999999999,0.0397135258372301
114798,164.09,9.53488333333334,1.1124030155173126,59.27045932880412,0.6807672527136504,0.5059919423957524,75.43279517603578,76.47020683394925,26.484069717735583,3.544000000000011,0.0430288245563594
118989,164.153,9.521010000000018,1.152361950255475,59.573333963268105,0.7021475514507927,0.5452230642067605,76.65823769694587,73.0986189457303,27.00921930449698,2.8100000000000023,0.0461868565766065
130498,163.741,9.035033333333333,1.2630079309401911,56.608655614778165,0.6780307193907049,0.5717845952435494,68.6442326395645,73.57842183751536,25.25227191085721,1.9850000000000136,0.0485145090232113
130699,163.246,8.466903333333335,1.2637599321218167,53.18413012870931,0.6119217402052755,0.5798120242358946,59.01575568955473,68.1060753420217,23.999058022230777,1.8370000000000173,0.0494932538154047
104595,163.262,8.411119999999983,1.0114713033677984,53.28250780279376,0.5544298420946632,0.5747355878076483,58.79802955665022,62.152672628589805,23.173385828497977,0.9730000000000132,0.0494491841381662
100814,162.917,7.991099999999989,0.9755995281385272,50.80348373581741,0.4755466758588227,0.5548978054178832,45.34440206416883,54.38606243679124,22.105943322615403,0.7450000000000045,0.0482100280612456
125890,163.215,8.21707333333336,1.2176012388342656,52.84433705913137,0.432096369823796,0.5303375182990658,50.12829484487982,51.42357548856626,20.92433691301781,-0.6949999999999932,0.046489227062859
113287,164.365,9.293373333333337,1.0956492253830712,59.778607896082086,0.4848678238438992,0.5212435794080326,76.95358059248896,57.475425833845854,26.435959999487142,-0.8169999999999789,0.0458131504700077
109293,164.014,8.864366666666683,1.0573774115851169,57.02243375210907,0.4926874208813672,0.5155323477026995,60.65236555980045,62.578080332389725,28.18789004915313,-0.6589999999999918,0.045352424668407
149726,164.289,9.061146666666644,1.4463887712485195,58.6317388400537,0.5151365362710862,0.5154531854163769,68.16277678037052,68.58957431088663,26.25185855761082,0.6219999999999857,0.0452968749075038
109484,164.885,9.57829666666666,1.0576878675035384,61.95660439396305,0.5743985322456808,0.5272422547822376,82.93216630196883,70.58243621404658,28.152575200439323,0.7949999999999875,0.0461415913950601
108198,164.783,9.394759999999993,1.0457902202694278,61.05223268454596,0.6061462666161503,0.5430230571490202,79.61876832844538,76.90457047026156,28.828723612226128,0.6299999999999955,0.0473381637917249
141264,164.494,9.030816666666652,1.3635582218336146,58.44896664821004,0.6010580668594798,0.5546300590911122,73.49726775956289,78.68273412999235,26.49384502899497,0.7529999999999859,0.0482777377578193
161889,164.399,8.864096666666683,1.5608471917077265,57.57981075207425,0.5826435734107065,0.560232761955031,69.78922716627645,74.30175441809489,24.972896128254728,1.1529999999999916,0.0487954342367848
147655,163.057,7.456516666666658,1.421662912174271,46.95709304463662,0.4545223198720975,0.5390906735384443,27.109886324491217,56.79879375011017,21.291942859712893,-0.2050000000000125,0.0473026508331407
164537,163.901,8.230696666666688,1.5813368732789292,52.848699112590126,0.4162903141666731,0.51453060166409,56.18325869789889,51.02745739622217,18.957155033490714,0.9840000000000088,0.0454488749447965
161270,164.3,8.560166666666674,1.546945829941517,55.37232942236516,0.4134214742075244,0.4943087761727769,69.92766104030338,51.073602020897816,19.31844941626758,1.085000000000008,0.0438225606384536
148019,164.771,8.960063333333323,1.4166273927360955,58.21535929197149,0.4440351013140855,0.4842540412010386,86.15225628659951,70.75439200826725,19.061251828988432,0.4059999999999775,0.0428965823748495
130160,164.606,8.725556666666648,1.2445370233349184,56.84905272174228,0.4497975145592363,0.4773627358726782,80.46848088184606,78.84946606958296,19.25266521097581,0.5919999999999845,0.0421969696319757
185352,164.788,8.835246666666677,1.767598397076696,58.019443504824025,0.4637048467078841,0.4746311580397194,86.7378573889083,84.45286485245127,16.755707490309202,0.4990000000000236,0.0418137169371997
112938,164.954,8.927000000000021,1.0761622349808844,59.10885319273398,0.4825586841838287,0.4762166632685413,92.45607991732707,86.55413939602714,16.474115751957097,0.0690000000000168,0.0417748422257033
120775,165.708,9.60838666666666,1.1507171588831155,63.71481492621868,0.5519791131557383,0.4913691532459807,99.07780979827058,92.75724903483533,19.483726729614016,0.9250000000000114,0.0427872839744421
107714,166.2,10.028116666666648,1.0257035972376616,66.37624856383403,0.6393258411177101,0.5209604908203266,99.29257200606315,96.94215390722026,21.681208304215744,1.7059999999999889,0.0449627075580636
137189,167.012,10.763643333333306,1.3047979008441504,70.25408306081404,0.7652490514455508,0.5698182029453714,98.42258198422596,98.93098792951989,25.740734333938192,2.6129999999999995,0.0487029898946453
155330,169.25,12.921816666666672,1.475217056255652,77.83991558095471,1.0337159649338048,0.6625977553430582,97.95116474880736,98.5554395796988,34.957034969008774,6.193000000000012,0.0559036357198643
230573,167.562,11.15834000000001,2.1815615521074534,64.48269462101449,1.0976177807444003,0.7496017604233267,56.71417854463624,84.36264175922317,35.50845565574212,3.661000000000002,0.0629791871257033
142899,168.223,11.740063333333351,1.3499447501249882,66.87945660758939,1.1879041859436654,0.8372622455273945,63.798092380238025,72.82114522456052,33.21345297857823,3.923000000000002,0.0703261438385279
137794,165.417,8.866690000000006,1.300266786478313,51.11152775405698,1.0212635725135613,0.8740625109246278,33.72628871503585,51.41285321330335,26.971850802080905,0.646000000000015,0.0740495459969007
193808,164.806,8.188620000000014,1.8235589194411808,48.433786755188194,0.8303256152960898,0.8653151317989203,24.03577417551713,40.52005175693032,23.68568252753647,0.200000000000017,0.0743148841451888
155356,164.596,7.912659999999988,1.4590749280624675,47.512446873908615,0.6545158127433979,0.8231552679878159,18.3851800069906,25.38241429918117,22.83218154429801,-0.1920000000000072,0.0718614311236473
111457,165.743,8.987443333333317,1.0461380314259985,52.794391588121165,0.6008127957833551,0.7786867735469238,31.748805778865137,24.723253320457605,25.710399367801497,0.7889999999999873,0.068920458150469
117212,166.369,9.537966666666676,1.101066042826417,55.43054365642264,0.6018282349652964,0.7433150658305984,39.042292904578815,29.72542623014483,27.081895594364564,0.6610000000000014,0.0663892082619675
118282,167.152,10.240466666666665,1.1131602497333188,58.54862815539597,0.6582269040113715,0.726297433466753,48.16497728067094,39.65202532137161,28.93019491130921,0.9519999999999982,0.0650402453002898
116967,167.616,10.625866666666669,1.1017662370804755,60.32020839746144,0.731926979144248,0.727423342602252,47.469021882415255,44.89209735588832,29.430109711091276,0.6040000000000134,0.0649618379534847
118495,167.75,10.67107333333334,1.1176569199935362,60.84071728483168,0.792017613745287,0.7403421968308591,49.235433693646286,48.28981095224415,29.67880801970723,-1.5,0.0657661189345684
128086,168.556,11.388383333333364,1.2093281207261173,63.90754980180828,0.8943676253130661,0.7711472825273006,59.86026891642523,52.188241497495575,31.329536432595965,0.9939999999999998,0.0679503300673872
121420,169.247,11.98395000000002,1.1469900532477384,66.34132277731871,1.0194866642871148,0.8208151588792635,68.96915370419218,59.35495210475455,33.176159590403905,1.024000000000001,0.0716452521013119
161255,168.581,11.225390000000004,1.5226921306404295,62.00173566357505,1.0527681146025714,0.8672057500239251,60.189823358818806,63.00641532647872,30.99493756655812,3.1639999999999877,0.0752578370796116
173173,168.864,11.421030000000002,1.632148691193276,63.10610831280269,1.0894214661077797,0.911648893240696,63.92037964671777,64.35978556990956,28.6409677161575,4.057999999999993,0.0788430319322143
135782,169.127,11.596113333333337,1.2788909835745008,64.14892520900466,1.126703476932562,0.9546598099790692,94.9832775919736,73.03116019917003,29.78680081242888,4.531000000000006,0.0824075008485897
116940,169.659,12.035036666666656,1.102039108472184,66.22836452473297,1.1855118503487745,1.0008302180530104,97.90112749349508,85.60159491072879,30.961508838904106,3.915999999999997,0.0862667008571621
133784,169.522,11.801703333333336,1.2609524571923532,65.17990561110703,1.2071479053005305,1.0420937555025145,92.9137843765815,95.2660631540167,30.625303853028964,3.152999999999992,0.0898205494808955
132748,169.7,11.887609999999968,1.2499361291060904,65.93448759197489,1.224541989319107,1.078583402265833,95.91699004555394,95.57730063854348,29.692048787517848,2.548000000000002,0.0930459289635853
153912,169.738,11.833060000000016,1.4467909157511838,66.1033687903921,1.2272462774895985,1.1083159773105862,90.1556156968878,92.99546337300774,30.185127902249352,2.1219999999999857,0.0957701333543383
127307,170.183,12.191060000000022,1.1957671980862894,68.09792554370385,1.2508778847172837,1.1368283587919257,93.59445124438965,93.22235232894376,29.652764883304467,2.4329999999999927,0.0983731419610756
87310,170.361,12.283523333333306,0.8203503512679112,68.8865720738165,1.2693370882749375,1.1633301046885285,96.8707482993196,93.54027174686566,28.707613097129613,1.8049999999999784,0.1007941927768475
124995,170.656,12.489663333333311,1.1737620446887704,70.20133363181466,1.2928668108540649,1.1892374459216355,96.50332430435864,95.6561746160226,29.40472239674881,1.4089999999999918,0.103132934722099
138720,170.291,12.03819999999999,1.3012978175587118,66.45927762330112,1.2674514446598837,1.2048802456692853,85.39746543778791,92.92384601382204,28.216987418754165,1.710000000000008,0.1046801027897619
154511,169.859,11.521013333333345,1.44695891803259,62.23114794497227,1.19863369114978,1.2036309347653842,72.95506912442423,84.95195295552357,25.940388107095146,0.9950000000000044,0.1049160246837193
167799,170.608,12.178500000000014,1.5681079702037557,66.24130256310423,1.190806292346707,1.201066006281649,94.52764976958534,84.2933947772658,26.43044428639664,1.4809999999999943,0.1049341352387736
159327,170.182,11.664756666666676,1.4854536914399703,62.19642640047002,1.137120366875962,1.1882768784005115,80.11220196353426,82.53164028584793,25.397404249421783,0.5229999999999961,0.1040985001856572
189614,168.511,9.911879999999996,1.76108137768545,49.44286380581322,0.9488009623974848,1.1403816951999062,33.23983169705478,69.2932278100581,21.45454840975386,-1.0109999999999957,0.1005701910165679
148854,169.678,10.996946666666672,1.3797169417827269,56.19806746932154,0.8835387399439867,1.0890131041487223,57.925771765521965,57.09260180870365,19.48702090795667,-0.0219999999999913,0.0965612294590196
150301,169.453,10.693423333333328,1.3905281822474689,54.68105479003098,0.8043898335779147,1.0320884500345608,50.12140131807154,47.09566826021608,19.825041616332733,-0.2849999999999966,0.0919521402399905
162798,169.321,10.484829999999988,1.503461698442374,53.76412411733202,0.7226818319113022,0.9702071264099092,45.54283732223367,51.1966701352757,18.647154455792155,-0.8619999999999948,0.0868070878216881
135383,169.052,10.140513333333333,1.2486316205767698,51.85576673376942,0.6289712114384827,0.901959943415624,36.21227887617029,43.95883917215847,17.542054156142697,-1.3089999999999975,0.0810430887100096
126610,168.772,9.78804333333332,1.1667963363030174,49.87145628437101,0.5260472642140144,0.826777407575302,26.50017343045392,36.085096542952606,17.601180215105675,-1.8840000000000143,0.0746304502429572
166947,169.409,10.35014666666666,1.534652656835155,54.168255244522406,0.4902288182209133,0.7594676897044244,48.59521331945859,37.10255520869425,17.505399935524753,-0.882000000000005,0.068655785619566
153065,168.592,9.461693333333358,1.4044047775971689,48.43399326231156,0.3914054908107118,0.6858552499256819,20.25667707249417,31.78402127413554,18.768468921188216,-1.266999999999996,0.0621485820431344
197835,168.492,9.292010000000005,1.809161829244258,47.76745147535774,0.3015421375313565,0.6089926274468168,29.10756501182001,32.65315180125757,16.457579436405272,-2.116000000000014,0.0553289692047313
141449,169.291,10.017613333333315,1.2916664688135642,53.297724910006856,0.2914378905172441,0.5454816800609024,52.71867612293141,34.02763940241518,15.245875114839311,-0.8909999999999911,0.0494134436674352
134320,169.526,10.178813333333323,1.2247912633014388,54.813112014649775,0.2989466668963132,0.4961746774279846,59.66312056737629,47.16312056737589,17.627814240957324,1.0150000000000148,0.0445332129122604
88373,169.835,10.416016666666678,0.8059109682670624,56.79812541079588,0.3260723843796995,0.4621542188183276,68.79432624113512,60.39204097714759,16.860360304232476,0.1570000000000107,0.0408265488952125
126860,170.088,10.591236666666646,1.1555367038054871,58.40912629331362,0.3637911387113206,0.4424816027969262,76.2706855791962,68.24271079590251,18.47246270963065,0.6349999999999909,0.038277595218417
132937,170.829,11.25461333333334,1.2099036314673413,62.786161367613005,0.448308212461626,0.4436469247298662,97.70588235294107,80.92363139109078,20.15323773848708,1.5080000000000098,0.0373957418657988
138122,171.339,11.685973333333322,1.255545541273348,65.47895210542445,0.5501001282208335,0.4649375654280597,97.18488460563049,90.38715084592256,21.89844095080317,2.287000000000006,0.0381837838182046
131543,171.067,11.343886666666664,1.1955191502730274,62.86619682603303,0.6018846761436691,0.4923269875711816,90.28658381942726,95.0591169259996,21.008565135099825,2.295000000000016,0.0396648523997568
152513,171.743,11.950513333333332,1.3833752185658663,66.44931312487344,0.6895234566969464,0.5317662813963346,98.74125874125868,95.40424238877212,22.23701927341988,2.334000000000003,0.0422489578036256
143086,172.082,12.216736666666662,1.2963924298373666,68.11107589872275,0.7773712368261556,0.5808872724822989,98.21811936453416,95.74865397507337,23.42314975868389,3.4899999999999807,0.0457673834118423
175678,172.356,12.413273333333336,1.5884648363245402,69.42906517656206,0.8591964635732552,0.6365491107004901,98.19765087079791,98.38567632553024,23.71369056059613,3.864000000000004,0.0499842476363424
158888,173.398,13.370180000000005,1.4354263663258804,73.85462943856128,0.996635641639216,0.7085664168882353,95.54005838469014,97.3186095400074,29.324896546670164,4.106999999999999,0.0555895751700858
127987,173.499,13.38803999999999,1.1551259815392882,74.24383538108779,1.1010152182819013,0.7870561771669686,97.17807330522209,96.97192752023668,28.36102052331849,3.9729999999999848,0.0618858970806477
137195,174.441,14.244183333333323,1.2363902002230958,77.59398025307036,1.2453922060414868,0.8787233829418724,98.95818467247028,97.2254387874608,32.00177189960282,4.6059999999999945,0.0693337039576496
103862,174.336,14.052183333333346,0.9358206336876744,76.40107772180015,1.3359395074936913,0.9701666078522362,97.28534390727472,97.80720062832232,30.65630833675842,4.248000000000019,0.0769671950594915
160227,174.229,13.856243333333367,1.441369837044875,75.13345661540987,1.3831211310531728,1.0527575124924236,94.86393944854936,97.0358226760981,29.038423174586768,3.4000000000000057,0.0841146604787316
149042,174.097,13.633533333333332,1.3392453187919693,73.5130308414721,1.393794811835619,1.1209649723610626,90.2979651162792,94.1490828240344,26.865952223836214,2.7580000000000098,0.0903052029667789
124319,174.413,13.859003333333334,1.11611689227885,74.9081956100773,1.4114816578978375,1.1790683094684176,95.8914436486998,93.68444940450944,25.669934968755868,3.346000000000004,0.0957689088027147
112190,175.126,14.48162000000002,1.0065450098056266,77.75532050170466,1.466131105292476,1.2364808686332294,99.4684499314128,95.21928623213056,28.106694168707968,3.3830000000000098,0.1011358235848803
168635,172.7,11.973773333333328,1.5093210768562466,54.92059449919312,1.298712511595454,1.2489271972256744,47.07596658247508,80.8119533875292,21.812884922967648,0.617999999999995,0.1032166170263984
218534,172.2,11.397256666666664,1.9485751889889005,51.55980838007436,1.1128579152619693,1.2217133408329333,31.73830192674129,59.42757281354304,19.42247695555388,-0.1560000000000059,0.1022342133118856
160893,172.224,11.345116666666655,1.4317351207415951,51.712552960782574,0.9564777282171236,1.1686662183097714,30.0699300699296,36.2947328597153,18.310210912561438,-1.1740000000000066,0.0990746740895162
144135,172.639,11.681593333333325,1.2810571668704362,54.39070283007599,0.8561630206666564,1.1061655787811484,31.115508285926484,30.97458009419911,19.4294376031802,-0.8599999999999852,0.0948781165658437
205351,170.871,9.84350333333333,1.8190411713993653,43.357862302628746,0.6267749959970104,1.010287462224321,3.640211640211582,21.6085499986892,17.1583079465255,-3.569999999999993,0.0879632382090995
210953,171.463,10.361463333333347,1.8628010124119745,47.2185785345754,0.4871373698769616,0.9056574437548492,27.174112888398277,20.643277604845427,15.684672459042396,-2.873000000000019,0.0800368853347781
174377,171.379,10.205923333333317,1.5368484211998186,46.73185368775863,0.3654823936304296,0.7976224337299653,25.629711343996668,18.81467862420216,16.511197620668273,-2.8500000000000227,0.0715255223717208
177657,171.048,9.805396666666669,1.562697775954687,44.77335347521882,0.2395990658745859,0.6860177601588895,19.544033829747924,24.115952687380936,15.077471512955617,-3.0490000000000066,0.0624740361381864
186050,168.867,7.564113333333324,1.632317040626463,34.510389019152,-0.0357408526336087,0.5416660376003898,0.5460336720764639,15.239926281940336,13.320235367690367,-5.546000000000021,0.0508452087037598
230143,166.812,5.454380000000015,2.009041880041841,27.99823456290692,-0.4149873317766435,0.3503353637249832,7.248249865374282,9.112772455732872,11.381604506859462,-8.313999999999993,0.0355557417067439
275609,166.948,5.534046666666683,2.393966359443088,28.953728410454943,-0.69653956094254,0.1409603787914785,20.06036027539383,9.284881270948173,9.968900259532166,-5.751999999999981,0.0185617186755508
228329,166.926,5.452059999999989,1.9762415482693485,28.88694711308304,-0.91094612725837,-0.0694209224184911,19.852871828727604,15.720493989831883,11.095473725583386,-5.274000000000001,0.0010940995697738
238845,166.678,5.1464,2.058946260650434,28.100132518622544,-1.088330803121096,-0.2732028985590121,17.513911157219635,19.14238108711367,10.449145483407394,-5.545999999999992,-0.0162294727635186
243800,165.196,3.613309999999984,2.092340771193604,23.9091479127454,-1.3331269930064875,-0.4851877174485073,3.536734886352916,13.634505957433367,9.168525061295297,-7.443000000000012,-0.034375482721539
347988,162.345,0.7195766666666543,2.964267167709201,18.265370465094847,-1.7371567486943604,-0.7355815236976779,2.8996933858956555,7.983446476489384,7.586067166165655,-8.52600000000001,-0.0554844427050157
324692,161.148,-0.5168933333333428,2.747320267281327,16.503905074577688,-2.1293947994618634,-1.0143441788505152,2.186019449754842,2.8741492406677858,7.009587297512149,-10.314999999999998,-0.0789483886063301
377735,159.839,-1.8588000000000025,3.1706300673336365,14.820673919180123,-2.516858858616331,-1.3148471148036784,1.0517554479419635,2.0458227611974684,6.505818051724292,-11.539999999999992,-0.1043515842887157
438634,157.886,-3.8387633333333326,3.646093355031672,12.733939802298435,-2.947540285490988,-1.6413857489411403,18.894859686261707,7.377544861319485,5.304089367084059,-13.162000000000006,-0.1320303800708345
400463,157.798,-3.953393333333338,3.300178242571973,12.64752861995936,-3.25839849417639,-1.9647882979881903,19.42186605609617,13.122827063433265,5.639419122161081,-11.068999999999988,-0.1599448011833242
351319,160.262,-1.5229833333333147,2.87394306022938,27.485505600374765,-3.268257221845289,-2.2254820827596102,33.52604464796794,23.94759013010859,8.7004993741555,-6.550000000000011,-0.1837470400048769
368801,160.813,-1.003533333333337,2.994692230976083,30.335264178963016,-3.1947817837300647,-2.419342022953701,37.13490959666196,30.027606766908672,8.180389714673641,-6.135000000000019,-0.2028248922603296
299870,160.01,-1.8341633333333505,2.421460925212082,28.57293615603044,-3.1648647677283464,-2.5684465719086305,33.591034400095815,34.75066288157522,9.363912390483009,-6.915999999999997,-0.2184784174691497
263960,160.913,-0.9557433333333164,2.122473769606036,33.267883777995934,-3.03332448718308,-2.6614221549635206,43.97000202689018,38.23198200788263,10.611944155484416,-5.764999999999986,-0.2297330103115692
276532,161.426,-0.463386666666679,2.213686690950273,35.84773262986576,-2.854774985477434,-2.7000927210663037,51.58327823084264,43.048104885942855,10.20302414493244,-3.77000000000001,-0.2365363346227319
269549,162.224,0.310779999999994,2.146358660423926,39.7497434968088,-2.618694606813733,-2.683813098215789,57.446183234148805,50.99982116396052,12.15308977269818,-0.1210000000000093,-0.2386897823535399
241545,163.782,1.8375500000000216,1.9162577626704376,46.58129106741354,-2.2796037733101,-2.602971233234652,69.19784517747782,59.4091022141564,15.727786494735543,2.6340000000000146,-0.2353601123677911
228253,162.775,0.8075933333333296,1.804823436951054,43.173854928738926,-2.0682864106128136,-2.496034268710285,61.76665928713757,62.80356256625471,14.885617917087796,2.936000000000007,-0.2291922192621858
265287,162.508,0.5215000000000316,2.088623600193912,42.29051940333105,-1.9004533041051277,-2.376918075789253,66.7188143268835,65.89443959716628,13.49618032751626,4.622000000000014,-0.2212432560182094
256770,161.677,-0.3266900000000134,2.013771055894949,39.57647806452618,-1.8135931402702568,-2.2642530886854537,76.66842382709544,68.38463248037215,12.737740957326638,3.878999999999991,-0.2129760153469669
290188,161.981,-0.0409799999999904,2.264528110417224,41.06650085203077,-1.7006218650119536,-2.1515268439507538,79.87348444913026,74.42024086770304,11.984816784490564,1.718999999999994,-0.2040815309906131
222737,162.56,0.5225300000000175,1.7325679875243365,43.903830181133,-1.5465432662766432,-2.030530128415932,85.97785977859793,80.83992268494119,11.379347452998076,1.747000000000014,-0.1940703537906329
240474,161.6,-0.4505933333333303,1.8639021402156408,40.42837894062696,-1.4847831873099722,-1.92138074019474,65.29251288269177,77.04795237013997,10.763569331975418,1.5900000000000034,-0.1844846101554059
217809,161.295,-0.7689699999999959,1.6833069044802722,39.36226849367581,-1.4438055392613194,-1.825865700008056,59.3387652773424,70.203045979544,10.325615555436231,0.3819999999999766,-0.1755970578568944
199882,160.999,-1.0768899999999917,1.540742867840338,38.30650898560286,-1.4188594555849363,-1.7444644511234322,41.3828061638281,55.33802810795407,12.397271676501274,-0.4269999999999925,-0.1675693188155914
204830,160.775,-1.3105566666666562,1.574192193780379,37.48708708392406,-1.4010144104756534,-1.6757744429938766,23.595781211675693,41.43911755094871,11.945740057865644,-1.448999999999984,-0.1604050010085975
233328,160.608,-1.4890033333333292,1.7855054861163735,36.85412996039704,-1.3843892109117064,-1.6174973965774426,15.932377049180705,26.970321474894813,11.347330134029564,-3.1740000000000066,-0.154016712211068
196112,161.445,-0.6668066666666732,1.4968195104118631,42.1282819672442,-1.288818023664561,-1.5517615219948664,36.75633729953434,25.42816518679689,12.169683237925923,-1.3300000000000125,-0.1471352717839272
148345,162.662,0.5310333333333688,1.1310769893290795,48.821637317423,-1.1021703068907414,-1.4618432789740416,68.23590274185244,40.3082056968558,16.353631784252524,0.1539999999999963,-0.1384861348621699
229794,160.644,-1.5029966666666326,1.7463983520093505,40.46434985222947,-1.1043560523598046,-1.3903458336511945,16.037247801345238,40.34316261424399,14.860193278451488,-1.032999999999987,-0.1311442621568527
244639,159.295,-2.86474666666669,1.852374404276774,36.02488087759094,-1.2010958124582205,-1.3524958294125995,0.9335649153273556,28.402238486174983,13.888626669476483,-2.686000000000007,-0.1263476140001161
234398,159.377,-2.7989966666666533,1.768825645956884,36.481073433869646,-1.2566600596867945,-1.3333286754674387,17.742973610813085,11.571262109161864,13.184447424310274,-3.1829999999999927,-0.1231284803761256
273496,157.723,-4.464776666666637,2.055500476968108,31.588157810181343,-1.417815409399367,-1.3502260222538245,4.505763185469959,7.727433903870104,12.053265642639287,-3.876999999999981,-0.1228457834065862
224765,157.979,-4.218766666666653,1.6843398768785367,33.08411271596026,-1.5074976302921357,-1.3816803438614866,10.160805796077362,10.803180864120108,11.398543281573934,-3.315999999999974,-0.1240122973405332
206817,156.97,-5.231643333333352,1.546182460599832,30.274182549896597,-1.6410720468857107,-1.4335586844663315,2.957516339869468,5.874695107138901,10.539316109585217,-4.028999999999996,-0.1270764897954465
276361,156.75,-5.454520000000002,2.0567474993358124,29.68222751004079,-1.744572549380564,-1.495761457449178,17.39714977144405,10.171823969130264,9.864616897974113,-4.025000000000006,-0.1313119788653405
262734,157.049,-5.15940333333333,1.947958741142251,31.638638928582083,-1.7819296661570831,-1.5529950991907593,21.417047593439285,13.923904568250904,11.544216745917806,-3.558999999999997,-0.1355512090163612
245325,155.994,-6.212833333333322,1.812775104431944,28.613583793970392,-1.8750507158690648,-1.6174062225264203,7.233127184727207,15.349108183203484,10.80824389961069,-5.450999999999993,-0.1406256191424592
211310,156.532,-5.676973333333308,1.5574751522727908,32.174977199070284,-1.8837233250067411,-1.6706696430224848,17.87788821479304,15.509354330986485,10.101689774994348,-6.129999999999996,-0.145137527278946
215253,158.261,-3.949563333333316,1.5822157847143168,42.16158813922675,-1.7311252458410422,-1.6827607635861963,40.19620498257388,21.769073460698014,16.055228375518517,-2.3830000000000098,-0.146725559516847
239797,158.173,-4.043026666666663,1.7567014272753685,41.82404708726045,-1.5988603662001708,-1.6659806841089912,39.06028139925139,32.378124865539405,15.370346548438956,-1.1219999999999857,-0.1461056142398953
280799,159.2,-3.0274733333333472,2.0479048065108105,47.142537750852966,-1.39508747911745,-1.611802043110683,52.31702594552717,43.85783744245078,20.614121349183087,-0.1770000000000209,-0.1425066076461128
264078,160.625,-1.619640000000004,1.9186708352169883,53.49540610467032,-1.1058627102735556,-1.5106141765432577,71.60784313725496,54.32838349401114,23.119321211364507,2.901999999999987,-0.1350570050015997
231241,159.545,-2.721160000000026,1.6759460718388806,48.71645286574665,-0.9528135300081146,-1.3990540472362292,72.7663798808734,65.56374965455181,21.284980727903623,1.565999999999974,-0.126377045110398
225760,160.113,-2.168549999999982,1.633117800267752,51.18628489317286,-0.7767343884325157,-1.2745901154754866,82.16412971542023,75.51278424451617,19.716678654254864,3.1430000000000007,-0.1163040493278118
225889,161.141,-1.156230000000022,1.6295223913097503,55.37514310570847,-0.5479232730849333,-1.129256746997376,91.90432382704664,82.27827780778006,20.524116592309653,4.390999999999991,-0.1042478227962424
237049,161.834,-0.4779033333333302,1.7044923023085554,57.99217376363932,-0.3071291140737173,-0.9648312204126444,98.71567759078847,90.92804371108508,20.5669825037252,4.784999999999997,-0.0903250083880591
282276,158.704,-3.614326666666672,2.0217608572821533,45.12126925937242,-0.3646592844885958,-0.8447968332278347,42.62943432406528,77.74981191396675,16.94376077758893,2.710000000000008,-0.0793715275531899
254782,159.923,-2.4082666666666626,1.819300211621521,49.794675261634566,-0.3083349532240618,-0.7375044572270802,57.238734419942446,66.19461544493204,15.713658707774158,3.390999999999991,-0.0692435405310847
264177,158.88,-3.4606700000000217,1.879841885982724,46.17165949419063,-0.3438946942193581,-0.6587825046255359,44.7387344199424,48.20230105465001,17.02829621799457,0.6189999999999998,-0.0612386786448283
233491,161.77,-0.5873466666666616,1.6561532543423396,55.77374743410864,-0.137294551760192,-0.5544849140524671,79.37440076701823,60.450623202301,18.49889632036201,3.5970000000000084,-0.0513601049440531
237205,162.088,-0.2859766666666985,1.6774254014602996,56.6892598827069,0.0515037883632203,-0.4332871735693296,83.18552253115992,69.09955257270683,19.900293712159765,2.888000000000005,-0.0401578287290565
217500,163.187,0.7948666666666782,1.5338020710816629,59.78740309014744,0.2865052937207508,-0.2893286801113136,95.918915290643,86.15961286294036,21.30894733676493,2.562000000000012,-0.0271278282732343
220943,162.615,0.2106533333333402,1.5540237842451798,57.48264347727614,0.4217286350267955,-0.1471172170836918,85.36211912417718,88.15551898199334,21.060084750368908,3.0700000000000216,-0.014076474188065
209457,162.724,0.3061966666666649,1.4694381461811772,57.81635804831366,0.5315619806651455,-0.0113813775339243,85.3738559834224,88.88496346608083,20.34454434023343,2.61099999999999,-0.0014124953256332
174918,163.346,0.9128499999999916,1.2251227844998558,59.757436647614334,0.6611742944197943,0.1231297568568194,95.88966021191096,88.87521177317014,21.961618500853817,2.2050000000000125,0.0112070202078595
207645,162.501,0.0553566666666824,1.450820101661063,55.98825564184361,0.6877802462854561,0.2360598547425467,79.9129014697877,87.05880588837364,20.74540686917556,0.6670000000000016,0.022197275131002
153045,163.103,0.6443933333333689,1.0682479035923522,58.0197897094999,0.7488102057666879,0.3386099249473749,90.83650880058072,88.87969016075976,19.77249704554932,4.399000000000001,0.0323110067243307
118617,163.358,0.8834500000000105,0.8278290667706302,58.885512365020006,0.8084341317902783,0.4325747663159557,95.46361821810925,88.73767616282585,19.808339439397365,3.4350000000000023,0.0416463635554814
162551,162.517,0.0275099999999781,1.1330578090134849,54.86682258665062,0.7788467902783793,0.5018291711084404,80.20322990382854,88.83445230750613,18.895148515600624,3.637000000000001,0.0489474048817195
147287,162.546,0.0457766666666543,1.0254743440526852,54.98091568306085,0.7491034681220583,0.551284030511164,80.7294501905278,85.46543277082183,18.247911878893,0.775999999999982,0.0545087976438425
163541,162.706,0.1908233333333271,1.1368860662767617,55.64709658823661,0.7300270365964536,0.587032631728222,83.63273453093784,81.52180487509803,17.487556981913162,0.617999999999995,0.0587520493740576
139071,162.468,-0.0642200000000059,0.9659533359056658,54.35853574334028,0.6877759630468177,0.6071812979919411,78.23181210616735,80.86466560921097,17.362555283480578,-0.7190000000000225,0.061523436139083
159961,163.128,0.5775600000000054,1.1095087645279742,57.310652941024735,0.6994849400315672,0.6256420263998663,90.21007546400124,84.02487403370212,17.84219757633987,0.5129999999999768,0.0638716110007896
187056,163.154,0.5866333333333387,1.2949696169003475,57.42747303490955,0.7027613756745552,0.6410658962548041,80.77356365001884,83.07181707339579,19.591294110515182,0.4300000000000068,0.0657398515591625
189197,164.71,2.1220900000000142,1.3065644510079726,63.81018604269814,0.8214450631364514,0.6771417296311337,92.28279810804082,87.75547907402029,24.171633071436585,1.3640000000000043,0.0689663948889061
206874,164.393,1.7861266666666609,1.4251113211068134,61.77808778977561,0.8797819115679886,0.7176697660185047,80.25818639798469,84.43818271868143,23.02058082606932,1.891999999999996,0.072438226771168
158600,164.434,1.81150333333332,1.0911439814476336,61.9468807120256,0.9187320701788336,0.7578822268505706,81.54911838790902,84.69670096464482,22.1590032489871,1.3309999999999889,0.0758284815342915
182611,165.745,3.0960666666666725,1.253938636241822,66.96980344793226,1.0433598916525284,0.8149777598109622,92.28767447362212,84.69832641983858,26.77179095771727,2.3870000000000005,0.0804551248054767
182424,165.911,3.23384333333334,1.250067154859569,67.55381304137953,1.1423547957512596,0.8804531669990218,96.05573925366082,89.96417737173063,25.533328957481597,3.394000000000005,0.0857464797505957
186979,166.548,3.842856666666677,1.277701155185149,69.76314733896933,1.2577114323442515,0.9559048200680678,98.96907216494832,95.77082863074372,26.7898404704069,4.0020000000000095,0.0918504770062802
218746,165.474,2.745236666666642,1.4905046135736344,62.08692647601142,1.248082456087019,1.0143403472718582,74.93806771263418,89.98762637708107,24.383023219541844,2.7680000000000007,0.0967476577553334
194461,165.663,2.909959999999984,1.3219229223060334,62.8613695271487,1.241392147553995,1.0597507073282857,78.83980181668088,84.24898056475443,23.245660017002745,3.1950000000000216,0.1006598615791197
181433,165.472,2.692503333333349,1.2307060804158871,61.494296920072784,1.206767066537452,1.0891539791701188,74.89677952105737,76.22488301679078,22.352206227425334,2.3440000000000225,0.1033116604504603
151922,165.711,2.906166666666678,1.0291565915791527,62.59061733461315,1.184952349883048,1.1083136533127047,79.83071841453392,77.8557665840907,22.00083424350722,2.5570000000000164,0.1050879761010406
379346,165.893,3.06044,2.554198713346112,63.4441641233725,1.1688758356964684,1.1204260897894571,83.06348530038369,79.26366107865829,20.52858339961515,1.1829999999999927,0.1062115838684402
230898,165.179,2.323110000000014,1.54977349775756,57.86611160664855,1.0860024888471855,1.113541369601003,67.85257775884129,76.91559382458628,19.403125822559492,0.7860000000000014,0.1057793103711082
208835,163.599,0.7252266666666287,1.398140196033442,47.84203986892621,0.8826572457163024,1.067364544824063,21.07818088911577,57.33141464944688,17.06763681154705,-0.835000000000008,0.1022179880433599
161123,163.809,0.9124099999999656,1.077174592630672,49.10401353690151,0.7300345367594616,0.9998985432111428,22.607526881720656,37.17942850989255,15.759758960584453,-1.936000000000007,0.0967734241610411
187785,164.268,1.3492266666666808,1.252682202604605,51.846447040062266,0.6387542429982602,0.9276696831685664,30.559540889526605,24.748416220120983,14.818488966730762,-1.643000000000001,0.0906680814515351
217123,164.243,1.302816666666672,1.4437898587752858,51.68309930185183,0.5579647907010212,0.8537287046750575,29.842180774748822,27.669749515332,16.434184862742228,-2.305000000000007,0.0841778473108945
224675,164.555,1.5926733333333232,1.4892506494625457,53.64592316906225,0.5131985270413395,0.7856226691483139,38.79483500717388,33.06551889048307,16.370836328999886,-0.9189999999999828,0.0779198265723129
