Time;Volume;Close;Open;High;Low;mean_close;diff_to_mean;mean_volume;relative_volume;relative_change;Close_Filtrado_Wavelet;RSI;MACD;MACD_Signal;MACD_Hist;Stochastic_K;Stochastic_D;BB_Middle;BB_Upper;BB_Lower;Donchian_Upper;Donchian_Lower;Donchian_Middle;ADX;ADX_Pos;ADX_Neg;Momentum;TRIX
2019-06-26;64666;1.13685;1.13662;1.13913;1.13475;1.1456691666666667;-0.008819166666666822;96920.96;0.6672034614596608;0.014955836295182934;1.1368900000000002;;;;;;;;;;;;;0.0;0.0;0.0;;
2019-06-27;55538;1.13693;1.13676;1.13816;1.13479;1.1454616;-0.008531599999999973;96717.37;0.5742298410305642;0.007036988169062397;1.1368900000000002;;;;;;;;;;;;;0.0;0.0;0.0;;
2019-06-28;52939;1.13697;1.1369;1.13935;1.13507;1.1452682333333333;-0.008298233333333238;96310.56666666667;0.5496696970252261;0.003518246505951339;1.13274;;;;;;;;;;;;;0.0;0.0;0.0;;
2019-07-01;59256;1.12851;1.13595;1.13712;1.12811;1.1450338;-0.01652380000000009;95937.31;0.6176533404990595;-0.7440829573339802;1.13274;;;;;;;;;;;;;0.0;0.0;0.0;;
2019-07-02;49201;1.12862;1.12849;1.13212;1.12752;1.1448083;-0.016188300000000044;95650.32;0.5143840606073754;0.00974736599588244;1.1282;;;;;;;;;;;;;0.0;0.0;0.0;;
2019-07-03;47093;1.12778;1.1284;1.13115;1.12685;1.1445931999999999;-0.01681319999999986;95473.14;0.4932591512125302;-0.07442717655189446;1.1282;;;;;;;;;;;;;0.0;0.0;0.0;;
2019-07-04;23894;1.12843;1.12778;1.12951;1.12732;1.1444001666666668;-0.01597016666666673;95076.59;0.2513131781440362;0.057635354413099193;1.1254850000000003;;;;;;;;;;;;;0.0;0.0;0.0;;
2019-07-05;50105;1.12254;1.12836;1.12877;1.12074;1.1441915999999999;-0.02165159999999977;94804.68666666666;0.5285076272248431;-0.5219641448738432;1.1254850000000003;;;;;;;;;;;;;0.0;0.0;0.0;;
2019-07-08;36426;1.12143;1.12219;1.12344;1.1207;1.1439577666666667;-0.022527766666666782;94365.22;0.38601086290050657;-0.09888289058743727;1.12109;;;;;;;;;;;;;0.0;0.0;0.0;;
2019-07-09;39167;1.12075;1.12138;1.12188;1.11934;1.1437139;-0.022963900000000148;94073.88333333333;0.4163429701441669;-0.06063686543074098;1.12109;;;;;;;;;;;;;0.0;0.0;0.0;;
2019-07-10;55757;1.12504;1.12078;1.12644;1.12018;1.1434884333333335;-0.018448433333333458;93859.47666666667;0.59404763354914;0.3827793888021569;1.12525;;;;;;;;;;;;;0.0;0.0;0.0;-0.011809999999999876;
2019-07-11;55426;1.12546;1.12505;1.12858;1.12452;1.1432942;-0.017834200000000022;93498.55333333333;0.5928006158811235;0.037332005973111926;1.12525;;;;;;;;;;;;;0.0;0.0;0.0;-0.011470000000000091;
2019-07-12;48634;1.12707;1.12537;1.12749;1.12382;1.1431151;-0.016045099999999923;93051.20333333334;0.5226584746655589;0.1430526184849068;1.1264250000000002;;;;;;;;;;;;;0.0;0.0;0.0;-0.00990000000000002;
2019-07-15;37927;1.12578;1.12673;1.12839;1.12532;1.1429362333333335;-0.017156233333333493;92634.35333333333;0.40942694189832857;-0.1144560675024664;1.1264250000000002;34.813190693100935;;;;32.183908045976885;;;;;;;;0.0;0.0;0.0;-0.002729999999999899;
2019-07-16;46222;1.12094;1.12574;1.12635;1.12019;1.1427494333333332;-0.021809433333333184;92399.87;0.5002387990372172;-0.42992414148411706;1.121725;26.50174679985939;;;;7.996001999000695;;;;;;;;0.0;0.0;0.0;-0.007679999999999909;
2019-07-17;39140;1.12251;1.12098;1.12336;1.11998;1.1425608666666667;-0.020050866666666778;92172.92333333334;0.4246366349741367;0.1400610202151542;1.121725;32.15970037935121;;;;15.84207896051915;18.673996335165576;;;;;;;0.0;12.941696113073977;32.76818881942593;-0.005270000000000108;
2019-07-18;57963;1.12772;1.12236;1.12805;1.12053;1.1423939333333335;-0.014673933333333444;91977.60666666667;0.6301859996211436;0.4641384041122354;1.1249550000000001;46.79647866333413;;;;47.131608548931936;23.656563169483928;;;;;;;0.0;18.566057255798086;29.039328618634723;-0.0007099999999999884;
2019-07-19;55772;1.12219;1.12765;1.1282;1.12034;1.1422356999999999;-0.020045699999999833;91609.94666666667;0.6087985205681513;-0.4903699499875902;1.1249550000000001;37.538661295994345;;;;22.3004694835682;28.424718997673097;;;;;;;0.0;16.45796683152481;26.01652000978831;-0.0003500000000000725;
2019-07-22;38181;1.12088;1.12149;1.12254;1.12063;1.1420653;-0.021185299999999962;91219.73333333334;0.41856075001310916;-0.11673602509377767;1.1179950000000003;35.73513804219283;;;;13.03979678238852;27.490624938296218;;;;;;;0.0;15.98304240565046;25.265766228632923;-0.0005499999999998284;
2019-07-23;42874;1.11511;1.12085;1.12096;1.11459;1.1418988666666667;-0.02678886666666669;90866.86;0.4718331853878882;-0.5147741060595346;1.1179950000000003;29.10279642305896;;;;3.485254691689507;12.941840319215409;1.1260755;1.1374116571531097;1.1147393428468904;1.13935;1.11459;1.12697;0.0;14.48207937477057;31.797534695513196;-0.005639999999999867;
2019-07-24;43788;1.11394;1.11519;1.11559;1.1127;1.1417372666666665;-0.027797266666666598;90578.66333333333;0.48342510684722145;-0.1049223843387792;1.1143;27.969230771089897;;;;7.716241443683296;8.080430972587108;1.12493;1.1363096256528937;1.1135503743471062;1.13935;1.1127;1.126025;0.0;13.84674642873236;33.271593336767175;-0.01110000000000011;
2019-07-25;64096;1.11466;1.11403;1.11878;1.11014;1.141607;-0.026947000000000054;90103.26333333334;0.7113615825752322;0.06463543817440964;1.1143;29.781793344214705;;;;24.51193058568371;11.904475573685504;1.1238165;1.1346253357837464;1.1130076642162536;1.13935;1.11014;1.1247449999999999;0.0;16.70253229314843;29.153786208000287;-0.01079999999999992;
2019-07-26;41673;1.11283;1.1147;1.1151;1.11121;1.1414284333333333;-0.02859843333333334;89566.57666666666;0.46527400678812014;-0.16417562305994782;1.1136750000000002;27.86267795749481;;;;14.587852494577438;15.60534150798148;1.1226094999999998;1.1326365264286073;1.1125824735713923;1.13712;1.11014;1.12363;0.0;15.756979228338727;27.50335072816053;-0.01424000000000003;
2019-07-29;33520;1.11452;1.11238;1.1151;1.1113;1.1412459333333334;-0.026725933333333396;89094.44666666667;0.37622995881445026;0.1518650647448272;1.1136750000000002;32.20731381752594;;;;23.752711496746464;20.950831525669205;1.1219100000000002;1.1321427357045901;1.1116772642954103;1.13212;1.11014;1.12113;0.0;14.87131012283188;25.95744096431176;-0.011260000000000048;
2019-07-30;45574;1.11558;1.11448;1.1161;1.11322;1.1410778666666668;-0.025497866666666757;88695.36333333333;0.5138261830972998;0.09510820801781339;1.1116150000000002;34.85741349310983;;;;29.501084598699066;22.61388286334099;1.1212579999999999;1.1313583675180652;1.1111576324819346;1.13115;1.11014;1.1206450000000001;0.0;15.74205732715097;24.818834887282094;-0.005360000000000031;
2019-07-31;65886;1.10765;1.1154;1.11622;1.10602;1.1408714333333334;-0.03322143333333338;88475.93333333333;0.7446770835608691;-0.7108409975080221;1.1116150000000002;26.508696423094335;-0.005207792557834212;;;7.2865444792133225;20.18011352488628;1.1202514999999997;1.131498432515134;1.1090045674848654;1.12951;1.10602;1.117765;0.0;13.485835271555318;31.378710037221126;-0.014859999999999873;
2019-08-01;83433;1.10849;1.10756;1.10959;1.10269;1.1406604666666667;-0.032170466666666675;88205.05;0.9458982223805841;0.0758362298560078;1.1095200000000003;28.463236829443602;-0.005469071165886019;;;22.568093385214066;19.785240821042148;1.1192545;1.1309509293269349;1.1075580706730652;1.12877;1.10269;1.11573;0.0;12.210864137583227;32.974774770616364;-0.01923000000000008;
2019-08-02;89620;1.11055;1.10848;1.11164;1.10697;1.1404374333333334;-0.029887433333333435;87995.28333333334;1.0184636790190438;0.18583839276853364;1.1095200000000003;33.1581723902779;-0.005447120546372419;;;30.811446491571672;20.22202811866635;1.118655;1.1308354605824238;1.1064745394175761;1.12858;1.10269;1.115635;32.74633050415212;14.253573352981567;30.84900541700174;-0.011640000000000095;
2019-08-05;83905;1.12029;1.11004;1.12132;1.10983;1.1402390666666669;-0.019949066666666848;87724.6;0.9564591916063503;0.8770429066678798;1.1202300000000003;49.90033604533678;-0.004590867262749487;;;68.99255194041537;40.790697272400365;1.118598;1.1307365808066667;1.1064594191933332;1.12858;1.10269;1.115635;30.672028898237706;24.465148593508086;26.348351807810232;-0.0005900000000000905;
2019-08-06;81232;1.12017;1.1203;1.12497;1.11676;1.14005;-0.019879999999999898;87488.08666666667;0.9284921306998986;-0.01071151219772526;1.1202300000000003;49.73505128609627;-0.003877268624437935;;;68.52214817718567;56.108715536390896;1.1185690000000001;1.1306896351318725;1.1064483648681278;1.12858;1.10269;1.115635;28.878967129874905;26.483089486198512;23.688927506921694;0.0050600000000000644;
2019-08-07;94540;1.11994;1.11969;1.12419;1.11792;1.1398546666666667;-0.019914666666666747;87413.20666666667;1.0815299381533865;-0.020532597730715807;1.1189500000000001;49.39732563359023;-0.0032923435531175826;;;67.62054096432729;68.3784136939761;1.118314;1.1300890098089122;1.1065389901910878;1.12858;1.10269;1.115635;27.213981202109448;24.453171722512927;21.873181093572892;0.006000000000000005;
2019-08-08;68830;1.11796;1.12005;1.12327;1.1177;1.1396663666666669;-0.02170636666666681;87141.6;0.7898638537735375;-0.17679518545635764;1.1189500000000001;46.471742307224936;-0.0029544980578881663;;;68.53680430879741;68.22649781677012;1.117939;1.1292483039573606;1.1066296960426394;1.12839;1.10269;1.11554;25.621071309958857;22.782527271337337;20.648648207392213;0.0033000000000000806;
2019-08-09;56631;1.12009;1.11797;1.12231;1.11783;1.1394692666666666;-0.01937926666666656;86832.62666666666;0.6521857298799532;0.19052560020036413;1.120725;49.90867221759183;-0.0024862202703677116;;;78.09694793536814;71.41809773616428;1.11759;1.1281570942079635;1.1070229057920367;1.12839;1.10269;1.11554;24.141940695819024;21.5096412860651;19.494984498139324;0.007260000000000044;
2019-08-12;53740;1.12136;1.11978;1.12307;1.11621;1.1393518666666667;-0.017991866666666745;86330.53;0.6224912554109627;0.1133837459489806;1.120725;51.892084105456114;-0.0019896924280611294;-0.0035182364534005173;0.0015285440253393879;83.79712746858124;76.81029323758226;1.117369;1.1274136740116327;1.1073243259883674;1.1282;1.10269;1.115445;22.444164493843754;19.695062786400598;19.842567352540826;0.006839999999999957;
2019-08-13;78399;1.11711;1.12131;1.12286;1.11701;1.1392064666666668;-0.02209646666666676;86009.78;0.9115126210064819;-0.37900406649067353;1.1154800000000002;45.41186619514965;-0.0019170316692391776;-0.0031979954965682495;0.001280963827329072;64.7217235188512;75.53859964093353;1.1171775;1.1270876864260955;1.1072673135739044;1.1282;1.10269;1.115445;20.867658020581;18.278912390655677;18.41581081392755;0.0015300000000000313;
2019-08-14;70980;1.11385;1.11706;1.11908;1.11306;1.1390450666666665;-0.025195066666666488;85842.42666666667;0.8268638569085777;-0.2918244398492531;1.1154800000000002;41.165342219815706;-0.002098314189600936;-0.002978059235174787;0.000879745045573851;50.08976660682235;66.20287253141827;1.1167445;1.1264393016483043;1.1070496983516958;1.1282;1.10269;1.115445;20.291266281640095;16.92985462616209;21.8992739362238;0.006199999999999983;
2019-08-15;81690;1.11093;1.11377;1.11584;1.10914;1.1388848666666667;-0.02795486666666669;85480.28333333334;0.9556589755492205;-0.26215379090541724;1.1099500000000002;37.75938579822946;-0.002449366714789347;-0.0028723207310976996;0.00042295401630835236;36.98384201077198;50.59844404548185;1.1159050000000001;1.1244979913301456;1.1073120086698547;1.1282;1.10269;1.115445;20.488622563412473;15.553962931927225;24.87442664454905;0.0024399999999999977;
2019-08-16;57159;1.10897;1.11066;1.11122;1.10663;1.1387230333333331;-0.029753033333333123;85151.61;0.6712615298758683;-0.17642875788753676;1.1099500000000002;35.628487853774544;-0.0028528481323608634;-0.0028684262113503325;1.5578078989469078e-05;28.18671454219049;38.420107719928275;1.1152440000000001;1.1238352988540703;1.10665270114593;1.12497;1.10269;1.11383;21.084186720507915;14.674119038623138;26.560675707628008;-0.0015799999999999148;
2019-08-19;41314;1.10781;1.10919;1.11138;1.10762;1.1385481666666668;-0.030738166666666844;84625.76333333334;0.488196482639252;-0.10460156722004177;1.10893;34.39147246938201;-0.0032289905748188463;-0.0029405390840440354;-0.0002884514907748109;22.98025134649908;29.383602633153853;1.1145904999999998;1.1233541829586617;1.105826817041338;1.12497;1.10269;1.11383;21.590065199919785;14.178904901563527;25.298224922553352;-0.012480000000000047;
2019-08-20;43676;1.11005;1.10777;1.11068;1.10657;1.1383626999999998;-0.028312699999999857;84163.39666666667;0.5189429339808586;0.20220073839376518;1.10893;38.80957597021852;-0.0033082019975443355;-0.003014071666744096;-0.0002941303308002397;33.03411131059249;28.067025733094024;1.1143375;1.1233161054039553;1.1053588945960446;1.12497;1.10269;1.11383;22.239104282652082;13.427606273116915;25.311430377812776;-0.010120000000000129;
2019-08-21;39637;1.10845;1.10994;1.11072;1.10807;1.1381564666666668;-0.029706466666666875;83727.02333333333;0.4734074904609086;-0.14413765145714352;1.10819;36.89823639825455;-0.003460197248995378;-0.0031032967831943524;-0.00035690046580102563;10.217391304347199;22.077251320479593;1.114063;1.1234018909405739;1.1047241090594262;1.12497;1.10269;1.11383;22.828421426169882;13.004668496160573;24.41320875319081;-0.01149;
2019-08-22;51801;1.10793;1.10843;1.11134;1.10637;1.1379668333333335;-0.0300368333333334;83258.93;0.6221674960270782;-0.04691235509043379;1.10819;36.27299119507987;-0.0035813308819101497;-0.003198903602937512;-0.0003824272789726378;8.387096774193603;17.21286646304443;1.1137264999999998;1.123432859307172;1.1040201406928276;1.12497;1.10269;1.11383;23.68095081470761;12.134910194021552;25.06810379985509;-0.010029999999999983;
2019-08-23;69429;1.11427;1.1079;1.11533;1.10518;1.1378296;-0.023559600000000014;82823.36666666667;0.8382779255933606;0.572238318305307;1.1121000000000003;47.871247222480676;-0.003129668276565356;-0.0031850565376630806;5.538826109772457e-05;45.93228903486637;21.51225903780239;1.1137985000000001;1.1234985521132586;1.1040984478867417;1.12497;1.10269;1.11383;23.177716584776938;15.619657525826527;21.853582707262838;-0.005819999999999936;
2019-08-26;89240;1.10993;1.11498;1.11639;1.10942;1.1376732;-0.027743199999999968;82435.92666666667;1.0825377187889824;-0.3894926723325587;1.1121000000000003;42.20818895291128;-0.00308634665384111;-0.0031653145608986867;7.896790705757672e-05;24.986849026828192;26.43541161196272;1.113569;1.123406137591796;1.103731862408204;1.12497;1.10269;1.11383;22.401681939624574;15.58400426827157;19.960706853401515;-0.01142999999999983;-0.02995197774444951
2019-08-27;58185;1.10902;1.11009;1.11159;1.10857;1.1374749333333334;-0.028454933333333488;81881.94;0.7105962560241355;-0.08198715234295495;1.108405;41.11004176974955;-0.0030898257624891734;-0.003150216801216784;6.0391038727610445e-05;21.22719734659954;30.715445136098037;1.113241;1.1232244260652302;1.1032575739347696;1.12497;1.10269;1.11383;21.875310104017338;14.978621332368332;20.278664439252104;-0.008090000000000153;-0.03095023069069459
2019-08-28;52807;1.10779;1.10898;1.10979;1.10733;1.1372880666666667;-0.029498066666666656;81570.31333333334;0.6473801293884964;-0.1109087302302747;1.108405;39.609954319100865;-0.00315545952838181;-0.003151265346649789;-4.194181732020824e-06;14.589155953046433;20.267734108824722;1.113248;1.123215919742851;1.103280080257149;1.12497;1.10269;1.11383;21.668483142982144;14.485012591838252;21.27150380961808;-0.006059999999999954;-0.03199202047163943
2019-08-29;55278;1.10565;1.10772;1.1093;1.1042;1.1370872666666665;-0.031437266666666464;81263.85666666667;0.6802286067560892;-0.1931774072703285;1.10234;37.07514735890522;-0.003341634592504361;-0.0031893391958207036;-0.00015229539668365748;7.684154742978038;14.500169347541336;1.113106;1.1234160424829347;1.1027959575170652;1.12497;1.1042;1.114585;22.12531385552944;13.492314455834297;24.019739793492622;-0.005279999999999951;-0.03333062423993192
2019-08-30;56232;1.09903;1.10564;1.10604;1.09633;1.1368652333333333;-0.037835233333333385;81054.78333333334;0.6937530110806917;-0.598742820965048;1.10234;30.560017858246567;-0.003977508108924832;-0.0033469729784415298;-0.0006305351304833023;10.177157934413609;10.816822876812694;1.11253;1.1245003801109201;1.10055961988908;1.12497;1.09633;1.1106500000000001;23.746217005433493;11.829987819120683;31.04623560624319;-0.00994000000000006;-0.03590433569483738
2019-09-02;35541;1.09666;1.09889;1.09967;1.09581;1.1366234333333334;-0.03996343333333341;80654.82;0.44065562355722315;-0.21564470487611676;1.0970050000000002;28.62092389004013;-0.004619431711716526;-0.0036014647250965292;-0.001017966986619997;3.6527718091964454;7.171361495529364;1.1113485;1.124616283952111;1.0980807160478891;1.12497;1.09581;1.11039;25.315597353705282;11.237275834146644;30.165697515222554;-0.011149999999999993;-0.03954192215283309
2019-09-03;61055;1.09735;1.09664;1.09789;1.09264;1.1363669;-0.03901690000000002;80392.97666666667;0.7594568895383076;0.06291831561286987;1.0970050000000002;30.01326741115706;-0.005014677477873208;-0.0038841072756518654;-0.001130570202221343;19.83157894736844;11.220502896992832;1.1102075;1.1241521905666592;1.0962628094333409;1.12419;1.09264;1.108415;27.147730069764172;10.468993208832455;32.231487807762946;-0.012699999999999934;-0.043541036917021006
2019-09-04;55986;1.10345;1.0974;1.10386;1.09686;1.1361283333333334;-0.032678333333333365;80152.77666666667;0.6984910857526917;0.5558846311568777;1.1034450000000002;40.97495095534736;-0.004780585955883154;-0.0040634030116981235;-0.0007171829441850307;45.51578947368427;23.000046743416387;1.109383;1.122870907324706;1.095895092675294;1.12327;1.09264;1.107955;27.081260686244715;17.157236686138173;29.35015279346033;-0.004999999999999893;-0.04646030505855734
2019-09-05;59633;1.10344;1.10356;1.10848;1.10168;1.1358915666666667;-0.03245156666666671;79936.52;0.74600445453458;-0.0009062485839872458;1.1034450000000002;40.963623958991654;-0.004543499026052;-0.004159422214568899;-0.0003840768114831009;45.4736842105261;36.940350877192934;1.108657;1.1217782119866972;1.0955357880133028;1.12307;1.09264;1.107855;25.93587564110382;21.500420778027728;26.840045912266362;-0.004490000000000105;-0.048442696609299285
2019-09-06;57821;1.10253;1.10345;1.10574;1.10204;1.1356751666666667;-0.03314516666666667;79562.56;0.7267362940558063;-0.08246936852026598;1.1035750000000002;39.88315595455675;-0.004378561983864548;-0.00420325016842803;-0.0001753118154365187;41.64210526315781;44.210526315789394;1.107779;1.1200447244384437;1.0955132755615564;1.12307;1.09264;1.107855;24.872303813472996;20.474367669558088;25.55917272266385;-0.011740000000000084;-0.04977785198491952
2019-09-09;44051;1.10462;1.10228;1.10681;1.10155;1.1354672000000001;-0.030847200000000186;79246.06333333334;0.5558761930507813;0.1895640027935741;1.1035750000000002;43.56489063348909;-0.004032716016522553;-0.004169143338046934;0.0001364273215243815;50.44210526315752;45.85263157894715;1.1069419999999999;1.1175605151504255;1.0963234848495742;1.12286;1.09264;1.10775;23.63662266205558;20.465369078674733;23.81891503974976;-0.005310000000000148;-0.05015911883291578
2019-09-10;45034;1.10426;1.10472;1.10596;1.10306;1.1352526666666667;-0.03099266666666667;78958.28666666667;0.5703517882817235;-0.032590393076348256;1.1026550000000002;43.0755313225744;-0.0037445151473343152;-0.004084217699904411;0.00033970255257009547;48.92631578947366;47.00350877192966;1.1062995;1.1158839988914293;1.0967150011085707;1.11908;1.09264;1.10586;22.489204450025124;19.670177128902637;22.89341941740836;-0.0047599999999998754;-0.04985009343554421
2019-09-11;43732;1.10105;1.10431;1.10556;1.09853;1.1350191333333333;-0.03396913333333318;78696.53333333334;0.5557042749870529;-0.29069240939633145;1.1026550000000002;38.88158904745351;-0.0037321125843254865;-0.004013796676788626;0.0002816840924631395;35.41052631578969;44.92631578947362;1.1056595;1.1148428359407025;1.0964761640592975;1.11639;1.09264;1.1045150000000001;22.302621300077057;17.858656863514774;26.71946891140457;-0.006739999999999968;-0.049557936416806364
2019-09-12;76885;1.10638;1.10103;1.10873;1.09269;1.1348200333333334;-0.028440033333333448;78477.79;0.9797039391653385;0.48408337496024245;1.1067900000000002;47.94445689857811;-0.003254679093827484;-0.0038619731601963977;0.0006072940663689138;57.85263157894695;47.3964912280701;1.105432;1.1143018829755413;1.0965621170244586;1.11639;1.09264;1.1045150000000001;23.02211766883855;14.56313916698106;28.507506357522942;0.0007299999999998974;-0.04825772924760539
2019-09-13;54516;1.1072;1.10642;1.11096;1.10554;1.1346307999999998;-0.027430799999999866;78201.15666666666;0.697125238599323;0.07411558415735264;1.1067900000000002;49.19267716982184;-0.002778118050345224;-0.0036452021382261633;0.0008670840878809392;76.83377308707065;56.698976993935766;1.1053435;1.1141050735458762;1.096581926454124;1.11639;1.09264;1.1045150000000001;23.1202452657443;16.23575443135578;26.7136498888438;0.00817000000000001;-0.04609884981023065
2019-09-16;53166;1.1004;1.10731;1.10865;1.09935;1.1344181;-0.03401809999999994;77729.22333333333;0.683989852465096;-0.6141618497109702;1.1038050000000001;40.51637653985254;-0.002915534690917987;-0.0034992686487645285;0.0005837339578465416;42.358078602620274;59.01482775621262;1.104973;1.1139109530094866;1.0960350469905134;1.11639;1.09264;1.1045150000000001;24.03590079748135;14.544546554716892;30.864181152773284;0.0037400000000000766;-0.0445617223698313
2019-09-17;57832;1.10721;1.09978;1.10746;1.09904;1.1342017333333332;-0.026991733333333157;77199.49;0.7491241198613166;0.6188658669574743;1.1038050000000001;50.02301666498889;-0.0024467239712424593;-0.0032887597132601146;0.0008420357420176553;79.53056768558983;66.24080645842692;1.104831;1.1135288155878236;1.0961331844121762;1.11639;1.09264;1.1045150000000001;24.923524658581492;13.20354608301927;28.357969892493102;0.00985999999999998;-0.04222359093378329
2019-09-18;56200;1.10293;1.10721;1.10757;1.10138;1.1339810333333333;-0.031051033333333367;76985.58333333333;0.7300068086339894;-0.386557202337412;1.1035000000000001;45.14015901733844;-0.002392963732507969;-0.003109600517109686;0.000716636784601717;56.1681222707422;59.352256186317426;1.104555;1.113125333715777;1.095984666284223;1.11639;1.09264;1.1045150000000001;25.717419427273366;12.426213150371854;26.428804328909173;-0.000520000000000076;-0.0401188417520508
2019-09-19;56673;1.10407;1.10294;1.10736;1.1023;1.1337673999999998;-0.029697399999999652;76743.61666666667;0.7384718425005938;0.10336104739196994;1.1035000000000001;46.634368885491995;-0.0022326334744395826;-0.0029342071085756653;0.0007015736341360827;62.39082969432379;66.02983988355193;1.104362;1.1127923347501614;1.0959316652498388;1.11639;1.09264;1.1045150000000001;26.45460742677297;11.724082730276404;24.935471866193275;0.0006300000000001305;-0.03798215640410137
2019-09-20;54171;1.10196;1.10408;1.10677;1.09964;1.1335311;-0.03157109999999985;76453.62;0.7085472211779236;-0.19111107085602042;1.1006300000000002;44.232964024820696;-0.0022498945716857843;-0.0027973446011976895;0.0005474500295119052;50.87336244541512;56.47743813682703;1.1037465000000002;1.1108932063042893;1.096599793695711;1.11639;1.09264;1.1045150000000001;27.505803298486505;10.79820378907078;25.91249319716276;-0.0005699999999999594;-0.03621314390845524
2019-09-23;52881;1.0993;1.10133;1.10254;1.09662;1.1333144666666668;-0.034014466666666854;76161.16;0.6943302859356798;-0.2413880721623407;1.1006300000000002;41.34267222589388;-0.002449972131389311;-0.0027278701072360138;0.00027789797584670296;36.17952928297757;49.81457380757215;1.103215;1.1100159249370771;1.096414075062923;1.11159;1.09264;1.102115;28.857399458274603;10.085989467368668;27.568074672364606;-0.005319999999999991;-0.03516465839426487
2019-09-24;54456;1.10202;1.09932;1.10241;1.09838;1.1331020333333333;-0.03108203333333326;75953.47333333333;0.71696523687606;0.24743018284363316;1.0981450000000001;45.280102485143324;-0.0023618280869248665;-0.0026546617031737844;0.00029283361624891794;51.067323481116894;46.04007173650319;1.102865;1.109134655492908;1.096595344507092;1.11096;1.09264;1.1018;30.112453035220692;9.620791295424326;26.296546679687154;-0.0022400000000000198;-0.03409690846374391
2019-09-25;55460;1.09427;1.10196;1.1023;1.09375;1.132848;-0.038578;75846.01666666666;0.7312183610608339;-0.7032540244278573;1.0981450000000001;37.5465635466311;-0.0028840875610689487;-0.0027005468747528173;-0.00018354068631613136;8.648056923919738;31.964969896004728;1.1021889999999999;1.1090740821345673;1.0953039178654325;1.11096;1.09264;1.1018;31.802480354074987;8.703591898761953;28.952154425924313;-0.006780000000000008;-0.03436167292647907
2019-09-26;54841;1.09198;1.09422;1.09674;1.09087;1.1325914;-0.040611399999999964;75611.09333333334;0.7253036238773175;-0.20927193471448335;1.09307;35.61114340293122;-0.00344307617971662;-0.002849052735745578;-0.0005940234439710417;5.525136884021641;21.746839096352755;1.1015055;1.1095045436303177;1.0935064563696824;1.11096;1.09087;1.100915;33.64953429872656;8.130496768401704;30.276371639911158;-0.014399999999999968;-0.03584618092059132
2019-09-27;52564;1.09416;1.09212;1.09587;1.09046;1.1323518666666668;-0.03819186666666674;75400.98666666666;0.697126156085575;0.19963735599553;1.09307;38.843034268949104;-0.003667889756381104;-0.0030128201398726836;-0.0006550696165084206;18.04878048780509;10.74065809858215;1.101262;1.1098243118373323;1.0926996881626676;1.11096;1.09046;1.1007099999999999;35.40315886542653;7.63173265874766;28.883977666799304;-0.01303999999999994;-0.037631661505304705
2019-09-30;48190;1.08994;1.09424;1.09478;1.08847;1.1321234333333332;-0.0421834333333333;75191.5;0.6408969098899955;-0.3856839950281632;1.0915650000000001;35.163608459102036;-0.004138864612669657;-0.0032380290344320786;-0.0009008355782375785;6.5362383281452505;10.03671856665732;1.1009259999999998;1.1106349369139834;1.0912170630860163;1.11096;1.08847;1.099715;37.21782054913779;7.08574782066111;29.0737959452937;-0.010460000000000136;-0.04021464642246574
2019-10-01;60114;1.09319;1.08964;1.0943;1.08792;1.1319118333333333;-0.03872183333333323;74977.14;0.8017643777822412;0.2981815512780761;1.0915650000000001;39.88636427111258;-0.004201436199645858;-0.003430710467474835;-0.0007707257321710233;22.873263888889408;15.819427568279911;1.100718;1.1108915924824867;1.0905444075175135;1.11096;1.08792;1.09944;38.95390529562571;6.573664126211481;27.595659480787305;-0.014019999999999921;-0.04257115542478455
2019-10-02;54403;1.09592;1.09321;1.09637;1.09042;1.131714;-0.035794000000000104;74879.9;0.7265367608663038;0.24972786066466135;1.0961400000000001;43.602571522911305;-0.003984802130186926;-0.0035415288000172533;-0.00044327333016967296;34.72222222222233;21.377241479752325;1.1003415;1.1106393818695741;1.090043618130426;1.11096;1.08792;1.09944;39.77203037057007;8.483097683554531;25.728222283668035;-0.007009999999999961;-0.04411090744758597
2019-10-03;61237;1.09636;1.09591;1.09994;1.09411;1.1315023666666668;-0.03514236666666681;74784.97333333333;0.818840968586628;0.04014891597927672;1.0961400000000001;44.20129428495203;-0.0037345640173036543;-0.0035801358434745336;-0.00015442817382912066;40.71394114809473;32.76980908640215;1.0999875;1.1103216876797208;1.089653312320279;1.11096;1.08792;1.09944;39.31419665601142;11.998904698118002;24.013488309892526;-0.007710000000000106;-0.044873947967077395
2019-10-04;54776;1.09783;1.09634;1.09972;1.09569;1.1312919333333333;-0.03346193333333325;74678.22;0.7334936478131464;0.1340800466999914;1.0974400000000002;46.254160555955806;-0.003378684424391709;-0.0035398455596579686;0.0001611611352662595;50.432569974555285;41.95624444829078;1.0997525;1.110058451435927;1.0894465485640727;1.11096;1.08792;1.09944;38.88906534963553;11.43172594623485;22.87838967625626;-0.004129999999999967;-0.04473661876914653
2019-10-07;43140;1.09705;1.09801;1.10006;1.0962;1.1311064000000002;-0.0340564000000001;74488.35666666667;0.5791509160692658;-0.07104925170563492;1.0974400000000002;45.30177305891816;-0.003123580077530219;-0.003456592463232419;0.00033301238570219993;46.46310432570029;45.86987181611676;1.099374;1.1094913996659064;1.0892566003340938;1.11096;1.08792;1.09944;38.37653523606576;11.309759471704231;21.814747660872307;-0.0022499999999998632;-0.04405224888633793
2019-10-08;59230;1.09558;1.09702;1.09958;1.0941;1.1309552333333333;-0.035375233333333256;73945.47666666667;0.8009955803921653;-0.13399571578324165;1.09634;43.48456189527699;-0.0030053806026100194;-0.0033663500911079395;0.0003609694884979201;39.40329218107016;45.432988827108574;1.0989400000000002;1.1089256216631553;1.0889543783368452;1.11096;1.08792;1.09944;38.27122949410508;10.559209883598028;22.91016325569381;-0.006440000000000001;-0.04320470744288727
2019-10-09;46477;1.0971;1.09565;1.09904;1.09504;1.1308091333333334;-0.033709133333333474;73471.85333333333;0.6325823821148608;0.13873929790613193;1.09634;45.90107826637836;-0.0027572712635401952;-0.003244534325594391;0.0004872630620541959;48.70026525198912;44.85555391958652;1.0987425;1.1087096116678639;1.088775388332136;1.11096;1.08792;1.09944;38.17344559085588;10.03568519391061;21.774279393042693;0.002829999999999888;-0.04193114290081722
2019-10-10;70715;1.10058;1.09709;1.10338;1.09705;1.1306966666666667;-0.03011666666666679;73195.51;0.9661111726660604;0.31719989062071186;1.102055;51.06051592387506;-0.002253854872376726;-0.0030463984349508584;0.0007925435625741324;81.88874514877018;56.664100860609814;1.0984525;1.1078341797536295;1.0890708202463706;1.11096;1.08792;1.09944;36.576115213499975;14.59563965793415;20.077793938424087;0.008599999999999941;-0.03972864049634278
2019-10-11;72831;1.10353;1.10054;1.10628;1.10009;1.1305932333333333;-0.02706323333333338;72931.04666666666;0.9986282019626852;0.2680404877428266;1.102055;54.98014779548664;-0.001598427729757157;-0.002756804293912118;0.001158376564154961;85.0217864923745;71.8702656310446;1.098269;1.1070856703465457;1.0894523296534542;1.10865;1.08792;1.098285;34.26731939935117;17.041411042444366;18.5553311677869;0.009369999999999878;-0.03639726787743792
2019-10-14;41250;1.1026;1.10315;1.10428;1.10128;1.1304765;-0.027876500000000082;72514.56333333334;0.5688512500637593;-0.08427500838218416;1.102915;53.52473550023638;-0.0011408887692458958;-0.0024336211889788737;0.001292732419732978;79.95642701525098;82.28898621879854;1.098379;1.107352770445006;1.089405229554994;1.10757;1.08792;1.097745;32.12343757192728;16.392635082448106;17.848919429847694;0.012660000000000116;-0.03254495499834637
2019-10-15;62421;1.10323;1.10271;1.1046;1.09913;1.130341;-0.027111000000000107;72275.12333333334;0.8636581595593453;0.05713767458732644;1.102915;54.40525148687621;-0.0007191600820166677;-0.002090728967586433;0.0013715688855697652;83.38779956427011;82.7886710239652;1.09818;1.1065154232045922;1.0898445767954077;1.10757;1.08792;1.097745;30.67317193942647;15.252439722119837;19.341325460268518;0.010039999999999827;-0.028333041792189064
2019-10-16;65263;1.10719;1.10328;1.10856;1.10226;1.1302039;-0.02301390000000003;72129.49333333333;0.9048032501544115;0.35894600400641075;1.1098100000000002;59.58805186838512;-6.465287598755864e-05;-0.001685513749266658;0.0016208608732790994;93.36240310077474;85.5688765600986;1.0983930000000002;1.1073941845886897;1.0893918154113107;1.10856;1.08792;1.09824;28.720330280964962;19.033205705948976;17.80523720497692;0.011269999999999891;-0.023303049525019607
2019-10-17;61445;1.11243;1.10715;1.11398;1.10651;1.1300549666666666;-0.017624966666666575;71816.08666666667;0.8555882512115639;0.47327017043146125;1.1098100000000002;65.22157801780548;0.0008668801529636561;-0.0011750349688205953;0.002041915121784251;94.05218726016906;90.26746330840463;1.098811;1.10945450675293;1.08816749324707;1.11398;1.08792;1.10095;28.056538885338938;23.961429397445965;16.165809986419372;0.01607000000000003;-0.016965371317793656
2019-10-18;49190;1.11682;1.11242;1.1171;1.11147;1.1299122;-0.013092199999999998;71534.21;0.6876430172359927;0.3946315723236449;1.1159000000000001;69.10708213929904;0.0019370341767521726;-0.0005526211397060418;0.002489655316458214;99.04043865661392;95.48500967251924;1.099554;1.112743299299041;1.086364700700959;1.1171;1.08792;1.10251;27.978586562755005;26.148783748935582;15.041688029459202;0.01898999999999984;-0.009211202083784262
2019-10-21;42544;1.11498;1.11607;1.11795;1.11387;1.1297814333333334;-0.01480143333333328;71248.14666666667;0.5971243041455585;-0.16475349653478633;1.1159000000000001;65.78942444774296;0.002606618848646214;7.922685796440932e-05;0.0025273919906818043;89.21176897929564;94.10146496535954;1.100338;1.1151392966999416;1.0855367033000585;1.11795;1.08792;1.102935;28.045568068867848;25.875168046898384;14.267408954646555;0.01793;-0.0011494337166990298
2019-10-22;45484;1.11248;1.11493;1.11568;1.11178;1.1296158666666667;-0.017135866666666777;70952.9;0.641044974905798;-0.2242192685070754;1.11275;61.471363820790586;0.002902086966527273;0.0006437988796769821;0.002258288086850291;77.06498951781927;88.43906571790961;1.1008609999999999;1.116574181600163;1.0851478183998367;1.11795;1.08792;1.102935;27.49940291417933;24.573053476674282;16.246224503623154;0.016899999999999915;0.006329823189028988
2019-10-23;38319;1.11302;1.11248;1.114;1.11062;1.1294331666666666;-0.0164131666666667;70813.13;0.5411284602162705;0.04854019847546631;1.11275;62.05075808021488;0.003143583788610682;0.0011437558614637222;0.00199982792714696;79.32914046121545;81.86863298611013;1.1017985000000001;1.11805483571872;1.0855421642812801;1.11795;1.08792;1.102935;26.665545492996046;23.470680695880247;17.057011666847743;0.015919999999999934;0.013179452096784009
2019-10-24;50516;1.1105;1.11305;1.11628;1.10932;1.1292367666666667;-0.018736766666666682;70663.48333333334;0.7148812599811857;-0.22641102585756467;1.1092500000000003;57.69074153588995;0.003095940742794401;0.001534192837729858;0.0015617479050645429;68.76310272536696;75.05241090146723;1.1027244999999999;1.1187463968602267;1.086702603139773;1.11795;1.08792;1.102935;26.338739983776275;24.3110644883243;15.513673083485035;0.009920000000000151;0.018838705244440136
2019-10-25;35228;1.108;1.11038;1.1123;1.10732;1.1290278666666667;-0.02102786666666656;70431.62;0.5001730756724749;-0.2251238180999482;1.1092500000000003;53.6623223080088;0.002823901994729594;0.0017921346691298053;0.0010317673255997887;58.2809224318661;68.7910552061495;1.1034165;1.119090739088382;1.087742260911618;1.11795;1.08792;1.102935;25.46240963986221;22.726548800145466;17.120081961082708;0.004470000000000196;0.022975983433904845
2019-10-28;31577;1.10998;1.10795;1.11066;1.10756;1.1288386999999998;-0.018858699999999784;70195.47666666667;0.4498438004765383;0.17870036101081954;1.1105250000000002;56.26696424683779;0.0027365337220894848;0.001981014479721741;0.0007555192423677436;65.21169794849395;64.08524103524233;1.1044185;1.1190458186537993;1.0897911813462007;1.11795;1.08792;1.102935;24.648674320513436;21.775132875305907;16.403373112961063;0.007379999999999942;0.02622140206369797
2019-10-29;38465;1.11107;1.10996;1.11185;1.10736;1.1286736;-0.01760359999999994;69953.67;0.5498639313704986;0.09819996756699201;1.1105250000000002;57.67733333151366;0.0027238487937009115;0.0021295813425175752;0.0005942674511833362;67.08133971291855;63.5246533644262;1.1053125000000001;1.119255030437471;1.0913699695625292;1.11795;1.09042;1.104185;24.159227759314653;22.06495485398946;15.397905889142644;0.00784000000000007;0.028871190330958446
2019-10-30;54520;1.11499;1.11119;1.11516;1.108;1.1285178999999999;-0.013527899999999926;69923.88333333333;0.7797049791998901;0.3528130540829899;1.1150700000000002;62.376555331678524;0.002995576000305755;0.0023027802740752112;0.000692795726230544;84.27205100956395;72.18836289032548;1.106266;1.1201167940566532;1.0924152059433467;1.11795;1.0941;1.106025;24.379772890267436;24.36634389866895;13.931408952240238;0.007800000000000029;0.03164554170119553
2019-10-31;55184;1.11515;1.115;1.11755;1.11314;1.1283742;-0.01322420000000002;69789.14;0.7907247459990494;0.014349904483457188;1.1150700000000002;62.559287765732066;0.0031870936009186224;0.0024796429394438936;0.0007074506614747288;85.12221041445322;78.82520037897858;1.1072055;1.120787590376663;1.093623409623337;1.11795;1.0941;1.106025;25.01100082784929;26.138735841990336;13.103617464860044;0.0027200000000000557;0.03434926786646943
2019-11-01;43957;1.11651;1.11512;1.11718;1.11281;1.1282191666666668;-0.011709166666666881;69579.48;0.6317523499743558;0.12195668744112709;1.1146800000000001;64.15301265584165;0.0034093128766019554;0.0026655769268755063;0.0007437359497264491;92.3485653560037;87.24760892667364;1.1081394999999998;1.1215826580738997;1.0946963419261;1.11795;1.0941;1.106025;25.482432658299086;24.58012553976572;12.772552980770902;-0.00031000000000003247;0.03706187236363906
2019-11-04;37972;1.11285;1.1168;1.11755;1.11249;1.1280539666666667;-0.01520396666666679;69357.20666666667;0.5474845632479027;-0.3278071848886288;1.1146800000000001;57.10783700720468;0.0032525979173614328;0.002782981124972692;0.00046961679238874095;67.49521988527654;81.6553318852445;1.1089295;1.121501868869862;1.0963571311301379;1.11795;1.0941;1.106025;25.990274671270072;23.38504275405802;11.888584319879913;-0.0021300000000001873;0.03894209685414692
2019-11-05;51299;1.10739;1.11281;1.11403;1.10636;1.1278945;-0.020504499999999926;69170.12333333334;0.7416352252659842;-0.490632160668536;1.1070250000000001;48.54336007166213;0.002657193343399422;0.002757823568658038;-0.000100630225258616;8.886971527179355;56.243585589486536;1.1095199999999998;1.1205427891207207;1.098497210879279;1.11795;1.09504;1.106495;24.53160166766226;21.011260920231834;18.794534820887847;-0.005089999999999817;0.03914129623576722
2019-11-06;39576;1.10666;1.10743;1.1093;1.10649;1.1277184666666666;-0.021058466666666664;69052.52333333333;0.5731289472066254;-0.06592076865423735;1.1070250000000001;47.51730230953448;0.0021021932544733613;0.0026266975058211028;-0.0005245042513477415;2.5884383088866887;26.32354324044753;1.109998;1.119556900773619;1.100439099226381;1.11795;1.09705;1.1075;23.177119592883574;20.202171850568725;18.070806114137998;-0.006359999999999921;0.03800125771205003
2019-11-07;56322;1.10502;1.10656;1.10917;1.1036;1.1275336333333332;-0.02251363333333334;68972.86666666667;0.8165819795802577;-0.1481936638172643;1.1035000000000001;45.20555959739672;0.00151258129586207;0.0024038742638292964;-0.0008912929679672265;9.895470383275041;7.123626739780362;1.11022;1.119073914388557;1.101366085611443;1.11795;1.09913;1.10854;21.879887066744715;18.6676684480483;20.63925011496261;-0.005480000000000151;0.03565001581458416
2019-11-08;41346;1.10198;1.10494;1.10556;1.10168;1.1273314333333333;-0.02535143333333334;68804.48;0.6009201726398339;-0.2751081428390423;1.1035000000000001;41.2038972992218;0.0007908900884499026;0.0020812774287534176;-0.001290387340303515;1.8903591682417518;4.791422620134494;1.1101425;1.1192527181642316;1.1010322818357685;1.11795;1.09913;1.10854;21.129430328188906;17.661307313866896;22.19427959188068;-0.006020000000000136;0.031982847149687674
2019-11-11;27757;1.1033;1.10226;1.1043;1.10164;1.1271122666666666;-0.023812266666666693;68600.40666666666;0.40461859263996525;0.11978438810140712;1.1021;43.54094316464437;0.00032174865713341383;0.0017293716744294168;-0.001407623017296003;10.433689503456852;7.406506351657882;1.1101775;1.1191762374114316;1.1011787625885685;1.11795;1.09913;1.10854;20.442069941581344;16.98526976224652;21.402290167501878;-0.006680000000000019;0.027764064388294988
2019-11-12;38198;1.1009;1.10327;1.10386;1.10025;1.1269079333333334;-0.0260079333333334;68478.60666666667;0.5578092467028547;-0.21752923049034312;1.1021;40.396898460987714;-0.00024093193614471708;0.0013353109523145902;-0.0015762428884593073;3.7572254335262194;5.360424701741607;1.110061;1.1194675847149693;1.1006544152850306;1.11795;1.10025;1.1091;20.139658924918496;16.085379537974376;22.308357678185136;-0.010170000000000012;0.022879763701185947
2019-11-13;41097;1.1007;1.10088;1.10204;1.09954;1.1266824;-0.02598239999999996;68390.78333333334;0.6009143044858724;-0.018166954310105954;1.10139;40.13680042879855;-0.0006949873076742552;0.0009292513003168212;-0.0016242386079910764;6.440866185452774;6.8772603741452825;1.1097365;1.1199315856298457;1.099541414370154;1.11795;1.09954;1.1087449999999999;20.028811545551896;15.473964425006766;22.539904728073385;-0.014289999999999914;0.017680337660628275
2019-11-14;39588;1.10208;1.10057;1.10276;1.0989;1.1264672666666666;-0.024387266666666685;68180.40333333334;0.5806360488430795;0.1253747615153955;1.10139;42.87009428522563;-0.0009327231422608939;0.0005568564118012782;-0.001489579554062172;17.050938337801348;9.083009985593447;1.109219;1.1198558207656177;1.0985821792343822;1.11795;1.0989;1.108425;19.671088604759976;15.662935595870838;21.200003547528283;-0.013070000000000137;0.012702729917174848
2019-11-15;32705;1.10524;1.10227;1.10568;1.10146;1.1262603333333334;-0.02102033333333342;67993.75666666667;0.4810000447589407;0.28673054587688984;1.106225;48.651660255583224;-0.0008562743158857522;0.00027423026626387215;-0.0011305045821496244;33.99463806970506;19.162147530986392;1.1086399999999998;1.1188091907249231;1.0984708092750766;1.11795;1.0989;1.108425;18.384908183803617;19.16447952296429;19.81328892222745;-0.011269999999999891;0.008620573996975314
2019-11-18;34151;1.10721;1.10477;1.109;1.10477;1.1260252333333334;-0.018815233333333348;67756.39;0.5040262623199814;0.17824182982881798;1.106225;51.918471701931665;-0.0006294694027326742;9.349033246456291e-05;-0.0007229597351972371;44.55764075067032;31.86773905272558;1.1082515;1.1180074505431228;1.098495549456877;1.11755;1.0989;1.108225;17.856766361130383;23.07696020047141;18.50654887591893;-0.005639999999999867;0.005644257503093747
2019-11-19;30240;1.10783;1.10716;1.1084;1.10628;1.1258000000000001;-0.01797000000000004;67548.82;0.4476762140329842;0.055996604076913314;1.1075400000000004;52.933366314128975;-0.00039514111575811306;-4.235957179972289e-06;-0.0003909051585781408;47.88203753351248;42.144772117962624;1.108019;1.1175804766641904;1.0984575233358098;1.11755;1.0989;1.108225;17.36634895436238;22.28372743893869;17.87041652816779;0.00043999999999999595;0.0036347591752845304
2019-11-20;39001;1.10725;1.10782;1.10814;1.1053;1.1255754333333334;-0.018325433333333363;67415.09333333334;0.5785202997072794;-0.052354603143078826;1.1075400000000004;51.831180613782706;-0.00025331535113992665;-5.4051835971963164e-05;-0.0001992635151679635;44.77211796246678;45.737265415549864;1.1077305;1.1170151744153927;1.0984458255846072;1.11755;1.0989;1.108225;16.586918948403195;21.230899043908856;18.656439064528968;0.0005900000000000905;0.0022496524457618744
2019-11-21;38824;1.10588;1.10725;1.1097;1.10523;1.1253396000000002;-0.019459600000000243;67253.77666666667;0.5772761311594381;-0.12372996161662542;1.1039200000000002;49.223952683926136;-0.0002485992637479839;-9.296132152716732e-05;-0.0001556379422208166;37.426273458444854;43.36014298480804;1.1074994999999999;1.116726773649342;1.0982722263506577;1.11755;1.0989;1.108225;16.30069422435451;22.24435498082087;17.273143456526903;0.0008600000000000829;0.0010960846812308961
2019-11-22;41084;1.10196;1.10585;1.10875;1.10146;1.1250993;-0.023139299999999974;67048.15333333334;0.6127536398466138;-0.3544688392953965;1.1039200000000002;42.61805678473958;-0.0005547778361474354;-0.00018532462445122093;-0.00036945321169621443;20.224719101123892;34.14103684067851;1.1071975;1.1167298069086051;1.097665193091395;1.11755;1.0989;1.108225;15.408668312339215;19.68136896949577;21.24148375672759;-1.999999999990898e-05;-0.000546829043485332
2019-11-25;34713;1.10117;1.10161;1.10322;1.10036;1.1248892666666668;-0.023719266666666794;66765.17;0.5199267821829077;-0.07169044248430678;1.101685;41.411893682430104;-0.0008513590215184497;-0.0003185315038646667;-0.0005328275176537829;21.01851851851862;26.223170359362456;1.106757;1.116545074580827;1.096968925419173;1.11755;1.0989;1.108225;14.880947482433768;18.7677566030216;22.040841512484466;-0.0021299999999999653;-0.002585371671410316
2019-11-26;34633;1.1022;1.10135;1.10255;1.1007;1.1246957;-0.022495699999999896;66531.92666666667;0.5205470776986587;0.09353687441540082;1.101685;43.651092778213496;-0.000991855858814672;-0.0004531963748546678;-0.0005386594839600042;30.555555555556527;23.932931058399678;1.1063135;1.1160834790685457;1.0965435209314542;1.11755;1.0989;1.108225;14.39092099752157;18.179877533346257;21.350436703998465;0.0013000000000000789;-0.004614638113045377
2019-11-27;34154;1.09988;1.10198;1.10245;1.09923;1.1245024666666665;-0.024622466666666565;66345.71;0.5147883713957518;-0.21048811467974105;1.100305;39.94761652027864;-0.001275699752892212;-0.0006176970504621767;-0.0006580027024300353;9.074074074073964;20.216049382716367;1.1055579999999998;1.1148526771864224;1.0962633228135772;1.11755;1.0989;1.108225;14.353097528751904;17.171654523574265;22.69816693962036;-0.0008200000000000429;-0.006951140109665308
2019-11-28;23781;1.10073;1.09992;1.10179;1.09985;1.1243227999999998;-0.02359279999999986;66081.21333333333;0.3598753533782431;0.07728115794449764;1.100305;41.8927975936684;-0.0014157404134611529;-0.0007773057230619719;-0.000638434690399181;16.944444444444553;18.85802469135835;1.104837;1.113237731158643;1.0964362688413571;1.11755;1.0989;1.108225;14.31797573632293;16.575229649847696;21.909789131750873;-0.0013499999999999623;-0.009229738434313097
2019-11-29;32193;1.10183;1.10073;1.10282;1.09812;1.1241694333333334;-0.022339433333333325;65781.6;0.48939217045488564;0.09993368037575223;1.104835;44.40261758268971;-0.001421575798084218;-0.0009061597380664213;-0.0005154160600177968;32.03799654576966;19.35217168809606;1.104103;1.1106584468955045;1.0975475531044956;1.11755;1.09812;1.1078350000000001;14.77610339360353;15.197986936783614;23.147730087160355;-0.003409999999999913;-0.011159716109941006
2019-12-02;37524;1.10784;1.10227;1.10897;1.1003;1.1240242333333332;-0.016184233333333298;65525.65666666667;0.5726611820295268;0.5454561956018456;1.104835;55.66904378849648;-0.0009305171871982765;-0.0009110312278927924;-1.9485959305484083e-05;83.93782383419702;44.30675494147041;1.1038525;1.1093492185665426;1.0983557814334572;1.11403;1.09812;1.1060750000000001;14.257092390712403;23.094663090026447;19.868175659287058;0.0006299999999999084;-0.011690538046949405
2019-12-03;37198;1.10818;1.10787;1.10935;1.1066;1.1238785333333334;-0.015698533333333486;65279.74;0.5698245734433731;0.030690352397466647;1.10796;56.20967255746093;-0.0005080579657097406;-0.0008304365754561821;0.0003223786097464415;86.87392055267723;67.6165803108813;1.103892;1.109500060627327;1.098283939372673;1.1097;1.09812;1.10391;13.876409818782562;22.66644713052567;18.951031576940274;0.00034999999999985043;-0.011178070913581986
2019-12-04;42386;1.10774;1.10812;1.11162;1.10668;1.1237405333333332;-0.01600053333333329;65165.153333333335;0.6504396572686675;-0.039704741107038366;1.10796;55.27029053674255;-0.0002063812769002027;-0.0007056255157449862;0.0004992442388447835;71.25925925925863;80.69033454871096;1.103946;1.1096790389846727;1.0982129610153275;1.11162;1.09812;1.10487;14.106768055500373;24.575360035122685;17.397416995124498;0.0004899999999998794;-0.010044255146561924
2019-12-05;33114;1.1104;1.10773;1.11082;1.10772;1.1236111;-0.01321109999999992;64898.41;0.5102436253830394;0.24012855002077949;1.108205;59.65949819337428;0.0002445207587984388;-0.0005155962608363012;0.0007601170196347401;90.96296296296302;83.03204759163296;1.104215;1.11059296362484;1.09783703637516;1.11162;1.09812;1.10487;14.320672132452625;23.285294995742927;16.48415267635785;0.0045200000000000795;-0.00805326873684977
2019-12-06;32442;1.10601;1.11041;1.11097;1.10398;1.1234583999999999;-0.01744839999999992;64655.46333333333;0.50176734226989;-0.3953530259366067;1.108205;50.79978797176456;0.000244805592934938;-0.00036351589008205344;0.0006083214830169914;58.4444444444438;73.55555555555516;1.1044165;1.1107537999771027;1.0980792000228972;1.11162;1.09812;1.10487;13.300710931855685;20.652674905901314;20.669706059140015;0.004049999999999887;-0.006332984356887159
2019-12-09;25188;1.10641;1.10492;1.1078;1.10492;1.1232819666666667;-0.016871966666666793;64207.66;0.3922896426998909;0.03616603828173748;1.1078800000000002;51.506437648295794;0.00027414777816536784;-0.0002359831564325692;0.000510130934597937;61.407407407406424;70.27160493827108;1.104572;1.1109446088848909;1.0981993911151093;1.11162;1.09812;1.10487;12.353604102729955;19.66611163625676;19.68232922368369;0.005239999999999911;-0.00478497838203047
2019-12-10;31684;1.10935;1.10634;1.10978;1.10629;1.1231272666666667;-0.013777266666666677;63959.83;0.4953734242257218;0.2657242794262604;1.1078800000000002;56.456723910442705;0.0005285423930532218;-8.307804653541099e-05;0.0006116204395886329;83.18518518518532;67.67901234567852;1.1049944999999999;1.1114571046606454;1.0985318953393544;1.11162;1.09812;1.10487;12.057577522132055;21.841290764442213;18.52733650687526;0.00714999999999999;-0.002890228582812343
2019-12-11;40182;1.113;1.10923;1.11449;1.10704;1.1229777333333333;-0.009977733333333294;63782.39333333333;0.6299857672320078;0.32902149907603206;1.1131000000000002;61.685919115093796;0.001012999229298206;0.00013613740863131242;0.0008768618206668935;90.89798411728778;78.49685890329317;1.1056095;1.112636691401962;1.0985823085980377;1.11449;1.09812;1.1063049999999999;12.926281487284788;26.76001381070408;16.32505453495707;0.01312000000000002;-0.0001941436418663559
2019-12-12;51552;1.1132;1.11294;1.11543;1.11031;1.1228304666666669;-0.009630466666666893;63646.87666666666;0.8099690463992694;0.017969451931709735;1.1131000000000002;61.95552364100338;0.0013969696938285203;0.00038830386567075405;0.0010086658281577663;87.11727325245545;87.06681418497618;1.1061655;1.1137270169774205;1.0986039830225793;1.11543;1.09812;1.1067749999999998;13.928520485970822;26.080729192542613;15.004993205560096;0.012469999999999981;0.002958587224962091
2019-12-13;72199;1.11187;1.11285;1.11992;1.11021;1.1227033;-0.010833300000000046;63531.98;1.1364197999179095;-0.11947538627381515;1.1131350000000002;58.98315223823558;0.001575784505710276;0.0006257999936786585;0.0009499845120316175;63.0733944954124;80.36288395505187;1.1064969999999998;1.1144389093422065;1.0985550906577932;1.11992;1.09812;1.1090200000000001;15.676918643425163;28.938243604332563;12.878186039287822;0.010039999999999827;0.006040801073033642
2019-12-16;36032;1.1144;1.11247;1.1158;1.11226;1.1226009000000001;-0.008200900000000066;63271.62;0.5694812302892561;0.22754458704705716;1.1131350000000002;62.65364850208876;0.0018997472841850715;0.0008805894517799411;0.0010191578324051304;74.67889908256899;74.95652227681228;1.1068565;1.1155136803146195;1.0981993196853803;1.11992;1.09812;1.1090200000000001;17.300431218204192;27.254454080675373;12.128860854485843;0.006560000000000121;0.009378094943467441
2019-12-17;39194;1.11508;1.1143;1.11746;1.11293;1.1224796333333333;-0.0073996333333332664;63035.71333333333;0.6217745136433313;0.06101938262741413;1.1132100000000003;63.59657497052176;0.0021861597484125195;0.0011417035111064568;0.0010444562373060626;77.79816513761493;71.85015290519878;1.1072190000000002;1.1165868597342108;1.0978511402657896;1.11992;1.09812;1.1090200000000001;19.08503317731508;27.88699809901859;11.311829329904418;0.006900000000000128;0.012844125342278842
2019-12-18;34479;1.11134;1.1149;1.11542;1.11103;1.1223626;-0.011022599999999994;62837.59333333333;0.5487001995301515;-0.3354019442551315;1.1132100000000003;55.32317342328086;0.002087295898466346;0.0013308219885784347;0.0007564739098879112;60.64220183486231;71.03975535168208;1.1074235;1.1169621503762244;1.0978848496237754;1.11992;1.09812;1.1090200000000001;20.010098071969367;26.055252771365527;13.411656670727853;0.0036000000000000476;0.015561216606891495
2019-12-19;38030;1.11202;1.11131;1.11443;1.11072;1.1222458666666668;-0.010225866666666805;62582.933333333334;0.6076736575678874;0.06118739539655582;1.10983;56.432937465550836;0.0020402966325714367;0.001472716917377035;0.0005675797151944017;59.734964322120135;66.0584437648658;1.1077305000000002;1.1174443014700661;1.0980166985299342;1.11992;1.09812;1.1090200000000001;20.75121397801556;24.58552505025758;13.12646504741583;0.0016199999999999548;0.017749151844233334
2019-12-20;33239;1.10764;1.11218;1.11248;1.10663;1.1221405;-0.014500500000000027;62304.00666666667;0.5334969896531213;-0.39387780795310245;1.10983;48.138437616923596;0.0016308208928241807;0.0015043377124664642;0.00012648318035771654;22.96110414052686;47.7794234325031;1.1080145;1.1173620782425109;1.098666921757489;1.11992;1.09812;1.1090200000000001;20.03493918329776;22.43640125335661;18.09054782931239;0.0016300000000000203;0.01868033613978248
2019-12-23;31112;1.10895;1.10767;1.1096;1.107;1.1220458666666666;-0.013095866666666511;62017.206666666665;0.5016672254720758;0.1182694738362855;1.1087900000000002;50.48264924818719;0.0013959231378333214;0.0014826547975398357;-8.673165970651429e-05;31.179422835634384;37.95849709942713;1.1084035;1.1172113107949635;1.0995956892050367;1.11992;1.09812;1.1090200000000001;19.369826873916946;21.535376784022755;17.3640486874134;0.0025400000000002088;0.018924593189897653
2019-12-24;26465;1.10863;1.10887;1.1094;1.10692;1.1219405333333332;-0.013310533333333208;61688.08666666667;0.42901314386682293;-0.028856125163456703;1.1087900000000002;49.88941934365064;0.0011704514136914312;0.0014202141207701549;-0.00024976270707872364;29.17189460476803;27.770807193643094;1.1087250000000002;1.1170603260284098;1.1003896739715906;1.11992;1.09812;1.1090200000000001;18.725259498985736;20.682192250401464;16.80392244819557;-0.0007200000000000539;0.0186048852176439
2019-12-26;15798;1.10969;1.10892;1.1109;1.10824;1.1218486333333333;-0.012158633333333224;61393.77333333333;0.2573225124024102;0.09561350495657095;1.1136650000000001;51.90554000710994;0.001065019704877157;0.0013491752375915554;-0.00028415553271439833;35.82183186951117;32.05771643663786;1.1092155;1.116499368409018;1.1019316315909817;1.11992;1.09812;1.1090200000000001;18.539184835558917;22.244790564682816;16.06859133153076;-0.003309999999999924;0.01807198359522479
2019-12-27;43184;1.11764;1.10975;1.11884;1.10943;1.1217924333333333;-0.004152433333333372;61223.85333333333;0.7053459991300713;0.7164162964431453;1.1136650000000001;63.70126261914852;0.0016044675717050705;0.0014002337044142583;0.00020423386729081215;84.79999999999973;49.93124215809297;1.110061;1.1171312868400025;1.1029907131599974;1.11992;1.09812;1.1090200000000001;19.975408325414367;31.12304496640956;13.772551803951256;0.0044399999999999995;0.01878635810413662
2019-12-30;42522;1.11991;1.11704;1.12208;1.11704;1.1217542666666669;-0.0018442666666669272;61021.03333333333;0.6968416901056472;0.20310654593607147;1.1211200000000001;66.24684569563902;0.0021899100021633977;0.0015581689639640865;0.0006317410381993112;86.25712476250786;68.95965221067291;1.110965;1.1182155710119916;1.1037144289880083;1.12208;1.1003;1.1111900000000001;21.771641411903875;33.64816041603411;12.723864106164873;0.008040000000000047;0.020668416729758395
2019-12-31;36063;1.12233;1.11981;1.12392;1.11972;1.1216924333333333;0.0006375666666667001;60768.46;0.5934492991922795;0.21608879284942262;1.1211200000000001;68.76193854998414;0.002816682162754214;0.001809871603722112;0.0010068105590321018;90.80393290919619;87.28701922390125;1.1116895;1.12031218513863;1.10306681486137;1.12392;1.10398;1.11395;23.67727992505514;34.29811084428872;11.91000866131852;0.007929999999999993;0.02363708129146135
2020-01-02;40413;1.11726;1.12119;1.12246;1.11636;1.1216210666666666;-0.004361066666666691;60506.246666666666;0.667914508441277;-0.4517387934030226;1.1164700000000003;58.86552262587232;0.002871199585863682;0.002022137200150426;0.0008490623857132559;61.4806246385188;79.51389410340761;1.1121435;1.1209337793470946;1.1033532206529053;1.12392;1.10398;1.11395;24.31698313266796;31.178837736502725;15.836321977303841;0.0021799999999998487;0.026264560446897844
2020-01-03;48272;1.11568;1.11717;1.11798;1.1125;1.1215374999999999;-0.005857499999999849;60364.24333333333;0.7996787060417943;-0.14141739612980597;1.1164700000000003;56.15321905154287;0.0027551525574067703;0.002168740271601695;0.0005864122858050755;52.34239444765754;68.2089839984575;1.1125405;1.1212158546901534;1.1038651453098465;1.12392;1.10398;1.11395;23.807592372147834;28.657361868438507;20.25203189644736;0.0043400000000000105;0.02822001039972098
2020-01-06;41393;1.11969;1.11577;1.12056;1.11572;1.1214609333333334;-0.0017709333333333355;60202.65666666667;0.6875610195938716;0.35942205650365544;1.1174300000000001;61.05747741723943;0.0029527208108104386;0.0023255363794434437;0.0006271844313669949;75.5349913244653;63.119336803547206;1.113005;1.1221540688050742;1.1038559311949259;1.12392;1.10398;1.11395;23.79213973587834;30.399972149387295;18.794401732752068;0.007670000000000066;0.030292271869558917
2020-01-07;44674;1.11517;1.11968;1.11974;1.11336;1.1213696666666668;-0.006199666666666825;59863.35666666667;0.746266205030031;-0.40368316230385837;1.1174300000000001;53.75850747689582;0.0027132917123569023;0.0024030874460261357;0.0003102042663307666;49.392712550607165;59.090032774243326;1.1134629999999999;1.1220663623659581;1.1048596376340416;1.12392;1.10492;1.11442;23.152750674938858;27.60281036588185;20.468669652215265;0.007530000000000037;0.03149731390267416
2020-01-08;64999;1.11041;1.11519;1.11682;1.11018;1.1212831;-0.010873100000000191;59708.426666666666;1.0886068119472994;-0.4268407507375671;1.1105450000000001;47.340388853014595;0.0021150690088693747;0.0023454837585947835;-0.0002304147497254089;21.862348178137008;48.930017351069814;1.113663;1.1217730581995442;1.105552941800456;1.12392;1.10629;1.115105;21.79477093656671;25.02231021783591;23.032350227899038;0.0014599999999997948;0.0311698212188062
2020-01-09;40036;1.11068;1.11053;1.11204;1.10923;1.1212072333333334;-0.010527233333333497;59490.693333333336;0.6729792133311822;0.02431534298141802;1.1105450000000001;47.72165117988092;0.001643811118571259;0.0022051492305900787;-0.0005613381120188198;23.423944476575365;31.55966840177317;1.1137295;1.1217179052851614;1.1057410947148387;1.12392;1.10663;1.115275;20.31730736570235;23.99976956693903;23.472691873694867;0.0020499999999998852;0.02981734057312561
2020-01-10;37811;1.1121;1.11057;1.11292;1.1085;1.1211751;-0.009075100000000003;59268.99;0.6379558686590344;0.12784960564700132;1.1128100000000003;49.78097109862605;0.0013691354367870723;0.0020379464718294775;-0.0006688110350424052;31.636784268363662;25.641025641025337;1.1136845000000002;1.1216989331677292;1.1056700668322712;1.12392;1.10663;1.115275;19.14465833078313;23.73495797643873;21.953025698927906;0.0024100000000000232;0.028028782784613848
2020-01-13;31470;1.11352;1.11106;1.1147;1.11106;1.1211232333333334;-0.007603233333333348;58981.95;0.5335530615721363;0.12768635914035542;1.1128100000000003;51.82464484732792;0.0012516073620356671;0.0018806786498707156;-0.0006290712878350485;38.823529411765364;31.294752718901453;1.1137005;1.1217122775181287;1.1056887224818712;1.12392;1.10663;1.115275;18.453197517290004;25.101487332684858;20.760969508595924;-0.0041199999999999015;0.0262204309302983
2020-01-14;38939;1.11266;1.11339;1.11446;1.11044;1.1210623;-0.008402299999999974;58660.69;0.6638005792293504;-0.07723255981033628;1.11382;50.484667229670265;0.0010766596412241647;0.0017198748481414056;-0.0006432152069172409;33.764705882353155;34.74167318749405;1.1137400000000002;1.1217230269948182;1.1057569730051822;1.12392;1.10663;1.115275;17.644925978903697;23.57872537493773;20.43713885115443;-0.007249999999999979;0.024274129513007822
2020-01-15;35118;1.11498;1.11276;1.11636;1.11185;1.1210021000000001;-0.00602210000000003;58302.166666666664;0.6023446813010491;0.20850933798286508;1.11382;53.94421710316099;0.0011123939381245673;0.001598378666138038;-0.00048598472801347076;42.984693877551855;38.52430972389012;1.113769;1.1217656090313328;1.1057723909686672;1.12392;1.10663;1.115275;17.329201812966506;24.84547309740042;19.041512450205367;-0.007349999999999968;0.022679795771177336
2020-01-16;36266;1.11359;1.11495;1.11726;1.1128;1.1209083666666666;-0.00731836666666652;58051.746666666666;0.6247184982776359;-0.12466591328992305;1.1112700000000002;51.61727044656735;0.0010168308495064338;0.0014820691028117174;-0.00046523825330528363;33.00907911802881;36.58615962597793;1.1136944999999998;1.1216685967513562;1.1057204032486434;1.12392;1.10663;1.115275;17.236590350093277;24.529130818741386;17.750576920394476;-0.00366999999999984;0.021100914419006432
2020-01-17;33689;1.10895;1.1136;1.11426;1.10863;1.1207870666666666;-0.011837066666666507;57885.93;0.5819894402662993;-0.416670408319042;1.1112700000000002;44.68754686744167;0.0005602292176887236;0.0012977011257871186;-0.000737471908098395;2.918287937743591;26.304020311108076;1.113575;1.1217556124465098;1.1053943875534902;1.12392;1.10663;1.115275;16.012358645843122;22.45920094180841;22.502970037350202;-0.006729999999999903;0.01874349409156779
2020-01-20;26733;1.1095;1.10901;1.11023;1.10767;1.1206952666666667;-0.011195266666666814;57647.08;0.4637355439338014;0.04959646512465721;1.1088500000000003;45.61949871831537;0.0002399831617896364;0.0010861575329876223;-0.0008461743711979859;11.261538461538382;15.729635172436916;1.113449;1.1217974391355503;1.1051005608644495;1.12392;1.10663;1.115275;15.113314692383588;21.567952771278023;23.09809697673836;-0.010190000000000143;0.016026444969881818
2020-01-21;32602;1.1082;1.10939;1.1118;1.1081;1.1205941000000001;-0.012394100000000075;57444.166666666664;0.5675423962397284;-0.11716989634968922;1.1088500000000003;43.743430028603825;-0.00011736042231125232;0.0008454539419278475;-0.0009628143642390998;3.583502366464764;5.921109588582237;1.113477;1.1217507418378863;1.1052032581621138;1.12392;1.10692;1.1154199999999999;14.198553105398997;22.781703378868905;21.754410017129754;-0.006969999999999921;0.012925826678999169
2020-01-22;30658;1.10943;1.10818;1.10984;1.10702;1.1204908666666666;-0.011060866666666724;57277.67;0.5352522195821626;0.11099079588521299;1.107605;46.00594076015682;-0.0002978733680050194;0.0006167884799412741;-0.0009146618479462935;17.799113737075363;10.88138485502616;1.1135009999999999;1.1217247093820237;1.105277290617976;1.12392;1.10692;1.1154199999999999;13.307824787261648;21.743497754008622;22.508327112488278;-0.0009799999999999809;0.009892607825516956
2020-01-23;38665;1.10578;1.10927;1.11087;1.10364;1.1203994666666666;-0.01461946666666658;57139.75;0.6766742941646268;-0.32899777363150084;1.107605;40.76641097641108;-0.0007270744124314721;0.00034801590146672486;-0.0010750903138981968;12.647754137115987;11.343456746885364;1.1133585;1.1220028976655394;1.1047141023344604;1.12392;1.10364;1.11378;13.30431915765733;19.31336993998772;25.217620893812697;-0.004899999999999904;0.006374397742070353
2020-01-24;32602;1.10273;1.10531;1.10617;1.10198;1.1202993666666667;-0.017569366666666753;56981.24333333333;0.5721531874844596;-0.27582340067644484;1.10234;36.976762401187486;-0.0012983621319972993;1.874029477392001e-05;-0.0013171024267712194;4.222972972973134;11.556613615721487;1.1130105000000001;1.1227132119404826;1.1033077880595177;1.12392;1.10198;1.11295;13.663091460674988;18.05405358282123;26.156597744295553;-0.0093700000000001;0.002134350764065654
2020-01-27;34547;1.10195;1.10302;1.10377;1.10098;1.1202087333333333;-0.018258733333333277;56773.80333333334;0.608502477756506;-0.07073354311571967;1.10234;36.05371101222621;-0.0017933782982442192;-0.0003436834238297079;-0.0014496948744145114;5.9582309582304935;7.609652689439863;1.1122260000000002;1.1228024519570585;1.1016495480429418;1.12392;1.10098;1.11245;14.209302028397198;17.247598324083405;26.58924742980592;-0.01157000000000008;-0.00254835287864651
2020-01-28;28707;1.10216;1.10189;1.10252;1.0998;1.1200938666666667;-0.01793386666666663;56525.66333333333;0.507857817266274;0.019057126003896308;1.1016000000000001;36.513215444233204;-0.002144021980651445;-0.0007037511351940554;-0.0014402708454573894;13.51660939289773;7.899271108033777;1.1113385;1.1221628619211457;1.1005141380788543;1.12392;1.0998;1.11186;14.965794749646538;16.47495480320859;27.341530960818517;-0.010499999999999954;-0.007284971773904271
2020-01-29;28998;1.10104;1.10223;1.10276;1.09924;1.1199661666666667;-0.01892616666666669;56310.183333333334;0.5149690212929784;-0.10161863976192453;1.1016000000000001;35.065965405377426;-0.0024836542448662957;-0.0010597317571285035;-0.0014239224877377922;9.988901220865879;9.821247190664693;1.110274;1.120746983147123;1.099801016852877;1.12246;1.09924;1.1108500000000001;15.78731359948864;15.506828616337684;26.66972064472889;-0.013940000000000063;-0.012037413741775811
2020-01-30;36072;1.10314;1.10093;1.10394;1.10047;1.1198700666666668;-0.016730066666666765;56144.526666666665;0.6424847111839619;0.19072876553076767;1.1063;39.87783713059409;-0.002553922779565898;-0.0013585699616159826;-0.0011953528179499155;21.642619311875865;15.049376641879817;1.1095679999999999;1.1199654796946141;1.0991705203053856;1.12056;1.09924;1.1099;16.117542004442694;16.593114370242258;25.10363386818945;-0.01045000000000007;-0.0162047290465805
2020-01-31;37993;1.10946;1.10314;1.10954;1.1017;1.1197836333333333;-0.010323633333333415;55992.39;0.6785386371253882;0.5729100567470891;1.1063;51.52114701119311;-0.002075712397583196;-0.0015019984488094252;-0.0005737139487737707;56.71476137624827;29.448760636329993;1.109257;1.1192695782893272;1.0992444217106727;1.12056;1.09924;1.1099;15.199574221000299;23.448467232717306;21.965258125031898;0.0005099999999997884;-0.01865960441055944
2020-02-03;37051;1.10611;1.10932;1.10941;1.1037;1.11969;-0.013580000000000148;55769.31;0.664361814768613;-0.3019486957619;1.10528;46.39250808190569;-0.0019446277689920688;-0.001590524312845954;-0.00035410345614611473;38.12430632630389;38.82722900480933;1.108578;1.1174447234083338;1.0997112765916663;1.11974;1.09924;1.10949;14.347175564946648;21.33784722079723;19.988143249864425;-0.003390000000000004;-0.0204140704466492
2020-02-04;31634;1.10445;1.10583;1.10642;1.10328;1.1195899666666669;-0.015139966666666949;55684.51;0.5680933530706173;-0.1500754897794998;1.10528;44.05240909033486;-0.001952186789110133;-0.0016628568080987898;-0.0002893299810113432;28.91231964483884;41.25046244913032;1.108042;1.116538280597996;1.099545719402004;1.11726;1.09924;1.10825;13.431626464287145;20.26688431461968;19.65626448238163;-0.003750000000000142;-0.021876062179185952
2020-02-05;34543;1.09988;1.10441;1.10479;1.09936;1.1194637;-0.019583700000000093;55412.753333333334;0.6233763515088603;-0.41378061478564154;1.098985;38.3215211949752;-0.002300420359981903;-0.0017903695184754125;-0.0005100508415064903;4.260985352862667;23.765870441335114;1.1075154999999999;1.1166412952530107;1.098389704746989;1.11726;1.09924;1.10825;13.411508331358045;18.534444096164442;24.14704870636831;-0.009549999999999947;-0.023840457211828883
2020-02-06;29464;1.09809;1.09987;1.1014;1.09644;1.1193236;-0.021233599999999964;55174.56333333333;0.5340141945843764;-0.1627450267301822;1.098985;36.32802438876762;-0.0026898293359072234;-0.001970261481961775;-0.0007195678539454486;10.742187499999666;14.638497499233713;1.106886;1.1167581961082558;1.0970138038917443;1.11726;1.09644;1.1068500000000001;14.037565100265434;17.096796197905885;26.840453966421997;-0.007689999999999975;-0.026326251356304852
2020-02-07;36454;1.09439;1.09824;1.0985;1.0942;1.1191864666666667;-0.024796466666666683;54919.10333333333;0.6637763143861726;-0.33694870183682557;1.0927250000000002;32.557846425554345;-0.0032594252078042008;-0.0022280942271302603;-0.0010313309806739405;1.0795454545449672;5.360906102469088;1.1060005;1.1169602745870908;1.095040725412909;1.11726;1.0942;1.1057299999999999;15.05844624629428;15.942292806842955;28.54569607963305;-0.008340000000000014;-0.029655281933025225
2020-02-10;29464;1.09106;1.09444;1.09576;1.09078;1.1190505666666666;-0.02799056666666666;54697.43666666667;0.5386724094504114;-0.30427909611747683;1.0927250000000002;29.582222374019892;-0.0039341863586315196;-0.002569312653430512;-0.0013648737052010074;1.393728222995703;4.405153725846767;1.1048775000000002;1.1170597524600265;1.0926952475399738;1.11726;1.09078;1.10402;16.595396524923967;14.703899557103384;31.662906802320556;-0.010890000000000066;-0.03393620684659958
2020-02-11;31116;1.09156;1.09108;1.0925;1.08916;1.1188994666666667;-0.027339466666666645;54475.17;0.5711960146245397;0.045826993932518434;1.0894650000000001;30.607741738645146;-0.004378125307471947;-0.0029310751842387996;-0.0014470501232331477;11.054813450023799;4.509362375854811;1.1038225;1.1167574478158897;1.0908875521841102;1.11726;1.08916;1.1032099999999998;18.27371226763356;13.922749257184936;32.55754289007341;-0.010599999999999943;-0.038519358643567383
2020-02-12;31563;1.08737;1.09151;1.09257;1.08653;1.118738;-0.03136800000000006;54279.55;0.5814897138976683;-0.38385430026751655;1.0894650000000001;27.052293623417057;-0.0050102925715784785;-0.0033469186617067354;-0.0016633739098717432;3.650586701433954;5.3663761248178075;1.102442;1.116187135284884;1.0886968647151158;1.11726;1.08653;1.1018949999999998;20.210250451357663;12.617344495399038;33.5875498428843;-0.013670000000000071;-0.043773410307715976
2020-02-13;34163;1.08392;1.08736;1.08888;1.08341;1.1185833;-0.034663300000000064;54116.54;0.6312857399973038;-0.3172793069516344;1.0834700000000002;24.526022620964724;-0.005723696638082476;-0.0038222742569818838;-0.0019014223811005923;1.9517795637199031;5.55239323839254;1.1009585000000002;1.1159212193718167;1.0859957806281837;1.11426;1.08341;1.098835;22.404164770529785;11.560230649679653;35.55232215513256;-0.019220000000000015;-0.04977736606423072
2020-02-14;30600;1.08302;1.08409;1.08613;1.08274;1.1184109;-0.03539089999999989;53963.85;0.5670462726435258;-0.08303195807807251;1.0834700000000002;23.89902748605911;-0.006289199007701418;-0.004315659207125791;-0.0019735398005756273;1.044776119403204;2.215714128185675;1.099662;1.1160554274634593;1.0832685725365405;1.1118;1.08274;1.09727;24.521714500023943;10.948039280667265;34.716225746335475;-0.026439999999999797;-0.056092190757028634
2020-02-17;21653;1.08334;1.08371;1.0851;1.08292;1.1182343000000001;-0.034894300000000156;53762.64666666667;0.40275174944876796;0.029547007442132234;1.0812150000000003;24.636742901351752;-0.006635057570705483;-0.00477953887984173;-0.001855518690863753;2.2388059701490124;1.7451205510906946;1.098354;1.1155535725528187;1.0811544274471814;1.1118;1.08274;1.09727;26.48801067741138;10.56073153321198;33.4880731201656;-0.022769999999999957;-0.062183367593286375
2020-02-18;35082;1.07909;1.08351;1.08373;1.07856;1.1180392666666665;-0.03894926666666643;53503.04;0.6557010592294091;-0.3923052781213521;1.0812150000000003;21.63678587214372;-0.007169447526669259;-0.005257520609207236;-0.0019119269174620234;1.7107811491289262;1.6647877462270355;1.0968985;1.1153966883166877;1.0784003116833123;1.11087;1.07856;1.0947149999999999;28.818949667189226;9.685615215380915;37.70131843653643;-0.025359999999999827;-0.06849668208087989
2020-02-19;33209;1.08069;1.0791;1.08117;1.07822;1.1178263666666666;-0.03713636666666664;53204.66333333333;0.6241746102580437;0.14827308194866884;1.0795050000000002;25.32343504307724;-0.0073787906827471605;-0.005681774623915221;-0.0016970160588319393;7.886334610472449;3.945307243250117;1.0954615;1.114304495807451;1.0766185041925491;1.11087;1.07822;1.094545;31.01911299527845;9.216320663419992;36.43302473439457;-0.01919000000000004;-0.07427789473405373
2020-02-20;42794;1.07832;1.08044;1.08212;1.07778;1.1176316000000002;-0.039311600000000224;53002.53333333333;0.8073953697809148;-0.2193043333425848;1.0795050000000002;23.55565660708956;-0.00764777702232089;-0.006074975103596355;-0.0015728019187245344;1.707239962061284;3.7681185738875413;1.0940885;1.113709659267474;1.074467340732526;1.10954;1.07778;1.0936599999999999;32.65732848907446;10.119827455893212;33.83559106814206;-0.019770000000000065;-0.07973355228720601
2020-02-21;43328;1.08478;1.07846;1.08636;1.07828;1.1174449333333334;-0.03266493333333331;52892.723333333335;0.819167501112317;0.5990800504488636;1.0850600000000004;36.55624356281677;-0.007256039516034818;-0.006311187986084048;-0.0009448515299507699;24.441340782123316;11.344971784885672;1.093191;1.1127910611223424;1.0735909388776577;1.10954;1.07778;1.0936599999999999;32.57552265984537;15.416960617957109;29.603980775676437;-0.009609999999999896;-0.08344464124626126
2020-02-24;62331;1.08534;1.08129;1.08721;1.08052;1.1172781;-0.03193810000000008;52909.19666666666;1.1780749647869326;0.05162337063735478;1.0850600000000004;37.54777325930336;-0.006821760392693443;-0.006413302467405927;-0.00040845792528751597;27.989633469085586;18.046071404423383;1.0923604999999998;1.1118126746599073;1.0729083253400924;1.10954;1.07778;1.0936599999999999;32.212950933347216;15.14493199792794;26.633913279405014;-0.005719999999999947;-0.0855675117030719
2020-02-25;63793;1.0881;1.08527;1.08904;1.08302;1.1170946666666666;-0.028994666666666502;52707.85333333333;1.2103129982651777;0.2542981922715626;1.08807;42.331447789328095;-0.006183601416939188;-0.00636736225731258;0.00018376084037339136;43.691786621507696;32.04092029090552;1.0916575;1.110653146738122;1.072661853261878;1.10954;1.07778;1.0936599999999999;31.274597123940907;16.4965453540237;24.273917957518755;-0.0034600000000000186;-0.08588019949456789
2020-02-26;68956;1.08804;1.08811;1.09089;1.08552;1.1169079666666668;-0.02886796666666691;52608.10333333333;1.3107486419548464;-0.005514199062606195;1.08807;42.25567285493016;-0.005617937245998572;-0.006217477255049779;0.0005995400090512068;49.51737451737404;40.39959820265576;1.0910075;1.1095589310768605;1.0724560689231393;1.10954;1.07778;1.0936599999999999;29.832550654066363;17.90493918610018;22.369772157033914;0.0006699999999999484;-0.08480878286941078
2020-02-27;82761;1.09999;1.08814;1.10066;1.08773;1.1167596666666668;-0.016769666666666794;52665.48333333333;1.5714467002261943;1.0983052093673118;1.1014400000000002;58.275422718962645;-0.004157454636332991;-0.0058054727313064216;0.0016480180949734304;97.07167832167855;63.42694648685341;1.09085;1.1090366412511907;1.0726633587488095;1.10954;1.07778;1.0936599999999999;29.101469239613426;27.650322751464074;18.588676160886067;0.01607000000000003;-0.080568801580271
2020-02-28;108618;1.10289;1.09995;1.10532;1.0951;1.1166548;-0.013764800000000132;52681.60333333333;2.0617823514732194;0.2636387603523582;1.1014400000000002;61.096105578109345;-0.0027344844477195096;-0.005191275074589039;0.0024567906268695297;91.17647058823478;79.25517447576244;1.0905215;1.107552300656443;1.073490699343557;1.10941;1.07778;1.093595;29.13618600399881;29.90764997782286;16.250581438437024;0.019869999999999832;-0.07370867863212377
2020-03-02;119851;1.11324;1.10428;1.11846;1.10363;1.1165675333333334;-0.0033275333333333545;52640.51;2.2767826527512223;0.9384435437804317;1.1151200000000001;69.11972774950789;-0.0007628185227634976;-0.0043055837642239315;0.003542765241460434;87.16814159292036;91.80543016761122;1.090878;1.1094297002994202;1.0723262997005798;1.11846;1.07778;1.09812;30.546218998101587;39.228114634183804;13.470700367191704;0.029900000000000038;-0.0633974213808989
2020-03-03;112326;1.117;1.11333;1.12135;1.10954;1.1164918;0.0005082000000000697;52654.433333333334;2.133267664070933;0.3377528655096773;1.1151200000000001;71.42536147191478;0.0010905700910655014;-0.003226352993166045;0.0043169230842315465;90.01606610052774;89.45355942722762;1.0915055;1.1125345869749383;1.0704764130250617;1.12135;1.07778;1.0995650000000001;32.078039739224565;37.418828162251124;11.819157667909657;0.03790999999999989;-0.05041556374773982
2020-03-04;76443;1.1135;1.11714;1.11875;1.10955;1.1163787666666667;-0.0028787666666667544;52651.98;1.4518542322622146;-0.3133393017009878;1.1185950000000002;66.451657897545;0.0022510247589822008;-0.002130877442736396;0.004381902201718597;81.98301583658454;86.38907451001086;1.0921865;1.115057717960562;1.0693152820394378;1.12135;1.07778;1.0995650000000001;33.50044471312447;33.92907825115993;10.716880914561989;0.032810000000000006;-0.03672034815716668
2020-03-05;69663;1.12369;1.11332;1.12449;1.11196;1.1163106333333332;0.007379366666666831;52611.32;1.3241066751411439;0.9151324651998305;1.1185950000000002;72.46372097139593;0.003947437678187837;-0.0009152144185515495;0.004862652096739387;98.28730464568633;90.09546219426619;1.0934665;1.120075950407695;1.0668570495923049;1.12449;1.07778;1.101135;35.24331351717846;35.35871024611224;9.427324083606077;0.04537000000000013;-0.02124853605627008
2020-03-06;124746;1.12895;1.12366;1.13548;1.12112;1.1162261333333334;0.012723866666666472;52654.00666666667;2.3691644358557133;0.4681006327367676;1.13454;74.9583796619709;0.005651152213996147;0.0003980589079579898;0.005253093306038157;88.68284228769474;89.65105425665519;1.0951945;1.125980277544178;1.064408722455822;1.13548;1.07778;1.10663;37.47036820422068;40.68274277674576;8.208297388130656;0.04416999999999982;-0.004272906629073114
2020-03-09;190880;1.14353;1.13469;1.14951;1.13348;1.1162044666666666;0.02732553333333332;52941.693333333336;3.6054759109826473;1.2914655210593873;1.1379400000000002;80.28893479548954;0.008084647622803365;0.001935376650927065;0.0061492709718763;91.66318137459906;92.87777610266004;1.097818;1.135021203948043;1.060614796051957;1.14951;1.07778;1.113645;40.06048264383695;45.26360107053253;6.843792838647518;0.058189999999999964;0.015581746780536863
2020-03-10;176934;1.12815;1.14388;1.14581;1.12748;1.1161435;0.012006500000000031;53221.86;3.324461039128786;-1.3449581558857227;1.12759;64.65420779729885;0.008672205021466706;0.0032827423250349937;0.005389462696431712;70.22166457549139;83.52256274592838;1.0996475;1.1389776873247477;1.0603173126752525;1.14951;1.07778;1.113645;41.33477520902988;39.03364416983231;10.407142591890544;0.04004999999999992;0.033734647134523954
2020-03-11;127991;1.12703;1.12801;1.13668;1.12574;1.1160773;0.010952700000000037;53384.91333333333;2.3975125556691492;-0.09927757833620987;1.12759;63.68169441272183;0.008944368738123432;0.004415067607652682;0.00452930113047075;68.44026393373576;76.77503662794206;1.1016305000000002;1.1422623512868884;1.060998648713112;1.14951;1.07778;1.113645;42.20594910388877;35.86115765136053;10.853979567682085;0.03899000000000008;0.04969135942390795
2020-03-12;174508;1.11852;1.12688;1.13336;1.10553;1.1160015666666667;0.0025184333333332365;53614.29;3.2548785034730003;-0.7550819410308551;1.11427;56.70261555416913;0.008376811892334635;0.005207416464589072;0.0031693954277455623;55.080446441513224;64.58079165024678;1.1033605;1.1437745374003865;1.0629464625996135;1.14951;1.07778;1.113645;40.19509171587597;29.330453229580662;22.102143962637143;0.018529999999999935;0.06186986814367371
2020-03-13;168533;1.11002;1.11846;1.12213;1.10552;1.1159045333333333;-0.005884533333333275;53906.14666666667;3.126415268412843;-0.7599327683009638;1.11427;50.72313285595344;0.007158619926063148;0.005597657156883888;0.0015609627691792602;40.6076101669423;54.70944018073042;1.1047105;1.1441075432773815;1.0653134567226183;1.14951;1.07778;1.113645;38.326750928209854;26.257029598143482;19.792455240999182;0.007130000000000081;0.0693561301096429
2020-03-16;213361;1.11814;1.10635;1.12365;1.10635;1.1158355333333334;0.002304466666666505;54297.456666666665;3.9294842355101234;0.7315183510206991;1.11255;55.54587832861978;0.006770365594356731;0.005832198844378456;0.0009381667499782746;50.97671511173601;48.88825724006383;1.1064505;1.1449829182864237;1.0679180817135763;1.14951;1.07778;1.113645;36.72653675619181;24.419563800446202;17.71082495873786;0.004899999999999904;0.07468423837643934
2020-03-17;173076;1.09987;1.11797;1.11891;1.0955;1.1157139666666667;-0.015843966666666764;54629.443333333336;3.168181651493459;-1.633963546604178;1.10546;44.89834937936188;0.0049315866667309916;0.005652076408848963;-0.0007204897421179716;19.650372288766313;37.07823252248153;1.1074895;1.1440869094575006;1.0708920905424995;1.14951;1.07778;1.113645;34.16048435627254;21.174280716821144;21.516577364807507;-0.01713000000000009;0.07494630957197199
2020-03-18;194286;1.09166;1.09965;1.10451;1.08018;1.1155639333333334;-0.023903933333333294;55115.86;3.5250470554204316;-0.7464518534008424;1.0860700000000003;41.08690399132648;0.00277981871298727;0.005077624869676624;-0.0022978061566893545;16.558488388865047;29.061858596455778;1.108038;1.1433174408118945;1.0727585591881057;1.14951;1.07778;1.113645;33.05255661539577;18.43254623246993;26.883820163598465;-0.02183999999999986;0.07020807929812678
2020-03-19;214211;1.0693;1.09122;1.09812;1.06551;1.1153416999999999;-0.04604169999999996;55610.85666666667;3.8519636783146387;-2.0482567832475485;1.0748900000000003;32.896242972565275;-0.0007214219198659055;0.003917815511768118;-0.004639237431634024;4.51190476190471;13.573588479845343;1.1075869999999999;1.1445642898411976;1.0706097101588021;1.14951;1.06551;1.10751;32.93315796589475;15.529986423815908;29.734388994057642;-0.05439000000000016;0.058233607151825705
2020-03-20;235127;1.06973;1.06908;1.08308;1.06378;1.115114;-0.04538399999999987;56164.02;4.186434660481179;0.04021322360423518;1.071075;33.17214468665399;-0.003422035841105675;0.0024498452411933595;-0.005871881082299035;6.940394261052276;9.336929137273996;1.1068345;1.1461747285072155;1.0674942714927844;1.14951;1.06378;1.1066449999999999;32.917806539456066;14.113472284841459;27.839865036944577;-0.05921999999999983;0.04190436259791028
2020-03-23;209219;1.07242;1.07015;1.08278;1.06358;1.1149196;-0.04249959999999997;56507.64666666667;3.7024900582770033;0.2514653230254238;1.071075;34.973367077376565;-0.005284316994884852;0.000903012793977717;-0.006187329788862569;10.287443267776041;7.246580763577661;1.1061885;1.1473036209532443;1.0650733790467557;1.14951;1.06358;1.1065450000000001;32.91518372859047;12.857091790423764;25.45429095294576;-0.07111;0.023761631104792697
2020-03-24;170985;1.07872;1.07205;1.08882;1.07184;1.1147135000000001;-0.035993500000000234;56768.416666666664;3.0119740877037535;0.587456407004705;1.083405;39.1125137012198;-0.006180584941636091;-0.0005137067531450448;-0.005666878188491047;17.618992202955802;11.615609910594692;1.1057195;1.1478507029142284;1.0635882970857715;1.14951;1.06358;1.1065450000000001;32.22010970520219;14.632353760517248;23.464870355269433;-0.049430000000000085;0.006252534785033498
2020-03-25;151437;1.08809;1.07873;1.08939;1.07605;1.1145318999999998;-0.026441899999999796;57044.28;2.654727169840227;0.8686220706022096;1.083405;44.745879343074336;-0.006064890769528208;-0.0016239435564216775;-0.004440947213106531;28.523216571628087;18.809884014119962;1.105722;1.147849012046903;1.0635949879530973;1.14951;1.06358;1.1065450000000001;31.509908160029134;13.989816201717892;22.009484015232676;-0.038939999999999975;-0.008438073125151166
2020-03-26;163089;1.10331;1.08826;1.10587;1.08702;1.1143989666666665;-0.011088966666666478;57298.056666666664;2.846326899858876;1.3987813508073765;1.1086100000000003;52.44278334286944;-0.004691000568936232;-0.0022373549589245886;-0.0024536456100116436;46.235307808681505;30.792505527755115;1.1058879999999998;1.1479494705401496;1.06382652945985;1.14951;1.06358;1.1065450000000001;29.296662778680286;20.323360065268766;20.111291308488568;-0.015209999999999946;-0.01790390710065866
2020-03-27;149504;1.11391;1.10303;1.11472;1.09536;1.114285566666667;-0.0003755666666669377;57481.07666666667;2.600925533579497;0.9607453934071142;1.1086100000000003;56.941477022027584;-0.002715548126091427;-0.0023329935923579563;-0.00038255453373347084;61.206372370181164;45.32163225016357;1.106439;1.1486174992146463;1.0642605007853536;1.14951;1.06358;1.1065450000000001;27.933183135242267;22.534382215897512;18.35991383399157;0.003889999999999949;-0.02155338467806862
2020-03-30;131050;1.10446;1.11167;1.11441;1.101;1.1141512666666666;-0.009691266666666642;57614.776666666665;2.2745900892434934;-0.8483629736693254;1.1040150000000002;52.20062576807927;-0.0018907287121692207;-0.0022445406163202094;0.00035381190415098877;55.92339261285918;54.45502426390726;1.1059999999999999;1.1480688421518812;1.0639311578481185;1.14951;1.06358;1.1065450000000001;26.667094894906963;21.15983343813994;17.23999863603049;-0.013679999999999914;-0.022779784205771144
2020-03-31;150870;1.10357;1.10398;1.10532;1.09268;1.1140120333333332;-0.010442033333333267;57859.53;2.607522045201092;-0.08058236604313596;1.1040150000000002;51.76351226858589;-0.0012939530606668193;-0.0020544231051895317;0.0007604700445227124;57.30868443680137;58.14614980661389;1.1053285;1.1471012759551587;1.0635557240448412;1.14951;1.06358;1.1065450000000001;24.788499993738977;19.92605064537405;20.07275276812031;0.0037000000000000366;-0.02244252137088075
2020-04-01;117156;1.09625;1.10286;1.10388;1.09028;1.1138542999999999;-0.017604299999999906;58039.613333333335;2.0185523864042483;-0.6633018295169268;1.0909800000000003;48.18934180011502;-0.0013955795096531887;-0.0019226543860822632;0.0005270748764290745;54.38654902613607;55.87287535859886;1.104466;1.146240613535015;1.062691386464985;1.14951;1.06358;1.1065450000000001;23.2500815043419;18.665004222645322;19.919239524281913;0.004589999999999872;-0.02232459674116169
2020-04-02;122752;1.08571;1.09614;1.09681;1.08207;1.1136717666666665;-0.0279617666666665;58251.736666666664;2.10726764598284;-0.961459521094643;1.0909800000000003;43.52874158645559;-0.002300095052196305;-0.0019981425193050717;-0.0003019525328912332;36.8403529215914;49.51186212817627;1.102567;1.144125857106516;1.061008142893484;1.14951;1.06358;1.1065450000000001;22.487444662898138;17.381106237554942;22.38038434257926;0.016410000000000036;-0.024183360054126076
2020-04-03;108423;1.08075;1.08553;1.08648;1.07727;1.1134870666666667;-0.03273706666666665;58416.236666666664;1.8560421928352246;-0.4568439085943621;1.08006;41.4949258732924;-0.0033782186817989945;-0.0022741577518038563;-0.0011040609299951382;31.031989878908547;40.752963942212;1.100157;1.140898747188845;1.0594152528111551;1.14951;1.06358;1.1065450000000001;22.136476550131075;16.612194886492492;23.695894637553792;0.01102000000000003;-0.028120376108167554
2020-04-06;95127;1.07937;1.08081;1.08356;1.07685;1.1133057;-0.03393570000000001;58520.833333333336;1.6255236739050267;-0.12768910478835327;1.08006;40.922031229105784;-0.004294489688675185;-0.002678224139178122;-0.0016162655494970628;30.876026593664417;32.91612313138811;1.096949;1.133403099303092;1.060494900696908;1.14581;1.06358;1.104695;21.842140948413025;16.05493847107644;23.110984200645238;0.006950000000000012;-0.03347313457187833
2020-04-07;95627;1.0892;1.07931;1.09266;1.07834;1.1131619000000001;-0.023961900000000202;58666.5;1.6300103125290193;0.9107164364397846;1.0873350000000002;46.57979056862497;-0.004179266236072232;-0.0029784325585569442;-0.001200833677515288;50.097770825185755;37.33526243258623;1.0950015;1.1286324270017887;1.0613705729982112;1.13668;1.06358;1.10013;20.631595494373638;19.454353532022296;21.456749340709372;0.010480000000000045;-0.03773884242055152
2020-04-08;90380;1.08547;1.08903;1.09023;1.08302;1.1130218666666665;-0.027551866666666536;58775.613333333335;1.5377125796614621;-0.34245317664340913;1.0873350000000002;44.82556792238521;-0.004338914343165801;-0.0032505289154787158;-0.0010883854276870848;42.80406726632769;41.25928822839261;1.0929235;1.1233664277665534;1.0624805722334465;1.13336;1.06358;1.0984699999999998;19.507517572765636;18.72751843319161;20.655102629500536;-0.0026200000000000667;-0.04168252878079751
2020-04-09;90497;1.09297;1.08561;1.0952;1.0841;1.1128894666666667;-0.019919466666666663;58885.42333333333;1.5368319505441494;0.6909449362948905;1.0930150000000003;48.985780681436964;-0.0038162578533595948;-0.0033636747030548917;-0.00045258315030470304;57.46969104419251;50.123843045235304;1.091646;1.1197388477730463;1.0635531522269535;1.12365;1.06358;1.093615;18.257450435878873;20.24684910807881;19.450295082540432;-0.010340000000000016;-0.043830297832913
2020-04-10;40002;1.09306;1.09291;1.09525;1.09171;1.1127792666666667;-0.01971926666666679;58806.38;0.6802323149289788;0.008234443763321941;1.0930150000000003;49.03544127061296;-0.0033560995453536524;-0.003362159671514644;6.0601261609913824e-06;49.48694029850747;49.92023286967588;1.090798;1.117616105525923;1.0639798944740768;1.12365;1.06358;1.093615;17.101659463561948;19.87694161528623;19.06829181451449;-0.020850000000000035;-0.044580780736297385
2020-04-13;59001;1.09091;1.09486;1.09678;1.08927;1.1126504666666668;-0.021740466666666736;58741.4;1.0044193703246767;-0.19669551534223784;1.094545;47.837407952541625;-0.003128840477310657;-0.0033154958326738464;0.00018665535536318938;38.42772174812543;48.46145103027512;1.0894365000000001;1.1131489771164786;1.0657240228835216;1.11891;1.06358;1.091245;15.994883983978449;19.023351692743333;19.644670537067814;-0.013549999999999951;-0.044657364961841695
2020-04-14;73928;1.09818;1.09055;1.09872;1.09016;1.1125470000000002;-0.01436700000000024;58761.096666666665;1.2581113048205663;0.6664161113199008;1.094545;52.09910947894129;-0.002335189179244912;-0.00311943450198806;0.000784245322743148;56.32426722999719;48.07964309221003;1.089352;1.1129267997658414;1.0657772002341588;1.11472;1.06358;1.08915;14.955128212511468;19.20562934571621;18.660992517989076;-0.005390000000000006;-0.042899732384318254
2020-04-15;73448;1.09112;1.09784;1.09908;1.08564;1.1124138333333333;-0.021293833333333234;58861.833333333336;1.2478034719722886;-0.6428818590759167;1.0875100000000002;47.99799462314274;-0.002249961647378562;-0.002945539931066161;0.0006955782836875987;37.681542117771485;44.144510365298025;1.089325;1.1128903996358965;1.0657596003641037;1.11472;1.06358;1.08915;14.290910790466029;17.70646173771526;19.829529019222512;-0.005129999999999857;-0.04115851139635011
2020-04-16;90027;1.0839;1.09075;1.09112;1.08165;1.1122467333333332;-0.02834673333333315;58925.653333333335;1.5278065648371495;-0.6617054036219705;1.0875100000000002;44.16882456781104;-0.0027335017674561257;-0.002903132298344154;0.00016963053088802846;18.769968051118305;37.591925799628974;1.090055;1.1119383831936365;1.0681716168063635;1.11472;1.06358;1.08915;14.094247122760207;16.716319248800822;21.07673841812752;-0.0018099999999998673;-0.040707342822633295
2020-04-17;79622;1.08712;1.08382;1.08927;1.0812;1.1120914666666666;-0.024971466666666498;58960.17;1.3504370832035677;0.2970753759572009;1.0866700000000002;46.22913171100635;-0.002824326627717033;-0.0028873711642187303;6.304453650169718e-05;36.0730593607306;30.841523176540118;1.0909245;1.1107981020640332;1.071050897935967;1.11472;1.06358;1.08915;13.959115775211291;15.900337412536913;20.32010348314012;0.006369999999999987;-0.04048916122881325
2020-04-20;59800;1.08622;1.08634;1.08968;1.08413;1.1119346333333333;-0.025714633333333348;58889.78;1.015456332151179;-0.08278754875268302;1.0866700000000002;45.7212707727102;-0.0029350945196282563;-0.0028969158353006354;-3.817868432762087e-05;34.66518682944846;29.83607141376578;1.0916145;1.1097528245918566;1.0734761754081432;1.11472;1.07184;1.09328;13.774973612042784;15.603307508625978;19.611103857014427;0.006850000000000023;-0.04051845327422379
2020-04-21;68361;1.0857;1.08602;1.08803;1.08165;1.1117763;-0.02607629999999994;58903.566666666666;1.1605579062273264;-0.047872438364227055;1.084005;45.41086175085023;-0.0030299115914147468;-0.002923514986523458;-0.00010639660489128889;39.81106612685576;36.84977077234493;1.0919634999999999;1.109348960908459;1.0745780390915407;1.11472;1.07605;1.0953849999999998;13.892063904773392;14.957231398694889;20.408605578602533;-0.0034999999999998366;-0.040726711866139326
2020-04-22;52255;1.08231;1.08563;1.08852;1.08034;1.1115983666666667;-0.029288366666666565;58883.816666666666;0.8874254924031101;-0.3122409505388224;1.084005;43.344841837402875;-0.0033400969144223858;-0.003006831372103244;-0.000333265542319142;24.561403508772052;33.01255215502541;1.0916744999999999;1.1094946397020211;1.0738543602979786;1.11472;1.07685;1.095785;14.153261572232271;14.148340716171425;20.17098047849327;-0.0031599999999998296;-0.04157139916133142
2020-04-23;76840;1.07758;1.08226;1.08468;1.0756;1.111394;-0.03381400000000001;58914.65666666667;1.304259489022233;-0.4370282081843535;1.0800950000000002;40.57126958557194;-0.003922377758209805;-0.0031899406493245564;-0.0007324371088852488;8.43270868824565;24.268392774624477;1.090388;1.1083766370800994;1.0723993629199005;1.11472;1.0756;1.09516;14.923084902958903;13.2892178663977;22.11602363854499;-0.015390000000000015;-0.043569883672133644
2020-04-24;60781;1.08261;1.07762;1.08296;1.07272;1.1112129000000002;-0.028602900000000098;58893.43666666667;1.0320504871197533;0.4667866886913341;1.0800950000000002;44.62893702287963;-0.0039326276756137535;-0.0033384780545823957;-0.0005941496210313578;37.5189681335361;23.50436011018459;1.088823;1.103493948299258;1.0741520517007421;1.11441;1.07272;1.093565;15.934665108578672;12.376480728733922;22.5287353526265;-0.010449999999999848;-0.045276142442423416
2020-04-27;54825;1.08294;1.08208;1.086;1.08114;1.1110326000000001;-0.028092600000000134;58813.71333333333;0.9321805560765026;0.030481890985667448;1.0824550000000002;44.894766710447705;-0.0038695171815497087;-0.003444685879975858;-0.0004248313015738506;38.77086494688944;28.240847256223716;1.087747;1.1007325459646284;1.0747614540353716;1.10532;1.07272;1.08902;16.328273758741386;14.078129710672979;21.764688906303107;-0.007970000000000033;-0.04656722166917208
2020-04-28;55909;1.08197;1.08285;1.08884;1.08096;1.1108517333333332;-0.028881733333333104;58775.486666666664;0.9512298948210692;-0.08957098269525288;1.0824550000000002;44.222706145330726;-0.003853353493248335;-0.003526419402630354;-0.0003269340906179811;35.09104704097172;37.12696004046574;1.086667;1.097646985610166;1.075687014389834;1.10388;1.07272;1.0882999999999998;16.206261148319847;15.306002510261393;20.547874129577508;-0.016209999999999836;-0.0476078242388557
2020-04-29;57292;1.08732;1.0818;1.08856;1.08168;1.1106962;-0.023376199999999958;58800.37666666666;0.9743474999279811;0.49446842333891183;1.09124;48.77722522352853;-0.0033699961477899887;-0.003495134751662281;0.00012513860387229235;55.38694992412777;43.08295397066297;1.0862205;1.0962942847405752;1.0761467152594248;1.09908;1.07272;1.0859;16.092963724356988;14.541584941962752;19.521665231120323;-0.0038000000000000256;-0.0473885031468442
2020-04-30;78093;1.09516;1.08707;1.09726;1.0833;1.1105777333333333;-0.015417733333333405;58897.83;1.3259062345758195;0.7210388845969806;1.09124;54.62449965060359;-0.0023274797529404534;-0.0032616037519179156;0.0009341239989774622;85.12898330804202;58.535660091047156;1.086693;1.097487393174211;1.0758986068257888;1.09908;1.07272;1.0859;15.261783898453562;19.242772037161153;17.60085560717095;0.011259999999999826;-0.04484037441937464
2020-05-01;55498;1.09806;1.09532;1.10188;1.09345;1.1104691666666668;-0.012409166666666804;58927.46333333333;0.9418019521060427;0.26480149019323385;1.0942200000000002;56.59812835479139;-0.0012528303865719792;-0.0028598490788487286;0.0016070186922767494;86.89986282578901;75.80526535265292;1.0875584999999999;1.0990606933125588;1.076056306687441;1.10188;1.07272;1.0873;15.083082516195034;21.381412989346675;16.542353793084395;0.01093999999999995;-0.04023261922362964
2020-05-04;58066;1.09038;1.09677;1.09737;1.08957;1.1103725333333334;-0.019992533333333506;58908.996666666666;0.9856898485057117;-0.699415332495501;1.0942200000000002;50.352028757716184;-0.0010092409355815235;-0.002489727450195288;0.0014804865146137644;60.56241426611785;77.53042013331628;1.088109;1.0990300858434263;1.0771879141565737;1.10188;1.07272;1.0873;14.330195999356638;20.07217935315111;18.327794757522426;0.0041599999999999415;-0.03573484082536145
2020-05-05;61173;1.08375;1.09054;1.09259;1.08259;1.1102406999999999;-0.026490699999999867;58913.496666666666;1.0383528980822043;-0.6080449017773493;1.0816700000000001;45.66666686178631;-0.0013357820673058907;-0.0022589383736174085;0.0009231563063115179;37.82578875171491;61.76268861454057;1.0878365;1.0989060623671165;1.0767669376328837;1.10188;1.07272;1.0873;13.905965029701123;18.625520393416746;22.037542741596024;-0.0019500000000001183;-0.032619902511028545
2020-05-06;57692;1.07959;1.08376;1.0845;1.0782;1.1100912666666667;-0.030501266666666638;58944.93666666667;0.9787439475291694;-0.3838523644752012;1.0816700000000001;42.965154078932805;-0.00190824840051107;-0.0021888003789961408;0.0002805519784850707;23.55967078189347;40.649291266575396;1.0875425;1.0991472557061523;1.0759377442938478;1.10188;1.07272;1.0873;14.01795840919235;17.75721648778958;24.258706824723436;-0.0027200000000000557;-0.03124704139749273
2020-05-07;64809;1.08318;1.07925;1.0834;1.07666;1.1099398;-0.0267598;58945.74;1.0994687656816085;0.3325336470326734;1.0835100000000002;45.93743699202969;-0.002048633722532278;-0.0021607670477033682;0.00011213332517109008;35.871056241426984;32.418838591678444;1.087053;1.098525865553098;1.075580134446902;1.10188;1.07272;1.0873;14.293298159812341;16.852066532481373;24.186831844907346;0.005600000000000049;-0.03039817130797303
2020-05-08;51225;1.08384;1.08334;1.08756;1.08151;1.1097763;-0.025936300000000134;58948.363333333335;0.86898086907572;0.060931701102306945;1.0835100000000002;46.489543288708745;-0.0020826263967932412;-0.002145138917521343;6.251252072810194e-05;38.134430727023286;32.521719250114565;1.086592;1.0978002301903313;1.0753837698096687;1.10188;1.07272;1.0873;13.90687256526832;19.289725936588397;23.05099617045658;0.0012299999999998423;-0.0297598672530339
2020-05-11;54618;1.08066;1.08282;1.08506;1.08007;1.1096102666666667;-0.02895026666666678;58944.56;0.9265995029904497;-0.2934012400354291;1.0827550000000004;44.15003294819223;-0.002339200413415954;-0.0021839512167002653;-0.00015524919671568854;27.229080932784765;33.74485596707833;1.0860794999999999;1.0973880144470634;1.0747709855529364;1.10188;1.07272;1.0873;13.727962926795742;18.517321873417796;23.283510285233067;-0.0022800000000000598;-0.029801904398773078
2020-05-12;58633;1.08485;1.08062;1.08854;1.07845;1.1094514333333334;-0.02460143333333331;58985.49333333333;0.9940240673863437;0.3877260192845178;1.0827550000000004;47.87231848595589;-0.002179317373295131;-0.0021830244480192385;3.707074724107473e-06;41.59807956104309;35.6538637402837;1.085413;1.0952681267875877;1.0755578732124123;1.10188;1.07272;1.0873;13.027772391962596;19.798332887615818;21.41612200581047;0.0028799999999999937;-0.029489893688971223
2020-05-13;63002;1.08189;1.0847;1.08966;1.08117;1.1092778333333333;-0.027387833333333278;59061.12666666666;1.0667253328160238;-0.27284878093746245;1.0811650000000002;45.562100944724975;-0.002265342713676066;-0.0021994881011506043;-6.585461252546195e-05;31.44718792866975;33.424782807499184;1.0849515;1.0945556621706123;1.0753473378293879;1.10188;1.07272;1.0873;12.208841297012482;19.350743134637526;19.965147123212066;-0.005430000000000046;-0.02942700897181408
2020-05-14;55861;1.08044;1.08176;1.0824;1.0775;1.1090955666666666;-0.028655566666666576;59111.80333333334;0.9450058507771891;-0.13402471600624244;1.0811650000000002;44.43096415449528;-0.0024225951289180703;-0.0022441095067040973;-0.00017848562221397298;14.988104678826778;29.344457389513185;1.0847785;1.094574918274013;1.0749820817259872;1.10188;1.07272;1.0873;11.97057591255973;18.56879861260975;22.18492809861921;-0.014719999999999844;-0.029736735350831527
2020-05-15;52912;1.0819;1.08039;1.08512;1.0789;1.1088978999999999;-0.026997899999999797;59093.50666666667;0.8953944855304641;0.13513013216837066;1.0866600000000002;45.88768729336708;-0.002401723429989122;-0.0022756322913611024;-0.0001260911386280197;20.777160983347063;22.40415119694784;1.0845175;1.0943286138511081;1.074706386148892;1.10188;1.07272;1.0873;11.314165865970423;19.885949582375595;21.0235760973014;-0.016159999999999952;-0.02996360799863529
2020-05-18;51295;1.09142;1.08078;1.0927;1.0796;1.1087442333333333;-0.017324233333333217;59053.5;0.8686191334974441;0.8799334504113077;1.0866600000000002;54.3002245272269;-0.001598570692309842;-0.0021402199715508502;0.0005416492792410083;58.524980174465085;31.430081945546288;1.0847775;1.095021364261079;1.0745336357389208;1.10188;1.07272;1.0873;11.363005420590998;23.916474375521712;18.79230888472518;0.001040000000000152;-0.028359323300819445
2020-05-19;54062;1.09228;1.09139;1.0976;1.09022;1.1086184000000001;-0.016338400000000197;58998.61;0.9163266727807797;0.07879643033843475;1.095045;54.98110660910019;-0.0008824986534750057;-0.0018886757079356815;0.0010061770544606758;61.93497224425042;47.0790378006875;1.0851065;1.0958578297316852;1.0743551702683147;1.10188;1.07272;1.0873;11.98032177312963;26.48622157754874;17.655482037218256;0.008529999999999927;-0.025386050037259657
2020-05-20;50917;1.09781;1.09216;1.0999;1.09187;1.1085069;-0.01069690000000012;58994.426666666666;0.8630815295093079;0.5062804409125876;1.095045;59.19147503215861;0.00012972301402780495;-0.0014849959635429841;0.001614718977570789;83.86201427438534;68.10732223103359;1.0858815;1.097877344738885;1.073885655261115;1.10188;1.07272;1.0873;12.804804253315867;26.628959044922713;16.486804908449574;0.018219999999999903;-0.020580017635800037
2020-05-21;52446;1.09493;1.09791;1.10083;1.09371;1.1084014;-0.013471400000000022;58975.763333333336;0.8892805626535811;-0.26234047786046766;1.092625;56.241397513393146;0.0006915522633359483;-0.0010496863181671976;0.001741238581503146;75.58957385188246;73.79552012350605;1.086749;1.0987274037333634;1.0747705962666365;1.10188;1.07272;1.0873;13.673030235259672;25.822401566482267;15.506676825043773;0.011749999999999927;-0.015227942059754649
2020-05-22;45728;1.09032;1.09462;1.09537;1.08854;1.1082878;-0.01796780000000009;58904.86666666667;0.7763025805449958;-0.42103148146457325;1.092625;51.79172770288188;0.000756101649393992;-0.0006885287246549597;0.0014446303740489517;56.51634257343811;71.98931023323529;1.0871345;1.0990513728699882;1.0752176271300116;1.10188;1.07666;1.08927;13.576764539267609;24.328289079679383;18.98926592774411;0.006480000000000041;-0.010537562824713315
2020-05-25;30400;1.0897;1.08956;1.09146;1.08706;1.1081788666666668;-0.01847886666666687;58796.28666666667;0.5170394547591298;-0.056864039914894526;1.0939750000000001;51.204969405163304;0.0007485992977371847;-0.0004011031201765309;0.0011497024179137156;53.95117914770346;62.01903185767466;1.0874725;1.0992772649277516;1.0756677350722486;1.10188;1.07666;1.08927;13.244843887338531;23.38938313481317;19.554543949088725;0.009039999999999937;-0.006583049966892729
2020-05-26;52396;1.09825;1.08949;1.0996;1.08913;1.1081006333333332;-0.009850633333333247;58764.073333333334;0.891633221250338;0.7846196200789191;1.0939750000000001;58.23241254617723;0.0014162416228180597;-3.763417157761278e-05;0.0014538757943956724;89.3256102606536;66.59771066059837;1.0882865;1.1006912366356358;1.075881763364364;1.10188;1.07666;1.08927;13.924461914051323;28.28135126678561;17.79467890294271;0.013399999999999856;-0.0017434913276557443
2020-05-27;82519;1.10093;1.09817;1.1031;1.0934;1.1080330333333335;-0.007103033333333508;58863.05;1.4018811461517195;0.24402458456636023;1.1043300000000003;60.16882652829179;0.002136972884658528;0.00039728723966961534;0.0017396856449889125;91.5234375;78.26674230278566;1.088967;1.1025246533367505;1.0754093466632495;1.1031;1.07666;1.08988;14.918001692329213;28.92411979939704;16.32849772552048;0.019039999999999946;0.003965554146448523
2020-05-28;73647;1.10773;1.10037;1.10936;1.09918;1.1079907;-0.0002606999999998916;58941.73333333333;1.249488195121298;0.6176596150527347;1.1043300000000003;64.64739338637298;0.003219745549808195;0.0009617789016973313;0.0022579666481108637;94.88386691776586;91.91097155947314;1.0895955000000002;1.1052469951042871;1.0739440048957132;1.10936;1.07666;1.09301;16.419599514564364;31.698676148085568;14.937471550238715;0.027290000000000036;0.011224428487144321
2020-05-29;88484;1.11007;1.10767;1.11451;1.1066;1.1079466;0.0021233999999998865;59073.52333333333;1.4978622402577482;0.21124281187652194;1.11173;66.0615565128887;0.00421804612165122;0.0016130323456881091;0.002605013775963111;88.00324236692785;91.47018226156456;1.0901960000000002;1.1078888905495834;1.072503109450417;1.11451;1.07666;1.0955849999999998;18.228096171415583;33.92177002781575;13.943499341916226;0.028169999999999806;0.01960612486606835
2020-06-01;74541;1.11339;1.11137;1.1154;1.11005;1.1079178;0.005472200000000038;59173.81;1.259695801233475;0.2990802381831914;1.11173;68.01640140716536;0.005216964847492012;0.0023338188460488895;0.002883146001443122;94.69656992084474;92.5278930685128;1.0913465;1.111726130295949;1.070966869704051;1.1154;1.07666;1.0960299999999998;19.97635481038199;33.122663448280996;13.29892124125734;0.021970000000000045;0.028934509657691978
2020-06-02;81199;1.1169;1.11356;1.1196;1.11152;1.1079022;0.008997799999999945;59305.98;1.3691536671341795;0.31525341524532013;1.120135;69.98480976439156;0.006220140887994274;0.003111083254437967;0.0031090576335563074;93.58669833729235;92.0955035416883;1.093004;1.1158818280437544;1.0701261719562458;1.1196;1.07666;1.0981299999999998;21.91753991571097;34.44136557656007;12.368931391409921;0.024620000000000086;0.03906507030066231
2020-06-03;91995;1.12337;1.11692;1.12579;1.11667;1.1078937;0.015476299999999998;59485.64333333333;1.5465076083061253;0.5792819410869399;1.120135;73.2525807115837;0.007451345581971802;0.003979135719944734;0.003472209862027068;94.83898485817853;94.37408437210519;1.0951929999999999;1.1207402081449154;1.0696457918550843;1.12579;1.07666;1.101225;24.134260237379657;37.06047989824949;11.399914084500736;0.025560000000000027;0.05037573864041918
2020-06-04;99670;1.13355;1.12327;1.13623;1.11946;1.1079178333333335;0.025632166666666567;59671.5;1.6703116228012251;0.9062018747162615;1.1312750000000003;77.41834308179664;0.009143128797117095;0.005011934335379206;0.004131194461737889;95.26752604626522;94.56440308057869;1.0977115;1.1275892162949193;1.0678337837050806;1.13623;1.0775;1.106865;26.751103654372475;40.444065180316656;9.868863917130879;0.0386200000000001;0.06370860093758561
2020-06-05;98291;1.129;1.13369;1.13838;1.12784;1.107923;0.021077000000000012;59837.003333333334;1.6426457630646205;-0.4013938511755133;1.1312750000000003;72.01938081532526;0.010001441814143863;0.006009835831132139;0.003991605983011725;81.72252533125499;90.6096787452329;1.0999695;1.1320567874983185;1.0678822125016816;1.13838;1.0775;1.10794;29.280632071500158;38.77369595553468;9.046505874433661;0.03868000000000005;0.07686890799703916
2020-06-08;74109;1.1294;1.12924;1.132;1.12684;1.1079362;0.021463800000000033;59951.346666666665;1.2361523822315192;0.03542958370239546;1.131615;72.20290743740678;0.010591841564644877;0.006926236977834687;0.00366560458681019;82.50194855806707;86.4973333118624;1.1024065;1.1356404833754516;1.0691725166245485;1.13838;1.0775;1.10794;31.426856347342103;37.14195102956951;9.481372172516473;0.03970000000000007;0.08925576416633578
2020-06-09;85032;1.13383;1.12941;1.1364;1.12411;1.1079495666666666;0.02588043333333334;60080.35;1.4153046711609678;0.3922436692048725;1.131615;74.2196866677572;0.01128709103794745;0.007798407789857241;0.003488683248090209;91.13406079501159;85.11951156144453;1.1048555;1.1397316864170932;1.0699793135829068;1.13838;1.0775;1.10794;33.642153545558685;37.01135011711101;8.557621036558476;0.035579999999999945;0.10119645222970453
2020-06-10;98594;1.13757;1.13395;1.14226;1.13219;1.1079734666666667;0.02959653333333323;60282.61;1.6355297157834348;0.3298554457017433;1.133685;75.8150401236662;0.012001521924005498;0.008639030616686891;0.0033624913073186068;91.50362318840567;88.37987751382809;1.1076394999999999;1.1436104691139937;1.071668530886006;1.14226;1.0775;1.10988;35.964609611615096;38.688148865552215;7.8801646317301675;0.036640000000000006;0.11277982562248763
2020-06-11;137591;1.1298;1.13729;1.14037;1.12888;1.1079792666666666;0.021820733333333342;60574.68;2.2714275997822404;-0.6830348901606054;1.133685;66.5947829668716;0.01180466268175473;0.00927215702970046;0.002532505652054269;77.42753623188386;86.6884067384337;1.1101075;1.1450331569730614;1.0751818430269386;1.14226;1.0789;1.1105800000000001;37.44752867556669;35.25837248152196;9.735425932561972;0.022069999999999812;0.12200090600160687
2020-06-12;134118;1.12596;1.1294;1.13407;1.12127;1.1079661666666665;0.017993833333333598;60872.21;2.2032714107139855;-0.33988316516195827;1.1291150000000003;62.54637125997653;0.011209577375925761;0.009659641098945522;0.0015499362769802391;69.32053453792595;79.41723131940516;1.1123105;1.1453486055600952;1.0792723944399047;1.14226;1.0796;1.11093;37.445133741681275;31.868918052912566;14.514882935936601;0.015890000000000182;0.1283098998498193
2020-06-15;130575;1.13227;1.12333;1.13325;1.12263;1.1079971;0.024272900000000153;61121.653333333335;2.136313284718825;0.5604106717822965;1.1291150000000003;66.18423553745856;0.011118959801547756;0.009951504839465969;0.0011674549620817876;79.55382726156382;75.43396601045787;1.114353;1.1470213780436072;1.0816846219563927;1.14226;1.08706;1.11466;37.44290987450197;29.3480718945705;13.366748982123363;0.018880000000000008;0.13326474907248828
2020-06-16;112568;1.12636;1.13237;1.13534;1.1228;1.1080046666666665;0.0183553333333335;61418.69;1.8327971501831393;-0.521960309820102;1.125335;60.27870016990485;0.010449798342402339;0.010051163540053244;0.0003986348023490953;63.09192200557098;70.65542793502024;1.116057;1.1474735339272186;1.0846404660727815;1.14226;1.08706;1.11466;37.6096700475244;28.189080539232826;12.145122021953306;0.009460000000000024;0.13577939333602712
2020-06-17;106590;1.12431;1.12633;1.1294;1.12068;1.1080000333333333;0.01630996666666662;61708.89;1.727303796908075;-0.1820022017827383;1.125335;58.33432546814729;0.009642907759397357;0.009969512383922066;-0.00032660462452470916;49.6634885025235;64.10307925655276;1.117382;1.1478288044957121;1.086935195504288;1.14226;1.08706;1.11466;37.36895619232269;26.383375513296365;12.924489768820061;0.0009399999999999409;0.13591991493745448
2020-06-18;101303;1.12046;1.12439;1.12614;1.11855;1.1079923999999999;0.012467600000000134;61902.636666666665;1.6364892588579072;-0.34243224733391253;1.119115;54.76172265161636;0.008593715333859109;0.009694352973909475;-0.0011006376400503667;32.31915554175724;48.35818868328389;1.1186585;1.1473214804975012;1.0899955195024988;1.14226;1.08706;1.11466;36.75128964631076;24.88892347039746;13.782004678254589;-0.013090000000000046;0.13351643703312838
2020-06-19;95876;1.11777;1.12054;1.12542;1.11682;1.1080009333333334;0.009769066666666548;62032.41;1.5455791577335871;-0.24007996715635915;1.119115;52.34933042203101;0.007459177503778225;0.009247317879883227;-0.0017881403761050019;20.331815224462815;34.10481975624784;1.120031;1.1455961167804913;1.0944658832195087;1.14226;1.08706;1.11466;35.85863337100178;23.2798594047002;14.191514286726479;-0.011230000000000073;0.12877929157985132
2020-06-22;80544;1.12615;1.11824;1.12701;1.11686;1.1080438666666668;0.01810613333333322;62124.89333333333;1.2964851234081858;0.7497070059135691;1.1285100000000001;58.48488085408779;0.007153779745124655;0.008828610252931513;-0.0016748305078068577;37.045720984759406;29.898897250326474;1.1218535;1.1433891376966228;1.1003178623033774;1.14226;1.08913;1.115695;35.209424045431454;22.70165150507936;13.113927456344621;-0.003249999999999975;0.12391945804402828
2020-06-23;104337;1.13087;1.12579;1.13488;1.12332;1.1080984666666667;0.02277153333333337;62287.20333333333;1.6750952750538206;0.41912711450518003;1.1285100000000001;61.492433640124354;0.00720950765791617;0.008504789733928445;-0.0012952820760122746;55.22798742138383;37.535174543535334;1.1234845;1.1424047922546199;1.1045642077453801;1.14226;1.0934;1.11783;35.3933072904472;26.567742071988693;11.996652437836513;-0.0029599999999998516;0.11977695221707628
2020-06-24;97533;1.125;1.13077;1.13259;1.12484;1.1081202333333335;0.016879766666666463;62494.41;1.5606675861086519;-0.5190693890544495;1.1234100000000002;56.05376563109223;0.006702747388360519;0.00814438126481486;-0.0014416338764543409;32.1540880503146;41.4759321521526;1.124688;1.140527888383453;1.1088481116165467;1.14226;1.09918;1.12072;35.56405601796181;25.028220309503357;11.30148205207405;-0.01256999999999997;0.11501896032883188
2020-06-25;95464;1.12182;1.12504;1.12598;1.11905;1.1081212;0.013698800000000011;62638.903333333335;1.524036899113199;-0.2826666666666644;1.1234100000000002;53.30334550179302;0.0059756531898387255;0.007710635649819634;-0.0017349824599809088;19.65408805031482;35.6787211740044;1.1253924999999998;1.1392866395919383;1.1114983604080613;1.14226;1.1066;1.12443;34.6032619270591;23.705417784371605;15.119981109370705;-0.007979999999999876;0.10926883364075594
2020-06-26;69358;1.12185;1.12166;1.12394;1.11953;1.1081291333333334;0.013720866666666609;62719.32666666667;1.1058473310564179;0.0026742258116163597;1.1230550000000001;53.32661260863743;0.005340287043534175;0.007236565928562543;-0.0018962788850283678;19.772012578616604;23.86006289308199;1.1259815;1.1381146566791287;1.1138483433208712;1.14226;1.11005;1.126155;33.71109598550659;22.876807163388946;14.591469987978803;-0.004110000000000058;0.1028960094292896
2020-06-29;75665;1.12426;1.12148;1.12879;1.1211;1.1081528;0.016107199999999988;62802.25;1.2048135218083422;0.21482372866248323;1.1230550000000001;55.255371727764384;0.004973885794508748;0.006784029901751785;-0.001810144107243037;29.24528301886822;22.8904612159332;1.126525;1.1372448628722711;1.1158051371277289;1.14226;1.11152;1.12689;33.436196452183374;25.35254828757211;13.692669224490567;-0.008010000000000073;0.09660519062011362
2020-06-30;79189;1.12336;1.12416;1.12618;1.1191;1.1081631333333333;0.015196866666666642;62883.316666666666;1.2593006253113888;-0.0800526568587423;1.12424;54.352065767013684;0.004558341957870526;0.006338892312975534;-0.0017805503551050076;27.77070063694242;25.595998744809066;1.1268479999999998;1.1367461545754904;1.1169498454245093;1.14226;1.11667;1.1294650000000002;32.788411744041525;23.893290717193466;14.530487726972913;-0.0030000000000001137;0.09029329260732082
2020-07-01;77792;1.12512;1.12339;1.12752;1.11854;1.1081805666666666;0.016939433333333254;62985.94666666666;1.2350691561671268;0.15667283862697;1.12424;55.87133925803602;0.004321225368391746;0.005935358924058777;-0.0016141335556670317;44.81641468682469;33.94413278087843;1.1269355;1.1367396184713523;1.1171313815286479;1.14226;1.11682;1.12954;32.346958826535825;23.239374934287664;13.47135727935393;0.0008099999999999774;0.08437202779513499
2020-07-02;77360;1.12394;1.12508;1.13027;1.12234;1.1081964666666666;0.015743533333333337;63068.71;1.2265987365206572;-0.10487770193401413;1.1243400000000001;54.560211831422606;0.0039920744750006065;0.005546702034247144;-0.0015546275592465374;38.444924406047406;37.010679909938155;1.126455;1.1358486946937985;1.1170613053062015;1.14226;1.11682;1.12954;32.25921315326962;23.980913937765127;12.59807436587671;0.0034799999999999276;0.07859494461473027
2020-07-03;65448;1.12474;1.12392;1.12513;1.12193;1.1082149333333335;0.016525066666666532;63075.04666666667;1.0376211110213414;0.07117817677100291;1.1243400000000001;55.325644128260045;0.0037525166585263836;0.005187864959102992;-0.0014353483005766082;42.764578833693896;42.008639308855315;1.126242;1.1355882754078985;1.1168957245921014;1.14226;1.11682;1.12954;32.08622285354388;23.32385339833212;12.60394948069457;0.006970000000000143;0.07314985973744824
2020-07-06;72064;1.13089;1.12432;1.13456;1.12385;1.1082471999999999;0.022642800000000074;63078.693333333336;1.142445985987269;0.5467930366128915;1.129165;60.793293524128835;0.004012663478570655;0.004952824662996525;-0.0009401611844258697;77.90697674418539;53.03882666130888;1.1263165;1.1357852301683113;1.1168477698316885;1.14226;1.11682;1.12954;32.902160294997095;29.141302374794105;11.471107864815655;0.0047399999999999665;0.06909536755550703
2020-07-07;80272;1.12744;1.1309;1.13326;1.12588;1.1082606666666668;0.019179333333333215;63142.96666666667;1.271273813024105;-0.30506945856803025;1.129165;56.607794399250366;0.003895540178279644;0.0047413677660531495;-0.0008458275877735056;58.80398671096326;59.825180762947504;1.125997;1.1348406668865512;1.1171533331134487;1.14226;1.11682;1.12954;33.659816490632224;27.319163346751385;10.75384571000381;-0.003430000000000044;0.0654053347562577
2020-07-08;74963;1.13298;1.12727;1.13518;1.12621;1.1082957333333334;0.024684266666666677;63212.33666666667;1.1858919311160012;0.49137869864472883;1.1307300000000002;61.22442554112412;0.004201320610492942;0.0046333583349411085;-0.0004320377244481661;88.0174291939;74.90946421634953;1.1257674999999998;1.133575531442065;1.1179594685579346;1.14037;1.11682;1.128595;34.54085349941812;26.87171301581508;9.940281212494465;0.007980000000000098;0.06295860953601896
2020-07-09;89541;1.12848;1.13267;1.13708;1.12804;1.1083226666666668;0.02015733333333314;63354.236666666664;1.413338786971719;-0.3971826510618115;1.1307300000000002;56.011537718008576;0.004034039517662791;0.004513494571485445;-0.00047945505382265396;57.467853610286305;68.09642317171651;1.1257015;1.133393525155983;1.1180094748440168;1.13708;1.11682;1.12695;35.53170179174121;26.427519982429487;9.186028875665857;0.006659999999999888;0.060537813942500976
2020-07-10;74196;1.1299;1.12812;1.13248;1.1255;1.1083550666666666;0.021544933333333294;63426.89333333333;1.1697877051940582;0.12583297887422962;1.13209;57.248525119627054;0.0039702832253583065;0.004404852302260017;-0.0004345690769017108;61.27292340884474;68.91940207101034;1.1258985000000001;1.1338057201815988;1.1179912798184015;1.13708;1.11682;1.12695;35.809734296453684;24.859056844026934;10.800555384284303;0.00804999999999989;0.05836782912845986
2020-07-13;66137;1.13428;1.13045;1.13749;1.13008;1.1084117666666666;0.025868233333333324;63494.486666666664;1.041617996648994;0.38764492432958875;1.13209;60.90081046527783;0.004224488030813545;0.004368779447970723;-0.0001442914171571781;83.0606860158313;67.26715434498743;1.1259989999999998;1.134270301953156;1.1177276980468436;1.13749;1.11682;1.127155;36.56110452891432;27.533082499711742;10.098689757653561;0.010019999999999918;0.057108969386249535
2020-07-14;91381;1.13999;1.13435;1.14088;1.13252;1.1084926333333331;0.031497366666666915;63629.08666666667;1.436151370185506;0.5034030398138212;1.1405700000000003;65.08810665537925;0.0048310076016879755;0.004461225078714173;0.0003697825229738022;96.0161145926596;80.1165746724452;1.1266805;1.1369605884723966;1.1164004115276034;1.14088;1.11682;1.12885;37.5528108696461;28.464671052055955;9.375964821354724;0.016630000000000145;0.05739714008889953
2020-07-15;81264;1.14115;1.13948;1.14521;1.13894;1.1085746333333335;0.032575366666666605;63770.50666666667;1.2743194973306458;0.10175527855507127;1.1405700000000003;65.88736604167612;0.005343682392524807;0.0046377165414763005;0.0007059658510485062;84.77690288713927;87.95123449854339;1.1275225;1.1395055628388704;1.1155394371611296;1.14521;1.11682;1.131015;38.81145031105169;30.682941288338604;8.86361695113074;0.01603000000000021;0.058795618165168054
2020-07-16;81041;1.13822;1.1411;1.14416;1.13705;1.1086481666666665;0.029571833333333464;63881.62;1.2686121610564558;-0.25675853305876517;1.1403400000000001;62.02481580626818;0.005450721816770088;0.0048003175965350585;0.0006504042202350293;73.79077615298065;84.86126454425983;1.1284105;1.1407940026951318;1.1160269973048682;1.14521;1.11682;1.131015;39.50435554087792;28.763489196437853;9.97205442521809;0.01428000000000007;0.06024848661939279
2020-07-17;61357;1.14246;1.13834;1.14437;1.1375;1.1087395999999998;0.033720400000000206;63953.90666666667;0.9593940886174231;0.37251146527033097;1.1403400000000001;65.2037890272106;0.005810701743836688;0.005002394425995384;0.0008083073178413039;89.6887889013872;82.75215598050237;1.129645;1.1424547158438572;1.1168352841561429;1.14521;1.11686;1.131035;40.16656316267931;27.192366270076366;9.362590326264188;0.017719999999999958;0.0622938137849813
2020-07-20;94549;1.14478;1.1406;1.14679;1.14026;1.1088282;0.03595179999999987;64083.496666666666;1.4754032616507544;0.20307056702202342;1.1488200000000002;66.83952977505224;0.006211589701010212;0.005244233480998351;0.0009673562200118611;92.88495575221212;85.45484026885998;1.1305764999999999;1.1448589609574253;1.1162940390425744;1.14679;1.11854;1.132665;40.999695674533235;27.773333421801194;8.811342728779266;0.013889999999999958;0.06492660074917693
2020-07-21;110652;1.15286;1.14474;1.15398;1.14231;1.1089360333333333;0.04392396666666665;64303.10333333333;1.720787866588442;0.7058124705183522;1.1488200000000002;71.8098849576352;0.007099446764881057;0.005615276137774892;0.0014841706271061647;96.5054602184087;93.02640162400267;1.1316760000000001;1.1489516110167024;1.1144003889832979;1.15398;1.11854;1.13626;42.32469249204842;31.217422789788486;7.914499556264245;0.025419999999999998;0.06911422975078164
2020-07-22;131231;1.15703;1.15265;1.16015;1.1507;1.1090619666666668;0.047968033333333215;64667.16333333333;2.0293297747349217;0.3617091407456252;1.1583700000000001;73.97769804488982;0.008046805470023566;0.006101582004224627;0.0019452234657989387;91.8367346938775;93.74238355483276;1.1332775;1.1534725190641268;1.113082480935873;1.16015;1.11854;1.139345;43.92774582409415;33.99525151357787;7.2692746462911355;0.024049999999999905;0.07474599311969238
2020-07-23;122012;1.15971;1.15702;1.16269;1.15404;1.1092076333333334;0.05050236666666663;64922.956666666665;1.8793352346293515;0.2316275291046832;1.1583700000000001;75.29272098129653;0.008911125760718841;0.00666349075552347;0.0022476350051953706;92.32749742533476;93.5565641125403;1.135172;1.157687834961211;1.1126561650387892;1.16269;1.11854;1.140615;45.55242782541973;33.65076668609671;6.728547732282373;0.03123000000000009;0.08141364741177667
2020-07-24;119696;1.16556;1.15961;1.16583;1.15814;1.1093825;0.05617749999999999;65159.083333333336;1.8369810297614935;0.5044364539410706;1.1703450000000002;77.91614374613867;0.009953415153591605;0.0073214756351370975;0.0026319395184545074;99.33052318373421;94.49825176764881;1.1373574999999998;1.1625973128955136;1.112117687104486;1.16583;1.11854;1.142185;47.22097621076663;34.12820649493043;6.2812199939813365;0.035660000000000025;0.08933487143355931
2020-07-27;133433;1.17513;1.16425;1.17814;1.16404;1.1095898;0.06554020000000005;65472.95;2.037986679995015;0.8210645526613991;1.1703450000000002;81.39619673232687;0.011420013223180314;0.008141183152745741;0.003278830070434573;94.2819148936171;95.31331183422867;1.139901;1.169264481333122;1.110537518666878;1.17814;1.11854;1.1483400000000001;49.26098455022783;40.298923417268476;5.552337077169036;0.04085000000000005;0.09922738166891475
2020-07-28;134252;1.17168;1.17513;1.17737;1.16988;1.1097723666666668;0.06190763333333327;65721.68333333333;2.0427352616497636;-0.29358453958284736;1.1753550000000001;76.7035460423225;0.012163701018747863;0.008945686725946166;0.0032180142928016978;87.72796352583605;93.7801338677291;1.142317;1.173719640716995;1.110914359283005;1.17814;1.11854;1.1483400000000001;51.15527800829896;37.790267373773936;5.206697472360381;0.031689999999999996;0.10920515295067032
2020-07-29;126057;1.17903;1.1715;1.18062;1.17103;1.1099554333333332;0.06907456666666678;65949.19;1.911426053905755;0.6273043834494008;1.1753550000000001;79.42503262417904;0.013194069507938888;0.009795363282344711;0.0033987062255941766;97.11538461538466;93.04175434494591;1.1450125;1.1791809719441875;1.1108440280558125;1.18062;1.12193;1.151275;53.02388532385326;37.48190702336159;4.795105133479793;0.037879999999999914;0.11985363553543447
2020-07-30;130944;1.18468;1.17908;1.18484;1.17309;1.1101537666666668;0.07452623333333319;66177.02666666667;1.978692706451507;0.4792074841182936;1.181015;81.23933777434785;0.01430169075151655;0.010696628776179079;0.00360506197533747;99.70781592403225;94.85038802175097;1.1480495000000002;1.1848799637358916;1.1112190362641088;1.18484;1.12193;1.153385;54.89090798159406;37.33389663441298;4.342189176932225;0.046459999999999946;0.13121551837172166
2020-07-31;164138;1.17735;1.18471;1.19088;1.17616;1.1103381666666667;0.06701183333333316;66498.75333333333;2.4682868741495505;-0.618732484721618;1.181015;72.32845780989618;0.014421773597607102;0.011441657740464684;0.002980115857142418;76.81631254283748;91.21317102741811;1.15068;1.1879874019465424;1.1133725980534575;1.19088;1.12385;1.157365;56.790495722598116;37.75195293818699;3.851402241496308;0.034889999999999866;0.14102115814224095
2020-08-03;122504;1.17627;1.17708;1.17968;1.1696;1.1105006;0.06576939999999998;66678.92333333334;1.8372222266933467;-0.09173143075550394;1.1782700000000002;71.09115988906832;0.014265351057107134;0.012006396403793173;0.0022589546533139607;72.85900055731005;83.12770967472659;1.152949;1.1906834616498094;1.1152145383501906;1.19088;1.1255;1.1581899999999998;57.05911969349218;34.847321333586954;8.56227577525349;0.03149000000000002;0.14888482572554568
2020-08-04;115216;1.18027;1.17617;1.18062;1.17213;1.1106573000000002;0.06961269999999975;66859.93;1.7232444006444934;0.3400579798855663;1.1782700000000002;72.93766798082174;0.014299318000509098;0.012464980723136359;0.0018343372773727395;80.2898012260821;76.6550381087432;1.1555905000000002;1.1932086485323377;1.1179723514676627;1.19088;1.1255;1.1581899999999998;57.357835125102454;33.29631087399813;8.003709399372685;0.027409999999999934;0.15549412073712318
2020-08-05;110465;1.18641;1.18025;1.1905;1.17928;1.1108414333333334;0.07556856666666656;67077.57666666666;1.64682454986299;0.520219949672529;1.1870450000000001;75.5222219417294;0.014652775657014727;0.012902539709912033;0.0017502359471026942;91.6260771824654;81.5916263219525;1.1582620000000001;1.1966585991202485;1.1198654008797517;1.19088;1.1255;1.1581899999999998;58.092692878164556;37.94859628761758;7.323741465981641;0.02937999999999996;0.161715792630033
2020-08-06;139673;1.18768;1.1863;1.1916;1.1818;1.1110251333333332;0.07665486666666688;67360.1;2.0735272067585893;0.10704562503689452;1.1870450000000001;76.03210469021539;0.014864028514311123;0.013294837470791852;0.0015691910435192708;92.3646279703936;88.0935021263137;1.161222;1.199102637059072;1.123341362940928;1.1916;1.1255;1.15855;58.81995912723437;35.971036485487026;6.7817911961448845;0.02797000000000005;0.16729388669343828
2020-08-07;134599;1.17868;1.18762;1.18831;1.17553;1.1111917000000002;0.06748829999999972;67626.50666666667;1.9903290386330779;-0.7577798733665708;1.1761700000000002;65.6030316964428;0.014142200655904436;0.013464310107814369;0.0006778905480900668;73.78778656928377;85.92616390738091;1.1636609999999998;1.1993806108041674;1.1279413891958323;1.1916;1.13008;1.1608399999999999;58.21457730323591;32.584703457896005;10.761982106090324;0.01312000000000002;0.1703154353053773
2020-08-10;88973;1.17366;1.17869;1.18008;1.17362;1.1113450333333332;0.062314966666666693;67751.77666666667;1.3132201748409775;-0.42590015950045856;1.1761700000000002;60.60920811951024;0.013015045488709243;0.013374457183993344;-0.0003594116952841016;56.13691931540319;74.09644461836018;1.1656299999999997;1.1989125798279106;1.132347420172089;1.1916;1.13252;1.1620599999999999;57.28973797819515;30.996257923587738;11.678671537579206;-0.0014700000000000824;0.17029814493974238
2020-08-11;128434;1.17395;1.17373;1.18079;1.17222;1.1115211333333335;0.06242886666666658;67981.93333333333;1.889237238520937;0.02470902987237178;1.1762450000000002;60.794873575451305;0.012006761007417488;0.013100917948678173;-0.0010941569412606846;53.008519701810634;60.97774186216586;1.167328;1.19860994149987;1.1360460585001297;1.1916;1.13705;1.1643249999999998;56.16150899079607;28.978072622281235;11.981916687577758;0.0022699999999999942;0.16796445962461742
2020-08-12;126254;1.17854;1.17399;1.18166;1.17112;1.1117103666666666;0.06682963333333336;68273.68;1.8492338482411015;0.3909876911282417;1.1762450000000002;63.710406009712806;0.011446119194354898;0.012769958197813519;-0.0013238390034586208;60.96832038254616;56.70458646658665;1.1691975000000001;1.1983979108704204;1.1399970891295799;1.1916;1.13705;1.1643249999999998;54.89656729941907;26.677473536532638;11.859219114180549;-0.0004900000000001015;0.1646355186595679
2020-08-13;111301;1.18146;1.1784;1.18642;1.17763;1.1119172;0.06954280000000002;68416.34666666666;1.626818814840504;0.24776418280245682;1.1827500000000002;65.4696683936186;0.01110936427877185;0.012437839414005185;-0.0013284751352333358;63.20754716981122;59.06146241805599;1.1713594999999999;1.197284771435443;1.1454342285645567;1.1916;1.1375;1.16455;54.12234883561366;28.506119219164976;11.069907682043425;-0.0032200000000000006;0.16095590777041732
2020-08-14;99233;1.18404;1.18126;1.18505;1.17819;1.1121219;0.07191809999999998;68543.80666666667;1.4477310909001968;0.2183738763902321;1.1827500000000002;66.99226805588455;0.010924734481334797;0.012135218427471109;-0.0012104839461363117;65.63636363636361;63.27074372957366;1.1734385;1.1962409895790234;1.1506360104209767;1.1916;1.14026;1.16593;53.40343169065149;26.995998655157916;10.483475867042994;0.006690000000000085;0.15731906408769555
2020-08-17;85575;1.18701;1.18394;1.1881;1.18288;1.1123148333333333;0.07469516666666665;68571.39333333333;1.2479693913174221;0.2508361204013321;1.1900750000000002;68.70310141323064;0.010892506184410289;0.011886675978858946;-0.0009941697944486575;79.13636363636323;69.32675814751268;1.1755499999999999;1.1949070400630242;1.1561929599369756;1.1916;1.14231;1.166955;52.98915362139341;28.303784030643243;10.047307380702456;0.010739999999999972;0.15405785695325672
2020-08-18;112021;1.19314;1.18699;1.19658;1.1855;1.1125023;0.08063770000000003;68706.80333333333;1.6304207817166243;0.5164236190091209;1.1900750000000002;71.93625516063074;0.011232127818621374;0.011755766346811433;-0.0005236385281900593;87.24981467753933;77.34084731675539;1.1775639999999998;1.1953792916339188;1.159748708366081;1.19658;1.1507;1.17364;53.20147961954119;32.49238580529042;9.174744188199476;0.012870000000000159;0.1519182839966232
2020-08-19;117992;1.18392;1.1931;1.19527;1.18304;1.1126492333333333;0.07127076666666676;68927.58666666667;1.7118254926085166;-0.7727508926027138;1.1850200000000002;61.624479650750224;0.010634713112449345;0.011531555699939015;-0.0008968425874896699;53.076352853966306;73.15417705595628;1.1789085;1.194202440336016;1.1636145596639837;1.19658;1.15404;1.17531;52.86982588459697;29.451970329518957;10.198409233562653;-0.002489999999999881;0.14875501827601226
2020-08-20;123960;1.18612;1.18364;1.18687;1.18021;1.1128140333333334;0.07330596666666667;69095.48666666666;1.7940390317821349;0.18582336644368258;1.1850200000000002;62.98782740138772;0.010220958421147008;0.011269436244180614;-0.0010484778230336056;61.230541141586684;67.18556955769743;1.180229;1.1930201843080168;1.1674378156919831;1.19658;1.15814;1.17736;51.972475835291576;27.91983664226672;11.878393706803312;-0.0015600000000000058;0.14512166073210445
2020-08-21;105822;1.17956;1.186;1.18829;1.17542;1.1129563999999998;0.0666036000000001;69232.67333333334;1.528497960644758;-0.553063770950668;1.179145;56.53785924039977;0.009257008638261732;0.010866950722996838;-0.0016099420847351057;33.15003927729769;49.152311090950214;1.1809290000000001;1.1918243199127734;1.1700336800872269;1.19658;1.16404;1.18031;50.217855608164676;25.192478307084006;14.35373434130462;0.0008799999999999919;0.13993768228317888
2020-08-24;83966;1.17873;1.17892;1.18497;1.17844;1.1130957333333333;0.06563426666666672;69327.43333333333;1.211151141226747;-0.07036522092982445;1.179145;55.75985579484357;0.00833007352473869;0.010359575283345208;-0.0020295017586065174;29.890023566379046;41.42353466175446;1.1811089999999997;1.1917306682306346;1.170487331769365;1.19658;1.1696;1.18309;48.58856539726112;23.91593372217293;13.626406857946533;0.00507000000000013;0.13352837714784607
2020-08-25;105019;1.18339;1.17875;1.18438;1.17843;1.1132504666666667;0.07013953333333323;69501.03333333334;1.5110422818651361;0.3953407480932869;1.18321;59.15799901714023;0.007880650589360494;0.009863790344548266;-0.0019831397551877718;48.19324430479177;37.07776904948949;1.1816945;1.191426302453898;1.1719626975461022;1.19658;1.1696;1.18309;47.073627771699535;22.783099478158164;12.988921063799634;0.009439999999999893;0.12710017785888572
2020-08-26;94957;1.18303;1.18342;1.18394;1.17724;1.1134321999999999;0.06959780000000015;69620.03666666667;1.363932059597015;-0.03042107842722297;1.18321;58.78235764906724;0.007410012670310939;0.009373034809700802;-0.0019630221393898625;46.7792615868031;41.62084315265796;1.1818944999999998;1.1915632527117874;1.1722257472882123;1.19658;1.1696;1.18309;45.41460490374129;21.545505369999468;13.24815431303215;0.004490000000000105;0.12062659154228633
2020-08-27;157424;1.18217;1.183;1.1902;1.17626;1.1136107;0.06855929999999999;69980.78;2.2495319429131473;-0.07269469075171786;1.1864000000000003;57.83753489005216;0.0068882306805106985;0.008876073983862781;-0.0019878433033520826;43.40141398271794;46.12463995810426;1.1817689999999998;1.1913546745199122;1.1721833254800875;1.19658;1.1696;1.18309;44.6125649333917;24.080354159725434;11.810641960633786;0.0007099999999999884;0.11402111472006915
2020-08-28;139470;1.19063;1.18216;1.19199;1.18111;1.1138202000000001;0.07680979999999993;70288.70333333334;1.9842448841112517;0.7156331153725937;1.1864000000000003;63.97228236764083;0.007075800566786583;0.008516019300447542;-0.0014402187336609584;76.63000785545998;55.60356114166033;1.182433;1.1925285199965983;1.1723374800034019;1.19658;1.1696;1.18309;44.056459901995446;23.442794597600905;10.82351016363277;0.006590000000000096;0.10880638372636879
2020-08-31;114116;1.19363;1.18938;1.19661;1.1884;1.1140375333333332;0.07959246666666675;70589.44333333333;1.6166156667522076;0.2519674458060006;1.1924050000000002;65.86880390467127;0.007381437365814536;0.00828910291352094;-0.0009076655477064047;88.309140839545;69.44685422590763;1.183301;1.194089135890956;1.1725128641090439;1.19661;1.17112;1.183865;43.99288007891575;25.530807291269763;10.135127686246454;0.00662000000000007;0.10503214062106368
2020-09-01;136700;1.19118;1.19361;1.20115;1.19014;1.1142663333333334;0.07691366666666655;70878.09333333334;1.9286636190549433;-0.20525623518176106;1.1924050000000002;62.954227524876686;0.007341335856610565;0.008099549502138866;-0.0007582136455283016;61.25145744267383;75.3968687125596;1.1838465;1.195061308558408;1.172631691441592;1.20115;1.17112;1.186135;44.32356032334082;26.85194734854187;9.282507102513055;-0.001960000000000184;0.10176480684225696
2020-09-02;114938;1.18542;1.19117;1.19288;1.18222;1.1144796333333333;0.07094036666666659;71139.8;1.6156638056331876;-0.4835541228025986;1.185285;56.61195500810112;0.006766768168697146;0.007832993235450522;-0.001066225066753376;38.86513797123978;62.80857875115286;1.183797;1.1949747906583432;1.1726192093416568;1.20115;1.17112;1.186135;43.008544105372856;24.686531858722322;14.525410542064362;0.0014999999999998348;0.09781384863286338
2020-09-03;130747;1.18515;1.18545;1.18646;1.17891;1.1146943;0.0704556999999999;71445.06666666667;1.8300353838284384;-0.022776737358909394;1.185285;56.32550354373947;0.006217955670546171;0.007509985722469652;-0.0012920300519234807;37.81577924601634;45.97745821997665;1.1836705;1.1947262486857173;1.1726147513142828;1.20115;1.17112;1.186135;41.20874657238807;23.256070229656352;16.224106468746957;-0.0009700000000001374;0.09333959627617675
2020-09-04;134280;1.18379;1.18513;1.18655;1.17809;1.1148901333333334;0.06889986666666648;71706.81;1.8726254870350707;-0.11475340674176326;1.18253;54.820809622060516;0.005608624446404642;0.00712971346725665;-0.0015210890208520083;32.530120481927625;36.40367923306124;1.183926;1.1947422052496126;1.1731097947503875;1.20115;1.17112;1.186135;39.39548399243709;21.736195619623423;15.797251792185307;0.004229999999999956;0.08829911416069372
2020-09-07;63876;1.18127;1.18448;1.18487;1.18117;1.1150761666666666;0.0661938333333334;71734.97666666667;0.8904442848961374;-0.2128755944888705;1.18253;52.04634230548256;0.004866286599041425;0.006677028093613605;-0.0018107414945721803;22.73610571317577;31.027335147039903;1.1843065000000002;1.1941423472437183;1.174470652756282;1.20115;1.17112;1.186135;37.7117401681969;21.087106302381702;15.325512047129461;0.0025399999999999867;0.08250542303026649
2020-09-08;130512;1.17738;1.18124;1.18275;1.17656;1.1152438666666669;0.06213613333333323;72007.90333333334;1.812467714770502;-0.32930659375078886;1.17884;48.007327526659964;0.003918913224622456;0.006125405119815375;-0.0022064918951929195;7.617567042363706;20.961264412489026;1.184478;1.1936850681545081;1.1752709318454917;1.20115;1.17112;1.186135;35.32813681189678;20.010510448127427;18.3453692583049;-0.006009999999999849;0.0756502722925626
2020-09-09;113969;1.1803;1.17733;1.1834;1.17529;1.1154256;0.06487439999999989;72261.37666666666;1.5771772592391922;0.24800828959212762;1.17884;51.07649592088174;0.0033649436210221317;0.005573312820056727;-0.002208369199034595;19.373549883990563;16.575740879843337;1.1845659999999998;1.1935758998885535;1.175556100111446;1.20115;1.17529;1.1882199999999998;32.901858739809526;18.665891169613033;18.16490258015571;-0.0027300000000001212;0.06871998998318207
2020-09-10;138212;1.18147;1.18028;1.19174;1.17971;1.1156273666666667;0.06584263333333329;72568.01;1.9045857809795386;0.09912734050665506;1.1829650000000003;52.29172999494022;0.0029859082493006728;0.005055831905905517;-0.002069923656604844;23.897911832946928;16.963009586433724;1.1845665;1.1935757114528278;1.1755572885471723;1.20115;1.17529;1.1882199999999998;31.83318480740847;23.5767871521175;16.40405472589456;-0.0006999999999999229;0.06209882394089015
2020-09-11;96683;1.18446;1.1815;1.18742;1.18097;1.1158338666666667;0.06862613333333334;72759.82;1.328796580310214;0.25307455965872805;1.1829650000000003;55.34445567787758;0.002893434288558483;0.00462335238243611;-0.0017299180938776275;35.46017014694557;26.243877287961013;1.1845875000000001;1.1935936620572676;1.1755813379427327;1.20115;1.17529;1.1882199999999998;30.840844727321773;22.327103971168466;15.534560881883808;-0.006170000000000009;0.0563450367149451
2020-09-14;72998;1.18638;1.18347;1.1888;1.18321;1.1160294;0.07035060000000004;72809.93666666666;1.002582934993946;0.16209918443848004;1.1855200000000004;57.23671183666342;0.0029411719627510102;0.004286916298499091;-0.0013457443357480807;42.88476411446267;34.080948698118384;1.1845560000000002;1.193532407744848;1.1755795922551524;1.20115;1.17529;1.1882199999999998;30.102547156399435;22.438344636108233;14.802275183412775;-0.007249999999999979;0.0516275654162831
2020-09-15;81964;1.18466;1.18641;1.19006;1.18398;1.1162376333333333;0.06842236666666679;72897.24333333333;1.1243772226776307;-0.14497884320369137;1.1855200000000004;54.988743262104;0.00280784766802733;0.003991102572404739;-0.0011832549043774088;36.233565351895216;38.19283320443447;1.184132;1.1922018168505704;1.1760621831494296;1.20115;1.17529;1.1882199999999998;29.586254478126232;22.348623421475132;14.027732254111486;-0.006519999999999859;0.0474199562846936
2020-09-16;117867;1.18162;1.18469;1.18825;1.17878;1.1164401;0.06517989999999996;73162.86333333333;1.611022240381387;-0.2566137119511258;1.1831950000000002;51.16393787406311;0.0024288859252317163;0.003678659242970135;-0.0012497733177384185;24.477958236658733;34.532095901005526;1.184017;1.1921608371792263;1.175873162820774;1.20115;1.17529;1.1882199999999998;28.08005003794607;20.54534975013368;17.32647480418492;-0.0038000000000000256;0.0431378932944894
2020-09-17;127278;1.18477;1.18157;1.18524;1.17376;1.1166723;0.06809770000000004;73444.21;1.732988890478673;0.26658316548469063;1.1831950000000002;54.681431994683386;0.0023555810164861413;0.003414043597673336;-0.0010584625811871948;40.197152245345656;33.636225277966524;1.1839495000000002;1.1920447293977223;1.175854270602278;1.20115;1.17376;1.187455;26.307627881886283;18.587381400947294;19.842556932377235;-0.0003799999999998249;0.03942828480357629
2020-09-18;91478;1.18426;1.18477;1.18706;1.18264;1.1169067000000001;0.06735329999999995;73603.17666666667;1.2428539655872766;-0.043046329667362215;1.1807050000000001;54.003233513447576;0.0022306204068824886;0.003177358959515167;-0.0009467385526326783;38.335158817087134;34.336756433030494;1.1841845;1.1920252639297297;1.1763437360702702;1.20115;1.17376;1.187455;24.494826867113176;19.44604951256464;19.088291421735303;0.0004700000000001925;0.036099795069036725
2020-09-21;109554;1.17715;1.18398;1.18717;1.17318;1.117115;0.06003499999999984;73754.70333333334;1.485383237254137;-0.6003749176701212;1.1807050000000001;45.52589486179825;0.0015401171326130392;0.0028499105941347416;-0.0013097934615217024;20.152284263959487;32.89486510879742;1.1841055;1.192192473414186;1.176018526585814;1.20115;1.17318;1.1871649999999998;24.014376248590587;17.215433996496753;24.65523067181054;-0.0041200000000001236;0.03192173781723431
2020-09-22;119230;1.17048;1.17709;1.1773;1.16918;1.1173071666666665;0.05317283333333345;74013.22666666667;1.610928280926867;-0.5666227753472364;1.168255;39.29416338743365;0.00044949357433821113;0.0023698271901754354;-0.0019203336158372243;5.762411347517118;21.41661814285457;1.1834599999999997;1.1934979738992353;1.1734220261007642;1.20115;1.16918;1.185165;24.025172888185292;16.06367592699258;26.301427325261816;-0.006900000000000128;0.026188896521407132
2020-09-23;118571;1.16603;1.17074;1.17189;1.16514;1.1174788666666666;0.048551133333333274;74296.73;1.5959114216733907;-0.3801859066365987;1.168255;35.77566898670801;-0.0007650917613399866;0.0017428433998723512;-0.002507935161212338;3.345864661653522;9.753520091043367;1.18261;1.1952034475026385;1.1700165524973614;1.20115;1.16514;1.1831450000000001;24.457777656950068;15.15594183840504;28.197311191929884;-0.014270000000000005;0.018875055008184347
2020-09-24;118208;1.16682;1.16601;1.1687;1.16265;1.1176496666666667;0.049170333333333316;74538.84333333334;1.5858577181210727;0.06775125854394659;1.1649450000000001;36.856625857903936;-0.0016449510213574214;0.0010652845156263967;-0.002710235536983818;14.334822963217595;7.814366324129402;1.1818425;1.1961974571577798;1.16748754284222;1.20115;1.16265;1.1819;25.105354646522184;14.372028479641937;28.867628663865837;-0.014650000000000052;0.010911471251299668
2020-09-25;95542;1.16307;1.16722;1.16851;1.16122;1.1178344;0.04523560000000004;74637.69666666667;1.2800770155954777;-0.32138633208206313;1.1649450000000001;33.93672833882252;-0.002614698863008025;0.0003292878398995124;-0.0029439867029075373;6.061598951507611;7.914095525459566;1.1804644999999998;1.1963863899318408;1.1645426100681588;1.20115;1.16122;1.181185;25.846983242839645;13.468072234630485;28.285724245937296;-0.02139000000000002;0.002213060597966024
2020-09-28;82584;1.16667;1.16194;1.16802;1.16152;1.1180283333333334;0.048641666666666694;74634.86666666667;1.106506967699488;0.30952565193840265;1.1705000000000003;38.93798436408574;-0.003057496187799602;-0.00034806896564031054;-0.0027094272221592913;17.857142857143376;12.751188257289519;1.1791165;1.1949161750283548;1.163316824971645;1.20115;1.16122;1.181185;26.535638367991574;12.70099749324192;26.674709378111572;-0.019709999999999894;-0.00601351019680933
2020-09-29;85381;1.17433;1.16607;1.17455;1.16607;1.1182409333333334;0.05608906666666669;74620.73666666666;1.1441993715686345;0.6565695526584259;1.1705000000000003;47.964669247393424;-0.0027585197763082547;-0.0008301591277738994;-0.0019283606485343552;42.95543905635692;22.291393621669297;1.178274;1.193182622203329;1.163365377796671;1.19288;1.16122;1.17705;25.865561461374003;17.46534746554695;24.69834390658101;-0.01032999999999995;-0.012293112771289362
2020-09-30;116537;1.17181;1.17428;1.1755;1.16848;1.1184126666666667;0.0533973333333333;74729.51;1.5594508782405294;-0.21459044731890753;1.1731850000000001;45.5775998174288;-0.002693868516292941;-0.0012029010054777078;-0.0014909675108152332;36.71983356449413;32.51080515933147;1.1775935;1.1923772170901494;1.1628097829098505;1.19174;1.16122;1.17648;25.069622471367094;17.221682747489623;23.16802310292037;-0.009809999999999874;-0.017392733052013474
2020-10-01;120030;1.17456;1.17194;1.17698;1.17173;1.1185939666666667;0.05596603333333339;74858.83666666667;1.6034179175727323;0.2346796835664522;1.1731850000000001;48.58473212282927;-0.0023931432440156275;-0.0014409494531852918;-0.0009521937908303357;46.25520110957053;41.97682457680719;1.177064;1.1914812499458658;1.1626467500541344;1.19174;1.16122;1.17648;24.054729771217783;17.743035233470515;22.066834854390194;-0.010210000000000052;-0.02099465255346619
2020-10-02;128396;1.17162;1.17493;1.17493;1.16958;1.1187662333333335;0.052853766666666635;74971.69;1.71259311348034;-0.2503064977523395;1.1750350000000003;45.67877870343587;-0.0023647899025558416;-0.0016257175430594017;-0.0007390723594964399;36.06102635228917;39.6786870087846;1.1764555;1.1907122744950094;1.1621987255049908;1.19174;1.16122;1.17648;23.430821330657285;16.86341101573151;22.965151399146635;-0.012639999999999985;-0.023884515666599066
2020-10-05;78800;1.17845;1.17108;1.17976;1.17058;1.1189678666666667;0.0594821333333333;75004.92333333334;1.0505977007641252;0.582953517352025;1.1750350000000003;52.749352464220905;-0.001770783268619791;-0.0016547306881714797;-0.00011605258044831133;63.74398816130229;48.68673854105399;1.1763145;1.190433133751236;1.162195866248764;1.19174;1.16122;1.17648;21.96224302276962;19.86370042692542;21.037872103215687;0.0013000000000000789;-0.024996293486168292
2020-10-06;100929;1.17335;1.1782;1.18078;1.17319;1.1191453999999998;0.05420460000000005;75152.58333333333;1.3429877660003249;-0.43277186134329515;1.17482;47.75126169957992;-0.001692051196235278;-0.0016621947897842396;-2.9856406451038387e-05;46.74373795761044;48.84958415706729;1.176113;1.1902800040587815;1.1619459959412184;1.19174;1.16122;1.17648;20.422484192850725;19.416982865660877;19.575142492106977;0.002869999999999928;-0.025664319612543243
2020-10-07;90133;1.17629;1.17332;1.17819;1.1725;1.1193285;0.05696150000000011;75273.89333333333;1.1974005330221797;0.25056462266161983;1.17482;50.653955274251665;-0.0013765539748940014;-0.001605066626806192;0.00022851265191219062;58.07321772639714;56.18698128176995;1.1759125000000001;1.189949710371065;1.1618752896289353;1.19174;1.16122;1.17648;19.11476661037631;18.384980731097087;19.179253181711296;0.010260000000000158;-0.02546935173832109
2020-10-08;74160;1.17603;1.17602;1.17817;1.17329;1.1195248999999998;0.056505100000000086;75259.76333333334;0.9853871008274073;-0.022103392870820304;1.1795250000000002;50.38735679864513;-0.001134423058175127;-0.0015109379130799792;0.0003765148549048523;57.07129094412297;53.96274887604351;1.1756405;1.189445315790206;1.161835684209794;1.19006;1.16122;1.17564;17.90045742665007;17.52469719828913;18.281803468540108;0.00920999999999994;-0.024697591978425866
2020-10-09;73139;1.18302;1.17582;1.18309;1.17553;1.1197554666666667;0.06326453333333326;75266.96;0.9717278338329365;0.5943725925359189;1.1795250000000002;56.94773419183938;-0.0003741846127893744;-0.0012835872530218583;0.0009094026402324839;99.6799268404206;71.60814517031356;1.1755685;1.1892025342892893;1.1619344657107107;1.19006;1.16122;1.17564;17.377142981410657;20.96829690623715;16.95795418328246;0.019949999999999912;-0.02236556551749069
2020-10-12;59726;1.18119;1.18102;1.18268;1.17869;1.1199896666666669;0.06120033333333308;75193.74666666667;0.7942947738028932;-0.1546888471877006;1.1778700000000002;54.90093700235894;7.972510496623286e-05;-0.0010109247814242403;0.0010906498863904731;91.31229995427523;82.68783924627293;1.175309;1.1882920688206413;1.1623259311793586;1.19006;1.16122;1.17564;16.89120813940263;20.071784548817966;16.232906481514235;0.014519999999999866;-0.019346974833010653
2020-10-13;73435;1.17455;1.18109;1.18154;1.17306;1.1202082666666666;0.054341733333333364;75248.0;0.9759063363809037;-0.5621449555109681;1.1778700000000002;48.140010478243674;-9.524278117933882e-05;-0.00082778838137526;0.0007325456001959212;60.95107453132158;83.9811004420058;1.1748035000000001;1.1870576801439956;1.1625493198560046;1.18825;1.16122;1.174735;16.047476219268322;18.41152662273322;20.38182597148772;0.00021999999999988695;-0.01706068170382889
2020-10-14;75200;1.17469;1.17443;1.17711;1.17199;1.1204312;0.05425879999999994;75360.95333333334;0.9978642343783605;0.011919458516040926;1.1727150000000002;48.28461798432508;-0.0002200724038725621;-0.0007062451858747204;0.00048617278200215833;61.591220850480376;71.28486511202573;1.1744569999999999;1.1863058110796603;1.1626081889203395;1.18717;1.16122;1.174195;15.454923651533662;17.47183185390366;20.408192994755574;0.0028799999999999937;-0.015306939980395316
2020-10-15;80014;1.17074;1.17452;1.17579;1.16885;1.1206335;0.05010649999999983;75482.08;1.0600396809413493;-0.33625892788736733;1.1727150000000002;44.51322959286645;-0.0006304651577899723;-0.0006910891802577708;6.062402246779857e-05;42.74455261937803;55.09561600039333;1.1737555;1.1847061866908635;1.1628048133091364;1.18717;1.16122;1.174195;15.443137366952564;16.260391075727576;22.130294528795115;-0.0038200000000001566;-0.014610733345646013
2020-10-16;70165;1.17147;1.17071;1.17463;1.16942;1.1208435666666665;0.0506264333333335;75583.84;0.9283068973472467;0.06235372499445724;1.17428;45.36259192518422;-0.0008865795358419248;-0.0007301872513746017;-0.00015639228446732317;31.727379553466864;45.354384341108414;1.173116;1.1829779215166942;1.1632540784833059;1.18717;1.16122;1.174195;15.432192959841545;15.397272470673956;20.955595294676925;-0.0001500000000000945;-0.01450373197251797
2020-10-19;70775;1.17709;1.17158;1.17938;1.17032;1.1210741;0.05601590000000001;75647.08666666667;0.9355945234461637;0.47973913117707045;1.17428;51.51580403496691;-0.0006288163900323163;-0.0007099130791061445;8.109668907382828e-05;58.93223819301848;44.46805678862112;1.173113;1.1829700464136796;1.1632559535863205;1.18309;1.16122;1.172155;14.38945912220036;18.74555123865986;19.060825888775;-0.0013600000000000279;-0.013835637124135504
2020-10-20;69151;1.18224;1.17684;1.18408;1.17599;1.1213006666666667;0.060939333333333234;75646.16;0.914137611215042;0.43751964590643677;1.1841750000000002;56.36532800012359;-8.872997845132957e-06;-0.0005697050628539422;0.0005608320650088092;87.9185817465525;59.52606649767929;1.173701;1.184239134370061;1.1631628656299393;1.18408;1.16122;1.17265;14.150981337199264;21.89334834845487;17.53609157779682;0.008890000000000065;-0.011938591898454861
2020-10-21;86062;1.18611;1.18212;1.18808;1.18182;1.1215545999999998;0.06455540000000015;75635.56666666667;1.1378509316823429;0.327344701583443;1.1841750000000002;59.63282841896921;0.000785656702561921;-0.00029863270977076957;0.0010842894123326906;89.75559022360885;78.8688033877266;1.1747049999999999;1.1859321109374357;1.163477889062564;1.18808;1.16122;1.17465;14.548967683215924;24.51836483227495;16.440194177448898;0.00981999999999994;-0.00863368450397101
2020-10-22;73595;1.18187;1.18618;1.18669;1.18113;1.1217974333333331;0.06007256666666683;75686.93333333333;0.9723607069118528;-0.357471060862824;1.1840050000000002;54.79178518056114;0.0010609645111137045;-2.671326559387476e-05;0.0010876777767075793;67.70670826833062;81.79362674616398;1.1754575;1.1864854551595716;1.1644295448404285;1.18808;1.16122;1.17465;14.766399762593005;23.135435726910007;16.21287994278895;0.005840000000000067;-0.005213952697918414
2020-10-23;70037;1.18614;1.18173;1.18648;1.17868;1.1220586000000001;0.06408139999999984;75744.36666666667;0.9246496219079539;0.3612918510496055;1.1840050000000002;58.45001608840364;0.0016051975290831688;0.00029966889334153394;0.001305528635741635;89.91159646385832;82.45796498526592;1.1766109999999999;1.1870238130685975;1.1661981869314022;1.18808;1.16152;1.1748;14.433329070881538;21.318769885593444;17.40622486319452;0.0031200000000000117;-0.0011453863165691678
2020-10-26;69503;1.18092;1.18532;1.18599;1.18034;1.1223095;0.0586104999999999;75791.78333333334;0.9170255262937362;-0.44008295816683196;1.1802300000000001;52.822695855769744;0.00159688781348577;0.0005591126773703812;0.0010377751361153888;62.766510660426285;73.46160513087173;1.1773235;1.1868284908470015;1.1678185091529985;1.18808;1.16607;1.1770749999999999;14.124049142863743;20.057543128198585;16.376465798271745;-0.00026999999999999247;0.0023187419237380223
2020-10-27;58619;1.17954;1.18081;1.18389;1.17929;1.1225778666666666;0.05696213333333344;75799.74;0.77334038348934;-0.11685804288181778;1.1802300000000001;51.41344923291272;0.001462093730741465;0.000739708888044598;0.000722384842696867;55.590223608944584;69.42277691107638;1.177584;1.1870319508890337;1.1681360491109662;1.18808;1.16848;1.17828;13.59553278029585;19.09279263072583;16.68668700438666;0.00499000000000005;0.004995214323149104
2020-10-28;82850;1.17462;1.17956;1.17971;1.17179;1.1228377333333333;0.05178226666666674;75957.43666666666;1.0907424425546364;-0.4171117554300885;1.1709650000000003;46.63637563678804;0.0009473451618591255;0.0007812361428075035;0.00016610901905162205;30.00520020800847;49.45397815912644;1.1777244999999998;1.1869045903591193;1.1685444096408804;1.18808;1.16885;1.178465;13.599856967890338;17.52943866739478;23.074316461575563;-7.00000000000145e-05;0.0062025091872496795
2020-10-29;88076;1.16731;1.17459;1.1759;1.16503;1.1230709333333333;0.04423906666666677;76047.50666666667;1.1581707785114552;-0.6223289233964979;1.1709650000000003;40.60033970775825;-4.9877735833314674e-05;0.0006150133670793399;-0.0006648911029126546;9.891540130152096;31.828987982368375;1.177362;1.1875324465979418;1.1671915534020583;1.18808;1.16503;1.176555;14.568321826208717;15.636966834698082;27.297178812466438;-0.003429999999999822;0.005148541231388278
2020-10-30;88189;1.16454;1.16739;1.17044;1.16401;1.1232745666666666;0.04126543333333332;76154.85;1.1580221089003315;-0.2372977186865688;1.164285;38.56352810706362;-0.0010515779806254955;0.00028169509753837277;-0.0013332730781638682;2.20191109264611;14.032883810268887;1.1770079999999998;1.1883756446109812;1.1656403553890184;1.18808;1.16401;1.176045;15.59654471734731;14.630744498970627;26.561410563501504;-0.006930000000000103;0.002155648848389925
2020-11-02;73462;1.16403;1.16464;1.16558;1.16223;1.1234765333333334;0.04055346666666648;76200.94666666667;0.9640562645677152;-0.04379411613169015;1.164285;38.18371109038275;-0.0018650858307547313;-0.00014766108812024807;-0.0017174247426344834;6.963249516440258;6.352233579746151;1.1762869999999999;1.1889524571177492;1.1636215428822505;1.18808;1.16223;1.1751550000000002;16.77711357590156;14.1209174537542;27.48737794424597;-0.013060000000000072;-0.002096229206634359
2020-11-03;63989;1.17202;1.16406;1.17398;1.16276;1.1237081666666666;0.04831183333333344;76221.50666666667;0.8395137120528136;0.6864084258996872;1.1721650000000001;46.99215326770572;-0.0018438160742380028;-0.00048689208534379903;-0.0013569239888942038;37.87234042553189;15.679167011539414;1.1762205;1.1889606875575496;1.1634803124424502;1.18808;1.16223;1.1751550000000002;16.132721545969755;20.903342494904244;24.418320816163096;-0.010219999999999896;-0.005679148151326753
2020-11-04;180329;1.17231;1.17128;1.17709;1.16029;1.1239337999999999;0.04837620000000009;76675.76666666666;2.351838238330535;0.02474360505793083;1.1721650000000001;47.28575598007504;-0.0017830056829584162;-0.0007461148048667225;-0.0010368908780916937;43.25296869377448;29.362852878582203;1.1760214999999998;1.1888749591064638;1.1631680408935359;1.18808;1.16029;1.174185;15.007112965629156;20.538475532349924;20.692763414467855;-0.013800000000000034;-0.008601136173757995
2020-11-05;123020;1.18269;1.17248;1.18598;1.17109;1.1241952333333332;0.058494766666666864;76935.72;1.5989971888218375;0.8854313278910952;1.185105;56.560268147145706;-0.0008870088728909487;-0.0007742936184715678;-0.00011271525441938085;80.60453400503775;53.90994770811469;1.1763545;1.1895325734176718;1.1631764265823281;1.18808;1.16029;1.174185;15.15704036686984;25.51712264662289;18.062372172483602;0.0008200000000000429;-0.009215578184938891
2020-11-06;116744;1.18752;1.18243;1.18911;1.17954;1.1244834666666665;0.06303653333333337;77179.09333333334;1.512637619306725;0.4083910407630009;1.185105;60.07983993066861;0.000210390438391439;-0.0005773568070989666;0.0007877472454904056;94.48299791811246;72.78016687230821;1.1765795;1.1903456548371925;1.1628133451628073;1.18911;1.16029;1.1747;15.663015600228094;26.098509141044456;16.601688911185654;0.0013799999999999368;-0.007437656028112176
2020-11-09;151136;1.18135;1.18893;1.19201;1.17954;1.1247333666666666;0.05661663333333333;77426.59666666666;1.9519907435767074;-0.5195701967124822;1.1815350000000002;54.05480320170756;0.0005755848795570007;-0.0003467684697677731;0.0009223533493247737;66.39344262295043;80.49365818203354;1.1765875;1.190364544494432;1.1628104555055678;1.19201;1.16029;1.17615;16.456146826099392;25.80879598147055;14.90972848933699;0.00042999999999993044;-0.005142469822759512
2020-11-10;126986;1.18172;1.1813;1.18433;1.17799;1.1249817666666666;0.0567382333333335;77668.16333333333;1.6349813688137553;0.031320099885734365;1.1815350000000002;54.35044695350467;0.0008846621781390951;-0.00010048234018639947;0.0009851445183254946;67.55989911727642;76.14544655277977;1.1769459999999998;1.190864731838841;1.1630272681611586;1.19201;1.16029;1.17615;16.89908982808378;24.44474403376794;15.41384456639568;0.0021800000000000708;-0.0025278043139122445
2020-11-11;75986;1.17788;1.1814;1.18327;1.17455;1.1252400333333334;0.05263996666666659;77744.23;0.9773844309730797;-0.3249500727752874;1.1792200000000002;50.703881765421826;0.0008104103502117876;8.169619789323797e-05;0.0007287141523185497;55.45397225725098;63.1357713324926;1.1771055000000001;1.1909902361876838;1.1632207638123164;1.19201;1.16029;1.17615;16.68037882366493;22.670034596162306;17.158856817125397;0.0032600000000000406;-0.0004440044733064055
2020-11-12;79623;1.18056;1.17768;1.18232;1.17586;1.1254845333333334;0.05507546666666663;77816.86666666667;1.0232100495778091;0.22752742214826593;1.1792200000000002;53.070431707464984;0.0009567895693545214;0.0002567148721854947;0.0007000746971690267;63.90290037831031;62.30559058427923;1.1775965000000002;1.1912385075869205;1.1639544924130798;1.19201;1.16029;1.17615;16.477290033847428;21.428836576488884;16.21939909327697;0.013249999999999984;0.0016402733523425259
2020-11-13;62295;1.18325;1.18047;1.18374;1.1799;1.1257522666666666;0.0574977333333333;77837.18333333333;0.8003244379131396;0.22785796571118677;1.18432;55.38558789532012;0.0012751574525080578;0.0004604033882500073;0.0008147540642580505;72.38335435056712;63.91340899537613;1.1781854999999999;1.1917354925830832;1.1646355074169166;1.19201;1.16029;1.17615;16.493530007495398;21.955400494617752;15.670179219054045;0.018710000000000004;0.00407855606549503
2020-11-16;73957;1.18539;1.18402;1.18689;1.18143;1.1260233333333334;0.05936666666666657;77894.79666666666;0.9494472437802608;0.18085780688781306;1.18432;57.1947478752225;0.0016807715210469532;0.0007044770148093966;0.0009762945062375566;79.12988650693545;71.80538041193762;1.1786005;1.1924948995552749;1.164706100444725;1.19201;1.16029;1.17615;16.94679802356981;23.71705323589053;14.897716900902827;0.021360000000000046;0.006996288473775202
2020-11-17;62701;1.18611;1.18505;1.18938;1.18427;1.1263038333333333;0.059806166666666716;77923.23;0.804650936569133;0.06073950345455437;1.1857750000000002;57.814570857872354;0.002036842127212113;0.0009709500372899398;0.0010658920899221731;81.39974779319034;77.6376628835643;1.178794;1.192990263452107;1.1645977365478928;1.19201;1.16029;1.17615;17.692852186782932;24.900878423087853;14.19257352089458;0.014089999999999936;0.010215301786958429
2020-11-18;68757;1.18544;1.1861;1.18909;1.18492;1.1265909666666667;0.058849033333333356;77976.15;0.881769618017704;-0.05648717235331446;1.1857750000000002;56.98762295900609;0.002239155654809366;0.0012245911607938252;0.0010145644940155408;79.2875157629257;79.93905002101717;1.1787604999999999;1.1928905565816852;1.1646304434183146;1.19201;1.16029;1.17615;18.385616766909404;23.906451944981626;13.625787455686492;0.013130000000000086;0.01336612646059049
2020-11-19;71494;1.18735;1.18525;1.18825;1.18164;1.1268753999999999;0.060474600000000045;78032.94333333333;0.9162027849518621;0.16112160885408677;1.186575;58.79693555712828;0.002524510633356236;0.0014845750553063074;0.0010399355780499287;85.30895334173987;81.99873896595197;1.1790345;1.1936009099558416;1.1644680900441584;1.19201;1.16029;1.17615;18.276565748918085;22.380707126851206;15.923104812461661;0.0046599999999998865;0.016626146485962046
2020-11-20;62068;1.1858;1.18743;1.1891;1.18499;1.1271805000000001;0.058619499999999825;78054.97;0.7951831894880242;-0.1305428054069968;1.186575;56.71206711959336;0.0025956632731483076;0.0017067926988747076;0.0008888705742736;80.42244640605279;81.67297183690611;1.1790175;1.193551457306998;1.164483542693002;1.19201;1.16029;1.17615;18.309243230452296;22.311056686427104;15.27050748034337;-0.0017199999999999438;0.019528791390033228
2020-11-23;71121;1.1841;1.18526;1.19059;1.17999;1.1274875666666668;0.0566124333333331;78109.23666666666;0.9105325187532141;-0.14336313037611736;1.186685;54.43233995629324;0.002486216899502347;0.0018626775390002356;0.0006235393605021114;75.06305170239568;80.26481715006277;1.1791765;1.1938590491997012;1.164493950800299;1.19201;1.16029;1.17615;17.279346677945444;20.030890392628166;18.530582448321194;0.00275000000000003;0.021746510810321903
2020-11-24;71814;1.18927;1.18405;1.18959;1.18356;1.1278046;0.061465400000000114;78173.40333333334;0.9186500387321521;0.43661852884047114;1.186685;59.73357192117257;0.0027845570124631625;0.0020470534336928213;0.0007375035787703411;86.90248565965604;80.79599458936816;1.1796630000000001;1.1949920522864808;1.1643339477135195;1.19201;1.16029;1.17615;16.323014164903366;18.850654173339457;17.43874558329231;0.007549999999999946;0.024224717982767784
2020-11-25;78368;1.19139;1.18914;1.19298;1.18819;1.1281427666666668;0.06324723333333315;78273.99666666667;1.0012009522616256;0.1782606136537357;1.191345;61.70116654643519;0.0031556832318775374;0.0022687793933297644;0.000886903838547773;91.37276180141083;84.44609972115417;1.1805015;1.1964572403777352;1.164545759622265;1.19298;1.16029;1.176635;16.049420791611414;21.342175043833254;16.60192928897672;0.013509999999999911;0.02707413943237121
2020-11-26;45195;1.1913;1.19157;1.19409;1.18853;1.1284698;0.06283020000000006;78224.26666666666;0.5777618880414888;-0.007554201394999183;1.191345;61.563633173195;0.0034033099481496354;0.002495685504293739;0.0009076244438558966;85.72159672466707;87.99894806191132;1.181701;1.1971071298190596;1.1662948701809401;1.19409;1.16029;1.17719;15.986603434517914;21.264185809383683;15.662426866936402;0.010739999999999972;0.029980670854721354
2020-11-27;51941;1.19609;1.19126;1.19637;1.19066;1.1288037;0.06728630000000013;78216.06;0.6640707803486057;0.40208175942249014;1.1943300000000001;65.91793302549779;0.003940643586845205;0.002784677120804032;0.0011559664660411731;98.71677360220056;91.9370440427595;1.1832785000000001;1.1977665464867344;1.1687904535132658;1.19637;1.16029;1.1783299999999999;16.312356882202508;22.363613043216205;14.739898284005312;0.012840000000000185;0.0335344907741174
2020-11-30;78355;1.19257;1.19611;1.20034;1.19239;1.1291244;0.06344559999999988;78273.12;1.001046080697818;-0.29429223553413264;1.1943300000000001;60.49439173383368;0.004035926140389057;0.003034926924721037;0.0010009992156680197;69.87204342768491;84.77013791818418;1.1847055000000002;1.196743922612694;1.1726670773873065;1.20034;1.16029;1.180315;17.217748167953378;24.601166915920896;13.54377433112011;0.007179999999999964;0.03671840339513957
2020-12-01;82371;1.2072;1.19256;1.20766;1.19242;1.1294889666666668;0.07771103333333329;78365.10333333333;1.0511183740754695;1.2267623703430486;1.2093800000000001;71.12731874261684;0.005231649780454539;0.0034742714958677376;0.0017573782845868016;98.55345911949716;89.04742538312753;1.1864645;1.200661803229905;1.172267196770095;1.20766;1.16029;1.183975;18.942063065318028;27.963151857051706;11.600397220987146;0.021090000000000053;0.04186729758310247
2020-12-02;88374;1.21156;1.20688;1.21185;1.20401;1.1298706666666665;0.0816893333333335;78515.88333333333;1.1255556996640224;0.3611663353213945;1.2093800000000001;73.42307441726847;0.006456656623463841;0.004070748521386959;0.0023859081020768825;99.09233176838772;89.17261143852325;1.1884270000000001;1.2049207759170524;1.1719332240829479;1.21185;1.17109;1.19147;20.94939170312778;29.839549165329554;10.746145486486302;0.02611999999999992;0.048746351216413214
2020-12-03;80825;1.21479;1.21152;1.21746;1.21012;1.1302680333333333;0.08452196666666678;78587.86666666667;1.0284666504921418;0.266598435075438;1.21344;75.0084510081733;0.007600503504756384;0.004776699518060844;0.00282380398669554;92.87429943955175;96.84003010914553;1.190032;1.2098854496751066;1.1701785503248934;1.21746;1.17455;1.196005;23.277338307976795;33.059693682888444;10.003423397780386;0.02744000000000013;0.05692152636285221
2020-12-04;85237;1.21209;1.21437;1.21776;1.21102;1.1306513333333335;0.08143866666666644;78717.06666666667;1.0828274427568758;-0.22226063764108073;1.21344;71.18578040602289;0.008194679796313054;0.005460295573711286;0.002734384222601767;84.98808578236674;92.31823899676873;1.1912605;1.213264400995097;1.169256599004903;1.21776;1.17455;1.196155;25.462282098482785;31.22945774190009;9.36345535430112;0.026289999999999925;0.0650479623873232
2020-12-07;82759;1.2109;1.21298;1.21663;1.20786;1.1310190666666666;0.07988093333333346;78757.21333333333;1.050811684381454;-0.0981775280713304;1.2106800000000004;69.50451008424434;0.008471887092589059;0.0060626138774868416;0.0024092732151022173;81.83743711940723;86.56660744710855;1.1927379999999999;1.2158234504829788;1.169652549517021;1.21776;1.17455;1.196155;26.681065160456395;28.66016981085831;11.557505054633092;0.026800000000000157;0.07246150714224713
2020-12-08;80209;1.21046;1.21091;1.2134;1.20954;1.1313755;0.0790845;78781.80666666667;1.0181157730916446;-0.03633660913370251;1.2106800000000004;68.85694644647018;0.008557426859271411;0.006561576473843755;0.0019958503854276555;80.67249139528755;82.4993380990205;1.194175;1.2179071035730533;1.1704428964269467;1.21776;1.17455;1.196155;27.81279228943189;27.58448363626237;11.123723661077586;0.021190000000000042;0.07885819719827683
2020-12-09;78139;1.20814;1.21023;1.21473;1.20588;1.1317272999999999;0.07641270000000011;78904.77;0.990295010048063;-0.1916626736943039;1.2111500000000002;65.39716714978672;0.008341853435910984;0.006917631866257202;0.0014242215696537823;74.53005030447446;79.0133262730564;1.195688;1.2189249297456048;1.1724510702543953;1.21776;1.17586;1.19681;27.946523966232604;25.244985997890673;13.687780375719907;0.016750000000000043;0.0837563021147267
2020-12-10;97140;1.21416;1.20799;1.2159;1.20746;1.1320970666666668;0.08206293333333314;79020.5;1.229301257268528;0.4982866224112925;1.2111500000000002;69.65751424128126;0.008558120942555814;0.007245729681516925;0.0013123912610388888;90.46862589356616;81.89038919777605;1.197368;1.220844306864629;1.173891693135371;1.21776;1.1799;1.19883;28.221789499167265;24.33296444651643;12.591041432387826;0.02285999999999988;0.08826513306611805
2020-12-11;79388;1.21138;1.2136;1.21629;1.21054;1.1324443666666666;0.07893563333333331;79067.58333333333;1.0040524403699784;-0.22896488107003732;1.212845;65.6384527497234;0.008408266471208625;0.007478237039455266;0.0009300294317533594;81.34502923976594;82.11456847926884;1.1987745;1.2220688696845887;1.1754801303154114;1.21776;1.17999;1.1988750000000001;28.52943574177588;23.358518628075466;11.891950892698665;0.015289999999999804;0.09168300367268506
2020-12-14;69303;1.21431;1.21349;1.21768;1.21157;1.1327839666666668;0.08152603333333319;79093.77666666667;0.876213058987716;0.24187290528159267;1.212845;67.75042488321223;0.008428770615068082;0.00766834375457783;0.0007604268604902518;88.33276969901938;86.71547494411715;1.2002205;1.2236022317365998;1.1768387682634;1.21776;1.17999;1.1988750000000001;29.004942033177063;23.27889371307871;11.160772394224455;0.021740000000000093;0.09452242908903716
2020-12-15;68454;1.21528;1.21438;1.2169;1.21215;1.1331121666666666;0.08216783333333333;79157.99;0.8647768848096238;0.0798807553260561;1.21761;68.44196008265799;0.008426159666637956;0.007819906936989855;0.0006062527296481005;91.51556619911034;87.0644550459652;1.201679;1.2249970821681881;1.1783609178318117;1.21776;1.17999;1.1988750000000001;29.44648358947816;22.171983013659194;10.6300780008731;0.008079999999999865;0.09682246121421777
2020-12-16;83640;1.21994;1.21497;1.22123;1.21251;1.1334620333333334;0.08647796666666663;79294.97666666667;1.0547956947082286;0.38345072740439967;1.21761;71.59339597376695;0.008699827331923204;0.007995891015976525;0.000703936315946679;95.78017664376836;91.87617084729936;1.2034040000000001;1.2267659831350517;1.1800420168649486;1.22123;1.17999;1.2006100000000002;30.433229420392337;24.533643913006152;9.716649912670249;0.008380000000000054;0.09923408234011995
2020-12-17;72206;1.22669;1.21988;1.22728;1.21901;1.1338427333333332;0.09284726666666687;79384.05;0.909578183526677;0.5533059002901908;1.2260950000000002;75.42205402847867;0.009353557527438383;0.008267424318268896;0.0010861332091694868;98.3089710518777;95.20157129825213;1.205371;1.2296033600997198;1.1811386399002801;1.22728;1.17999;1.203635;31.989278638952772;28.45659771478351;8.932689957650222;0.011900000000000022;0.1025240896693645
2020-12-18;66102;1.2255;1.22673;1.22711;1.22256;1.1342176666666666;0.09128233333333347;79476.66;0.8317158773404881;-0.09700902428486646;1.2260950000000002;73.54022531448892;0.009664217281446508;0.008546782910904419;0.0011174343705420888;94.8938611589217;96.32766961818925;1.207356;1.2313534351963404;1.1833585648036598;1.22728;1.17999;1.203635;33.434181484758895;27.15831089015205;8.525150244126769;0.013410000000000144;0.10585612161304167
2020-12-21;115986;1.22435;1.22199;1.22529;1.21296;1.1345971666666665;0.0897528333333335;79694.89333333333;1.4553755598223876;-0.09383924928600962;1.220315;71.67895703881977;0.009705740253601824;0.0087785743794439;0.0009271658741579238;87.40868070477056;93.53717097185665;1.2093685;1.231935448641822;1.1868015513581782;1.22728;1.18356;1.20542;32.328275766617395;23.919335757685865;16.638580788587827;0.013449999999999962;0.10867009980749101
2020-12-22;86585;1.21628;1.2241;1.2257;1.21521;1.1349581;0.08132190000000006;79866.08333333333;1.0841272839011449;-0.6591252501327305;1.220315;60.17025717055944;0.008983905086445754;0.00881964052084427;0.0001642645656014831;48.59813084112164;76.96689090160463;1.2107189999999999;1.231473170568892;1.1899648294311078;1.22728;1.18819;1.207735;31.361421103519124;21.97794610196111;15.024358192914274;0.005819999999999936;0.1094776719997904
2020-12-23;82058;1.21861;1.2162;1.22211;1.21539;1.1353202;0.08328979999999997;80034.35333333333;1.0252847256505988;0.19156773111455028;1.2183450000000002;62.06413370263677;0.008501852974440949;0.008756083011563607;-0.0002542300371226585;59.48598130841116;65.16426428476778;1.21208;1.2310815220443707;1.1930784779556294;1.22728;1.18853;1.207905;30.463627487785015;20.59922479388751;14.08184961251273;0.01046999999999998;0.10907334760907682
2020-12-24;40165;1.21808;1.21853;1.22156;1.21772;1.1356769;0.08240310000000006;80040.02;0.5018114688126637;-0.043492175511439246;1.2183450000000002;61.349538506484166;0.007985010402648651;0.008601868489780616;-0.0006168580871319645;57.009345794392836;55.031152647975205;1.213419;1.229993814508849;1.1968441854911511;1.22728;1.19066;1.2089699999999999;29.629961987460486;19.833563370401624;13.55843530311454;0.003920000000000146;0.10757399041956708
2020-12-28;69215;1.22148;1.21796;1.22504;1.21795;1.1360318666666667;0.08544813333333323;80089.00333333333;0.8642260125515113;0.2791278076973436;1.22323;64.19741717990956;0.007760304565459508;0.008433555704916395;-0.0006732511394568867;72.89719626168194;63.13084112149531;1.2146884999999998;1.229561799936557;1.1998152000634428;1.22728;1.19239;1.209835;29.424246658813342;21.846544109946507;12.625334672530233;0.010099999999999998;0.10574946056456792
2020-12-29;66672;1.22498;1.22163;1.22752;1.2207;1.1363979666666666;0.08858203333333337;80127.29666666666;0.8320759937446829;0.2865376428594857;1.22323;66.9010909615958;0.0077750187435536855;0.008301848312643854;-0.0005268295690901686;88.26247689463955;72.72300631690477;1.2163089999999999;1.2278869253755946;1.204731074624405;1.22752;1.19242;1.20997;29.59918467546387;22.812624897531638;11.78514622081991;0.010669999999999957;0.1041469000163117
2020-12-30;71682;1.22998;1.22474;1.23101;1.2244;1.1367762;0.09320380000000017;80219.71333333333;0.8935708820366149;0.408169929304969;1.2258300000000002;70.34622812284277;0.008096803142419118;0.008260839278598907;-0.00016403613617978902;95.62632696390715;85.59533337340953;1.217448;1.2296808878030856;1.2052151121969146;1.23101;1.20401;1.2175099999999999;30.22801212310893;24.76018963698042;11.019715383948888;0.014700000000000157;0.10336825045906219
2020-12-31;64107;1.22168;1.22952;1.23094;1.22151;1.1371389666666667;0.0845410333333334;80306.83;0.7982758129039836;-0.6748077204507319;1.2258300000000002;59.31015288261549;0.007594533903439782;0.008127578203567083;-0.0005330443001273014;54.42110405471498;79.43663597108723;1.217954;1.230006703265363;1.205901296734637;1.23101;1.20588;1.218445;30.033507157851908;22.5136607207156;12.800516533831551;0.0017400000000000748;0.10161813074799206
2021-01-04;103062;1.22521;1.22393;1.23096;1.22276;1.1375317;0.08767829999999988;80479.37333333334;1.2806014228406086;0.2889463689345728;1.227535;62.03790736215306;0.007396066164599313;0.00798127579577353;-0.0005852096311742168;70.16460905349766;73.40401335737326;1.218475;1.230832573386507;1.2061174266134929;1.23101;1.20588;1.218445;29.85593235354998;20.557632468582003;11.677635070391235;-0.0014800000000001479;0.099666975082516
2021-01-05;95306;1.22986;1.22484;1.23058;1.22434;1.1379423666666668;0.09191763333333314;80665.14;1.1815016994948275;0.3795267750018372;1.227535;65.33459936243298;0.007527226014059307;0.007890465839430686;-0.00036323982537137846;93.90243902439029;72.82938404420098;1.2193634999999998;1.232298796324512;1.2064282036754876;1.23101;1.20588;1.218445;29.691041463841053;19.329757568610365;10.980148381888775;0.0043599999999999195;0.09822260852068945
2021-01-06;142912;1.23263;1.22941;1.23495;1.22657;1.1383677333333333;0.0942622666666666;80953.77333333333;1.7653531653371028;0.22522888784088924;1.22978;67.16392478915719;0.007765174887407689;0.007865407649026088;-0.000100232761618399;89.66131907308335;84.5761223836571;1.22045;1.233995250090086;1.2069047499099141;1.23495;1.20588;1.220415;30.207546434964083;21.93925795527821;10.107075227145856;0.008279999999999843;0.09743267621426922
2021-01-07;106321;1.22693;1.23252;1.23444;1.22452;1.1387842333333333;0.08814576666666674;81170.35666666667;1.3098501025023654;-0.4624258698879502;1.22978;60.13191376340134;0.007408409191171694;0.007774007957455209;-0.0003655987662835149;63.52887676216493;82.36421161987953;1.2212735;1.234281161242629;1.2082658387573708;1.23495;1.20588;1.220415;30.087084048940305;19.920032530770353;11.07882557248046;0.010650000000000048;0.0959970910129774
2021-01-08;120493;1.22194;1.22711;1.22847;1.21932;1.1391797000000001;0.0827602999999999;81479.47666666667;1.4788141128216035;-0.4067061690561036;1.2184800000000002;54.72964166852634;0.0066464029141644065;0.007548486948797049;-0.0009020840346326423;40.83674397453391;64.67564660326073;1.2219635;1.2334911160155957;1.2104358839844043;1.23495;1.20746;1.2212049999999999;28.657446004899132;18.251426564691133;14.911233249233;0.003330000000000055;0.09319517942596035
2021-01-11;99812;1.21502;1.22155;1.22212;1.21323;1.1395601;0.07545990000000002;81684.85666666667;1.221915592106539;-0.5663125849059703;1.2184800000000002;48.25515454463471;0.005421624173897577;0.007123114393817155;-0.0017014902199195782;9.367894497498659;37.91117174473249;1.2220065;1.2334232443259021;1.2105897556740979;1.23495;1.21054;1.222745;27.096295546899565;16.78067747161071;19.229877612147288;-0.0030600000000000627;0.0883002561380444
2021-01-12;90330;1.22077;1.21512;1.22096;1.21372;1.1399603333333332;0.08080966666666667;81848.96666666666;1.1036180868093506;0.47324323879440744;1.2182750000000002;53.20847473690737;0.004858944258601117;0.006670280366773948;-0.0018113361081728311;34.714548802946105;28.30639575832622;1.222476;1.232828855451663;1.2121231445483367;1.23495;1.21157;1.22326;25.646655835899967;15.67299506143735;17.96052497624817;-0.0007099999999999884;0.08297465196118915
2021-01-13;87378;1.21578;1.22062;1.22228;1.21399;1.1403393333333331;0.07544066666666693;82008.26666666666;1.06547795181611;-0.40875840657943474;1.2182750000000002;48.8391456971097;0.003964662908911842;0.006129156875201527;-0.0021644939662896845;11.740331491712968;18.607591597385905;1.2225495;1.2326880688833797;1.2124109311166202;1.23495;1.21215;1.22355;24.017500131146182;15.691797748103106;16.608637850565707;-0.009199999999999875;0.0766239335993459
2021-01-14;96866;1.21545;1.21569;1.21788;1.21111;1.1407067;0.07474329999999996;82222.13666666667;1.178101225861943;-0.0271430686473062;1.21151;48.555178890423754;0.003192508997800214;0.005541827299721264;-0.00234931830192105;18.204697986577163;21.553192760412074;1.2225579999999998;1.2326724324607479;1.2124435675392518;1.23495;1.21111;1.22303;23.061256027546417;14.7175366683299;18.218684175995985;-0.014530000000000154;0.0696599074955306
2021-01-15;84666;1.20757;1.21523;1.21626;1.20749;1.1410412333333333;0.06652876666666674;82390.52;1.0276182259802429;-0.648319552429133;1.21151;42.239560624965605;0.001922559249803335;0.004817973689737678;-0.002895414439934343;0.29133284777887797;10.078787442022998;1.2219395;1.2339531929793888;1.2099258070206111;1.23495;1.20749;1.22122;22.798403054864107;13.544376579370754;20.056708529488454;-0.014110000000000067;0.061181644857985454
2021-01-18;62179;1.20759;1.20822;1.20869;1.20536;1.1413737666666666;0.06621623333333337;82496.98333333334;0.7537124084738347;0.0016562186871071916;1.2102250000000003;42.26008854223146;0.000907270310491759;0.0040358330138884945;-0.0031285627033967355;7.536329841162399;8.677453558506143;1.2209845;1.234301740667758;1.2076672593322417;1.23495;1.20536;1.220155;22.890756862567162;13.11683292634659;21.442690990380132;-0.01761999999999997;0.05194157977554648
2021-01-19;73489;1.21286;1.20748;1.21451;1.20741;1.1417258;0.07113420000000015;82611.94333333333;0.889568711674875;0.43640639621065347;1.2102250000000003;47.54974323132546;0.0005218756109115485;0.0033330415332931056;-0.002811165922381557;25.346400811085033;11.058021166675431;1.2203525000000002;1.2339493656315703;1.20675563436843;1.23495;1.20536;1.220155;21.676242547711293;17.7701899157923;19.993551511699355;-0.016999999999999904;0.0433374574784461
2021-01-20;80939;1.21057;1.21287;1.21583;1.20769;1.1420747666666664;0.06849523333333352;82752.32666666666;0.9780873029228451;-0.18880992035354982;1.21368;45.59505066395086;3.130283362340336e-05;0.0026726937933591655;-0.002641390959735762;17.607299763433375;16.830010138560265;1.2196634999999998;1.2337673764530517;1.205559623546948;1.23495;1.20536;1.220155;20.28685124771948;17.650510386158512;18.45374498776558;-0.02205999999999997;0.035076419518615815
2021-01-21;87069;1.21679;1.21061;1.21732;1.21033;1.1424575333333333;0.07433246666666671;82905.61;1.050218435157639;0.5138075452059798;1.21368;51.43481016464718;0.00014277655131933464;0.0021667103449511996;-0.002023933793631865;38.62791483609344;27.193871803537277;1.219689;1.2337701404368735;1.2056078595631265;1.23495;1.20536;1.220155;18.973527015126624;17.89422741147172;17.22681797449039;-0.010140000000000038;0.028331986133959576
2021-01-22;76145;1.21713;1.21609;1.21897;1.21517;1.1428440666666666;0.07428593333333344;83043.71666666666;0.9169266870079174;0.02794237296492863;1.2156400000000003;51.73975360962569;0.00025560893354459324;0.0017844900626698783;-0.001528881129125285;39.776951672862644;32.00405542412981;1.219615;1.2337335502089608;1.205496449791039;1.23495;1.20536;1.220155;18.075737031595157;18.850624068638886;16.58139219269557;-0.004809999999999981;0.022891692361131723
2021-01-25;80840;1.21415;1.21668;1.21834;1.2116;1.1432172333333332;0.07093276666666681;83197.74;0.9716610090609467;-0.2448382670708904;1.2156400000000003;48.844844245556914;0.00010337665256976436;0.0014482673806498556;-0.0013448907280800913;29.705981750591665;36.03694941984924;1.2194185;1.233725177147505;1.2051118228524949;1.23495;1.20536;1.220155;17.061674290692796;17.591671591204484;19.011455141944083;-0.0008699999999999264;0.018034614689793806
2021-01-26;77456;1.21598;1.21384;1.21759;1.21078;1.1436042333333334;0.07237576666666667;83342.08;0.9293744528573166;0.15072272783429597;1.2135950000000002;50.67016741073198;0.00012891117143487563;0.0011843961388068596;-0.001055484967371984;36.51994497936752;35.33429280094061;1.2191435;1.2334924794411637;1.2047945205588362;1.23495;1.20536;1.220155;16.280345118598998;16.399890600499138;18.53923636284348;-0.00478999999999985;0.014035542173236696
2021-01-27;110542;1.21121;1.21599;1.21698;1.20584;1.1439725;0.06723749999999984;83631.28333333334;1.3217781145291538;-0.39227618875311565;1.2135950000000002;46.05701199610837;-0.00023306504508346926;0.0009009039020287938;-0.0011339689471122631;25.313717005624923;30.513214578528036;1.218455;1.232938515457337;1.2039714845426632;1.23495;1.20536;1.220155;16.436925641832442;14.651299535973713;21.290669943932585;-0.004570000000000185;0.009989203681049075
2021-01-28;110050;1.21222;1.21099;1.2142;1.20807;1.1443404666666668;0.0678795333333333;83890.80666666667;1.3118243151155007;0.08338768669349239;1.2129450000000002;47.154108060974785;-0.00043343883244006953;0.0006340353551350211;-0.0010674741875750906;40.5437352245867;34.12579906985971;1.217567;1.231272034257633;1.203861965742367;1.23495;1.20536;1.220155;16.582321841977787;13.780586640071546;20.025385534378213;-0.003229999999999844;0.006227813712838112
2021-01-29;119151;1.21367;1.21192;1.2156;1.20945;1.1446932333333333;0.06897676666666674;84162.89666666667;1.415718858535634;0.11961525135701923;1.2129450000000002;48.76514853549824;-0.0004698178529338737;0.0004132647135212422;-0.0008830825664551159;49.11347517730506;38.32364246917222;1.2171665;1.230835455007713;1.2034975449922871;1.23495;1.20536;1.220155;16.366609805175123;14.322616833932608;18.81714896296172;0.006099999999999994;0.003039498793552754
2021-02-01;93583;1.20609;1.2128;1.21366;1.20562;1.1450196;0.06107040000000019;84350.84666666666;1.1094494447673464;-0.624551978709198;1.2052000000000003;41.62179826920011;-0.0010976382495835324;0.00011108412090028727;-0.0012087223704838196;4.3144208037832;31.323877068558318;1.2162105;1.2301669601171952;1.202254039882805;1.23495;1.20536;1.220155;16.838154924497758;13.199954926091257;21.07150707597612;-0.0014999999999998348;-0.0008513292235522579
2021-02-02;83595;1.20431;1.20593;1.20878;1.20117;1.1453415;0.05896849999999998;84488.21;0.9894279923789379;-0.14758434279366073;1.2052000000000003;40.13500298785187;-0.00171900593072416;-0.0002549338894246022;-0.0014640720412995578;17.640449438201763;23.68944847309667;1.214933;1.2283239433574644;1.2015420566425357;1.23495;1.20117;1.21806;17.93541360811093;12.224450135062348;23.835755873478792;-0.008550000000000058;-0.0053300122705088404
2021-02-03;68990;1.20353;1.20433;1.20502;1.20042;1.1456519333333333;0.05787806666666673;84607.79666666666;0.8154094860996678;-0.06476737717032721;1.19982;39.469648822281364;-0.0022484648725780154;-0.0006536400860552849;-0.0015948247865227305;16.765498652290756;12.906789631425235;1.213478;1.2250632571832818;1.2018927428167183;1.23444;1.20042;1.21743;19.05739409998662;11.663352771205156;23.490067261325738;-0.007039999999999935;-0.010125488805373164
2021-02-04;72754;1.19611;1.20358;1.20429;1.19577;1.1459522666666666;0.0501577333333334;84742.17;0.8585335966731961;-0.6165197377713927;1.19982;33.73954164850332;-0.003229568432462804;-0.0011688257553367888;-0.002060742677126015;1.4655172413793334;11.957155110623946;1.2119370000000003;1.2241377247326846;1.199736275267316;1.22847;1.19577;1.21212;20.689106735041655;10.685094127893073;26.0975092144102;-0.02068000000000003;-0.016100036725497386
2021-02-05;72942;1.20489;1.19609;1.205;1.19522;1.1462805333333335;0.058609466666666554;84901.35;0.8591382822533612;0.7340461997642267;1.2049400000000001;44.08406266147853;-0.0032610362536551474;-0.0015872678550004605;-0.001673768398654687;40.71578947368422;19.64893512245143;1.2110845000000001;1.2227408587368747;1.1994281412631256;1.22228;1.19522;1.20875;22.00100837989363;10.363300042497645;23.645803691755454;-0.012240000000000029;-0.021167686457178887
2021-02-08;62435;1.20499;1.20374;1.2066;1.20198;1.146599333333333;0.058390666666666924;85003.85333333333;0.7344961146074239;0.008299512818599197;1.2049400000000001;44.19093145144266;-0.0032405505152313108;-0.0019179243870466307;-0.00132262612818468;41.13684210526312;27.772716273442217;1.210583;1.2223811203588832;1.1987848796411167;1.22228;1.19522;1.20875;22.75824315201176;11.470252629614874;22.567264410092925;-0.009160000000000057;-0.0253538185832246
2021-02-09;71517;1.21197;1.2043;1.21219;1.2043;1.1469292333333332;0.0650407666666668;85108.30333333333;0.8403057892000229;0.5792579191528535;1.2119000000000002;51.201621682943;-0.002630761967859385;-0.0020604919032091817;-0.0005702700646502035;70.52631578947339;50.79298245614024;1.210143;1.2210081278870837;1.1992778721129163;1.22228;1.19522;1.20875;22.053377444742246;16.06592832934342;20.82065429204095;-0.004010000000000069;-0.027599204794460465
2021-02-10;70380;1.21183;1.21182;1.21442;1.21088;1.147258;0.06457200000000007;85171.06333333334;0.8263369887087832;-0.011551441042267907;1.2119000000000002;51.06306732206195;-0.0021341953057552043;-0.0020752325837183863;-5.8962722036818e-05;69.93684210526274;60.533333333333076;1.2099455;1.2205336546552115;1.1993573453447883;1.21897;1.19522;1.207095;20.91479541574668;17.757612460447593;20.07010762971715;0.0006200000000000649;-0.02841623091910577
2021-02-11;52308;1.21317;1.21178;1.21495;1.21136;1.1475956666666667;0.0655743333333334;85104.76;0.6146307210077775;0.11057656602000421;1.2124950000000003;52.391032514853904;-0.0016139314501946167;-0.0019829723570136326;0.0003690409068190159;77.63840830449874;72.70052206641161;1.2098315000000002;1.2202274901405628;1.1994355098594376;1.21897;1.19522;1.207095;19.74284427457476;17.64419070894734;19.309888218604122;0.0009500000000000064;-0.027969783310658705
2021-02-12;55425;1.21182;1.21288;1.21344;1.20816;1.1479203999999998;0.06389960000000006;85169.40333333334;0.6507618678866737;-0.11127871609091233;1.2124950000000003;50.89266350770733;-0.0012956172448386205;-0.0018455013345786303;0.0005498840897400097;74.20652659812225;73.9272590026279;1.2100440000000001;1.2204201233609997;1.1996678766390005;1.21897;1.19522;1.207095;19.265616845013778;16.645545023254336;21.647215278294937;-0.0018500000000001293;-0.02685787449462197
2021-02-15;40212;1.21271;1.21242;1.21451;1.21167;1.1482458333333334;0.06446416666666654;85172.79666666666;0.4721225740346354;0.07344325064779778;1.2115250000000002;51.869943740840746;-0.0009604637535218785;-0.00166849381836728;0.0007080300648454015;80.37683823529414;77.40725771263837;1.2103000000000002;1.2206739519953917;1.1999260480046086;1.21897;1.19522;1.207095;18.570113365444747;17.313148490612136;20.9600348402102;0.006619999999999848;-0.025151839707906944
2021-02-16;72120;1.21034;1.21274;1.21694;1.2095;1.1485758333333334;0.06176416666666662;85298.26666666666;0.8455036991762812;-0.1954300698435718;1.2115250000000002;49.06949671569056;-0.0008759934825071092;-0.001509993751195246;0.0006340002686881369;69.61325966850852;74.73220816730829;1.2101739999999999;1.2204815203614974;1.1998664796385023;1.21897;1.19522;1.207095;17.36881746700717;18.574723801304486;19.237177262064534;0.00602999999999998;-0.02345289722472302
2021-02-17;78266;1.20417;1.21066;1.21075;1.20233;1.1488829999999999;0.055287000000000086;85432.38666666667;0.916116276902844;-0.509774113059136;1.20675;42.61844290431652;-0.0012920239712275183;-0.0014663997952017005;0.00017437582397418212;41.206261510129046;63.732119804643894;1.2098540000000002;1.2204847862363364;1.199223213763664;1.21897;1.19522;1.207095;17.545151446786686;16.88334914662816;25.23945817865767;0.0006399999999999739;-0.022779053417987038
2021-02-18;70235;1.20933;1.20329;1.20946;1.20329;1.1492219666666668;0.060108033333333255;85555.70666666667;0.8209271214792739;0.4285109245372398;1.20675;48.69337876883182;-0.0011916259328035306;-0.0014114450227220665;0.00021981908991853595;64.9631675874774;58.594229588704984;1.2094809999999998;1.219624490326444;1.1993375096735557;1.21897;1.19522;1.207095;17.708890142296237;15.751479139370936;23.547389533761404;0.01322000000000001;-0.02194633408312249
2021-02-19;64587;1.21172;1.20897;1.21445;1.20824;1.1495645333333333;0.0621554666666666;85667.29;0.7539283663577133;0.1976300926959551;1.213765;51.26689174864941;-0.0009087314476246;-0.0013109023077025733;0.00040217086007797334;75.96685082872922;60.71209330877855;1.2092105;1.2187968913441218;1.199624108655878;1.21834;1.19522;1.20678;16.753642379761768;20.12786861117239;21.95221770664893;0.006829999999999892;-0.020615149462008465
2021-02-22;78547;1.21581;1.21124;1.21694;1.20914;1.1499218;0.06588820000000006;85840.89666666667;0.9150300503616693;0.3375367246558625;1.213765;55.39061293584058;-0.00035046674900729435;-0.0011188151959635175;0.0007683484469562232;94.79742173112406;78.57581338244354;1.2092935;1.2190762547757603;1.1995107452242397;1.21759;1.19522;1.206405;15.731672987778248;21.11797373335855;20.109520009418453;0.010820000000000052;-0.018307821839033882
2021-02-23;73824;1.21496;1.21541;1.21802;1.21354;1.1502727;0.06468730000000011;86034.31666666667;0.8580762056379994;-0.06991223957690806;1.2159000000000002;54.36109555324046;2.310777838809841e-05;-0.0008904306010931944;0.0009135383794812928;86.57894736842087;85.78107330942471;1.2092425;1.2188950579512716;1.1995899420487284;1.21802;1.19522;1.20662;14.988020962061938;21.265514186398942;19.116947301168967;0.002990000000000048;-0.015546200659542151
2021-02-24;93821;1.21684;1.21494;1.21747;1.21093;1.1506033666666666;0.0662366333333333;86203.10666666667;1.0883714477110389;0.15473760453017515;1.2159000000000002;56.295926553267066;0.0004655025473914165;-0.0006192439713962723;0.0010847465187876887;94.82456140350801;92.066976834351;1.209524;1.2197036412511773;1.1993443587488228;1.21802;1.19522;1.20662;14.073219467700786;19.73419914222313;20.614115197897643;0.005009999999999959;-0.01226523567662432
2021-02-25;125634;1.21774;1.21632;1.22429;1.21562;1.1509294666666667;0.06681053333333331;86480.14666666667;1.4527496175999255;0.07396206567833463;1.2125500000000002;57.23070620302179;0.0008785981351018268;-0.00031967555009665253;0.0011982736851984793;70.64096817570578;84.01482564921155;1.2098;1.2205409143001271;1.1990590856998729;1.22429;1.19522;1.209755;14.130815787513658;25.227540024537383;18.692437175581595;0.004569999999999963;-0.008608010026942772
2021-02-26;146666;1.20736;1.21707;1.21835;1.20623;1.1512129;0.056147100000000005;86848.82333333333;1.688750571059164;-0.8523987057992732;1.2125500000000002;45.21805784400087;0.0003642018219396359;-0.00018290007568939486;0.0005471018976290307;22.90528233151204;62.79027063690861;1.2094844999999999;1.220122376620955;1.1988466233790447;1.22429;1.19522;1.209755;13.686956740971828;22.12280637526057;25.926791738595412;-0.0044599999999999085;-0.006511838474834418
2021-03-01;86157;1.20484;1.207;1.21012;1.20276;1.1515048333333333;0.0533351666666666;87001.30333333333;0.9902955093660103;-0.20871985157699946;1.2069450000000002;42.86567914114573;-0.0002439913216714107;-0.00019511832488579804;-4.8872996785612644e-05;11.429872495446217;34.99204100088801;1.209422;1.2201531949009727;1.1986908050990273;1.22429;1.19522;1.209755;13.756210249595942;20.474904993647844;27.50744023461364;-0.007870000000000044;-0.005945347358283571
2021-03-02;86795;1.20905;1.20488;1.20944;1.19918;1.1518160666666668;0.057233933333333153;87129.71333333333;0.9961584478986775;0.34942398990738255;1.2069450000000002;47.75559472657891;-0.0003818749376438557;-0.00023246964743740958;-0.00014940529020644614;39.307048984468224;24.54740127047549;1.2096589999999998;1.2201344492029063;1.1991835507970934;1.22429;1.19522;1.209755;14.278962266441821;18.415555517747823;28.250252524839762;-0.0012900000000000134;-0.005738028183450336
2021-03-03;88098;1.20623;1.20906;1.21132;1.20426;1.1521045333333333;0.05412546666666662;87285.39666666667;1.0093097283664356;-0.23324097431868251;1.2017200000000001;44.978679092358476;-0.0007105088255126013;-0.00032807748305244795;-0.00038243134246015336;28.07646356033432;26.27112834674958;1.209794;1.220016564062048;1.1995714359379521;1.22429;1.19522;1.209755;14.411564672396578;18.985260606046822;26.290719221353193;0.0020599999999999508;-0.006223667379553745
2021-03-04;117996;1.19721;1.20628;1.20663;1.19616;1.152378;0.044832000000000205;87529.80333333333;1.348066549979908;-0.7477844192235183;1.2017200000000001;37.47287025051069;-0.0016794327111588903;-0.0005983485286737364;-0.001081084182485154;3.7326697476011717;23.705394097467902;1.2098489999999997;1.2197842783555706;1.1999137216444289;1.22429;1.19522;1.209755;15.488128940149608;17.091845109738514;31.384288805194537;-0.012119999999999909;-0.008594758786414062
2021-03-05;129345;1.19101;1.19647;1.19767;1.18928;1.1526466666666666;0.038363333333333305;87744.29;1.474113016356794;-0.5178707160815699;1.18783;33.35289865746982;-0.0029140091718655725;-0.0010614806573121037;-0.0018525285145534688;4.941445301342471;12.250192869759317;1.209155;1.2219161308277384;1.1963938691722615;1.22429;1.18928;1.206785;17.127916676368066;15.737397413453094;35.395532863553555;-0.020710000000000006;-0.013110471211902642
2021-03-08;101344;1.18465;1.19169;1.19323;1.18442;1.1528932333333335;0.03175676666666649;87948.65;1.1523087619876882;-0.5340005541515147;1.18783;29.74064859440456;-0.004355412277298187;-0.0017202669813093205;-0.002635145295988867;0.5768748432404115;3.0836632973946796;1.208138;1.2247313379403488;1.191544662059651;1.22429;1.18442;1.204355;19.03817898743551;14.443104769368171;37.0214014231393;-0.031160000000000077;-0.019870166632037004
2021-03-09;91351;1.19008;1.18466;1.19159;1.18356;1.1531531666666666;0.036926833333333464;88127.11666666667;1.0365821946214016;0.45836322964589726;1.1914950000000002;36.10345882229131;-0.005001919983522507;-0.0023765975817519576;-0.0026253224017705494;16.007856616744554;7.175392253775807;1.2070435;1.2252870898606218;1.188799910139378;1.22429;1.18356;1.203925;20.878233686640915;13.364237365790288;35.05598689128219;-0.024880000000000013;-0.02693099550761602
2021-03-10;87878;1.19291;1.19001;1.19298;1.18689;1.1534178;0.03949219999999998;88315.14333333333;0.9950501882594094;0.23779913955364052;1.1914950000000002;39.19418978680458;-0.005225686192291024;-0.002946415303859771;-0.0022792708884312525;22.95605205008577;13.180261170023575;1.2060975;1.225192471982241;1.1870025280177592;1.22429;1.18356;1.203925;22.29772892677128;13.908199890581017;33.0402350328817;-0.023930000000000007;-0.03338397574633838
2021-03-11;86722;1.19852;1.19286;1.199;1.19157;1.153704;0.04481599999999997;88474.42;0.980192919037957;0.47027856250683175;1.1968500000000002;44.88548308844117;-0.004893928251100466;-0.00333591789330791;-0.0015580103577925554;36.72968328013756;25.231197315655958;1.205365;1.2244425097956348;1.1862874902043652;1.22429;1.18356;1.203925;22.456209852859807;18.622510955269526;30.71940232025159;-0.019220000000000015;-0.038184586594780384
2021-03-12;83727;1.19518;1.19856;1.19885;1.19101;1.1539713333333332;0.04120866666666667;88636.45;0.9446113873016186;-0.2786770350098555;1.1968500000000002;42.34433765555081;-0.004844671422519875;-0.0036376685991503033;-0.0012070028233695717;28.529339553154724;29.405024961126006;1.204533;1.223861629646266;1.185204370353734;1.22429;1.18356;1.203925;22.664959740383114;17.245937327608164;28.97662711660043;-0.01218000000000008;-0.042137736173370355
2021-03-15;70096;1.19298;1.19433;1.19675;1.19112;1.1542359666666666;0.038744033333333316;88749.21666666666;0.789821055697492;-0.1840726919794533;1.19161;40.7094795501524;-0.004926368534913683;-0.0038954085863029796;-0.0010309599486107036;23.12791554136987;29.46231279155404;1.2035464999999999;1.2231175217158554;1.1839754782841443;1.22429;1.18356;1.203925;22.858798921654756;16.31336652112109;27.40972147348737;-0.011859999999999982;-0.045627883496543
2021-03-16;68815;1.19024;1.19272;1.19518;1.18822;1.1545069333333333;0.035733066666666646;88866.30333333333;0.77436550659557;-0.2296769434525281;1.19161;38.70516355161028;-0.005152810790664875;-0.004146889027175359;-0.0010059217634895154;16.400687453965123;22.685980849496563;1.2025415;1.2226702617851286;1.1824127382148713;1.22429;1.18356;1.203925;23.38098915212264;15.217814918557085;28.36717063849153;-0.018809999999999993;-0.04901340905190488
2021-03-17;72252;1.19799;1.19021;1.19854;1.18862;1.1548018999999998;0.043188100000000285;89018.03333333334;0.8116557656294198;0.6511291840301192;1.1947850000000002;46.69878495421829;-0.00465326770567609;-0.004248164762875505;-0.0004051029428005842;41.47743604484083;27.00201301339193;1.2022324999999998;1.2224413583300107;1.182023641669989;1.22429;1.18356;1.203925;23.176304924651497;16.960911359752078;25.7163204227172;-0.008239999999999803;-0.05083730317332852
2021-03-18;91493;1.19158;1.19785;1.19889;1.19061;1.1550798333333332;0.03650016666666689;89214.33666666667;1.0255414479158982;-0.5350628970191784;1.1947850000000002;41.838749969947294;-0.0047201981353210964;-0.004342571437364624;-0.00037762669795647283;28.89048991354516;28.92287113745036;1.201345;1.2217868096068432;1.180903190393157;1.22429;1.18356;1.203925;22.91521289476264;15.974169009210065;23.723571483355144;-0.005630000000000024;-0.0524739918308132
2021-03-19;73104;1.19061;1.19136;1.19372;1.1874;1.1553504333333333;0.03525956666666663;89355.82333333333;0.8181223928437698;-0.08140452172746837;1.1919400000000002;41.14098859353416;-0.004796223991762938;-0.004433301948244287;-0.00036292204351865125;25.39625360230547;31.92139318689715;1.2002895;1.2206593595724762;1.1799196404275238;1.22429;1.18356;1.203925;23.105948701155715;15.017601223544386;25.34443597639297;-0.00039999999999995595;-0.05397107770346414
2021-03-22;62329;1.19327;1.18716;1.19468;1.18709;1.1556420666666667;0.03762793333333336;89434.70333333334;0.6969218622852221;0.22341488816657318;1.1919400000000002;43.90383039834013;-0.004588936853741288;-0.004464428929343687;-0.0001245079243976004;34.978386167147356;29.75504322766599;1.1991625;1.2184375656290027;1.179887434370997;1.22429;1.18356;1.203925;23.070510843862312;14.847289135032144;23.522666550417377;0.008620000000000072;-0.05477595136646975
2021-03-23;75286;1.18503;1.19322;1.19408;1.18422;1.1559164;0.029113600000000073;89576.98333333334;0.840461435498869;-0.69053944203743;1.183105;37.95960820330886;-0.005031558761516619;-0.004577854895778274;-0.00045370386573834534;6.371911573472358;22.24885044764172;1.197666;1.2164437372439365;1.1788882627560633;1.22429;1.18356;1.203925;23.429413311016287;13.490652455121602;24.03296824384325;-0.005049999999999999;-0.05631101313390308
2021-03-24;77507;1.18118;1.18491;1.18531;1.18097;1.1561805;0.02499949999999984;89720.18333333333;0.8638747394444471;-0.32488628979857603;1.183105;35.53852234754913;-0.005628125113630755;-0.00478790893934877;-0.0008402161742819851;1.1647254575697257;14.171674399396473;1.195883;1.2137915522586915;1.1779744477413086;1.22429;1.18097;1.20263;24.171307927166627;12.930595230288707;26.14405454869841;-0.011730000000000018;-0.05878649507340178
2021-03-25;84517;1.17641;1.18127;1.18278;1.17619;1.156428;0.019981999999999944;89906.21666666666;0.9400573523557672;-0.4038334546809019;1.1778500000000003;32.75137257047541;-0.006411895046328331;-0.005112706160744683;-0.0012991888855836478;0.9644892590963918;2.833708763379485;1.1938165;1.2106666753997466;1.1769663246002535;1.21835;1.17619;1.19727;25.38927364032816;12.108592106380678;29.093091050931235;-0.022110000000000074;-0.062448601139119195
2021-03-26;62612;1.17929;1.1764;1.1805;1.17634;1.1566888333333332;0.022601166666666783;90018.26333333334;0.6955477442187903;0.24481260784929848;1.1778500000000003;36.014266001690395;-0.006723146189651974;-0.005434794166526142;-0.0012883520231258324;13.590530469091982;5.239915061919359;1.192413;1.2091929798570258;1.175633020142974;1.21132;1.17619;1.193755;26.520241802549585;11.60698135425333;27.88788014320919;-0.01588999999999996;-0.06616458739888725
2021-03-29;66581;1.17652;1.17908;1.17938;1.17606;1.1569334333333332;0.019586566666666805;90119.96;0.7388041450528008;-0.2348870930814262;1.1740500000000003;34.29092723230829;-0.007111355533399477;-0.005770106439900809;-0.001341249093498668;2.005231037488691;5.5200835885590145;1.1909969999999999;1.20811946839688;1.1738745316031198;1.21132;1.17606;1.1936900000000001;27.602105651164614;11.207930670098614;27.21904216405287;-0.01645999999999992;-0.07008183018424895
2021-03-30;62294;1.17158;1.17645;1.17738;1.17113;1.1571405;0.01443950000000016;90200.96333333333;0.6906134668405769;-0.4198823649406713;1.1740500000000003;31.404748188220168;-0.007728541138519063;-0.006161793379624461;-0.001566747758894602;1.6146393972015087;5.736800301260721;1.1891235;1.206134106426642;1.172112893573358;1.21132;1.17113;1.191225;29.12822714109028;10.477635110869407;30.585209318688545;-0.0186599999999999;-0.07463647159965954
2021-03-31;63087;1.173;1.17166;1.17598;1.17041;1.1573634666666666;0.01563653333333348;90287.75;0.6987326630688329;0.12120384438107923;1.17538;33.14660943585922;-0.008010740217874623;-0.006531582747274493;-0.00147915747060013;9.09410112359581;4.237990519428663;1.187462;1.2039479147153584;1.1709760852846416;1.20663;1.17041;1.18852;30.61571375688403;9.860965530251079;29.545885488859273;-0.024990000000000068;-0.07905244417381159
2021-04-01;63938;1.17776;1.17303;1.178;1.17126;1.1576078333333333;0.020152166666666638;90395.43;0.7073145180015509;0.40579710144925674;1.17538;38.76038736996811;-0.007760830776140315;-0.006777432353047658;-0.0009833984230926572;25.80758426966275;12.172108263486683;1.1864895;1.2028548114544773;1.1701241885455227;1.199;1.17041;1.1847050000000001;31.40660867952886;11.293428443898183;27.44122460640721;-0.013820000000000165;-0.08226226199763048
2021-04-02;26806;1.17623;1.17762;1.17867;1.1749;1.1578623333333333;0.018367666666666782;90369.64;0.2966261678147333;-0.12990762124709399;1.1787300000000003;37.665560648203794;-0.007598641546563423;-0.0069416741917508115;-0.0006569673548126112;20.435393258427478;18.445692883895337;1.1857505;1.2025613125622179;1.168939687437782;1.199;1.17041;1.1847050000000001;31.94561143687324;11.559976892425883;26.312187510482616;-0.014379999999999837;-0.08461736907148731
2021-04-05;39147;1.18123;1.17548;1.18195;1.17379;1.1581394666666667;0.02309053333333333;90401.91666666667;0.43303285420750487;0.42508693027722977;1.1787300000000003;43.30180449404422;-0.006986115608329957;-0.006950562475066641;-3.555313326331598e-05;37.991573033707965;28.078183520599392;1.1855795;1.2025008243867619;1.1686581756132381;1.199;1.17041;1.1847050000000001;31.52917161727102;14.065967654689146;24.009566158671433;-0.01204000000000005;-0.08532113701782372
2021-04-06;62495;1.18762;1.18121;1.18777;1.17952;1.1584502333333333;0.029169766666666597;90488.72;0.6906385679893924;0.5409615400895573;1.1873950000000002;49.576725964311;-0.0059168589261433535;-0.006743821765281984;0.0008269628391386306;60.42837078651654;39.61844569288399;1.1854565;1.2022806650907858;1.168632334909214;1.199;1.17041;1.1847050000000001;29.790804737906722;18.979327368489738;21.920885088710477;0.00258999999999987;-0.08367887616962617
2021-04-07;69575;1.18717;1.18748;1.19148;1.18609;1.1587706;0.028399400000000075;90622.42333333334;0.7677459666254675;-0.037890907866133805;1.1873950000000002;49.164074618290236;-0.005047591053477074;-0.006404575622921003;0.001356984569443929;69.05644829007045;55.82546403676497;1.1851695;1.2016679647468185;1.1686710352531815;1.199;1.17041;1.1847050000000001;27.864201384672604;21.854659769160275;20.656542001321636;0.005990000000000162;-0.0804419363308523
2021-04-08;58961;1.19162;1.18636;1.19274;1.18608;1.1591041333333332;0.032515866666666726;90715.24;0.6499569421851664;0.3748410084486453;1.19087;53.30334132391437;-0.003954032565735899;-0.005914467011483983;0.001960434445748084;87.39184177997502;72.29222028552066;1.1848245;1.2004577293209688;1.169191270679031;1.19889;1.17041;1.18465;26.30447872833359;21.64540279818483;19.184162240804056;0.015209999999999946;-0.0753883512118945
2021-04-09;59557;1.19012;1.1913;1.19201;1.18671;1.1594466333333335;0.030673366666666535;90808.55333333333;0.6558523158206916;-0.12587905540355493;1.19087;51.77305601478365;-0.003171853892255161;-0.0053659443876382185;0.0021940904953830576;83.26996197718653;79.906084015744;1.1845715;1.1996811992359875;1.1694618007640127;1.19889;1.17041;1.18465;24.856164833161646;20.39927313197334;18.079726628652505;0.010830000000000117;-0.06942852347377569
2021-04-12;59188;1.19115;1.18898;1.19192;1.18712;1.1598040666666667;0.03134593333333324;90891.97;0.6511906387329209;0.08654589453163108;1.1930200000000002;52.77562630611188;-0.0024407241179638106;-0.004780900333703337;0.0023401762157395263;92.87953425884469;87.84711267200207;1.1844800000000002;1.199405959935696;1.1695540400643043;1.19889;1.17041;1.18465;23.511301930501986;19.314754998280193;17.118526136157715;0.01462999999999992;-0.06281064529649609
2021-04-13;72141;1.19489;1.19102;1.19559;1.18781;1.1601769666666666;0.03471303333333342;91030.44;0.7924931484456417;0.31398228602612654;1.1930200000000002;56.3259474714615;-0.001541739547018084;-0.004133068176366286;0.0025913286293482024;97.22001588562381;91.12317070721834;1.1847125;1.2001269787457118;1.1692980212542883;1.19889;1.17041;1.18465;22.982490200866362;21.680383647439868;15.664838520822496;0.023309999999999942;-0.055298628623945204
2021-04-14;63580;1.19792;1.19485;1.19874;1.19454;1.1605589;0.037361100000000036;91170.19666666667;0.6973770192955931;0.25357982743181573;1.1972750000000003;59.01431907280953;-0.0005781278228069731;-0.0034220801056544237;0.0028439522828474506;97.10554182845104;95.73503065763983;1.184709;1.2001114451306278;1.1693065548693722;1.19889;1.17041;1.18465;23.03198328778533;24.18890416974981;14.92785705703393;0.024920000000000053;-0.046902974998262674
2021-04-15;62310;1.19663;1.19799;1.19934;1.19561;1.1609507000000001;0.03567929999999997;91260.95666666667;0.6827673331059008;-0.10768665687190815;1.1972750000000003;57.39449513698902;8.052099613697905e-05;-0.0027215598852961434;0.0028020808814331224;90.63256135499489;94.9860396896899;1.1849615;1.2009602565454947;1.1689627434545053;1.19934;1.17041;1.184875;23.176985206414635;23.839995220878286;14.285083997906368;0.018870000000000164;-0.038393359656765824
2021-04-16;55436;1.19822;1.19616;1.19948;1.19505;1.1613424666666667;0.03687753333333332;91335.04666666666;0.6069521177594763;0.1328731521021531;1.2009500000000004;58.8922016772342;0.0007224763842426096;-0.0020327526313883926;0.0027552290156310022;95.66563467492249;94.46791261945613;1.185342;1.2021989731565905;1.1684850268434093;1.19948;1.17041;1.184945;23.151433803006388;22.59558555440442;14.199269799302746;0.021989999999999954;-0.029836181673955412
2021-04-19;52287;1.20368;1.19718;1.20479;1.19425;1.1617603333333333;0.0419196666666668;91366.69;0.5722763952595227;0.45567591928026285;1.2009500000000004;63.62139678915006;0.0016527550913425504;-0.001295651086842204;0.0029484061781847545;96.77137870855165;94.35652491282299;1.1858625;1.2042407391703347;1.1674842608296654;1.20479;1.17041;1.1876;23.980996499961492;25.87319186836655;12.524214064650256;0.02245000000000008;-0.020660192737588085
2021-04-20;48048;1.20366;1.2037;1.20798;1.20223;1.1621565999999999;0.04150340000000008;91382.42333333334;0.5257903899607835;-0.0016615711817213885;1.203605;63.59253712960843;0.0023611756727872635;-0.0005642857349163106;0.002925461407703574;88.23529411764682;93.55743583370698;1.1867940000000001;1.206731414476357;1.1668565855236432;1.20798;1.17041;1.189195;25.17543547418077;27.792032742461174;11.712462068321875;0.016040000000000054;-0.011426324674656742
2021-04-21;39802;1.20355;1.20354;1.20437;1.19985;1.1625506333333333;0.04099936666666659;91307.32666666666;0.4359124448501246;-0.009138793346963325;1.203605;63.42213452406993;0.0028805231292148292;0.0001246760379099174;0.002755847091304912;87.04299502778551;90.68322261799464;1.1879125;1.208944514525529;1.1668804854744708;1.20798;1.17041;1.189195;25.599634118747954;26.34642694215039;13.842086013693574;0.01637999999999984;-0.002546764668800677
2021-04-22;48025;1.2016;1.20346;1.20695;1.19936;1.1629289666666667;0.03867103333333333;91254.76666666666;0.526273878661258;-0.1620206887956388;1.2056750000000003;60.33560550895652;0.003099037254573167;0.0007195482812425674;0.0023794889733305996;81.3395729745539;85.53928737332872;1.189172;1.2103145708938645;1.1680294291061353;1.20798;1.17041;1.189195;26.35615010731245;27.00376806123715;12.652003942836451;0.0099800000000001;0.005397550104623527
2021-04-23;42152;1.20975;1.20146;1.21;1.20128;1.1633346666666666;0.046415333333333475;91165.42;0.4623682971020742;0.6782623169107937;1.2056750000000003;67.46278326412181;0.0038850635664116062;0.0013526513382763753;0.0025324122281352307;99.17979002624718;89.18745267619552;1.190695;1.2131202139343669;1.1682697860656333;1.21;1.17041;1.190205;27.449577531475466;27.77037150498913;11.435559752178909;0.019630000000000036;0.013699282515024103
2021-04-26;40340;1.2086;1.20911;1.21169;1.20612;1.1636966999999998;0.04490330000000009;91024.01666666666;0.4431797395595291;-0.09506096300890832;1.2088800000000002;65.66967487369115;0.004364884026496707;0.0019550978759204415;0.0024097861505762656;87.93440062475577;89.4845878751856;1.192299;1.2150263103556525;1.1695716896443475;1.21169;1.17041;1.19105;28.66779493175174;27.9298495647402;10.726145441234097;0.017449999999999966;0.02166601560730762
2021-04-27;37352;1.20916;1.20813;1.20929;1.20568;1.164050933333333;0.04510906666666692;90786.46333333333;0.4114269752182499;0.04633460201888262;1.2088800000000002;66.1416112411139;0.004735741833953977;0.0025112266675271487;0.0022245151664268283;90.1210464662244;92.41174570574243;1.1941780000000002;1.2159360179244847;1.1724199820755157;1.21169;1.17041;1.19105;29.659978338451555;26.77070138499286;10.786830690919246;0.014270000000000005;0.029112885823297355
2021-04-28;46911;1.21257;1.20889;1.21348;1.20562;1.1643820333333335;0.04818796666666647;90543.33;0.5181055302471735;0.2820139601045213;1.2122800000000002;68.94147790940168;0.005244354169323673;0.0030578521678864537;0.002186502001437219;96.60067239447154;91.55203982848388;1.1961565;1.2170300500335287;1.1752829499664714;1.21348;1.17126;1.19237;31.07922866147398;29.12409616203294;9.830223220121113;0.01464999999999983;0.03639098128179459
2021-04-29;42687;1.21199;1.21223;1.215;1.21021;1.1646986666666668;0.04729133333333313;90311.2;0.4726656272975586;-0.047832290094596;1.2122800000000002;67.91279630389039;0.005536807091117257;0.0035536431525326146;0.0019831639385846428;89.20373027259625;91.97514971109739;1.1978680000000002;1.2180284033690367;1.1777075966309636;1.215;1.17379;1.194395;32.56028966413401;29.26757567132116;9.28955308913079;0.015359999999999818;0.043073504522697176
2021-04-30;40926;1.20215;1.21161;1.21267;1.20167;1.1649941666666666;0.0371558333333335;90192.81;0.4537612255344463;-0.811887886863738;1.2042300000000001;53.364697945357584;0.004917882091483916;0.0038264909403228752;0.0010913911511610409;52.73997793306361;79.51479353337712;1.1991640000000001;1.2167637129522697;1.1815642870477305;1.215;1.17379;1.194395;31.604119293806544;25.763199988436806;17.473111015970755;0.003929999999999989;0.047369852879055444
2021-05-03;32237;1.20631;1.20308;1.20759;1.20084;1.1652695666666666;0.041040433333333404;90068.05666666667;0.35791823642096;0.34604666638937687;1.2042300000000001;57.50885290926319;0.0047087769539764235;0.004002948143053585;0.0007058288109228388;58.12048192771052;66.68806337779012;1.200418;1.216208732218688;1.1846272677813119;1.215;1.17952;1.19726;30.528905390618945;23.874133284592894;17.09352508241854;0.00262999999999991;0.05047153939633386
2021-05-04;41978;1.20137;1.2063;1.2064;1.19991;1.1655109666666668;0.03585903333333329;89792.16333333333;0.46750182244926414;-0.4095133091825409;1.2009550000000002;51.64033365195484;0.004097212792635974;0.0040218010729700625;7.541171966591112e-05;34.31325301204819;48.391237624274105;1.2011055000000002;1.2157642891383407;1.1864467108616596;1.215;1.18608;1.2005400000000002;29.315127146781276;22.189445072167214;16.898497293754428;-0.0022899999999999032;0.05173124438689874
2021-05-05;34795;1.20054;1.20102;1.20266;1.19861;1.165701;0.03483899999999984;89271.88;0.38976439165385673;-0.06908779143811605;1.2009550000000002;50.70412436938538;0.003505164372296532;0.003918473732835357;-0.0004133093605388251;30.313253012047674;40.915662650602115;1.201774;1.214976910891252;1.1885710891087478;1.215;1.18608;1.2005400000000002;27.88406651013326;21.184802997471884;17.58669967415497;-0.003009999999999957;0.05146675263856651
2021-05-06;37473;1.20641;1.20043;1.20716;1.19932;1.1659618666666667;0.0404481333333333;88807.01;0.4219599331178449;0.488946640678356;1.2113800000000001;56.685025927711656;0.0034696259874460456;0.003828704183757495;-0.0003590781963114494;58.60240963855384;41.07630522088323;1.2025134999999998;1.214995774272037;1.1900312257279626;1.215;1.18671;1.200855;27.34967265688042;24.308049261069797;16.06991406828574;0.004809999999999981;0.05105310854115858
2021-05-07;46035;1.21635;1.20646;1.21714;1.20528;1.1662595999999998;0.0500904000000002;88533.82333333333;0.5199707667280019;0.8239321623660256;1.2113800000000001;64.53234795119789;0.004195177099173497;0.0039019987668406954;0.00029317833233280174;95.73664328116534;61.550768643922275;1.203825;1.216334876897971;1.191315123102029;1.21714;1.18712;1.20213;28.141192313627;31.680127113995223;14.090168626546815;0.006599999999999939;0.05208166346486424
2021-05-10;43501;1.21284;1.21596;1.21783;1.21278;1.166574;0.04626599999999992;88097.13333333333;0.4937845120953054;-0.2885682574916837;1.2138300000000002;60.37294323415053;0.004435820538855273;0.004008763121243611;0.00042705741761166205;74.03746097814752;76.12550463262222;1.2049094999999999;1.2165677751298127;1.193251224870187;1.21783;1.18781;1.20282;28.949109302328388;30.716747044617517;13.33674864186009;0.0042400000000000215;0.05335346099239925
2021-05-11;49558;1.21482;1.21272;1.21818;1.21231;1.1669233333333333;0.0478966666666667;87700.55;0.565081974970446;0.16325319085783718;1.2138300000000002;61.866107567478565;0.004731756902835782;0.004153361877562045;0.0005783950252737369;82.83086356668362;84.20165594199881;1.2059060000000001;1.2173737310747348;1.1944382689252655;1.21818;1.19425;1.206215;29.57959510124661;28.789711753092917;13.002371712428515;0.005659999999999998;0.05495053746902529
2021-05-12;53870;1.20705;1.21454;1.21522;1.20656;1.1672197;0.039830299999999985;87168.91333333333;0.6179955438241533;-0.6396009285326243;1.207465;53.367746698184504;0.0042898636620472;0.004180662234459076;0.0001092014275881235;43.12723556463958;66.66518670315689;1.2063625;1.217233645063996;1.195491354936004;1.21818;1.19425;1.206215;28.819687759235048;26.18024030248001;17.84202957181436;-0.005519999999999969;0.05531905747128122
2021-05-13;56278;1.20788;1.20677;1.21062;1.20515;1.1675797333333333;0.04030026666666675;86779.58666666667;0.6485165712550085;0.06876268588709156;1.207465;54.093186338792584;0.003960974500038628;0.004136724687574987;-0.0001757501875363594;47.36842105263194;57.77550672798503;1.206925;1.216846311405377;1.1970036885946231;1.21818;1.19425;1.206215;27.818033797978565;24.659834533124737;18.302847420242124;-0.004109999999999836;0.05487639238543346
2021-05-14;45191;1.21458;1.20783;1.21478;1.20709;1.1679894666666666;0.046590533333333406;86282.60333333333;0.5237556384965525;0.5546908633307979;1.21488;59.56192033158575;0.004192631430088634;0.004147906036077716;4.472539401091744e-05;81.60449667858951;57.366717765287;1.207743;1.2173513465800563;1.1981346534199437;1.21818;1.19425;1.206215;27.494542606403662;27.03884010355549;16.82363853782353;0.012429999999999941;0.05489449513775452
2021-05-17;42521;1.21518;1.21428;1.21688;1.21261;1.1684757333333333;0.046704266666666605;85710.30333333333;0.496101382754742;0.04939979252087667;1.21488;60.021224376102644;0.004374212997163784;0.00419316742829493;0.00018104556886885427;84.67041389882422;71.21444387668187;1.208318;1.2182557071803557;1.1983802928196443;1.21818;1.19861;1.2083949999999999;27.475805731199014;28.059560422353897;16.04807052388948;0.008869999999999933;0.05520911067458497
2021-05-18;40867;1.22233;1.21514;1.22338;1.21492;1.1689844;0.05334559999999988;85062.77;0.4804334493221323;0.5883901973370298;1.219965;65.10731005901408;0.005036999546898624;0.004361933852015669;0.0006750656948829549;95.76100121114253;87.34530392951875;1.2092515;1.2206620289536687;1.1978409710463311;1.22338;1.19861;1.210995;28.21870690222067;32.42730747290529;14.610912656404833;0.020959999999999868;0.056763442634034746
2021-05-19;56369;1.2176;1.22226;1.22453;1.216;1.1694683333333333;0.048131666666666684;84553.27;0.6666684801190224;-0.3869658766454176;1.219965;59.69672223176747;0.005121553116669286;0.0045138577049463925;0.0006076954117228937;73.26388888888928;84.56510133295201;1.209954;1.2216014982722698;1.1983065017277301;1.22453;1.19861;1.21157;29.028862368997984;30.748314225836832;13.316058925963109;0.017060000000000075;0.05819690637486241
2021-05-20;42157;1.22282;1.21687;1.22292;1.21675;1.1699486666666667;0.05287133333333327;84123.84333333334;0.5011302186105737;0.42871222076215076;1.220425;63.31951743992375;0.00554584376971845;0.004720254917900804;0.0008255888518176463;93.40277777777823;87.47588929260333;1.211015;1.2232751084824953;1.1987548915175046;1.22453;1.19861;1.21157;29.78114958814835;28.762704448396814;12.45615823006926;0.016410000000000036;0.06022119081199144
2021-05-21;45023;1.21803;1.2228;1.22398;1.21608;1.1703818000000001;0.04764819999999981;83769.13;0.5374652930022625;-0.39171750543826045;1.220425;58.15379385776322;0.005432956460629246;0.004862795226446493;0.0005701612341827526;74.92283950617298;80.52983539094683;1.211429;1.224044334954038;1.1988136650459622;1.22453;1.19861;1.21157;30.601310176784988;27.508060107689275;11.437711451587491;0.0016799999999999038;0.061654537002685694
2021-05-24;41596;1.22163;1.2181;1.22299;1.21726;1.1707762000000002;0.05085379999999984;83364.15333333334;0.4989674618738407;0.2955592226792536;1.2234150000000001;60.74577392275327;0.005569777441136292;0.005004191669384453;0.000565585771751839;88.81172839506208;85.71244855967109;1.2120805;1.2253718618189628;1.198789138181037;1.22453;1.19861;1.21157;31.362887866233297;25.856708063337198;10.751087672435267;0.008790000000000076;0.06309339199969188
2021-05-25;48833;1.2252;1.22136;1.22664;1.22098;1.1711471666666666;0.05405283333333344;83028.58333333333;0.5881468530415023;0.2922325090248368;1.2234150000000001;63.181308584349686;0.005898286443628997;0.005183010624233363;0.0007152758193956343;94.72913616398284;86.1545680217393;1.2128824999999999;1.227263246677506;1.1985017533224938;1.22664;1.19861;1.212625;32.494307709845415;28.1755811514087;10.105739205398663;0.010380000000000056;0.06492799424901105
2021-05-26;43846;1.21925;1.22502;1.2263;1.2182;1.1715297999999998;0.0477202000000001;82737.90333333334;0.5299384953392949;-0.48563499836762336;1.21935;56.85028443423013;0.005613804477563322;0.005269169394899355;0.00034463508266396707;65.61191251744995;83.05092569216497;1.2132165;1.2278605817739663;1.1985724182260336;1.22664;1.19861;1.212625;32.73962380465848;25.789737037757586;12.156231355391895;0.012199999999999989;0.0658532501170455
2021-05-27;47552;1.21945;1.21917;1.2215;1.21752;1.1719160666666668;0.04753393333333311;82393.51;0.5771328348554908;0.0164035267582463;1.21935;57.006235569083714;0.005342899182468219;0.005283915352413128;5.898383005509093e-05;66.54257794322929;75.62787554155402;1.2135894999999999;1.2284677747320587;1.198711225267941;1.22664;1.19861;1.212625;32.775408711536606;24.683718263351004;12.367624866994625;0.011569999999999858;0.06603260748465556
2021-05-28;48326;1.2193;1.21936;1.2205;1.21327;1.1723262333333333;0.04697376666666675;82164.07666666666;0.5881645843359135;-0.012300627331984781;1.2209900000000002;56.840310125349276;0.005057797892209059;0.005238691860372315;-0.00018089396816325584;65.8445788738953;65.99968977819151;1.214447;1.2285456298626019;1.2003483701373983;1.22664;1.19861;1.212625;31.69064301258495;22.77308489235496;15.960376804194798;0.0047200000000000575;0.06555070150553645
2021-05-31;27059;1.22268;1.21998;1.22314;1.21834;1.1727828000000002;0.04989719999999975;81845.1;0.3306123396513254;0.277208234232762;1.2209900000000002;59.68764727564279;0.005046418842664435;0.00520023725683074;-0.00015381841416630456;81.57282456956742;71.319993795564;1.2152655;1.2292799888955206;1.2012510111044796;1.22664;1.19861;1.212625;31.11224061986504;24.463058560165432;15.123417497437467;0.007500000000000062;0.06506544087951739
2021-06-01;41346;1.2214;1.22268;1.22544;1.22117;1.1732516333333332;0.048148366666666886;81621.51;0.5065576463850636;-0.10468806228939309;1.2211850000000002;58.12380633359079;0.004877886324158975;0.005135767070296387;-0.00025788074613741167;75.6165658445793;74.34465642934734;1.216267;1.2289675245562022;1.2035664754437978;1.22664;1.19861;1.212625;30.92435259989071;25.869457449611772;14.399990472709693;-0.0009299999999998754;0.0642631090942672
2021-06-02;42599;1.22097;1.22124;1.22266;1.21642;1.1737236333333334;0.047246366666666706;81446.41666666667;0.5230309907228753;-0.035205501883084356;1.2211850000000002;57.5780382288316;0.004655954734741119;0.0050398046031853334;-0.00038384986844421445;70.99744245524371;76.06227762313014;1.2172885;1.2278755397658043;1.2067014602341957;1.22664;1.19932;1.21298;29.606609025888567;24.058319722992117;18.721174584126008;0.003370000000000095;0.06308707574672061
2021-06-03;45097;1.21271;1.22114;1.22142;1.21184;1.1741353333333335;0.038574666666666424;81277.98333333334;0.5548489043465168;-0.6765112983939114;1.214685;48.212910064027746;0.0037701000167100762;0.0047858636858902825;-0.0010157636691802063;5.878378378377911;50.83079555940031;1.2176035;1.2272062439309155;1.2080007560690846;1.22664;1.20515;1.215895;27.520937349722995;21.562419342261155;21.738744087104266;-0.010110000000000063;0.060252726563089914
2021-06-04;44675;1.21666;1.21274;1.21856;1.2104;1.1745726333333335;0.04208736666666657;81125.63333333333;0.55068907525728;0.3257167830726271;1.214685;52.215538609751626;0.0033481899098002366;0.004498328930672273;-0.0011501390208720364;38.54679802955752;38.47420628772638;1.217619;1.2272145987829177;1.2080234012170823;1.22664;1.20515;1.215895;25.849836678267614;19.68876385888914;21.383199173120428;-0.0013699999999998713;0.0569521730079936
2021-06-07;34170;1.21895;1.21623;1.22019;1.21451;1.1749925666666667;0.04395743333333324;80937.87666666666;0.42217564145796654;0.18822020942579343;1.2181250000000003;54.41525350152716;0.003162155610542783;0.0042310942666463755;-0.0010689386561035926;52.64778325123178;32.3576532197224;1.2179245;1.2272780415219446;1.2085709584780555;1.22664;1.20515;1.215895;24.03250349599667;20.239670209998668;20.07551800086832;-0.0026800000000000157;0.053740399753375766
2021-06-08;39348;1.2173;1.21894;1.21942;1.21643;1.1754067;0.04189330000000013;80935.69666666667;0.48616372775599515;-0.13536240206735162;1.2181250000000003;52.538569762352715;0.002848742349180977;0.003954623883153296;-0.001105881533972319;42.487684729064746;44.56075533661801;1.2180485;1.2272993189368695;1.2087976810631307;1.22664;1.20515;1.215895;22.34497982674508;19.561499741844095;19.402847779474662;-0.007900000000000018;0.050354930602040035
2021-06-09;31838;1.21792;1.21728;1.2218;1.21712;1.1758300666666666;0.04208993333333333;80845.15333333334;0.3938145787011441;0.050932391357916273;1.2177650000000002;53.191827479211895;0.0026201850378670954;0.003687736114096056;-0.0010675510762289606;46.30541871921155;47.14696223316935;1.2185920000000001;1.2263512515104718;1.2108327484895285;1.22664;1.20515;1.215895;21.266386431857654;21.234451802265447;18.365560668653103;-0.0013300000000000534;0.0470006797267248
2021-06-10;47741;1.21761;1.21798;1.21946;1.21434;1.1762281666666667;0.04138183333333334;80757.86333333333;0.591162247606032;-0.025453231739347437;1.2177650000000002;52.80050348400506;0.0023865269160356917;0.0034274942744839834;-0.0010409673584482917;44.39655172413883;44.39655172413837;1.2190785;1.225120249001967;1.2130367509980329;1.22664;1.20709;1.2168649999999999;19.83885098215694;19.976233762298296;20.494620948260014;-0.0018399999999998418;0.04366992238352944
2021-06-11;40715;1.21079;1.21639;1.2193;1.20926;1.1766270666666665;0.034162933333333534;80648.75333333333;0.5048435135967172;-0.5601136652951366;1.2113850000000002;44.96336167283484;0.0016322189639905726;0.0030684392123853012;-0.0014362202483947286;8.80322209436154;33.16839751257064;1.2188890000000001;1.2256751355720885;1.2121028644279117;1.22664;1.20926;1.21795;19.4671773722694;17.75459220294108;23.84250180309926;-0.008510000000000018;0.039314227359256874
2021-06-14;36528;1.21198;1.21074;1.21305;1.20943;1.177054;0.03492600000000001;80470.42333333334;0.45393075476545225;0.09828293923801468;1.2113850000000002;46.45674627962847;0.0011175649392944909;0.0026782643577671393;-0.0015606994184726485;15.96244131455437;23.054071711018242;1.2187290000000002;1.2259915585025363;1.211466441497464;1.22664;1.20926;1.21795;19.122051877373828;17.019621840078283;22.855515901002455;-0.010699999999999932;0.03457565570575132
2021-06-15;38563;1.21255;1.21197;1.21474;1.21014;1.1774721;0.035077900000000106;80333.56;0.48003598993988567;0.04703047905081359;1.20696;47.19584163645792;0.0007470802767628459;0.002292027541566281;-0.001544947264803435;20.3337453646477;15.033136257854531;1.2182400000000002;1.225778623216659;1.2107013767833414;1.22664;1.20926;1.21795;18.39540173502673;18.076824793015845;21.63018521969225;-0.008850000000000025;0.0298093792996011
2021-06-16;51546;1.19958;1.21263;1.21349;1.19954;1.1778499666666669;0.021730033333333232;80306.04666666666;0.6418694748348164;-1.0696466125108217;1.2051700000000003;35.26667645257969;-0.0005863430944712533;0.001716353414358774;-0.0023026965088300275;0.1544401544403087;12.150208944547453;1.217339;1.228435884067283;1.2062421159327168;1.22664;1.19954;1.21309;19.35288999430932;15.38334290542975;29.72925664350535;-0.02139000000000002;0.0230842220369213
2021-06-17;64946;1.19062;1.19944;1.20064;1.1892;1.1781997;0.01242030000000005;80294.66333333333;0.8088457850601684;-0.7469280914986998;1.1883900000000003;29.684659990614094;-0.0023391238771253153;0.0009052579560619562;-0.0032443818331872715;3.91832229580567;8.135502604964554;1.215729;1.231525998322551;1.199932001677449;1.22664;1.1892;1.20792;21.258360504098935;13.594429211384993;36.782808172339294;-0.022089999999999943;0.013850927827985996
2021-06-18;67253;1.18616;1.19076;1.1925;1.18475;1.1785458666666666;0.007614133333333495;80344.65666666666;0.8370562871282206;-0.37459474895431555;1.1883900000000003;27.362984206076945;-0.004041511967499689;-8.409602865037285e-05;-0.003957415938849317;3.465224870975988;2.5126624404073175;1.2141354999999998;1.234462684236943;1.1938083157630566;1.22664;1.18475;1.205695;23.36763605728532;12.531279454466226;38.396685388575925;-0.03049999999999997;0.002590759475708968
2021-06-21;59286;1.1918;1.1857;1.19213;1.18476;1.1789266;0.012873399999999924;80286.14333333333;0.7384337762227291;0.47548391448033467;1.1929600000000002;34.354966148846344;-0.0048793201640322525;-0.001043140855726749;-0.003836179308305504;18.596676338696863;8.660074501826168;1.212644;1.2348439445044936;1.1904440554955065;1.22664;1.18475;1.205695;25.326249070958394;11.602058516927508;35.549489767027836;-0.027150000000000007;-0.008642193127055902
2021-06-22;51176;1.19412;1.19182;1.19526;1.1881;1.1792983;0.01482170000000016;80254.12666666666;0.6376743742107088;0.19466353415003024;1.1929600000000002;37.03970841262377;-0.005295046583947416;-0.0018935220013708825;-0.0034015245825765334;25.29014844804344;15.784016552572092;1.21109;1.2338995366021002;1.1882804633978998;1.2263;1.18475;1.205525;26.422252096256447;13.914044515155114;32.99009457258983;-0.02317999999999998;-0.018987146232261682
2021-06-23;49374;1.19267;1.19395;1.197;1.19116;1.1796640666666665;0.013005933333333441;80235.95666666667;0.6153600212572258;-0.1214283321609333;1.1929100000000001;36.04741624109691;-0.005676085270958531;-0.0026500346552884124;-0.0030260506156701184;21.376518218623268;21.754447668454517;1.209761;1.23358855035673;1.18593344964327;1.22544;1.18475;1.205095;27.051923123138806;14.858585695601164;31.027905101299513;-0.025249999999999995;-0.02849249574003724
2021-06-24;44615;1.19315;1.19257;1.19564;1.19178;1.1800346666666668;0.013115333333333146;80198.31;0.5563084808145513;0.04024583497530543;1.1929100000000001;36.65242259445881;-0.0058716445240760695;-0.003294356629045944;-0.0025772878950301257;22.67206477732782;23.1129104813315;1.208446;1.2328845960317376;1.1840074039682622;1.22544;1.18475;1.205095;27.636617648100998;14.255073591031131;29.767642739072926;-0.02446000000000015;-0.036897882894048654
2021-06-25;43393;1.19362;1.19318;1.19753;1.19264;1.180389;0.013230999999999993;80151.98;0.5413840057350372;0.03939152663119394;1.1930200000000002;37.278116943263925;-0.005920454257725805;-0.0038195761547819163;-0.0021008781029438883;23.940620782725848;22.663067926225636;1.2071619999999998;1.2318814365632071;1.1824425634367925;1.22544;1.18475;1.205095;27.731391990879622;15.535920196030878;28.204723299232736;-0.01717000000000013;-0.044061138849037194
2021-06-28;45184;1.19242;1.19338;1.19446;1.19025;1.1807132000000002;0.011706799999999795;80042.28333333334;0.5645016373636812;-0.10053450847001821;1.1930200000000002;36.29248007488147;-0.005986952433574055;-0.004253051410540345;-0.0017339010230337107;20.701754385965074;22.43814664867291;1.205649;1.2300866250074018;1.181211374992598;1.22544;1.18475;1.205095;28.120924716571142;14.81473950907099;29.530710714282364;-0.019560000000000022;-0.050194964382948716
2021-06-29;44269;1.18965;1.19231;1.19308;1.18777;1.1810185;0.008631500000000125;80004.85333333333;0.5533289313780939;-0.2323006994179866;1.1877100000000003;34.054188229990686;-0.006191793426804759;-0.004640799813793228;-0.001550993613011531;14.116969173149306;19.58644811394674;1.2040615;1.22832446954213;1.1797985304578698;1.22266;1.18475;1.203705;28.779825137023774;13.936033880471069;30.549328503326816;-0.02289999999999992;-0.055727177659771886
2021-06-30;51541;1.18577;1.18968;1.1909;1.18452;1.1813364666666666;0.004433533333333406;79983.10333333333;0.6443986023547251;-0.32614634556382693;1.1877100000000003;31.155683651824518;-0.0065912353055261885;-0.00503088691213982;-0.0015603483933863682;3.59401955146628;12.804247703526883;1.2023015;1.2265097137094474;1.1780932862905524;1.2218;1.18452;1.20316;29.753193901796916;12.942721526691214;32.00273641046108;-0.0138100000000001;-0.061139188594781714
2021-07-01;47529;1.18498;1.18581;1.18843;1.18375;1.1816738999999998;0.0033061000000000895;79937.62333333334;0.5945760959367283;-0.0666233755281409;1.18581;30.58487542544499;-0.006892094494774792;-0.005403128428666815;-0.0014889660661079772;3.9690222652463643;7.226670329953978;1.200915;1.225748195122703;1.176081804877297;1.2218;1.18375;1.202775;30.740116374996216;12.252811805930442;31.173859718693713;-0.005640000000000089;-0.06625089750642346
2021-07-02;47778;1.18664;1.18505;1.18742;1.18075;1.1820307333333333;0.0046092666666666116;79904.57666666666;0.5979382157208186;0.1400867525190197;1.18581;33.34819145482223;-0.006916846343960836;-0.0057058720117256195;-0.0012109743322352168;17.328626066490017;8.297222627734214;1.199414;1.2238854056809616;1.1749425943190384;1.2218;1.18075;1.2012749999999999;31.97141138786557;11.326165054533407;32.21779224995995;0.0004799999999998139;-0.07054901596087605
2021-07-05;31654;1.1863;1.18622;1.18805;1.18514;1.1823744666666667;0.003925533333333231;79794.06;0.39669619518039356;-0.028652329265821397;1.18432;33.05791790895559;-0.00688453686575663;-0.005941604982531822;-0.0009429318832248077;16.951740989614983;12.749796440450448;1.1977815;1.2211535733141532;1.174409426685847;1.2218;1.18075;1.2012749999999999;32.93126594581338;11.68039539947384;31.112283534249375;-0.00550000000000006;-0.07403809692523312
2021-07-06;53772;1.18234;1.18624;1.1895;1.18072;1.1827028000000002;-0.0003628000000002185;79802.55;0.6738130548459074;-0.33381100901963556;1.18432;29.803972394113643;-0.0070966643473258095;-0.00617261685549062;-0.0009240474918351897;8.132530120481727;14.137632392195568;1.1960335;1.2185173922565042;1.1735496077434957;1.2218;1.18072;1.20126;34.27470242477638;10.508731860772833;33.04118992470657;-0.011780000000000124;-0.07733418178134133
2021-07-07;50949;1.17907;1.18234;1.1836;1.17817;1.1830308333333333;-0.003960833333333191;79790.32;0.638536103126214;-0.2765701913155172;1.1818500000000003;27.405118922425544;-0.007442842125223947;-0.006426661909437285;-0.0010161802157866622;4.648760330579137;9.911010480225277;1.1940909999999998;1.2153555356404044;1.1728264643595951;1.21946;1.17817;1.198815;35.753833930501415;9.85062111402575;33.91294031732181;-0.013599999999999834;-0.08074193698680349
2021-07-08;61384;1.18463;1.17902;1.1868;1.17836;1.1833634333333334;0.0012665666666666908;79799.49;0.7692279737626432;0.4715580923948526;1.1818500000000003;36.729921841460595;-0.007185712553773982;-0.006578472038304625;-0.0006072405154693566;33.36776859504193;15.38301968203426;1.192442;1.2111122197095263;1.1737717802904737;1.2193;1.17817;1.198735;36.205647561059145;12.51338154074116;30.695230528160355;-0.008519999999999861;-0.08302531570554168
2021-07-09;47414;1.18773;1.18397;1.1881;1.1825;1.1837162333333333;0.0040137666666666405;79747.53;0.5945513296774716;0.26168508310611127;1.1868750000000001;41.26032439064586;-0.00665507585188263;-0.006593792801020226;-6.128305086240422e-05;49.380165289256155;29.13223140495907;1.1912889999999998;1.2080332597925958;1.1745447402074038;1.21474;1.17817;1.1964549999999998;36.268522993793326;13.19280946384305;28.74631140986334;-0.005889999999999951;-0.08379479409587562
2021-07-12;41297;1.18602;1.18699;1.18802;1.18362;1.1840681666666666;0.0019518333333334859;79698.98333333334;0.5181621932023158;-0.14397211487457984;1.1868750000000001;39.57687888017104;-0.006299903782288174;-0.006535014997273816;0.0002351112149856418;40.54752066115763;41.098484848485235;1.1899909999999998;1.2039035840878647;1.176078415912135;1.21474;1.17817;1.1964549999999998;36.32690732418935;12.520169806919762;27.280671426391013;-0.006399999999999961;-0.08363085044877379
2021-07-13;50236;1.17767;1.18608;1.18753;1.17724;1.1843874;-0.0067174000000000955;79690.06333333334;0.6303922709894575;-0.704035345103804;1.1806500000000002;32.58545990283804;-0.006615938157594092;-0.006551199629337872;-6.473852825621997e-05;2.119270576638404;30.682318842350725;1.188247;1.1987338281192101;1.17776017188079;1.21349;1.17724;1.195365;37.13020736235163;11.095426688002116;31.231807427067704;-0.011980000000000102;-0.08404171936087906
2021-07-14;48259;1.18363;1.17766;1.18389;1.17719;1.1846947666666667;-0.0010647666666667721;79679.94333333333;0.6056605712946744;0.5060840473137596;1.1806500000000002;40.64525005597024;-0.006312706535311241;-0.006503501010532547;0.0001907944752213061;31.66175024582101;24.77618049453901;1.1874495;1.1967234149770651;1.178175585022935;1.20064;1.17719;1.188915;37.881389741475516;10.275502795178937;28.97900342716151;-0.0021400000000000308;-0.08369180466931117
2021-07-15;49142;1.18111;1.1837;1.18508;1.17964;1.1849908666666666;-0.003880866666666538;79663.54333333333;0.6168693726611018;-0.21290437045359267;1.1808200000000002;38.54680542515617;-0.006204217867878281;-0.006443644382001694;0.00023942651412341316;22.69832078749345;18.826447203317617;1.1869739999999998;1.1965201267539152;1.1774278732460843;1.19753;1.17719;1.18736;38.21236920208444;10.97952214616167;27.220153123163616;-0.003869999999999818;-0.08309455244192832
2021-07-16;45054;1.18053;1.18142;1.18224;1.17923;1.1852665999999998;-0.004736599999999758;79644.0;0.5656923308723111;-0.04910634911228229;1.1808200000000002;38.05976395535447;-0.006094784092905092;-0.006373872324182374;0.00027908823127728143;21.01950912523681;25.126526719517084;1.1866925;1.196641574077612;1.176743425922388;1.19753;1.17719;1.18736;38.57198494811771;10.596298843594667;26.745504798546648;-0.006109999999999838;-0.08229122475061129
2021-07-19;55364;1.17989;1.1808;1.18245;1.17639;1.1855498;-0.005659799999999882;79653.72666666667;0.6950585028077747;-0.05421293825654816;1.1789700000000003;37.496764456564875;-0.005990643282394181;-0.006297226515824736;0.00030658323343055443;24.12129565816715;22.613041856965797;1.186097;1.1961768355146198;1.17601716448538;1.19753;1.17639;1.18696;39.25752799816672;9.850825836079476;28.160933627964763;-0.006409999999999805;-0.08132964531037348
2021-07-20;54548;1.17805;1.17961;1.18028;1.17557;1.1858422333333334;-0.007792233333333343;79683.12666666666;0.6845614910190501;-0.1559467407978743;1.1789700000000003;35.8546264516426;-0.005987562666952773;-0.006235293746050343;0.0002477310790975707;17.803302225413052;20.981369002939;1.1852934999999998;1.1952482863363192;1.1753387136636804;1.19753;1.17557;1.18655;39.99133013359814;9.30301048073743;27.563049291812735;-0.004289999999999905;-0.08044621532511047
2021-07-21;43895;1.17943;1.17813;1.18048;1.1752;1.1861413333333333;-0.006711333333333291;79728.11;0.5505586423658418;0.1171427358770849;1.1782650000000001;38.046071839492335;-0.005806829276883585;-0.006149600852216991;0.0003427715753334063;29.580419580419317;23.83500582133317;1.1846314999999998;1.1942926785513852;1.1749703214486145;1.19753;1.1752;1.186365;40.71814251528217;8.717731726184024;26.269846196504577;0.00035999999999991594;-0.07927301068819881
2021-07-22;49996;1.1771;1.17925;1.18304;1.17574;1.1864041666666667;-0.009304166666666669;79720.11;0.6271441421743363;-0.19755305528941225;1.1782650000000001;35.82090111029228;-0.005784923295753863;-0.006076665340924366;0.00029174204517050297;13.286713286713395;20.223478364181915;1.183829;1.1931881706898488;1.1744698293101512;1.19753;1.1752;1.186365;40.47240291907714;10.974664807148622;24.01984347523166;-0.007530000000000037;-0.07818292382626536
2021-07-23;38407;1.17722;1.17708;1.17866;1.17545;1.1866584666666666;-0.0094384666666667;79573.07;0.48266329299592403;0.010194545917929787;1.178725;36.02841664951652;-0.005692262788649094;-0.0059997848304693124;0.00030752204182021847;14.125874125873523;18.99766899766874;1.183009;1.1916384562981512;1.1743795437018487;1.19446;1.1752;1.18483;40.29064147506161;10.546888503190118;23.435727765144073;-0.01051000000000002;-0.07702500703526809
2021-07-26;42153;1.18023;1.17736;1.18174;1.17634;1.1869001333333333;-0.006670133333333439;79468.09;0.5304393247653831;0.2556871272999084;1.178725;41.16704929449596;-0.005314682473525734;-0.005862764359080597;0.0005480818855548636;38.992248062014745;22.134945158200548;1.1823995;1.189936922570195;1.174862077429805;1.19308;1.1752;1.18414;39.07791689924113;13.613271189029694;21.889961358380063;-0.005790000000000184;-0.07523018776648067
2021-07-27;46093;1.18163;1.18032;1.18411;1.17702;1.1871386666666666;-0.005508666666666606;79326.78666666667;0.5810521506900089;0.11862094676462487;1.1829500000000002;43.44264842662789;-0.00484661034659406;-0.00565953355658329;0.0008129232099892301;49.84496124030992;34.32102780939939;1.1819985;1.1887641493407264;1.1752328506592735;1.1909;1.1752;1.1830500000000002;37.24082568559112;15.303527899242605;20.022620912404584;0.0039599999999999635;-0.07270960976153858
2021-07-28;51176;1.18427;1.18168;1.18496;1.17724;1.1873749333333334;-0.003104933333333504;79248.90333333334;0.6457628793264084;0.22342019075345387;1.1829500000000002;47.56158636621373;-0.004214056852883008;-0.005370438215843234;0.0011563813629602258;70.31007751937965;53.04909560723477;1.1819235000000001;1.188552120595695;1.1752948794043052;1.1895;1.1752;1.18235;35.29014321599992;14.913130454588996;18.201871030598753;0.0006399999999999739;-0.06923590898664667
2021-07-29;40272;1.18869;1.1844;1.18928;1.18405;1.1876142333333333;0.0010757666666667554;79112.48;0.509047371539799;0.37322570022040313;1.1878250000000001;53.64807710200358;-0.003317850476295625;-0.004959920667933712;0.0016420701916380872;95.80965909090999;71.98823261686651;1.182109;1.1892567014488349;1.1749612985511653;1.1895;1.1752;1.18235;33.174959497491805;19.124352976343687;17.069425451724356;0.00757999999999992;-0.0644114444048299
2021-07-30;43653;1.18696;1.18877;1.19086;1.18516;1.1878262;-0.0008661999999999281;78951.34;0.5529101849315601;-0.14553836576399748;1.1878250000000001;51.14579718870538;-0.00271588991941063;-0.004511114518229096;0.001795224598818466;75.09578544061294;80.40517401696752;1.1821249999999999;1.1893145104146023;1.1749354895853974;1.19086;1.1752;1.18303;31.56769024432078;19.70926867460054;15.90779212025537;0.006429999999999936;-0.059044210255247295
2021-08-02;36192;1.18717;1.18676;1.1897;1.18405;1.1880049333333333;-0.0008349333333332876;78739.74666666667;0.4596407980991989;0.0176922558468684;1.1868400000000001;51.44187205343303;-0.0021965659512594993;-0.0040482048048351765;0.0018516388535756772;76.43678160919559;82.44740871357284;1.1821685;1.1894682103368337;1.1748687896631662;1.19086;1.1752;1.18303;29.77066338820212;18.374448534026804;16.16096532901574;0.007279999999999953;-0.05339244284954525
2021-08-03;37586;1.18651;1.1869;1.18933;1.18536;1.1881966333333334;-0.0016866333333334094;78537.39666666667;0.4785745593213392;-0.05559439675868472;1.1868400000000001;50.40790294623993;-0.0018173056804715593;-0.0036020249799624533;0.001784719299490894;72.22222222222175;74.58492975734342;1.182377;1.1899185995651906;1.1748354004348094;1.19086;1.1752;1.18303;28.101995593234793;17.47869606486635;15.373119937592186;0.008459999999999912;-0.047795664183797215
2021-08-04;39762;1.18371;1.18664;1.18997;1.18328;1.1883776666666668;-0.004667666666666737;78422.90666666666;0.5070202277633202;-0.23598621166276423;1.1834500000000001;46.16822600825628;-0.0017228162297919791;-0.003226183229928359;0.0015033670001363799;54.342273307790634;67.66709237973599;1.182609;1.1900136307133908;1.1752043692866092;1.19086;1.1752;1.18303;26.2241250341138;16.05804727152786;16.650666283730562;0.0042800000000000615;-0.042842108346744956
2021-08-05;36854;1.18319;1.18367;1.18574;1.18282;1.1885421999999999;-0.005352199999999918;78262.31333333334;0.4709035349239863;-0.04392967872198783;1.1834500000000001;45.40445598931724;-0.0016706342814838404;-0.0029150734402394554;0.001244439158755615;51.021711366538554;59.195402298850304;1.182537;1.189889444763593;1.1751845552364069;1.19086;1.1752;1.18303;24.607107523880224;15.467127162359409;16.617648687584854;0.006089999999999929;-0.03853429569339812
2021-08-06;37198;1.17604;1.18352;1.1836;1.17544;1.1886704333333333;-0.012630433333333357;78057.66;0.4765451590528749;-0.6042985488383112;1.174835;36.47042218258169;-0.0021810827917101427;-0.002768275310533593;0.0005871925188234502;5.363984674329192;36.909323116219454;1.1819525;1.1894184651085222;1.1744865348914777;1.19086;1.1752;1.18303;24.743979264602196;13.924990265103906;23.97816139849023;-0.0011799999999999589;-0.03594476574237011
2021-08-09;36714;1.17363;1.17602;1.17694;1.1735;1.1888165333333334;-0.015186533333333418;77721.40333333334;0.47237953028891455;-0.20492500255093749;1.174835;34.03920264330813;-0.0027484019060846077;-0.0027643006296437962;1.589872355918856e-05;0.7488479262670689;19.044847989044936;1.181333;1.189379701436095;1.173286298563905;1.19086;1.1735;1.18218;25.202243012943114;13.321966302598026;25.381992959621023;-0.006599999999999939;-0.03494547238281148
2021-08-10;32059;1.17202;1.17364;1.17429;1.171;1.1889700666666665;-0.01695006666666643;77381.20666666667;0.41429956162477166;-0.13718122406549682;1.17299;32.48140271481803;-0.0032899949226903313;-0.0028694394882531034;-0.0004205554344372279;5.135951661631528;3.749594754075925;1.1810505;1.1899439278544126;1.1721570721455874;1.19086;1.171;1.18093;26.023694685408703;12.753140920435946;27.542776941133884;-0.009609999999999896;-0.03525287551006448
2021-08-11;34797;1.17396;1.17206;1.17538;1.1706;1.1891090333333334;-0.015149033333333506;77061.94666666667;0.4515458213184097;0.16552618555996101;1.17299;36.26636476118546;-0.0035220692813104915;-0.002999965446864581;-0.0005221038344459103;16.584402764066223;7.489734117321601;1.180567;1.1898880645315666;1.1712459354684333;1.19086;1.1706;1.18073;26.430760339858022;13.382525511440424;25.817936795623037;-0.010310000000000041;-0.03603613009552375
2021-08-12;28636;1.17302;1.17387;1.17482;1.17238;1.1892645666666668;-0.01624456666666685;76782.17333333334;0.37295115202951107;-0.08007087123922396;1.17627;35.23566679444609;-0.0037387421345735916;-0.0031477207844063833;-0.0005910213501672083;11.944718657452484;11.221691027716739;1.1801625000000002;1.1900397584759954;1.170285241524005;1.19086;1.1706;1.18073;26.808749876132392;12.937149980673851;24.95870605522068;-0.015670000000000073;-0.03719013540175774
2021-08-13;28017;1.17952;1.17295;1.18047;1.17293;1.1894486;-0.009928600000000065;76520.26333333334;0.36613831133787705;0.5541252493563631;1.17627;46.54820103571868;-0.0033473748015508953;-0.003187651587835286;-0.00015972321371560908;44.027640671272664;24.185587364263785;1.180112;1.1899915538361616;1.1702324461638385;1.19086;1.1706;1.18073;25.469419032051828;19.118801439428253;22.470082833569123;-0.007440000000000113;-0.03740097572474676
2021-08-16;29596;1.17758;1.17954;1.1801;1.17675;1.1896390000000001;-0.012059000000000042;76281.24;0.38798530280834603;-0.16447368421050879;1.1742050000000002;44.073759687136956;-0.0031573590870568324;-0.0031815930876795957;2.4234000622763274e-05;34.452122408687096;30.141493912470747;1.1799965000000001;1.1899375548233886;1.1700554451766116;1.19086;1.1706;1.18073;24.22575467683416;18.248207885257862;21.446885362819877;-0.009589999999999987;-0.03721723003398791
2021-08-17;39746;1.17083;1.17788;1.17844;1.17082;1.1898158666666665;-0.018985866666666462;76094.14;0.5223266863912882;-0.5732094634759433;1.1742050000000002;36.75303327315988;-0.0035109666145949348;-0.0032474677930626637;-0.00026349882153227106;1.1352418558734112;26.53833497861105;1.1796355;1.1903289774045491;1.168942022595451;1.19086;1.1706;1.18073;24.249363762356975;16.416978071716887;27.10414861594715;-0.015679999999999916;-0.03781710000617985
2021-08-18;39093;1.17091;1.17099;1.17426;1.16939;1.1899650666666668;-0.019055066666666898;75955.97;0.5146797545998669;0.006832759666197674;1.1692950000000002;36.88683598885294;-0.003741616767343192;-0.0033462975879187695;-0.0003953191794244227;7.079646017698923;14.222336760753137;1.1792095;1.1905604021228091;1.167858597877191;1.19086;1.16939;1.1801249999999999;24.511226379266898;15.356335863455978;27.250113974002332;-0.012800000000000145;-0.03883067210605006
2021-08-19;47163;1.16768;1.17108;1.17166;1.16658;1.1900877666666665;-0.02240776666666644;75765.39;0.6224873916704419;-0.2758538230948404;1.1692950000000002;33.77958225027882;-0.004137349886820019;-0.0035045080476990196;-0.0006328418391209991;4.702864471997007;4.305917448523108;1.1787385;1.1911341238649604;1.1663428761350394;1.19086;1.16658;1.17872;25.19775858945558;14.317242651454896;29.14913415142723;-0.015509999999999913;-0.040536217148866585
2021-08-20;35980;1.16999;1.16754;1.17046;1.1664;1.1902377333333334;-0.020247733333333295;75560.21333333333;0.47617652747047884;0.1978281721019437;1.1722900000000003;37.81409781129725;-0.004215974411916568;-0.003646801320542529;-0.0005691730913740386;15.231226134917277;9.004578874871063;1.178377;1.1913375109467785;1.1654164890532215;1.19086;1.1664;1.17863;25.863039847748723;13.529309210514112;27.788936725373663;-0.006049999999999889;-0.042173689746034686
2021-08-23;34229;1.17459;1.16954;1.17502;1.16905;1.1904136333333333;-0.015823633333333254;75356.09666666666;0.45423000280130565;0.3931657535534372;1.1722900000000003;45.000166858558735;-0.003862577963922087;-0.003689956649218441;-0.00017262131470364593;34.74756045820944;18.227217021707904;1.178095;1.1911272024232882;1.1650627975767116;1.19086;1.1664;1.17863;25.147672859864254;18.56776265334184;25.56129199523889;0.0009600000000000719;-0.04285467116194638
2021-08-24;31585;1.17576;1.17459;1.17651;1.17272;1.1905933333333334;-0.014833333333333476;75230.18666666666;0.4198447644420193;0.09960922534670846;1.1765150000000002;46.687652047490644;-0.0034483490891235036;-0.003641635137199454;0.00019328604807595032;48.39710444674175;32.791963679956154;1.1778015;1.1907662572673594;1.1648367427326405;1.19086;1.1664;1.17863;24.09818874532022;19.64569180546939;24.233182113297488;0.0037399999999998546;-0.04258860775958352
2021-08-25;35052;1.17727;1.1756;1.17745;1.17261;1.1907700333333333;-0.013500033333333272;75094.81;0.46676994055907906;0.1284275702524429;1.1765150000000002;48.86810275967884;-0.0029640575309297645;-0.003506119615945516;0.0005420620850157517;63.197674418604706;48.78077977451863;1.1774514999999999;1.1900722420939318;1.164830757906068;1.19086;1.1664;1.17863;22.88178611461158;19.63073939447534;22.61704604109514;0.003310000000000146;-0.0413663996396509
2021-08-26;37333;1.17519;1.17718;1.1779;1.1746;1.1909428;-0.01575280000000001;74955.29;0.498070249611402;-0.176679945976721;1.1774200000000001;46.07276790716774;-0.002716774315468129;-0.003348250555850039;0.0006314762403819099;62.473347547974235;58.02270880444022;1.1767765000000001;1.1883187151687415;1.1652342848312587;1.19086;1.1664;1.17863;21.633271680747544;19.3509043689136;21.56121605771916;0.0021700000000000053;-0.039818409442541045
2021-08-27;42043;1.17965;1.17522;1.18024;1.1735;1.1911245666666668;-0.011474566666666686;74836.12666666666;0.56180085571854;0.37951310000936544;1.1774200000000001;52.36482088475691;-0.002136290037651145;-0.00310585845221026;0.000969568414559115;94.17199715707298;73.28100637455064;1.176411;1.1870692848527105;1.1657527151472897;1.18997;1.1664;1.178185;20.305576855511816;20.7818845782907;19.553454041664654;0.00013000000000018552;-0.03730314452623035
2021-08-30;28335;1.17969;1.17958;1.18098;1.17828;1.1913104;-0.011620400000000197;74672.71;0.3794558949313103;0.0033908362649714974;1.180275;52.41844161430228;-0.0016539585944876922;-0.0028154784806657465;0.0011615198861780543;91.15226337448539;82.59920269317753;1.176037;1.1856306793776688;1.1664433206223312;1.18997;1.1664;1.178185;19.256732548615325;21.037768130745523;18.798282350012542;0.0021099999999998342;-0.03416731199439521
2021-08-31;44272;1.18086;1.17966;1.18452;1.17951;1.1914974666666667;-0.01063746666666665;74602.12333333334;0.5934415539646266;0.09917859776722437;1.180275;54.04781868926191;-0.0011638817248356137;-0.0024851591294997198;0.001321277404664106;79.80132450331118;88.37519501162319;1.1757545;1.1843820708633137;1.1671269291366864;1.18997;1.1664;1.178185;19.094506025662103;24.592927368129473;17.451453340276576;0.010029999999999983;-0.03048922608621754
2021-09-01;39160;1.18399;1.18088;1.18573;1.17937;1.1916744666666668;-0.007684466666666667;74492.44333333333;0.5256909056501804;0.2650610571956147;1.1857600000000001;58.17420862657757;-0.0005169681463348397;-0.002091520932866744;0.0015745527865319042;90.99844800827798;87.31734529535817;1.1757685;1.184448413075688;1.167088586924312;1.18574;1.1664;1.1760700000000002;19.19552460356731;24.096223384732276;15.894599127665906;0.013080000000000203;-0.026027359181882922
2021-09-02;31968;1.18753;1.1839;1.18761;1.18345;1.1918747666666667;-0.004344766666666722;74331.43;0.4300737924723862;0.2989890117315097;1.1857600000000001;62.29778983447255;0.00027815751370208197;-0.0016175852435529787;0.0018957427572550607;99.62281942479925;90.14086397879613;1.1759855;1.185566907986382;1.1664040920136178;1.18761;1.1664;1.177005;19.66580387595656;25.343524017307235;14.954834986727993;0.019849999999999923;-0.020594094919686105
2021-09-03;40106;1.18784;1.1875;1.1909;1.18656;1.1920576333333335;-0.00421763333333347;74215.24;0.5404011359391224;0.02610460367318268;1.1874200000000004;62.64510283915752;0.0009226786716944879;-0.0011095324605034855;0.0020322111321979734;87.51020408163238;92.71049050490319;1.1765755;1.1874620154664624;1.1656889845335376;1.1909;1.1664;1.1786500000000002;20.69137410660537;28.486863775195197;14.02329713059817;0.01784999999999992;-0.014650978798412232
2021-09-06;22859;1.187;1.1882;1.18864;1.18558;1.1922526999999998;-0.005252699999999777;73992.96666666666;0.30893476812431603;-0.07071659482758008;1.1874200000000004;61.00518070102641;0.00135012198725315;-0.0006176015709521584;0.0019677235582053086;84.08163265306115;90.40488538649758;1.177244;1.1889370533224448;1.165550946677555;1.1909;1.1664;1.1786500000000002;21.31431077100309;27.20036325099546;14.836327018629209;0.012410000000000032;-0.008731843104237896
2021-09-07;42117;1.18423;1.187;1.18852;1.18374;1.1924338;-0.008203800000000205;73886.03666666667;0.5700265151587862;-0.23336141533278898;1.1829;55.81620569331067;0.0014486588072806228;-0.0002043494953056022;0.001653008302586225;72.77551020408087;81.4557823129248;1.1778545;1.189667182125646;1.1660418178743541;1.1909;1.1664;1.1786500000000002;21.291499179756673;25.27979382941883;16.50673386312489;0.008469999999999978;-0.003525130179487819
2021-09-08;44805;1.18157;1.18388;1.18512;1.18022;1.1925914333333334;-0.011021433333333386;73814.93;0.6069910247153786;-0.22461852849530173;1.1829;51.3033911632949;0.0012971573550824012;9.595187477199848e-05;0.0012012054803104027;61.918367346938474;72.92517006802683;1.178235;1.1900115826962478;1.166458417303752;1.1909;1.1664;1.1786500000000002;20.24904127285492;23.451762399924668;20.507754646563786;0.0042999999999999705;0.0005462982033581138
2021-09-09;46982;1.18238;1.18158;1.18411;1.18052;1.1927327333333333;-0.010352733333333308;73666.93333333333;0.6377623972401044;0.06855285763855967;1.1817100000000003;52.561183899411574;0.00122829260073809;0.0003224200199652168;0.0009058725807728733;61.006864988558235;65.23358084652587;1.178703;1.1903567017295613;1.1670492982704388;1.1909;1.1664;1.1786500000000002;19.281044645017577;22.18594485288116;19.40084100658222;0.00719000000000003;0.00381489899575689
2021-09-10;41130;1.18104;1.18253;1.18512;1.18095;1.1928656999999998;-0.011825699999999717;73533.15333333334;0.5593395378210954;-0.11333073969450602;1.1817100000000003;50.24889882714363;0.0010534465100040524;0.00046862531797298396;0.0005848211920310685;46.09075997813065;56.33866410454245;1.178779;1.1904727793720242;1.1670852206279758;1.1909;1.1664;1.1786500000000002;18.63434605062526;22.3146341380608;18.173777281759442;0.0013900000000000023;0.006175481456397617
2021-09-13;39899;1.18108;1.18154;1.18171;1.17702;1.1930085666666665;-0.01192856666666664;73396.01333333334;0.5436126321846713;0.003386845492103774;1.18074;50.319158327634575;0.0009076446268361238;0.0005564291797456119;0.00035121544709051185;46.30945872061188;51.13569456243358;1.178954;1.1906754920552627;1.1672325079447374;1.1909;1.1664;1.1786500000000002;17.650270696376563;20.726816457407704;22.84313587023369;0.0013900000000000023;0.007820731421661287
2021-09-14;44953;1.1804;1.18111;1.18458;1.18001;1.1931350333333335;-0.01273503333333359;73341.33333333333;0.6129285896083229;-0.057574423409079145;1.18074;49.050970531184596;0.0007288238394331792;0.0005909081116831254;0.00013791572775005375;39.65517241379238;44.018463704178295;1.1794325;1.1905543629285564;1.1683106370714438;1.1909;1.1664;1.1786500000000002;16.770359038966767;23.650152165363455;21.255978447105235;-0.000460000000000127;0.008788088810140662
2021-09-15;43513;1.18157;1.1803;1.18319;1.17971;1.1932576666666668;-0.011687666666666763;73171.21333333333;0.5946737523917974;0.09911894273129107;1.1792150000000003;51.324108260785685;0.0006737497314743823;0.0006074764356413768;6.627329583300549e-05;46.379310344827495;44.11464715974392;1.1799655000000002;1.1904032516257868;1.1695277483742137;1.1909;1.1664;1.1786500000000002;15.871892664404454;22.375241538546728;20.574846932977962;-0.0024200000000000887;0.00943636879456287
2021-09-16;44478;1.17686;1.18177;1.18206;1.17505;1.1933376666666666;-0.016477666666666613;72950.63333333333;0.6096999843272173;-0.39862217219461815;1.1792150000000003;43.00577457593194;0.00024719594624755814;0.0005354203377626131;-0.000288224391515055;11.419558359621913;32.484680372747256;1.1804245;1.189360162202748;1.1714888377972519;1.1909;1.1664;1.1786500000000002;15.579359912924977;20.032596431910722;25.38065849033597;-0.010669999999999957;0.009044589214172831
2021-09-17;41952;1.1726;1.17649;1.1789;1.17246;1.1933895666666665;-0.020789566666666426;72653.03666666667;0.5774294086628574;-0.3619801845589077;1.1726450000000004;37.142276120710875;-0.00042964472247697394;0.0003424073257146957;-0.0007720520481916697;0.75921908893725;19.519362597795546;1.180555;1.1889363328296652;1.1721736671703349;1.1909;1.16905;1.179975;15.83721869029533;18.1523131806183;26.773251822353817;-0.01523999999999992;0.007250065187466676
2021-09-20;43872;1.17269;1.17306;1.17365;1.17002;1.1934328333333333;-0.020742833333333266;72392.57;0.6060290441407722;0.007675251577676789;1.1726450000000004;37.33666041451133;-0.00094785727236113;8.435440609953052e-05;-0.0010322116784606606;12.787356321838836;8.322044590132661;1.18046;1.1891471192003806;1.1717728807996195;1.1909;1.17002;1.18046;16.53007072802399;17.173818763586496;28.9533926500822;-0.014310000000000045;0.004594040691668676
2021-09-21;43768;1.17256;1.1725;1.17488;1.1715;1.1934561666666668;-0.020896166666666716;72139.47666666667;0.6067135779516643;-0.011085623651596599;1.1707100000000001;37.157913167375185;-0.0013534328339812607;-0.00020320304191662772;-0.001150229792064633;12.164750957854336;8.570442122876804;1.1803000000000001;1.1894338732201415;1.1711661267798588;1.1909;1.17002;1.18046;16.806691253140382;18.159275901574546;27.468626431389836;-0.011669999999999847;0.0014446602024796367
2021-09-22;52622;1.16886;1.17252;1.17556;1.16848;1.1934352666666665;-0.02457526666666654;71870.10666666667;0.7321820217138866;-0.3155488844920562;1.1707100000000001;32.40309950617578;-0.0019509244240369927;-0.0005527473183407007;-0.001398177105696292;1.6949152542374897;8.882340844643549;1.1798795;1.1902264270318104;1.1695325729681896;1.1909;1.16848;1.17969;17.61840467065123;16.276413538885343;29.04327857168944;-0.012709999999999999;-0.002515386449724322
2021-09-23;48608;1.1739;1.16872;1.175;1.16836;1.1934426666666667;-0.019542666666666708;71584.62666666666;0.6790284766914555;0.43118936399568764;1.1729800000000004;43.086530382224744;-0.0019947605766559295;-0.0008411499700037466;-0.001153610606652183;27.31755424063076;13.725740150907525;1.179815;1.1902933042521968;1.1693366957478033;1.1909;1.16836;1.17963;18.393475375396296;14.733487491091074;26.46143151103888;-0.008480000000000043;-0.006009278206005684
2021-09-24;38918;1.17206;1.17384;1.17477;1.17007;1.1934194333333332;-0.021359433333333122;71294.16333333333;0.5458791881466484;-0.15674248232386834;1.1729800000000004;40.565856936845535;-0.0021531534531904484;-0.001103550666641087;-0.0010496027865493614;18.353174603174825;15.788548032681021;1.1794354999999999;1.1904464644900705;1.1684245355099292;1.1909;1.16836;1.17963;19.113183886945286;13.74058610868337;24.67817469939233;-0.008979999999999988;-0.009334073053377719
2021-09-27;44874;1.1695;1.17258;1.17258;1.16847;1.1933688333333334;-0.02386883333333345;71007.26333333334;0.6319635188493207;-0.21841885227720237;1.16894;37.29658562037712;-0.0024569295991567763;-0.001374226453144225;-0.0010827031460125514;6.801909307875457;17.490879383893677;1.1789260000000001;1.1907553218741223;1.167096678125878;1.1909;1.16836;1.17963;20.090201694255423;12.920590429536599;25.528646156407387;-0.011579999999999924;-0.012808889776133923
2021-09-28;56412;1.16838;1.16956;1.17034;1.16683;1.1933389333333333;-0.024958933333333322;70648.17666666667;0.7984919450385252;-0.09576742197520138;1.16894;35.93220083277089;-0.0027562763847526206;-0.0016506364394659042;-0.0011056399452867164;8.474576271186153;11.20988672741214;1.178302;1.1909460066435276;1.1656579933564724;1.1909;1.16683;1.178865;21.297598089714853;12.248336436011051;26.63141493867055;-0.01201999999999992;-0.016396067864944526
2021-09-29;54580;1.15973;1.16832;1.16901;1.15895;1.1932838;-0.03355379999999997;70421.76333333334;0.7750444950042515;-0.7403413273079029;1.1587100000000001;27.54979130647962;-0.003649425275065621;-0.002050394206585848;-0.001599031068479773;2.9805120366832334;6.0856658719149435;1.177089;1.191802891259675;1.1623751087403251;1.1909;1.15895;1.174925;23.51889461474911;10.553515800492551;33.78502824289749;-0.02184000000000008;-0.021306059137493814
2021-09-30;55969;1.15769;1.15982;1.16098;1.15627;1.1932085333333333;-0.03551853333333321;70224.27333333333;0.7970036191663268;-0.17590301190792967;1.1587100000000001;26.0087868485068;-0.004470331952375561;-0.002534381755743791;-0.0019359501966317704;5.0158954433069445;5.490327917058772;1.175597;1.1917542177060747;1.1594397822939253;1.1909;1.15627;1.173585;25.860951111437505;9.865240887525058;35.29254494213608;-0.01916999999999991;-0.027189681194595586
2021-10-01;54177;1.15932;1.15822;1.16073;1.1563;1.1931182333333334;-0.03379823333333354;70036.64666666667;0.7735521698781923;0.1407976228523955;1.1606400000000003;29.406542587358373;-0.004932520010639596;-0.003014009406722952;-0.0019185106039166441;10.773578240904243;6.256661906964801;1.1741709999999999;1.190782192491855;1.1575598075081448;1.18864;1.15627;1.1724549999999998;28.03571785836244;9.253934809740187;33.10561940533493;-0.01328000000000018;-0.0331523124550354
2021-10-04;43925;1.16196;1.15996;1.16401;1.15877;1.1930325000000002;-0.03107250000000006;69717.48666666666;0.6300427927072008;0.2277196977538809;1.1606400000000003;34.641521605437134;-0.0050278238168508516;-0.0034167722887485322;-0.0016110515281023193;21.136701337296373;12.308725007169182;1.172919;1.1892458722050925;1.1565921277949076;1.18852;1.15627;1.1723949999999999;28.888890968681675;13.15635067794901;30.68364156944934;-0.010729999999999906;-0.03841207653306972
2021-10-05;41719;1.15971;1.16204;1.16221;1.15806;1.1929692666666665;-0.033259266666666454;69407.88666666667;0.601070022493995;-0.19363833522669793;1.1576800000000003;32.43395565932349;-0.005224682083063481;-0.003778354247611522;-0.0014463278354519592;13.338503295851426;15.08292762468401;1.1716929999999999;1.1881204844088005;1.1552655155911993;1.18512;1.15627;1.1706949999999998;29.783035776871213;12.383637748738833;29.8863278715086;-0.012850000000000028;-0.0432753166489258
2021-10-06;52217;1.15565;1.15988;1.16032;1.15292;1.1929092333333333;-0.03725923333333325;69285.36666666667;0.7536512038856564;-0.3500875218804711;1.1576800000000003;28.86005790850149;-0.005643249874733414;-0.004151333373035901;-0.0014919165016975128;10.508083140878018;14.9944292580086;1.170397;1.1875757171814822;1.1532182828185176;1.18512;1.15292;1.16902;31.26769129976814;11.128509652831942;33.897213065894846;-0.013209999999999944;-0.048255634526182506
2021-10-07;41219;1.15533;1.15574;1.15722;1.15477;1.1928471666666667;-0.03751716666666671;68994.65;0.5974231335327309;-0.027690044563677407;1.156395;28.592631092512022;-0.005932404128893953;-0.004507547524207511;-0.001424856604686442;10.644876325088445;11.497154253939291;1.1690445;1.1864937331923588;1.1515952668076412;1.18512;1.15292;1.16902;32.646299999601;10.74037854805253;32.7149736495988;-0.018569999999999975;-0.053062836946770234
2021-10-08;44128;1.15746;1.15524;1.15859;1.15415;1.1927769000000001;-0.035316900000000206;68720.89666666667;0.6421336469755062;0.18436290929864096;1.156395;33.040329895244795;-0.0059214292097447;-0.004790323861314949;-0.0011311053484297506;20.05300353356886;13.7353209998451;1.1678655;1.1850985293042542;1.1506324706957458;1.18458;1.15292;1.16875;33.43059428113399;12.022338470083401;30.630047479201245;-0.014600000000000168;-0.05709363584171612
2021-10-11;35095;1.15535;1.15703;1.15868;1.15492;1.1926898666666668;-0.037339866666666666;68466.87666666666;0.5125836274211264;-0.18229571648262777;1.1541800000000002;30.981669587253734;-0.0060136690399299475;-0.005034992897037949;-0.000978676142891998;10.733215547703864;13.810365135453717;1.166579;1.1835129870084173;1.1496450129915827;1.18458;1.15292;1.16875;34.12551437682475;11.493446563453121;28.94758275139931;-0.014149999999999885;-0.06067274440206623
2021-10-12;43184;1.15301;1.15544;1.15703;1.15245;1.1925864333333334;-0.03957643333333327;68280.04666666666;0.6324541664538066;-0.20253602804345405;1.1541800000000002;28.83585940806053;-0.006204071538907563;-0.005268808625411872;-0.0009352629134956906;2.4833702882488438;11.08986312317385;1.1652095;1.1818791532357817;1.1485398467642183;1.18319;1.15245;1.1678199999999999;35.126719001993294;10.720954431493709;30.626698050293154;-0.015369999999999884;-0.0640689717137243
2021-10-13;46549;1.1596;1.153;1.15973;1.15286;1.1924950666666667;-0.03289506666666675;68149.96;0.6830378183639898;0.5715475147656912;1.1596650000000002;41.189514888071166;-0.005756847610312921;-0.005366416422392082;-0.0003904311879208387;32.034050179211256;15.083545338387983;1.164111;1.1791379969056086;1.1490840030943912;1.18206;1.15245;1.167255;35.06655014453232;13.520085691248013;27.627150071991718;-0.00012999999999996348;-0.06597858705747688
2021-10-14;38149;1.15973;1.15932;1.16244;1.15841;1.1923837;-0.03265370000000001;67903.72;0.5618101629777336;0.011210762331836932;1.1596650000000002;41.40560404699009;-0.005330483021125376;-0.005359229742138741;2.8746721013364965e-05;36.164927968206456;23.560782811888846;1.1632545;1.1771903350665167;1.1493186649334834;1.1789;1.15245;1.165675;34.129879234064326;16.65047122779562;26.01742070141554;0.0020399999999998197;-0.06666012821501137
2021-10-15;41465;1.15992;1.15959;1.16188;1.15882;1.1923036999999999;-0.03238369999999979;67648.63;0.6129466332133241;0.01638312365810357;1.1605000000000003;41.74252252121967;-0.004920533750153666;-0.005271490543741726;0.0003509567935880602;41.75517048630578;36.65138287790782;1.1626204999999998;1.1759379989769525;1.1493030010230472;1.17556;1.15245;1.164005;33.26011338862976;15.893237052667397;24.834194122764007;0.000600000000000156;-0.06632787460721855
2021-10-18;43084;1.16108;1.15908;1.16224;1.15719;1.1922202333333334;-0.03114023333333349;67379.04333333333;0.6394273036328398;0.10000689702736043;1.1605000000000003;43.8647572655649;-0.00445073835266685;-0.0051073401055267515;0.0006566017528599017;52.11352657004739;43.3445416748532;1.16204;1.1745381406617592;1.1495418593382407;1.17556;1.15245;1.164005;32.788079796456024;14.704695555603994;25.39080535736224;-0.0008800000000002139;-0.06500759569736236
2021-10-19;42790;1.16326;1.16099;1.16695;1.16085;1.1921659;-0.02890590000000004;67168.93666666666;0.6370504302062094;0.18775622696112215;1.164195;47.71924594922439;-0.003858041236657117;-0.004857480331752825;0.0009994390950957078;74.55172413793116;56.140140398094765;1.1615749999999998;1.173129316076735;1.1500206839232645;1.17556;1.15245;1.164005;30.922415048781232;20.246434228220135;23.139761261511023;0.003549999999999942;-0.06259075677078565
2021-10-20;42647;1.16513;1.16326;1.16588;1.16169;1.1921205666666668;-0.02699056666666677;67031.20666666667;0.6362260523231962;0.16075511923387964;1.164195;50.83765820228122;-0.003200537328254427;-0.004526091731053145;0.0013255544027987185;87.4482758620694;71.3711755233493;1.1613885;1.1725811963239916;1.1501958036760083;1.175;1.15245;1.163725;29.190012068797497;19.00037531187378;21.715633658743183;0.009479999999999933;-0.05910722742588199
2021-10-21;42080;1.16246;1.16465;1.16675;1.16198;1.1920507999999999;-0.029590799999999806;66821.41;0.6297382829843564;-0.22915897796812468;1.163435;46.566734548914745;-0.002861917031605321;-0.004193256791163581;0.00133133975955826;69.03448275862141;77.01149425287399;1.1608165;1.1704544360342908;1.151178563965709;1.17477;1.15245;1.16361;27.332244234394558;18.946957040177136;20.192072257936136;0.007130000000000081;-0.05538736363056731
2021-10-22;45384;1.16441;1.16222;1.16557;1.16214;1.1919887333333334;-0.027578733333333494;66656.16666666667;0.6808672365896608;0.16774770744798495;1.163435;49.87856289771444;-0.002408446234725359;-0.0038362946798759364;0.0014278484451505776;82.4827586206897;79.6551724137935;1.160434;1.1687768997357677;1.1520911002642322;1.17258;1.15245;1.162515;25.607174102448973;17.970596173479628;19.151549015688214;0.006950000000000012;-0.051234287294513875
2021-10-25;41837;1.16104;1.16419;1.1665;1.15907;1.1919183;-0.030878299999999914;66270.87666666666;0.631302950924099;-0.28941695794435507;1.1603350000000001;44.719902651693445;-0.002294548074950775;-0.0035279453588909046;0.0012333972839401294;59.24137931034567;70.25287356321893;1.160011;1.1672582916321244;1.1527637083678755;1.17034;1.15245;1.161395;24.821455324124837;16.04212890263068;21.530388268708204;0.005689999999999973;-0.04743175342286119
2021-10-26;38041;1.15963;1.16046;1.16258;1.1585;1.1918149666666666;-0.0321849666666667;65932.78;0.5769664194349796;-0.12144284434646435;1.1603350000000001;42.72869515167272;-0.002291641561452673;-0.0032806845994032587;0.0009890430379505856;49.51724137931024;63.747126436781855;1.1595735;1.1657199307529695;1.1534270692470305;1.16901;1.15245;1.16073;24.23246893693381;15.084832737244724;21.079265626133896;0.006619999999999848;-0.044170790070819865
2021-10-27;48346;1.16028;1.15956;1.1626;1.15849;1.1917038;-0.0314238;65713.54666666666;0.7357082740523615;0.05605236152910198;1.164295;43.96730940777023;-0.0022113969533106292;-0.003066827070184733;0.0008554301168741036;54.000000000000185;54.25287356321869;1.1596009999999999;1.1657549025017502;1.1534470974982496;1.16695;1.15245;1.1597;23.67830592951427;14.197251368692246;19.797631962324864;0.0006800000000000139;-0.04121814635809188
2021-10-28;58342;1.16831;1.16028;1.16922;1.15824;1.1916275666666667;-0.023317566666666734;65452.35333333333;0.8913659636173676;0.6920743268866048;1.164295;56.487252947628086;-0.0014827563406263344;-0.0027500129242730535;0.001267256583646719;94.5736434108529;66.03029493005442;1.1601320000000002;1.1672861333508027;1.1529778666491977;1.16922;1.15245;1.160835;22.780183578872897;21.059862514122717;16.850113917239227;0.008580000000000032;-0.03717413043887864
2021-10-29;54796;1.15637;1.168;1.169;1.15352;1.1915307333333334;-0.03516073333333347;65251.88;0.8397612451931133;-1.0219890268849952;1.1585150000000002;41.60219313576556;-0.0018474651900546313;-0.0025695033774293693;0.0007220381873747381;23.375074537864847;57.3162393162393;1.1599845;1.1673188887953299;1.15265011120467;1.16922;1.15245;1.160835;21.580716664585385;17.177059590012604;19.365073441389605;-0.003550000000000164;-0.034498320740809024
2021-11-01;43397;1.16066;1.15558;1.16092;1.1546;1.1914490999999998;-0.03078909999999979;64960.71333333333;0.6680499300755829;0.3709885244342237;1.1585150000000002;47.00560098497111;-0.0017699297850188866;-0.002409588658947273;0.0006396588739283862;47.677261613692316;55.20865985413668;1.1599195;1.167205589417586;1.152633410582414;1.16922;1.15245;1.160835;20.466925958461267;15.88905149032754;17.91299886990658;-0.0004199999999998649;-0.0320691283916515
2021-11-02;43979;1.15793;1.16048;1.16134;1.15753;1.1913629;-0.03343289999999999;64659.71;0.6801607987414914;-0.2352110006375807;1.1596000000000002;44.20268609108542;-0.001906790310588935;-0.0023090289892756053;0.0004022386786866703;28.08917197452135;33.047169375359495;1.1598305;1.1671679558943175;1.1524930441056824;1.16922;1.15245;1.160835;19.31437937689454;15.663191139108848;17.08145126173188;-0.005330000000000057;-0.030304537320691192
2021-11-03;51384;1.16127;1.1579;1.16164;1.15624;1.1912962333333332;-0.030026233333333208;64618.07;0.7951955234811571;0.28844576097002417;1.1596000000000002;48.26708004532478;-0.0017258486675388873;-0.002192392924928262;0.00046654425738937473;49.363057324840824;41.70983030435149;1.1601115;1.1672137201459167;1.1530092798540832;1.16922;1.15245;1.160835;18.580035229886274;14.626804636113711;17.531879045834632;-0.0038599999999999746;-0.028442397527495743
2021-11-04;47923;1.15545;1.16116;1.16165;1.15284;1.1912231333333334;-0.03577313333333332;64342.77333333333;0.7448078085121275;-0.5011754372368116;1.1561000000000001;42.46275325726385;-0.0020286909851774393;-0.0021596525369780976;0.0001309615518006583;15.934065934066098;31.12876507780942;1.1601175;1.1672037370127637;1.1530312629872361;1.16922;1.15245;1.160835;18.693656988792462;13.10347209054514;19.725272824976294;-0.007009999999999961;-0.02751525033867982
2021-11-05;51051;1.15675;1.15518;1.15733;1.15134;1.1911446333333333;-0.03439463333333337;64133.04666666667;0.7960170715938549;0.11251027738108377;1.1561000000000001;44.08035021986754;-0.0021391379179691583;-0.0021555496131763097;1.6411695207151425e-05;30.257270693512005;31.851464650806303;1.160082;1.1672279963616745;1.1529360036383256;1.16922;1.15134;1.16028;19.11261421178562;12.175037793216802;20.101965882271713;-0.00766;-0.026983330285258948
2021-11-08;40855;1.15873;1.15602;1.1595;1.15506;1.1910688333333332;-0.032338833333333206;63808.52333333333;0.6402749643110939;0.17116922411930524;1.1590850000000001;46.54533032230178;-0.0020433440571310246;-0.002133108501967253;8.976444483622817e-05;41.331096196868295;29.174144274815458;1.1602510000000001;1.1670948465793054;1.1534071534206949;1.16922;1.15134;1.16028;18.79978731690082;14.139591684169883;19.02587193741122;-0.0023100000000000342;-0.02635457825811408
2021-11-09;46880;1.15944;1.15852;1.16089;1.15701;1.1909854333333334;-0.03154543333333337;63642.513333333336;0.736614529260566;0.061273980996445765;1.1590850000000001;47.440039408666344;-0.0018883677381593689;-0.002084160349205676;0.00019579261104630706;45.30201342281904;38.963460104399765;1.1605725000000002;1.1665783234240679;1.1545666765759326;1.16922;1.15134;1.16028;18.08635448182647;15.179659649650945;18.113348879712778;-0.00018999999999991246;-0.02551741276183797
2021-11-10;59134;1.14767;1.15925;1.15953;1.14761;1.1908564000000001;-0.04318640000000018;63596.3;0.9298339683282;-1.0151452425308793;1.1463000000000003;36.525698299834524;-0.002684345063886706;-0.002204197292141882;-0.0004801477717448241;0.27764923646436485;28.970252952050558;1.159976;1.1682071855768814;1.1517448144231184;1.16922;1.14761;1.158415;19.203239803355874;13.100795298906363;26.432513937450185;-0.01261000000000001;-0.026502659853845777
2021-11-11;39618;1.14493;1.14783;1.14877;1.1443;1.1907239666666667;-0.045793966666666686;63455.14666666667;0.624346520040514;-0.2387445868585858;1.1463000000000003;34.53384998251968;-0.0034959586944263155;-0.002462549572598769;-0.0010334091218275466;2.5280898876400992;16.035917515641156;1.159236;1.1697634087980395;1.1487085912019603;1.16922;1.1443;1.15676;20.684737553896987;12.414203024433066;28.92803117241531;-0.023379999999999956;-0.029076583945088295
2021-11-12;40724;1.14438;1.145;1.14622;1.1433;1.1905998333333332;-0.04621983333333324;63198.003333333334;0.644387446628618;-0.04803787131091308;1.14054;34.13149456675757;-0.004135872978245914;-0.002797214253728198;-0.0013386587245177157;4.1666666666665595;2.324135263590332;1.1584590000000001;1.1708063882258972;1.146111611774103;1.16922;1.1433;1.15626;22.187543442873807;11.972778741614972;29.117147988153036;-0.011989999999999945;-0.03264201774955137
2021-11-15;43782;1.1367;1.1446;1.14639;1.13564;1.1904396;-0.05373959999999989;62919.683333333334;0.6958394842524326;-0.6711057515859986;1.14054;29.042997737677908;-0.005202747440175681;-0.003278320891017695;-0.0019244265491579864;3.1566408576535516;3.283799137320061;1.15724;1.1727264792642158;1.1417535207357843;1.16922;1.13564;1.1524299999999998;24.400733070979662;10.4934461937416;34.32371710897148;-0.02395999999999998;-0.03794760286458983
2021-11-16;51050;1.13194;1.13674;1.13858;1.13094;1.1902651999999998;-0.058325199999999855;62784.92333333333;0.8130932919828663;-0.4187560482097341;1.13192;26.414503273765845;-0.00635904227570272;-0.0038944651679547002;-0.0024645771077480196;2.6123301985368164;3.3118792409522997;1.155674;1.1744034296763395;1.1369445703236607;1.16922;1.13094;1.15008;26.840138943396994;9.586845280909593;36.67324609372238;-0.025989999999999958;-0.044921272250495935
2021-11-17;52818;1.1319;1.13203;1.13323;1.12635;1.1901143666666667;-0.058214366666666795;62595.80333333334;0.8437945866550621;-0.0035337562061643624;1.13192;26.392886531812323;-0.007195694442845513;-0.0045547110229328626;-0.00264098341991265;13.012895662367958;6.260622239519432;1.1540124999999999;1.1748669152399653;1.1331580847600344;1.16922;1.12635;1.1477849999999998;29.4244735086873;8.845689554428105;38.99577279251272;-0.029370000000000118;-0.052637766735979065
2021-11-18;45842;1.13729;1.13191;1.13742;1.13138;1.1900037333333333;-0.0527137333333334;62351.176666666666;0.7352226926697291;0.4761904761904745;1.1327450000000001;34.20637639876776;-0.007339217429150002;-0.005111612304176291;-0.0022276051249737116;30.991501416430356;15.538909092445033;1.152754;1.1744387341694766;1.1310692658305235;1.16922;1.12635;1.1477849999999998;30.708362681733096;12.968242127512672;36.33965270529828;-0.018160000000000176;-0.05951713269745228
2021-11-19;58710;1.1282;1.13673;1.13727;1.12501;1.1898776333333334;-0.061677633333333315;62151.64;0.9446251136734374;-0.7992684363706593;1.1327450000000001;28.67761233323634;-0.008093154612959674;-0.005707920765932968;-0.002385233847026706;8.706331877729328;17.570242985509207;1.1509435;1.174406734453093;1.1274802655469067;1.16922;1.12501;1.1471149999999999;32.410081246799436;11.285231835448453;38.35555607962135;-0.028549999999999853;-0.06695885697280901
2021-11-22;56412;1.12338;1.12911;1.12911;1.12308;1.1897328333333332;-0.0663528333333332;61945.653333333335;0.9106692231726815;-0.4272292146782486;1.1241400000000001;26.254402797761216;-0.008976117881038803;-0.006361560188954135;-0.002614557692084668;0.7778065854290045;13.491879959862887;1.1490605;1.174904301171669;1.123216698828331;1.16922;1.12308;1.14615;34.127868002511775;10.560474339858853;37.9478170720233;-0.03534999999999999;-0.07514674618595685
2021-11-23;57256;1.1249;1.12372;1.12752;1.12261;1.1896056;-0.06470559999999992;61818.03333333333;0.9262022247012723;0.13530595168151915;1.1241400000000001;28.311610016730754;-0.009444352716359905;-0.00697811869443529;-0.002466234021924615;5.8657786885243475;5.116639050560885;1.147324;1.1747145716625396;1.1199334283374605;1.16922;1.12261;1.145915;35.757137997300596;9.997458389270495;36.43501874489013;-0.034540000000000015;-0.08308970579344498
2021-11-24;56285;1.12006;1.1248;1.12553;1.11864;1.1894502333333332;-0.06939023333333316;61730.37;0.911787828260075;-0.4302604675971211;1.120465;25.839787222075586;-0.01008967228572688;-0.007600429412693608;-0.0024892428730332724;3.3609467455620834;3.334844006505137;1.145313;1.1744533583368608;1.1161726416631392;1.16922;1.11864;1.1439300000000001;37.549604035192125;9.252044629235174;38.01455838194485;-0.027609999999999912;-0.0911907840586839
2021-11-25;28602;1.12087;1.11966;1.12298;1.11956;1.1892720333333333;-0.06840203333333328;61541.10666666667;0.4647625229574794;0.07231755441672316;1.120465;26.988648244405127;-0.010415667135963425;-0.008163476957347572;-0.0022521901786158524;5.278106508875644;4.83494398098735;1.142941;1.1719302151670339;1.113951784832966;1.169;1.11864;1.14382;39.214036784662824;8.897424268042808;36.55750354010196;-0.02405999999999997;-0.09874600899353889
2021-11-26;75295;1.13087;1.12058;1.13308;1.12042;1.1891355666666665;-0.05826556666666649;61403.63333333333;1.226230369646765;0.8921641225119847;1.1300250000000003;39.45821617776194;-0.009754658347562062;-0.008481713235390471;-0.0012729451121715907;28.94674556213016;12.52859960552262;1.141666;1.1704226739384191;1.112909326061581;1.16165;1.11864;1.140145;38.32994189630638;18.292434789807483;31.711971454606207;-0.013509999999999911;-0.10373754563194901
2021-11-29;56390;1.12918;1.13014;1.13124;1.12584;1.1889843;-0.05980429999999992;61191.5;0.9215332194829476;-0.1494424646511061;1.1300250000000003;38.26868469700351;-0.009260424586306604;-0.008637455505573698;-0.0006229690807329057;25.77647346539503;20.000441845466938;1.1400919999999999;1.1679498897980538;1.112234110201946;1.16165;1.11864;1.140145;37.50899664283254;17.242619428581836;29.891999693037047;-0.007519999999999971;-0.1068831187402635
2021-11-30;76603;1.13386;1.12905;1.13829;1.12354;1.1888584333333334;-0.05499843333333332;61018.85666666667;1.2553988092312793;0.41446005065624014;1.1328850000000004;43.36081296951967;-0.008394339165536335;-0.008588832237566226;0.00019449307202989118;50.51443743776972;35.07921882176496;1.1388885;1.1656167077775612;1.1121602922224387;1.16165;1.11864;1.140145;35.42243853813257;21.655727817254963;25.574506907293358;0.0019200000000001438;-0.10765789727314155
2021-12-01;65508;1.13191;1.13348;1.13597;1.13026;1.1887032999999998;-0.056793299999999824;60974.55;1.0743498722006026;-0.1719789039211328;1.1328850000000004;41.81313714350723;-0.007775675782704328;-0.008426200946593847;0.000650525163889519;47.819819819819536;41.370243574328086;1.1374205;1.162226357755789;1.112614642244211;1.16165;1.11864;1.140145;33.48492029805402;20.42578698099539;24.12199832952025;1.0000000000065512e-05;-0.1069302732009855
2021-12-02;32631;1.13016;1.13183;1.13474;1.12953;1.1885593333333335;-0.05839933333333347;60746.89;0.5371633016932164;-0.15460593156698677;1.1305800000000001;40.41884244740169;-0.007341957453901982;-0.008209352248055473;0.0008673947941534917;41.51351351351351;46.61592359036758;1.136156;1.1597030833862796;1.1126089166137203;1.16089;1.11864;1.1397650000000001;31.798789926377804;19.34611577867797;23.58757601898609;-0.007129999999999859;-0.10531534802185478
2021-12-03;60455;1.131;1.13007;1.13333;1.12667;1.1884083666666667;-0.05740836666666671;60647.96333333333;0.9968183048079828;0.07432575918453477;1.1305800000000001;41.42845427239273;-0.006851472068613473;-0.007937776212167074;0.001086304143553601;61.98595787362097;50.43976373565133;1.1348685;1.1565094059653327;1.1132275940346674;1.16089;1.11864;1.1397650000000001;30.66982768557992;18.033848427697833;24.900470884866156;0.0027999999999999137;-0.10282748494609374
2021-12-06;44249;1.12852;1.13043;1.13113;1.12666;1.1882499999999998;-0.05972999999999984;60548.26;0.7308054764908636;-0.21927497789566708;1.1276800000000002;39.31052517924462;-0.006586943951152779;-0.007667609759964215;0.001080665808811436;50.27989821882909;51.259789868654515;1.1333579999999999;1.152156638886907;1.1145593611130928;1.16089;1.11864;1.1397650000000001;29.623038135856536;17.191003370890158;23.747157273533638;0.005139999999999922;-0.10008255529052415
2021-12-07;46134;1.12684;1.12844;1.12986;1.12274;1.1880627333333333;-0.06122273333333328;60458.24333333333;0.7630721214580285;-0.1488675433310771;1.1276800000000002;37.8971372585728;-0.006438644782758685;-0.00742181676452311;0.0009831719817644255;41.73027989821887;51.33204533022297;1.131728;1.146397831082882;1.1170581689171182;1.15953;1.11864;1.1390850000000001;29.234868058366878;15.915078051501316;26.070929404422603;0.0019400000000000528;-0.09737513189337191
2021-12-08;50174;1.13416;1.12685;1.13549;1.12663;1.1879059666666665;-0.05374596666666642;60426.403333333335;0.8303323916734583;0.6496042029036975;1.1317200000000003;46.86201010327956;-0.005665149482361409;-0.00707048330809077;0.0014053338257293607;78.9821882951655;56.997455470737805;1.1310525;1.1438482881742498;1.1182567118257503;1.14877;1.11864;1.133705;27.713811913401347;20.22384157072662;23.712416502117428;0.014100000000000001;-0.093372983817019
2021-12-09;42419;1.12928;1.13404;1.13454;1.12785;1.1877550666666667;-0.058475066666666686;60323.01666666667;0.7031975909691679;-0.4302743880933879;1.1317200000000003;42.461332463503254;-0.00538386228709431;-0.006733159103891478;0.001349296816797168;54.14758269720108;58.28668363019514;1.13027;1.1413782995998598;1.1191617004001404;1.14639;1.11864;1.1325150000000002;26.301402635933357;18.838059356801534;22.087589442288095;0.008410000000000029;-0.08932294636472385
2021-12-10;44173;1.13168;1.1293;1.13241;1.12653;1.1876117;-0.05593169999999992;60219.59333333333;0.7335320209733399;0.21252479455935447;1.1301350000000001;45.18751085464928;-0.004910673033969859;-0.006368661889907154;0.0014579888559372953;66.36132315521617;66.49703138252757;1.129635;1.1387102752024512;1.1205597247975487;1.14639;1.11864;1.1325150000000002;25.215786086515674;17.690668301775602;22.109601042162215;0.0008099999999999774;-0.0848308292605385
2021-12-13;36971;1.12859;1.13118;1.13194;1.12602;1.1874712;-0.05888120000000008;60076.11666666667;0.6154026267231628;-0.27304538385409804;1.1301350000000001;42.40195258417988;-0.004730474353783931;-0.00604102438268251;0.0013105500288985786;50.63613231552128;57.04834605597949;1.1292294999999999;1.1377111542608276;1.1207478457391722;1.13858;1.11864;1.1286100000000001;24.297201198714497;16.59475734437362;21.27362192641199;-0.0005900000000000905;-0.08059698721858385
2021-12-14;42502;1.12581;1.12835;1.13238;1.12538;1.187319;-0.061509000000000036;59983.90666666667;0.7085567173238396;-0.2463250604736844;1.1276150000000003;40.01217756969914;-0.004757150893766271;-0.005784249684899262;0.0010270987911329913;33.36892685531178;50.1221274420164;1.128923;1.1374336946837615;1.1204123053162383;1.13829;1.11864;1.128465;23.5612332570262;15.381402099176622;20.386659449472372;-0.008050000000000113;-0.07703685750040659
2021-12-15;50569;1.12942;1.12589;1.12992;1.12219;1.1871601;-0.05774009999999996;59916.55333333334;0.8439904698566588;0.32065801511802494;1.1276150000000003;44.39479625394336;-0.0044358615630542;-0.005514572060530251;0.0010787104974760509;50.36373810856235;44.78959909313179;1.128799;1.1372041957740557;1.1203938042259445;1.13829;1.11864;1.128465;23.437954888373095;14.150939344948993;22.057082638763788;-0.002489999999999881;-0.0733143216571126
2021-12-16;51766;1.13306;1.12864;1.13604;1.12814;1.1869961666666669;-0.053936166666666896;59858.60333333333;0.8648046749725036;0.3222893166403784;1.128295;48.48184445618739;-0.0038432176536582485;-0.005180301179155851;0.0013370835254976022;67.51552795031014;50.41606430472808;1.1285875;1.1363127957872303;1.1208622042127698;1.13829;1.11864;1.128465;21.94400053089934;19.274609175147468;20.272214941528382;0.0028999999999999027;-0.06887588834915137
2021-12-17;44881;1.12353;1.13299;1.1349;1.1235;1.1867875666666667;-0.06325756666666682;59721.333333333336;0.7515069991738154;-0.8410852029018812;1.128295;40.159291519807404;-0.00409532607047125;-0.004963306157418931;0.0008679800869476808;8.322981366458984;42.06741580844382;1.128354;1.1363881605659951;1.120319839434005;1.13829;1.11864;1.128465;21.35464168731471;17.121516905024933;22.554320018745454;-0.007470000000000088;-0.06564608629150954
2021-12-20;45080;1.12768;1.12392;1.13038;1.12348;1.1866069333333333;-0.05892693333333332;59626.28333333333;0.756042427598217;0.369371534360452;1.1281250000000003;44.617780222283784;-0.003915122396231263;-0.004753669405181397;0.0008385470089501343;39.63898916967529;38.49249949548146;1.1285690000000002;1.1362829844438656;1.1208550155561348;1.13829;1.11864;1.128465;20.810657443516238;15.959468029226526;21.043215797980526;-0.0008399999999999519;-0.06252698834054139
2021-12-21;39307;1.12857;1.12755;1.13028;1.12609;1.1864150333333334;-0.05784503333333335;59523.85;0.6603571509570264;0.07892309875141557;1.1281250000000003;45.554648095072125;-0.0036583232509295183;-0.004534600174331022;0.0008762769234015033;46.06498194945913;31.34231749519779;1.1287525;1.1362810161220658;1.1212239838779343;1.13829;1.11864;1.128465;20.30552921713194;15.281218117078538;20.148915358883553;0.0017300000000000093;-0.059341464168500356
2021-12-22;37829;1.13272;1.12872;1.13424;1.12645;1.1862543666666667;-0.05353436666666678;59418.27;0.6366560318904209;0.3677219844582025;1.1326800000000001;49.81752541446131;-0.003084382914856132;-0.004244556722436044;0.0011601738075799123;76.02888086642592;53.91095066185343;1.1293855000000002;1.135951480429473;1.1228195195705273;1.13829;1.11956;1.1289250000000002;18.952548770591154;18.069214021269055;18.56888550919062;-0.0014400000000001079;-0.05541948546523143
2021-12-23;34532;1.13264;1.13262;1.13423;1.12902;1.1860980333333333;-0.05345803333333321;59337.98;0.5819544244680082;-0.007062645667055278;1.1326800000000001;49.736681858669705;-0.0026059466639172246;-0.0039168347107322804;0.0013108880468150558;75.4512635379071;65.84837545126403;1.129974;1.1353908603452776;1.1245571396547225;1.13829;1.12042;1.1293549999999999;17.696209784517563;17.103215764411537;17.57617431474957;0.0033600000000000296;-0.05107663317670948
2021-12-24;28905;1.13206;1.1323;1.13435;1.13066;1.1859561666666667;-0.053896166666666634;59158.16333333333;0.4886054328145152;-0.05120779771153883;1.1323750000000001;49.11438917752275;-0.00224767385575797;-0.0035830025397374184;0.0013353286839794484;71.26353790613794;74.2478941034903;1.1300335000000001;1.1355141870919843;1.124552812908016;1.13829;1.12219;1.1302400000000001;16.502029491047363;16.56054080034454;16.887558071890872;0.00038000000000004697;-0.046637251624033135
2021-12-27;25110;1.13269;1.13202;1.13344;1.13029;1.1858407666666666;-0.05315076666666663;58948.276666666665;0.42596665110304455;0.05565076056037732;1.1323750000000001;49.84839575877186;-0.0018911048595562363;-0.003244623003701182;0.0013535181441449457;75.81227436823116;74.17569193742538;1.1302090000000002;1.1357929444839872;1.1246250555160133;1.13829;1.12219;1.1302400000000001;15.48149397410951;15.984797463841858;16.70880789958338;0.0040999999999999925;-0.042123808217193213
2021-12-28;27340;1.13085;1.13271;1.13334;1.12896;1.1857284666666668;-0.05487846666666685;58745.44666666666;0.4653977721052653;-0.16244515268961646;1.1327900000000002;47.684939329656274;-0.001736971260144049;-0.0029430926549897556;0.0012061213948457066;62.52707581227394;69.86762936221433;1.1300585;1.135397605824035;1.1247193941759652;1.13604;1.12219;1.129115;14.85600254816559;15.19381045696335;17.384581571857616;0.005039999999999933;-0.03798841804191377
2021-12-29;35618;1.13473;1.13086;1.13688;1.12738;1.1856308;-0.05090079999999997;58619.3;0.6076155805339525;0.3431047442189694;1.1327900000000002;52.378462495620816;-0.0012869011037937028;-0.002611854344750545;0.0013249532409568424;85.36419332879582;74.56784783643363;1.1301995000000002;1.135865671458776;1.1245333285412245;1.13688;1.12219;1.129535;14.204669415491603;17.48037646313006;15.583395860964961;0.005309999999999926;-0.033541774984903995
2021-12-30;33824;1.13257;1.13471;1.13598;1.12986;1.1854993000000003;-0.05292930000000018;58518.75;0.5780027768876509;-0.1903536524107019;1.13552;49.70497123843438;-0.0010919241880915642;-0.002307868313418749;0.0012159441253271849;70.66031313819025;72.85052742641999;1.13032;1.136079423582291;1.124560576417709;1.13688;1.12219;1.129535;13.599860078008614;16.30815018373558;14.538380257956643;-0.0004899999999998794;-0.029383359441345663
2021-12-31;29271;1.13847;1.13218;1.13864;1.13033;1.1853865;-0.046916499999999806;58015.223333333335;0.5045399865448239;0.5209391031018029;1.13552;56.270680991086074;-0.00045606564515576764;-0.001937507779766153;0.0014814421346103853;98.96656534954406;84.99702393884336;1.1306935;1.1374614369825864;1.1239255630174136;1.13864;1.12219;1.1304150000000002;13.660114285690668;17.710347438460765;13.240051624146393;0.014940000000000175;-0.024522799796271776
2022-01-03;39030;1.12979;1.13753;1.13784;1.12797;1.1852101666666668;-0.055420166666666715;57735.25666666667;0.6760167400888534;-0.7624267657470152;1.1292650000000004;46.62693276255224;-0.0006451101981814755;-0.0016790282634492175;0.001033918065267742;46.20060790273566;71.94249546348998;1.130757;1.1374657468278555;1.1240482531721445;1.13864;1.12219;1.1304150000000002;13.053186802480024;15.791403445927003;14.240801791579582;0.0021100000000000563;-0.02084754283129805
2022-01-04;45471;1.12874;1.12959;1.13225;1.12723;1.1850142333333333;-0.05627423333333326;57497.68;0.7908319083481645;-0.09293762557643914;1.1292650000000004;45.6086573959581;-0.0008696310280655872;-0.0015171488163724916;0.0006475177883069044;34.69656992084447;59.954581057708054;1.1308520000000002;1.1373877680497604;1.12431623195024;1.13864;1.12219;1.1304150000000002;12.289404701985477;14.956995042437441;14.267233863242588;0.00017000000000000348;-0.018265084859089585
2022-01-05;47102;1.13127;1.12855;1.13465;1.1277;1.1848473;-0.05357729999999994;57150.9;0.8241689982133572;0.22414373549266564;1.1305550000000002;48.525648976893294;-0.000833803974236158;-0.0013804798479452249;0.0005466758737090668;51.38522427440588;44.094134032662;1.1307075000000002;1.1370698199385336;1.1243451800614668;1.13864;1.12219;1.1304150000000002;12.174127936332056;16.386548631790532;13.225324262482646;-0.0014499999999999513;-0.016054369857406683
2022-01-06;49540;1.12984;1.13127;1.13319;1.12847;1.1846743666666666;-0.054834366666666634;56892.746666666666;0.8707612640016319;-0.12640660496610057;1.1305550000000002;46.99164582448568;-0.0009103063796491728;-0.0012864451542860145;0.0003761387746368417;41.952506596305376;42.678100263851896;1.1307355;1.1370773403480583;1.1243936596519415;1.13864;1.12219;1.1304150000000002;12.067085225368166;15.555700386573108;12.554759782870537;-0.0028000000000001357;-0.014402944836327354
2022-01-07;42998;1.13613;1.12966;1.13648;1.12901;1.1845351999999998;-0.048405199999999704;56782.78666666667;0.7572365240262794;0.5567159951851641;1.1344800000000002;53.895581549059195;-0.0004581039180251434;-0.0011207769070338404;0.000662672989008697;80.0;57.77924362357041;1.1309580000000001;1.1377154125225764;1.124200587477424;1.13864;1.12219;1.1304150000000002;12.728540120139229;17.82164816756341;11.556118556145952;0.004070000000000018;-0.012084605144711325
2022-01-10;45938;1.13283;1.13518;1.13609;1.12852;1.1843761;-0.05154609999999993;56670.503333333334;0.8106157047836096;-0.29045971851813235;1.1344800000000002;50.20141591837644;-0.0003618415458921387;-0.0009689898348055001;0.0006071482889133614;52.337981952419824;58.09682951624173;1.13117;1.1378828414252293;1.1244571585747707;1.13864;1.12219;1.1304150000000002;13.180101524209707;16.39123500232839;11.145396597421623;0.000140000000000029;-0.009964240582147529
2022-01-11;44568;1.13688;1.13228;1.13751;1.1313;1.1842215333333332;-0.04734153333333335;56611.41333333333;0.7872617441569874;0.35751171843965146;1.1405100000000001;54.33801782590007;4.0778164991595034e-05;-0.0007670362348460811;0.0008078143998376761;84.5749342681842;72.30430540686801;1.1317235;1.1384026983800672;1.125044301619933;1.13864;1.12219;1.1304150000000002;13.91934033307327;16.81786508406508;10.411052045317751;0.00602999999999998;-0.007349649748555471
2022-01-12;47062;1.14414;1.13647;1.14528;1.13548;1.1840840333333333;-0.039944033333333406;56521.763333333336;0.8326350280766484;0.6385898247836197;1.1405100000000001;60.64839683215755;0.0009349015491311174;-0.0004266486780506414;0.0013615502271817589;93.68421052631506;76.86570891563969;1.1324595;1.1409575926683764;1.1239614073316235;1.14528;1.12348;1.1343800000000002;15.94883025096688;23.10835967991781;9.362662074073414;0.009409999999999918;-0.0032495642627488074
2022-01-13;46662;1.14545;1.1442;1.14816;1.14359;1.1839485;-0.03849849999999999;56468.3;0.8263397339744908;0.1144964777037849;1.143545;61.677534522853705;0.0017292728438371707;4.535626326921001e-06;0.0017247372175102497;87.0520783564263;88.43707438364186;1.133079;1.143294721022049;1.122863278977951;1.14816;1.12348;1.13582;18.201509047416156;25.029565133964578;8.911973118082441;0.012880000000000003;0.0019019575470280569
2022-01-14;49560;1.14164;1.14547;1.14829;1.13986;1.1838024999999999;-0.04216249999999988;56404.31;0.8786562587148254;-0.33262036754114765;1.143545;57.00788440316625;0.0020280050793610727;0.0004092295169337514;0.0016187755624273213;68.42355175688499;83.05328021320878;1.1339845;1.1438588454973158;1.1241101545026841;1.14829;1.12348;1.135885;19.12559568012688;22.84500096602824;11.995968404580521;0.003169999999999895;0.006875197849450754
2022-01-17;31661;1.14062;1.14135;1.14344;1.13919;1.1836467333333334;-0.0430267333333334;56271.53333333333;0.562646832679064;-0.08934515258750553;1.1367;55.79008916494061;0.00215757586127463;0.000758898785801927;0.0013986770754727028;63.58024691358007;73.01862567563046;1.1346314999999998;1.1444643475529919;1.1247986524470077;1.14829;1.12609;1.13719;19.787049358360015;21.811426866320975;12.166477018321356;0.010829999999999895;0.011325221308925179
2022-01-18;57654;1.13278;1.14067;1.14214;1.13147;1.18347;-0.050690000000000124;56256.82;1.024835744359346;-0.6873454787747035;1.1367;47.407355771984555;0.0016090905666339417;0.00092893714196833;0.0006801534246656117;26.353276353275987;52.785691674580356;1.134842;1.1443206551788947;1.1253633448211051;1.14829;1.12645;1.13737;18.506200787488115;19.4341675772845;18.726227615661877;0.0040399999999998215;0.013858609548228599
2022-01-19;47170;1.13422;1.1321;1.13571;1.1319;1.1833037333333332;-0.04908373333333316;56176.98333333333;0.839667728687074;0.12712088843378488;1.1326400000000003;48.925332994775914;0.0012759002011275555;0.0009983297538001751;0.0002775704473273804;33.19088319088331;41.041468819246454;1.1349170000000002;1.1443509389440676;1.1254830610559328;1.14829;1.12723;1.13776;17.316841400249924;18.65240901674362;17.972946638384933;0.002950000000000008;0.01522040991330998
2022-01-20;48533;1.13106;1.13412;1.1369;1.13032;1.1831097;-0.05204969999999998;56099.38;0.8651254256284358;-0.27860556153127547;1.1326400000000003;45.80122110849114;0.0007482336731539085;0.0009483105376709218;-0.0002000768645170133;18.18613485280145;25.910098132320247;1.134838;1.1443728090699494;1.1253031909300506;1.14829;1.12723;1.13776;16.28758547850739;17.35405459018465;18.393323270072145;0.0012199999999999989;0.015164408512604593
2022-01-21;48160;1.13427;1.13114;1.13598;1.13009;1.1829193;-0.04864930000000012;55998.68666666667;0.8600201695204888;0.283804572701718;1.13335;49.34005468185831;0.0005823612233379905;0.0008751206748043356;-0.0002927594514663452;33.42830009496633;28.268439379550358;1.1349485;1.144402854076318;1.1254941459236818;1.14829;1.12723;1.13776;15.382312543296905;16.262796103406437;17.482263032340427;-0.0018600000000001948;0.014685189932236862
2022-01-24;53121;1.13243;1.13412;1.13451;1.12906;1.1827230666666666;-0.05029306666666655;56025.10666666667;0.9481641921013244;-0.1622188720498463;1.13335;47.42841210100006;0.00029898695384300567;0.0007598939306120697;-0.00046090697676906404;22.9723166585726;24.86225053544679;1.1349354999999999;1.1444029462766043;1.1254680537233954;1.14829;1.12723;1.13776;14.775117958517539;15.303851937805549;17.565806527540577;-0.00039999999999995595;0.013597369851141551
2022-01-25;46424;1.13016;1.13244;1.13292;1.12633;1.1825033;-0.05234329999999998;56006.71666666667;0.82890058126942;-0.20045389118974466;1.1271550000000001;45.10653487290851;-0.00010751980378231885;0.0005864111837331921;-0.0006939309875155109;17.440801457194915;24.61380607024461;1.134901;1.1444325578999652;1.1253694421000346;1.14829;1.12633;1.13731;14.79816799016962;14.21255284931684;19.267276718672715;-0.006719999999999837;0.011731104666142292
2022-01-26;53548;1.12415;1.13015;1.13108;1.12356;1.1822752333333333;-0.058125233333333304;55924.026666666665;0.9575133121075408;-0.5317831103560655;1.1271550000000001;39.581598344874514;-0.0009042129067220461;0.0002882863656421445;-0.0011924992723641907;2.3857662757787588;14.266294797182086;1.134372;1.1449947201789548;1.123749279821045;1.14829;1.12356;1.1359249999999999;15.352851459717348;13.067434246498255;20.682733095372363;-0.019989999999999952;0.008365405738021518
2022-01-27;59814;1.11446;1.12375;1.12435;1.1132;1.1819661;-0.0675060999999999;55848.83666666667;1.0709981365769294;-0.8619846105946682;1.1146650000000002;32.63983543671959;-0.0022910896921393142;-0.00022758884591414727;-0.002063500846225167;3.5907666001710927;7.805778111048251;1.1334665000000002;1.1471854857861414;1.1197475142138589;1.14829;1.1132;1.1307450000000001;17.314578740138263;11.577901856737178;28.91633110187132;-0.030990000000000073;0.002454459706178284
2022-01-28;56894;1.11487;1.11432;1.11738;1.11215;1.1816438;-0.0667738;55743.903333333335;1.0206317928577624;0.036789117599567156;1.1146650000000002;33.17386775215081;-0.0033188582312309034;-0.0008458427229774986;-0.002473015508253405;7.526286662977452;4.500939846309096;1.1322865;1.1479963673132623;1.1165766326867377;1.14829;1.11215;1.13022;19.24954788806387;10.947543091603377;28.435045586030117;-0.02676999999999996;-0.004841623274777779
2022-01-31;53546;1.1233;1.1143;1.12478;1.11385;1.1813388333333334;-0.058038833333333484;55652.973333333335;0.9621408667471684;0.7561419717097007;1.1253400000000002;43.153148008645296;-0.003413789613924134;-0.0013594321011668256;-0.0020543575127573085;30.85224128389589;13.989764849014806;1.1319620000000001;1.1481262712177291;1.1157977287822711;1.14829;1.11215;1.13022;19.251570479552733;17.142996106370244;25.33109338561571;-0.017320000000000002;-0.011291287639304681
2022-02-01;51296;1.12738;1.12338;1.12788;1.1221;1.1810564666666665;-0.05367646666666648;55539.83666666667;0.923589320362137;0.3632155256832581;1.1253400000000002;47.258256574194434;-0.003123792382542012;-0.001712304157441863;-0.0014114882251001493;42.14167127836207;26.840066408411797;1.131894;1.1481232284474738;1.115664771552526;1.14829;1.11215;1.13022;18.63332912670629;19.278682758004802;23.84852421453955;-0.005399999999999849;-0.016173000476937097
2022-02-02;43427;1.13045;1.12677;1.13301;1.12667;1.1807883;-0.05033829999999995;55408.73;0.7837573609788956;0.27231279604036374;1.1360400000000002;50.173922886185004;-0.00261608751598863;-0.0018930608291512164;-0.0007230266868374134;50.63641394576633;41.21010883600809;1.131853;1.1480924668631791;1.1156135331368209;1.14829;1.11215;1.13022;17.452549208966605;23.264427220526713;22.306342670415994;-0.003770000000000051;-0.01923464831589085
2022-02-03;63523;1.14389;1.13024;1.14515;1.12674;1.1805664;-0.03667639999999994;55353.11;1.1475958622738365;1.188907072404799;1.1383000000000003;60.4753415826258;-0.001116363332609449;-0.001737721329842863;0.000621357997233414;96.18181818181873;62.98663446864904;1.1325555;1.149582352292785;1.115528647707215;1.14829;1.11215;1.13022;17.93909040954222;30.443087822519715;18.554299916478676;0.012830000000000119;-0.01859118761169619
2022-02-04;63405;1.14496;1.14361;1.14839;1.14117;1.1803558;-0.03539580000000009;55303.996666666666;1.1464813362793467;0.09354046280674044;1.1445600000000002;61.163751015361164;0.0001567124615777793;-0.0013588345715587348;0.001515547033136514;90.53532008830011;79.11785073862838;1.132997;1.150811402151078;1.115182597848922;1.14839;1.11215;1.1302699999999999;18.721354867295783;31.400360814499805;17.32361725710101;0.010690000000000088;-0.015270662695798107
2022-02-07;53111;1.14416;1.14633;1.14635;1.14151;1.1801224666666665;-0.03596246666666647;55157.23333333333;0.9629018134216977;-0.06987143655672323;1.1445600000000002;60.317857901247386;0.0010885329560368362;-0.0008693610660396206;0.001957894022076457;88.32781456953656;91.68165094655178;1.1335635;1.1520293108676642;1.1150976891323356;1.14839;1.11215;1.1302699999999999;19.44774329235266;29.96548073639816;16.531992172608554;0.011730000000000018;-0.01040602047468183
2022-02-08;46166;1.1417;1.14419;1.14488;1.13962;1.1798902;-0.03819020000000006;55046.49333333333;0.8386728600572974;-0.21500489442036752;1.1419750000000002;57.67636723865704;0.0016099474977806505;-0.00037349935327556636;0.0019834468510562166;81.53973509933753;86.80095658572473;1.1338044999999999;1.1525606866860072;1.1150483133139926;1.14839;1.11215;1.1302699999999999;19.756855090438226;28.444231950107106;17.51684429802643;0.011539999999999884;-0.00511923400857483
2022-02-09;41766;1.14225;1.14148;1.14479;1.14026;1.1796499999999999;-0.03739999999999988;54954.70333333333;0.7600077421336713;0.04817377594814598;1.1419750000000002;58.11798144985912;0.002043990828231923;0.00010999868302593148;0.0019339921452059916;83.05739514348778;84.30831493745394;1.13371;1.1522750100996566;1.1151449899003434;1.14839;1.11215;1.1302699999999999;20.043887474374827;27.165178482892166;16.72916332026775;0.018100000000000005;0.0003279154499004796
2022-02-10;65951;1.1428;1.14234;1.14949;1.13749;1.1794084;-0.036608399999999985;54946.36;1.200279690956562;0.04815057999563166;1.1387300000000002;58.58337408040518;0.0024046345677226633;0.0005689258599652779;0.0018357087077573854;82.0835565077668;82.2268955835307;1.1335775;1.1518408369075956;1.1153141630924042;1.14949;1.11215;1.13082;20.869623440411797;28.529698956015746;14.82712538137313;0.028340000000000032;0.005742153963220295
2022-02-11;74246;1.13466;1.14279;1.143;1.13298;1.1791241333333333;-0.04446413333333332;54915.04666666667;1.3520156042233442;-0.7122856142807166;1.1387300000000002;49.768901156695954;0.0020104422317941406;0.0008572291343310504;0.0011532130974630903;60.283877878950385;75.14160984340165;1.1332285;1.151125311196421;1.115331688803579;1.14949;1.11215;1.13082;20.734391491381874;25.883408117407864;17.62675575563966;0.019789999999999974;0.009485925544142652
2022-02-14;72769;1.13064;1.13336;1.13691;1.12801;1.1788039666666668;-0.04816396666666667;54916.92333333333;1.3250742318227724;-0.354291153297015;1.1332100000000003;46.08138586250974;0.0013580072992940284;0.0009573847673236462;0.00040062253197038224;49.51794322442462;63.961792537047266;1.1327295000000002;1.1503281663983476;1.1151308336016528;1.14949;1.11215;1.13082;19.740018972335942;23.774049081386586;20.74115011344892;0.007340000000000124;0.011237636150959495
2022-02-15;56483;1.13578;1.13064;1.13684;1.12979;1.1785049;-0.042724900000000066;54884.86;1.0291180482193032;0.45460977853251094;1.1332100000000003;51.0730532829327;0.0012413929527563816;0.0010141864044101933;0.00022720654834618831;63.28334226031089;57.695054454561955;1.1328795;1.1505283996540954;1.1152306003459047;1.14949;1.11215;1.13082;18.816673061793292;22.228698976658297;19.39294315087904;0.008399999999999963;0.012444015045266427
2022-02-16;51226;1.13733;1.13585;1.1396;1.1345;1.1782148333333333;-0.04088483333333337;54668.99333333333;0.9370210950776113;0.13647009103874286;1.1367550000000002;52.501104215030374;0.0012595282316485434;0.0010632547698578632;0.0001962734617906802;67.43438671665781;60.07855740046443;1.133035;1.1507829277663713;1.1152870722336288;1.14949;1.11215;1.13082;18.370470324571787;23.765706308526163;18.4582275957407;0.006879999999999997;0.013476077529431757
2022-02-17;66919;1.13618;1.13726;1.1386;1.13233;1.1779478333333335;-0.04176783333333356;54603.44;1.2255454967670123;-0.10111401264364384;1.1367550000000002;51.304631011349436;0.0011676452936675297;0.0010841328746197965;8.351241904773314e-05;62.6543209876544;64.4573499882077;1.133291;1.1510652756814546;1.1155167243185455;1.14949;1.11215;1.13082;17.556467646765732;22.340089823037864;19.42706748909452;-0.007710000000000106;0.014122309348142107
2022-02-18;51631;1.13229;1.13595;1.13769;1.13148;1.1776601;-0.04537009999999997;54502.01666666667;0.9473227443264123;-0.34237532785297287;1.1316500000000003;47.37192053321786;0.0007720373474584541;0.001021713769187528;-0.00024967642172907386;37.20335889010586;55.76402219813935;1.133192;1.1509654179042843;1.1154185820957156;1.14949;1.11215;1.13082;16.643682691454373;20.9966717563668;19.08192548144495;-0.012669999999999959;0.013784245552353391
2022-02-21;42336;1.13101;1.13172;1.13904;1.13068;1.1773698666666668;-0.046359866666666694;54509.253333333334;0.7766754708801533;-0.11304524459281318;1.1316500000000003;46.11917745590741;0.00035118169333503424;0.0008876073540170292;-0.000536425660681995;19.01840490797564;39.625361595245295;1.133121;1.15091735681819;1.11532464318181;1.14949;1.11215;1.13082;16.02690879212479;20.607879940866674;17.551734393000793;-0.013149999999999995;0.012554136353910395
2022-02-22;69030;1.13253;1.13116;1.13668;1.1288;1.1770733666666668;-0.044543366666666806;54508.636666666665;1.266404816215131;0.1343931530225273;1.1315000000000002;47.881758421070415;0.0001387029706645393;0.0007378264773465312;-0.000599123506681992;25.450549450549477;27.22410441621032;1.1332395;1.1509869082333264;1.1154920917666735;1.14949;1.11215;1.13082;15.080571422079005;19.05665503594582;18.02641842476439;-0.0091699999999999;0.011017038151554737
2022-02-23;47070;1.13047;1.13245;1.1359;1.13013;1.1767583333333334;-0.046288333333333265;54443.29666666667;0.8645692469392716;-0.181893636371655;1.1315000000000002;45.699843140198546;-0.00019368010801623647;0.0005515251602739777;-0.0007452052682902141;11.452513966481076;18.640489441668727;1.1335555;1.1508639169986845;1.1162470830013154;1.14949;1.11215;1.13082;14.201829578465066;17.988879782088905;17.01636899723753;-0.011779999999999902;0.008964065617423363
2022-02-24;120346;1.11928;1.13076;1.13088;1.11065;1.1763893333333335;-0.057109333333333456;54605.51;2.203916784221555;-0.9898537776323102;1.1232300000000002;36.081505954594505;-0.0013445365929314335;0.00017231280963289543;-0.001516849402564329;22.21936148300757;19.707474966679367;1.1337965;1.1501421211567613;1.117450878843239;1.14949;1.11065;1.13007;15.689653773922355;14.847674193935376;30.859534989394394;-0.023519999999999985;0.00470872129944307
2022-02-25;80951;1.12718;1.119;1.12741;1.1166;1.1760743333333332;-0.04889433333333315;54661.65666666667;1.480946698956347;0.7058108784218531;1.1232300000000002;44.89867240251606;-0.001600682994583602;-0.00018228635121040406;-0.001418396643373198;42.55921730175119;25.410364250413277;1.134412;1.1486519825842723;1.1201720174157277;1.14949;1.11065;1.13007;17.071204812561266;13.491921312537864;28.04172642665345;-0.007479999999999931;0.0005128837332610808
2022-02-28;99898;1.12191;1.11255;1.12466;1.11247;1.17573;-0.05381999999999998;54651.11;1.8279226167589593;-0.4675384588087139;1.1171350000000002;40.8504229157748;-0.002203524956053693;-0.0005865340721790619;-0.001616990883874631;28.99073120494349;31.25643666323408;1.1343425;1.1488104810270947;1.1198745189729054;1.14949;1.11065;1.13007;18.73901903387238;11.899614797081865;28.045787735329025;-0.008730000000000127;-0.00437190617117114
2022-03-01;83611;1.11236;1.12182;1.12332;1.10897;1.1753383333333334;-0.06297833333333336;54612.12666666666;1.5309969617245822;-0.8512269255109506;1.1171350000000002;34.73796858081087;-0.0034125490004413006;-0.0011517370578315097;-0.002260811942609791;8.366238894373183;26.638729133689285;1.1335915;1.150738431241489;1.1164445687585112;1.14949;1.10897;1.12923;20.58720646975615;10.586966651599864;27.642544192172686;-0.023419999999999996;-0.011145539225041773
2022-03-02;92037;1.11197;1.1123;1.11434;1.10575;1.1749361333333332;-0.06296613333333334;54442.543333333335;1.6905345409098833;-0.035060591894719995;1.10928;34.51086663525628;-0.0043520117246715895;-0.0017917919911995257;-0.0025602197334720638;16.697986577180917;18.01831889216586;1.1326675;1.1522155483680678;1.113119451631932;1.14949;1.10575;1.1276199999999998;22.561254104379525;9.88409159163354;28.296020487064883;-0.02536000000000005;-0.018940569607122947
2022-03-03;72035;1.10659;1.11179;1.11217;1.10338;1.174535;-0.06794500000000014;54328.25666666667;1.3259214342540118;-0.48382600250006513;1.10928;31.455807460920283;-0.005467636232548312;-0.002526960839469283;-0.0029406753930790288;8.862506902263783;11.308910791272623;1.1308025000000002;1.1526892904225419;1.1089157095774584;1.14949;1.10338;1.1264349999999999;24.57598904853978;9.210249149421523;28.20510556170655;-0.029590000000000005;-0.02797772434893039
2022-03-04;89192;1.09334;1.10662;1.10679;1.08854;1.1741063333333333;-0.08076633333333327;54223.92;1.6448829225180246;-1.1973721071038002;1.089385;25.474593817562607;-0.007336371830086286;-0.0034888430375926835;-0.0038475287924936022;9.400705052878822;11.653732844107836;1.1282215;1.1545461305007343;1.1018968694992657;1.14949;1.08854;1.119015;27.32190684613121;7.992000885978623;35.230009998391935;-0.03895000000000004;-0.03969239129744056
2022-03-07;120245;1.08543;1.09274;1.09323;1.08061;1.173674366666667;-0.08824436666666702;54292.03;2.2147818013063403;-0.7234711983463593;1.089385;22.69965721766981;-0.009347872690492753;-0.004660648968172698;-0.004687223722320055;8.170876419731878;8.811362791624823;1.125285;1.1564925212088386;1.0940774787911616;1.14949;1.08061;1.11505;30.202577414397986;7.269680359722752;37.67604661881559;-0.045580000000000176;-0.053992725486383585
2022-03-08;113166;1.08964;1.0854;1.09583;1.08481;1.1732372666666666;-0.08359726666666667;54368.15;2.0814760112304573;0.3878647172088634;1.09523;27.242363676250662;-0.010481465983512184;-0.005824812371240596;-0.004656653612271588;15.454389868218167;11.008657113609617;1.122682;1.1565498269748742;1.0888141730251257;1.14949;1.08061;1.11505;32.37026340913524;8.538209582112758;34.748223016502905;-0.042890000000000095;-0.06859289971255536
2022-03-09;85122;1.10754;1.08973;1.10952;1.08901;1.172876466666667;-0.06533646666666693;54360.63;1.5658758921665248;1.642744392643447;1.10195;42.66920009533315;-0.00982224174318791;-0.006624298245630059;-0.003197943497557851;46.08933766900549;23.238201318985173;1.1209465;1.1541768561672152;1.087716143832785;1.14949;1.08061;1.11505;32.16219501071271;16.382925008323458;30.06532934704814;-0.022930000000000117;-0.07955684958397326
2022-03-10;92000;1.09888;1.10752;1.11214;1.09763;1.1724879;-0.07360789999999984;54344.41;1.692906409324953;-0.78191306860248;1.0950550000000001;38.42442033682093;-0.00988464734700023;-0.007276368065904094;-0.0026082792810961366;31.268184151976747;30.937303896400127;1.1187505;1.1517177246177912;1.0857832753822088;1.143;1.08061;1.111805;31.614066219573605;16.538761359657926;27.265792094878588;-0.020399999999999974;-0.08896046550988214
2022-03-11;83902;1.09123;1.09814;1.10436;1.0902;1.1721001;-0.08087010000000006;54341.863333333335;1.5439661957362258;-0.696163366336644;1.0950550000000001;35.10237616536925;-0.01043115148278484;-0.007907324749280242;-0.002523826733504597;18.940609951845698;32.099377257609305;1.116579;1.1507671470103285;1.0823908529896715;1.1396;1.08061;1.110105;31.67100751136519;15.064558597659733;29.512556168480096;-0.03595000000000015;-0.09807268235476772
2022-03-14;77710;1.09403;1.09216;1.0994;1.09008;1.1717215666666667;-0.07769156666666666;54393.63333333333;1.4286598492835691;0.25659118609278053;1.0947250000000004;37.241099863361406;-0.010517088894208326;-0.00842927757826586;-0.002087811315942467;24.272020256827684;24.8269381202167;1.1147485;1.1496422761069187;1.0798547238930811;1.1396;1.08061;1.110105;31.732675832931307;14.169316524733839;27.835227914824127;-0.027879999999999905;-0.10593425123362835
2022-03-15;84575;1.09542;1.09406;1.10197;1.09261;1.1713301;-0.07591009999999998;54430.58666666667;1.5538138605398912;0.12705318866941262;1.0947250000000004;38.327669827750334;-0.010353682719178803;-0.00881415860644845;-0.0015395241127303533;29.460911080167055;24.224513762946803;1.1127305;1.1471911978890403;1.0782698021109598;1.1396;1.08061;1.110105;31.40824400948605;14.971795337892853;26.15421742817794;-0.016939999999999955;-0.11218198271961727
2022-03-16;91053;1.10345;1.09536;1.10467;1.0948;1.1709730333333335;-0.06752303333333343;54464.3;1.6717923483820278;0.7330521626408126;1.1062800000000002;44.324626854792484;-0.009467097451344442;-0.008944746375427647;-0.0005223510759167944;48.80341880341879;34.17878338013784;1.1110365;1.1437818754139368;1.0782911245860631;1.13904;1.08061;1.109825;30.710629494457205;15.76657953580546;24.475660594257892;-0.008519999999999861;-0.11547522014060839
2022-03-17;68083;1.10911;1.10348;1.11376;1.10079;1.1706141;-0.06150410000000006;54401.013333333336;1.2515024229938514;0.5129366985364037;1.1062800000000002;48.15164999754298;-0.00821308224205719;-0.008798413548753556;0.0005853313066963659;64.69920544835419;47.65451177731334;1.109683;1.1403299398798576;1.0790360601201423;1.13904;1.08061;1.109825;28.876194024148838;20.28922625757396;22.437767184312595;0.0025200000000000777;-0.115439164000908
2022-03-18;66772;1.10507;1.10906;1.11185;1.10032;1.1702405666666669;-0.06517056666666687;54369.77;1.2281089289137646;-0.36425602510120614;1.1033750000000002;45.73509250890099;-0.0074592745169226315;-0.008530585742387372;0.0010713112254647408;57.269960196675044;56.92419481614934;1.1083219999999998;1.1371987433066744;1.0794452566933253;1.13904;1.08061;1.109825;27.223988739360646;18.79134009109775;21.082202736689958;0.011730000000000018;-0.11364646694497209
2022-03-21;60220;1.10168;1.10562;1.10701;1.10103;1.1698656666666667;-0.0681856666666667;54301.03666666667;1.1090027685780015;-0.3067678970562926;1.1033750000000002;43.75093426574028;-0.0070541057919091266;-0.008235289752291724;0.001181183960382597;62.46664690186747;61.47860418229889;1.1068555;1.1338950632176175;1.0798159367823825;1.13668;1.08061;1.108645;25.689798117771613;18.047158837908018;20.247297936046042;0.016250000000000098;-0.11112029181105924
2022-03-22;69235;1.10245;1.10161;1.10458;1.0961;1.1694872333333335;-0.06703723333333356;54273.63333333333;1.2756654704645518;0.0698932539394237;1.1015100000000002;44.34158841892998;-0.006594852736221624;-0.007907202349077705;0.001312349612856081;65.88235294117602;61.87298667990617;1.1053515;1.1297263971484903;1.0809766028515098;1.1359;1.08061;1.108255;24.831355111103935;17.017940925071393;22.40811154749866;0.012809999999999988;-0.10786054484746462
2022-03-23;59749;1.10057;1.10233;1.10441;1.0964;1.1691184333333333;-0.06854843333333327;54104.323333333334;1.104329493816587;-0.17052927570410104;1.1015100000000002;43.15020214925121;-0.006309855581637658;-0.0075877329955896956;0.0012778774139520378;60.21116138763188;62.853387076891785;1.1038565;1.1253874138449682;1.0823255861550318;1.13088;1.08061;1.1057450000000002;24.03422946205538;16.084823819053888;21.17944397304992;-0.006969999999999921;-0.10436646693839978
2022-03-24;63684;1.0997;1.10029;1.1014;1.0966;1.1687433666666667;-0.06904336666666677;53949.77;1.1804313530898871;-0.07904994684574396;1.09902;42.580046330912396;-0.006084061735947888;-0.007286998743661334;0.0012029370077134465;57.586726998491166;61.226747109099676;1.1028775000000002;1.123264380953187;1.0824906190468133;1.12741;1.08061;1.1040100000000002;23.294041359367434;15.535109728586427;20.455616412908423;0.0008199999999998209;-0.10081448183517051
2022-03-25;65437;1.09834;1.09964;1.10378;1.0981;1.1683589333333335;-0.07001893333333342;53770.723333333335;1.2169633574451544;-0.12367009184320876;1.09902;41.65350120210973;-0.005946313717405172;-0.0070188617384101025;0.0010725480210049309;46.73575129533688;54.84454656048664;1.1014355;1.118561589425183;1.084309410574817;1.12466;1.08061;1.102635;22.21489761147376;16.635501258969597;19.60190587557586;0.007110000000000172;-0.0974183112892816
2022-03-28;77140;1.09864;1.09849;1.09996;1.09448;1.1680007666666667;-0.06936076666666668;53715.91333333333;1.4360735062121066;0.027313946501084096;1.10363;41.953557732892854;-0.005746695597835805;-0.006764428510295243;0.0010177329124594382;38.90909090909094;47.743856400972994;1.100272;1.114611105411403;1.0859328945885969;1.12332;1.08061;1.101965;21.693261239058696;15.944123161167962;21.532656142792224;0.004610000000000003;-0.09403133751755949
2022-03-29;91498;1.10862;1.09804;1.11371;1.09697;1.1676818;-0.05906180000000005;53742.25666666667;1.7025336425207112;0.9083958348503396;1.10363;50.9841949021532;-0.0047286848705623274;-0.00635727978234866;0.0016285949117863328;78.29391891891844;54.64625370778208;1.100085;1.11387571934307;1.08629428065693;1.11434;1.08061;1.0974750000000002;20.97108741410338;23.90583803378485;18.942758885210274;0.013199999999999878;-0.08886538194030075
2022-03-30;84389;1.1158;1.10864;1.11711;1.10806;1.1673893666666666;-0.05158936666666669;53793.58666666667;1.5687557798089;0.64765203586441;1.11121;56.25687236107957;-0.0033044464389884176;-0.005746713113676612;0.0024422666746881944;95.15353311135723;70.78551431312219;1.1002765;1.1148084940475949;1.0857445059524053;1.11711;1.08061;1.0988600000000002;20.66582854913788;24.80001058395277;17.70307368485171;0.012349999999999861;-0.08129248238025037
2022-03-31;79090;1.10662;1.11576;1.11849;1.1061;1.1670910666666667;-0.060471066666666795;53814.706666666665;1.4696726025076412;-0.8227280874708698;1.11121;48.99935114053923;-0.0028832403009861896;-0.005174018551138528;0.0022907782501523383;58.21893699401609;77.2221296747639;1.1002779999999999;1.1148126064273969;1.0857433935726029;1.11849;1.08061;1.09955;20.093405444740437;22.617665738456065;17.537297856475547;-0.0024900000000001032;-0.0738770390469449
2022-04-01;66841;1.10488;1.10669;1.10764;1.10281;1.1667577;-0.061877699999999924;53794.37;1.242527796124159;-0.1572355460772279;1.1010500000000003;47.74214664972841;-0.0026591814714860273;-0.004671051135208028;0.0020118696637220004;47.41112828438968;66.92786612992099;1.100855;1.1151564537722338;1.086553546227766;1.11849;1.08061;1.09955;19.087349505620125;21.81187008390667;19.339254440258372;-0.00018999999999991246;-0.06704577022520977
2022-04-04;52896;1.09722;1.10321;1.10545;1.09608;1.166398466666667;-0.06917846666666683;53762.573333333334;0.9838814759113124;-0.6932879588733565;1.1010500000000003;42.564553921193884;-0.0030643868731996537;-0.004349718282806353;0.001285331409606699;11.41191170345763;39.01399232728779;1.1014445;1.1140221809865476;1.0888668190134523;1.11849;1.08481;1.10165;18.165376202238996;20.30085560694377;22.97519582238934;-0.0044599999999999085;-0.06211425054278006
2022-04-05;57091;1.09057;1.09716;1.09887;1.09;1.1659937999999999;-0.07542379999999982;53714.486666666664;1.0628603853980059;-0.6060771768651718;1.090105;38.646145616890436;-0.0038774180355316545;-0.004255258233351413;0.0003778401978197588;2.000702000701865;20.27458066284972;1.101491;1.1138995098218667;1.0890824901781333;1.11849;1.08901;1.10375;17.983468054069842;18.961726892784363;25.981212792573142;-0.01187999999999989;-0.059718051116938786
2022-04-06;70565;1.08964;1.09047;1.0938;1.08746;1.1655865;-0.07594650000000014;53715.10333333333;1.3136901098763631;-0.08527650678086252;1.090105;38.117659221944066;-0.0045444091964979005;-0.00431308842598071;-0.00023132077051719012;7.025459232999859;6.812690979053109;1.100596;1.1136932583390318;1.087498741660968;1.11849;1.08746;1.102975;18.07554953463609;18.045451438020894;26.66168244987971;-0.010930000000000106;-0.059174887353472296
2022-04-07;67239;1.08801;1.08927;1.09385;1.0865;1.1651693;-0.07715930000000015;53764.87333333334;1.2506120786915427;-0.14959069050328733;1.0878300000000003;37.15853351613491;-0.0051452209699442975;-0.0044795149347734275;-0.00066570603517087;4.720225070334173;4.582128768011956;1.1000524999999999;1.1142457785148223;1.0858592214851774;1.11849;1.0865;1.102495;18.260925584810252;17.018717852212035;25.88785603617321;-0.011689999999999978;-0.06007195798634228
2022-04-08;58440;1.08765;1.08764;1.08918;1.08365;1.1647554;-0.07710539999999999;53774.92333333333;1.0867518980499238;-0.033087931177100405;1.0878300000000003;36.93747052646564;-0.005586025396776106;-0.004700817027173964;-0.0008852083696021425;11.481056257175677;7.742246853503228;1.0998735;1.1145880537139023;1.0851589462860975;1.11849;1.08365;1.10107;18.730368645136643;16.268710329471496;27.01820580667984;-0.010690000000000088;-0.06184565115292926
2022-04-11;60582;1.08835;1.092;1.09333;1.08728;1.1643408666666666;-0.07599086666666666;53842.823333333334;1.1251638797790027;0.06435893899692235;1.0854750000000002;37.71341777383566;-0.005811886125527188;-0.004923030846844609;-0.0008888552786825788;13.490241102181196;9.89717414323034;1.0995895;1.11494933004461;1.08422966995539;1.11849;1.08365;1.10107;18.48840085383443;18.851507729517643;25.684602812024043;-0.010290000000000132;-0.06389020719839789
2022-04-12;71737;1.0826;1.08832;1.09037;1.08214;1.1639150666666667;-0.08131506666666666;53841.54666666667;1.3323725717634165;-0.5283226903110116;1.0854750000000002;34.01138994617722;-0.006381299675112473;-0.005214684612498182;-0.0011666150626142907;1.2654745529571017;8.745590637437983;1.0989485;1.1159347453473183;1.081962254652682;1.11849;1.08214;1.1003150000000002;18.82044024422715;17.580275548960795;28.164138911416035;-0.026019999999999932;-0.06692092603981577
2022-04-13;62443;1.08917;1.08276;1.08943;1.08089;1.1635317333333335;-0.07436173333333351;53788.80333333334;1.1608921584111909;0.6068723443561685;1.0860500000000002;41.123054538935754;-0.006230597474074173;-0.005417867184813381;-0.0008127302892607926;22.02127659574481;12.258997416961025;1.0982345;1.1156001113914618;1.0808688886085382;1.11849;1.08089;1.0996899999999998;19.258026547232244;16.348321058970384;27.21621198119873;-0.02662999999999993;-0.06919735588000832
2022-04-14;75731;1.08293;1.08763;1.09232;1.07576;1.1631103999999999;-0.08018039999999993;53807.12333333334;1.4074530528390248;-0.5729133193165481;1.0860500000000002;37.040067866312114;-0.006539299767003515;-0.005642153701251407;-0.0008971460657521075;16.779780014041446;13.355510387581111;1.0969255;1.114755272264368;1.079095727735632;1.11849;1.07576;1.0971250000000001;20.16963403633391;14.26134855837306;27.696462677744353;-0.02368999999999999;-0.07183951123681288
2022-04-15;37779;1.0809;1.08278;1.08302;1.07965;1.1626743333333334;-0.0817743333333334;53717.763333333336;0.7032869139685507;-0.18745440610196118;1.0794950000000003;35.79494993507939;-0.0068685759250877165;-0.005887438146018669;-0.000981137779069047;12.029019424291903;16.943358678026044;1.095717;1.114429446232366;1.077004553767634;1.11849;1.07576;1.0971250000000001;21.016126704785457;13.87322043954608;26.94269273002344;-0.023980000000000112;-0.07483610993903038
2022-04-18;44474;1.07809;1.08019;1.08217;1.077;1.1622152666666667;-0.08412526666666675;53604.18666666667;0.829674000587859;-0.2599685447312372;1.0794950000000003;34.086822761712966;-0.007272440995665486;-0.006164438715948033;-0.0011080022797174526;5.452843435525267;11.42054762461953;1.0945375;1.114528035635624;1.074546964364376;1.11849;1.07576;1.0971250000000001;22.061681047680885;13.276273106666928;27.9889178798589;-0.01913000000000009;-0.07829723850273712
2022-04-19;63297;1.0789;1.07823;1.08146;1.07613;1.1617617333333334;-0.08286173333333346;53569.096666666665;1.1815954335361176;0.07513287387879153;1.082165;35.04898381811482;-0.0074413672931761266;-0.006419824431393652;-0.0010215428617824747;7.348467119119881;8.276776659645675;1.0933599999999999;1.114107535757268;1.0726124642427317;1.11849;1.07576;1.0971250000000001;23.117794684637854;12.670947335188892;27.457001937825055;-0.01167000000000007;-0.08163052099196169
2022-04-20;74475;1.08543;1.07874;1.0867;1.0783;1.1613237;-0.07589370000000017;53504.61;1.3919361341010819;0.6052460839744089;1.082165;42.35454295785564;-0.0069680033690813215;-0.006529460218931186;-0.0004385431501501358;30.33249686323674;14.37793580596062;1.092603;1.1133478355982664;1.0718581644017335;1.11849;1.07576;1.0971250000000001;23.048857381011636;16.241398809806416;25.48488600327155;-0.004210000000000047;-0.08342377877577103
2022-04-21;74294;1.08321;1.0847;1.09363;1.08237;1.1608752666666666;-0.07766526666666662;53333.47666666667;1.3930087562887064;-0.20452723805310935;1.0814500000000002;40.67934572696859;-0.006694820769074461;-0.0065625323289598405;-0.00013228844011462047;25.092623779050044;20.924529253802213;1.0917784999999998;1.1126399767214374;1.070917023278562;1.11849;1.07576;1.0971250000000001;21.82745830108024;20.4975087288663;23.090688377016363;-0.0047999999999999154;-0.08433976100750447
2022-04-22;74335;1.07969;1.0837;1.08516;1.07708;1.1604497;-0.08075969999999999;53092.37333333334;1.4001069331235898;-0.32496007237746705;1.0814500000000002;38.105802699779375;-0.006685292284521083;-0.006587084320072089;-9.820796444899409e-05;17.005625270445673;24.143581970910812;1.090846;1.1121142555937025;1.0695777444062975;1.11849;1.07576;1.0971250000000001;21.353835549235836;19.110119385183186;25.959184164087162;-0.007959999999999967;-0.08509014670843477
2022-04-25;91677;1.07117;1.08078;1.08138;1.06968;1.1600041333333333;-0.08883413333333334;53110.77333333333;1.7261469612690523;-0.7891153942335416;1.06745;32.7114548411658;-0.007281299400218488;-0.0067259273361013686;-0.0005553720641171198;6.164666942490649;16.087638663995445;1.0894724999999998;1.112057282376614;1.0668877176233857;1.11849;1.06968;1.094085;21.6955226894284;17.285628744459483;29.519227124679464;-0.017179999999999973;-0.08704732499362251
2022-04-26;76212;1.06373;1.07126;1.07387;1.06359;1.1595197333333334;-0.0957897333333333;53075.496666666666;1.4359168502675461;-0.6945676223195085;1.06745;28.868306358913202;-0.008258783044708062;-0.0070324984778227075;-0.0012262845668853549;0.46265697290161667;7.877649728612636;1.087228;1.1106615482588311;1.063794451741169;1.11849;1.06359;1.09104;22.55415768177632;15.853459861935054;31.98179009830307;-0.018869999999999942;-0.09088860602633533
2022-04-27;85237;1.05586;1.06376;1.06548;1.05146;1.1590185;-0.10315849999999993;53065.96;1.6062462640831137;-0.7398493978735265;1.0528450000000003;25.460736648241095;-0.009558306891020996;-0.0075376601604623655;-0.00202064673055863;10.433957789897926;5.6870939017633875;1.084231;1.1076130785217841;1.0608489214782157;1.11849;1.05146;1.084975;24.205538786192044;14.133570450981267;37.89837958158488;-0.03330999999999995;-0.0970606067467418
2022-04-28;97415;1.04983;1.05538;1.05648;1.04714;1.1585272333333334;-0.10869723333333337;52997.35666666667;1.8381105422424204;-0.571098441081197;1.0528450000000003;23.20100198232936;-0.010948551421425812;-0.008219838412655056;-0.0027287130087707556;5.786190578619215;5.560935113806244;1.0813915;1.1069042977885375;1.0558787022114626;1.10764;1.04714;1.0773899999999998;25.990069876365187;13.112958394253994;38.50165929443617;-0.03309999999999991;-0.10542829885516458
2022-04-29;82571;1.05427;1.04977;1.05929;1.04912;1.1580714333333333;-0.10380143333333325;52841.443333333336;1.562618179808444;0.4229256165283912;1.0525050000000002;28.250581441539595;-0.011558816493150825;-0.008887634028754211;-0.0026711824643966143;15.33663153366328;10.518926634060131;1.078861;1.1045915723993607;1.0531304276006395;1.10545;1.04714;1.076295;27.185034709217156;14.24628118686815;35.495953853016786;-0.02662999999999993;-0.11392893914234903
2022-05-02;70307;1.05074;1.05564;1.05684;1.04903;1.1576250666666665;-0.10688506666666653;52737.986666666664;1.3331377332313787;-0.3348288389122378;1.0525050000000002;26.744952657738736;-0.012186815435463627;-0.009547470310096095;-0.002639345125367532;7.743600774360156;9.622140962214209;1.0765369999999999;1.103577821067391;1.0494961789326087;1.09887;1.04714;1.073005;28.300755414665833;13.382284655661067;33.41311286440444;-0.027349999999999985;-0.12257607528888313
2022-05-03;69449;1.05193;1.05024;1.05777;1.04923;1.1571645666666668;-0.10523456666666675;52664.98;1.3186941303307589;0.11325351656927829;1.0569300000000004;28.1354248875559;-0.012445027536301723;-0.01012698175533722;-0.0023180457809645026;10.303291030329227;11.12784111278421;1.074605;1.1028537412108683;1.0463562587891317;1.09385;1.04714;1.070495;29.17002589996369;13.21615264036483;31.185906880246055;-0.02696999999999994;-0.130514709604119
2022-05-04;77867;1.06193;1.05194;1.06311;1.05062;1.1567279666666668;-0.09479796666666673;52631.61;1.479472127111164;0.9506335972925939;1.0569300000000004;38.670381502485455;-0.011707785990960673;-0.010443142602461913;-0.0012646433884987603;31.813293181329396;16.62006166200625;1.0732195;1.1010984135189765;1.0453405864810235;1.09385;1.04714;1.070495;29.056029268317566;16.02260471435482;28.22288965659507;-0.023499999999999854;-0.1356081234480968
2022-05-05;97205;1.05392;1.06199;1.0642;1.04928;1.1562459666666667;-0.10232596666666671;52666.55333333334;1.8456685286534453;-0.7542870057348439;1.05419;34.32928139262606;-0.011635727390012951;-0.01068165955997212;-0.0009540678300408306;14.58378145837812;18.90012189001224;1.071515;1.099734760806898;1.043295239193102;1.09363;1.04714;1.070385;29.075419069221176;14.277508795978733;26.12719194282784;-0.029290000000000038;-0.13975085393407755
2022-05-06;111507;1.05446;1.05394;1.0599;1.04828;1.1557769;-0.10131690000000004;52759.153333333335;2.1135100348460014;0.05123728556246654;1.05419;34.86018271577801;-0.011403593416164926;-0.010826046331210681;-0.0005775470849542445;15.745321574532095;20.714132071413193;1.0698555;1.0979881518301864;1.0417228481698138;1.09363;1.04714;1.070385;29.18976770145982;13.082429870797387;24.660592662063006;-0.025230000000000086;-0.14271863555580094
2022-05-09;91214;1.05582;1.05405;1.05926;1.04952;1.1553197;-0.09949969999999997;52829.54666666667;1.7265716962423818;0.12897596874230643;1.0544050000000003;36.25783355950352;-0.010983276560116773;-0.0108574923769919;-0.00012578418312487322;18.670681867068176;16.33326163332612;1.068229;1.0956489532457376;1.0408090467542626;1.09363;1.04714;1.070385;29.295948574252844;12.163386177658069;22.92818038246518;-0.015349999999999975;-0.14425636279208695
2022-05-10;95552;1.05299;1.05582;1.05855;1.05255;1.1548622;-0.10187219999999986;52918.67;1.8056387282594584;-0.26803811255705634;1.0544050000000003;34.59445587928093;-0.010754557922926677;-0.010836905486178855;8.234756325217751e-05;12.583351258335373;15.666451566645206;1.0667484999999999;1.0941022312079793;1.0393947687920204;1.09363;1.04714;1.070385;29.394545098989227;11.621763602337957;21.907213036302547;-0.010739999999999972;-0.14500238198286866
2022-05-11;94809;1.05138;1.05266;1.05772;1.0502;1.1543735;-0.10299349999999996;52993.86;1.789056317089982;-0.152897938252039;1.04579;33.64869495262003;-0.010581236393243154;-0.010785771667591714;0.00020453527434855998;11.152025249868563;14.135352791757361;1.064859;1.0909480627658092;1.0387699372341908;1.09363;1.04714;1.070385;29.74876622881956;10.962866408607539;22.43690339334644;-0.0044800000000000395;-0.14519928316278113
2022-05-12;102129;1.03795;1.05132;1.05294;1.03542;1.1538614;-0.11591140000000011;53029.31333333333;1.9258970855989603;-1.2773687914930942;1.04354;27.014274491529136;-0.011396198312799033;-0.010907856996633178;-0.0004883413161658554;5.504786771105137;9.746721093103014;1.0626099999999998;1.089811357319043;1.0354086426809566;1.09363;1.03542;1.0645250000000002;31.317094038211597;9.597622550264182;30.14849282801234;-0.011880000000000113;-0.14716640314331889
2022-05-13;77620;1.04074;1.03794;1.04198;1.03495;1.1533618333333333;-0.11262183333333331;53044.36666666667;1.4633033605199428;0.26879907509995693;1.0420800000000001;30.097738388757563;-0.011682265932817959;-0.011062738783870135;-0.0006195271489478245;14.876670092497308;10.511160704490328;1.0606019999999998;1.088034465146213;1.0331695348537866;1.09363;1.03495;1.0642900000000002;32.804343917526985;9.107514444921126;28.95034842138288;-0.013530000000000042;-0.14946153787286037
2022-05-16;63446;1.04342;1.04078;1.04432;1.03891;1.1528623333333334;-0.10944233333333342;53048.09;1.196009130582987;0.2575090800776447;1.0420800000000001;33.02478945974178;-0.011559472576048613;-0.01116208554230583;-0.0003973870337427819;27.7432034064854;16.041553423362604;1.0588685;1.0860419843367235;1.0316950156632765;1.09363;1.03495;1.0642900000000002;33.68666276230064;10.493918042862722;27.774890213035935;-0.007319999999999993;-0.15111424269314105
2022-05-17;78494;1.05505;1.04347;1.05557;1.04286;1.1524290666666668;-0.09737906666666674;53058.78333333333;1.4793780608737142;1.114603898717692;1.050565;43.98614236511261;-0.010403785785690012;-0.011010425590982668;0.0006066398052926563;68.71794871794874;37.11260740564381;1.057676;1.0832762737484998;1.0320757262515003;1.09363;1.03495;1.0642900000000002;32.51539047497367;17.76198516644628;25.187448677236734;0.0031200000000000117;-0.14987123729830729
2022-05-18;70913;1.04608;1.05486;1.05639;1.04604;1.1519787333333336;-0.10589873333333366;53036.80333333334;1.3370526793310373;-0.8501966731434663;1.050565;38.72223859748155;-0.01009532706634153;-0.01082740588605444;0.0007320788197129093;38.05128205128158;44.8374780585719;1.0557085;1.0783519611090722;1.0330650388909277;1.09363;1.03495;1.0642900000000002;31.303401674014165;17.018870210712887;23.28515805337692;-0.015850000000000142;-0.14807320218696882
2022-05-19;97976;1.05834;1.04636;1.06072;1.0461;1.1515851666666668;-0.09324516666666671;53081.666666666664;1.8457596784824934;1.1719944937289783;1.0572750000000002;47.899564052357434;-0.008760604969229702;-0.010414045702689494;0.001653440733459792;79.96581196581205;62.24501424501412;1.054465;1.0733504340696218;1.0355795659303781;1.08516;1.03495;1.060055;29.535430112991246;18.314534253823496;20.88265567275811;0.0044200000000000905;-0.143466935658806
2022-05-20;74622;1.05621;1.05836;1.05989;1.05329;1.1511749;-0.09496489999999991;53121.7;1.4047366707011628;-0.20125857474913023;1.0572750000000002;46.59394481738785;-0.007784961104321919;-0.009888228783015979;0.00210326767869406;72.68376068376088;63.5669515669515;1.053291;1.0682741704254473;1.0383078295745527;1.08138;1.03495;1.058165;27.893742234898536;17.440878128606524;19.88649274628384;0.0017500000000001403;-0.13727673666833778
2022-05-23;71492;1.06921;1.05606;1.06974;1.05571;1.1508172;-0.0816072000000001;53138.07;1.3454007644610833;1.2308158415466508;1.0714000000000004;54.70826861620509;-0.005894813220370443;-0.009089545670486872;0.003194732450116429;98.47657372808301;83.70871545921864;1.053193;1.0677260025802653;1.0386599974197348;1.07387;1.03495;1.05441;26.730217586460327;22.635858374805686;17.92859777831618;0.013390000000000013;-0.1276480872582858
2022-05-24;75235;1.07359;1.06898;1.07486;1.06609;1.1504905666666667;-0.07690056666666667;53181.206666666665;1.4146914806117448;0.4096482449659211;1.0714000000000004;57.07468294890179;-0.003997349058068034;-0.008071106348003104;0.00407375728993507;96.817840140316;89.3260581840533;1.0536860000000001;1.0701552991957162;1.037216700804284;1.07486;1.03495;1.054905;26.199618805240217;24.857649337547716;16.814214989774502;0.02059999999999995;-0.1150656635667267
2022-05-25;76501;1.06786;1.07366;1.07391;1.06423;1.1501401;-0.08228009999999997;53225.92;1.4372884489358875;-0.5337233021917132;1.0703900000000002;53.16146531360344;-0.0029222720185655415;-0.007041339482115591;0.00411906746355005;82.46053620646477;92.58498335828791;1.054286;1.0718653349134155;1.0367066650865846;1.07486;1.03495;1.054905;25.426174130702453;23.147431885594827;16.979381549037402;0.01648000000000005;-0.10185293935098697
2022-05-26;66718;1.07292;1.06808;1.07316;1.06625;1.1497906333333332;-0.0768706333333331;53235.18666666667;1.2532688279604192;0.4738448860337474;1.0703900000000002;56.02855829657323;-0.0016430262238718019;-0.005961676830466834;0.004318650606595032;95.1390628915063;91.4724797460957;1.0554405;1.0746544412666446;1.0362265587333555;1.07486;1.03495;1.054905;24.70797550434596;21.984650130754805;16.126443945796208;0.03497000000000017;-0.08765476606102916
2022-05-27;65510;1.07312;1.07224;1.0765;1.0697;1.1494469333333335;-0.0763269333333334;53364.2;1.2276020253276116;0.018640718786122612;1.0755500000000002;56.14283119222874;-0.0006060897610906668;-0.004890559416591601;0.004284469655500934;91.86522262334552;89.82160724043887;1.0563829999999998;1.077067807081481;1.0356981929185187;1.0765;1.03495;1.055725;24.429197099862417;23.356108830834764;15.311320135129622;0.032380000000000075;-0.07319182651143206
2022-05-30;49220;1.07798;1.07332;1.0787;1.07251;1.1491027666666667;-0.07112276666666673;53397.776666666665;0.921761224390381;0.4528850454748712;1.0755500000000002;58.935563757268504;0.0006009241600182236;-0.0037922627012696363;0.00439318686128786;98.3542857142856;95.1195237430458;1.0577450000000002;1.0802696189756484;1.0352203810243519;1.0787;1.03495;1.056825;24.416745114192384;23.93138516954891;14.588449593105487;0.034559999999999924;-0.05813553921667617
2022-05-31;84835;1.07324;1.07788;1.07794;1.06791;1.1487215;-0.07548149999999998;53472.24333333333;1.5865240489564425;-0.43971131189817214;1.069255;55.24088933277234;0.0011616225408299652;-0.002801485652849716;0.003963108193679682;87.51999999999994;92.57983611254367;1.0588104999999999;1.082135882290504;1.0354851177094957;1.0787;1.03495;1.056825;23.61238258735428;22.1031752460894;16.963670095690357;0.01818999999999993;-0.04408076799231952
2022-06-01;73925;1.06527;1.07354;1.07394;1.06274;1.1483151666666667;-0.08304516666666673;53486.74333333333;1.38211817345618;-0.7426111587343076;1.069255;49.60935220977272;0.000951894804533282;-0.002050809561373116;0.003002704365906398;69.302857142857;85.05904761904752;1.0589775;1.0824372671556681;1.0355177328443317;1.0787;1.03495;1.056825;22.076872038601305;20.25023455483951;19.411299933556645;0.01919000000000004;-0.03267720339817382
2022-06-02;64371;1.07462;1.06453;1.07502;1.06447;1.1479251666666668;-0.07330516666666687;53504.776666666665;1.2030888457121798;0.8777117538276702;1.0732500000000003;55.35896405714441;0.0015225993438503505;-0.001336127780328423;0.0028587271241787733;89.74616737873816;82.18967484053171;1.0600125;1.0843003091848196;1.0357246908151805;1.0787;1.03495;1.056825;20.801211554340775;19.465440258022024;17.889930697045184;0.01627999999999985;-0.02176318296270652
2022-06-03;60060;1.07188;1.07461;1.07642;1.07043;1.1475310333333333;-0.07565103333333334;53506.45333333333;1.1224814252932875;-0.25497385122182914;1.0732500000000003;53.434824329255356;0.0017338054718754048;-0.0007221411298876574;0.002455946601763062;80.97098214285705;80.00666888815074;1.0608834999999999;1.085558681275894;1.0362083187241058;1.0787;1.03495;1.056825;19.81583529527777;19.64410394863379;17.07180776174912;0.01566999999999985;-0.012107106992493953
2022-06-06;59433;1.06958;1.07168;1.0752;1.0684;1.1471258;-0.0775458;53507.27;1.1107462593398785;-0.21457625853640305;1.070035;51.80703082418811;0.001696046108112803;-0.00023850368228756536;0.0019345497904003685;72.07593386405377;80.93102779521632;1.0615715000000001;1.0864103649297479;1.0367326350702524;1.0787;1.03495;1.056825;18.56850291019814;18.603985780852728;17.748544613898083;0.00036999999999998145;-0.004108666617471705
2022-06-07;73340;1.07049;1.06956;1.07144;1.06521;1.1467111333333333;-0.07622113333333336;53511.26666666667;1.370552494240832;0.08508012490884287;1.070035;52.42455789087962;0.0017197269928219683;0.00015314245273434138;0.001566584540087627;74.81595092024521;75.95428897571867;1.0624465;1.087247431655853;1.0376455683441472;1.0787;1.03495;1.056825;17.575191340072056;17.68034113652588;19.409522866511608;-0.0031000000000001027;0.0026091928722735743
2022-06-08;70080;1.07163;1.07052;1.07485;1.06715;1.1462901666666667;-0.07466016666666664;53532.933333333334;1.309100690664941;0.10649328812040171;1.066715;53.233020204765666;0.001809622535054789;0.0004844384691984309;0.0013251840658563582;72.17630853994518;73.02273110808137;1.063459;1.088022375908012;1.0388956240919878;1.0787;1.03495;1.056825;16.53354157042549;19.329508876824743;18.206399016808387;0.003770000000000051;0.008383516112253658
2022-06-09;82691;1.0618;1.07164;1.0774;1.06113;1.1458407333333334;-0.08404073333333328;53600.87;1.5427174969358626;-0.9172942153541808;1.066715;45.97768621577084;0.0010752714922450668;0.0006026050738077581;0.00047266641843730873;26.489778164419892;57.8273458748701;1.0646515;1.0862866531309199;1.0430163468690803;1.0787;1.03495;1.056825;16.036852522985395;16.940088020367057;20.52964949609739;-0.011120000000000019;0.011456104373346905
2022-06-10;88645;1.0519;1.06166;1.06423;1.05059;1.145353;-0.09345300000000001;53711.566666666666;1.6503893947110742;-0.9323789790921078;1.0463500000000001;40.05641753293943;-0.00030207216228950173;0.00042166962658830615;-0.0007237417888778079;4.660263251512418;34.44211665195916;1.0652095000000001;1.0848309825892024;1.0455880174107979;1.0787;1.03891;1.058805;16.784023870341965;15.239306476229414;26.226643474170412;-0.021220000000000017;0.010747530805953786
2022-06-13;105177;1.0408;1.05152;1.05201;1.03999;1.1448100666666667;-0.10401006666666679;53887.86666666667;1.9517751676935404;-1.055233387204113;1.0463500000000001;34.66576958790178;-0.002263215228807569;-0.00011530734449086892;-0.0021479078843167003;2.0924825626452517;11.08084132619252;1.0650784999999998;1.0853057640512345;1.0448512359487652;1.0787;1.03999;1.059345;18.362449668879375;13.913600589448208;31.616675879119065;-0.03717999999999999;0.0054796306327070925
2022-06-14;104731;1.04175;1.0407;1.04848;1.0397;1.1442703666666667;-0.10252036666666675;54076.81;1.936708174908628;0.09127594158340191;1.0432350000000001;35.46623246312204;-0.0036981482270332933;-0.0008318755209993538;-0.002866272706033939;5.256410256409972;4.003052023522547;1.0644135000000001;1.0866868682005741;1.042140131799426;1.0787;1.0397;1.0592000000000001;19.849695817489398;13.022453239712808;29.80322065105947;-0.03149000000000002;-0.0024516061493546092
2022-06-15;124998;1.04472;1.04155;1.05078;1.0359;1.1437409333333333;-0.09902093333333317;54360.79666666667;2.2994144248188357;0.28509719222462593;1.0432350000000001;38.022758299876536;-0.004543316265790853;-0.001574163669957654;-0.0029691525958331993;20.60747663551416;9.318789818189794;1.0643455000000002;1.0868494502976334;1.041841549702367;1.0787;1.0359;1.0573000000000001;21.513787410922568;11.659494220506488;29.35677487511075;-0.020549999999999846;-0.011277292452398549
2022-06-16;124776;1.05505;1.04422;1.06014;1.03809;1.1432524333333334;-0.08820243333333333;54616.63333333333;2.28457875164972;0.988781683130413;1.0522900000000002;46.03098266047179;-0.004329663689139229;-0.002125263673793969;-0.0022044000153452602;44.74299065420566;23.53562584870993;1.064181;1.086905163262887;1.041456836737113;1.0787;1.0359;1.0573000000000001;21.552061773992843;16.066085505225487;25.155233123049577;-0.019569999999999865;-0.018407541609175255
2022-06-17;111793;1.04953;1.05488;1.05601;1.04444;1.1427183666666667;-0.09318836666666663;54848.77;2.038204320716392;-0.5231979527036579;1.0522900000000002;42.84510811114375;-0.0045532730528548004;-0.0026108655496061353;-0.0019424075032486651;32.42150333016193;32.590656873293916;1.063847;1.0872171596913314;1.0404768403086686;1.0787;1.0359;1.0573000000000001;21.58760225398667;14.86397406924051;23.273045118868303;-0.02234999999999987;-0.02507454414161135
2022-06-20;71406;1.05109;1.04771;1.0546;1.04748;1.1421933333333334;-0.09110333333333331;54952.323333333334;1.2994173070144444;0.14863796175430544;1.05228;44.024203418544865;-0.004552131978240448;-0.002999118835332998;-0.00155301314290745;36.60240963855442;37.922301207640665;1.062941;1.086808904725767;1.0390730952742329;1.0787;1.0359;1.0573000000000001;21.620604128266653;14.161738930997714;22.173530952586233;-0.018489999999999895;-0.03081161803948083
2022-06-21;76026;1.05347;1.05098;1.05827;1.05071;1.1416743666666667;-0.08820436666666676;55081.236666666664;1.3802522347141601;0.22643160909150417;1.05228;45.85928972474813;-0.004309504276155396;-0.003261195923497478;-0.001048308352657918;42.33734939759017;37.12042078876884;1.0619349999999999;1.085618083836322;1.0382519161636776;1.0787;1.0359;1.0573000000000001;21.064391418797573;15.924002979496022;21.03705799229869;-0.017020000000000035;-0.035183834892553605
2022-06-22;93110;1.05688;1.0533;1.06056;1.0469;1.1411554;-0.08427539999999989;55235.23333333333;1.6856994056326937;0.3236921791792913;1.0544950000000004;48.466110874246176;-0.0037982773953062487;-0.0033686122178592324;-0.00042966517744701636;50.55421686747003;43.164658634538206;1.061386;1.085003204237552;1.037768795762448;1.0787;1.0359;1.0573000000000001;20.978696323207483;14.47988416680171;21.65868885567263;-0.01475000000000004;-0.03775974817262929
2022-06-23;106561;1.05211;1.0566;1.0581;1.04828;1.1406224666666667;-0.08851246666666657;55448.14666666667;1.9218135574591033;-0.4513284384225158;1.0544950000000004;45.18845423440884;-0.003734971122329789;-0.003441883998753344;-0.0002930871235764447;39.060240963855684;43.983935742971966;1.0603455;1.0836702503523234;1.0370207496476764;1.0787;1.0359;1.0573000000000001;20.899122305873824;13.52995239029657;20.237802020913815;-0.009689999999999976;-0.039824369590478935
2022-06-24;79697;1.05554;1.05234;1.05713;1.05121;1.1401337666666669;-0.08459376666666696;55577.38333333333;1.4339825882408221;0.32601153871740784;1.0568650000000002;47.91610737978006;-0.0033691901834187465;-0.003427345235686425;5.8155052267678305e-05;47.325301204819134;45.646586345381614;1.0594665;1.082114555346943;1.0368184446530573;1.0787;1.0359;1.0573000000000001;20.82523214692114;12.977233449318778;19.41105731568189;0.0036399999999998656;-0.040750272808339545
2022-06-27;80714;1.05819;1.05489;1.06149;1.05489;1.1396400333333332;-0.08145003333333323;55738.973333333335;1.4480711640900727;0.25105633135646954;1.0568650000000002;49.98690319076168;-0.0028328183346031377;-0.0033084398554697678;0.00047562152086663007;53.71084337349395;46.698795180722925;1.0584770000000001;1.0794720928551924;1.0374819071448078;1.07794;1.0359;1.0569199999999999;19.97800167686512;15.459100046185787;18.5035103307826;0.017390000000000017;-0.040306356405496145
2022-06-28;85658;1.05207;1.05846;1.06062;1.05036;1.1391423666666667;-0.08707236666666662;55884.573333333334;1.5327664664998428;-0.5783460437161492;1.0481;45.48880810199906;-0.0028685062782991544;-0.0032204531400356453;0.0003519468617364909;38.96385542168691;46.666666666666664;1.0574185;1.07744180969141;1.03739519030859;1.0774;1.0359;1.0566499999999999;19.791849460429525;14.336916753644358;20.365349571070315;0.010320000000000107;-0.04001024031516144
2022-06-29;89544;1.04413;1.05188;1.05355;1.04352;1.1386209999999999;-0.09449099999999988;56067.07;1.5970872028801226;-0.7547026338551643;1.0481;40.40840812229237;-0.003497167701100423;-0.003275796052248601;-0.00022137164885182225;29.050476526650087;40.57505844061031;1.0563615;1.0768420168635482;1.0358809831364517;1.0774;1.0359;1.0566499999999999;20.389629041651222;13.319049638032205;23.76110406353156;-0.0005900000000000905;-0.041209997856787126
2022-06-30;91530;1.04835;1.04403;1.04885;1.03827;1.1380941333333334;-0.08974413333333353;56247.26;1.627279266580874;0.40416423242315425;1.0454050000000001;43.988910762689514;-0.003613216762256899;-0.003343280194250261;-0.00026993656800663795;48.65181711606037;38.88871635479912;1.055048;1.0739877123525685;1.0361082876474315;1.0774;1.0359;1.0566499999999999;21.444581973537026;12.325034746740117;25.691124970269914;-0.00670000000000015;-0.04250546495384271
2022-07-01;92486;1.04246;1.04839;1.0485;1.03655;1.1375145000000002;-0.09505450000000026;56402.096666666665;1.6397617369895106;-0.5618352649401359;1.0454050000000001;40.34524220023323;-0.0041328196818266605;-0.003501188091765541;-0.0006316315900611194;25.635013677217266;34.44576910664258;1.053577;1.0716071315579778;1.0355468684420222;1.0774;1.0359;1.0566499999999999;22.578076243880428;11.299293404430193;24.75087280798644;-0.007070000000000132;-0.04481283112195862
2022-07-04;58145;1.04227;1.04193;1.04628;1.04168;1.1369459333333334;-0.09467593333333335;56450.91;1.030009967952504;-0.018226118987774154;1.03668;40.229480985218544;-0.004507975021297961;-0.003702545477672025;-0.0008054295436259358;24.892536146932343;33.05978898006999;1.0522114999999999;1.069298855880824;1.0351241441191756;1.0774;1.0359;1.0566499999999999;23.630606637770732;10.922463869568338;23.925435362136806;-0.00882000000000005;-0.047649388364629106
2022-07-05;90261;1.02641;1.04202;1.0449;1.02352;1.1363179;-0.10990790000000006;56586.58666666667;1.595095327655695;-1.5216786437295515;1.032;31.980651568568916;-0.006015712395284867;-0.004165178861194593;-0.0018505335340902734;7.61127205688716;19.379607293678923;1.0500075;1.0684159229361958;1.0315990770638042;1.0774;1.02352;1.05046;25.902899042750626;9.360018294398207;32.65338179488708;-0.027059999999999862;-0.05355297043162032
2022-07-06;99216;1.01813;1.02681;1.02765;1.01618;1.1356881666666665;-0.11755816666666652;56737.74;1.7486773354028997;-0.8066951802885858;1.0171350000000001;28.674958492776867;-0.0077889458091457975;-0.004889932250784834;-0.002899013558360963;4.303685720591256;12.269164641470253;1.0473325;1.0678258168373929;1.0268391831626071;1.0774;1.01618;1.04679;28.36873470045952;8.64549780511663;35.04577214018018;-0.03875000000000006;-0.06268896849710526
2022-07-07;82592;1.01614;1.01808;1.0221;1.01442;1.1350490333333332;-0.11890903333333314;56825.45333333333;1.4534331915577996;-0.19545637590483445;1.0171350000000001;27.927788888041903;-0.009248214770898544;-0.0057615887548075765;-0.0034866260160909676;3.654132143615776;5.189696640364731;1.0450495;1.068541208728777;1.021557791271223;1.06423;1.01442;1.039325;30.73776480800592;8.19443256539603;34.412955153659304;-0.03597000000000006;-0.07385530639043113
2022-07-08;89370;1.01854;1.01632;1.01915;1.00719;1.1343955666666667;-0.11585556666666674;56972.71666666667;1.5686455768445478;0.23618792686046497;1.01295;30.287032652962324;-0.01009467091163474;-0.006628205186173009;-0.003466465725461731;20.902394106813937;9.62007065700699;1.0433815;1.069302463157214;1.017460536842786;1.06149;1.00719;1.03434;33.240995644442854;7.535116064859991;36.507992904930205;-0.03699999999999992;-0.08532912224458036
2022-07-11;85258;1.00407;1.01788;1.0185;1.00338;1.1336918666666669;-0.12962186666666686;57115.17333333333;1.4927381818909256;-1.4206609460600483;1.0096600000000002;24.97810880531746;-0.011797111809229932;-0.007661986510784395;-0.004135125298445537;1.1874032008261541;8.58130981708529;1.041545;1.0726279757262327;1.0104620242737672;1.06149;1.00338;1.032435;35.70956614842334;6.789422183986306;35.38218896032077;-0.054119999999999946;-0.09903914441559203
2022-07-12;96807;1.0036;1.004;1.00738;1.0;1.1329627666666666;-0.12936276666666657;57301.64;1.6894280861766453;-0.046809485394438965;1.0046800000000002;24.82588989623396;-0.013033985882169308;-0.008736386385061377;-0.00429759949710793;5.85461050577337;9.314802604471154;1.0396375;1.074844791219256;1.004430208780744;1.06149;1.0;1.030745;38.12448674240553;6.454550460474881;35.89599539940366;-0.04847000000000001;-0.11357557837779676
2022-07-13;104420;1.00576;1.00378;1.01217;0.9998;1.1322566333333333;-0.12649663333333327;57461.81;1.8172069414447933;0.21522518931844647;1.0046800000000002;27.026852715681215;-0.013682203621570022;-0.009725549832363106;-0.003956653789206916;9.661209272167229;5.567740992922251;1.0376895;1.0757518853561154;0.9996271146438843;1.06149;0.9998;1.030645;39.45542469437545;9.092567046923365;32.96139317034208;-0.038370000000000015;-0.12744416861579597
2022-07-14;107038;1.00208;1.00604;1.00604;0.99522;1.1315208333333333;-0.12944083333333323;57678.08;1.8557829941631456;-0.3658924594336477;1.0054150000000002;25.64902769277147;-0.014327705227977328;-0.01064598091148595;-0.0036817243164913773;10.351591972234923;8.62247058339184;1.035041;1.0752158288857259;0.9948661711142742;1.06149;0.99522;1.028355;40.91349137327506;8.442418823444216;33.63120908991718;-0.04626999999999981;-0.1407264617373811
2022-07-15;85034;1.00875;1.00129;1.00979;1.00068;1.1308232333333332;-0.1220732333333332;57811.45;1.470885092831702;0.6656155197189761;1.0054150000000002;32.37800791767373;-0.014138081640655553;-0.011344401057319872;-0.0027936805833356816;20.688073394495508;13.566958212965886;1.0330020000000002;1.0741559050880631;0.9918480949119374;1.06149;0.99522;1.028355;41.58628110776495;10.434688952840943;31.583528050107702;-0.03370999999999991;-0.15155631199491224
2022-07-18;75726;1.01439;1.00815;1.02013;1.00786;1.1301324333333331;-0.11574243333333323;57925.21666666667;1.307306288308867;0.559107806691439;1.01834;37.52667897809997;-0.013378483882603875;-0.011751217622376672;-0.0016272662602272031;32.86473512772143;21.301466831483953;1.031167;1.072203826924084;0.9901301730759159;1.06149;0.99522;1.028355;40.59526847403963;16.42630397291111;29.020596366946457;-0.027880000000000127;-0.15894874738915213
2022-07-19;83025;1.02229;1.01409;1.02694;1.01197;1.1294560666666666;-0.10716606666666673;58039.19;1.4304989439030025;0.7787931663364223;1.01834;43.96269474187366;-0.012000696649001164;-0.011801113427701572;-0.0001995832212995912;50.47548014171153;34.676096221309486;1.029608;1.0694900097788111;0.989725990221189;1.06149;0.99522;1.028355;38.795363275025856;19.22660903692159;26.224538451146334;-0.0041200000000001236;-0.16194542420824015
2022-07-20;75934;1.01819;1.02233;1.02732;1.01555;1.1287858666666666;-0.11059586666666665;58146.15;1.305916212853077;-0.40106036447583593;1.0204900000000001;41.56918361836742;-0.011111539167984796;-0.011663198575758219;0.0005516594077734222;43.11186186186175;42.15069237709823;1.0276735000000001;1.0657907833632871;0.9895562166367131;1.06149;0.99522;1.028355;37.07653329668646;18.019939797853365;24.24652735899594;5.999999999994898e-05;-0.1623140116262279
2022-07-21;90201;1.02279;1.01757;1.0278;1.01535;1.1281303333333332;-0.10534033333333315;58288.31333333333;1.5474971712451542;0.4517820838939812;1.0204900000000001;45.17566095920327;-0.009921327019974946;-0.011314824264601564;0.001393497244626618;53.99529964747364;49.1942138836823;1.0262075;1.0626721661166267;0.9897428338833733;1.06149;0.99522;1.028355;35.416747544350024;16.89920699570307;22.32808026914014;0.006650000000000045;-0.15972881209278053
2022-07-22;83352;1.02143;1.02287;1.02555;1.01298;1.1274707666666666;-0.10604076666666651;58405.066666666666;1.4271364584805268;-0.13296962230761045;1.0216300000000003;44.30497899419141;-0.008984251097517326;-0.010848709631184717;0.001864458533667391;52.75764895330132;49.95493682087889;1.024502;1.0584213564797007;0.9905826435202993;1.06149;0.99522;1.028355;34.11989414853169;15.560531493851718;22.052912905890764;0.002890000000000059;-0.15521267233561795
2022-07-25;78900;1.02183;1.02091;1.02578;1.01791;1.1268012666666665;-0.10497126666666645;58577.87;1.3469250418287064;0.039160784390501746;1.0216300000000003;44.64291464881071;-0.00811578134519264;-0.010302123973986303;0.002186342628793662;81.67587476979736;62.809607790190775;1.022684;1.0528792628072177;0.9924887371927821;1.06062;0.99522;1.02792;32.88105773675259;14.919742686603502;20.93476020083146;0.017759999999999998;-0.14921462641401037
2022-07-26;71866;1.01177;1.02202;1.025;1.01075;1.1261025;-0.11433249999999995;58679.60333333333;1.224718572001045;-0.9845081862932203;1.0158300000000002;38.34185692368179;-0.008145375911374986;-0.00987077436146404;0.001725398450089054;50.79803560466556;61.74385310925474;1.020669;1.0479935068756399;0.9933444931243602;1.05355;0.99522;1.024385;32.4541137030735;13.577362916935307;23.571956970594613;0.00817000000000001;-0.14407571084996126
2022-07-27;77940;1.01989;1.01147;1.02207;1.00967;1.1254322333333333;-0.10554223333333335;58797.40666666667;1.325568667370705;0.8025539401247173;1.0158300000000002;45.07991638051356;-0.0074279884528412055;-0.009382217179739473;0.001954228726898268;75.72130141190893;69.39840392879061;1.0194569999999998;1.0445725442703686;0.9943414557296312;1.04885;0.99522;1.022035;32.15887534617933;12.521602259481849;22.41628262305968;0.014129999999999976;-0.13793019836014317
2022-07-28;93603;1.01967;1.01997;1.02343;1.01141;1.1247887666666665;-0.10511876666666642;58959.09333333333;1.5875922560543243;-0.021570953730287723;1.02116;44.93663285467078;-0.006798833168202512;-0.008865540377432082;0.0020667072092295704;75.0460405156539;67.18845917740946;1.018023;1.039368096017512;0.9966779039824879;1.0485;0.99522;1.02186;31.649948689238215;12.430971708425862;20.733277371561844;0.017589999999999995;-0.1311436459573999
2022-07-29;88464;1.02265;1.01972;1.02541;1.01461;1.1241420666666666;-0.10149206666666655;59105.056666666664;1.4967247303203393;0.29225141467337235;1.02116;47.37652671371337;-0.0059907048606571145;-0.008290573274077088;0.0022998684134199737;84.19275629220387;78.32003273992223;1.0170325000000002;1.0353774501224937;0.9986875498775066;1.04628;0.99522;1.02075;30.832550651771303;12.830727061126346;19.329053243150003;0.013900000000000023;-0.12339874253515866
2022-08-01;80317;1.02605;1.02134;1.02753;1.02055;1.1234990666666667;-0.09744906666666675;59258.88;1.355358049291287;0.3324695643670772;1.021325;50.093661681145825;-0.0050180606896668145;-0.007636070757195033;0.0026180100675282187;94.62860650705912;84.62246777163897;1.0162214999999999;1.0311474201055328;1.001295579894467;1.0449;0.99522;1.02006;29.70757700407646;13.620411529087859;18.458909762623644;0.011660000000000004;-0.1144570594864121
2022-08-02;98515;1.0166;1.02586;1.02939;1.01635;1.1228300666666666;-0.10623006666666668;59456.10333333333;1.656936705852908;-0.9210077481604184;1.021325;43.38803650567728;-0.0049526778127977344;-0.0070993921683155745;0.00214671435551784;62.56950541410575;80.46362273778958;1.0157310000000002;1.0299115597913744;1.001550440208626;1.02939;0.99522;1.012305;29.16855224826036;12.489252691218002;19.60080412502535;-0.005689999999999973;-0.10665503830915761
2022-08-03;85949;1.01687;1.01652;1.02098;1.01229;1.1221599000000002;-0.10528990000000027;59636.473333333335;1.4412153367886205;0.026559118630720135;1.0207050000000002;43.62025470026634;-0.004823472677783158;-0.006644208270209092;0.0018207355924259334;56.39150121908715;71.19653771341734;1.015668;1.0298165272730675;1.0015194727269325;1.02939;0.99522;1.012305;29.111969160749513;11.7867403646254;21.126261936887303;-0.0013199999999999878;-0.09969444648954054
2022-08-04;78798;1.02454;1.01632;1.02539;1.01546;1.1215163333333333;-0.09697633333333333;59739.996666666666;1.3190158084483792;0.7542753744333108;1.0207050000000002;49.906427494040614;-0.0040554233819420915;-0.006126451292555692;0.0020710279106136006;77.47329307942401;65.47809990420564;1.016088;1.0307567812716922;1.001419218728308;1.02939;0.99522;1.012305;28.276122579726298;13.89878742139334;19.758573313311263;0.0017499999999999183;-0.09195003565172734
2022-08-05;75394;1.01781;1.0245;1.02523;1.01417;1.1208730666666669;-0.10306306666666676;59855.59333333333;1.25959823971874;-0.6568801608526686;1.0185900000000003;45.14955943457575;-0.0039443258039251194;-0.005690026194829578;0.0017457003909044583;41.27789046653171;58.380894921680955;1.0160515;1.030699312498689;1.0014036875013113;1.02939;0.99522;1.012305;27.654567475898826;12.89728194132847;19.17527730294173;-0.0036199999999999566;-0.08510627696201026
2022-08-08;64542;1.01937;1.01742;1.0222;1.01593;1.1202310333333334;-0.1008610333333333;59948.973333333335;1.076615601757137;0.1532702567276889;1.0185900000000003;46.424314015151595;-0.0036878895156904345;-0.0052895988590017495;0.001601709343311315;49.188640973631145;55.97994150652895;1.0168165;1.030443999073446;1.003189000926554;1.02939;0.99522;1.012305;27.077409165201885;12.35381322993765;18.367264940817776;-0.0024599999999999067;-0.07869865821127821
2022-08-09;53941;1.02132;1.01946;1.02475;1.01887;1.1195936;-0.09827359999999996;60000.23333333333;0.8990131705041872;0.1912946231495738;1.02555;48.04960095363576;-0.003289395107350268;-0.004889558108671454;0.0016001630013211861;59.07707910750488;49.84787018255591;1.0177025;1.0300187443543798;1.0053862556456201;1.02939;0.99522;1.012305;26.057448508547747;13.619779902048354;17.61751660542327;0.009549999999999947;-0.0723343382562172
2022-08-10;72874;1.02978;1.02124;1.03686;1.02022;1.1190276;-0.08924759999999998;60071.32666666667;1.2131245311821182;0.8283397955586747;1.02555;54.498797517113786;-0.0022648266095641745;-0.004364611808849998;0.002099785199285824;73.9610150790731;60.742245053403046;1.0189035;1.03101006065928;1.00679693934072;1.03686;0.99522;1.0160399999999998;25.09252048405089;20.164834488870202;15.668326046360622;0.009889999999999954;-0.06452196279738488
2022-08-11;75418;1.03197;1.02994;1.03644;1.02755;1.1184987666666668;-0.08652876666666676;60106.23333333333;1.254745070810528;0.21266678319642462;1.0289300000000001;56.0208241361639;-0.0012615911584832329;-0.0037440076787766457;0.002482416520293413;82.01544685546205;71.68451368068001;1.0203980000000001;1.0311299776368046;1.0096660223631957;1.03686;1.00068;1.01877;24.19651588987524;18.95803255674237;14.730626004419134;0.012299999999999978;-0.055528138591401786
2022-08-12;64137;1.02589;1.03174;1.03276;1.02383;1.1179645333333335;-0.09207453333333349;60095.846666666665;1.067245135187756;-0.5891644136942098;1.0289300000000001;50.9275579580112;-0.0009462176152319479;-0.0031844496660677064;0.0022382320508357585;59.65428466347924;71.87691553267148;1.021255;1.0308014537916912;1.0117085462083089;1.03686;1.00786;1.02236;22.76864441955067;17.80530884291267;16.36787690066141;0.0032399999999999096;-0.04717427415671183
2022-08-15;60426;1.01592;1.02547;1.02683;1.01546;1.1173782666666667;-0.1014582666666668;60099.64666666667;1.005430203860155;-0.9718390860618653;1.016485;43.882081586360876;-0.0014836746099469167;-0.002844294654843549;0.0013606200448966323;22.986392055902563;54.88537452494794;1.0213315;1.0306791291644941;1.011983870835506;1.03686;1.00967;1.0232649999999999;21.975139936927324;16.4350672752657;20.773421397578534;-0.010129999999999972;-0.041414114635742454
2022-08-16;68089;1.01705;1.016;1.01947;1.01225;1.1167880333333333;-0.09973803333333331;60156.02333333333;1.1318733557685083;0.11122923064807999;1.016485;44.81395041871338;-0.0017977087270606429;-0.002634977469286968;0.0008372687422263251;22.16110019646403;34.93392563861528;1.0210695;1.0305871729822416;1.0115518270177586;1.03686;1.00967;1.0232649999999999;21.611633874182964;15.613381057803775;21.95764524541042;0.00045000000000006146;-0.03734554644160059
2022-08-17;80174;1.01774;1.01705;1.02028;1.01455;1.1162049333333335;-0.0984649333333334;60258.69;1.3304968959661536;0.06784327220885622;1.0132;45.41005331757448;-0.001968217408821138;-0.0025016254571938023;0.0005334080483726644;22.3080048760668;22.485165709477798;1.021047;1.0305938782330608;1.0115001217669393;1.03686;1.00967;1.0232649999999999;21.141986736221664;15.5528441561327;21.05783617506834;0.0008700000000001484;-0.03438209652096795
2022-08-18;74681;1.00866;1.01794;1.01931;1.00796;1.1155899666666669;-0.10692996666666699;60358.91;1.2372821179174314;-0.8921728535775553;1.0132;39.381590096367326;-0.00280370748816261;-0.002562041863387564;-0.00024166562477504622;2.4221453287194628;15.630416800416763;1.0203405;1.031259577753953;1.0094214222460471;1.03686;1.00796;1.0224099999999998;21.44479626570945;14.302571712320159;24.032525453401668;-0.015880000000000116;-0.03395100147292256
2022-08-19;67153;1.0041;1.00822;1.00955;1.00319;1.1149582333333334;-0.11085823333333344;60438.11;1.1111035735563024;-0.4520849443816477;0.9991600000000003;36.74344796905062;-0.0037901033339355905;-0.002807654157497169;-0.0009824491764384214;2.7027027027026134;9.144284302496292;1.019474;1.0324638551183931;1.0064841448816069;1.03686;1.00319;1.020025;22.187982035446165;13.64084008201596;26.39061815886638;-0.013710000000000111;-0.036040908299925775
2022-08-22;71631;0.99422;1.00363;1.00466;0.99263;1.1142975666666666;-0.12007756666666658;60526.26666666667;1.1834696561490905;-0.9839657404640989;0.9991600000000003;31.776518034176163;-0.005307876679382373;-0.00330769866187421;-0.002000178017508163;3.5948451277413174;2.9065643863877977;1.0180935;1.0350509753721422;1.0011360246278578;1.03686;0.99263;1.014745;23.71179182826926;12.465976952066123;31.678031941684758;-0.025150000000000117;-0.04154781127240962
2022-08-23;84075;0.99677;0.99429;1.00182;0.99004;1.1136546333333333;-0.11688463333333321;60658.95333333333;1.3860278718951324;0.2564824686689171;0.9967800000000001;34.247054440693105;-0.006233107913799163;-0.0038927805122592005;-0.0023403274015399624;14.374199060230742;6.890582296891558;1.0173435;1.0365332621401826;0.9981537378598173;1.03686;0.99004;1.01345;25.301354336496647;11.42801528180066;30.871073595047903;-0.02454999999999996;-0.04854586296031388
2022-08-24;71726;0.99679;0.99692;0.9999;0.99102;1.1130247000000002;-0.11623470000000025;60726.236666666664;1.1811369177000133;0.0020064809334030542;0.9967800000000001;34.267159912676945;-0.006885376169666335;-0.0044912996437406275;-0.0023940765259257077;14.416915847928113;10.795320011966723;1.0161885;1.037309655531759;0.995067344468241;1.03686;0.99004;1.01345;26.777376665564933;10.704459374453819;28.916495558964243;-0.032989999999999964;-0.056149874473004194
2022-08-25;73308;0.99742;0.99645;1.00336;0.99491;1.1123995;-0.11497950000000001;60812.166666666664;1.2054824555391266;0.0632028812488139;0.9969600000000001;34.94199097600489;-0.007267690316916653;-0.0050465777783758325;-0.0022211125385408204;15.76249466040146;14.851203189520104;1.015076;1.0376410113227696;0.9925109886772305;1.03686;0.99004;1.01345;27.492789065459252;12.547107911223797;27.15462683318141;-0.03455000000000008;-0.06360979244147555
2022-08-26;78640;0.9965;0.9974;1.00899;0.99468;1.1117657;-0.11526570000000003;60915.04;1.2909783856332868;-0.09223797397284184;0.9969600000000001;34.38680755601088;-0.007557791824683635;-0.005548820587637393;-0.002008971237046242;13.797522426313627;14.658977644881068;1.0137684999999999;1.037430325183123;0.9901066748168766;1.03686;0.99004;1.01345;27.18788073910891;15.226919841769504;24.438950273798014;-0.029389999999999916;-0.07071075645869335
2022-08-29;81731;0.99977;0.99644;1.00291;0.99141;1.1111439333333335;-0.11137393333333345;61081.96333333333;1.338054567008078;0.3281485198193712;1.000645;38.14850327441862;-0.007438095948151258;-0.005926675659740166;-0.0015114202884110913;20.781717214865537;16.780578100526878;1.0124545;1.036161042113869;0.9887479578861311;1.03686;0.99004;1.01345;27.225130511441193;14.013981731627522;24.75724822053311;-0.016149999999999887;-0.07650910505392347
2022-08-30;88347;1.00152;0.99931;1.00549;0.9982;1.1105412;-0.10902119999999993;61197.21333333333;1.4436441659323742;0.17504025925962896;1.000645;40.12683753009729;-0.007119951361715504;-0.006165330800135234;-0.0009546205615802699;24.741379310344687;19.773539650507953;1.0117005000000001;1.035787876341076;0.9876131236589243;1.03686;0.99004;1.01345;26.828321394957566;15.116510025416744;23.480380015311713;-0.015530000000000044;-0.08070556511481242
2022-08-31;84356;1.00524;1.00135;1.00791;0.99712;1.1099617666666668;-0.10472176666666688;61308.57;1.375925094974263;0.37143541816437864;0.99987;44.211741371865834;-0.006492801598989795;-0.006230824959906146;-0.00026197663908364855;35.58052434456912;27.03454028992645;1.0111189999999999;1.0352406084869272;0.9869973915130725;1.03686;0.99004;1.01345;26.06362125244647;15.671937265635874;21.696703646067714;-0.012500000000000178;-0.08278082680043615
2022-09-01;84698;0.9945;1.00517;1.00544;0.9911;1.109328;-0.11482800000000004;61386.28333333333;1.3797544891269609;-1.0684015757430942;0.99987;36.474516660480234;-0.0067842050430195755;-0.0063415009765288325;-0.00044270406649074296;12.122859472682887;24.148254375865566;1.009617;1.0339489042410692;0.9852850957589309;1.03686;0.99004;1.01345;26.005670881330722;14.135118097718932;23.685767719866995;-0.01415999999999984;-0.085243520986756
2022-09-02;82304;0.99564;0.99443;1.00336;0.99409;1.1086877;-0.11304769999999997;61502.583333333336;1.338220210261953;0.11463046757163031;0.9943900000000001;37.72040359717857;-0.006844259535714992;-0.006442052688366065;-0.0004022068473489267;18.518518518518288;22.073967445256766;1.0085085;1.0332627467265019;0.9837542532734982;1.03686;0.99004;1.01345;25.951859822437523;13.231812525568158;22.172127309216478;-0.008460000000000023;-0.08748039072843178
2022-09-05;64341;0.99314;0.99208;0.9944;0.98781;1.1080447666666666;-0.1149047666666666;61579.39666666667;1.044846222646052;-0.2510947732111912;0.9943900000000001;36.050608820210435;-0.007012743716194869;-0.006556190893931826;-0.00045655282226304307;16.41515244841404;15.685510146538405;1.0071970000000001;1.0322875624487873;0.982106437551213;1.03686;0.98781;1.012335;26.523177603197052;12.504899952635295;25.360227700680415;-0.0010799999999999699;-0.08978360873045618
2022-09-06;92375;0.99066;0.99226;0.99863;0.9864;1.1074213999999998;-0.1167613999999998;61719.86;1.4966819432186826;-0.24971303139537104;0.9956450000000001;34.42270723498561;-0.007262664442027278;-0.006697485603550916;-0.0005651788384763616;12.944393801276043;15.959354922736123;1.005664;1.030861988332334;0.9804660116676659;1.03686;0.9864;1.01163;26.30893881838737;14.372866477870417;23.21496603354217;-0.00611000000000006;-0.09233907954240984
2022-09-07;83951;1.00063;0.99036;1.00108;0.98757;1.1068114;-0.10618140000000009;61838.833333333336;1.3575773583479598;1.0063997738881003;0.9956450000000001;45.14649244592478;-0.006580378236431317;-0.006674064130126997;9.368589369568043e-05;61.46868250539922;30.276076251696434;1.0042065;1.02690437062692;0.9815086293730799;1.03644;0.9864;1.01142;25.70146048850925;14.716819754169059;21.09237563033006;0.0038399999999999546;-0.0928609528242765
2022-09-08;92217;0.99984;1.00074;1.00299;0.99308;1.1062071666666666;-0.10636716666666668;61982.416666666664;1.4877929090102455;-0.07895026133535321;1.0019500000000001;44.5251703068027;-0.006033853394594724;-0.0065460219830205425;0.0005121685884258188;59.49535192563035;44.636142744101875;1.0026;1.0214287238015842;0.9837712761984155;1.03276;0.9864;1.00958;24.82250002293545;15.023763748224031;19.671553262016836;0.0024199999999999777;-0.09196778212554817
2022-09-09;82108;1.00406;0.99948;1.01133;0.99929;1.1056189333333335;-0.10155893333333355;62105.93;1.3220637707218423;0.4220675308049371;1.0019500000000001;48.59493039983947;-0.005200264377262842;-0.006276870461869003;0.0010766060846061605;70.83834737264297;63.93412726789085;1.0015085000000001;1.017055102554781;0.9859618974452193;1.02683;0.9864;1.006615;23.304589731978826;19.417471631207807;18.07821713681398;0.0075599999999999;-0.08917101824386411
2022-09-12;82761;1.01218;1.01042;1.01978;1.006;1.1050599;-0.09287990000000002;62197.253333333334;1.3306214593825585;0.8087166105611443;1.0065900000000003;55.37832337679646;-0.003840156008957152;-0.005789527571286633;0.0019493715623294808;77.23187537447615;69.1885248909165;1.0013215;1.0162478153857981;0.986395184614202;1.02028;0.9864;1.0033400000000001;22.861816890654293;22.928091666651312;16.22982800847346;0.012410000000000032;-0.083474604808477
2022-09-13;84739;0.99672;1.01223;1.01872;0.9967;1.1044554666666666;-0.10773546666666656;62297.89;1.3602226335432293;-1.5273963129087686;1.0023100000000003;43.58542716542555;-0.003964057931122644;-0.005424433643253835;0.0014603757121311907;30.91671659676465;59.66231311462792;1.000305;1.013473880741972;0.987136119258028;1.02028;0.9864;1.0033400000000001;21.257635760461287;19.864292064672952;19.704717739357154;-0.0047999999999999154;-0.07889552997801427
2022-09-14;94218;0.99795;0.99697;1.00237;0.99556;1.1038505333333335;-0.10590053333333349;62465.63333333333;1.508317373446171;0.12340476763785801;0.9987950000000002;44.596307364719586;-0.003917837979188432;-0.0051231145104407546;0.0012052765312523224;34.601557819053326;47.58338326343138;0.9993155;1.0097948291291117;0.9888361708708883;1.01978;0.9864;1.00309;19.84296174453689;19.017903912385297;19.57839924838573;-0.007289999999999908;-0.07487225509873094
2022-09-15;74206;0.99964;0.99804;1.00179;0.99559;1.103259;-0.10361900000000002;62546.333333333336;1.1864164699234403;0.16934716168144348;0.9987950000000002;46.02733661879922;-0.003702163225061117;-0.004838924253364827;0.00113676102830371;39.66446974236062;35.06091471939286;0.9988645;1.0084331916031524;0.9892958083968477;1.01978;0.9864;1.00309;18.529335872607096;18.25527355368494;18.793292660911;0.005139999999999922;-0.07092224128439215
2022-09-16;81620;1.00142;0.99969;1.00366;0.99452;1.102673;-0.10125300000000004;62690.37666666666;1.3019542127489794;0.1780641030771024;1.0019550000000002;47.56358271635886;-0.0033490030817981964;-0.004540940019051501;0.0011919369372533047;44.99700419412819;39.754343918514046;0.9987305;1.0080745921975456;0.9893864078024543;1.01978;0.9864;1.00309;17.34820042004468;18.387204367116215;17.668456566828468;0.005780000000000007;-0.06670803001762457
2022-09-19;62316;1.00249;1.00066;1.00292;0.99662;1.1020805333333332;-0.09959053333333312;62757.58666666667;0.9929636130047184;0.10684827544886755;1.0019550000000002;48.51230446399329;-0.002948789259221485;-0.004222509867085498;0.0012737206078640134;48.20251647693265;44.28799680447383;0.999144;1.0083844532354342;0.9899035467645658;1.01978;0.9864;1.00309;16.251431785522435;17.605032424741353;16.91685938458594;0.00935000000000008;-0.06215956070690808
2022-09-20;77552;0.99697;1.00212;1.00506;0.99553;1.1014650000000001;-0.10449500000000012;62862.45;1.2336776565340306;-0.5506289339544668;0.99138;44.08131821869627;-0.003041968865359568;-0.003986401666740312;0.0009444328013807441;31.66566806470945;41.6217295785901;0.9991539999999999;1.0083845826466287;0.989923417353371;1.01978;0.9864;1.00309;15.534949499429676;17.919372413599966;15.820521645967517;0.006310000000000038;-0.058529966415191995
2022-09-21;96508;0.98369;0.99704;0.99757;0.98132;1.1007964;-0.11710639999999994;63013.556666666664;1.5315434504117769;-1.3320360692899547;0.98928;35.64597629510524;-0.0041396797377999395;-0.004017057280952237;-0.0001226224568477022;6.162246489859561;28.67681034383389;0.998499;1.0099093863210773;0.9870886136789229;1.01978;0.98132;1.00055;15.769500603842902;16.013648185031702;23.43790352295888;-0.016939999999999955;-0.05813434301761342
2022-09-22;112302;0.98341;0.98366;0.99074;0.98088;1.1001121333333335;-0.11670213333333346;63253.65666666667;1.7754230493232972;-0.028464251949289476;0.97782;35.49176352554183;-0.0049748699684832864;-0.004208619818458447;-0.0007662501500248393;6.503856041131199;14.777256865233403;0.9977985;1.0109718386427362;0.984625161357264;1.01978;0.98088;1.00033;16.032523710210246;14.97311115174492;22.204915496630207;-0.016429999999999945;-0.05986936004968755
2022-09-23;102752;0.96885;0.98293;0.98519;0.96682;1.0993851000000001;-0.13053510000000013;63450.653333333335;1.6194001889970107;-1.4805625324127325;0.9744400000000001;28.570111202834752;-0.006734009095446303;-0.004713697673856019;-0.002020311421590284;3.8330815709969417;5.4997280339959005;0.996416;1.014668603540212;0.9781633964597879;1.01978;0.96682;0.9933;17.494198570672186;13.246180661479235;28.47142695460788;-0.035209999999999964;-0.06567295264271317
2022-09-26;144284;0.96086;0.96672;0.97099;0.9553;1.0986307333333334;-0.13777073333333334;63810.96;2.261116272188624;-0.8246890643546445;0.9601200000000003;25.617605027711136;-0.008672890074172823;-0.00550553615391938;-0.0031673539202534432;8.622828784119138;6.319922132082426;0.9944705;1.0183161205412252;0.9706248794587748;1.01978;0.9553;0.98754;19.56514138971055;11.975715528387822;32.782771591019966;-0.05132000000000003;-0.0753889947056662
2022-09-27;108749;0.95938;0.96094;0.96707;0.95693;1.0978736333333332;-0.1384936333333332;64048.17;1.6979251710077434;-0.15402868263847402;0.9601200000000003;25.100170768959714;-0.010211182691987952;-0.006446665461533095;-0.0037645172304548577;6.327543424317588;6.261151259811222;0.9923635;1.020420323964876;0.964306676035124;1.01978;0.9553;0.98754;21.488159721674744;11.226323087110003;30.731356694247214;-0.03734000000000004;-0.08746609797634854
2022-09-28;133998;0.97365;0.95931;0.9751;0.95362;1.0971734333333332;-0.12352343333333315;64362.29;2.081933380555278;1.4874189580770913;0.9774900000000002;38.085574148269;-0.0101616833732735;-0.0071896690438811766;-0.0029720143293923236;30.27509068923825;15.075154299224991;0.990784;1.019316161782732;0.962251838217268;1.01978;0.95362;0.9866999999999999;22.09313715130136;14.49392215224502;26.89235983972476;-0.02429999999999999;-0.09767751466301455
2022-09-29;121735;0.98133;0.973;0.98152;0.96358;1.0965005666666667;-0.1151705666666667;64645.22666666667;1.8831243430808786;0.7887844708057257;0.9774900000000002;43.738908854203686;-0.009394449623588152;-0.007630625159822572;-0.0017638244637655804;41.88331318016938;26.16198243124174;0.9901254999999999;1.0188911680610058;0.9613598319389941;1.01978;0.95362;0.9866999999999999;21.83290245321288;16.64462734627834;24.17596618431606;-0.018309999999999937;-0.10452353807376327
2022-09-30;122275;0.9801;0.98158;0.9854;0.9735;1.0958474333333335;-0.11574743333333348;64928.816666666666;1.8832162093407603;-0.12534009966067572;0.9812850000000001;43.06076294883396;-0.008784400963594341;-0.007861380320576927;-0.0009230206430174137;40.67588325652831;37.611429041978646;0.9893485;1.018315186572612;0.9603818134273878;1.01978;0.95362;0.9866999999999999;21.130204333910708;17.718763051109395;22.54892396684082;-0.021320000000000006;-0.10885935830014615
2022-10-03;108221;0.98247;0.97756;0.98447;0.97528;1.0952102333333333;-0.11274023333333338;65167.17333333333;1.6606673953222983;0.24181205999387334;0.9812850000000001;44.83553478989573;-0.008017275649199296;-0.007892559386301401;-0.00012471626289789484;56.08475894245705;46.21465179305158;0.988815;1.0178755935933168;0.9597544064066831;1.01978;0.95362;0.9866999999999999;20.47769893741583;16.77958193476202;21.35372069432549;-0.02002000000000015;-0.11065424480058539
2022-10-04;103369;0.99862;0.98226;0.99996;0.98062;1.0946322333333334;-0.09601223333333342;65404.87333333334;1.5804479808892558;1.6438160961657955;0.9936000000000001;55.10480559239379;-0.006036567489497213;-0.007521361006940564;0.001484793517443351;87.480559875583;61.41373402485612;0.989213;1.0185801803889298;0.9598458196110702;1.01978;0.95362;0.9866999999999999;19.76993958257307;23.569592871672114;19.06365583790137;0.0016499999999999293;-0.10729691508804855
2022-10-05;85985;0.98858;0.9983;0.99951;0.98348;1.0940143;-0.10543429999999998;65575.5;1.3112366661327308;-1.0053874346598213;0.9936000000000001;48.99812099933743;-0.005216849501246235;-0.007060458705801699;0.001843609204555464;67.96267496111967;70.5093312597199;0.9886105000000001;1.0175066903889756;0.9597143096110244;1.01978;0.95362;0.9866999999999999;19.112734467361935;21.51045443376057;17.398174948321852;0.004890000000000061;-0.10237342315346616
2022-10-06;96421;0.97911;0.98705;0.99265;0.97884;1.0933679333333333;-0.11425793333333323;65801.45;1.465332450880419;-0.9579396710433175;0.9765900000000002;44.0405422442454;-0.005270610627246208;-0.006702489090090601;0.0014318784628443923;49.55287713841367;68.33203732503878;0.9875739999999998;1.0162711088438519;0.9588768911561478;1.01978;0.95362;0.9866999999999999;17.98584067841239;19.897655554391385;18.6128595013528;-0.0042999999999999705;-0.09826271982090821
2022-10-07;88083;0.97407;0.97895;0.98168;0.9726;1.0926831000000001;-0.11861310000000014;66001.67;1.3345571407509333;-0.5147531942274131;0.9765900000000002;41.6266026172654;-0.005654718510838874;-0.006492934974240256;0.0008382164634013816;39.755054432348274;52.423535510627204;0.9860745;1.014299382975769;0.9578496170242311;1.01978;0.95362;0.9866999999999999;17.101601094314912;18.89455570539148;21.1390334788933;0.005220000000000002;-0.09567224424089663
2022-10-10;76695;0.97032;0.97285;0.97533;0.96816;1.0919922333333334;-0.12167223333333343;66158.66666666667;1.159258550151984;-0.38498259878654295;0.9704000000000002;39.875292552376436;-0.006190361798430466;-0.006432420339078298;0.00024205854064783192;36.03798014674139;41.78197057250111;0.9839815;1.0102961888827473;0.9576668111172527;1.01872;0.95362;0.98617;16.699825370863277;18.11783214516088;22.815663396842496;0.009459999999999913;-0.09476624099971173
2022-10-11;93300;0.97048;0.96931;0.97747;0.96706;1.0913244000000002;-0.12084440000000019;66337.18;1.4064511032875673;0.016489405556940895;0.9704000000000002;39.99129835286467;-0.0065267163764759495;-0.006451279546557828;-7.543682991812111e-05;36.383254208027644;37.39209626237244;0.9826694999999999;1.0089293876424812;0.9564096123575185;1.00506;0.95362;0.9793400000000001;16.07775380026079;18.265152079898314;21.437740069253053;0.011099999999999999;-0.09481841497255183
2022-10-12;90315;0.97024;0.97061;0.9735;0.9668;1.0906555;-0.12041550000000001;66507.92;1.3579585709489401;-0.024730030500375033;0.9739850000000001;39.86704254678657;-0.006735008807976173;-0.006508025398841498;-0.00022698340913467497;35.86534311609838;36.095525823622474;0.9812839999999999;1.0070929716183288;0.9554750283816712;1.00506;0.95362;0.9793400000000001;15.5268956898604;17.53128978174089;20.73232435223271;-0.003410000000000024;-0.09537839422191506
2022-10-13;97231;0.97773;0.97023;0.9806;0.96316;1.0900223333333334;-0.11229233333333344;66674.81333333334;1.4582867973531446;0.7719739445910312;0.9739850000000001;45.55272493631336;-0.006223955769317113;-0.0064512114729366205;0.00022725570361950727;52.0284851100561;41.42569414472737;0.9801885;1.0046106246208364;0.9557663753791635;1.00506;0.95362;0.9793400000000001;14.648572885615904;19.87770953213466;18.633647724281825;-0.0036000000000000476;-0.09459982101254032
2022-10-14;99732;0.97241;0.97703;0.98086;0.97072;1.0893637333333333;-0.11695373333333325;66887.32;1.4910449394591543;-0.5441174966503981;0.9780000000000002;42.48036053857931;-0.006177017282968156;-0.006396372634942928;0.00021935535197477232;40.54812257229175;42.81398359948208;0.9787380000000001;1.0013205167772687;0.9561554832227315;1.00506;0.95362;0.9793400000000001;13.862034497387254;18.84572906562036;17.522986005619032;-0.007689999999999975;-0.09382066102958173
2022-10-17;81992;0.9844;0.97218;0.98521;0.9717;1.0887297666666669;-0.10432976666666682;67046.53;1.2229119090874319;1.2330189940457315;0.9788100000000002;50.57179364188547;-0.005113381519783355;-0.006139774411911015;0.0010263928921276592;66.42209753992246;52.99956840742343;0.9778335;0.9978404420700814;0.9578265579299187;1.00506;0.95362;0.9793400000000001;13.61615773883363;19.89772472991046;16.142427416698908;0.0019300000000000983;-0.0905305031808063
2022-10-18;86456;0.98601;0.98352;0.98758;0.98128;1.0880972666666666;-0.10208726666666657;67229.43333333333;1.2859843629995464;0.1635514018691664;0.9816100000000001;51.557232347961346;-0.0040933434543846126;-0.005730488220405734;0.0016371447660211216;62.09239130434802;56.35420380552074;0.9772855000000001;0.9957030573569239;0.9588679426430764;0.99996;0.95362;0.97679;13.64161729735969;20.572192022770167;15.528052328110054;-0.012609999999999899;-0.08519966334839571
2022-10-19;81386;0.97721;0.98482;0.98726;0.97573;1.0874304000000001;-0.11022040000000011;67383.88;1.2077962859958187;-0.8924858774251865;0.9816100000000001;46.14227268053608;-0.003949514845261626;-0.0053742935453769125;0.0014247787001152867;38.17934782608703;55.56461222345249;0.9769615;0.9951434726926307;0.9587795273073694;0.99996;0.95362;0.97679;12.925034432219208;19.13668628084967;17.803351435220133;-0.011369999999999991;-0.08029688496097186
2022-10-20;91917;0.97877;0.97726;0.98455;0.97546;1.0867756666666666;-0.10800566666666656;67565.82666666666;1.3604066513306392;0.15963815351869304;0.9824400000000001;47.20093742807171;-0.003667375452412913;-0.005032909926784113;0.0013655344743712002;42.41847826086966;47.563405797101574;0.9767295;0.9946935290301357;0.9587654709698643;0.99996;0.95362;0.97679;12.224548463527098;18.06636443326595;16.973733289025695;-0.00034000000000000696;-0.07542702947156718
2022-10-21;111298;0.98611;0.97837;0.9869;0.9705;1.0861305333333333;-0.10002053333333327;67796.67666666667;1.6416438898207093;0.7499208189871043;0.9824400000000001;51.98346407925743;-0.0028190055525751934;-0.00459012905194233;0.0017711234993671365;62.36413043478277;47.65398550724649;0.9775925000000001;0.9956177244090216;0.9595672755909785;0.99996;0.95362;0.97679;11.76025564176457;16.295519579344123;18.274460440675373;0.01204000000000005;-0.06918893406960169
2022-10-24;112500;0.98731;0.9873;0.98994;0.98069;1.0854892666666667;-0.09817926666666665;68077.22666666667;1.652535003384149;0.12169027796087306;0.9920450000000001;52.73720220482223;-0.002026476365493579;-0.0040773985146525795;0.0020509221491590004;66.43741403026138;57.07334090863793;0.978915;0.9956721877114159;0.9621578122885841;0.99996;0.95362;0.97679;10.924586691103741;17.22658722344871;17.2475786576848;0.01699000000000006;-0.061925707652828677
2022-10-25;84841;0.99678;0.98734;0.99768;0.98486;1.0848756666666666;-0.08809566666666657;68212.45666666667;1.2437757580639484;0.959171891300592;0.9920450000000001;58.30029220451764;-0.0006270135965207313;-0.00338732153102621;0.0027603079345054787;97.39281575898026;75.3981200746748;0.980785;0.9967325433843488;0.9648374566156512;0.99996;0.95362;0.97679;11.055252935145031;20.565373238795857;15.912958181531769;0.02629999999999999;-0.05228787505741349
2022-10-26;92009;1.00833;0.9961;1.00886;0.99437;1.0842901333333332;-0.07596013333333329;68388.62;1.3453846561019445;1.1587311141876722;1.00274;63.88389209118352;0.0013979445683042213;-0.002430268311160124;0.003828212879464345;98.84026258205658;87.55683079043274;0.9825190000000001;1.002111367799624;0.9629266322003762;1.00886;0.96316;0.98601;12.211852386240837;25.4367574996007;14.543168965095091;0.03808999999999996;-0.03907674521413714
2022-10-27;96715;0.99649;1.00783;1.00938;0.99576;1.0836533333333331;-0.08716333333333315;68604.44333333333;1.4097483384577556;-1.174218757747958;1.00208;55.65667533217826;0.002024017836263492;-0.001539411081675401;0.003563428917938893;72.11163998269153;89.44823944124278;0.983277;1.00377864978717;0.9627753502128301;1.00938;0.96316;0.98627;13.328722119161279;23.703971612693497;13.37750999250006;0.01876;-0.0263042940169192
2022-10-28;87479;0.99658;0.99642;0.99982;0.99268;1.0830158;-0.08643580000000006;68762.35333333333;1.2721932243348753;0.009031701271466908;0.9924150000000002;55.7033743457738;0.002498644837242714;-0.0007317998978917781;0.003230444735134492;72.30636088273486;81.08608781582767;0.9841010000000001;1.00533721990835;0.9628647800916504;1.00938;0.96316;0.98627;13.909148140674345;22.677801869289176;14.66584050084261;0.024170000000000025;-0.014306024267778689
2022-10-31;71352;0.98825;0.99463;0.99658;0.98729;1.0823533;-0.09410330000000011;68923.99666666667;1.0352272568444543;-0.8358586365369569;0.9924150000000002;50.41164635644949;0.0021775275891524615;-0.00014993440048293013;0.0023274619896353917;54.28385980095194;66.23395355545944;0.9843900000000001;1.005686801637706;0.9630931983622941;1.00938;0.96316;0.98627;13.700929613246734;21.38084611508662;17.145252625101186;0.003849999999999909;-0.004967751004488544
2022-11-01;81909;0.98739;0.98724;0.99536;0.9853;1.0816971666666668;-0.09430716666666683;69056.63666666667;1.1861133694558461;-0.08702251454590915;0.9844150000000002;49.88475390691594;0.0018325208837923768;0.0002465566563721313;0.0015859642274202454;52.42319342276073;59.67113803548251;0.9838284999999999;1.0041655118502146;0.963491488149785;1.00938;0.96316;0.98627;13.245077497309229;20.044016940519526;17.31007123094033;0.0013799999999999368;0.002024065480221785
2022-11-02;88357;0.98144;0.98749;0.99758;0.9813;1.0810300666666666;-0.09959006666666659;69201.81;1.2768018639973036;-0.6025987704959546;0.9844150000000002;46.28067741983379;0.0010666891814868906;0.0004105831613950831;0.0006561060200918075;28.13786008230446;44.94830443533903;0.9834715;1.0037127917323914;0.9632302082676089;1.00938;0.96316;0.98627;12.309107154717697;18.07450530891033;18.023429366123374;0.004229999999999956;0.005958064913415147
2022-11-03;90768;0.97499;0.98144;0.98396;0.97302;1.0803387666666666;-0.1053487666666666;69347.76333333334;1.3088814352049554;-0.6571975872187719;0.9805800000000002;42.68081195756006;-6.00073280856428e-05;0.000316465063498938;-0.00037647239158458077;11.54835390946503;30.7031358048434;0.9832655000000001;1.003762396813805;0.9627686031861953;1.00938;0.96316;0.98627;12.347854662939577;16.874579606935026;21.851488198169015;-0.0037800000000000056;0.0063832741229933624
2022-11-04;102288;0.99581;0.9744;0.99665;0.97426;1.0797213333333333;-0.08391133333333334;69551.62333333334;1.4706773918095268;2.135406516989913;0.9902200000000001;54.88067268938198;0.0007187917863871185;0.0003969304080765741;0.0003218613783105444;65.0977366255144;34.92798353909462;0.9843525;1.0050879275334703;0.9636170724665297;1.00938;0.96316;0.98627;11.969640096013688;21.95515893135491;19.0622614969034;0.009699999999999931;0.008556285515917595
2022-11-07;92601;1.0021;0.99047;1.0034;0.9901;1.0791247333333336;-0.0770247333333336;69727.29666666666;1.328045176377172;0.6316465992508569;1.00469;57.802761916162794;0.0018225370551461229;0.0006820517374904839;0.0011404853176556389;81.27572016460913;52.640603566529514;0.9859415;1.0070002466625116;0.9648827533374884;1.00938;0.96316;0.98627;12.227663453921222;24.129056759392444;17.62322928210328;0.01478999999999997;0.013036777352211409
2022-11-08;81131;1.00728;1.00194;1.00965;0.99715;1.0785476666666667;-0.07126766666666673;69847.89;1.1615383084584;0.516914479592856;1.00469;60.09481156410336;0.0030797444645140892;0.0011615902828952052;0.001918154181618884;93.94636015325673;80.10660564779342;0.9877815;1.0095342729495782;0.9660287270504218;1.00965;0.96316;0.986405;12.972745552337924;25.965487156287992;16.37225695982953;0.010499999999999954;0.019870706573761287
2022-11-09;99500;1.00118;1.00707;1.00883;0.99929;1.0779463666666664;-0.07676636666666647;70034.51333333334;1.4207280848288295;-0.6055912953697118;1.0067700000000002;56.22196097696097;0.0035430295349360152;0.0016378781333033672;0.001905151401632648;78.36526181353769;84.52911404380119;0.9893285;1.0102563142909373;0.9684006857090629;1.00965;0.96316;0.986405;13.664607500867719;24.534105388533252;15.46971467482486;-0.00714999999999999;0.02673674702501477
2022-11-10;108580;1.0208;1.00067;1.0222;0.99356;1.0774261666666667;-0.056626166666666755;70248.18666666666;1.5456626733328427;1.9596875686689774;1.01521;64.21103966099191;0.005430753968629132;0.00239645330036852;0.0030343006682606115;97.1533143554289;89.82164544074111;0.9914819999999999;1.0157844522218646;0.9671795477781351;1.0222;0.9705;0.9963500000000001;15.258197814828858;27.88446503618544;13.129679191060347;0.024309999999999943;0.037162463153975436
2022-11-11;113242;1.03528;1.02079;1.03642;1.01631;1.0769684333333334;-0.041688433333333386;70485.82;1.6065926451587558;1.4184952978056442;1.0339200000000002;68.7444203853034;0.008002951129287506;0.0035177528661523173;0.004485198263135188;98.20189274447962;91.24015630448207;0.9946254999999999;1.0239851242993012;0.9652658757006987;1.03642;0.9705;1.00346;17.49126668506344;32.28031636415137;11.782010092919851;0.03869999999999996;0.052312606600350677
2022-11-14;102085;1.03256;1.03341;1.03586;1.02714;1.0765013333333333;-0.04394133333333339;70679.86333333333;1.4443293349131485;-0.26273085542075636;1.0339200000000002;67.02687929313105;0.009710023535737577;0.00475620700006937;0.0049538165356682075;93.91167192429025;96.42229300806626;0.9970334999999999;1.030285368684274;0.9637816313157259;1.03642;0.9705;1.00346;19.564830635995552;30.803850987980535;11.243114198355135;0.04430999999999996;0.06931977347337225
2022-11-15;118440;1.03467;1.03263;1.04815;1.02801;1.0760417;-0.04137170000000001;70928.77;1.6698442677066485;0.2043464786549931;1.037045;67.70102938457642;0.011105136976281127;0.006025992995311721;0.005079143980969406;82.05776653800086;91.39044373559024;0.9994664999999999;1.0360862560204362;0.9628467439795636;1.04815;0.9705;1.009325;22.03160809110762;33.89058394010294;10.094680975460737;0.04727999999999999;0.08710278421683834
2022-11-16;104821;1.03942;1.03476;1.04386;1.03309;1.0756102333333333;-0.036190233333333266;71102.76666666666;1.4742183028037625;0.45908357254003107;1.037045;69.22638431055732;0.012450537683529994;0.007310901932955376;0.005139635750574618;88.38014108877957;88.11652651702356;1.002577;1.0415961204923483;0.9635578795076519;1.04815;0.9705;1.009325;24.322187156568827;32.00773700323101;9.533854428861908;0.05798000000000003;0.10538704287612086
2022-11-17;92529;1.03648;1.03934;1.04067;1.03053;1.0751521666666666;-0.03867216666666651;71249.17;1.298667759918986;-0.28285005098996896;1.0343650000000002;67.11371317295985;0.01312821017287269;0.008474363580938839;0.004653846591933851;84.46692399840296;84.96827720839445;1.0054625;1.0455338782517707;0.9653911217482292;1.04815;0.9705;1.009325;26.084805228765937;30.300876270237588;10.371757471352819;0.061490000000000045;0.12240697430683736
2022-11-18;78526;1.03225;1.03591;1.03961;1.03137;1.0746861333333333;-0.0424361333333334;71381.19666666667;1.1000936334352431;-0.40811207162706475;1.0343650000000002;64.08342663437757;0.013172105027225323;0.009413911870196136;0.0037581931570291865;78.83668308265668;83.89458272327973;1.0077694999999998;1.0484270520536658;0.9671119479463337;1.04815;0.97302;1.0105849999999998;27.721522010091828;28.949851243698582;9.909311970172576;0.03643999999999992;0.13674946176303368
2022-11-21;80409;1.02406;1.03217;1.0333;1.02228;1.0742013333333331;-0.05014133333333315;71499.64666666667;1.124606956099486;-0.7934124485347471;1.0271500000000002;58.56937026695972;0.012403052790296742;0.010011740054216258;0.0023913127360804844;67.93557833089315;77.07972847065092;1.0096070000000001;1.0497179556604757;0.9694960443395247;1.04815;0.97302;1.0105849999999998;27.964617885219788;27.202969195245196;14.288733157887895;0.02195999999999998;0.14678200780158787
2022-11-22;70733;1.03024;1.02404;1.03082;1.02378;1.0737408666666668;-0.04350086666666675;71547.38333333333;0.9886175664936749;0.6034802648282378;1.0271500000000002;61.27696768111824;0.01215216510848327;0.010439825065069661;0.0017123400434136092;76.1613203780116;74.31119393052047;1.01128;1.0518993402210903;0.9706606597789097;1.04815;0.97302;1.0105849999999998;28.19034976926718;26.118682186608368;13.719196515700904;0.02296000000000009;0.15441688518820093
2022-11-23;78456;1.03945;1.03033;1.04052;1.02966;1.0733399333333333;-0.033889933333333344;71626.97;1.0953416010755312;0.8939664544183712;1.0402950000000002;64.95292279679904;0.012551815328048388;0.010862223117665406;0.001689592210382982;88.22574096630133;77.44087989173535;1.0128359999999998;1.0552295789477217;0.9704424210522778;1.04815;0.97302;1.0105849999999998;29.035923035773497;30.04369147822368;12.86717051081279;0.038270000000000026;0.1616126302464569
2022-11-24;60721;1.04114;1.03951;1.04486;1.0382;1.0729514333333332;-0.03181143333333325;71642.81;0.8475519036731185;0.16258598297176352;1.0402950000000002;65.59826919744833;0.01285670578123388;0.011261119650379101;0.001595586130854778;87.92420327304053;84.10375487245115;1.0150685000000002;1.058474308954526;0.9716626910454741;1.04815;0.97302;1.0105849999999998;30.072273663478335;31.42747638116147;12.360204417786667;0.020340000000000025;0.16820071387540186
2022-11-25;68500;1.03935;1.04061;1.04293;1.03548;1.0725515333333333;-0.03320153333333331;71690.55333333333;0.9554954846211321;-0.17192692625390693;1.0366750000000002;64.24881782993727;0.012806272879527736;0.01157015029620883;0.0012361225833189063;83.8798314709655;86.67659190343578;1.017207;1.0609714244106658;0.9734425755893341;1.04815;0.97302;1.0105849999999998;30.64427378547441;30.00340071054814;13.454509016010155;0.004070000000000018;0.17340030531720882
2022-11-28;87050;1.034;1.03703;1.04967;1.03302;1.072125;-0.038124999999999964;71834.30333333333;1.211816582894234;-0.5147447924183313;1.0366750000000002;60.258835036630266;0.012194038863894363;0.011694928009745937;0.0004991108541484261;72.0727143111744;81.29224968506014;1.0194945;1.0617211932046184;0.9772678067953815;1.04967;0.97302;1.011345;31.583289569557717;31.03367140093444;12.131450816862575;0.0014400000000001079;0.17604774255606465
2022-11-29;85055;1.0329;1.03378;1.03944;1.03201;1.0717023;-0.03880230000000018;71978.75666666667;1.1816680912380517;-0.10638297872341829;1.0368700000000002;59.44146451810666;0.011487655645219919;0.011653473536840734;-0.00016581789162081577;70.11227945107798;75.35494174440596;1.02177;1.0616721768829354;0.9818678231170649;1.04967;0.97302;1.011345;32.304621897313126;29.633278020080667;12.197427528840306;-0.0017700000000000493;0.17630800647042516
2022-11-30;93585;1.04084;1.03272;1.04288;1.02903;1.0713195999999998;-0.03047959999999983;72116.65;1.2976892298794667;0.7687094588053167;1.0368700000000002;63.310095615348466;0.011436698358278763;0.011610118501128341;-0.00017342014284957817;73.53117505995174;71.90538960740137;1.02474;1.060855527408542;0.9886244725914579;1.04967;0.97302;1.011345;33.187047622084926;29.234934751610815;11.184284541848983;0.0014199999999999768;0.17615733694774774
2022-12-01;101667;1.05258;1.04044;1.05338;1.03934;1.0709771000000001;-0.018397100000000055;72318.14333333333;1.4058297864669456;1.1279351293186357;1.0533150000000002;68.14787193871369;0.012202966029669415;0.011728688006836557;0.0004742780228328587;97.42765273311925;80.35703574804965;1.0286195;1.0586882522021996;0.9985507477978003;1.05338;0.97426;1.01382;34.57437998639147;33.0220574898089;10.254427993747264;0.016100000000000003;0.17766487145854912
2022-12-02;91488;1.05405;1.05152;1.0545;1.04284;1.0706323999999998;-0.016582399999999886;72476.01;1.2623211459900647;0.13965684318530958;1.0533150000000002;68.70431104279115;0.012781518011189874;0.01193925400770722;0.000842264003482654;98.60335195530706;89.854059916126;1.0315315;1.059536147667796;1.003526852332204;1.0545;0.9901;1.0223;35.917576792699315;31.401373391830926;9.54470879280417;0.02180000000000004;0.1801334604978282
2022-12-05;87911;1.04932;1.05278;1.05949;1.04802;1.0702789666666666;-0.020958966666666523;72652.06333333334;1.2100275748074127;-0.44874531568710463;1.0480300000000002;64.78268121230923;0.01271181921595721;0.01209376704935722;0.0006180521665999899;72.6686374630475;89.56654738382458;1.0338924999999999;1.059426918242785;1.0083580817572149;1.05949;0.99356;1.026525;37.40550120988103;32.228179085963546;8.892693209321518;0.02526000000000006;0.1818499949283825
2022-12-06;86527;1.04674;1.04865;1.0533;1.04594;1.0699247333333333;-0.023184733333333263;72796.54;1.1886141841355113;-0.24587351808790237;1.0480300000000002;62.68102373126757;0.012306535895294068;0.01213632081854459;0.0001702150767494779;65.73501746842233;79.00233562892562;1.0358655;1.0588394465263926;1.0128915534736076;1.05949;0.99356;1.026525;38.43532005911745;30.775404791580264;9.765767318282913;0.01649999999999996;0.18212216512381432
2022-12-07;88489;1.0506;1.04629;1.05499;1.04432;1.0695613999999998;-0.018961399999999795;72936.34;1.2132360905412567;0.36876397195100274;1.0530500000000003;64.5348016092078;0.01215668103271983;0.012140392861379638;1.6288171340191754e-05;76.10857296425672;71.50407596524218;1.0383365;1.055834590495755;1.020838409504245;1.05949;0.99356;1.026525;39.483666037198994;29.793320904064796;9.123666713289296;0.011149999999999993;0.18179696606787982
2022-12-08;78488;1.0555;1.05062;1.05649;1.04896;1.0692139666666667;-0.013713966666666577;73070.80333333333;1.0741362681062072;0.46640015229393317;1.0530500000000003;66.79002701106666;0.012291618892153577;0.012170638067534427;0.00012098082461915044;89.27707605482414;77.04022216250105;1.0400715000000003;1.0571464421960282;1.0229965578039724;1.05949;1.01631;1.0379;40.54065822316734;29.32344392754044;8.689452190457637;0.01436000000000015;0.18166398780393261
2022-12-09;80013;1.05349;1.05549;1.05884;1.05036;1.0688592;-0.01536919999999986;73199.29666666666;1.0930842732594892;-0.19043107531976355;1.05366;64.9650720687277;0.012096922127981413;0.012155894879623824;-5.8972751642410656e-05;83.19798375805101;82.86121092571062;1.040982;1.0588609581351298;1.0231030418648703;1.05949;1.02228;1.040885;41.65401442350532;29.23552262854063;8.215272998737825;0.014140000000000041;0.18090982661933705
2022-12-12;70370;1.05383;1.05259;1.058;1.05062;1.0685016999999999;-0.014671699999999843;73290.25;0.9601550001533683;0.03227368081328841;1.05366;65.13859344191249;0.011833647772826916;0.012091445458264443;-0.00025779768543752676;81.4182534471439;84.63110442000634;1.0420455;1.0603201058506815;1.0237708941493184;1.05949;1.02228;1.040885;42.68784518096202;27.813050046553816;7.815553768720268;0.019830000000000014;0.17947445114898533
2022-12-13;86530;1.06324;1.05295;1.06733;1.0528;1.0681683;-0.004928299999999997;73436.05;1.1783041163023913;0.8929333953294094;1.0657;69.62288338797401;0.01224317757693294;0.012121791881998144;0.00012138569493479537;89.32114882506546;84.64579534342012;1.043474;1.0635926613868272;1.0233553386131728;1.06733;1.02228;1.044805;44.1391332837385;31.2169404503213;7.0846726137405085;0.030340000000000034;0.17908868499965772
2022-12-14;91153;1.06816;1.06317;1.06952;1.0619;1.0678450666666666;0.00031493333333343365;73597.73666666666;1.2385299348651295;0.4627365411384199;1.0657;71.67445736207657;0.012816989502349996;0.012260831406068515;0.0005561580962814804;96.64114596196586;89.12684941139173;1.044911;1.0676066691022288;1.022215330897771;1.06952;1.02228;1.0459;45.587487910575454;31.092690349615854;6.729263481659478;0.02732000000000001;0.17999598423335403
2022-12-15;87112;1.06263;1.0682;1.07366;1.05923;1.0675123;-0.004882300000000006;73747.84333333334;1.181214203190324;-0.5177127022168992;1.0605950000000002;66.25790386312235;0.01267935509061302;0.012344536142977418;0.00033481894763560255;75.2856822764955;87.08265902117562;1.0462185;1.0698157754994704;1.0226212245005295;1.07366;1.02228;1.04797;47.11543472332481;30.86971400721555;6.104709681882682;0.010049999999999892;0.18030235300977943
2022-12-16;78003;1.05856;1.06233;1.06629;1.0585;1.0671594666666666;-0.008599466666666666;73856.57333333333;1.0561416063529272;-0.38301196088948997;1.0605950000000002;62.51346978128643;0.012102355422265232;0.012296099998834981;-0.00019374457656974944;66.1662558816938;79.36436137338505;1.0475340000000002;1.0708008858250941;1.0242671141749062;1.07366;1.02228;1.04797;48.37333495929022;29.289312934479284;6.271929581056557;0.004510000000000014;0.17905424216054644
2022-12-19;66717;1.06073;1.05894;1.0658;1.05759;1.0668251;-0.00609510000000002;73939.50666666667;0.9023187063008667;0.20499546553809367;1.061525;63.69163237309057;0.011685476987835619;0.01217397539663511;-0.0004884984087994912;71.02845619538414;70.82679811785782;1.0493675;1.070640070013941;1.0280949299860591;1.07366;1.02378;1.0487199999999999;49.33207737601568;27.6808729014107;6.536189697007984;0.01140999999999992;0.17687749503186648
2022-12-20;96053;1.06232;1.0605;1.06586;1.0579;1.0665007333333334;-0.004180733333333464;74132.88;1.2956868800994517;0.14989676920611483;1.061525;64.57028994827208;0.011352532607723287;0.012009686838852746;-0.0006571542311294594;66.9580419580417;68.05091801170654;1.0509715;1.071036698005454;1.030906301994546;1.07366;1.02903;1.051345;50.225780750644226;26.220628090249175;6.181735052737586;0.015579999999999927;0.17412331657667718
2022-12-21;70774;1.06038;1.0624;1.06452;1.05904;1.0661677333333333;-0.005787733333333156;74207.64;0.9537292925632788;-0.1826191731304938;1.0601050000000003;62.58034893599664;0.010807547322931654;0.01176925893566853;-0.0009617116127368756;56.91109669046097;64.96586494796226;1.052018;1.0717508787559775;1.0322851212440223;1.07366;1.02903;1.051345;51.05564816994216;25.207155432360267;5.942800293711244;0.009780000000000122;0.17038705049382002
2022-12-22;71654;1.05983;1.06046;1.06594;1.05733;1.0658061333333335;-0.0059761333333334665;74252.01333333334;0.9650108701877221;-0.05186819819310573;1.0601050000000003;61.997006155926556;0.010213526973617215;0.011458112543258268;-0.0012445855696410525;52.86298568507178;58.910708111191475;1.0529525;1.0723027618844847;1.0336022381155152;1.07366;1.02903;1.051345;51.36349787494497;23.659809338806287;6.797148778905727;0.004329999999999945;0.1657143715099894
2022-12-23;67483;1.0616;1.05938;1.06331;1.05867;1.0654902333333334;-0.0038902333333332706;74294.30333333333;0.9083199784136557;0.16700791636394818;1.0627500000000003;63.18630372677448;0.009772929526449481;0.01112107593989651;-0.0013481464134470298;58.895705521472735;56.22326263233516;1.054065;1.0727045348653925;1.0354254651346075;1.07366;1.02903;1.051345;51.64935831530472;22.845908367949317;6.563325846903615;0.008110000000000062;0.16062507431109307
2022-12-27;57406;1.0639;1.06354;1.06695;1.06115;1.0651677000000002;-0.0012677000000000938;74341.0;0.7721983831263002;0.21665410700828502;1.0627500000000003;64.73087058925168;0.009499835463552264;0.010796827844627661;-0.0012969923810753972;66.7348329925019;59.49784139968213;1.05556;1.0722128303900038;1.0389071696099963;1.07366;1.02903;1.051345;52.201521721750495;24.612380387140895;6.272843672504093;0.010070000000000023;0.15559321196746118
2022-12-28;60214;1.06125;1.06395;1.06746;1.06068;1.0648454333333335;-0.003595433333333453;74395.11666666667;0.8093810816882726;-0.24908356048500835;1.0637300000000003;61.5277657440741;0.008966216634062274;0.010430705602514585;-0.0014644889684523113;49.757085020243125;58.46254117807258;1.0569775;1.0701327132251164;1.0438222867748834;1.07366;1.02903;1.051345;52.75308975385186;23.710428695630508;5.941789427460923;-0.0019899999999999363;0.15000920681847688
2022-12-29;57401;1.06621;1.06117;1.06905;1.06054;1.0645285666666666;0.0016814333333334819;74415.17333333334;0.7713615036932291;0.4673733804475999;1.0637300000000003;65.01705197799612;0.008841629612278856;0.01011289040446744;-0.0012712607921885836;68.0257510729617;61.50588969523557;1.058246;1.0697171505960965;1.0467748494039035;1.07366;1.03934;1.0565;53.38839921828619;23.37572469501244;5.54614039727738;-0.0019499999999998963;0.14493456574452426
2022-12-30;67953;1.07007;1.06608;1.07132;1.06389;1.0642439666666668;0.005826033333333314;74481.94;0.9123419717584005;0.3620299940912286;1.068035;67.48831504140043;0.008951179613875482;0.00988054824634905;-0.0009293686324735682;84.41840277777783;67.4004129569942;1.0591205000000001;1.0713707644460584;1.0468702355539419;1.07366;1.04284;1.0582500000000001;54.14827148502742;23.798540593134557;5.21936138620048;0.007440000000000113;0.14085602400565295
2023-01-02;17160;1.066;1.0695;1.07092;1.06508;1.0639414666666667;0.00205853333333339;74368.97;0.23074139657975218;-0.3803489491341683;1.068035;62.476756197885024;0.008610329277646267;0.009626504452608493;-0.0010161751749622264;63.279002876318486;71.90771890901932;1.0597180000000002;1.0720858803357076;1.0473501196642927;1.07366;1.04432;1.05899;54.85386716128715;22.668002343549794;4.971418128402242;0.007440000000000113;0.13657444765655527
2023-01-03;87287;1.05488;1.0665;1.06836;1.05196;1.0635953;-0.008715299999999981;74523.74333333333;1.1712642990780382;-1.0431519699812375;1.0576450000000002;51.27375390993921;0.007358092355784329;0.00917282203324366;-0.001814729677459331;13.456221198156804;53.7178756174177;1.059996;1.0716455878037974;1.0483464121962025;1.07366;1.04432;1.05899;52.06803633450333;19.820493492604356;14.396357640729976;-0.005849999999999911;0.12998986766942072
2023-01-04;86099;1.06041;1.05444;1.06353;1.05409;1.0632652;-0.0028551999999999467;74654.47333333333;1.153299945142673;0.524230244198387;1.0576450000000002;55.5430891767267;0.006734281749131155;0.00868511397642116;-0.0019508322272900058;38.94009216589884;38.55843874679137;1.0606795;1.070616007384308;1.050742992615692;1.07366;1.04432;1.05899;49.48119342391835;18.388592004400415;13.356314619693736;-0.0019099999999998563;0.12293368271880598
2023-01-05;80129;1.05217;1.0603;1.06314;1.05151;1.0629468666666666;-0.010776866666666551;74724.45666666667;1.0723262981681;-0.7770579304231418;1.0577600000000003;48.69639565852531;0.005511475356464457;0.00805038625242982;-0.002538910895965363;3.3316506814745153;18.57598801517671;1.060758;1.0703950422847683;1.0511209577152318;1.07366;1.04896;1.06131;46.55963598193274;16.78021247656202;14.128438962011252;-0.00821000000000005;0.1140878184602174
2023-01-06;78048;1.06437;1.05224;1.06481;1.04834;1.0626783333333334;0.0016916666666666469;74852.55666666667;1.042689835532978;1.1595084444528947;1.0587800000000003;57.12364781915592;0.005463846697178809;0.0075330783413796185;-0.0020692316442008094;69.75630983463877;37.342684227337365;1.0612015000000001;1.0706442650081123;1.051758734991888;1.07366;1.04834;1.061;43.251937057236326;14.805267959089678;14.730880862234642;0.0045399999999999885;0.1064841031631084
2023-01-09;75294;1.07326;1.06399;1.07606;1.06371;1.0624412666666667;0.010818733333333386;74967.79;1.0043513354200513;0.8352358672266247;1.0733450000000002;62.01947110228183;0.0060734385259757495;0.007241150378298845;-0.0011677118523230959;89.8989898989902;54.32898347170115;1.0621900000000002;1.072311527552621;1.0520684724473794;1.07606;1.04834;1.0622;41.795547875445386;21.426519517378292;13.452343473024364;0.011660000000000004;0.10148536848801673
2023-01-10;73564;1.07343;1.07278;1.07594;1.0712;1.0622303666666666;0.011199633333333514;75067.06333333334;0.979977059623755;0.015839591524891006;1.0733450000000002;62.10857172176069;0.0064953872405491;0.007091997750748897;-0.0005966105101997974;90.51226551226583;83.38918841529825;1.06317;1.0736530014785124;1.0526869985214875;1.07606;1.04834;1.0622;40.443186492353796;20.684482711080264;12.98646594308531;0.009530000000000038;0.09827214841521467
2023-01-11;63082;1.07565;1.07329;1.07764;1.07254;1.0620427333333333;0.013607266666666673;75107.17;0.8398931819690664;0.20681367206059065;1.0803800000000001;63.31875870010834;0.006929046350365287;0.007059407470672176;-0.0001303611203068893;93.20819112628006;91.20648217917868;1.0637905;1.0756016108283055;1.0519793891716946;1.07764;1.04834;1.06299;39.39794191102685;21.172476733112035;12.48544668554148;0.014399999999999968;0.09660774275113458
2023-01-12;86971;1.08511;1.07574;1.08669;1.07275;1.0618867666666667;0.023223233333333315;75221.01333333334;1.1562061735938916;0.8794682285129918;1.0803800000000001;68.00774720332134;0.00794448814466131;0.007236423605470003;0.0007080645391913075;95.8800521512388;93.20016959659489;1.064638;1.079595106137169;1.049680893862831;1.08669;1.04834;1.067515;39.37957731339875;25.634068480653067;11.212149974089069;0.018899999999999917;0.09761477278012616
2023-01-13;75189;1.0833;1.08405;1.0868;1.07804;1.0617068;0.021593199999999868;75318.83666666667;0.9982761727023047;-0.16680336555742192;1.082765;66.26242900207599;0.008505139258202288;0.00749016673601646;0.0010149725221858278;90.89963598543925;93.32929308765269;1.0656715;1.0826506098411717;1.0486923901588285;1.0868;1.04834;1.06757;39.37272505250882;24.060188075827003;10.48828739184861;0.013229999999999853;0.09982984214804362
2023-01-16;52423;1.08223;1.08286;1.08742;1.08016;1.0615535666666667;0.020676433333333355;75297.88;0.6962081800974083;-0.09877226991599208;1.082765;65.1972191190681;0.008762115039372853;0.00774455639668774;0.0010175586426851135;86.71954964176042;91.16641259281282;1.0668549999999999;1.0849494626888616;1.0487605373111382;1.08742;1.04834;1.0678800000000002;39.427266280250265;23.214612003027955;9.916863042064774;0.016229999999999967;0.10235638471488874
2023-01-17;76537;1.07883;1.08216;1.08694;1.07748;1.0614050666666666;0.017424933333333392;75364.96333333333;1.0155514792924756;-0.3141661199560275;1.0791350000000002;61.79768158686741;0.008592371106793006;0.007914119338708793;0.0006782517680842138;78.0194472876149;85.21287763827151;1.06776;1.08634253158207;1.04917746841793;1.08742;1.04834;1.0678800000000002;38.863701096864965;21.56584304251993;11.224603828713054;0.023949999999999916;0.10414580316762126
2023-01-18;93017;1.07944;1.07882;1.08876;1.07662;1.0612535333333335;0.018186466666666457;75484.16666666667;1.232271668451278;0.0565427361122639;1.0791350000000002;62.178714642853514;0.008410123055833996;0.008013320082133834;0.0003968029737001621;76.94210786739234;80.5603682655892;1.068616;1.0876881078016736;1.0495438921983264;1.08876;1.04834;1.06855;38.550418371072695;20.978242579456914;10.221333084861232;0.01902999999999988;0.10526984951869316
2023-01-19;73715;1.0831;1.07929;1.084;1.07825;1.0611303333333335;0.021969666666666443;75542.26666666666;0.9758113338756526;0.3390647002149194;1.0843600000000002;64.46863689049292;0.008463460075101459;0.008103348080727359;0.0003601119943741002;85.99703117268676;80.319528775898;1.069752;1.0894236604281056;1.0500803395718945;1.08876;1.04834;1.06855;38.259512982837016;20.063522623779377;9.775649548171401;0.030929999999999902;0.10636703272046175
2023-01-20;60032;1.08562;1.08306;1.0859;1.08024;1.061012833333333;0.024607166666666958;75647.03333333334;0.793580360719042;0.23266549718401475;1.0843600000000002;65.99524727437327;0.008609824291620605;0.008204643322906009;0.00040518096871459616;92.23156853043066;85.05690252350324;1.0710415;1.0913144487494724;1.0507685512505276;1.08876;1.04834;1.06855;38.22072500265473;20.660193974735932;9.343758763045718;0.02124999999999999;0.10765103803634149
2023-01-23;66997;1.08714;1.08681;1.09268;1.08462;1.0608670666666669;0.026272933333333137;75619.37333333334;0.8859766624177853;0.1400121589506531;1.0879800000000002;66.91851792820678;0.008747633016339185;0.008313241261592644;0.00043439175474654056;87.50563824988703;88.57807931766814;1.0723185000000002;1.0932582586184458;1.0513787413815545;1.09268;1.04834;1.07051;38.894878412065836;24.686930733210108;8.750857699068925;0.013879999999999892;0.10906861179897649
2023-01-24;59121;1.08882;1.0871;1.0898;1.08352;1.0607325333333333;0.028087466666666616;75628.47666666667;0.7817293512411817;0.15453391467519229;1.0879800000000002;67.95416407234423;0.00888993178338282;0.00842857936595068;0.0004613524174321409;91.29454217410873;90.34391631814213;1.0735645;1.0953026944742155;1.0518263055257846;1.09268;1.04834;1.07051;39.23469106888492;23.438949537036713;9.19395196236389;0.015389999999999793;0.11060461746687435
2023-01-25;61066;1.09152;1.0885;1.09236;1.08572;1.0605913999999999;0.030928600000000195;75576.68666666666;0.8080004918623308;0.24797487187966372;1.0903200000000002;69.60126823803306;0.009115494272851299;0.008565962347330805;0.0005495319255204942;97.38385205232285;92.06134415877285;1.075078;1.097383537070397;1.052772462929603;1.09268;1.04834;1.07051;39.806517387251446;24.26165457345981;8.693536692245555;0.01587000000000005;0.11242797961037565
2023-01-26;60790;1.08912;1.09149;1.09296;1.08507;1.0604487666666667;0.028671233333333435;75560.96;0.8045159828566492;-0.21987686895338365;1.0903200000000002;66.337346638545;0.008996883752943718;0.008652146628453388;0.0003447371244903307;86.8717948717954;91.85006303274231;1.0762234999999998;1.0989390358950408;1.0535079641049587;1.09296;1.04834;1.07065;40.157513943213644;22.68186007340024;8.66389247062054;0.004010000000000069;0.1136967889719664
2023-01-27;55319;1.08688;1.08923;1.09004;1.08379;1.0603045;0.026575500000000085;75636.58666666667;0.7313788529853368;-0.2056706331717395;1.086035;63.35128050006537;0.00862273723446405;0.00864626474965552;-2.3527515191469964e-05;72.0588235294124;85.43815681784355;1.077064;1.1000489710897996;1.0540790289102004;1.09296;1.04834;1.07065;40.12141426522487;21.488233198902577;9.28571199747501;0.0035800000000001386;0.11390120637950138
2023-01-30;60379;1.08519;1.08623;1.09138;1.08393;1.0601518;0.02503820000000001;75636.33333333333;0.7982803679006829;-0.15549094656263085;1.086035;61.116061626352774;0.008096522871159806;0.008536316373956378;-0.00043979350279657256;61.9490695396676;73.62656264695845;1.0780235;1.1006807348489165;1.0553662651510836;1.09296;1.04834;1.07065;40.25162476431861;21.266651186334926;8.698119514910205;0.0029600000000000737;0.1128489877923032
2023-01-31;62433;1.08621;1.08464;1.0875;1.08022;1.0600107666666667;0.026199233333333183;75696.94666666667;0.8247756712687102;0.09399275702870469;1.0918;61.987799314270035;0.0076733461150533255;0.00836372232217577;-0.0006903762071224437;66.60069272637266;66.8695285984842;1.07959;1.0998338642555963;1.0593461357444038;1.09296;1.04834;1.07065;39.34108411854591;19.938884784007822;11.336802363146685;0.007379999999999942;0.1109661833649643
2023-02-01;67393;1.09901;1.08605;1.10006;1.08524;1.0599180000000001;0.039091999999999905;75767.81;0.8894674400644694;1.1784093315289068;1.09342;70.82665878337953;0.008275434455824016;0.008346064748905419;-7.063029308140324e-05;95.5204778156997;74.69008002724664;1.08152;1.1014390170439976;1.0616009829560025;1.10006;1.04834;1.0742;39.89658184024516;27.741911982002147;9.971898883406224;0.019570000000000087;0.11073293771407158
2023-02-02;81138;1.09108;1.09882;1.10329;1.08854;1.0597744;0.031305600000000045;75871.02333333333;1.0694201347926457;-0.721558493553287;1.0854900000000003;61.314401090100304;0.00802025655237304;0.008280903109598944;-0.0002606465572259041;54.21822272215986;72.1131310880774;1.0834655;1.0985526328952564;1.0683783671047435;1.10329;1.04834;1.075815;40.67570037502809;27.07401457540785;8.832156679635625;0.007980000000000098;0.10993902554527527
2023-02-03;74526;1.0794;1.09091;1.09401;1.07926;1.0596081333333334;0.019791866666666547;75978.04666666666;0.9808886022952533;-1.0704989551637012;1.0849900000000001;50.546475008297385;0.006797194017733377;0.007984161291225832;-0.001186967273492455;10.423697037870209;53.38746585857658;1.084217;1.096696607525846;1.071737392474154;1.10329;1.06371;1.0835;39.488134299049406;24.106775309182996;14.759518883905981;-0.006220000000000114;0.10645335835841724
2023-02-06;65147;1.07257;1.07824;1.0799;1.07095;1.0594111;0.013158900000000084;76047.96;0.8566567729100351;-0.6327589401519229;1.0726750000000003;45.51300348746231;0.005216649934836504;0.007430659019947966;-0.0022140090851114624;5.0092764378477215;23.21706539929259;1.0841825;1.0967862770132273;1.0715787229867728;1.10329;1.07095;1.08712;37.09090423858054;22.49570250174402;19.978304846416307;-0.014569999999999972;0.09986658524337887
2023-02-07;78294;1.07278;1.07255;1.07664;1.06692;1.0592250666666667;0.013554933333333352;76185.70333333334;1.0276731272983333;0.019579141687731116;1.0726750000000003;45.6920736534504;0.003935635055816622;0.006731654227121698;-0.0027960191713050763;16.112180368435453;10.515051281384451;1.08415;1.0968673550708923;1.0714326449291076;1.10329;1.06692;1.085105;34.55457337437101;20.86483417646872;21.535726434063374;-0.016039999999999832;0.09133827554277343
2023-02-08;59117;1.07141;1.0723;1.07609;1.07094;1.0590437333333333;0.012366266666666625;76241.08666666667;0.7753955588075159;-0.12770558735250015;1.072635;44.66087218401984;0.0027778526285977545;0.00594089390741691;-0.0031630412788191554;12.345339565575697;11.155598790619614;1.083938;1.0973381068652137;1.0705378931347864;1.10329;1.06692;1.085105;32.19940900046216;20.036021335751173;20.680263771299337;-0.020110000000000072;0.08145521150219481
2023-02-09;63139;1.07386;1.071;1.07907;1.07069;1.0588585333333334;0.015001466666666685;76282.98666666666;0.827694388473407;0.22867063029092805;1.072635;46.965960469286024;0.0020345432895676474;0.005159623783847058;-0.0031250804942794105;19.081660709375704;15.846393547795609;1.0833755;1.0974586721923412;1.069292327807659;1.10329;1.06692;1.085105;30.20227111482643;21.046355842902337;19.334421431221465;-0.015260000000000051;0.07138178231218299
2023-02-10;66664;1.06772;1.07344;1.07528;1.06664;1.0586407333333334;0.009079266666666586;76332.64666666667;0.8733353671215287;-0.571769131916644;1.0701200000000002;42.2196430330064;0.0009391921744918985;0.004315537461976026;-0.003376345287484128;2.9467939972713992;11.457931424074255;1.0825965;1.098246617283877;1.066946382716123;1.10329;1.06664;1.084965;28.318357824556585;19.628050657608807;21.190369590686505;-0.019160000000000066;0.06036081885409603
2023-02-13;56882;1.07252;1.06807;1.073;1.06556;1.0584707000000002;0.01404929999999971;76372.65;0.7447954208737363;0.44955606338739074;1.0701200000000002;46.750176036759505;0.00045321403960940643;0.003543072777502703;-0.0030898587378932964;18.446859263185388;13.491771323277485;1.082111;1.0983671876219208;1.0658548123780793;1.10329;1.06556;1.084425;26.71836070669581;18.473567929384433;20.797804094339902;-0.012670000000000181;0.04993686738642571
2023-02-14;82082;1.07359;1.07178;1.08041;1.07068;1.0582904;0.01529960000000008;76495.99;1.073023566333206;0.09976503934658876;1.07114;47.73399592907968;0.00015265323262614316;0.0028649888685273912;-0.002712335635901248;21.28279883381917;14.22548403142531;1.081849;1.098473005413831;1.0652249945861691;1.10329;1.06556;1.084425;25.434312779535556;22.886387512029003;19.206737157270137;-0.012619999999999854;0.04045813607773568
2023-02-15;68449;1.06869;1.07355;1.07445;1.06606;1.0580908;0.01059919999999992;76593.13;0.8936702286483273;-0.45641259698768755;1.07114;43.74786741754298;-0.0004754517099689881;0.0021969007528281153;-0.0026723524627971034;8.295785846805861;16.00848131460346;1.0813115;1.098880595907276;1.063742404092724;1.10329;1.06556;1.084425;23.65363170752631;21.368372006092585;21.585192049471754;-0.030320000000000125;0.03105120324136643
2023-02-16;72882;1.06728;1.06875;1.07226;1.06546;1.0578726666666667;0.009407333333333323;76709.97333333333;0.9500981011072855;-0.13193723156387227;1.068325;42.64431649469825;-0.0010746171013473749;0.0015425971819930174;-0.0026172142833403925;4.810996563573702;11.463193748066233;1.0805205;1.0990921789493853;1.0619488210506147;1.10329;1.06546;1.084375;22.083666573531158;20.198980218075246;20.886805504828658;-0.023800000000000043;0.021780579766811747
2023-02-17;66016;1.06937;1.06705;1.06984;1.06128;1.0576617666666668;0.011708233333333151;76814.92;0.8594163737981034;0.19582490068210667;1.068325;44.864449842619614;-0.001365078680332088;0.0009610620095279964;-0.0023261406898600844;19.257319685788886;10.788034032056139;1.0797080000000001;1.098732520598402;1.0606834794015982;1.10329;1.06128;1.0822850000000002;21.1949434388256;18.80393919916648;22.816822727226214;-0.010029999999999983;0.013336205461211233
2023-02-20;41959;1.06848;1.06851;1.07047;1.06704;1.0574498333333333;0.011030166666666785;76858.43333333333;0.5459257778260882;-0.08322657265491529;1.0665450000000003;44.08193664556176;-0.0016480889922962927;0.00043923180916313856;-0.002087320801459431;17.138776481790234;13.735697577050928;1.078775;1.0980782924652503;1.0594717075347497;1.10329;1.06128;1.0822850000000002;20.268035548357176;18.79130393351148;22.15648894965146;-0.004089999999999927;0.00561984027270206
2023-02-21;67255;1.06461;1.06855;1.06983;1.06376;1.0572229;0.007387100000000091;76998.91666666667;0.8734538472942749;-0.36219676549865687;1.0665450000000003;40.75336123936539;-0.0021597570259743737;-8.056595786436389e-05;-0.00207919106811001;7.92668412282801;14.774260096802365;1.0775645;1.0972293137290683;1.0578996862709318;1.10329;1.06128;1.0822850000000002;19.852128335332832;17.80904019183028;23.822915474157913;-0.00817000000000001;-0.0019911798522158314
2023-02-22;72358;1.06049;1.06421;1.06642;1.05992;1.0569883666666668;0.0035016333333330874;77148.97666666667;0.9378996731560529;-0.3869961770037955;1.05996;37.50642102024678;-0.0028646848925202306;-0.0006373897447955372;-0.0022272951477246934;1.6720445878555594;8.91250173082459;1.076013;1.0959236203820701;1.05610237961793;1.10329;1.05992;1.0816050000000001;19.947478623418327;16.796528435078596;25.82724006357567;-0.01092000000000004;-0.009949200752763263
2023-02-23;65340;1.05943;1.06032;1.06278;1.05772;1.0567373666666666;0.0026926333333334718;77248.05;0.8458465941857631;-0.09995379494383005;1.05996;36.69634276456425;-0.0034688912279334794;-0.0012036900414231257;-0.0022652011865103537;7.53635962979327;5.711696113492269;1.0745285;1.0947339035099242;1.0543230964900758;1.10329;1.05772;1.080505;20.297026192819924;16.032377188276755;26.630266094124476;-0.014429999999999943;-0.017972419222480426
2023-02-24;72777;1.05458;1.05944;1.06143;1.05362;1.0564774;-0.001897399999999827;77377.89333333333;0.9405399509453855;-0.457793341702617;1.05773;33.16660144259379;-0.004289635322881624;-0.0018208790977148255;-0.0024687562251667987;3.5834266517359783;4.263943623128259;1.0729135;1.094053557970564;1.0517734420294362;1.10329;1.05362;1.078455;21.07863216382561;14.905222648167783;28.448809884101735;-0.01313999999999993;-0.026541974158106697
2023-02-27;62245;1.06088;1.05429;1.06198;1.05329;1.0562187666666667;0.004661233333333348;77487.80666666667;0.8032876742498923;0.5973942232926799;1.05773;41.09291296360591;-0.0043812196101160605;-0.0023329472001950725;-0.002048272409920988;27.986725663716726;13.035503981748647;1.071698;1.0926696671726108;1.0507263328273893;1.10329;1.05329;1.07829;21.690520511723758;14.238872927039914;26.238383554106914;-0.011639999999999873;-0.03391780447636847
2023-02-28;62382;1.05755;1.06091;1.06453;1.05739;1.0559779666666667;0.0015720333333333336;77565.64666666667;0.8042477911397369;-0.31389035517683794;1.0622250000000002;38.49418349843593;-0.004668686278346712;-0.0028000950158254007;-0.0018685912625213113;15.707964601769635;15.759372305740769;1.070265;1.0909896331692195;1.0495403668307806;1.10329;1.05329;1.07829;21.729090893650387;15.620339248243628;24.550525743785826;-0.016040000000000054;-0.040718118118037126
2023-03-01;77342;1.0669;1.0575;1.06914;1.05653;1.0557718333333332;0.011128166666666717;77671.88333333333;0.9957528603764174;0.8841189541865635;1.0622250000000002;48.36762018993201;-0.004094836103560651;-0.003059043233372451;-0.0010357928701881995;50.18436578171048;31.293018682398937;1.0686594999999999;1.0846660467543332;1.0526529532456665;1.10329;1.05329;1.07829;20.890169765475036;17.902816921693056;21.874235433549615;-0.0017899999999999583;-0.0450662812388822
2023-03-02;71400;1.05971;1.06653;1.06729;1.05766;1.0555333;0.004176699999999922;77752.87666666666;0.9182939983827071;-0.6739150810760153;1.06156;42.692146536849975;-0.004172134842932662;-0.0032816615552844937;-0.0008904732876481684;23.672566371680908;29.854965585053662;1.067091;1.0798130955820417;1.0543689044179583;1.09401;1.05329;1.07365;20.111171575026496;16.429822256791642;20.074483347978436;-0.007570000000000077;-0.04880362096944919
2023-03-03;61668;1.06341;1.05954;1.06387;1.05884;1.0553118666666668;0.008098133333333202;77793.30333333333;0.7927160482664349;0.34915212652517624;1.06156;46.19125778195843;-0.0038899941419514583;-0.003403328072617887;-0.0004866660693335712;37.3156342182887;37.05752212389335;1.0662915;1.0777676740575237;1.0548153259424762;1.08041;1.05329;1.06685;19.387816112467135;15.703063023021006;19.186505626229962;-0.005959999999999965;-0.051205251977964245
2023-03-06;58494;1.06828;1.06239;1.06944;1.06211;1.0550857;0.013194299999999881;77844.95666666667;0.7514166942177735;0.4579607112966677;1.06269;50.47733087068888;-0.0032361232891375824;-0.003369887115921826;0.00013376382678424378;70.84120982986742;43.94313680661233;1.066077;1.0772316153675765;1.0549223846324234;1.08041;1.05329;1.06685;18.321596936613098;19.616398714795867;17.941055460097708;-0.00020000000000020002;-0.05162355156423953
2023-03-07;73126;1.05493;1.06794;1.06947;1.05461;1.0548260333333332;0.0001039666666666772;77935.58333333333;0.9382877098286164;-1.2496723705395563;1.06052;40.86739166943277;-0.0037519096775124883;-0.0034462916282399585;-0.00030561804927252975;8.645229309435265;38.93402445253045;1.0651845;1.0768936544954597;1.0534753455045403;1.08041;1.05329;1.06685;17.887975025207947;17.18145008914966;21.97894737538316;-0.009680000000000133;-0.05302248657988395
2023-03-08;60466;1.05438;1.0549;1.05738;1.05243;1.0545510333333334;-0.00017103333333334803;77988.57666666666;0.7753186759444504;-0.05213616069310589;1.0563050000000003;40.52508582972329;-0.0041571336606838205;-0.003588460034728731;-0.0005686736259550894;10.809312638581554;30.098583925961407;1.064333;1.0765722877243127;1.0520937122756873;1.08041;1.05243;1.06642;17.784235098754866;16.44899505978336;22.91943987197673;-0.006109999999999838;-0.05501802351886047
2023-03-09;59065;1.05823;1.05439;1.05913;1.05375;1.0542646666666666;0.003965333333333376;78028.58666666667;0.7569661648789627;0.3651434966520428;1.0563050000000003;44.0574262781276;-0.004120119588687521;-0.0036947919455204894;-0.00042532764316703144;32.15077605321513;17.201772667077307;1.0635515;1.0752414003844553;1.0518615996155447;1.08041;1.05243;1.06642;17.358596945399245;17.21316819989705;21.830159162032377;-0.0012000000000000899;-0.056521720063027345
2023-03-10;94792;1.06395;1.05778;1.07006;1.0574;1.053993;0.009956999999999994;78189.02;1.212344137322451;0.5405252166353236;1.0685550000000001;48.91216857433619;-0.003587870733548826;-0.003673407703126157;8.553696957733139e-05;65.34316505955731;36.101084583784655;1.063363;1.07489851576647;1.05182748423353;1.08041;1.05243;1.06642;16.953913734333764;24.6433234415183;19.483553593421878;0.009369999999999878;-0.05647959117574732
2023-03-13;123346;1.07316;1.0681;1.07486;1.06504;1.0537647333333335;0.019395266666666355;78434.97333333333;1.5725893024249253;0.8656421824333904;1.0685550000000001;55.59424290151991;-0.002395278374297094;-0.0034177818373603446;0.0010225034630632506;92.42086491306269;63.30493534194503;1.0633949999999999;1.075035023195788;1.0517549768042118;1.08041;1.05243;1.06642;17.148770371555162;26.39885767868318;17.716177611799008;0.012279999999999847;-0.05361252165031567
2023-03-14;96044;1.07332;1.07304;1.07496;1.06789;1.0535404;0.01977960000000012;78649.58333333333;1.2211634941908502;0.014909240001514945;1.0677300000000003;55.70263976513037;-0.0014208509888513632;-0.0030183956676585483;0.0015975446788071852;92.72081668885988;83.49494888715996;1.0633815;1.0749747278075814;1.0517882721924185;1.07496;1.05243;1.063695;17.34132955271413;24.911376093637568;16.661421213325998;0.015770000000000062;-0.04883795985873363
2023-03-15;103037;1.05758;1.07326;1.07599;1.05162;1.0532897333333333;0.004290266666666653;78800.86;1.3075618717865125;-1.4664778444452797;1.0631700000000002;44.25723525804233;-0.0018968312311506974;-0.0027940827803569785;0.0008972515492062811;24.45629872794405;69.86599344328887;1.0628259999999998;1.0744132367714851;1.0512387632285145;1.07599;1.05162;1.063805;16.927543558296716;20.402346711216477;25.729842095233202;-0.009319999999999995;-0.0457656415958169
2023-03-16;99399;1.06138;1.05769;1.06356;1.05511;1.0530469333333334;0.008333066666666555;78974.95666666667;1.25861417587762;0.359310879555208;1.0639250000000002;47.08410048894296;-0.0019450000109446641;-0.0026242662264745155;0.0006792662155298513;40.049240869921995;52.40878542890863;1.062531;1.073948815727995;1.0511131842720047;1.07599;1.05162;1.063805;16.54331370633769;19.11068868241402;24.100904130765784;0.0016700000000000603;-0.04318430637583595
2023-03-17;76784;1.06647;1.06082;1.06854;1.06047;1.0528316333333334;0.013638366666666624;79069.12666666666;0.9710996344210323;0.479564340763905;1.0639250000000002;50.69121376143508;-0.0015545339551030768;-0.002410319772200228;0.0008557858170971512;60.93557652851879;41.8137053754616;1.062386;1.0735229284813386;1.0512490715186615;1.07599;1.05162;1.063805;15.508662143048452;21.714899448885454;22.627552160832;0.0030600000000000627;-0.04002885194447569
2023-03-20;82740;1.07237;1.06884;1.07308;1.06313;1.0526253;0.01974469999999995;79184.39333333333;1.0449028718536568;0.5532270012283513;1.074675;54.557998220629734;-0.0007602424987589451;-0.0020803043175119714;0.0013200618187530263;85.14567090685287;62.04349610176454;1.0625805;1.0742590503808673;1.0509019496191325;1.07599;1.05162;1.063805;14.815841244285926;23.510257076020697;20.92872146185755;0.004090000000000149;-0.035466658334812266
2023-03-21;58897;1.07698;1.07181;1.07884;1.0704;1.0524404666666667;0.024539533333333363;79203.64666666667;0.743614751071553;0.429888937586842;1.074675;57.37096589699139;0.00023847864223736082;-0.001616547725562105;0.0018550263677994659;93.16678912564302;79.74934552033821;1.063199;1.0764467815500738;1.0499512184499262;1.07884;1.05162;1.0652300000000001;14.81360351049007;26.381482473440233;19.585489534486236;0.022050000000000125;-0.029243696753831788
2023-03-22;67622;1.08551;1.07662;1.09124;1.07591;1.0522916333333334;0.033218366666666554;79274.30666666667;0.8530128214722719;0.7920295641516084;1.0843900000000002;62.05187683452882;0.0016986906057845363;-0.000953500059292777;0.002652190665077313;85.537607269056;87.95002243385062;1.06445;1.0808002941869101;1.0480997058130896;1.09124;1.05162;1.0714299999999999;15.912890421299052;32.46104380555824;17.400924302985878;0.03112999999999988;-0.020555847150917992
2023-03-23;74525;1.08327;1.08555;1.093;1.08243;1.0521553666666665;0.03111463333333342;79344.23;0.9392617459390634;-0.20635461672393607;1.0843900000000002;60.18299287165906;0.0026446835617741637;-0.00023386333507938878;0.0028785468968535524;76.48622522957945;85.06354054142615;1.065642;1.083737498445706;1.047546501554294;1.093;1.05162;1.0723099999999999;17.067832188925824;31.251764272617255;16.069969933707913;0.02503999999999995;-0.010957625015812822
2023-03-24;77802;1.07587;1.08273;1.08387;1.07132;1.0520267333333333;0.023843266666666807;79404.19;0.979822349425014;-0.6831168591394432;1.0778700000000003;54.3584376610258;0.002765393899808455;0.00036598811189817994;0.002399405787910275;58.60318994683451;73.54234081515663;1.0667065;1.0845772372818971;1.0488357627181029;1.093;1.05162;1.0723099999999999;16.681127644109928;28.46759842825738;22.524943610364975;0.011920000000000153;-0.002494840071392667
2023-03-27;57844;1.07987;1.0775;1.08;1.0745;1.0519100666666665;0.027959933333333575;79407.35666666667;0.7284463609940848;0.3717921310195438;1.0778700000000003;56.792655897309146;0.0031475413851649314;0.0009222987665515304;0.002225242618613401;68.26969550507522;67.78637022716305;1.067656;1.086193070318651;1.0491189296813488;1.093;1.05162;1.0723099999999999;16.322044852495168;27.318947235538722;21.616075115217033;0.006710000000000216;0.005579039341559962
2023-03-28;52916;1.0846;1.0796;1.08486;1.07939;1.0517810666666667;0.0328189333333333;79405.25666666667;0.6664042435141049;0.4380156870734453;1.0845250000000002;59.540578587550094;0.0037883972054852944;0.001495518454338283;0.0022928787511470113;79.70033832769461;68.85774125986809;1.0690085;1.0883294609232737;1.0496875390767264;1.093;1.05162;1.0723099999999999;16.447733542537428;29.86785675119653;20.72060896806015;0.011279999999999957;0.013898499232145412
2023-03-29;53939;1.08445;1.08424;1.08713;1.08178;1.0516379666666666;0.03281203333333327;79414.06666666667;0.6792121630843723;-0.013829983404023416;1.0845250000000002;59.4115361607252;0.004235353791713692;0.002043485521813365;0.002191868269900327;79.33784436926035;75.76929273401005;1.069886;1.0903070268105863;1.0494649731894135;1.093;1.05162;1.0723099999999999;16.771023914760555;30.393070185850497;19.85428998466025;0.02686999999999995;0.021968122289164217
2023-03-30;53925;1.09056;1.08433;1.09263;1.08236;1.0515050000000001;0.03905499999999984;79449.06;0.6787367905925283;0.5634192447784736;1.087355;62.9353577986481;0.005024674720619515;0.002639723361574595;0.0023849513590449203;94.10343160947318;84.3805381021427;1.0714285000000001;1.0931603607348461;1.049696639265154;1.093;1.05162;1.0723099999999999;17.547355049797762;32.23566864027002;18.274758431451428;0.029179999999999984;0.030595583989375504
2023-03-31;58264;1.08415;1.09056;1.09258;1.08369;1.0513058666666666;0.03284413333333336;79431.53;0.7335122463333221;-0.5877714201877993;1.087355;57.313619295107166;0.0050744882720912265;0.0031266763436779213;0.0019478119284133052;78.61285645239239;84.01804414370862;1.0724655;1.0945444569273275;1.0503865430726727;1.093;1.05162;1.0723099999999999;18.26823396090374;30.01002178058643;17.013014517642066;0.017679999999999918;0.037989905644902275
2023-04-03;60678;1.09027;1.08397;1.09168;1.07882;1.0511235666666667;0.03914643333333334;79422.44;0.7639906303557579;0.5644975326292601;1.0929300000000004;60.904347073053906;0.005543892185385868;0.003610119512019511;0.0019337726733663569;93.40260995650097;88.7062993394555;1.0735649999999999;1.0968575116721837;1.050272488327816;1.093;1.05162;1.0723099999999999;18.210845669001337;27.095661600239517;19.038434896043036;0.017900000000000027;0.045281867111336596
2023-04-04;57830;1.09559;1.08965;1.09733;1.08828;1.0509616666666666;0.04462833333333349;79438.17;0.7279875656752003;0.48795252552120694;1.0929300000000004;63.75829876356743;0.006272867989985498;0.004142669207612709;0.0021301987823727888;95.87873045949821;89.29806562279718;1.075598;1.099126200611158;1.0520697993888422;1.09733;1.05162;1.074475;18.6915360864586;29.51800551632875;17.73329057455077;0.018610000000000015;0.053070995777646686
2023-04-05;54292;1.09073;1.09466;1.09696;1.08912;1.0507917666666666;0.03993823333333335;79465.25666666667;0.6832168204997073;-0.44359660091823905;1.09139;59.48617788292317;0.006384824896837005;0.004591100345457569;0.001793724551379436;82.09441128594693;90.4585839006487;1.0774155;1.0996892015109514;1.0551417984890488;1.09733;1.05162;1.074475;19.137891474097493;27.743640715780387;16.667319956177764;0.005220000000000002;0.05986100358055453
2023-04-06;46405;1.09205;1.09019;1.09376;1.08846;1.0506244333333334;0.041425566666666525;79480.72;0.5838522851830502;0.12101986742822923;1.09139;60.264936858241;0.006505078030161426;0.00497389588239834;0.0015311821477630863;84.56140350877207;87.51151508473907;1.0791065;1.1004113560426727;1.0578016439573272;1.09733;1.05162;1.074475;19.44418189681469;26.580419729948414;16.490617013966652;0.00878000000000001;0.06580950264129191
2023-04-07;18148;1.08986;1.092;1.09241;1.08767;1.0504479666666666;0.03941203333333343;79321.37666666666;0.22879078456065266;-0.20054026830272909;1.0879550000000002;58.26390365978156;0.006350460649943601;0.005249208835907392;0.0011012518140362092;72.26141849238806;79.63907776236901;1.0804019999999999;1.1010021763099023;1.0598018236900975;1.09733;1.05162;1.074475;19.592952492498767;25.54871597581265;16.497450280312744;0.013989999999999947;0.07040624544710068
2023-04-10;40572;1.08605;1.08974;1.09174;1.08313;1.0502859333333334;0.03576406666666654;79209.13;0.5122136804178367;-0.3495861853816118;1.0879550000000002;54.85162396145672;0.005853020130970332;0.00536997109491998;0.0004830490360503521;56.63206459054204;71.15162886390071;1.0810465;1.1015061288089272;1.0605868711910729;1.09733;1.05162;1.074475;18.97640040884593;23.745746027899404;19.054333706492926;0.006179999999999852;0.0730651272895269
2023-04-11;48294;1.09131;1.08577;1.09281;1.08532;1.0501548333333335;0.04115516666666652;79127.54666666666;0.6103310671748435;0.48432392615440634;1.0952300000000001;58.46799814330083;0.0058161875861224566;0.005459214393160476;0.0003569731929619806;76.85505574778952;68.58284627690652;1.0819459999999999;1.1025491098623268;1.061342890137673;1.09733;1.05162;1.074475;18.54120086602695;23.15910508725328;17.872725382800112;0.006709999999999994;0.0751263928812545
2023-04-12;51185;1.09915;1.0909;1.10002;1.0909;1.0500327333333332;0.049117266666666826;79109.88666666667;0.6470114186317065;0.7184026536914523;1.0952300000000001;63.199509005507;0.006346461944590764;0.005636663903446534;0.0007097980411442306;96.96864111498283;76.81858715110478;1.0840245;1.1026702131534085;1.0653787868465914;1.10002;1.05511;1.0775649999999999;18.979951731912667;27.362694872646;16.528675085490853;0.014700000000000157;0.07797618597714406
2023-04-13;50302;1.1047;1.09917;1.10677;1.09769;1.0499239666666667;0.05477603333333336;79106.80666666667;0.6358744856425794;0.5049356320793397;1.1020600000000003;66.14028459012363;0.007132329753138933;0.005935797073385014;0.001196532679753919;93.58537341183758;89.1363567582033;1.0861905;1.1038494065063291;1.068531593493671;1.10677;1.06047;1.08362;20.03376992310364;30.867823015406447;15.295396548594129;0.014140000000000041;0.08208257500136944
2023-04-14;52522;1.09942;1.10462;1.10759;1.09724;1.0498014333333332;0.04961856666666686;79058.81666666667;0.6643408314779148;-0.4779578166017928;1.1020600000000003;61.135052894897555;0.007245561457806193;0.00619774995026925;0.001047811507536943;71.60236357316664;87.38545936666235;1.087838;1.1039067356067405;1.0717692643932597;1.10759;1.06313;1.08536;21.085569586873525;28.942552053179384;14.011995730433839;0.015270000000000117;0.08572610440071628
2023-04-17;49987;1.09275;1.09887;1.09998;1.09092;1.0496696333333333;0.043080366666666814;79053.33666666667;0.6323199261122524;-0.6066835240399415;1.0950550000000001;55.42857147615855;0.006719625483311065;0.006302125056877613;0.0004175004264334514;48.41849148418537;71.20207615639652;1.088857;1.1033836845494547;1.0743303154505452;1.10759;1.0704;1.0889950000000002;20.9665224479528;26.82102093081729;18.09819833056505;0.0024800000000000377;0.08751975075937277
2023-04-18;45953;1.09736;1.09216;1.0983;1.09215;1.0495574666666667;0.047802533333333175;79065.39333333333;0.5812024460089643;0.42187142530312194;1.0950550000000001;58.32406901538929;0.006598739742800008;0.006361447994062093;0.00023729174873791514;64.44212721584944;61.487660757733806;1.0898759999999998;1.1037727152953278;1.0759792847046719;1.10759;1.07132;1.089455;20.855978676097845;25.456909452236015;17.177727773234484;0.0017699999999998273;0.08866189951988016
2023-04-19;49787;1.0956;1.09714;1.09841;1.09174;1.0494343666666666;0.046165633333333345;79001.25;0.630205218271783;-0.1603849238171584;1.09633;56.80679724723032;0.0062884305188348755;0.00634684449901665;-5.84139801817745e-05;58.32464372610327;57.06175414204602;1.0903805;1.1043390478829074;1.0764219521170926;1.10759;1.07132;1.089455;20.68089617053979;24.02948099514825;16.559204946690826;0.00486999999999993;0.08882378466545766
2023-04-20;49880;1.09706;1.09539;1.09898;1.09335;1.049323;0.04773699999999992;79010.61666666667;0.6313075647849902;0.1332603139831967;1.09633;57.787818089264846;0.006090114967080673;0.006295498592629455;-0.000205383625548782;63.39937434827917;62.055381763410615;1.0910699999999998;1.1049174084217745;1.077222591578225;1.10759;1.07132;1.089455;20.591488552123714;23.355106522893646;15.756113469781926;0.005009999999999959;0.08841181327231878
2023-04-21;49021;1.09894;1.09654;1.09938;1.09381;1.0492552;0.049684800000000084;78772.86666666667;0.6223081890294768;0.17136710845351288;1.1017850000000002;59.076728835003955;0.00601530802519834;0.0062394604791432325;-0.00022415245394489212;64.63614063777598;62.12005290405279;1.0922235;1.1045769550227653;1.0798700449772347;1.10759;1.0745;1.091045;20.562556213300613;22.56043417866121;14.981962393592962;0.009079999999999977;0.08779896484888479
2023-04-24;53892;1.10463;1.09912;1.10502;1.0966;1.0491800333333334;0.05544996666666657;78682.67;0.6849284601042791;0.5177716708828495;1.1017850000000002;62.7808919670079;0.006342051212894884;0.006259978625893564;8.207258700131982e-05;87.89860997546992;71.97804165384169;1.0934615;1.1055751175851614;1.0813478824148388;1.10759;1.07882;1.093205;21.24768189325618;25.85051865208921;13.872357238070437;0.01858000000000004;0.08793255869470325
2023-04-25;49876;1.09739;1.10452;1.10672;1.09642;1.0490983;0.04829170000000005;78515.93;0.6352341492993034;-0.6554230828422103;1.1006450000000003;55.853338536538566;0.005948222642424783;0.0061976274291998075;-0.0002494047867750244;58.29926410466098;70.27800490596896;1.0941009999999998;1.1056112248457424;1.0825907751542572;1.10759;1.07882;1.093205;22.07824192326333;25.0197346481386;12.639172293555772;0.006080000000000085;0.08707627687787098
2023-04-26;59637;1.1039;1.09715;1.10954;1.09664;1.0490701;0.0548299000000001;78436.01666666666;0.7603267291534531;0.5932257447215594;1.1006450000000003;60.115090049301784;0.006091197720917929;0.006176341487543432;-8.514376662550286e-05;78.64445285876616;74.94744231296568;1.0950735000000003;1.1064435470975098;1.0837034529024907;1.10954;1.07882;1.09418;23.16146464209711;24.681496188035258;11.285994247035141;0.004750000000000032;0.08659796771280748
2023-04-27;52602;1.10289;1.10399;1.10635;1.09922;1.0490398333333333;0.05385016666666664;78304.56666666667;0.6717615873402865;-0.09149379472780383;1.10227;59.160867100369344;0.006053230073344906;0.006151719204703727;-9.848913135882074e-05;74.82014388489196;70.58795361610636;1.0956899999999998;1.107347739060367;1.0840322609396327;1.10954;1.07882;1.09418;24.167314309585613;23.202856796310275;10.609863612923204;-0.0018100000000000893;0.08603859579294151
2023-04-28;65235;1.10165;1.10264;1.10451;1.09625;1.0490233666666668;0.05262663333333317;78281.9;0.8333343978619793;-0.11243188350604782;1.10227;57.94477729467782;0.0058555832831002075;0.006092492020383023;-0.0002369087372828156;67.42361684558223;73.62940452974676;1.096565;1.107209734848724;1.085920265151276;1.10954;1.07882;1.09418;24.379527908298282;21.5892298427291;12.372572456120938;0.0022299999999999542;0.08505511609292349
2023-05-01;46742;1.09764;1.10222;1.10356;1.09643;1.0490377000000002;0.048602299999999765;78140.4;0.5981796868200575;-0.3639994553624182;1.09878;54.073760453159835;0.005314115475551162;0.005936816711416651;-0.0006227012358654893;36.15879828326165;59.46751967124527;1.0969335;1.1071840088166223;1.0866829911833777;1.10954;1.08313;1.0963349999999998;24.576583392817188;20.278277489348547;11.621278727864775;0.004889999999999839;0.08294071570939207
2023-05-02;54988;1.09992;1.09718;1.1008;1.0942;1.049086;0.050834000000000046;77922.87666666666;0.7056720998021798;0.20771837761015544;1.09878;55.87858645142874;0.00501120918216591;0.005751695205566504;-0.0007404860234005942;48.33512352309388;50.639179550645906;1.0971499999999998;1.107460590671715;1.0868394093282847;1.10954;1.08313;1.0963349999999998;24.212390537942902;19.120844349893513;12.88649257613084;0.0025600000000001177;0.08040869530335615
2023-05-03;57768;1.10623;1.09972;1.10912;1.09966;1.0491413;0.05708869999999999;77738.21666666666;0.7431094058627009;0.5736780856789636;1.1037250000000003;60.50453576724921;0.005220143463050331;0.00564538485706327;-0.0004252413940129393;82.22341568206278;55.57244582947276;1.0979249999999998;1.1085151737473793;1.0873348262526203;1.10954;1.08313;1.0963349999999998;24.995230452416983;24.69390811027463;11.843068228032777;0.01063000000000014;0.07868225861690008
2023-05-04;68971;1.10122;1.10591;1.10917;1.09863;1.0491202333333334;0.052099766666666714;77684.38;0.8878361390023467;-0.4528895437657554;1.1037250000000003;55.52663896746263;0.004924691478409349;0.005501246181332486;-0.0005765547029231372;55.3168635875411;61.95846759756591;1.0983835000000002;1.108707218855127;1.0880597811448733;1.10954;1.08313;1.0963349999999998;25.477617380890525;22.50724106833035;11.659699547425562;0.004160000000000164;0.07651341228527941
2023-05-05;50962;1.10185;1.10075;1.10478;1.09668;1.0491301333333334;0.052719866666666615;77547.58666666667;0.6571706766201548;0.057209276983694046;1.1011250000000001;56.01668114326636;0.004687346573309714;0.005338466259727932;-0.0006511196864182178;56.797752808988996;64.77934402619762;1.098983;1.108627422429556;1.089338577570444;1.10954;1.08313;1.0963349999999998;25.463467774596356;20.97040105554874;12.507378187747854;0.002909999999999968;0.07410482797007609
2023-05-08;41056;1.1004;1.10204;1.10537;1.10002;1.0491607;0.05123929999999999;77404.76666666666;0.5304066114790695;-0.1315968598266548;1.1011250000000001;54.527454265879655;0.0043323060171969185;0.005137234211221729;-0.0008049281940248109;48.65168539325895;53.58876726326301;1.0997005;1.1073100163446663;1.0920909836553336;1.10954;1.08532;1.0974300000000001;25.534375351323895;20.509876870939564;11.92804410469514;-0.004229999999999956;0.07123414929317556
2023-05-09;44390;1.09615;1.10038;1.1005;1.09412;1.0491677666666668;0.04698223333333318;77293.7;0.5743029509519438;-0.3862231915667147;1.0971950000000001;50.30593901502125;0.0036657379915565613;0.0048429349672886954;-0.0011771969757321341;17.29462631253815;40.91468817159536;1.0999425;1.1067330518921332;1.0931519481078669;1.10954;1.0909;1.10022;24.29051713532897;19.358328380759467;16.450520798324465;-0.0012400000000001299;0.06727729070466516
2023-05-10;49161;1.09824;1.096;1.1007;1.09415;1.0491771666666667;0.04906283333333339;77175.65333333334;0.6370014101164758;0.1906673356748767;1.0971950000000001;52.26319889036752;0.0032684469402251004;0.004528037361875977;-0.0012595904216508762;28.16274634456548;31.369686016787515;1.0998970000000001;1.1067202986157543;1.093073701384246;1.10954;1.09092;1.1002299999999998;23.170061761875235;18.40534176193757;15.489022557431392;-0.005659999999999998;0.06300777551415425
2023-05-11;53114;1.09157;1.09805;1.09981;1.09002;1.0491375666666667;0.04243243333333324;77049.19;0.6893518283578725;-0.6073353729603936;1.088265;46.03204465240909;0.002387851991857426;0.004100000287872267;-0.0017121482960148413;7.940573770491505;17.799315475865036;1.0992405;1.1065949176519785;1.0918860823480216;1.10954;1.09002;1.09978;21.713612186119366;16.8226733655852;17.784677322279688;-0.011319999999999997;0.05739692147614002
2023-05-12;45625;1.08496;1.09154;1.09356;1.0848;1.0490570666666668;0.035902933333333165;76974.33;0.5927300698816615;-0.6055498044101659;1.088265;40.835966644002575;0.0011434217389556522;0.003508684578088944;-0.002365262839133292;0.6467259498784885;12.250015354978482;1.0985175;1.1081495628631517;1.0888854371368484;1.10954;1.0848;1.09717;21.228267977198318;15.535389603691621;20.983579036210006;-0.016690000000000094;0.04983783485374737
2023-05-15;39824;1.08745;1.08562;1.08909;1.08456;1.0489983333333333;0.03845166666666677;76884.50333333333;0.5179717403822923;0.22950154844418869;1.0868600000000002;43.426624497241136;0.0003540428030472942;0.0028777562230806143;-0.00252371342003332;11.569255404323695;6.71885170823122;1.0982525;1.1087568245856028;1.0877481754143974;1.10954;1.08456;1.0970499999999999;20.814931830521676;14.900414907059503;20.342466219999167;-0.010189999999999921;0.04165032979716003
2023-05-16;44777;1.08627;1.08735;1.09047;1.0855;1.0489469666666666;0.03732303333333342;76833.02666666667;0.5827832371390919;-0.10851073612579976;1.0868600000000002;42.47738157454489;-0.000362582207172224;0.002229688537030047;-0.002592270744202271;6.948394961398208;6.3881254385334545;1.097698;1.1094311881430274;1.0859648118569727;1.10954;1.08456;1.0970499999999999;20.1288843296979;15.493128053731105;19.40533936737497;-0.01364999999999994;0.033103457266147975
2023-05-17;46651;1.08387;1.08605;1.08736;1.08102;1.0488850333333333;0.03498496666666662;76757.74666666667;0.6077692744497005;-0.2209395454168983;1.080435;40.536574961083616;-0.001111361549000156;0.0015614785198240064;-0.0026728400688241626;10.124333925398961;9.547328097040278;1.0971115;1.1102892908239455;1.0839337091760546;1.10954;1.08102;1.09528;20.212226301517326;14.570979122238082;22.45615643817407;-0.022360000000000158;0.024191019059617368
2023-05-18;43909;1.077;1.08391;1.08481;1.07626;1.0488064666666668;0.028193533333333187;76704.94666666667;0.5724402650432403;-0.6338398516427146;1.080435;35.5319276870285;-0.002233381129645773;0.0008025065899300507;-0.0030358877195758235;2.2485566697051445;6.4404285188340955;1.0961085000000002;1.111936452836663;1.0802805471633372;1.10954;1.07626;1.0929;20.93623322919247;13.411652548035388;25.098985476307796;-0.02422000000000013;0.014143515962346438
2023-05-19;51318;1.08059;1.0769;1.08288;1.07599;1.0487427666666667;0.03184723333333328;76663.72666666667;0.6693908870765388;0.33333333333334103;1.0809050000000002;39.72007113919606;-0.0028006228964807534;8.188069264788989e-05;-0.0028825035891286432;13.86377335744406;8.745554650849378;1.095191;1.112329207490855;1.078052792509145;1.10954;1.07599;1.092765;21.643237521762895;12.545409639590796;23.73097715010047;-0.021260000000000057;0.004380737082646855
2023-05-22;47118;1.08122;1.08044;1.08314;1.07955;1.0486857;0.032534300000000016;76602.66333333333;0.6150961069716573;0.05830148344887487;1.0809050000000002;40.451177939830814;-0.0031628707434712133;-0.0005670695945759308;-0.0025958011488952824;15.762507534659644;10.624945853936273;1.0940204999999998;1.1116118813840627;1.076429118615937;1.10954;1.07599;1.092765;22.23260871854995;12.359935535661267;22.900989636697116;-0.019179999999999975;-0.004669317564884379
2023-05-23;48830;1.07706;1.08108;1.08206;1.07603;1.0486137666666666;0.028446233333333293;76508.29666666666;0.6382314353793215;-0.3847505595531153;1.076;37.23938147275882;-0.003742490900019657;-0.0012021538556646761;-0.0025403370443549808;3.2248342374921783;10.950371709865285;1.093004;1.111993065695803;1.0740149343041971;1.10954;1.07599;1.092765;23.254627814402035;11.624510900672108;25.011705230362878;-0.01909000000000005;-0.013588390314230649
2023-05-24;53075;1.07494;1.07693;1.08012;1.07482;1.0485015;0.02643850000000003;76380.22;0.6948788573794766;-0.19683211705939785;1.076;35.68440947994914;-0.004323076596460584;-0.0018263384038238579;-0.0024967381926367265;0.39279869067069895;6.460046820940831;1.091556;1.111398249267648;1.071713750732352;1.10917;1.07482;1.091995;24.357336846176484;11.004721337727574;24.895392277385593;-0.0233000000000001;-0.022390889004821227
2023-05-25;51572;1.07252;1.07489;1.07568;1.07073;1.0483572333333333;0.024162766666666613;76270.83;0.6761693821870464;-0.22512884440062386;1.0725150000000003;33.942108739768514;-0.004921734032743874;-0.002445417529607861;-0.002476316503136013;5.167436489607269;2.928356472590039;1.0900375;1.1108046238981095;1.0692703761018905;1.10917;1.07073;1.08995;25.862393480370184;10.444608229226494;27.83375084687765;-0.01905000000000001;-0.031128657617314443
2023-05-26;48465;1.07251;1.07241;1.07588;1.07018;1.0482435333333335;0.024266466666666542;76168.74666666667;0.6362845933659445;-0.0009323835452823559;1.0725150000000003;33.934735499390996;-0.005335477220341778;-0.0030234294677546447;-0.002312047752587133;7.634338138925811;4.398191106401249;1.0885805;1.1099640137196716;1.0671969862803283;1.10917;1.07018;1.089675;27.320993989794385;9.824508072835036;26.754122923650858;-0.01244999999999985;-0.039392619170521
2023-05-29;22816;1.0709;1.07158;1.07435;1.07056;1.0481302666666665;0.02276973333333343;76021.99666666667;0.300123661577033;-0.1501151504414988;1.0721500000000002;32.70299926810405;-0.005727264877629867;-0.0035641965497296892;-0.002163068327900178;2.3591087811272984;5.053627803220116;1.0872435;1.1095192601665878;1.0649677398334123;1.10917;1.07018;1.089675;28.67540874854543;9.423873723223805;25.663114543641175;-0.016550000000000065;-0.047199076028285075
2023-05-30;50761;1.0734;1.0707;1.07466;1.06725;1.0480508666666666;0.02534913333333333;76014.88;0.6677771509998216;0.23344850126061356;1.0721500000000002;36.55402265144795;-0.005769522844136121;-0.004005261808610976;-0.001764261035525145;18.888206388206058;9.627217769419712;1.0859175;1.1081743226618108;1.0636606773381894;1.10917;1.06725;1.0882100000000001;30.311170878679143;8.678702854184753;27.165989595208057;-0.012870000000000159;-0.05382915827890376
2023-05-31;54635;1.06883;1.07341;1.07358;1.06352;1.0479784;0.02085159999999986;76006.69333333333;0.7188182724959067;-0.4257499534190412;1.0725350000000002;32.8530412684636;-0.006101439794029773;-0.004424497405694736;-0.0016769423883350367;17.67643142476669;12.974582198033339;1.0840475;1.1054310346703775;1.0626639653296226;1.10917;1.06352;1.0863450000000001;32.19953947229359;7.77934246238354;28.193107509099065;-0.015039999999999942;-0.06010216935426606
2023-06-01;52382;1.07624;1.06897;1.07685;1.06618;1.0479337333333332;0.028306266666666913;75946.08333333333;0.6897261544098909;0.6932814385823827;1.0725350000000002;42.94078829068496;-0.0057008454978606515;-0.00467976702412792;-0.0010210784737327318;47.19851576994453;27.92105119430575;1.0827985;1.1029039224277728;1.0626930775722272;1.10537;1.06352;1.084445;32.92738896573669;10.199598129027125;25.209176859588855;-0.0007599999999998719;-0.06442770337018269
2023-06-02;46905;1.07073;1.07618;1.0779;1.07054;1.0478761333333333;0.022853866666666667;75878.30333333333;0.6181608963228947;-0.5119675908719312;1.0709750000000002;38.32953043007197;-0.005761566827097386;-0.004896126984721813;-0.0008654398423755729;26.753246753246497;30.542731315985893;1.0812425;1.099979662938907;1.0625053370610933;1.10537;1.06352;1.084445;33.290964729518194;10.496024883344456;23.371651827424962;-0.00985999999999998;-0.06812504957684026
2023-06-05;42868;1.07122;1.07099;1.07223;1.06746;1.0478213666666667;0.023398633333333363;75826.39666666667;0.5653440211387382;0.0457631709207762;1.0709750000000002;38.957317219560494;-0.0057043933177860495;-0.005057780251334661;-0.0006466130664513885;32.29865771812086;35.416806747103955;1.0797835;1.0967909892620604;1.0627760107379396;1.1007;1.06352;1.0821100000000001;34.02002752602581;9.987896026096463;25.366138977433284;-0.010000000000000009;-0.0710250456299331
2023-06-06;42505;1.06924;1.07118;1.07328;1.0667;1.0477576666666668;0.02148233333333316;75766.14;0.561002579780287;-0.1848359814043854;1.0695700000000001;37.30477291527848;-0.005752540644476056;-0.00519673232996294;-0.0005558083145131166;26.867073743541283;28.639659404969535;1.0784379999999998;1.0942706821479826;1.062605317852017;1.1007;1.06352;1.0821100000000001;34.37475233956077;10.388413115492611;23.664240036831373;-0.007819999999999938;-0.07348518884925943
2023-06-07;44014;1.0699;1.06923;1.07397;1.06683;1.0477153333333333;0.02218466666666674;75673.73;0.5816285255133345;0.061726085817981335;1.0695700000000001;38.245142603676555;-0.005672057317586576;-0.005291797327487668;-0.0003802599900989082;32.517838939857604;30.561190133839904;1.0770209999999998;1.09039253379381;1.0636494662061895;1.09981;1.06352;1.081665;34.488055653543356;10.335736004596207;21.943768049119477;-0.005039999999999933;-0.07528600977576022
2023-06-08;45014;1.07832;1.06974;1.07871;1.0693;1.0476791666666665;0.03064083333333345;75615.63333333333;0.5953001782258526;0.7869894382652509;1.076615;48.796667111374894;-0.004872680838484245;-0.0052079740296869835;0.00033529319120273893;75.43323139653387;44.939381359977574;1.0763585;1.0879793902842676;1.0647376097157324;1.09356;1.06352;1.07854;33.2463583308607;14.080585540807746;19.891223310297722;0.005800000000000027;-0.07491063433010824
2023-06-09;40632;1.07491;1.07805;1.07852;1.0743;1.0476524333333332;0.027257566666666788;75498.63666666667;0.5381819035936846;-0.3162326582090591;1.076615;45.41253865225084;-0.0044628823908856585;-0.0050589557019267185;0.00059607331104106;61.434735706580426;56.46193534765729;1.075856;1.0867948087102284;1.0649171912897715;1.09047;1.06352;1.0769950000000001;32.09335367408395;13.472000826888655;19.031493832946467;0.0023999999999999577;-0.07355780987954258
2023-06-12;39650;1.07578;1.07462;1.07901;1.07331;1.0476353666666667;0.02814463333333328;75504.87333333334;0.5251316669978487;0.08093700867979337;1.0775400000000002;46.433246752176004;-0.004021554463099042;-0.0048514754541611835;0.0008299209910621417;73.85542168674684;70.24112959662038;1.0752725;1.0848334955025067;1.0657115044974934;1.09047;1.06352;1.0769950000000001;31.215162379206284;12.675109444187532;18.9331202962709;0.0048799999999999955;-0.07130755604247198
2023-06-13;49993;1.0793;1.07545;1.08236;1.07529;1.0476394;0.03166059999999993;75523.27;0.6619549180006822;0.327204447005891;1.0775400000000002;50.46873578058103;-0.00334915731781793;-0.0045510118268925325;0.0012018545090746024;83.75796178343913;73.01603972558878;1.074924;1.083289523055909;1.066558476944091;1.08736;1.06352;1.07544;29.493485934195707;15.216678161520338;17.546709424221;0.005900000000000016;-0.06777889432068487
2023-06-14;50573;1.0831;1.07934;1.08641;1.07741;1.0476534;0.035446599999999995;75480.85666666667;0.6700109436135612;0.35208005188547276;1.0886900000000002;54.457541928797845;-0.0024810494995168852;-0.004137019361417403;0.0016559698619005182;85.53953691568312;81.05097346195636;1.0748855;1.0830915501460168;1.066679449853983;1.08641;1.06352;1.0749650000000002;27.805902726093;17.933775629628617;15.945943733653046;0.014270000000000005;-0.06272612145718243
2023-06-15;52075;1.09456;1.08258;1.09527;1.08038;1.0476838333333331;0.04687616666666683;75406.19;0.6905931727885084;1.0580740467177607;1.0889700000000002;63.899506402827456;-0.0008584459438734093;-0.0034813046779086044;0.002622858734035195;97.7637795275591;89.02042607556045;1.0757635;1.08762851963753;1.0638984803624703;1.09527;1.06352;1.0793949999999999;27.73205746596842;23.7458610241721;13.716430465876197;0.018319999999999892;-0.05467785864974643
2023-06-16;47927;1.09421;1.09444;1.09708;1.09182;1.0477205000000003;0.04648949999999963;75318.3;0.6363260987036834;-0.031976319251580954;1.09318;63.466733409816264;0.0003946872799938106;-0.0027061062863281216;0.003100793566321932;91.44815256257405;91.58382300193875;1.0764445;1.090668398867715;1.062220601132285;1.09708;1.06352;1.0803;27.90713672601068;24.284478790698255;13.02369142891308;0.023479999999999945;-0.04491841483032285
2023-06-19;34876;1.09215;1.09399;1.09462;1.09072;1.0477620333333333;0.04438796666666667;75186.77;0.4638582027129954;-0.18826367881850103;1.09318;60.854342975689114;0.001207658469291717;-0.001923353335204154;0.003131011804495871;85.30989272943953;91.50727493985755;1.076991;1.0926720750906627;1.0613099249093374;1.09708;1.06352;1.0803;27.794604069937293;23.343128705749;13.612176235283238;0.020929999999999893;-0.03471199826571959
2023-06-20;49312;1.0918;1.09198;1.09462;1.08922;1.0478308;0.04396920000000004;75045.55333333333;0.6570942289007055;-0.032046880007308154;1.0952100000000002;60.39944875308196;0.0018029189911712429;-0.0011780988699290748;0.0029810178611003177;82.91262135922354;86.55688888374569;1.077728;1.0946862954331802;1.0607697045668198;1.09708;1.06352;1.0803;27.314383776935152;22.067596995957683;14.386223030101608;0.022560000000000136;-0.02463875034028232
2023-06-21;52768;1.09862;1.09128;1.09908;1.09058;1.0479470999999998;0.05067290000000013;74967.40666666666;0.7038792236020565;0.6246565305000784;1.0952100000000002;65.76901551582009;0.0027927906935991675;-0.00038392095722342633;0.0031767116508225938;98.57936998146965;88.9339613567109;1.078912;1.0980879459740336;1.0597360540259666;1.09908;1.06352;1.0813000000000001;27.53169739459398;24.645022096294102;13.166625522575936;0.028719999999999857;-0.013808220583336582
2023-06-22;51164;1.09559;1.09861;1.10123;1.09486;1.0480795333333333;0.047510466666666806;74853.83;0.6835187992383712;-0.27580054978062485;1.0925650000000002;61.762162199875476;0.0032947951249189256;0.0003518222592050441;0.0029429728657138815;83.66637706342347;88.38612280137221;1.0800655;1.1003103575939444;1.0598206424060554;1.10123;1.06352;1.0823749999999999;28.01981012701563;25.228206535698234;12.323469541230818;0.01727000000000012;-0.0034561153922029655
2023-06-23;54169;1.08954;1.09556;1.09587;1.08446;1.0482119;0.04132809999999987;74709.67666666667;0.7250600245759251;-0.552213875628671;1.0925650000000002;54.60833467952743;0.0031679348346431713;0.0009150447742926695;0.002252890060350502;66.14538082826529;82.79704262438614;1.080917;1.1012514575535988;1.060582542446401;1.10123;1.06352;1.0823749999999999;26.25918109793475;22.454458980188672;20.98994645682571;0.01462999999999992;0.0050432745792313785
2023-06-26;43968;1.09053;1.0905;1.09202;1.08876;1.0483327666666669;0.04219723333333314;74581.0;0.5895335273058032;0.09086403436313617;1.0933100000000002;55.51632483012219;0.0031114154068245803;0.0013543189007990519;0.0017570965060255284;68.89534883720948;72.90236890963274;1.0818984999999999;1.102098764626958;1.0616982353730418;1.10123;1.06352;1.0823749999999999;24.6243112852168;21.71968999549111;20.303100175624035;0.01475000000000004;0.012103252476643832
2023-06-27;50318;1.09609;1.09057;1.09768;1.09022;1.0484839333333333;0.04760606666666667;74514.37;0.6752791441435155;0.509843837400159;1.0933100000000002;60.317310408589925;0.003475208841931865;0.0017784968890256145;0.0016967119529062505;83.9022862511747;72.98100530554983;1.083033;1.1037389692842225;1.0623270307157773;1.10123;1.06352;1.0823749999999999;23.983410820266197;25.7606477082168;18.78802151915294;0.016790000000000083;0.018874136293971024
2023-06-28;50058;1.0913;1.09601;1.09626;1.0897;1.0486151666666665;0.042684833333333394;74449.73333333334;0.6723731269240267;-0.43700790993440597;1.0888600000000002;54.827313359571264;0.003338520406851453;0.0020905015925907823;0.0012480188142606707;64.43409742120339;72.41057750319585;1.0841565000000002;1.1040816542277396;1.0642313457722608;1.10123;1.06618;1.083705;23.285703845626266;24.060351867939847;18.071143581386888;0.008199999999999985;0.02425702432754571
2023-06-29;52523;1.08642;1.09128;1.09413;1.08602;1.0486967999999999;0.03772320000000007;74365.25333333333;0.7062841534952472;-0.44717309630715185;1.0888600000000002;49.84927768148553;0.0028040947621945644;0.002233220226511539;0.0005708745356830256;46.95558739255007;65.09732368830937;1.0846655;1.1042733030130665;1.0650576969869336;1.10123;1.0667;1.083965;21.932467978843146;22.116818233616815;20.276766362591783;-0.008140000000000036;0.027549564082828753
2023-06-30;51728;1.09098;1.08651;1.09318;1.08354;1.0488203333333332;0.04215966666666682;74213.66333333333;0.6970145075261258;0.41972717733473885;1.0911850000000003;54.04780519141094;0.002717190399432745;0.0023300142610957805;0.00038717613833696464;60.485736314572364;57.29180704277527;1.085678;1.1043729261565602;1.0669830738434396;1.10123;1.0667;1.083965;20.495881668289506;20.044198432050894;20.787440268021726;-0.003229999999999844;0.030069081196931725
2023-07-03;43504;1.09139;1.09105;1.09337;1.08703;1.0489434333333334;0.042446566666666685;73986.98666666666;0.5879952943075322;0.03758089057543934;1.0911850000000003;54.41731283951564;0.00265084435567986;0.0023941802800125965;0.00025666407566726345;58.69017632241869;55.3771666765137;1.0866864999999999;1.1042975934072607;1.069075406592739;1.10123;1.0667;1.083965;19.12665071409657;18.98313447383602;19.493585225309797;-0.0007599999999998719;0.031977106108441886
2023-07-04;28410;1.08793;1.09105;1.09164;1.08768;1.0490504666666667;0.03887953333333338;73777.64;0.3850760203226364;-0.31702691063689725;1.0866650000000002;50.71136423515231;0.0022926433885723796;0.002373872901724553;-8.122951315217347e-05;36.2110311750607;51.79564793735057;1.087621;1.1033082762453936;1.0719337237546063;1.10123;1.06683;1.0840299999999998;17.855221970917416;18.220299271721032;18.710237615051312;-0.00387000000000004;0.03270671092593178
2023-07-05;45097;1.0854;1.08791;1.0908;1.0851;1.0491584999999999;0.03624150000000004;73609.45666666667;0.6126522602144898;-0.23255172667360213;1.0866650000000002;48.13023704284201;0.0017840512532194541;0.0022559085720235336;-0.0004718573188040795;10.514414923685553;35.13854080705497;1.088396;1.1018818420574807;1.074910157942519;1.10123;1.0693;1.085265;17.174536253171368;17.151886550706788;20.267263511487833;-0.01322000000000001;0.03209599273991836
2023-07-06;58240;1.08922;1.08536;1.09006;1.08334;1.0492846333333334;0.03993536666666664;73487.56;0.7925150869071184;0.3519439837847971;1.0930150000000003;52.09495998975936;0.0016699799078205846;0.002138722839182944;-0.0004687429313623595;32.8675237562891;26.530989951678446;1.088941;1.1016102729072876;1.0762717270927122;1.10123;1.07331;1.08727;16.866789167481166;15.96341586868111;20.67768860330316;-0.006369999999999987;0.031240082273869207
2023-07-07;53812;1.09681;1.08835;1.09733;1.08671;1.0494808333333332;0.047329166666666866;73326.50333333333;0.733868349829391;0.6968289234497993;1.0930150000000003;58.828698846610735;0.0021670467465217946;0.002144387620650714;2.2659125871080446e-05;75.29346003353898;39.55846623783788;1.090036;1.1013816959239777;1.0786903040760223;1.10123;1.07331;1.08727;16.19853509660785;21.500722198081192;18.496442308475167;0.00727000000000011;0.03156278397577784
2023-07-10;47844;1.10011;1.09571;1.10013;1.09436;1.0496787333333333;0.05043126666666664;73227.25;0.6533633312734463;0.30087253033797;1.1004850000000002;61.371100958072745;0.002795038751241652;0.0022745178467689017;0.0005205209044727502;93.73951928451642;67.30016769144817;1.0912525;1.1013745410490867;1.0811304589509132;1.10123;1.07529;1.08826;16.038260370841055;23.07185172574092;17.42117570681072;0.009579999999999922;0.033192255771528956
2023-07-11;46977;1.10086;1.10008;1.10271;1.09769;1.0498702;0.050989799999999974;73172.35333333333;0.642004771747493;0.0681750006817472;1.1004850000000002;61.94624832361516;0.003315032045523747;0.002482620686519871;0.000832411359003876;90.44914816726836;86.49404249510792;1.0923304999999999;1.101695100311782;1.0829658996882177;1.10271;1.07741;1.09006;16.286848891087878;24.534836649390126;16.521295615248995;0.004769999999999941;0.03569524989160484
2023-07-12;58234;1.11315;1.10072;1.11403;1.10013;1.0500638666666666;0.06308613333333346;73104.82;0.7965822226221476;1.116399905528409;1.1178900000000003;69.86437304675135;0.004665054916593636;0.0029191075325346242;0.0017459473840590119;97.13261648745524;93.77376131308002;1.093833;1.1060114893972723;1.0816545106027278;1.11403;1.08038;1.097205;17.86303667579307;32.12985898972706;14.316185566233491;0.021850000000000147;0.04081540491781558
2023-07-13;56538;1.12263;1.11244;1.12279;1.11244;1.0503190333333334;0.07231096666666659;73056.90333333334;0.773889905270539;0.8516372456542243;1.1178900000000003;74.30561316807515;0.006425841440461877;0.003620454314120075;0.002805387126341802;99.59442332065922;95.72539599179429;1.0952365;1.1127346167843717;1.0777383832156282;1.12279;1.08334;1.103065;20.045279848796287;37.206329843624516;12.932092763239291;0.036210000000000075;0.049088825519038995
2023-07-14;56321;1.12253;1.12259;1.12448;1.12042;1.050533;0.07199700000000009;72918.05333333333;0.7723875971089046;-0.008907654347378724;1.12317;74.18142062633021;0.007724168871521497;0.00444119722560036;0.0032829716459211377;95.26008750607706;97.32904243806384;1.0966524999999998;1.1177934591787966;1.075511540821203;1.12448;1.08334;1.10391;22.192490146484943;37.379740387829386;12.424643984315107;0.03154999999999997;0.05899632821542496
2023-07-17;44953;1.12381;1.12277;1.12489;1.12033;1.0507583333333335;0.07305166666666651;72819.15666666666;0.6173238205128966;0.11402813287839653;1.12317;74.76286555573768;0.008755460518402813;0.00530404988416085;0.003451410634241963;97.40072202166073;97.41841094946567;1.0982355;1.122326329354748;1.0741446706452518;1.12489;1.08334;1.104115;24.21660517423825;36.09341390234386;11.861664549150607;0.03241999999999989;0.06967735620048075
2023-07-18;59813;1.12279;1.12304;1.12757;1.12089;1.0509369333333334;0.07185306666666658;72780.22666666667;0.8218303616164214;-0.09076267340565325;1.1215250000000003;73.34536318404929;0.009382307700222636;0.006119701447373208;0.0032626062528494284;89.1928555279222;93.95122168521999;1.099785;1.1259205279265532;1.0736494720734469;1.12757;1.08334;1.105455;26.29553641678162;36.36202911834978;11.07032095158263;0.03485999999999989;0.08008686470019932
2023-07-19;58959;1.12026;1.12281;1.12401;1.11744;1.0510925;0.06916750000000005;72725.97333333333;0.8107007345196787;-0.22533154018115065;1.1215250000000003;69.80979473934113;0.009564683039822608;0.006808697765863089;0.002755985273959519;83.47275604793143;90.02211119917145;1.1008669999999998;1.128470561436881;1.0732634385631186;1.12757;1.08334;1.105455;27.43139512716658;33.96215591244247;13.805409583924652;0.03486000000000011;0.08924568395583389
2023-07-20;55572;1.11296;1.11979;1.12292;1.11185;1.0512428333333335;0.06171716666666649;72656.21;0.7648623565692781;-0.651634442004545;1.1127500000000001;60.71542426135909;0.009016234282644753;0.007250205069219422;0.001766029213425331;66.96812118471622;79.87791092018995;1.1017355;1.129710814457566;1.073760185542434;1.12757;1.08334;1.105455;27.34473635780102;30.32988759809611;17.72957488966448;0.023739999999999872;0.095681157286621
2023-07-21;51160;1.11254;1.1129;1.11449;1.11078;1.0513749;0.061165100000000194;72604.35;0.7046409753684587;-0.03773720529038904;1.1127500000000001;60.229269003689915;0.00845028458078012;0.0074902209715315615;0.0009600636092485593;66.01853945286032;72.15313889516933;1.1028855;1.1306511193700004;1.0751198806299995;1.12757;1.08334;1.105455;27.06015342598851;29.202648899367457;18.142540315919746;0.015730000000000022;0.09975012102894527
2023-07-24;56031;1.10648;1.1123;1.11469;1.10603;1.0514861;0.05499389999999993;72572.75333333333;0.7720666148993514;-0.5446995164218982;1.1060150000000002;53.564828588011345;0.007427158351903218;0.0074776084476058935;-5.0450095702675446e-05;52.31743160750609;61.76803074836088;1.103683;1.1308939905001594;1.0764720094998406;1.12757;1.08334;1.105455;25.93532125458987;26.707444699787874;21.278979059727902;0.006369999999999987;0.10077803455706341
2023-07-25;48107;1.10555;1.10637;1.1087;1.10208;1.0515780000000001;0.05397199999999991;72569.04333333333;0.6629135205630615;-0.08405032174100269;1.1060150000000002;52.602860932406706;0.0064667357127328184;0.007275433900631279;-0.0008086981878984607;50.214786344110486;56.18358580149229;1.1041560000000001;1.1311506197602372;1.077161380239763;1.12757;1.08334;1.105455;24.251349225019908;24.952276277197697;23.80181961608048;0.004690000000000083;0.09936440474283463
2023-07-26;59833;1.10858;1.10491;1.11068;1.10377;1.0516958;0.05688419999999983;72485.70333333334;0.8254455326844693;0.2740717290036443;1.1031300000000002;55.41242516256455;0.00588228224087306;0.006996803568679636;-0.0011145213278065755;53.5242290748896;52.018815675502054;1.1050200000000001;1.131412849789286;1.0786271502107143;1.12757;1.08334;1.105455;22.977869346846212;25.20693379686528;22.164444971821524;-0.004570000000000185;0.09672641871966434
2023-07-27;72036;1.09768;1.1085;1.11498;1.09659;1.0518038333333335;0.045876166666666496;72479.40666666666;0.9938823082711503;-0.9832398203106552;1.1031300000000002;45.063789459915924;0.004487826874135514;0.006495008229770812;-0.0020071813556352975;9.996988858777456;37.912001425925844;1.105583;1.1308198334780697;1.0803461665219303;1.12757;1.08334;1.105455;21.940424304785697;21.055550232699076;24.944203219082894;-0.024950000000000028;0.09125001512143463
2023-07-28;74603;1.10162;1.09763;1.10474;1.09435;1.0518938333333332;0.04972616666666685;72513.51333333334;1.0288151348708114;0.35893885285329663;1.1006550000000002;48.78694381783322;0.003658463531259981;0.005927699290068646;-0.002269235758808665;21.884406983745045;28.468541639137367;1.1061150000000002;1.130533378734057;1.0816966212659433;1.12757;1.08334;1.105455;21.270407741738293;19.137834877644035;24.635900238593464;-0.020909999999999984;0.08463903611709715
2023-07-31;57798;1.09969;1.10194;1.10458;1.09936;1.0519865333333334;0.047703466666666694;72505.97333333333;0.7971481154287247;-0.17519652874856684;1.1006550000000002;47.102928555152566;0.0028130254303599944;0.005304764518126916;-0.002491739087766922;16.07465382299855;15.985349888507017;1.10653;1.1302040220494924;1.0828559779505076;1.12757;1.08334;1.105455;20.648249504622843;18.239042807613288;23.47889622460323;-0.02411999999999992;0.07704704476071661
2023-08-01;52987;1.09841;1.09965;1.1003;1.09524;1.0520826333333333;0.046327366666666814;72484.48666666666;0.7310115920895353;-0.11639643899643559;1.0961250000000002;45.969613631554125;0.002016479619907141;0.0046471075384829615;-0.0026306279185758204;12.221553281156446;16.726871362633347;1.1070540000000002;1.129489594398185;1.0846184056018153;1.12757;1.08334;1.105455;20.615974239538726;17.386636414248024;26.186925424503976;-0.024379999999999846;0.06874974299300116
2023-08-02;66419;1.09384;1.09841;1.10191;1.09181;1.0521604666666666;0.041679533333333296;72461.41666666667;0.9166119440574582;-0.41605593539754127;1.0961250000000002;42.077023950518466;0.00100486703770164;0.0039186594383266975;-0.0029137924006250576;5.676733780760558;11.324313628305184;1.107476;1.1285422378226364;1.0864097621773634;1.12757;1.08334;1.105455;20.99991405440477;15.79940274963052;26.896568966660944;-0.02642000000000011;0.059392986343995806
2023-08-03;65285;1.09492;1.09376;1.09629;1.09123;1.0522381;0.04268189999999983;72445.43333333333;0.9011610117590709;0.09873473268484645;1.097955;43.29896704934465;0.00028699544722488035;0.0031923266401063344;-0.002905331192881454;10.154100165107229;9.350795742341411;1.107761;1.1279683203567394;1.0875536796432606;1.12757;1.08671;1.10714;21.425418682115744;15.057752292545857;26.172065570678022;-0.018040000000000056;0.049808267164377334
2023-08-04;62219;1.10099;1.09485;1.10419;1.0935;1.0523687333333334;0.04862126666666655;72377.19333333333;0.8596492504681919;0.5543784020750397;1.097955;49.71921477552146;0.00020550636127047994;0.0025949625843391636;-0.0023894562230686836;26.857457347275677;14.229430431047822;1.1079700000000001;1.1278029392677915;1.0881370607322087;1.12757;1.09123;1.1094;20.363499421309175;20.735771576604;23.646611962033816;-0.011550000000000171;0.04146527617196889
2023-08-07;46390;1.10032;1.101;1.10167;1.09654;1.0525301333333335;0.047789866666666514;72236.34333333334;0.6421975124893538;-0.06085432201926588;1.0979800000000002;49.05890239912463;8.587238952539877e-05;0.0020931445453764106;-0.002007272155851012;27.730323367907364;21.580626960096755;1.1079805;1.1277969986564202;1.0881640013435798;1.12757;1.09123;1.1094;19.377431536274504;19.750828662240863;22.52340500469164;-0.006159999999999943;0.03411205529827805
2023-08-08;53771;1.09564;1.10024;1.10112;1.09291;1.0527129333333334;0.04292706666666657;72064.99;0.7461459440984108;-0.42533081285444085;1.0979800000000002;44.60291314618605;-0.00038216986628092364;0.001598081663044944;-0.0019802515293258676;13.916061849163855;22.834614188115633;1.1077195;1.1280354646337527;1.0874035353662472;1.12757;1.09123;1.1094;18.98820409002023;18.25626866512307;24.164776776721162;-0.009910000000000085;0.026840332578182868
2023-08-09;48720;1.09737;1.09547;1.09954;1.09497;1.0528983333333333;0.04447166666666669;71878.28666666667;0.6778124835658746;0.15789857982548838;1.097725;46.53609159422827;-0.0006065087291917681;0.0011571635845976016;-0.0017636723137893697;25.85263157894734;22.499672265339523;1.1069305;1.127564760321123;1.0862962396788771;1.12757;1.09123;1.1094;18.62677860421269;17.464075032634057;23.11619545683687;-0.011209999999999942;0.020190561189804255
2023-08-10;58911;1.09808;1.09735;1.1065;1.09674;1.0530762;0.04500379999999993;71657.99666666667;0.8221134100919619;0.06470014671442481;1.097725;47.34816531291383;-0.0007187228385467925;0.0007819862999687229;-0.0015007091385155153;28.842105263157798;22.870266230423;1.1057029999999999;1.1253528621878075;1.0860531378121923;1.12757;1.09123;1.1094;17.515666201883715;22.3504637520631;21.01851356457925;0.00039999999999995595;0.014329434394207632
2023-08-11;51851;1.09466;1.09799;1.1005;1.09431;1.0532082333333332;0.04145176666666672;71414.91333333333;0.7260528309818866;-0.3114527174704951;1.09266;43.889948163853006;-0.0010712698149526467;0.000411335076984449;-0.0014826048919370958;14.442105263157984;23.04561403508771;1.1043095;1.1229135237314347;1.0857054762685654;1.12757;1.09123;1.1094;16.436275854270253;21.046038644348606;22.08294627569559;-0.006960000000000077;0.008613547135741917
2023-08-14;57335;1.09066;1.09484;1.09602;1.08748;1.0533453333333334;0.03731466666666661;71233.38666666667;0.8048894301247872;-0.3654102643743218;1.09266;40.192417358354035;-0.0016543619495730244;-1.804328327045671e-06;-0.0016525576212459787;11.563636363636187;18.28261562998399;1.1026520000000002;1.1198661901929698;1.0854378098070305;1.12757;1.08748;1.1075249999999999;16.399646275734536;19.366693384961255;26.70250448917948;-0.009030000000000094;0.0025141728767723135
2023-08-15;62905;1.09049;1.09048;1.09524;1.08967;1.0534766666666666;0.03701333333333334;71205.05;0.8834345316798621;-0.015586892340413439;1.0892150000000003;40.038036618153896;-0.0021059086425143647;-0.0004226251911645095;-0.0016832834513498553;10.945454545454357;12.31706539074951;1.101037;1.1163461633997316;1.0857278366002685;1.12401;1.08748;1.105745;16.365633095665654;18.338857193670396;25.28533946433338;-0.00792000000000015;-0.0036154897223217137
2023-08-16;61212;1.08794;1.09029;1.09346;1.08716;1.0535915666666666;0.03434843333333326;71155.67;0.8602547063360011;-0.23383983346936255;1.0892150000000003;37.69891001868432;-0.0026391043860720664;-0.000865921030146021;-0.0017731833559260454;4.033092037228529;8.847394315439692;1.099421;1.1129976783861013;1.0858443216138987;1.12292;1.08716;1.1050399999999998;16.668844255014697;17.225317501397786;26.169178956701998;-0.005900000000000016;-0.0099480453720542
2023-08-17;60788;1.08727;1.08777;1.09184;1.08564;1.0536928666666667;0.03357713333333323;71047.93;0.8555914296164779;-0.061584278544768445;1.0870750000000002;37.08584235663964;-0.003080222368790464;-0.0013087812978749096;-0.0017714410709155544;7.813998082454518;7.597514888379134;1.0981365;1.111197697915949;1.0850753020840511;1.11498;1.08564;1.10031;17.14933271033738;16.183837880769868;26.06923201476321;-0.007649999999999935;-0.016245104302600205
2023-08-18;54949;1.08688;1.08712;1.08938;1.0845;1.0538087666666667;0.033071233333333394;70875.89;0.7752847971290695;-0.035869655191433925;1.0870750000000002;36.71159618171049;-0.003421836487800034;-0.0017313923358599345;-0.0016904441519400995;10.81818181818203;7.555090645955025;1.0968535000000001;1.1090132751212574;1.084693724878743;1.11498;1.0845;1.0997400000000002;17.74627013791001;15.394847432270375;25.937184176211147;-0.014109999999999845;-0.022286921553738452
2023-08-21;51179;1.08955;1.08653;1.09137;1.08634;1.0539221333333333;0.03562786666666673;70780.83;0.7230630101397902;0.2456572942735047;1.0870700000000002;41.09426016691919;-0.003437496136735829;-0.0020726130960351135;-0.0013648830407007157;22.95454545454543;13.86224178506066;1.096007;1.1077171752335104;1.0842968247664895;1.11498;1.0845;1.0997400000000002;17.859073263335905;16.635560920121602;24.605633720368527;-0.010769999999999946;-0.027382782696740382
2023-08-22;50465;1.08459;1.08951;1.09304;1.0833;1.0540101333333334;0.030579866666666566;70680.0;0.7139926428974656;-0.45523381212427827;1.0870700000000002;36.09388326588606;-0.0038062608629763073;-0.0024193426494233524;-0.0013869182135529548;5.560344827586238;13.1110240334379;1.0949589999999998;1.106816098970637;1.0831019010293625;1.11498;1.0833;1.09914;18.395704070863015;15.026848667374338;25.244442139479066;-0.011050000000000004;-0.0324541670344052
2023-08-23;55173;1.08636;1.08451;1.08714;1.08026;1.0541244333333333;0.032235566666666715;70578.38333333333;0.7817266051478773;0.16319530882638045;1.0837050000000001;38.948791245113604;-0.003910606322418575;-0.002717595384022397;-0.001193010938396178;23.246951219512137;17.2539471672146;1.093848;1.1044939261691713;1.0832020738308286;1.11498;1.08026;1.09762;19.292119104039905;13.997184117822451;26.54235223129911;-0.011009999999999964;-0.03691590468910126
2023-08-24;51888;1.08105;1.08626;1.08766;1.08051;1.0542475;0.026802500000000062;70452.86333333333;0.7364924226641459;-0.4887882469899463;1.0837050000000001;34.03633778274141;-0.004371382892381259;-0.0030483528856941697;-0.0013230300066870895;3.010670731707573;10.60598892626865;1.0930164999999998;1.1048651746515978;1.0811678253484018;1.1065;1.08026;1.09338;19.997570760902068;13.518226286249543;24.651840066168322;-0.01702999999999988;-0.04165024322544058
2023-08-25;56797;1.07941;1.08095;1.08418;1.07658;1.0543510333333332;0.025058966666666738;70337.08666666667;0.8074971923298111;-0.15170436150040434;1.080665;32.66597940476399;-0.004813400058108375;-0.003401362320177011;-0.0014120377379313637;9.458556149732264;11.905392700317327;1.091906;1.1044631324751866;1.0793488675248135;1.1065;1.07658;1.0915400000000002;21.155885400559566;12.499136795168408;26.69169516368955;-0.015249999999999986;-0.0465768570433575
2023-08-28;44835;1.08192;1.07948;1.08221;1.07934;1.0544825666666666;0.027437433333333372;70178.25;0.638873155144131;0.2325344401107987;1.080665;36.85619745018251;-0.004904628321192428;-0.0037020155203800944;-0.0012026128008123336;17.8475935828874;10.105606821442413;1.0910175;1.1037591543274157;1.0782758456725843;1.1065;1.07658;1.0915400000000002;22.231463280241524;12.12733542268112;25.89771962293795;-0.00873999999999997;-0.050886954191787015
2023-08-29;53548;1.08791;1.08187;1.0892;1.07824;1.0546347;0.0332752999999999;70162.92666666667;0.7631950738655862;0.5536453711919576;1.090115;45.56257391710732;-0.004442375498010964;-0.0038500875159062685;-0.0005922879821046957;37.86764705882306;21.72459893048091;1.0904924999999999;1.1028314122291767;1.078153587770823;1.1065;1.07658;1.0915400000000002;21.573751070512724;17.75713762799516;23.074894162092534;-0.0025800000000000267;-0.05343669219652879
2023-08-30;55379;1.09232;1.08791;1.09454;1.08551;1.0548544;0.03746559999999999;70046.65333333334;0.7906016542497499;0.40536441433574044;1.090115;50.92725058580856;-0.003677791371609729;-0.0038156282870469606;0.00013783691543723178;65.80267558528388;40.50597207566478;1.0904165000000001;1.1026905560125548;1.0781424439874454;1.1065;1.07658;1.0915400000000002;20.094371863453677;21.406123729361514;21.040050026622772;0.0043800000000000505;-0.05380859909119019
2023-08-31;52289;1.08438;1.09226;1.09395;1.08351;1.0550752333333335;0.02930476666666637;69890.23;0.7481589343745545;-0.7268932181045851;1.0808650000000002;42.757246160616894;-0.003670236385151515;-0.0037865499066678716;0.00011631352151635641;40.12345679012267;47.931259811409866;1.0898895;1.1022496415444691;1.0775293584555308;1.1065;1.07658;1.0915400000000002;18.937611228347205;19.288330736069966;20.853761113348238;-0.002890000000000059;-0.054012302562632994
2023-09-01;54514;1.07735;1.08428;1.0882;1.07722;1.0552792666666666;0.022070733333333425;69796.63666666667;0.7810404999934168;-0.6482967225511227;1.0808650000000002;37.08460598671685;-0.004183288901343563;-0.00386589770560301;-0.00031739119574055244;4.126473740621337;36.68420203867596;1.0887075;1.1011166979998415;1.0762983020001584;1.1065;1.07658;1.0915400000000002;18.809826755739856;17.344760225031823;24.52481884028563;-0.009530000000000038;-0.05524236559796299
2023-09-04;28647;1.07965;1.0775;1.08089;1.07654;1.0554829666666665;0.024167033333333476;69594.22666666667;0.4116289722882552;0.21348679630575074;1.075925;39.89423410195525;-0.004354104531962832;-0.003963539070874975;-0.00039056546108785783;17.277777777777462;20.50923610284049;1.087674;1.0994703272249984;1.0758776727750017;1.1065;1.07654;1.09152;18.784657458485665;16.62982777679061;24.15827394828732;-0.00990000000000002;-0.056592682258984325
2023-09-05;49660;1.0722;1.07911;1.07984;1.07064;1.0557100666666666;0.016489933333333484;69475.56666666667;0.7147836625536871;-0.6900384383828007;1.075925;34.51722348599225;-0.005032617011428764;-0.004177354658985733;-0.0008552623524430312;6.527196652719681;9.31048272370616;1.0865019999999999;1.0994964797510016;1.073507520248998;1.1065;1.07064;1.08857;19.510443596016213;15.202586356713665;27.588852085262616;-0.012389999999999901;-0.059185722705021676
2023-09-06;51297;1.0726;1.07221;1.07489;1.07024;1.0559400666666667;0.016659933333333266;69323.86666666667;0.7399616101428166;0.037306472673015456;1.07109;35.02360145207581;-0.005474954515153563;-0.004436874630219299;-0.0010380798849342638;9.711934156378266;11.172302862291806;1.0852635;1.098595844542471;1.0719311554575288;1.1065;1.07024;1.08837;20.231606432913768;14.52408864226499;26.741467745340998;-0.013759999999999994;-0.06231764454377675
2023-09-07;45189;1.06958;1.07263;1.07318;1.06862;1.0561528;0.013427199999999972;69126.43;0.6537152287481571;-0.2815588290136173;1.07109;32.951753503176235;-0.006000034274309174;-0.0047495065590372745;-0.0012505277152718994;3.7037037037039577;6.647611504267302;1.0838385;1.0974756115343063;1.0702013884656936;1.1005;1.06862;1.08456;21.09733094960538;13.870334551378875;27.13688879296212;-0.011470000000000091;-0.06609777216925547
2023-09-08;46031;1.07005;1.06966;1.07437;1.06941;1.0563793666666665;0.013670633333333404;68923.07333333333;0.6678605258557341;0.04394248209578233;1.0725300000000002;33.60998017193144;-0.006305552213541565;-0.005060715689938133;-0.0012448365236034323;5.516975308642103;6.310871056241442;1.082608;1.0965549661216722;1.0686610338783278;1.09602;1.06862;1.08232;21.61831416398666;14.37727949508805;25.77772548931635;-0.009360000000000035;-0.06994190180173039
2023-09-11;50718;1.07501;1.07135;1.07594;1.07081;1.0566002333333333;0.018409766666666716;68808.68666666666;0.7370871681607347;0.46352974160086546;1.0725300000000002;40.273775010547574;-0.006077390459794385;-0.005264050643909383;-0.0008133398158850016;24.652777777778077;11.291152263374713;1.0818254999999999;1.0956330203783677;1.068017979621632;1.09524;1.06862;1.0819299999999998;21.72806173189753;15.116369378399813;24.226011061060998;-0.006909999999999972;-0.07264501467169973
2023-09-12;43844;1.07548;1.07499;1.07685;1.07056;1.0568038666666668;0.018676133333333178;68702.41333333333;0.6381726328487096;0.04372052353001088;1.07421;40.879337514667434;-0.00579188036258782;-0.005369616587645071;-0.00042226377494274884;26.46604938271622;18.878600823045467;1.0810749999999998;1.094544706010118;1.0676052939898815;1.09454;1.06862;1.08158;21.611585148609155;15.07435141276412;22.657460679130583;-0.012429999999999941;-0.07424346678124655
2023-09-13;52675;1.07294;1.07539;1.07649;1.07112;1.0569727;0.015967300000000018;68601.24666666667;0.7678431888554452;-0.23617361550191118;1.07421;38.601520344694144;-0.0057048068634930615;-0.0054366546428146695;-0.000268152220678392;16.666666666666952;22.59516460905375;1.080325;1.093852489789277;1.066797510210723;1.09454;1.06862;1.08158;21.50342832126995;14.227414853102404;21.384475110941896;-0.019379999999999953;-0.07534416194027801
2023-09-14;55918;1.06443;1.07291;1.0752;1.06319;1.0571268333333335;0.007303166666666527;68534.52666666667;0.8159099175217451;-0.793147799504168;1.0652700000000002;32.13991704610818;-0.006250435240401808;-0.005599410762332098;-0.0006510244780697106;3.955342902711031;15.696019650698068;1.079183;1.0939701540195856;1.0643958459804144;1.09454;1.06319;1.078865;22.547748209048056;12.531621531991691;26.705660820193344;-0.019949999999999912;-0.07744388216231371
2023-09-15;48063;1.06611;1.06423;1.06877;1.06329;1.0572712333333332;0.00883876666666672;68394.06666666667;0.7027363972117412;0.1578309517769938;1.0652700000000002;34.47191291487256;-0.006472674735240158;-0.00577406355691371;-0.0006986111783264482;9.314194577351875;9.97873471557662;1.0781445;1.093528839407297;1.062760160592703;1.09454;1.06319;1.078865;23.517473819127726;11.838264086234547;25.22807320503314;-0.011240000000000139;-0.07967606185295789
2023-09-18;38563;1.06923;1.06566;1.06986;1.06548;1.0574305666666668;0.01179943333333311;68244.77;0.5650689422793036;0.2926527281424951;1.06858;38.68599572863469;-0.0063241424336435426;-0.005884079332259677;-0.0004400631013838658;19.26634768739976;10.84529505582089;1.0771285;1.0920424347926319;1.062214565207368;1.09454;1.06319;1.078865;24.116675475650702;12.431397781474887;24.081223021017085;-0.010420000000000096;-0.08118998867188884
2023-09-19;40400;1.06793;1.06912;1.07179;1.06752;1.0575842333333332;0.010345766666666867;68116.43666666666;0.5931020760480289;-0.12158282128259534;1.06858;37.60095050138537;-0.006239404676738669;-0.005955144401155476;-0.00028426027558319314;15.409622886866002;14.663388383872546;1.0762955;1.091310078881835;1.061280921118165;1.09454;1.06319;1.078865;24.147476456491244;13.92404975491712;22.984260983252735;-0.004269999999999996;-0.0822348747015312
2023-09-20;49535;1.06605;1.06776;1.07368;1.06502;1.0577651666666665;0.008284833333333408;68042.0;0.7280062314451768;-0.17604150084744585;1.066085;36.02724211245752;-0.0062518818794286;-0.006014491896810101;-0.0002373899826184989;11.435425829667594;15.370465467977786;1.0752799999999998;1.0901812697445152;1.0603787302554843;1.09454;1.06319;1.078865;24.565197073785534;12.664076611795574;23.516707161788926;-0.006550000000000056;-0.08310047841015775
2023-09-21;54344;1.06612;1.066;1.06736;1.06167;1.0579192666666668;0.008200733333333154;67963.34666666666;0.7996074746955566;0.006566296139953742;1.066085;36.13442295115944;-0.006184826902853269;-0.006048558898018735;-0.00013626800483453397;23.152965660770352;16.666004792434652;1.0745335;1.0896973165050488;1.0593696834949513;1.09454;1.06167;1.0781049999999999;25.424907456577632;11.902006444955903;25.644431777071546;-0.0034600000000000186;-0.08363693852754883
2023-09-22;48527;1.06459;1.06585;1.06718;1.06149;1.058069;0.006520999999999999;67813.09333333334;0.7155992687350178;-0.14351104941282555;1.0619;34.76346781060846;-0.006183859876728981;-0.006075619093760785;-0.00010824078296819625;16.893732970026722;17.160708153488226;1.0737925000000001;1.089373372729047;1.0582116272709532;1.09454;1.06149;1.0780150000000002;26.247801520577642;11.177643275979769;24.276225570845885;-0.00546000000000002;-0.08404450033390304
2023-09-25;44348;1.05921;1.0643;1.06557;1.05755;1.0581908666666668;0.0010191333333331443;67666.04;0.6553952322316106;-0.5053588705510981;1.0619;30.39631326900691;-0.006541804686725827;-0.006168856212353794;-0.0003729484743720335;8.601036269429983;16.21591163340902;1.072657;1.0889948322919143;1.0563191677080856;1.09454;1.05755;1.0760450000000001;27.523030656612516;10.232366373847196;26.377834521034522;-0.015800000000000036;-0.0851564841640636
2023-09-26;45644;1.05719;1.05931;1.0609;1.05622;1.0582946666666666;-0.0011046666666665317;67550.46333333333;0.675702249069102;-0.19070816929597223;1.0537500000000002;28.926941271754004;-0.006908834897558558;-0.006316851949394747;-0.0005919829481638109;4.701890450800438;10.065553230085717;1.071121;1.0872083365103942;1.0550336634896058;1.09454;1.05622;1.07538;28.86536518927033;9.716006184526247;26.480828789217124;-0.018289999999999917;-0.08689599618181511
2023-09-27;55844;1.05031;1.05717;1.05741;1.04881;1.0584070333333333;-0.008097033333333226;67408.22666666667;0.8284448762632491;-0.6507817894607415;1.0537500000000002;24.57037449439673;-0.007666492927155932;-0.0065867801449469845;-0.0010797127822089478;5.349500713266952;6.2174758111657935;1.0690205;1.0844443133740842;1.0535966866259157;1.09395;1.04881;1.07138;30.84829764974745;8.833815854560537;31.89980945566363;-0.022629999999999928;-0.0900593023589818
2023-09-28;55929;1.05661;1.05009;1.05788;1.04912;1.0585395;-0.0019294999999999174;67308.16;0.830939369015461;0.5998229094267282;1.0569650000000002;34.32437689003224;-0.007670168102172248;-0.006803457736392038;-0.0008667103657802096;27.8174037089872;12.622931624351532;1.0676320000000001;1.0822540225686645;1.0530099774313357;1.0882;1.04881;1.068505;32.544720896974425;8.519639350657542;29.01034266512403;-0.007819999999999938;-0.09273553311063645
2023-09-29;54700;1.05732;1.05645;1.0617;1.0555;1.0586487666666666;-0.001328766666666592;67227.83333333333;0.8136510919335276;0.06719603259479623;1.0569650000000002;35.33918645857885;-0.007529000013057452;-0.006948566191725122;-0.0005804338213323303;30.349500713266753;21.172135045173636;1.0666305;1.0811965941572714;1.0520644058427286;1.08089;1.04881;1.0648499999999999;32.995773514387885;11.948479844732574;27.13681238242984;-0.008789999999999853;-0.09466553328733691
2023-10-02;50921;1.04775;1.05654;1.05919;1.04775;1.0587485666666667;-0.010998566666666765;67146.25666666667;0.7583594756857245;-0.905118601747823;1.0471850000000003;28.864939328069752;-0.008096016467306066;-0.007178056246841311;-0.0009179602204647556;0.0;19.38896814075132;1.0650355;1.080507674346175;1.049563325653825;1.07984;1.04775;1.0637949999999998;34.209242196588676;10.589529629642943;31.755322302035466;-0.021479999999999944;-0.09756364774033834
2023-10-03;57593;1.04662;1.04772;1.04936;1.04483;1.0588393999999999;-0.01221939999999977;67123.09333333334;0.8580206474392432;-0.10785015509423568;1.0471850000000003;28.207806401149966;-0.008538140282260853;-0.00745007305392522;-0.0010880672283356332;5.893974316760553;12.081158343342437;1.0637565;1.0807977714020518;1.0467152285979482;1.07685;1.04483;1.06084;35.581660544537364;10.0996879797814;33.268109265889045;-0.02130999999999994;-0.10100890394615435
2023-10-04;56660;1.05039;1.04666;1.05322;1.04514;1.0589362999999998;-0.008546299999999896;67132.15666666666;0.8440068487792993;0.3602071429936293;1.05274;33.63608545402441;-0.00848649209987773;-0.007657356863115722;-0.0008291352367620075;19.272097053726174;8.388690456828911;1.062646;1.0801263677306385;1.0451656322693614;1.07685;1.04483;1.06084;35.8790501415246;13.173892164020875;30.55332478336179;-0.015660000000000007;-0.10380033708605343
2023-10-05;54474;1.05509;1.05035;1.05518;1.05001;1.0590206666666666;-0.003930666666666527;67070.82333333333;0.8121862427312564;0.4474528508458864;1.05274;39.75209408470665;-0.00797438606410883;-0.007720762703314344;-0.00025362336079448513;35.563258232236194;20.243109867574308;1.0619215;1.0793933691329327;1.0444496308670672;1.07685;1.04483;1.06084;35.69119445375174;14.490819489040579;28.926761660293344;-0.011029999999999873;-0.10498294134166286
2023-10-06;60395;1.05845;1.05418;1.05999;1.04826;1.0591089333333332;-0.0006589333333333336;67020.74666666667;0.9011388712270039;0.3184562454387585;1.0575500000000002;43.74357731653481;-0.007214253004015125;-0.007619460763454501;0.0004052077594393754;47.209705372616796;34.015020219526384;1.0613415;1.0784621416643274;1.0442208583356725;1.07685;1.04483;1.06084;34.47540095070682;17.542858980584068;25.597132175839103;-0.006140000000000034;-0.10422229406991702
2023-10-09;52212;1.05665;1.05508;1.05744;1.05194;1.0592114666666665;-0.0025614666666664565;66980.99666666667;0.779504674435155;-0.17005999338653988;1.0575500000000002;42.133174769921204;-0.006680083193354669;-0.007431585249434535;0.0007515020560798658;40.97053726169895;41.24783362218398;1.0604235000000002;1.0764479167132;1.0443990832868004;1.07685;1.04483;1.06084;33.34644984073653;16.413663145994025;23.949500221298603;-0.0025599999999998957;-0.10231475302852086
2023-10-10;59629;1.0605;1.05658;1.06198;1.05544;1.0593600666666667;0.0011399333333332873;66978.34;0.8902728852341085;0.36435905929115275;1.061205;46.65666084672084;-0.00587832527111809;-0.0071209332537712465;0.0012426079826531565;69.55170883266739;52.57731715566104;1.0596745;1.074138229083409;1.0452107709165912;1.07649;1.04483;1.06066;31.391512132270968;19.864564337935303;22.39027192933652;0.003309999999999924;-0.09881921014947173
2023-10-11;55933;1.06191;1.06047;1.06347;1.05818;1.0595096;0.0024003999999999692;66937.82;0.8355963788481854;0.13295615275812356;1.061205;48.25209698056725;-0.0050706992605780155;-0.006710886455132601;0.0016401871945545855;76.4205816554806;62.31427591661565;1.059123;1.0723058541673731;1.045940145832627;1.0752;1.04483;1.060015;29.30047276402268;20.310108514520365;21.188620411755526;0.011599999999999833;-0.09395679165253734
2023-10-12;52795;1.05282;1.06194;1.06399;1.05258;1.0596265333333332;-0.006806533333333142;66846.55666666667;0.7897938597384563;-0.8560047461649178;1.0518550000000002;39.95541686299815;-0.00510528629778384;-0.0063897664236628494;0.0012844801258790096;38.52459016393525;61.49896021736108;1.0585425000000002;1.0717618961661723;1.045323103833828;1.07368;1.04483;1.0592549999999998;28.257157940353675;18.05885668682785;24.280182762373776;-0.00378999999999996;-0.08985937279472993
2023-10-13;55717;1.05089;1.05277;1.05586;1.04955;1.0597672999999999;-0.008877299999999755;66783.34333333334;0.8342948588526539;-0.18331718622366378;1.0518550000000002;38.44396461135435;-0.005228164616987385;-0.006157446062327757;0.0009292814453403719;31.62839248434319;48.85785476791968;1.0577815;1.0709228352060656;1.0446401647939343;1.07368;1.04483;1.0592549999999998;27.712796944227676;16.94053353240603;25.7502475029685;-0.006429999999999936;-0.08662990164985276
2023-10-16;46696;1.05594;1.05054;1.05627;1.05031;1.0599401;-0.00400009999999984;66715.15333333334;0.6999309402270679;0.4805450618047491;1.05678;44.37348257950001;-0.004862007577993044;-0.0058983583654608155;0.0010363507874677717;57.98538622129508;42.71278962319118;1.057117;1.0691749037978482;1.045059096202152;1.07368;1.04483;1.0592549999999998;27.120733333731703;16.34431587901951;24.224332086482274;0.008190000000000142;-0.0830311990542581
2023-10-17;50090;1.05762;1.05599;1.05949;1.05329;1.0601514333333333;-0.0025314333333332772;66643.35;0.7516128766034793;0.1590999488607192;1.05678;46.22914212987042;-0.004385707817208484;-0.005595828255810349;0.0012101204386018652;66.75365344467659;52.12247738343829;1.0566015;1.067601340498759;1.045601659501241;1.07368;1.04483;1.0592549999999998;25.90278302733092;18.559994697490875;22.716279877918133;0.010999999999999899;-0.07886982107839965
2023-10-18;53684;1.05364;1.05766;1.05942;1.05232;1.060341;-0.006701000000000068;66542.04666666666;0.8067680915934948;-0.3763166354645464;1.0559250000000002;42.60322880578854;-0.004280051790186867;-0.0053326729626856535;0.0010526211724987862;45.981210855949655;56.90675017397378;1.055981;1.0661473993625137;1.0458146006374864;1.06736;1.04483;1.056095;24.931017040497913;17.236661914577596;22.070705196438375;0.003249999999999975;-0.07508379240973129
2023-10-19;62577;1.05821;1.05357;1.06167;1.05282;1.0605457333333335;-0.0023357333333333674;66511.55;0.9408441090305457;0.4337344823659217;1.0559250000000002;47.677864356754505;-0.0037839389281022484;-0.005022926155768973;0.0012389872276667244;69.83298538622194;60.85594989561606;1.0555854999999998;1.0647049198827612;1.0464660801172385;1.06718;1.04483;1.0560049999999999;23.5610519863505;17.951805481030764;20.142820274637828;0.0031200000000000117;-0.07072871786915567
2023-10-20;50587;1.05948;1.05819;1.06038;1.0565;1.0607526;-0.0012726000000000681;66435.81333333334;0.7614417203892496;0.12001398588181722;1.06316;49.026619265102504;-0.0032508141623310838;-0.004668503757081395;0.0014176895947503113;76.46137787056368;64.09185803757843;1.05533;1.0636798455074388;1.0469801544925614;1.06557;1.04483;1.0552;22.288941578927904;17.24076462162148;19.344996999751114;0.0010300000000000864;-0.06580708868516649
2023-10-23;47296;1.06684;1.05944;1.06778;1.05715;1.0609870666666665;0.0058529333333334765;66331.33333333333;0.7130265234126588;0.6946804092573755;1.06316;56.090801052775646;-0.002208954996415491;-0.004176594004948214;0.0019676390085327233;95.84805653710274;80.71413993129612;1.0557115;1.065335578709056;1.046087421290944;1.06778;1.04483;1.056305;21.6601512855682;22.720821746177656;17.32085084309248;0.010189999999999921;-0.05923661847334362
2023-10-24;50793;1.05909;1.06656;1.06942;1.0583;1.0611848;-0.0020947999999998412;66228.20666666667;0.7669390816459624;-0.7264444527764202;1.0578500000000002;48.47304134486517;-0.0019857439120496423;-0.0037384239863685;0.0017526800743188579;51.18147448015162;74.49696962927267;1.0558065;1.0655241360807612;1.046088863919239;1.06942;1.04483;1.057125;21.333407378926502;21.880130678236913;15.494414360279213;-0.0014099999999999113;-0.053147008219033086
2023-10-25;46459;1.05661;1.05894;1.06067;1.05657;1.0613684333333333;-0.004758433333333256;66088.58;0.7029807570384017;-0.2341632911272873;1.0578500000000002;46.30580761276528;-0.0019860686304289388;-0.003387952915180588;0.0014018842847516493;39.46124763705129;62.16359288476855;1.0561215000000002;1.0655088516498596;1.0467341483501407;1.06942;1.04483;1.057125;20.652514681525606;21.00083358386185;16.567436041352828;-0.00529999999999986;-0.04799278395274068
2023-10-26;53164;1.05629;1.05662;1.05692;1.05222;1.0615386;-0.005248600000000048;65984.60666666667;0.8057030675133009;-0.03028553581738702;1.05644;46.019894494769964;-0.0019892168441970615;-0.003108205700983883;0.0011189888567868216;33.92048314041243;41.521068419205115;1.0561055;1.065490557218692;1.046720442781308;1.06942;1.04483;1.057125;19.204159208577142;20.008192451516894;20.159035680900406;0.003469999999999862;-0.04365238931435343
2023-10-27;46060;1.05659;1.0562;1.0597;1.05354;1.0617455666666666;-0.005155566666666722;65855.81333333334;0.6994067443500762;0.02840129131205238;1.05644;46.354312302390774;-0.0019450826316882441;-0.0028755810871247556;0.0009304984554365115;35.43029693004487;36.27067590250286;1.0560690000000001;1.0654405482177771;1.0466974517822232;1.06942;1.04483;1.057125;18.30555646607428;21.57936369587465;18.898240220448088;0.005699999999999816;-0.03990382865580411
2023-10-30;42799;1.06154;1.05642;1.06252;1.05471;1.0619652333333334;-0.00042523333333344127;65724.13;0.6511915791048658;0.4684882499361054;1.0595500000000002;51.674209728868924;-0.001493466566256263;-0.0025991581829510574;0.0011056916166947944;60.342224458982955;43.23100150981342;1.0567585000000002;1.0655941941435376;1.0479228058564627;1.06942;1.04483;1.057125;17.94324479242962;22.722383630987668;17.411402270385633;0.005599999999999827;-0.035724663439510335
2023-10-31;53520;1.05756;1.06143;1.0675;1.05575;1.0621799666666667;-0.004619966666666642;65688.06;0.8147599426743894;-0.37492699285941455;1.0595500000000002;47.587932434158944;-0.001440109631045905;-0.002367348472570027;0.000927238841524122;40.312028183190996;45.36151652407293;1.0573055;1.0648183755478955;1.0497926244521045;1.06942;1.04514;1.05728;18.34212510213977;24.945206194516846;15.442872953375073;-5.999999999994898e-05;-0.032098264442805585
2023-11-01;55675;1.057;1.05723;1.05808;1.05168;1.0624011000000002;-0.00540110000000027;65565.72666666667;0.8491479135591803;-0.052952078369084;1.0596200000000002;47.024466703016245;-0.001426566623333514;-0.0021791921027227244;0.0007526254793892104;37.49370910920954;46.0493205837945;1.057636;1.0644521731197334;1.0508198268802666;1.06942;1.04826;1.05884;17.878263256758437;23.39376589652148;18.437565017711478;0.0033600000000000296;-0.02903857809416439
2023-11-02;51960;1.06224;1.05696;1.06677;1.05618;1.0626064666666668;-0.00036646666666673156;65459.09;0.7937782208703492;0.49574266792811184;1.0596200000000002;52.67151170081389;-0.000981693137253048;-0.0019396923096287892;0.0009579991723757412;62.428048142333964;46.7445951449115;1.0579935;1.0649857765247228;1.0510012234752772;1.06942;1.04826;1.05884;18.57198223403143;29.246777055585394;16.598040962971876;0.004029999999999978;-0.025468726306852527
2023-11-03;52099;1.07266;1.06203;1.07468;1.06126;1.0628492;0.009810799999999897;65325.363333333335;0.797530964108816;0.9809459255911923;1.07219;61.46765781210126;0.0002092669232061084;-0.0015099004630618096;0.001719167386267918;91.2173913043473;63.71304951863027;1.058704;1.0681830429895753;1.0492249570104248;1.07468;1.04955;1.062115;19.986675071230625;32.80545936871788;14.60891974977141;0.01317999999999997;-0.019740971279107716
2023-11-06;40730;1.07172;1.07234;1.07564;1.07164;1.0630747333333332;0.008645266666666762;65187.43666666667;0.6248136463512896;-0.0876326142486894;1.07219;60.37749907541795;0.0010649847264352363;-0.0009949234251624005;0.002059908151597637;83.63939899833086;79.09494614833737;1.0594575;1.0704402444201457;1.0484747555798541;1.07564;1.04955;1.062595;21.38438680176116;32.47928067653872;14.067764752786566;0.0048799999999999955;-0.012946530694086408
2023-11-07;45790;1.06996;1.07172;1.07224;1.06643;1.0632673333333331;0.006692666666666902;65064.2;0.7037664337683852;-0.16422199828313166;1.0704200000000001;58.29287361720014;0.0015828834642763745;-0.00047936204727464546;0.00206224551155102;76.29382303839769;83.71687111369194;1.0599305;1.071828772941829;1.0480322270581712;1.07564;1.04955;1.062595;21.68127009061698;30.70039376446277;18.208654601983895;0.010869999999999935;-0.006027907812743386
2023-11-08;44475;1.07088;1.06992;1.07162;1.06594;1.0635145333333333;0.007365466666666709;64929.986666666664;0.6849685681950931;0.08598452278589797;1.0704200000000001;59.08804904327601;0.0020439963390603832;2.5309629992360252e-05;0.002018686709068023;80.13355592654474;80.0222593210911;1.060379;1.0731836443136182;1.0475743556863817;1.07564;1.04955;1.062595;21.866661679104805;29.026625336622576;17.686255057412165;0.014270000000000005;0.0008574682261960027
2023-11-09;51102;1.06683;1.07071;1.07254;1.06602;1.0637441333333333;0.003085866666666659;64786.26666666667;0.788778280170367;-0.37819363514119964;1.067645;54.18999396819945;0.002058896781252262;0.0004320270602443406;0.0016268697210079213;63.23038397328885;73.21925431274376;1.0610795;1.0736847171341195;1.0484742828658804;1.07564;1.04955;1.062595;22.14672742367035;28.08480557758618;16.569531691706736;0.010539999999999994;0.006675985288879832
2023-11-10;43503;1.06846;1.06661;1.06928;1.06563;1.0639735333333333;0.004486466666666633;64683.92333333333;0.6725473310549027;0.15278910416842706;1.067645;55.77880325445654;0.0021771361957187985;0.0007810488873392322;0.0013960873083795663;70.0333889816362;71.13244296048993;1.0619580000000002;1.0740382990028532;1.0498777009971472;1.07564;1.05031;1.062975;22.32568870140372;27.05492696934546;16.353741561641762;0.011870000000000047;0.01181607061308481
2023-11-13;37302;1.06988;1.06828;1.07061;1.06651;1.0642017333333333;0.005678266666666598;64536.19666666666;0.5780012136857289;0.13290155925349545;1.0754700000000001;57.17234859332925;0.002358239597984868;0.0010964870294683593;0.0012617525685165087;75.95993322203677;69.7412353923206;1.062655;1.0748737863553772;1.0504362136446226;1.07564;1.05168;1.06366;22.664554536815043;27.28362004969553;15.659105629078015;0.008340000000000014;0.016518353217815543
2023-11-14;49009;1.08787;1.06981;1.08874;1.06916;1.0644863333333334;0.02338366666666647;64491.84;0.7599255967885612;1.6814969903166554;1.08228;70.04954953071652;0.003908354917732115;0.0016588606071211106;0.0022494943106110047;97.6524554776035;81.21525922709215;1.0641675000000002;1.0803612369065456;1.0479737630934547;1.08874;1.05168;1.0702099999999999;24.647256715850016;38.992923558153045;12.851652030682983;0.030309999999999837;0.024005345450744554
2023-11-15;50208;1.0847;1.08774;1.08857;1.08315;1.0647787666666666;0.0199212333333334;64400.693333333336;0.7796189357794523;-0.2913951115482427;1.0849950000000004;66.26846071699632;0.004825415582289327;0.002292171602154754;0.0025332439801345735;89.09875876956278;87.57038248973434;1.0657204999999998;1.0834614396312163;1.0479795603687834;1.08874;1.05168;1.0702099999999999;26.488337310668207;37.014631766662696;12.19962814020775;0.027700000000000058;0.0324016859710308
2023-11-16;46553;1.08529;1.0847;1.08956;1.083;1.0651174333333333;0.02017256666666678;64234.176666666666;0.7247387981879546;0.05439291970130711;1.0849950000000004;66.62949771400449;0.005535985441047275;0.0029409343699332586;0.0025950510711140167;88.72756071805708;91.82625832174112;1.0670745;1.08638043740274;1.04776856259726;1.08956;1.05168;1.07062;28.268296007903;35.654793572081786;11.442916334762717;0.023050000000000015;0.041087229499130136
2023-11-17;47917;1.09136;1.08515;1.09142;1.08248;1.0654772666666665;0.025882733333333574;64019.56;0.7484743725197818;0.5592975149499191;1.0927050000000003;70.16727024151896;0.006513828088894114;0.00365551311372543;0.0028583149751686835;99.84901862103686;92.55844603621891;1.0686685;1.0903243927545962;1.0470126072454038;1.09142;1.05168;1.07155;30.055296744530857;34.41578666408654;10.488141795230195;0.01870000000000016;0.05062462754261311
2023-11-20;46491;1.09405;1.09089;1.09519;1.08976;1.0658946;0.02815539999999994;63832.02333333333;0.7283334848593924;0.24648145433219248;1.0927050000000003;71.60399217207558;0.007420299358986249;0.004408470362777594;0.003011828996208655;97.37991266375515;95.31883066761635;1.0700290000000001;1.0943137539826664;1.0457442460173338;1.09519;1.05168;1.073435;31.974311980865412;36.22781886763969;9.945352490900323;0.02232999999999996;0.06071105148535148
2023-11-21;49300;1.09109;1.09387;1.09653;1.09002;1.0663287;0.024761299999999986;63515.41;0.7761895892664825;-0.2705543622320783;1.0899750000000001;67.73820849591941;0.007809810475337908;0.005088738385289657;0.0027210720900482516;86.51796778190806;94.58229968890002;1.071629;1.0970118697352895;1.0462461302647104;1.09653;1.05168;1.0741049999999999;33.84526034253975;35.24797124225583;9.322438479779072;0.02112999999999987;0.07006001867042598
2023-11-22;49721;1.08886;1.09099;1.0923;1.08525;1.0667603;0.022099699999999833;63318.65;0.7852504751758312;-0.20438277319010378;1.0899750000000001;64.8956228928594;0.007848090575324429;0.0056406088232966115;0.0022074817520278175;78.253473206691;87.38378455078474;1.0732415;1.0987004247808845;1.0477825752191154;1.09653;1.05168;1.0741049999999999;34.45484593746084;32.84849627040676;13.293688251042083;0.017979999999999885;0.07795880080006161
2023-11-23;29940;1.09045;1.08884;1.09305;1.08818;1.0671496333333335;0.02330036666666646;62971.79;0.4754509916264925;0.1460242822768798;1.0920900000000002;65.99145700746607;0.00791548278385723;0.006095583615408736;0.0018198991684484946;80.32362459546893;81.69835519468933;1.0749495;1.100212983904616;1.049686016095384;1.09653;1.05168;1.0741049999999999;35.089298339894576;32.00748879711418;12.652925050558409;0.023619999999999974;0.08467994620095014
2023-11-24;36529;1.09373;1.08997;1.09488;1.08951;1.0675243;0.0262057;62687.77;0.5827133426503156;0.3007932504929256;1.0920900000000002;68.19698817104606;0.008139730436880432;0.006504412979703076;0.0016353174571773566;90.9385113268611;83.17186970967367;1.0768065;1.101857987201339;1.051755012798661;1.09653;1.05168;1.0741049999999999;35.84780442559366;32.11959549343703;11.967909580956563;0.025270000000000126;0.09075316924683301
2023-11-27;43249;1.09539;1.09433;1.09592;1.09251;1.0679086;0.0274814000000001;62424.35;0.6928225924658098;0.1517742038711578;1.0974400000000002;69.28273035176923;0.008355084234127785;0.006874547230588017;0.001480537003539768;96.31067961165074;89.19093851132692;1.0784989999999999;1.1037690390976924;1.0532289609023073;1.09653;1.05168;1.0741049999999999;36.64897254562826;32.06172125329978;11.540637970316766;0.025510000000000144;0.09625088729995943
2023-11-28;51353;1.09949;1.09528;1.10088;1.09345;1.0682986666666667;0.03119133333333335;62234.79;0.825149405983241;0.3742959128712142;1.0974400000000002;71.83986525549028;0.008755659611069166;0.007250769706684247;0.001504889904384919;96.05673758865248;94.43530950905478;1.0805955;1.1055239917112725;1.0556670082887276;1.10088;1.05168;1.0762800000000001;37.822748332941465;34.74353894396823;10.648573410803012;0.011620000000000186;0.10168170491366335
2023-11-29;55204;1.09691;1.09925;1.10172;1.096;1.0686263;0.028283700000000023;62074.24;0.8893222051529123;-0.23465424878807983;1.0928900000000001;68.00347592548243;0.008763909155840466;0.007553397596515491;0.0012105115593249744;86.672208367969;93.01320852275741;1.082591;1.1059872534607371;1.059194746539263;1.10172;1.05618;1.0789499999999999;38.98075398612779;33.53551815250495;10.007255519757747;0.012210000000000054;0.10615465874379833
2023-11-30;58569;1.08887;1.09691;1.0984;1.08794;1.0689606;0.019909399999999966;61982.85333333333;0.9449226173086345;-0.732968064836681;1.0928900000000001;57.668351118523105;0.0080291313444123;0.0076485443460948535;0.00038058699831744567;63.50468616870196;82.0778773751078;1.0839225;1.1054943713837972;1.0623506286162026;1.10172;1.06126;1.08149;38.147357048713374;29.979773152978815;17.116323546876032;0.0035799999999999166;0.10811140204066474
2023-12-01;60051;1.0884;1.08873;1.09128;1.08286;1.0693249;0.01907510000000001;61861.62;0.9707311253728934;-0.043164014069629886;1.0860100000000001;57.12182218422076;0.007324457773129067;0.007583727031501696;-0.0002592692583726292;59.090909090909;69.75593454252665;1.0847095;1.105721615052967;1.063697384947033;1.10172;1.06563;1.083675;36.41550400220703;27.456119064712052;20.754202483822926;-0.0029600000000000737;0.10800184268940877
2023-12-04;59531;1.08362;1.0877;1.0895;1.08041;1.0696900666666667;0.013929933333333366;61766.44666666666;0.963808074005936;-0.43917677324513127;1.0860100000000001;51.750234500327046;0.006307582949210522;0.007328498215043462;-0.0010209152658329406;15.063350539652482;45.88631526642114;1.0853045;1.105468449489104;1.0651405505108957;1.10172;1.06563;1.083675;34.38530230336452;25.00859355011696;21.306755785667384;-0.01042999999999994;0.10543186259847925
2023-12-05;59171;1.07977;1.08354;1.08476;1.07781;1.0700549000000001;0.009715099999999754;61708.03333333333;0.958886498300174;-0.3552906000258482;1.078095;47.84743040436093;0.005131882355551287;0.0068891750431450275;-0.0017572926875937403;8.197406942701605;27.45055552442102;1.0857949999999998;1.1048910179094793;1.0666989820905204;1.10172;1.06563;1.083675;32.068387179797156;23.298493487266963;22.407908552080173;-0.011319999999999997;0.10042191857256554
2023-12-06;49937;1.07642;1.07955;1.08045;1.07587;1.0704080333333332;0.0060119666666667015;61563.49;0.8111463466413599;-0.3102512572121796;1.078095;44.68925460134452;0.0038850299547579237;0.0062883460254676065;-0.002403316070709683;2.1276595744674274;8.462805685607167;1.0860720000000001;1.1044414764214763;1.067702523578524;1.10172;1.06563;1.083675;29.952014034421435;22.22017965214393;23.331253419434333;-0.012440000000000007;0.09319391218512771
2023-12-07;59378;1.07932;1.0762;1.0818;1.07553;1.0707716333333333;0.008548366666666807;61460.36666666667;0.9661185446879914;0.2694115679753306;1.0777450000000002;47.895458481617396;0.0030952164788682346;0.0056497201161477325;-0.002554503637279498;14.471172203130848;8.265412906766622;1.0866965;1.1031568964411307;1.0702361035588692;1.10172;1.06563;1.083675;27.86698164681793;22.176164054453675;21.84094707532186;-0.011129999999999862;0.08514285235009764
2023-12-08;62440;1.07617;1.07933;1.08008;1.07234;1.0710997666666666;0.0050702333333334515;61344.39666666667;1.0178598762536772;-0.29185042434125563;1.0777450000000002;44.85401213524649;0.0021898615734974314;0.004957748407617672;-0.0027678868341202405;13.036078965282522;9.878303580960262;1.087082;1.1021152186839414;1.0720487813160589;1.10172;1.06651;1.0841150000000002;26.35219309017401;20.44042106305856;23.357325518678234;-0.01756000000000002;0.07615208218707757
2023-12-11;44290;1.07646;1.07575;1.07789;1.07416;1.0714466;0.005013399999999946;61159.59;0.7241709762932153;0.02694741537117018;1.0779550000000002;45.1990336432131;0.0014787161453750919;0.0042619419551691564;-0.0027832258097940646;14.023144996596008;13.843465388336455;1.087411;1.1011568472274067;1.0736651527725931;1.10172;1.06916;1.0854400000000002;24.94560371614751;19.64252051307179;22.44556235978445;-0.018930000000000113;0.06682630182483781
2023-12-12;48712;1.07945;1.07636;1.0827;1.07552;1.0717634333333332;0.007686566666666783;61048.65666666667;0.7979209152130187;0.2777622949296843;1.0779550000000002;48.758707412756564;0.0011432179763861683;0.003638197159412559;-0.0024949791830263905;24.200136147038663;17.08645336963906;1.08699;1.1011629573483868;1.072817042651613;1.10172;1.07234;1.08703;23.557378326133605;23.187203151037572;20.765227218301447;-0.020040000000000058;0.05809110185681912
2023-12-13;55179;1.08753;1.07936;1.08965;1.0773;1.0721018333333334;0.015428166666666687;60944.4;0.9053990194339586;0.7485293436472418;1.0931200000000005;56.9052164095454;0.001511893565054212;0.00321293644054089;-0.0017010428754866778;51.70183798502402;29.97503970955289;1.0871315000000001;1.1012666381669654;1.072996361833035;1.10172;1.07234;1.08703;23.28597241019526;27.216834748571227;18.236335729129152;-0.009379999999999944;0.05147800490870485
2023-12-14;74870;1.09919;1.08723;1.10092;1.0868;1.0725084333333332;0.026681566666666656;60922.68;1.2289347743728234;1.0721543313747528;1.0936000000000001;65.44322430413769;0.002713654854579861;0.003113080123348684;-0.00039942526876882286;91.38869979577895;55.76355797594721;1.0878265;1.1028688831555782;1.0727841168444219;1.10172;1.07234;1.08703;24.22858873896237;34.07558156822017;15.858375310269777;0.010319999999999885;0.04857939231075508
2023-12-15;63066;1.08939;1.09889;1.10036;1.08886;1.0728771666666668;0.01651283333333331;60826.51;1.036817663876978;-0.8915656074018008;1.0909000000000002;55.49204043963873;0.0028425144990278373;0.003058966998484515;-0.00021645249945667763;58.032675289312564;67.04107102337183;1.0877279999999998;1.1027021865889006;1.072753813411099;1.10172;1.07234;1.08703;25.1038753299604;30.57831728723294;14.23078960300717;0.0009900000000000464;0.04641982183671168
2023-12-18;46386;1.09241;1.08963;1.09311;1.08922;1.0732315;0.01917850000000021;60610.136666666665;0.7653175285694899;0.27721936129394553;1.0909000000000002;57.630162110362996;0.003151991263207421;0.003077571851429096;7.441941177832503e-05;68.31177671885656;72.57771726798268;1.087646;1.1024982744385907;1.072793725561409;1.10172;1.07234;1.08703;25.916641450172854;29.47628488185409;13.717916669244062;0.008790000000000076;0.04530278945489702
2023-12-19;53418;1.09808;1.092;1.09875;1.09108;1.0736007333333333;0.024479266666666666;60413.19666666666;0.8842107841888932;0.5190358931170369;1.0961900000000002;61.381222465085905;0.003810846377442889;0.0032242267566318546;0.0005866196208110346;90.0629811056684;72.13581103794583;1.0879955000000001;1.1034713812026724;1.0725196187973278;1.10172;1.07234;1.08703;27.19428951372317;32.60813586531734;12.742759297583186;0.01831000000000005;0.045867315157267566
2023-12-20;50002;1.0943;1.09805;1.09834;1.09298;1.0739258;0.02037420000000001;60297.066666666666;0.8292609037917551;-0.3442372140463279;1.0961900000000002;57.71293124216101;0.003982076493981301;0.0033757967041017443;0.0006062797898795571;76.83694891532579;78.40390224661691;1.0882675000000002;1.103983951094291;1.0725510489057093;1.10172;1.07234;1.08703;28.380677001305603;30.95224101575863;12.095660991283582;0.017880000000000118;0.04675810425198938
2023-12-21;55984;1.10109;1.09371;1.10126;1.09348;1.074235;0.02685499999999985;60176.98333333333;0.9303224737917355;0.6204879831855914;1.10123;62.09507456539859;0.004612503776237897;0.003623138118528975;0.0009893656577089223;99.41217150760718;88.7707005095338;1.0887995;1.1054669946827427;1.0721320053172572;1.10172;1.07234;1.08703;29.742143875011518;31.436135944674028;11.206128392849596;0.021769999999999845;0.048962959692218345
2023-12-22;53041;1.10137;1.10109;1.10402;1.09811;1.0745846000000001;0.026785399999999848;60031.403333333335;0.8835542242028408;0.025429347283156822;1.10123;62.26871606184617;0.005076200321866509;0.003913750559196482;0.0011624497626700264;91.63510101010087;89.29474047767793;1.0891815;1.1066160407452927;1.0717469592547073;1.10402;1.07234;1.08818;31.238429322403906;32.302362278183075;10.570200251114153;0.02519999999999989;0.051904692370688246
2023-12-26;27362;1.10423;1.10017;1.1045;1.10017;1.0749434333333332;0.029286566666666847;59831.013333333336;0.4573213535187007;0.259676584617341;1.1074150000000003;64.07881063514287;0.0056097950476794445;0.004252959456893075;0.0013568355907863693;99.16044776119405;96.73590675963403;1.0896235;1.1080832976965969;1.0711637023034033;1.1045;1.07234;1.0884200000000002;32.66814772599984;31.39308389391351;10.117200557442862;0.027770000000000072;0.05562497048659224
2023-12-27;38494;1.1106;1.1041;1.11226;1.10286;1.0753512666666665;0.03524873333333356;59721.486666666664;0.6445586362383515;0.5768725718373835;1.1074150000000003;67.78567580798044;0.0064720724533997576;0.004696782056194412;0.0017752903972053456;95.84168336673348;95.54574404600946;1.090179;1.110379568209813;1.069978431790187;1.11226;1.07234;1.0923;34.57425381359669;36.05218063056859;9.195837833306184;0.03115000000000001;0.060743038478334434
2023-12-28;46595;1.10624;1.11045;1.11394;1.10552;1.0757474333333332;0.030492566666666665;59603.77333333333;0.7817458089341132;-0.39258058707006827;1.10498;62.99400429225246;0.006726083840179031;0.0051026424129913366;0.0016234414271876947;81.49038461538446;92.16417191443732;1.0906455000000002;1.1118521578932024;1.069438842106798;1.11394;1.07234;1.09314;36.45248355034678;34.75204753921271;8.453226291229052;0.018709999999999782;0.0656662405893922
2023-12-29;46453;1.10372;1.10605;1.10844;1.10342;1.0761550333333334;0.027564966666666635;59464.09333333333;0.7811941189381995;-0.22779866936648574;1.10498;60.33911287482368;0.006647419441328628;0.005411597818658795;0.001235821622669833;74.30869783810982;83.88025527340925;1.091388;1.1133214252682828;1.0694545747317172;1.11394;1.07234;1.09314;37.64726862055938;33.03898433006956;10.098628500534758;0.004530000000000145;0.06966041958905822
2024-01-02;51185;1.09414;1.10435;1.10446;1.09383;1.0765522;0.01758779999999982;59332.15;0.8626857445750975;-0.8679737614612493;1.0931700000000002;51.46004525702574;0.005745817197883918;0.00547844169450382;0.00026737550338009827;48.464341488807676;68.08780798076731;1.091675;1.1135947340312184;1.0697552659687815;1.11394;1.07234;1.09314;36.674092296456436;29.700350459300946;18.194634074827025;0.00474999999999981;0.07099671942671566
2024-01-03;59091;1.0922;1.09421;1.09654;1.08931;1.0768735;0.01532650000000002;59188.16;0.99835845547471;-0.17730820553126803;1.0931700000000002;49.85996660811186;0.004819196440793316;0.00534659264376172;-0.0005273962029684037;40.66593886462918;54.47965939718222;1.0921040000000002;1.1137099504766483;1.070498049523352;1.11394;1.07234;1.09314;34.98994912154836;27.653518366367287;21.24917825669554;-0.00021000000000004349;0.07000929570347648
2024-01-04;53045;1.09459;1.09203;1.09723;1.0907;1.0771818;0.017408199999999985;59056.306666666664;0.8982105890805965;0.21882439113714014;1.09437;51.84642975859235;0.004228947170243247;0.005123063549058025;-0.0008941163788147785;28.703021370670523;39.277767241369126;1.092845;1.1137119906790462;1.0719780093209539;1.11394;1.07234;1.09314;33.514725505930755;26.580106879996386;19.914289637293024;-0.003489999999999993;0.0678034858387964
2024-01-05;63988;1.09415;1.09441;1.09984;1.08769;1.0774713666666667;0.016678633333333304;58999.16333333333;1.0845577527679489;-0.04019769959527908;1.09437;51.442360102122414;0.0036832083153077733;0.004835092502307976;-0.0011518841870002024;24.609523809523576;31.32616134827442;1.0937315;1.113191002845639;1.074271997154361;1.11394;1.07234;1.09314;31.631535510957523;23.608331590683505;20.457589346847126;-0.0001500000000000945;0.06466635715137059
2024-01-08;50507;1.09504;1.09326;1.09789;1.09227;1.0777842333333334;0.017255766666666617;58835.85333333333;0.8584391512747344;0.08134168075675241;1.0940800000000002;52.25295872480975;0.003284658405426244;0.00452500568293163;-0.001240347277505386;28.0;27.104181726731365;1.0945174999999998;1.1128206482264513;1.0762143517735483;1.11394;1.07234;1.09314;29.88285908705381;22.362866833343105;19.378342960724044;-0.006049999999999889;0.061075172822141414
2024-01-09;53646;1.09312;1.09501;1.09664;1.09103;1.0780253000000002;0.015094699999999905;58652.74;0.9146375770337559;-0.17533606078316;1.0940800000000002;50.30208057149863;0.0027818098047449613;0.004176366507294296;-0.0013945567025493346;20.685714285714553;24.43174603174604;1.095365;1.111649859839725;1.0790801401602748;1.11394;1.07416;1.09405;28.035944109968074;21.162682137772137;19.524592363636444;-0.008249999999999869;0.05687124158291932
2024-01-10;45594;1.09728;1.0931;1.09732;1.0923;1.0782319666666667;0.01904803333333338;58427.246666666666;0.7803551014496809;0.38056206088992184;1.097315;54.28460560956686;0.0026879904189720527;0.0038786912896298475;-0.0011907008706577948;36.533333333333445;28.40634920634933;1.096406;1.11019424049687;1.0826177595031299;1.11394;1.07552;1.09473;26.436990603224253;20.78812083834947;18.564465553215857;-0.006950000000000012;0.05307385180347188
2024-01-11;62606;1.09735;1.09721;1.09976;1.09304;1.0784479333333332;0.018902066666666828;58295.65;1.0739394791890864;0.006379410906975913;1.097315;54.35089468627867;0.0025894368783352384;0.003620840407370926;-0.0010314035290356874;36.80000000000017;31.339682539682716;1.097301;1.1086846951821263;1.0859173048178739;1.11394;1.0773;1.0956199999999998;25.365998526684844;21.81562167784481;17.335517114976266;-0.013249999999999984;0.04962057076573994
2024-01-12;54496;1.09504;1.09721;1.0987;1.09361;1.0786491666666669;0.016390833333333132;58082.503333333334;0.9382515709978976;-0.21050713081515182;1.0950400000000002;51.68733599175185;0.002298439809422348;0.0033563602877812104;-0.0010579204783588625;28.0;33.777777777777864;1.0976765;1.108209896935442;1.087143103064558;1.11394;1.0868;1.1003699999999998;24.371505884183964;20.69795612551148;16.447377844988342;-0.011199999999999877;0.04603521031030232
2024-01-16;64174;1.08752;1.09478;1.09509;1.08622;1.0790047;0.008515300000000003;57750.13;1.111235593755181;-0.6867329047340665;1.0878600000000003;44.10900783701293;0.0014443715667196155;0.0029739625435688914;-0.0015295909768492759;4.68975468975498;23.16325156325171;1.0970929999999999;1.108484370593548;1.0857016294064517;1.11394;1.08622;1.10008;23.225426655364938;18.88246747481156;22.312526048127374;-0.016199999999999992;0.04107943539770289
2024-01-17;57319;1.0882;1.087;1.08846;1.08446;1.0791912000000001;0.009008799999999928;57679.44;0.9937509795516403;0.06252758569957884;1.0878600000000003;44.89578158499783;0.0008130147205367422;0.0025417729789624617;-0.0017287582584257196;12.686567164179385;15.125440617978116;1.0970335;1.1085963288493583;1.0854706711506417;1.11394;1.08446;1.0992;22.446173111302237;18.11097965494312;23.198619034645308;-0.005939999999999834;0.035462377057633235
2024-01-18;55901;1.08757;1.08809;1.09068;1.08467;1.0794029;0.008167099999999872;57597.746666666666;0.9705414401626528;-0.05789376952767267;1.088635;44.27395020594803;0.0002588403855441346;0.0020851864602787966;-0.001826346074734662;10.549525101763743;9.308615651899364;1.0967915;1.1089200189120332;1.0846629810879667;1.11394;1.08446;1.0992;21.274798098357245;19.278485271992736;21.76005412069602;-0.004630000000000134;0.029463087262050502
2024-01-19;47917;1.0897;1.08714;1.08978;1.08585;1.0796010999999999;0.010098900000000022;57521.693333333336;0.8330248506822759;0.19584946256332447;1.088635;46.94930809623669;-8.377003815285278e-06;0.0016664737674599802;-0.0016748507712752655;21.851542952459912;15.029211739467675;1.0963725;1.1088674811924442;1.0838775188075558;1.11394;1.08446;1.0992;20.187092729194042;18.47184416780759;20.84958040684327;-0.004890000000000061;0.02378990433116583
2024-01-22;51753;1.08826;1.08906;1.09096;1.08801;1.0797638;0.008496199999999954;57432.683333333334;0.9011071222220621;-0.13214646232907468;1.086815;45.36368654031753;-0.00033251168774284245;0.0012666766764194157;-0.0015991883641622582;19.00000000000011;17.13368935140792;1.0960705;1.1090344198932853;1.0831065801067146;1.11394;1.08446;1.0992;18.92512110028096;19.176183463164236;20.167442146292448;-0.005889999999999951;0.01827507674713051
2024-01-23;55062;1.08537;1.08813;1.09162;1.08217;1.0799112333333334;0.005458766666666559;57413.82;0.9590373885588942;-0.26556153860290976;1.086815;42.277648980248905;-0.0008132153667432807;0.0008506982677868765;-0.001663913634530157;18.109790605545538;19.653777852668515;1.0952845;1.1088289859259957;1.0817400140740043;1.11394;1.08217;1.098055;18.80182724126154;17.231324039637602;24.389732497786504;-0.009670000000000067;0.012550968662573863
2024-01-24;65615;1.08846;1.08414;1.09324;1.08414;1.0800749333333333;0.008385066666666718;57404.20333333333;1.143034763830394;0.2846955416125452;1.0865250000000002;46.47069645550629;-0.0009340719201853531;0.0004937442301924306;-0.0014278161503777837;35.59705715902637;24.235615921524;1.0946390000000001;1.1081923949990204;1.0810856050009798;1.11394;1.08217;1.098055;18.326955585967575;17.285652650007997;22.06862341761352;-0.0046600000000001085;0.00746063427173622
2024-01-25;64028;1.08459;1.08823;1.0902;1.08218;1.0802435666666665;0.004346433333333399;57327.46333333333;1.1168817923740129;-0.3555482057218451;1.0865250000000002;42.32393567141853;-0.0013268333575524593;0.00012962871264345267;-0.001456462070195912;13.695529145443615;22.46745897000517;1.0936569999999999;1.1071342491258205;1.0801797508741793;1.11394;1.08217;1.098055;18.21926877023491;15.853675350592495;22.264981996381557;-0.01269000000000009;0.0023068261336807766
2024-01-26;57805;1.08549;1.08392;1.08855;1.0813;1.0804188666666668;0.005071133333333311;57236.63;1.0099301793272928;0.08298066550493921;1.0844150000000001;43.58472560904766;-0.0015476369525544431;-0.0002058244203961265;-0.0013418125321583165;22.69772481040144;23.996770371623807;1.0924014999999998;1.1038582906064212;1.0809447093935785;1.11394;1.0813;1.09762;18.26803446721782;14.670513927014884;21.50919914049789;-0.011859999999999982;-0.0025120132529381257
2024-01-29;51991;1.08334;1.08416;1.08501;1.07959;1.0805605333333332;0.00277946666666673;57097.98333333333;0.910557553258435;-0.1980672323098398;1.0844150000000001;41.26412505638302;-0.0018745043053045585;-0.0005395603973778129;-0.0013349439079267456;18.59196826970707;18.328407408517368;1.0912564999999999;1.1014611700583279;1.0810518299416718;1.10844;1.07959;1.0940150000000002;18.601716737068703;13.76989054626396;21.96801916718804;-0.011700000000000044;-0.007279372361001314
2024-01-30;59426;1.08456;1.08305;1.08575;1.08119;1.0806671333333333;0.003892866666666661;56957.18;1.0433451937049827;0.11261469160188664;1.083165;43.114970346330544;-0.002011913150846256;-0.0008340309480715015;-0.0011778822027747548;24.640555280118562;21.976749453409017;1.0902984999999998;1.099150905944109;1.0814460940558908;1.10446;1.07959;1.092025;18.712435202829706;13.88939008323115;20.900087398732516;-0.0029600000000000737;-0.011575777382287695
2024-01-31;86370;1.08177;1.08381;1.08875;1.0795;1.0807595333333333;0.0010104666666665985;56940.12;1.516856655728594;-0.257247178579334;1.083165;40.00995471140617;-0.002319205971132776;-0.0011310659526837564;-0.0011881400184490197;11.204343534057134;18.14562236129425;1.08968;1.0990837524424708;1.0802762475575292;1.09984;1.0795;1.08967;18.042120939442377;15.669564309388603;18.893631488693394;-0.006430000000000158;-0.015849038646398406
2024-02-01;82897;1.08722;1.08163;1.08749;1.078;1.0808858666666668;0.006334133333333325;56923.40666666667;1.4562902126609447;0.50380395093228;1.0829950000000002;47.90269700799685;-0.002098774921828639;-0.001324607746512733;-0.000774167175315906;44.541062801932526;26.795320538702736;1.0894309999999998;1.0988183742867355;1.0800436257132642;1.09984;1.078;1.0889199999999999;17.71930958593795;14.166888929866408;18.597545402068434;-0.00034999999999985043;-0.01891859901024239
2024-02-02;67739;1.07877;1.08708;1.08975;1.07806;1.0809926333333335;-0.0022226333333335013;56860.78;1.1913132391076606;-0.7772116039072241;1.0829950000000002;39.27475678438938;-0.002576228943919956;-0.0015749319859941777;-0.0010012969579257782;4.505558806319164;20.08365504743627;1.08864;1.0987902906361953;1.0784897093638048;1.09984;1.078;1.0889199999999999;16.85337814079621;14.749901559603378;16.498654951168586;-0.010929999999999884;-0.02252465270481198
2024-02-05;64172;1.07425;1.0782;1.07861;1.07234;1.0810714666666668;-0.006821466666666831;56779.723333333335;1.1301921924356335;-0.4189957080749429;1.0748350000000002;35.58282247494853;-0.0032815136741175532;-0.001916248323618853;-0.0013652653504987002;9.138755980860592;19.39512586303742;1.087645;1.0992385628690748;1.076051437130925;1.09976;1.07234;1.0860500000000002;17.127426186009693;13.825628743993947;21.039174168839175;-0.014010000000000078;-0.027101209215964633
2024-02-06;62450;1.07542;1.07386;1.07624;1.07226;1.0811378666666667;-0.005717866666666627;56726.263333333336;1.1009009994721843;0.10891319525250243;1.0748350000000002;37.227726005599074;-0.003703357680123087;-0.0022736701949197;-0.0014296874852033872;15.06196377502408;9.568759520734607;1.086664;1.0988915989466106;1.0744364010533896;1.09976;1.07226;1.08601;17.39550888365438;13.27128295923113;20.276191535154407;-0.009949999999999903;-0.03187126457366167
2024-02-07;59916;1.0773;1.07521;1.0784;1.07468;1.0812172333333334;-0.003917233333333492;56659.27333333333;1.0574791463966786;0.17481542095181268;1.0775500000000002;39.884073904603824;-0.00384168722693512;-0.0025872736013227843;-0.0012544136256123356;24.022878932316175;16.074532896066945;1.0858729999999999;1.0983714944692997;1.0733745055307;1.09976;1.07226;1.08601;17.080681359289304;15.008962115930386;19.48961032824938;-0.011160000000000059;-0.0361694521139031
2024-02-08;55783;1.0778;1.07696;1.07889;1.07417;1.0812971333333332;-0.0034971333333331245;56610.65;0.9853799594244219;0.04641232711408705;1.0775500000000002;40.60397250599227;-0.0038663991256975283;-0.002843098706197733;-0.0010233004194997951;26.40610104861821;21.830314585319485;1.084899;1.096706980182871;1.073091019817129;1.09976;1.07226;1.08601;16.889842063937618;14.253417806822979;19.052435270409728;-0.006789999999999852;-0.039808460985118026
2024-02-09;56754;1.07854;1.07755;1.07952;1.07622;1.0813481333333335;-0.002808133333333407;56511.39666666667;1.0042929983619815;0.068658378177755;1.07785;41.71640714242657;-0.003782667432412179;-0.0030310124514406223;-0.0007516549809715566;29.93326978074387;26.78741658722608;1.0839585;1.0945873348843622;1.0733296651156379;1.0987;1.07226;1.08548;16.5388662423529;14.430074302383813;18.356674544630213;-0.006950000000000012;-0.042640692924413345
2024-02-12;43521;1.07716;1.07776;1.08057;1.0756;1.0813781333333334;-0.00421813333333354;56352.62333333334;0.7722976753461808;-0.12795074823374053;1.07785;40.20416881563566;-0.0037840438273319954;-0.0031816187266188968;-0.0006024251007130986;23.35557673975169;26.564982523037923;1.0830645;1.0927835112150877;1.0733454887849125;1.09509;1.07226;1.083675;15.918923029412019;14.804535237639982;17.330217988316456;-0.006180000000000074;-0.044975872409853984
2024-02-13;59569;1.07091;1.07711;1.07949;1.07006;1.0814057333333333;-0.010495733333333312;56260.81333333333;1.0588009036957178;-0.5802294923688112;1.071835;34.163780242550274;-0.004240574691416699;-0.0033934099195784577;-0.000847164771838241;4.220456802383393;19.169767774292982;1.0822340000000001;1.093063419929016;1.0714045800709844;1.09324;1.07006;1.08165;16.480485484596766;13.286452030561108;21.577339711362693;-0.01364999999999994;-0.04791178587957284
2024-02-14;56325;1.07276;1.07075;1.07346;1.06951;1.0814530666666666;-0.008693066666666693;56188.55333333334;1.0024283712351016;0.17275027780110364;1.071835;37.17275272268796;-0.004402351582748487;-0.0035951982522124636;-0.0008071533305360236;16.057312252964277;14.544448598366449;1.081462;1.092674720633233;1.0702492793667668;1.09324;1.06951;1.081375;17.100688872795093;12.699041372073626;21.238978231049746;-0.009009999999999962;-0.050701559470443566
2024-02-15;54708;1.07722;1.07249;1.07849;1.0724;1.0815080333333333;-0.004288033333333274;56148.52333333333;0.9743444128567512;0.41575002796525595;1.0774250000000003;43.83700463602339;-0.004123147134843519;-0.0037007880287386746;-0.0004223591061048443;38.092885375494525;19.456884810280727;1.0809445;1.0919350076770324;1.0699539923229675;1.09324;1.06951;1.081375;16.32150784916915;17.478973012040367;19.786509265499127;-0.010000000000000009;-0.052376272486180556
2024-02-16;55480;1.07763;1.0765;1.07876;1.07321;1.0815590666666666;-0.003929066666666481;56013.28;0.9904794005991097;0.038060934628036946;1.0774250000000003;44.42065196571171;-0.0038247032268283743;-0.0037255710683566146;-9.913215847175963e-05;40.118577075099374;31.422924901186054;1.080341;1.0906463304652922;1.0700356695347077;1.09324;1.06951;1.081375;15.532099610620415;16.685598837639528;18.5420213263098;-0.0011399999999999189;-0.05305652794716254
2024-02-19;34454;1.07775;1.07723;1.07894;1.07621;1.0816169666666666;-0.003866966666666638;55892.21333333333;0.6164364934792438;0.01113554745133527;1.0792650000000001;44.60210972310228;-0.0035377206410409645;-0.003688000982893485;0.00015028034185252028;40.71146245059294;39.64097496706228;1.0798155;1.0895054834364595;1.0701255165635406;1.09324;1.06951;1.081375;14.752478490715282;16.36019139971754;17.94416196060668;0.0035000000000000586;-0.05291624154010266
2024-02-20;59909;1.08078;1.07761;1.08389;1.07617;1.0816868;-0.0009067999999998744;55853.06333333333;1.072617980547458;0.28114126652749594;1.0792650000000001;49.11923169468898;-0.0030308514283465815;-0.0035565710719841046;0.0005257196436375231;55.68181818181864;45.503952569170316;1.0795860000000002;1.0889508628392974;1.0702211371607029;1.09324;1.06951;1.081375;14.527731750365659;20.630483634277763;16.33971362141823;0.005360000000000031;-0.05158416578118205
2024-02-21;60031;1.08196;1.08048;1.08246;1.079;1.0817546666666666;0.00020533333333339066;55828.223333333335;1.0752805017914042;0.10918040674328111;1.0821250000000002;50.80168448718039;-0.002505061003262865;-0.0033462690582398568;0.0008412080549769917;61.51185770751013;52.635046113307226;1.079261;1.0877848345830288;1.0707371654169713;1.0902;1.06951;1.079855;14.319038348612438;19.776978796070416;15.66372245814606;0.0046600000000001085;-0.049196775581202945
2024-02-22;62852;1.08229;1.08128;1.08882;1.08028;1.0818159666666667;0.00047403333333329023;55846.37666666666;1.1254445454024158;0.030500203334682396;1.0821250000000002;51.286808117830795;-0.0020382444479607464;-0.0030846641361840345;0.001046419688223288;66.18332470222711;61.12566686385196;1.0791460000000002;1.0874380549925116;1.0708539450074888;1.08975;1.06951;1.0796299999999999;15.3103892183115;25.195854329969485;14.111879103996877;0.004489999999999883;-0.04604812900991525
2024-02-23;61061;1.08209;1.08158;1.08396;1.08119;1.0818854333333334;0.00020456666666657242;55849.2;1.0933191522884673;-0.01847933548309033;1.0836100000000002;50.95884687188804;-0.0016652315405536466;-0.002800777617057957;0.0011355460765043106;65.1475919212847;64.28092477700731;1.0789760000000002;1.0868707283676404;1.0710812716323599;1.08975;1.06951;1.0796299999999999;16.23092931160349;24.35307609958009;13.639849684276461;0.003549999999999942;-0.04246963565091603
2024-02-26;49064;1.08513;1.0831;1.08598;1.08127;1.0819485000000002;0.003181499999999726;55821.41;0.8789459098218982;0.2809378147843544;1.0836100000000002;55.60582973719044;-0.0011115008405557791;-0.0024629222617575217;0.0013514214212017425;80.89073019161066;70.74054893837415;1.0790655;1.0871932388613825;1.0709377611386175;1.08975;1.06951;1.0796299999999999;17.417390556680054;25.422797243512505;12.85261957784083;0.007970000000000033;-0.0381255883463728
2024-02-27;52845;1.0845;1.08464;1.0866;1.08332;1.0819965999999999;0.0025034000000001555;55771.05;0.947534608008824;-0.05805755992368544;1.084175;54.45425048499478;-0.0007152559805512215;-0.0021133890055162617;0.0013981330249650402;77.62817193164219;74.55549801484584;1.0790625;1.0871821647097544;1.0709428352902457;1.08975;1.06951;1.0796299999999999;18.61950039604175;25.152277764667552;12.319384465114268;0.013589999999999991;-0.03349298799229992
2024-02-28;56983;1.08385;1.08424;1.0846;1.07967;1.0820561;0.001793900000000015;55903.793333333335;1.0193047126555719;-0.05993545412632528;1.084175;53.22940140874135;-0.00044850851495725763;-0.001780412907404461;0.0013319043924472033;74.2620403935788;77.59364750561053;1.0791665;1.0874733412166617;1.070859658783338;1.08975;1.06951;1.0796299999999999;18.612449017814225;23.569447835840073;16.203236105186996;0.011090000000000044;-0.02891706331966814
2024-02-29;77135;1.08049;1.08329;1.0856;1.07959;1.0821414666666664;-0.0016514666666664901;55869.95333333333;1.380616868243662;-0.31000599713982835;1.0822500000000002;47.305921676940315;-0.0005024413152476814;-0.0015248185889731051;0.0010223772737254237;56.8617296737443;69.58398066632175;1.07883;1.0863085854276606;1.0713514145723393;1.08975;1.06951;1.0796299999999999;18.80033509496007;23.040564709476875;14.966730451820897;0.003269999999999884;-0.02512462642652458
2024-03-01;65475;1.08401;1.07983;1.08433;1.07983;1.0822201333333334;0.001789866666666473;55801.206666666665;1.1733617230019566;0.32577811918665933;1.0822500000000002;53.18366727488055;-0.00025817281045781293;-0.0012714894332700468;0.0010133166228122339;75.0906266183325;68.73813222855186;1.079092;1.0869035570790226;1.0712804429209772;1.08882;1.06951;1.079165;18.974800738024065;21.704965448907572;14.09914954064774;0.00637999999999983;-0.021336504232228583
2024-03-04;54431;1.08556;1.08444;1.08669;1.08273;1.0823314333333334;0.00322856666666671;55715.54666666667;0.9769445559897028;0.1429876108154149;1.0856050000000002;55.53565262690621;5.979451164761507e-05;-0.0010052326442865145;0.0010650271559341296;83.11755567063786;71.68997065423821;1.0796575;1.0876211219773952;1.0716938780226046;1.08882;1.06951;1.079165;19.608103540301492;23.67811788708777;13.364944172891194;0.007810000000000095;-0.01739253974758393
2024-03-05;58546;1.08565;1.08531;1.08762;1.0841;1.0824023666666667;0.003247633333333333;55650.54;1.0520293244232577;0.008290651829456763;1.0856050000000002;55.67489853913852;0.0003154122766972911;-0.0007411036600897535;0.0010565159367870447;80.69427527405652;79.63415252100896;1.0801690000000002;1.0882907901966794;1.072047209803321;1.08882;1.06951;1.079165;20.373132267921427;23.808329798204444;12.730348519797888;0.00486999999999993;-0.013463143066770319
2024-03-06;65506;1.08988;1.08533;1.09154;1.08422;1.0824577666666666;0.007422233333333361;55617.91333333333;1.1777860058753533;0.3896283332565753;1.0923450000000001;61.739517461946214;0.0008495240609760479;-0.0004229781158765933;0.0012725021768526413;90.94380796508457;84.91854630325965;1.0807980000000001;1.0898310163289404;1.0717649836710599;1.09154;1.06951;1.080525;21.754625539429714;26.667164326809996;11.506758201480036;0.007919999999999927;-0.008922747122296248
2024-03-07;63349;1.09481;1.08937;1.09493;1.08679;1.0825290333333333;0.012280966666666782;55583.863333333335;1.1397012766113104;0.4523433772525509;1.0923450000000001;67.34700189584441;0.0016515828770238272;-8.065917296509175e-06;0.0016596487943203364;99.36034115138646;90.33280813017586;1.0816485;1.092426793510521;1.070870206489479;1.09493;1.06951;1.08222;23.517855186299624;28.21334998686555;10.318991856876712;0.012520000000000087;-0.0032609263124438155
2024-03-08;72550;1.09377;1.09464;1.09812;1.09183;1.0825894333333335;0.011180566666666447;55615.42333333333;1.304494250905105;-0.0949936518665484;1.093145;65.17688882425634;0.0021781921160692885;0.0004291856893766504;0.0017490064266926383;80.18223234624104;90.16212715423735;1.0824099999999999;1.0942972065683645;1.0705227934316353;1.09812;1.06951;1.083815;25.54373680406277;29.993357965641366;9.50271643140261;0.011679999999999913;0.0027274890448639897
2024-03-11;68613;1.09252;1.09426;1.09481;1.09146;1.0826141333333332;0.009905866666666707;55554.23;1.2350634686141388;-0.114283624528011;1.093145;62.56729548146077;0.0024662399003239077;0.0008365965315661019;0.0016296433687578058;70.7112970711295;83.41795685625233;1.083178;1.095582688790897;1.070773311209103;1.09812;1.06951;1.083815;27.288993994150125;28.691591911627484;9.56964461454906;0.007390000000000008;0.008445782456762377
2024-03-12;72206;1.09261;1.09186;1.09438;1.09023;1.0826451666666665;0.009964833333333534;55544.28666666667;1.2999716862566064;0.008237835462976406;1.0937000000000001;62.68314691244099;0.0026709925529413425;0.00120347573584115;0.0014675168171001925;70.26443604964963;73.71932182234005;1.084263;1.0959616821479623;1.0725643178520377;1.09812;1.06951;1.083815;28.44971882541451;27.1212113609485;10.668078797284227;0.008110000000000062;0.0137361505297335
2024-03-13;62260;1.09479;1.09247;1.09639;1.09201;1.0826870333333334;0.012102966666666548;55577.07666666667;1.120246039089176;0.19952224489980797;1.0937000000000001;65.47078012584322;0.0029748757702006134;0.0015577557427130428;0.0014171200274875706;82.02914193200179;74.33495835092697;1.0853645;1.0966651946246282;1.074063805375372;1.09812;1.0724;1.08526;29.810807252563144;28.220460875600008;10.04328494931133;0.01093999999999995;0.01887786416603259
2024-03-14;66546;1.08836;1.09473;1.09549;1.08807;1.0827188;0.005641199999999902;55543.77333333333;1.1980820892492725;-0.5873272499748783;1.08851;52.91488599843726;0.0026661247208144;0.0017794295383333145;0.0008866951824810856;47.32865623313532;66.54074473826226;1.0859215;1.0966449663704942;1.0751980336295057;1.09812;1.07321;1.085665;29.714163429261692;25.496246631266846;14.19966576402496;0.007870000000000044;0.022501033968491506
2024-03-15;63023;1.08866;1.08814;1.08997;1.0873;1.0827495333333332;0.005910466666666725;55443.793333333335;1.1367007235794346;0.027564408835312193;1.08851;53.364266173659274;0.002417774186727728;0.0019070984680121974;0.0005106757187155306;48.9476524554773;59.43515020687147;1.086473;1.096549021238522;1.076396978761478;1.09812;1.07617;1.087145;29.38165555655475;24.57686528931657;14.7275507576829;0.004650000000000043;0.024960944957639605
2024-03-18;49306;1.08721;1.08863;1.09062;1.08661;1.0827632333333332;0.004446766666666768;55362.43;0.8906039709599289;-0.13319126265316505;1.086885;50.83871441339622;0.002079975059603001;0.0019416737863303581;0.00013830127327264276;41.12250404749049;45.7996042453677;1.086946;1.096193798440665;1.077698201559335;1.09812;1.07617;1.087145;28.850496552230002;23.2224693962405;14.864188697002186;0.0016499999999999293;0.02622548664573652
2024-03-19;68039;1.08656;1.08705;1.08767;1.08347;1.0827663666666667;0.0037936333333332684;55389.12;1.2283820360386248;-0.05978605789129787;1.086885;49.70312978116764;0.0017397623524870731;0.001901291499561701;-0.00016152914707462797;37.61467889908227;42.56161180068335;1.0872350000000002;1.0960448569794965;1.0784251430205039;1.09812;1.079;1.08856;27.410049028547764;21.863444759319027;18.369520986974454;0.0009099999999999664;0.026466697648057088
2024-03-20;65146;1.0922;1.08586;1.09228;1.08365;1.0827832333333334;0.009416766666666687;55382.95;1.1762825923860727;0.5190693565012561;1.0890850000000003;58.38850684541222;0.001903302113550387;0.0019016936223594384;1.60849119094854e-06;67.63258611263011;48.78992301973429;1.0877469999999998;1.096460789301974;1.0790332106980256;1.09812;1.07959;1.0888550000000001;27.029433710566078;25.48125448977398;16.26342942241114;0.0023200000000000998;0.026976922050369716
2024-03-21;78478;1.08597;1.0919;1.09426;1.08555;1.0827737333333332;0.003196266666666947;55447.473333333335;1.4153575498057414;-0.5704083501190227;1.0890850000000003;48.43833562203389;0.0015127614464223171;0.001823907187172014;-0.0003111457407496969;21.052631578948205;42.099965530220196;1.087931;1.0963256694991053;1.0795363305008947;1.09812;1.07959;1.0888550000000001;27.029689427265566;25.176672111048337;14.461326498846624;-0.008839999999999959;0.02646987527990523
2024-03-22;61660;1.08081;1.08554;1.08681;1.08018;1.0827380333333334;-0.0019280333333333566;55449.45333333333;1.112003749240249;-0.47515124727203206;1.08227;42.047090517885884;0.0007779189129584196;0.0016147095323292952;-0.0008367906193708756;3.511705685619443;30.73230779239925;1.087867;1.0964560840023372;1.0792779159976627;1.09812;1.07959;1.0888550000000001;25.609417768099746;23.080208863647787;20.00162970697806;-0.01295999999999986;0.0243227098625934
2024-03-25;47920;1.08373;1.08081;1.08425;1.08022;1.0827200666666668;0.0010099333333333238;55406.55333333334;0.8648796417943223;0.27016774456194437;1.08227;46.360298925902995;0.0004262568834585423;0.0013770190025551446;-0.0009507621190966023;19.788182831661935;14.784173365409861;1.087797;1.0964962806598708;1.079097719340129;1.09812;1.07959;1.0888550000000001;24.29059408458863;21.887169608045916;18.96772531047054;-0.008789999999999853;0.021648582584586882
2024-03-26;55189;1.08312;1.0836;1.08644;1.08244;1.0827075333333334;0.00041246666666672205;55406.12;0.996081299321989;-0.056287082575923186;1.08295;45.59682973913204;9.721960241493299e-05;0.0011210591225271024;-0.0010238395201121694;16.387959866221593;13.229282794500989;1.087728;1.096551789661999;1.078904210338001;1.09812;1.07959;1.0888550000000001;23.52321330167082;23.607861302310194;17.97457873692402;-0.009489999999999998;0.018584782805448084
2024-03-27;60336;1.08278;1.08304;1.08393;1.08109;1.0826995;8.05000000001499e-05;55405.97666666667;1.0889799915085414;-0.03139079695694269;1.08295;45.15051445986945;-0.00018880356196282477;0.000859086585629117;-0.0010478901475919418;14.49275362318923;16.88963210702425;1.0876744999999999;1.0966040340863448;1.078744965913655;1.09812;1.07959;1.0888550000000001;22.455700854368008;22.699100116756327;19.11248594165989;-0.012009999999999854;0.015294510997632208
2024-03-28;61164;1.07874;1.08255;1.08268;1.07752;1.0826745999999998;-0.003934599999999788;55401.746666666666;1.1040085138107973;-0.37311365189605095;1.0789400000000002;40.12470426742571;-0.0007330233795013186;0.00054066459260303;-0.0012736879721043485;6.465288818230008;12.448667435880276;1.087587;1.0968253766971905;1.0783486233028097;1.09812;1.07752;1.08782;21.098482425279787;21.080546545450044;22.58917961667233;-0.009619999999999962;0.011237309197475833
2024-03-29;39308;1.07914;1.07869;1.08037;1.07677;1.0826083666666666;-0.0034683666666666113;55308.13;0.7107092573911448;0.03708029738398455;1.0789400000000002;40.827016377388816;-0.001119144052735388;0.00020870286353534637;-0.0013278469162707343;12.079510703363846;11.012517714927696;1.0873435;1.097183307467587;1.077503692532413;1.09812;1.07677;1.087445;20.006881699756782;20.027962811676797;22.501507542664964;-0.009519999999999973;0.00689106882810128
2024-04-01;55489;1.0743;1.07852;1.07989;1.07311;1.0825524333333334;-0.008252433333333364;55222.63333333333;1.004823505337907;-0.4485052912504339;1.0756100000000002;35.41412777757823;-0.0017950033374316554;-0.000192038376658054;-0.0016029649607736014;5.111683848797362;7.885494456797073;1.0867805000000001;1.0981358660882932;1.0754251339117071;1.09812;1.07311;1.085615;19.75951707203338;18.186219532732572;25.39643700200031;-0.012909999999999977;0.0016537099650237167
2024-04-02;60027;1.07692;1.07423;1.07791;1.07247;1.0825441666666666;-0.005624166666666541;55174.30333333334;1.0879521149064342;0.24387973564181653;1.0756100000000002;40.04781856423138;-0.002095063992536339;-0.0005726434998337111;-0.0015224204927026279;19.33101650738513;12.174070353182112;1.086344;1.0984837074099474;1.0742042925900526;1.09812;1.07247;1.085295;19.654999184753414;16.847522640402964;24.392998323934208;-0.009639999999999871;-0.0034876556910155183
2024-04-03;60063;1.08359;1.07692;1.08369;1.07641;1.0825809;0.001009100000000096;55157.35666666667;1.0889390578117948;0.6193589124540377;1.0836550000000003;49.90197308284572;-0.0017741991041706484;-0.0008129546207010985;-0.0009612444834695499;51.03258375401575;25.158428036732744;1.0860295;1.0981122604047717;1.0739467395952282;1.09812;1.07247;1.085295;18.377244040228;22.846568650047256;22.053442654886318;-0.008610000000000007;-0.007137553310820129
2024-04-04;57951;1.08372;1.08338;1.08766;1.0829;1.0826173666666665;0.0011026333333334914;55089.54666666667;1.0519418566036995;0.011997157596499441;1.0836550000000003;50.07421603988108;-0.0014922200707883082;-0.0009488077107185405;-0.0005434123600697677;51.62918770078015;40.664262654060344;1.085475;1.0968947434296525;1.0740552565703474;1.09812;1.07247;1.085295;17.972874301222443;26.677542835295842;20.658286707097528;-0.0022500000000000853;-0.009594507562641205
2024-04-05;71266;1.08367;1.08322;1.0848;1.07915;1.0826582333333334;0.0010117666666664693;55130.043333333335;1.2926889893608597;-0.004613737865877265;1.0848;50.003008116926374;-0.0012582795737419161;-0.0010107020833232158;-0.00024757749041870035;51.399724644331755;51.35383203304254;1.08497;1.0957533501287433;1.0741866498712567;1.09639;1.07247;1.08443;16.77745807206627;24.68160956846694;24.078424978539818;0.0028599999999998627;-0.011137114576265246
2024-04-08;57404;1.08593;1.08364;1.08622;1.08211;1.0826984666666666;0.0032315333333334806;55110.926666666666;1.0416083247373495;0.2085505735140991;1.0848;53.2397920625946;-0.0008803685908851389;-0.0009846353848356004;0.00010426679395046158;61.77145479577808;54.93345571362999;1.0846405000000001;1.0948693894313635;1.0744116105686368;1.09639;1.07247;1.08443;15.948719212847001;25.227974560403354;22.7453027494552;0.0021999999999999797;-0.011572436143964632
2024-04-09;56906;1.08568;1.08539;1.08851;1.08471;1.0827583333333333;0.0029216666666667113;55078.4;1.033181791772994;-0.02302174173289817;1.0800900000000002;52.832331234683686;-0.0005941948169558842;-0.0009065472712596573;0.0003123524543037731;60.62413951353813;57.93177298454932;1.084294;1.0938681034044468;1.0747198965955533;1.09639;1.07247;1.08443;15.617843845541557;27.05846642107262;21.55692330945006;0.0025599999999998957;-0.011269434994583837
2024-04-10;73959;1.07424;1.08555;1.08666;1.07288;1.0827640666666665;-0.008524066666666386;55135.323333333334;1.3414086565313197;-1.0537174858153309;1.0798300000000003;38.363379454176034;-0.0012758057369033349;-0.0009803989643883929;-0.000295406772514942;11.034912718204758;44.47683567584031;1.0832665000000001;1.0925198135145735;1.0740131864854268;1.09549;1.07247;1.08398;15.800017088561278;22.47307676191831;32.45201538840011;-0.008539999999999992;-0.012521926882835132
2024-04-11;79177;1.0726;1.07401;1.07566;1.06993;1.0827607666666668;-0.010160766666666765;55125.64;1.4363007848976563;-0.1526660708966454;1.068305;36.80715563099263;-0.0019261185005443604;-0.0011695428716195864;-0.000756575628924774;14.370290635091196;28.67644762227803;1.0824785000000001;1.092513744441415;1.0724432555585852;1.09426;1.06993;1.082095;16.357337986960115;20.887967039246963;33.79437121026125;-0.006140000000000034;-0.015034154122533096
2024-04-12;69116;1.06401;1.07227;1.07294;1.06226;1.0827451666666668;-0.018735166666666858;55127.863333333335;1.2537398662101988;-0.8008577288830976;1.068305;29.95331380564376;-0.003098914899402283;-0.0015554172771761257;-0.0015434976222261573;6.666666666666329;10.690623339987425;1.0812460000000002;1.093704122490925;1.0687878775090753;1.09426;1.06226;1.07826;17.730435164886412;18.297438376421077;38.509878511831445;-0.015130000000000088;-0.019800638880660634
2024-04-15;79516;1.06242;1.06333;1.06653;1.06203;1.0827289666666664;-0.020308966666666484;55149.97666666667;1.441813846642043;-0.14943468576422703;1.0621550000000002;28.881283760261994;-0.0041092948141838725;-0.002066192784577675;-0.0020431020296061975;1.472809667673299;7.503255656476939;1.0800065;1.094595165840262;1.0654178341597382;1.09426;1.06203;1.0781450000000001;19.028634526429617;17.32260290656232;36.73048718710144;-0.011880000000000113;-0.026122402732814572
2024-04-16;86792;1.06189;1.06225;1.06537;1.06013;1.082704033333333;-0.020814033333333093;55219.23;1.5717712833008406;-0.049886109071739515;1.0621550000000002;28.514932360426783;-0.004896352641272639;-0.0026322247559166677;-0.002264127885355971;6.201550387596827;4.780342240645482;1.078773;1.0950147648055488;1.0625312351944511;1.09426;1.06013;1.0771950000000001;20.430486818679217;16.237751217723044;36.70099359997165;-0.015030000000000099;-0.03326206473297446
2024-04-17;81109;1.06728;1.06129;1.06797;1.06063;1.0827000333333334;-0.015420033333333416;55349.73;1.465391068754723;0.5075855314580657;1.0658250000000002;37.234587837235736;-0.005027222988521318;-0.003111224402437598;-0.00191599858608372;25.193798449612302;10.956052834960808;1.0775270000000001;1.0932732949292432;1.061780705070757;1.09426;1.06013;1.0771950000000001;21.143368633959245;17.893728148344916;33.533034729906866;-0.016310000000000047;-0.039610535943469825
2024-04-18;67231;1.06437;1.06721;1.06901;1.06413;1.0826992333333334;-0.01832923333333336;55349.65;1.214659893964783;-0.27265572295929186;1.0658250000000002;34.76876343752812;-0.005304603198035052;-0.003549900161557089;-0.0017547030364779628;14.940098661028932;15.445149166079352;1.076447;1.0926841390336675;1.0602098609663324;1.08851;1.06013;1.0743200000000002;21.572715569786308;18.092660821673732;31.581218011680395;-0.01934999999999998;-0.045606248732820494
2024-04-19;95267;1.06561;1.06421;1.06777;1.06106;1.0827163;-0.01710630000000002;55426.013333333336;1.7188138614091701;0.11650084087300172;1.0655050000000001;36.692665682642414;-0.0053625551775908775;-0.003912431164763847;-0.0014501240128270308;19.309372797744594;19.814423302795273;1.0756869999999998;1.0924505092984318;1.0589234907015679;1.08851;1.06013;1.0743200000000002;22.354079546196857;16.657004585647286;32.70572063066437;-0.018059999999999965;-0.05079876196164381
2024-04-22;59663;1.0654;1.06481;1.06707;1.06241;1.0827362;-0.017336200000000135;55407.09;1.076811649916811;-0.019707022268944385;1.0655050000000001;36.49634814696924;-0.005363599547014042;-0.004202664841213886;-0.001160934705800156;18.56941508104254;17.60629551327202;1.0747705;1.091678541252569;1.0578624587474312;1.08851;1.06013;1.0743200000000002;23.079631810006653;15.723847165413313;30.873483283686543;-0.02053000000000016;-0.055171595557312866
2024-04-23;65693;1.07023;1.06518;1.07115;1.06386;1.0827883666666667;-0.012558366666666654;55383.47666666667;1.1861479985334038;0.45335085413931164;1.07007;43.927290489717514;-0.004917994998305808;-0.004345730872632271;-0.000572264125673537;35.588442565186654;24.48907681465793;1.074126;1.0906910456081031;1.0575609543918967;1.08851;1.06013;1.0743200000000002;22.789646965984904;19.194479624679023;28.21091095813555;-0.015449999999999964;-0.057830177715406945
2024-04-24;60609;1.06991;1.07003;1.07144;1.0678;1.0828184666666665;-0.012908466666666563;55378.02333333333;1.0944594326736665;-0.029900114928571586;1.07007;43.56357961996857;-0.004538356163866997;-0.004384255930879217;-0.00015410023298778;34.4608879492596;29.53958186516293;1.0734825;1.0896479246773323;1.0573170753226675;1.08851;1.06013;1.0743200000000002;22.454630297548768;18.696893350311313;26.960638967699047;-0.004330000000000167;-0.059171291929656054
2024-04-25;67544;1.07298;1.06943;1.07402;1.06784;1.0828699;-0.009889899999999896;55395.23;1.2193107601500672;0.28694002299261;1.0711150000000003;48.01098327397102;-0.003944298887154085;-0.004296264522134191;0.0003519656349801059;45.27836504580689;38.44256518675105;1.0731945;1.0891792245518495;1.0572097754481506;1.08851;1.06013;1.0743200000000002;21.5616335157331;20.424735852562684;24.93971208064014;0.00038000000000004697;-0.05890180750576017
2024-04-26;66992;1.06925;1.07274;1.0753;1.06741;1.0828777333333333;-0.013627733333333225;55360.73;1.2100996500585866;-0.34762996514380307;1.0711150000000003;43.52328269801677;-0.0037314699793347117;-0.0041833056135742955;0.00045183563423958385;32.135306553911185;37.29151984965923;1.0727;1.0885295710617335;1.0568704289382664;1.08851;1.06013;1.0743200000000002;20.453251289991037;20.032166878240425;22.609552817846332;0.0052400000000001334;-0.05812324840453214
2024-04-29;75237;1.07199;1.06864;1.07338;1.068;1.0829186666666668;-0.010928666666666809;55373.52;1.3587180298450672;0.2562543839139453;1.0692750000000002;47.41191636163131;-0.00330362431105069;-0.004007369353069575;0.0007037450420188844;44.70410855635133;40.7059267186898;1.0725845;1.0883993910523744;1.0567696089476257;1.08851;1.06013;1.0743200000000002;19.424039223230547;18.746012700549784;21.157919003634387;0.009570000000000078;-0.05642792071634221
2024-04-30;68248;1.06656;1.07164;1.07354;1.06649;1.0829291666666665;-0.016369166666666546;55395.45333333333;1.2320144685758991;-0.5065345758822448;1.0692750000000002;41.337485519607235;-0.0033639318437506116;-0.0038786818512057822;0.0005147500074551706;41.403734707018145;39.41438327242688;1.0720664999999998;1.0879579156385903;1.0561750843614093;1.08851;1.06013;1.0743200000000002;18.77958597853451;17.188621632148575;21.17956267994794;0.004669999999999952;-0.05506337826287814
2024-05-01;65371;1.07138;1.06646;1.07328;1.06496;1.0829395000000002;-0.011559500000000167;55418.37666666666;1.179590668871178;0.4519201920192062;1.0719250000000002;47.73827724632821;-0.0029883445050540303;-0.003700614381975432;0.0007122698769214016;74.15952537903792;53.42245621413579;1.071456;1.0864420700651776;1.0564699299348224;1.08851;1.06013;1.0743200000000002;18.48943867616353;15.547064283211236;20.913097208316415;0.0040999999999999925;-0.05299940665006792
2024-05-02;72570;1.07247;1.06946;1.07303;1.06743;1.0829979666666667;-0.010527966666666666;55416.52333333333;1.3095372216599461;0.10173794545353942;1.0719250000000002;49.091069592212186;-0.0025730741456186923;-0.0034751063347040843;0.000902032189085392;81.3447593935405;65.63600649319885;1.0708935;1.0848018130177022;1.0569851869822977;1.08851;1.06013;1.0743200000000002;18.22001618110476;14.540495194436442;19.559113149527548;0.008099999999999996;-0.05025370369043336
2024-05-03;73095;1.07638;1.07238;1.08128;1.07182;1.0830712999999998;-0.006691299999999956;55458.62;1.318009716072755;0.3645789625816853;1.0766950000000002;53.7189832704402;-0.0019064882612109812;-0.003161382720005464;0.0012548944587944828;76.83215130023581;77.44547869093807;1.070529;1.083424048507019;1.0576339514929811;1.08851;1.06013;1.0743200000000002;17.764234989124077;22.197756701309164;17.49812921238714;0.010769999999999946;-0.0463610063538232
2024-05-06;46215;1.07701;1.07693;1.07909;1.07553;1.0831339;-0.00612389999999996;55415.78666666667;0.8339681303809876;0.05852951559859321;1.0766950000000002;54.437679859613354;-0.0013122515909629318;-0.002791556494196958;0.001479304903234026;79.32203389830516;79.16631486402716;1.070083;1.0813279599376053;1.0588380400623945;1.08851;1.06013;1.0743200000000002;17.341009596570583;21.288645471566504;16.781491671913017;0.01161000000000012;-0.041660339732915774
2024-05-07;50557;1.07549;1.07657;1.07875;1.0748;1.0831723666666666;-0.007682366666666551;55268.33666666667;0.9147552296518214;-0.1411314658174012;1.0751550000000003;52.3263744562853;-0.0009529806773391769;-0.0024238413308254017;0.0014708606534862248;71.36498516320512;75.83972345391537;1.0695735;1.0786622078838703;1.0604847921161296;1.08666;1.06013;1.073395;16.76264010802674;20.295441996761507;16.860781364221943;0.005260000000000042;-0.0368132996942825
2024-05-08;44462;1.07482;1.07513;1.07576;1.07351;1.0831779;-0.008357899999999807;55005.39;0.808320784562966;-0.06229718546894025;1.0751550000000003;51.38043118011528;-0.0007140877315956473;-0.002081890610979451;0.0013678028793838036;68.05143422354169;72.912817761684;1.0696024999999998;1.0787540657129435;1.060450934287056;1.08128;1.06013;1.070705;15.8955648229602;19.730759773954478;17.986853445442765;0.004910000000000192;-0.032125490140415755
2024-05-09;49071;1.07816;1.0748;1.07846;1.0724;1.0831940333333334;-0.00503403333333341;54848.81333333333;0.8946592828138559;0.3107497069276599;1.0775400000000002;55.68158538749133;-0.0002523443953967863;-0.001715981367862918;0.0014636369724661316;83.4658187599363;74.29407938222771;1.0698804999999998;1.079693306886836;1.0600676931131636;1.08128;1.06013;1.070705;15.683342662650627;21.584467098707737;16.64368672191412;0.005179999999999962;-0.02707601535816284
2024-05-10;47391;1.07692;1.0782;1.07902;1.07605;1.0832585000000001;-0.006338500000000025;54663.32666666667;0.8669615058186726;-0.11501075907099922;1.0775400000000002;53.7794130140045;1.3378667384600362e-05;-0.0013701093608134145;0.0013834880281980149;74.97129735935751;75.49618344761183;1.0705259999999999;1.0804074399759533;1.0606445600240464;1.08128;1.06013;1.070705;15.604882884408102;21.480977193422234;16.012577563352387;0.007670000000000066;-0.02217287961215722
2024-05-13;49351;1.07898;1.07686;1.08069;1.07658;1.0833171666666668;-0.004337166666666725;54496.5;0.9055810923635637;0.19128626081788003;1.0804750000000003;56.441610738646844;0.0003857442730694771;-0.001018938634036836;0.0014046829071063132;85.90686274509832;81.44799295479737;1.071354;1.0811546681404083;1.0615533318595916;1.08128;1.06013;1.070705;15.884102679173022;22.505347702429415;15.156106575106046;0.006990000000000052;-0.01716057612959359
2024-05-14;46033;1.08197;1.07895;1.08257;1.07672;1.0833688333333333;-0.0013988333333332381;54393.996666666666;0.8462882454122211;0.2771135702237304;1.0804750000000003;60.03932234378696;0.0009116062801095559;-0.0006328296512075577;0.0015444359313171135;96.59284497444673;85.8236683596342;1.072358;1.0821889442068635;1.0625270557931363;1.08257;1.06063;1.0716;16.5192845638951;23.235170331245605;14.007647944935472;0.015410000000000146;-0.011713264168347644
2024-05-15;56088;1.08838;1.08187;1.08862;1.08131;1.0834222;0.004957799999999901;54305.15666666667;1.0328300928080618;0.5924378679630582;1.0875400000000002;66.43903530980563;0.0018245567838575116;-0.0001413523641945438;0.0019659091480520555;98.98562975486045;93.82844582480185;1.073413;1.0851764622453814;1.0616495377546185;1.08862;1.06106;1.07484;18.101730647161354;28.74358346323146;12.71145632593951;0.016999999999999904;-0.005020275228201558
2024-05-16;52027;1.0867;1.08829;1.08951;1.08545;1.0834546;0.003245399999999954;54282.25666666667;0.9584531520027769;-0.15435785295575544;1.0875400000000002;63.565699296917806;0.0023850216311376293;0.00036392243487189086;0.0020210991962657386;88.55397148676182;94.71081540535634;1.0745295000000001;1.0868723707762245;1.0621866292237758;1.08951;1.06106;1.075285;19.69570403239801;28.385784452288043;12.04480738964932;0.014229999999999965;0.0019239641468194043
2024-05-17;43305;1.0869;1.08667;1.08786;1.08357;1.0834592333333335;0.003440766666666484;54201.2;0.7989675505337892;0.01840434342503805;1.0862900000000002;63.76659821842236;0.0028129069487370373;0.0008537193376449202;0.0019591876110921173;89.3686354378819;92.30274555983472;1.0755940000000002;1.0883418694689986;1.0628461305310017;1.08951;1.06241;1.07596;20.566454206990294;26.787166798042456;13.834468342819529;0.010520000000000085;0.008769834539696465
2024-05-20;42812;1.08568;1.08663;1.08846;1.08544;1.0834672666666667;0.002212733333333272;54095.49;0.7914153287084023;-0.11224583678350886;1.0862900000000002;61.537537994488886;0.003018766876215384;0.0012867288453590133;0.0017320380308563708;84.39918533604893;87.44059742023087;1.076608;1.0891761082108116;1.0640398917891885;1.08951;1.06386;1.076685;21.474524780531087;26.50383013771469;13.267990171485428;0.008669999999999956;0.015015397063598014
2024-05-21;47013;1.08538;1.08569;1.08749;1.08427;1.0834989666666666;0.0018810333333334484;53992.86;0.8707262404694119;-0.02763245155109617;1.0837800000000002;60.97310425409794;0.0031217196185280294;0.0016537269999928167;0.0014679926185352126;81.29528985507251;85.02103687633445;1.0773655000000002;1.0901293528273681;1.0646016471726323;1.08951;1.06496;1.077235;21.925649639241716;25.3136594479139;14.303846474528529;0.009889999999999954;0.020505126287669137
2024-05-22;50908;1.08218;1.08513;1.08637;1.08176;1.0835066666666666;-0.0013266666666666982;53969.74;0.9432693209192887;-0.29482761797712254;1.0837800000000002;55.16118170335027;0.0029115347913539757;0.0019052885582650485;0.0010062462330889272;58.56416054267911;74.75287857793352;1.077979;1.0904260637500873;1.0655319362499127;1.08951;1.06496;1.077235;21.551481261254718;23.67453543067765;16.90320864823934;0.007359999999999811;0.024629707047071053
2024-05-23;63757;1.08156;1.08224;1.08611;1.08049;1.0834965333333335;-0.0019365333333334345;54005.87666666666;1.1805567085505733;-0.057291762922973;1.0830850000000003;54.08548792071226;0.002664221496088137;0.0020570751458296663;0.0006071463502584709;53.53594389246101;64.46513143007088;1.078408;1.090727088602602;1.0660889113973981;1.08951;1.06496;1.077235;20.827280728022856;21.819619909160597;17.349388724652982;0.0034000000000000696;0.027501061280768173
2024-05-24;50772;1.08461;1.08146;1.08579;1.07984;1.0834970666666668;0.001112933333333288;53995.32;0.9403037152106998;0.2820000739672368;1.0830850000000003;58.38480848414948;0.0026834008630896022;0.002182340289281654;0.0005010605738079484;71.36177673874975;61.15396039129663;1.079176;1.091021666549367;1.0673303334506328;1.08951;1.06496;1.077235;19.961353561414114;20.030271773218967;16.822496149195395;0.007689999999999975;0.029909348000904282
2024-05-27;31508;1.08566;1.08457;1.08674;1.08407;1.0834807333333334;0.0021792666666666793;53920.596666666665;0.5843407148250677;0.09680899125030784;1.0856500000000002;59.7810319122762;0.0027516080496223783;0.002296193841349799;0.0004554142082725792;77.49853886616062;67.46541983245713;1.0798595;1.0915441848052836;1.0681748151947164;1.08951;1.06496;1.077235;19.39759514855403;20.623040371980558;16.181230200345002;0.006680000000000019;0.032035401661418134
2024-05-28;53305;1.08564;1.08569;1.08891;1.08505;1.0834857000000002;0.0021542999999997203;53904.066666666666;0.9888864291004039;-0.0018421973730364805;1.0856500000000002;59.73991760071351;0.002772093930243802;0.0023913738591286;0.000380720071115202;77.38164815897107;75.41398792129381;1.0808135;1.0910212858029484;1.0706057141970517;1.08951;1.06496;1.077235;19.396154261450114;22.61717057270346;15.27470220466106;0.00366999999999984;0.0338139630381871
2024-05-29;57639;1.08006;1.08573;1.08595;1.07999;1.0834516666666665;-0.0033916666666664597;53893.93666666667;1.0694895115286496;-0.5139825356471728;1.0816350000000001;49.509232920635256;0.002311425102465625;0.002375384107796005;-6.395900533037995e-05;29.791976225854835;61.55738775032884;1.0812475000000001;1.0905082146051963;1.071986785394804;1.08951;1.06743;1.07847;18.09905668185097;20.68978217187182;21.20796858714496;-0.008319999999999883;0.034204068849585434
2024-05-30;58092;1.08321;1.08007;1.08452;1.07884;1.0834104;-0.00020039999999998948;53894.81;1.0778774431153804;0.29165046386312454;1.0816350000000001;54.270252046997136;0.0021754432561724713;0.0023353959374712986;-0.00015995268129882735;51.27610208816684;52.816575490997586;1.0817845;1.0901492318545738;1.073419768145426;1.08951;1.07182;1.080665;17.180674580975424;19.025757771795664;21.13063851517658;-0.003489999999999993;0.034152440436882286
2024-05-31;66230;1.08485;1.08269;1.08824;1.08113;1.0833908;0.0014591999999999938;53934.60333333333;1.2279686121109459;0.15140185190314348;1.0876300000000003;56.56656016400426;0.0021749396072969773;0.002303304671436434;-0.00012836506413945684;63.565285379203615;48.211121231075104;1.082208;1.090288164849738;1.0741278351502621;1.08951;1.0724;1.0809549999999999;16.509546040681084;22.282499184716922;19.06374569654779;-0.0020499999999998852;0.0340377001782388
2024-06-03;64664;1.09041;1.08463;1.09046;1.08279;1.0833853333333334;0.007024666666666679;53995.46666666667;1.1975820192310223;0.5125132506798247;1.0876300000000003;63.29575725646439;0.0025932921375819706;0.0023613021646655416;0.000231989972916429;99.56970740103371;71.47036495613473;1.082878;1.0913363795137707;1.0744196204862293;1.09046;1.0724;1.0814300000000001;16.371720741998708;22.962235607901835;17.118471739560913;0.004730000000000123;0.03482653196427205
2024-06-04;67889;1.0879;1.09041;1.09162;1.08589;1.0833788;0.004521200000000114;54161.27;1.253460267825837;-0.23018864463825173;1.0874050000000002;58.8621354005299;0.002691280107035343;0.0024272977531395023;0.00026398235389584086;70.89201877934318;78.0090038531935;1.0834985000000001;1.0915067264577751;1.0754902735422252;1.09162;1.0724;1.08201;16.486664569614856;22.756036976373565;15.819750045262934;0.0025200000000000777;0.035662404876941035
2024-06-05;56531;1.08691;1.08777;1.08919;1.08546;1.0833816666666667;0.0035283333333333555;54214.46666666667;1.0427290624763668;-0.09100101112234915;1.0874050000000002;57.161414028115374;0.0026584070904298596;0.0024735196205975737;0.00018488746983228582;63.14553990610339;77.86908869549343;1.0841030000000003;1.0911694279518749;1.0770365720481256;1.09162;1.0724;1.08201;16.461551139291405;21.606873215921848;15.603027287365844;0.004730000000000123;0.036244069134202334
2024-06-06;57859;1.08893;1.08682;1.0902;1.0862;1.0833737333333333;0.005556266666666643;54246.35;1.0665971074549594;0.1858479542924396;1.0845600000000002;59.71882289903582;0.0027634962416316355;0.002531514944804386;0.00023198129682724944;78.95148669796495;70.99634846113717;1.0846415;1.0914510969777265;1.0778319030222736;1.09162;1.07605;1.083835;16.66627643509619;21.807633691775642;14.743196881061452;0.007369999999999877;0.03692491243615679
2024-06-07;68806;1.08019;1.08862;1.0902;1.07998;1.0833105333333335;-0.0031205333333335084;54305.08666666667;1.267026796630113;-0.8026227581203527;1.0845600000000002;46.72214022719304;0.0021171302348337306;0.002448638002810255;-0.00033150776797652437;10.563380281689835;50.88680229525272;1.084805;1.090993904587976;1.078616095412024;1.09162;1.07658;1.0841;15.813444309373404;18.936351798717034;20.815262189204077;-0.0044200000000000905;0.03598803406542406
2024-06-10;61302;1.07656;1.07726;1.07817;1.07329;1.0832167333333333;-0.006656733333333387;54341.753333333334;1.128082850473394;-0.3360519908534587;1.0753000000000001;42.57754807629942;0.001297018631389868;0.002218314128526178;-0.0009212954971363099;17.839607201308738;35.78482472698784;1.084684;1.0913962169213356;1.0779717830786644;1.09162;1.07329;1.082455;16.309717558815258;17.28194333320905;27.46748040487812;-0.009100000000000108;0.03328193030054495
2024-06-11;61458;1.07404;1.07638;1.07736;1.07197;1.0831321333333332;-0.009092133333333141;54371.54;1.1303339945859303;-0.23407891803520764;1.0753000000000001;39.9294675372583;0.00043867457021429246;0.0018623862168638007;-0.0014237116466495083;10.534351145038281;12.979112876012286;1.0842875;1.0923875490738666;1.0761874509261335;1.09162;1.07197;1.081795;16.98387146229174;16.09873164979421;27.263612644983738;-0.011599999999999833;0.02898797370372903
2024-06-12;77312;1.08091;1.07358;1.08524;1.07344;1.0830926666666667;-0.002182666666666666;54462.62333333334;1.4195423442386355;0.6396409817138959;1.0773650000000001;49.20452207881187;0.0003092178320258654;0.0015517525398962137;-0.0012425347078703483;45.496183206106735;24.623380517484588;1.083914;1.0919130359418512;1.075914964058149;1.09162;1.07197;1.081795;15.821602351593246;23.142489127563266;23.474450176239376;0.0008500000000000174;0.02500224756943622
2024-06-13;68693;1.07382;1.08085;1.08165;1.07329;1.0830141999999998;-0.00919419999999982;54538.42333333333;1.2595340276000047;-0.6559288007327191;1.0773650000000001;41.99754591511939;-0.0003613162828739469;0.0011691387753421816;-0.0015304550582161285;9.414758269719655;21.815097540288225;1.08327;1.09227838720299;1.07426161279701;1.09162;1.07197;1.081795;14.771180120367948;20.923740494590504;21.395896928988204;-0.00939000000000001;0.02006383754488559
2024-06-14;81564;1.07058;1.07349;1.0745;1.06676;1.0829308;-0.012350799999999884;54644.346666666665;1.4926338217113233;-0.30172654634854634;1.0719800000000002;39.173790222117034;-0.0011410074978768225;0.0007071095206983808;-0.0018481170185752033;15.36604987932478;23.425663785050393;1.082454;1.0928491650299048;1.0720588349700952;1.09162;1.06676;1.07919;14.926346945042798;19.09812952936223;26.890163094533186;-0.014270000000000005;0.014075557560130098
2024-06-17;71772;1.07338;1.07035;1.07379;1.06865;1.0828518666666667;-0.009471866666666662;54717.32;1.3116870489999672;0.26154047338824427;1.0719800000000002;42.75584373094144;-0.001515511925609836;0.0002625852314367374;-0.0017780971570465734;26.62912308930025;17.1366437461149;1.081839;1.0928359375736578;1.0708420624263422;1.09162;1.06676;1.07919;15.070430425098015;17.976423527144817;25.310801236222957;-0.0170300000000001;0.008120384209527114
2024-06-18;65587;1.07397;1.07339;1.07615;1.07101;1.0827686333333335;-0.008798633333333417;54772.54;1.1974430983114537;0.054966554249191724;1.0741650000000003;43.51073757108591;-0.0017445907573023778;-0.00013884996631108564;-0.001605740790991292;29.002413515688378;23.665862161437804;1.0812685;1.0926486252628824;1.0698883747371175;1.09162;1.06676;1.07919;14.679041444318074;19.638425996415666;23.80508664441101;-0.013929999999999998;0.0025337925653204575
2024-06-19;46385;1.07436;1.07396;1.07535;1.07249;1.0826677333333334;-0.008307733333333456;54747.51666666667;0.847253041309786;0.03631386351572452;1.0741650000000003;44.036101153449835;-0.0018730759871776748;-0.00048569517048440347;-0.0013873808166932713;30.57119871279171;28.734245105926785;1.0808775000000002;1.0926365405645564;1.069118459435444;1.09162;1.06676;1.07919;14.315608819308128;18.962468730107283;22.98571235772799;-0.012550000000000061;-0.002500820996838303
2024-06-20;62305;1.07026;1.0742;1.07488;1.0702;1.0825773;-0.012317300000000087;54788.94666666666;1.1371819279361086;-0.38162254737704737;1.06973;39.8411242114284;-0.0022794609850895764;-0.000844448333405438;-0.0014350126516841383;14.078841512470008;24.550817913650036;1.0803125000000002;1.0929399001678435;1.067685099832157;1.09162;1.06676;1.07919;14.404859983875074;17.878049517009664;24.469498325289766;-0.018669999999999964;-0.007685900712085687
2024-06-21;65095;1.0692;1.06993;1.07206;1.06711;1.0824616333333335;-0.013261633333333522;54807.14;1.1877102143988563;-0.09904135443724593;1.06973;38.81170993662435;-0.0026564354309168703;-0.0012068457529077247;-0.0014495896780091456;9.814963797264632;18.15500134084212;1.079542;1.092886676241813;1.066197323758187;1.09162;1.06676;1.07919;15.016115457169878;16.784697823042443;26.79066225959932;-0.010990000000000055;-0.01292636239923916
2024-06-24;62397;1.07343;1.06827;1.07465;1.06806;1.0823634333333332;-0.008933433333333074;54839.79;1.1378052322955399;0.39562289562291575;1.0724200000000002;44.926993158554744;-0.002584077114332395;-0.0014822920251926588;-0.001101785089139736;28.455631399318;17.449812236350883;1.0789305;1.0922184636889471;1.0656425363110529;1.09162;1.06676;1.07919;14.940032871196225;18.59987490999306;24.630996111094937;-0.003129999999999855;-0.017190131168170843
2024-06-25;58453;1.07141;1.0729;1.07443;1.06908;1.0822626333333334;-0.010852633333333417;54817.183333333334;1.0663262219174463;-0.1881818097128063;1.0724200000000002;42.730730576990844;-0.0026590775544517165;-0.0017176491310444703;-0.0009414284234072461;19.837883959044444;19.369493051875697;1.0782190000000003;1.091517614815038;1.0649203851849625;1.09162;1.06676;1.07919;14.869384755649262;17.375291631131063;23.009334345877562;-0.0026300000000001322;-0.020948716287741982
2024-06-26;65479;1.068;1.07113;1.07181;1.06661;1.0821638333333332;-0.014163833333333153;54879.64;1.1931382931810062;-0.3182721833845048;1.0691850000000003;39.243118936344814;-0.0029595584969446254;-0.0019660310042245014;-0.000993527492720124;5.892327257312431;18.061947538558297;1.077616;1.0916019377947532;1.0636300622052466;1.09162;1.06661;1.079115;15.264632866498529;16.2550761868938;24.588290399555838;-0.012909999999999977;-0.024783872746774262
2024-06-27;65290;1.07037;1.06787;1.07266;1.0676;1.0820653333333332;-0.011695333333333169;54913.98;1.1889504275593958;0.22191011235954683;1.0691850000000003;42.741039254322025;-0.002972191047365902;-0.0021672630128527813;-0.0008049280345131206;20.182501341921636;15.304237519426174;1.076974;1.0910523570063655;1.0628956429936347;1.09162;1.06661;1.079115;15.399132536867535;16.289462228412553;23.032193590667426;-0.003449999999999953;-0.028029882671451935
2024-06-28;73367;1.07139;1.07036;1.07249;1.06855;1.0819492000000002;-0.010559200000000102;54965.97666666667;1.334771152069404;0.09529415062081714;1.0726950000000002;44.22922663206906;-0.002866849700289942;-0.0023071803503402137;-0.0005596693499497281;25.657541599570724;17.2441233996016;1.0763010000000002;1.090092967082278;1.0625090329177223;1.09162;1.06661;1.079115;15.524025087924468;15.468565172344324;21.871500889566818;0.0008099999999999774;-0.03050338107377666
2024-07-01;68549;1.074;1.07439;1.07765;1.07197;1.0818584666666666;-0.007858466666666564;54964.57;1.2471488451558437;0.24360876991571523;1.0726950000000002;47.95661551999766;-0.0025434415257969967;-0.0023544325854315705;-0.0001890089403654262;39.66720343531958;28.502415458937318;1.0754804999999998;1.087677697177983;1.0632833028220168;1.09162;1.06661;1.079115;14.528400147696784;20.783972624093945;20.13528941441742;0.0006200000000000649;-0.03182177914052791
2024-07-02;62502;1.07453;1.07375;1.07472;1.071;1.0817674;-0.007237399999999949;55003.03666666667;1.1363372604092339;0.049348230912471536;1.0766050000000003;48.706306111619796;-0.002218794762011367;-0.0023273050207475296;0.00010851025873616273;52.65957446808483;39.328106500991716;1.074812;1.0855969869725728;1.0640270130274274;1.0902;1.06661;1.078405;13.604956374566084;19.779159809492207;20.42246105048259;0.0005599999999998939;-0.03215149211614259
2024-07-03;58934;1.07868;1.07443;1.08169;1.07364;1.0816949999999999;-0.003014999999999768;55062.63;1.0703084832669507;0.38621536857976757;1.0766050000000003;54.26214031544113;-0.0016081023429539432;-0.0021834644851888123;0.0005753621422348691;80.03978779840875;57.45552190060439;1.0744004999999999;1.0838534666771094;1.0649475333228904;1.0902;1.06661;1.078405;13.935985428633401;26.543668099053264;18.354523833071383;0.0043200000000001015;-0.030990141571003448
2024-07-04;40522;1.08113;1.07778;1.08139;1.07777;1.0816449333333333;-0.0005149333333334116;55049.736666666664;0.7360979807289295;0.2271294545184599;1.08251;57.2088790749123;-0.0009158720734026016;-0.0019299460028315701;0.0010140739294289686;96.28647214854034;76.32861147167797;1.0740105000000002;1.0814661112424484;1.066554888757552;1.0902;1.06661;1.078405;14.243369550267337;25.302882769637964;17.49654053492689;0.010869999999999935;-0.028374334864330896
2024-07-05;56386;1.08389;1.08096;1.08427;1.08;1.0815971;0.002292900000000042;55073.82;1.0238258395729543;0.25528844819773244;1.08251;60.31103254383107;-0.00014291819186351695;-0.0015725404406379596;0.0014296222487744426;97.84824462061128;91.39150152252013;1.0741955;1.0824011626178835;1.0659898373821166;1.08524;1.06661;1.075925;15.028525440605623;27.66514485918942;16.515831571329464;0.014690000000000092;-0.02433967479628683
2024-07-08;55833;1.08245;1.08014;1.08451;1.08012;1.0815667;0.0008832999999999203;55082.88333333333;1.0136179629907391;-0.13285480998995736;1.08191;57.950526610136194;0.0003494293585375452;-0.0011881464808028586;0.0015375758393404038;88.4916201117309;94.20877896029418;1.07449;1.0834060058321282;1.0655739941678717;1.08524;1.06661;1.075925;15.798296054734397;26.36803237477415;15.550757107717775;0.009019999999999806;-0.01973985240223337
2024-07-09;52344;1.08137;1.08239;1.08335;1.08056;1.0815547333333333;-0.0001847333333333534;55105.28;0.9498908271583142;-0.09977366160099921;1.08191;56.17472187251385;0.00064503579422448;-0.0008215100257973909;0.0014665458200218708;82.45810055865844;89.59932176366688;1.0748564999999999;1.0842577898582357;1.065455210141764;1.08524;1.06661;1.075925;16.51308305356826;25.35404622480069;14.952750699628245;0.009959999999999969;-0.015115626323633868
2024-07-10;49683;1.08301;1.08092;1.08307;1.08092;1.0815399333333333;0.001470066666666714;55138.14333333333;0.9010640728258893;0.15165946900692617;1.0848950000000002;58.26609545452814;0.001000111653588931;-0.0004571856899201266;0.0014572973435090575;91.62011173184327;87.52327746741088;1.0749615000000001;1.0846726838103589;1.0652503161896414;1.08451;1.06661;1.07556;17.176813838199703;24.569935741203917;14.490315296685779;0.015009999999999968;-0.010346766310120891
2024-07-11;66204;1.08678;1.08248;1.09;1.08248;1.0815416333333334;0.005238366666666661;55209.566666666666;1.1991400041174267;0.34810389562422994;1.0848950000000002;62.675528834757635;0.0015676484476372377;-5.221886240865375e-05;0.0016198673100458914;86.23343309106457;86.7705484605221;1.0756095;1.0865777386461368;1.0646412613538634;1.09;1.06661;1.078305;18.935657583095118;31.621485767610245;12.97843822444368;0.016410000000000036;-0.0049821504292388115
2024-07-12;66563;1.09061;1.08617;1.09114;1.08598;1.0815641;0.009045900000000051;55275.94;1.2041948088080991;0.35241723255856616;1.0900250000000002;66.54296636328588;0.0022999619079584477;0.0004182172916647666;0.001881744616293681;97.83938035059144;91.89764172449976;1.076611;1.0891103630237169;1.064111636976283;1.09114;1.06661;1.078875;20.721798219766406;30.939426780780426;12.049425761516222;0.019220000000000015;0.0012551301767925894
2024-07-15;63243;1.08944;1.08845;1.09225;1.08825;1.0816055666666666;0.007834433333333335;55340.386666666665;1.14280011053992;-0.10727941243892092;1.0900250000000002;64.34942374197072;0.0027541680445866135;0.000885407442249136;0.0018687606023374773;89.04056162246493;91.03779168804033;1.077414;1.0909964745903944;1.0638315254096058;1.09225;1.06661;1.07943;22.529079644169773;30.759581054002183;11.369981496986291;0.015439999999999898;0.007593845014805062
2024-07-16;58565;1.08986;1.08935;1.09056;1.08716;1.0816364666666667;0.008223533333333366;55364.543333333335;1.05780697309083;0.03855191658099777;1.0919100000000002;64.79802354692818;0.0031121452964224527;0.0013307550130837995;0.0017813902833386532;90.30425963488881;92.39473386931506;1.0782085000000001;1.0927194286745803;1.06369757132542;1.09225;1.06661;1.07943;23.81307070902776;29.2497999158828;12.385457729099144;0.015330000000000066;0.013788329472658237
2024-07-17;68869;1.09396;1.08981;1.09482;1.08942;1.0816789333333332;0.01228106666666684;55437.04666666667;1.2422920076187485;0.3761951076284964;1.0919100000000002;68.9106847364313;0.003684211288072614;0.0018014462680815625;0.0018827650199910516;96.7263037685578;92.02370834197052;1.0791885;1.0951065781188813;1.0632704218811189;1.09482;1.06661;1.080715;25.588566059367647;33.09436039553322;11.42620077469435;0.01527999999999996;0.0203348527189352
2024-07-18;65789;1.08959;1.0938;1.09411;1.08937;1.0817207;0.007869300000000079;55493.57666666667;1.185524594948403;-0.39946615964020493;1.088915;60.76228632912408;0.0037418218366522815;0.0021895213817957064;0.001552300454856575;78.04366078925334;88.35807473089999;1.080155;1.0961344661988082;1.0641755338011918;1.09482;1.06661;1.080715;27.21885098779012;30.836693018274637;10.718676749967287;0.008460000000000134;0.02600203704861353
2024-07-19;61356;1.08824;1.08953;1.09019;1.08757;1.0817650333333333;0.006474966666666804;55521.18;1.1050917865936738;-0.12389981552693996;1.088915;58.46243580348396;0.003636624154352619;0.0024789419363070893;0.0011576822180455297;72.37615449202426;82.38203968327848;1.081107;1.096624382640088;1.065589617359912;1.09482;1.06661;1.080715;28.065756832119785;29.633336935474098;12.981401023211781;0.004350000000000076;0.03053957299427136
2024-07-22;61337;1.08905;1.0884;1.09028;1.08732;1.0818201333333333;0.0072298666666668066;55553.73;1.1041022808007483;0.07443211056383792;1.0871750000000002;59.45406377923738;0.003577376692102341;0.0026986288874661394;0.0008787478046362015;72.75731822474108;74.39237783533956;1.081888;1.097353455182404;1.066422544817596;1.09482;1.06661;1.080715;28.75956214295473;28.290149248401057;12.775822845218288;0.006600000000000161;0.03421124190064107
2024-07-23;55978;1.0853;1.08903;1.08968;1.0844;1.0818627666666667;0.003437233333333234;55578.77333333333;1.007183078047841;-0.3443368073091313;1.0871750000000002;53.1302309473656;0.003191044615500571;0.002797112033073026;0.00039393258242754504;44.164222873900485;63.09923186355528;1.0825825;1.0973345044400409;1.0678304955599591;1.09482;1.06661;1.080715;28.370927946693225;26.02415081680938;16.182188239519814;0.003929999999999989;0.036398134573996516
2024-07-24;63347;1.08392;1.08482;1.08667;1.08258;1.0819061666666665;0.0020138333333334923;55713.87666666666;1.1370057836576435;-0.12715378236431985;1.084205;50.98120606609541;0.0027419121382143974;0.0027860720541013004;-4.415991588690299e-05;26.450742240215707;47.79076111295243;1.0833785;1.0965282182859188;1.0702287817140812;1.09482;1.0676;1.08121;27.430352282517816;24.394163006237477;17.955759860220038;0.0009099999999999664;0.03717550959793894
2024-07-25;79069;1.08449;1.08362;1.08701;1.08284;1.0819431333333334;0.0025468666666665918;55808.236666666664;1.4167980341728381;0.052586906782781107;1.084205;51.847566152540345;0.002404250942184216;0.0027097078317178834;-0.00030545688953366717;29.727891156462615;33.447618756859605;1.0840845;1.0958030416754416;1.0723659583245582;1.09482;1.06855;1.081685;26.63610790439963;23.349142216439688;16.800381165288492;-0.0022900000000001253;0.03700626603797984
2024-07-26;60590;1.08554;1.08422;1.08683;1.08421;1.0819988333333332;0.0035411666666667063;55828.08666666667;1.085296015279092;0.09681970327066747;1.08383;53.47868978028431;0.002196063384699798;0.002606978942314267;-0.0004109155576144689;34.92286115007017;30.367164848916172;1.084792;1.0949662628233745;1.0746177371766255;1.09482;1.071;1.08291;25.898595267575597;22.374976000265583;16.099440479829454;-0.00507000000000013;0.03632819768930316
2024-07-29;58471;1.08212;1.08541;1.08701;1.08029;1.0820184333333336;0.00010156666666638614;55848.38333333333;1.0469595807456593;-0.3150505739079157;1.08383;47.79918326804171;0.0017351065988109315;0.0024326044736136;-0.0006974978748026683;12.594631796283599;25.74846136760547;1.085198;1.094197485763038;1.0761985142369621;1.09482;1.071;1.08291;24.119335137828834;20.062869440015575;20.46365793107138;-0.007319999999999993;0.034649254286410844
2024-07-30;60271;1.08143;1.08199;1.08358;1.07983;1.0820541;-0.0006241000000000163;55892.93666666667;1.0783294561785575;-0.06376372306214906;1.0820100000000001;46.72110421033027;0.001299142090221972;0.0022059119969352744;-0.0009067699067133025;10.673782521680062;19.397091822677947;1.085543;1.0933271482513593;1.0777588517486405;1.09482;1.07364;1.0842299999999998;22.597646009390505;18.889811229033977;19.984387110075122;-0.00843000000000016;0.032180496358462485
2024-07-31;81694;1.08259;1.08144;1.08495;1.0802;1.082092;0.0004979999999998874;56022.35666666667;1.4582392612660902;0.10726538009857567;1.0820100000000001;48.81135015856048;0.0010353050297580157;0.0019717906034998228;-0.000936485573741807;18.41227484989929;13.893563055954322;1.0857385000000002;1.093002381262738;1.0784746187372622;1.09482;1.07777;1.0862949999999998;21.192708969822544;19.62495175175417;18.508211593559253;-0.011370000000000102;0.029436340466384547
2024-08-01;81483;1.07913;1.08212;1.08355;1.07776;1.0821249666666666;-0.002994966666666654;56152.28333333333;1.4511075091333863;-0.31960391283866185;1.0847200000000001;43.348502754081146;0.000540785338172034;0.0016855895504342651;-0.0011448042122622311;8.030480656505762;12.372179342695043;1.0856385;1.0932022802056345;1.0780747197943654;1.09482;1.07776;1.08629;20.181342786410585;17.890219434580505;20.597268621484986;-0.010460000000000136;0.02594358076297394
2024-08-02;96923;1.09105;1.07875;1.09267;1.07818;1.0821954666666667;0.008854533333333414;56328.64666666667;1.7206697787990433;1.104593515146468;1.08546;59.9699604295533;0.0010980615303692876;0.0015680839464212698;-0.0004700224160519822;77.90152403282613;34.781426513077065;1.0859965;1.0938669212720267;1.0781260787279734;1.09482;1.07776;1.08629;20.380859502773085;26.557621933200704;16.634430637223666;0.002809999999999979;0.02420217890011309
2024-08-05;148371;1.09512;1.0924;1.10088;1.08928;1.0822514666666665;0.012868533333333598;56673.17;2.6180113094074997;0.3730351496264994;1.0941250000000002;63.868051128938276;0.0018468327746221647;0.0016238337120614487;0.00022299906256071592;75.0865051903115;53.6728366265478;1.08663;1.0952596210808587;1.0780003789191412;1.10088;1.07776;1.08932;21.74193983256693;32.84865333684505;14.267811676378239;0.00607000000000002;0.024395216289424194
2024-08-06;110281;1.09313;1.09517;1.09632;1.09038;1.0823122;0.010817799999999878;56905.333333333336;1.9379730078020916;-0.18171524581782617;1.0941250000000002;60.75291935254257;0.0022536839457647506;0.0017498037588021093;0.0005038801869626413;66.47923875432467;73.15575599248744;1.087218;1.0959360194998196;1.0784999805001805;1.10088;1.07776;1.08932;23.005800138804073;30.45892716073916;13.22983417729623;0.007830000000000004;0.025467486493380913
2024-08-07;86469;1.09235;1.09284;1.09367;1.09055;1.0823674333333335;0.009982566666666415;57061.39666666667;1.5153677451168508;-0.07135473365473821;1.0921150000000002;59.52735656565404;0.002484536755682498;0.0018967503581781872;0.000587786397504311;63.105536332179334;68.22376009227185;1.087685;1.096451843217445;1.078918156782555;1.10088;1.07776;1.08932;24.17938470888142;29.255044481959203;12.706927768770202;0.008429999999999938;0.026891112882267344
2024-08-08;81506;1.09188;1.0921;1.09452;1.08816;1.0824093666666665;0.009470633333333422;57166.44;1.425766586129655;-0.04302650249461415;1.0921150000000002;58.75818237165642;0.0025995976551258515;0.0020373198175677202;0.0005622778375581313;61.07266435986113;63.55247981545504;1.0879400000000001;1.096881657564416;1.0789983424355842;1.10088;1.07776;1.08932;24.551034874422303;26.91932375657518;14.69268166278457;0.007390000000000008;0.028350739625113835
2024-08-09;64369;1.09156;1.09136;1.09314;1.09092;1.0824375666666666;0.009122433333333513;57212.426666666666;1.1250877431754118;-0.0293072498809277;1.0923850000000002;58.206717289939284;0.002634592973435046;0.0021567744487411855;0.0004778185246938605;59.68858131487897;61.28892733563981;1.0879875;1.09699523639708;1.0789797636029201;1.10088;1.07776;1.08932;24.896138599567404;26.13495120532242;14.264567780549026;0.006020000000000136;0.029657931675870802
2024-08-12;55697;1.09321;1.09145;1.09395;1.091;1.0824330666666666;0.010776933333333405;57224.5;0.9733068877839085;0.15115980798123818;1.0923850000000002;60.27691255644016;0.0027636110379398726;0.002278141766580923;0.0004854692713589497;66.82525951557069;62.52883506343694;1.088176;1.0974512431773669;1.0789007568226332;1.10088;1.07776;1.08932;25.35560219142843;26.187896054010206;13.6935772792994;0.011090000000000044;0.031045789363077905
2024-08-13;60880;1.09928;1.09299;1.09997;1.09139;1.0824499666666667;0.016830033333333327;57267.676666666666;1.0630778747031884;0.5552455612370943;1.100255;66.79346403044023;0.003317415948444369;0.0024859966029536123;0.0008314193454907566;93.07958477508632;73.19780853517867;1.088647;1.0990985723218716;1.0781954276781283;1.10088;1.07776;1.08932;26.66867011151996;31.087155972137314;12.167983734760872;0.017850000000000144;0.03346061405434834
2024-08-14;61631;1.10123;1.09851;1.10474;1.09822;1.0824802333333334;0.0187497666666665;57356.86;1.0745183749596694;0.17738883632922864;1.100255;68.57688812218666;0.0038690589301964007;0.0027626090684021703;0.0011064498617942304;86.99036323202326;82.29840250756008;1.0890105;1.100617722708268;1.0774032772917321;1.10474;1.07776;1.09125;28.424855233572565;34.60251796751889;11.151285967763254;0.01863999999999999;0.036743562654891676
2024-08-15;52851;1.09712;1.10124;1.10159;1.09497;1.0824979666666668;0.01462203333333334;57368.65666666667;0.9212521796888996;-0.3732190368950894;1.0999900000000002;61.12537476204304;0.003929302760000031;0.0029959478067217425;0.0009333549532782883;71.7568569310602;83.94226831272327;1.0893869999999999;1.1015215063352142;1.0772524936647856;1.10474;1.07776;1.09125;29.091027845707234;31.705794934169383;14.327602099589953;0.017990000000000173;0.039652443348515067
2024-08-16;50380;1.10286;1.09722;1.10297;1.09662;1.0825121;0.020347899999999974;57360.69666666666;0.8783017454051939;0.5231879830829733;1.0999900000000002;66.58608171295965;0.004389615700615357;0.0032746813855004655;0.0011149343151148914;93.03187546330577;83.92636520879641;1.090118;1.1035771984902294;1.0766588015097704;1.10474;1.07776;1.09125;29.88402073482825;30.911965282086655;13.187213839691642;0.011809999999999876;0.04314031091336145
2024-08-19;53888;1.10851;1.10273;1.10866;1.10219;1.0825551666666666;0.025954833333333482;57369.776666666665;0.9393099142270314;0.5123043722684795;1.1107550000000002;70.91667979358942;0.005150947882571977;0.0036499346849147678;0.001501013197657209;99.51456310679653;88.1010985003875;1.091091;1.1067367059923625;1.0754452940076376;1.10866;1.07776;1.09321;31.25404496619919;35.492879932289625;12.1279999862573;0.013390000000000013;0.047795855941200616
2024-08-20;61195;1.113;1.10778;1.11305;1.1072;1.0826333666666665;0.030366633333333448;57393.19666666666;1.0662413588043045;0.4050482178780346;1.1107550000000002;73.82046794556601;0.006046909587722249;0.0041293296654762645;0.0019175799222459844;99.85831680362679;97.46825179124305;1.092476;1.1105427909712688;1.0744092090287312;1.11305;1.07776;1.095405;32.92541570143501;38.36173151557512;11.248263970398387;0.019870000000000054;0.05374336579859575
2024-08-21;63003;1.11499;1.11268;1.11741;1.1099;1.0827148999999998;0.03227510000000011;57456.64666666667;1.0965311004921572;0.17879604672057514;1.11306;75.01131442031252;0.006838709674803267;0.004671205667341666;0.0021675040074616014;93.83125159316829;97.7347105011972;1.0940295;1.1141165729326004;1.0739424270673996;1.11741;1.07776;1.097585;34.81760381550721;40.156735117311634;10.223054488606188;0.022639999999999993;0.060547468889648515
2024-08-22;60349;1.11113;1.11438;1.11649;1.10983;1.0827650333333332;0.02836496666666677;57490.083333333336;1.0497288662825532;-0.34619144566319093;1.11306;68.50226267256583;0.007073211627076859;0.005151606859288705;0.0019216047677881537;78.52991452991431;90.73982764223648;1.0953615;1.1162583564860766;1.0744646435139236;1.11741;1.07776;1.097585;36.553994689679996;36.94117389899527;9.488603879962175;0.01924999999999999;0.06681420467974337
2024-08-23;62442;1.1192;1.11062;1.1201;1.11036;1.0828580333333333;0.03634196666666667;57531.363333333335;1.0853558195414885;0.7262876531098916;1.11765;73.65025884490038;0.007820092511313215;0.0056853039896936075;0.002134788521619607;97.18221665623005;89.84779425977091;1.0970445;1.1198416730484237;1.0742473269515762;1.1201;1.07776;1.0989300000000002;38.43339265665845;36.95489074070236;8.42596120575419;0.027639999999999887;0.07376489831133282
2024-08-26;61803;1.1161;1.11868;1.12018;1.11503;1.0829569666666667;0.03314303333333335;57562.29666666667;1.0736715450719378;-0.27698355968548416;1.11765;68.9858991887063;0.008068844286583277;0.006162012049071542;0.001906832237511735;87.25796377264251;87.65669831959563;1.0987434999999999;1.1219003342179985;1.0755866657820012;1.12018;1.07776;1.09897;40.18432527662538;34.83266470129122;7.920847072903429;0.022890000000000077;0.08016615963461238
2024-08-27;54820;1.11842;1.11609;1.11907;1.11506;1.0830484333333334;0.03537156666666652;57572.60333333333;0.9521890070281197;0.20786667861301122;1.1152050000000002;70.49204771025059;0.008356853862232505;0.006600980411703735;0.0017558734505287703;94.50343535290448;92.98120526059235;1.100593;1.1238317143362098;1.07735428566379;1.12018;1.07776;1.09897;41.81019128088038;33.16550023991415;7.541738702723019;0.019139999999999935;0.08617691859664352
2024-08-28;60845;1.11199;1.11807;1.11853;1.11051;1.0831171;0.02887290000000009;57630.40666666667;1.0557794664180653;-0.574918188158291;1.1152050000000002;61.567830586679776;0.007974333115379428;0.006875650952438874;0.0010986821629405544;72.00956937799077;84.5903228345126;1.1020629999999998;1.1242564892254472;1.0798695107745524;1.12018;1.07776;1.09897;41.85778983634274;30.06606209404093;12.138858856699738;0.010760000000000103;0.09034038572635684
2024-08-29;67621;1.1078;1.1107;1.11401;1.10557;1.0831833333333334;0.02461666666666651;57761.11;1.1707011863170271;-0.37680194965783453;1.1063;56.5443263876936;0.0072495167682395945;0.006950424115599018;0.00029909265264057606;57.573680603152624;74.69556177801597;1.1034964999999999;1.1231364951883933;1.0838565048116064;1.12018;1.07818;1.09918;40.59862060250614;27.186643675344886;16.581802723612142;0.0106799999999998;0.0921583889012409
2024-08-30;66738;1.1048;1.10746;1.10952;1.1044;1.083248;0.021552000000000016;57833.246666666666;1.1539729108525776;-0.27080700487451814;1.1063;53.1974791736697;0.0063597088977656036;0.006832281072032336;-0.0004725721742667322;46.57867315039938;58.7206410438476;1.104184;1.1229774971732287;1.0853905028267714;1.12018;1.08816;1.1041699999999999;39.14869890992277;25.585832947595954;16.95098028117689;0.0019400000000000528;0.09161120291401992
2024-09-02;41629;1.10723;1.10471;1.10775;1.1042;1.0833080333333334;0.023921966666666572;57777.87666666666;0.7205006899121561;0.2199493120926821;1.10579;55.49533155077267;0.005783936818074986;0.006622612221240866;-0.0008386754031658797;48.63149543831797;50.92794973062333;1.1047894999999999;1.1231512379079482;1.0864277620920515;1.12018;1.08816;1.1041699999999999;37.752594658500016;24.508276005960468;16.474353111706638;-0.0012800000000001699;0.08976095345925343
2024-09-03;65678;1.10435;1.10618;1.10729;1.10265;1.0833331666666668;0.02101683333333315;57817.43;1.1359550225596096;-0.2601085591972807;1.10579;52.22279937639838;0.005037175937199656;0.006305524964432624;-0.0012683490272329678;37.207457358191036;44.139208648969465;1.1053505;1.1229216234416077;1.087779376558392;1.12018;1.08816;1.1041699999999999;36.06243561001835;23.136710386779132;17.42185874831971;-0.008650000000000047;0.08642918791779901
2024-09-04;67298;1.1083;1.10376;1.10952;1.10357;1.0833604666666667;0.02493953333333332;57882.276666666665;1.162670231296276;0.3576764612668093;1.1096800000000002;56.05076546106837;0.004709802871702307;0.005986380545886561;-0.0012765776741842545;49.57555178268303;45.13816819306402;1.106148;1.1227051031282729;1.089590896871727;1.12018;1.08816;1.1041699999999999;34.90202607207422;24.165616316865226;16.17202592765604;-0.006689999999999863;0.08278642779911374
2024-09-05;67277;1.11106;1.10816;1.11198;1.10748;1.0833944666666668;0.027665533333333103;57949.943333333336;1.1609502292867653;0.24903004601641854;1.1096800000000002;58.54979144248191;0.004619811975695054;0.00571306683184826;-0.0010932548561532057;49.30516953863234;45.36272622650214;1.107107;1.1224226561726984;1.0917913438273017;1.12018;1.09092;1.10555;34.24475438806476;25.849415227071027;15.279255373182801;-7.00000000000145e-05;0.07942218858118205
2024-09-06;82411;1.10858;1.11103;1.11555;1.10658;1.0833792333333332;0.025200766666666707;58030.53333333333;1.4201317007825616;-0.22321026767231356;1.1060350000000003;55.496206298907154;0.004298824100182896;0.0054302182855151876;-0.0011313941853322912;33.827723901882344;44.23614840773258;1.107958;1.1215139811153734;1.0944020188846266;1.12018;1.091;1.1055899999999999;34.18041744357454;27.3274115161123;13.660415307003914;-0.010620000000000074;0.07579134667880637
2024-09-09;54430;1.10349;1.10785;1.10912;1.10338;1.0833154333333332;0.020174566666666838;58023.50666666667;0.9380680887261775;-0.4591459344386317;1.1060350000000003;49.76010568415281;0.003592308538454825;0.0050626363361031155;-0.0014703277976482907;4.791785510554317;29.308226317023014;1.1084720000000001;1.1204386095449126;1.0965053904550877;1.12018;1.09139;1.105785;33.26024743200286;25.46789939622014;16.524370168869513;-0.01261000000000001;0.07108475135256451
2024-09-10;49106;1.10191;1.10329;1.10498;1.10153;1.0832467000000001;0.018663299999999827;57999.456666666665;0.8466631037978954;-0.14318208592738468;1.1015100000000002;48.098200357884;0.002871792830109854;0.004624467634904463;-0.0017526748047946095;2.0375335120645888;13.552347641500425;1.1086035;1.1202157336783412;1.096991266321659;1.12018;1.09497;1.107575;31.94444676048666;24.39349818791556;18.08943898433467;-0.016510000000000025;0.06544264207732639
2024-09-11;67001;1.10111;1.10144;1.10549;1.10021;1.0831710333333333;0.017938966666666722;58072.95;1.1537385305893444;-0.07260121062517833;1.1015100000000002;47.23793297935523;0.0022107415733712;0.0041417224225978105;-0.0019309808492266106;4.506760140210921;3.778693054276618;1.1085975;1.1202250807888139;1.096969919211186;1.12018;1.09497;1.107575;30.40019552125278;22.80767798636538;18.538694239905784;-0.01088;0.05914899076836697
2024-09-12;59137;1.10746;1.10076;1.10752;1.10056;1.0831199333333332;0.024340066666666882;58070.69666666666;1.018362158447037;0.5766907938353105;1.1074500000000003;54.23486699208568;0.002174182992469076;0.003748214536572064;-0.001574031544102988;36.30445668502847;14.282916779101335;1.1091145;1.1195089051778073;1.0987200948221927;1.12018;1.09662;1.1084;29.35775721334022;23.344946270743623;16.97236774529468;-0.0003399999999997849;0.05370344785712121
2024-09-13;60523;1.10744;1.10741;1.11019;1.10674;1.0830772;0.024362800000000018;58075.91;1.042136059512276;-0.0018059343001253225;1.1074500000000003;54.21048269701825;0.002119167773899422;0.003422405184037536;-0.001303237410138114;38.33510074231194;26.38210585585045;1.1093435;1.1193720059206465;1.0993149940793536;1.12018;1.10021;1.110195;28.868950197441155;25.677358797043702;16.23991204358694;0.0026399999999999757;0.048951069862688004
2024-09-16;54108;1.11326;1.1077;1.11377;1.1074;1.0830781999999999;0.030181800000000036;58071.03;0.9317554725650756;0.5255363721736517;1.11233;59.86542258199033;0.0025161881265993724;0.0032411617725499036;-0.0007249736459505312;71.23362445414806;48.62439396049617;1.109581;1.119743389286012;1.0994186107139878;1.12018;1.10021;1.110195;28.98613148641414;28.089624542428123;14.956478726498284;0.00602999999999998;0.045803534173103934
2024-09-17;61873;1.1114;1.11297;1.11463;1.11112;1.0830744;0.02832559999999984;58106.74;1.0648162330220101;-0.16707687332698784;1.11233;57.4246089699098;0.002650193381545707;0.0031229680943490644;-0.0004727747128033576;72.94654498044288;60.83842339230097;1.109501;1.1195793131525296;1.0994226868474706;1.12018;1.10021;1.110195;29.223992179657085;27.928887922162016;14.286489925955037;0.007050000000000001;0.04344521075088389
2024-09-18;66218;1.11176;1.11125;1.11889;1.10968;1.083092;0.028668000000000138;58140.69666666666;1.1389268412043787;0.0323915781896833;1.1139550000000003;57.783379095573444;0.002753699568394774;0.0030491143891582064;-0.0002954148207634324;61.83083511777384;68.67033485078827;1.1093395;1.1191610507431584;1.0995179492568414;1.12018;1.10021;1.110195;30.033713017771756;29.98790774229272;12.681258222061444;0.0034600000000000186;0.041694900517361744
2024-09-19;76359;1.11615;1.11177;1.11789;1.10687;1.0831273333333333;0.033022666666666645;58234.87;1.3112247009392635;0.3948693962725569;1.1139550000000003;61.98972812446786;0.003153612397767791;0.0030700139908801235;8.359840688766749e-05;85.3319057815848;73.36976195993384;1.1095905;1.1198299462252825;1.0993510537747173;1.12018;1.10021;1.110195;29.98608531227782;26.19526730265484;14.302359543052518;0.005090000000000039;0.04112244672656952
2024-09-20;63790;1.11629;1.11613;1.11819;1.11362;1.0831530333333335;0.033136966666666545;58248.06;1.0951437695948854;0.012543116964569556;1.1136800000000002;62.119352723985784;0.003442163903427442;0.0031444439733895875;0.00029771993003785456;86.08137044967917;77.74803711634594;1.109445;1.1192056219064384;1.0996843780935617;1.12018;1.10021;1.110195;29.987632881735347;25.145752479296863;13.53771405376269;0.007710000000000106;0.04130630721623263
2024-09-23;58326;1.11107;1.11711;1.11711;1.10833;1.0831976666666667;0.027872333333333277;58202.36;1.0021243124847512;-0.4676204212167079;1.1136800000000002;54.637571721407106;0.0032125998249163956;0.0031580751436949494;5.4524681221446245e-05;58.137044967880485;76.51677373304817;1.1091935;1.1185040881124895;1.0998829118875104;1.11907;1.10021;1.10964;28.62430244096783;22.641279218500216;18.190233298791462;0.00757999999999992;0.040982783612002784
2024-09-24;56898;1.11797;1.11109;1.11809;1.11035;1.0832521666666668;0.034717833333333115;58143.34333333333;0.9785814976926316;0.621022977850183;1.1156100000000002;61.27673447808679;0.0035465584548588502;0.0032357718059277296;0.0003107866489311206;95.07494646680927;79.76445396145631;1.109171;1.1183940556758825;1.0999479443241174;1.11889;1.10021;1.10955;27.5396397384938;21.77916177857697;16.618844294125836;0.016059999999999963;0.04147390649776825
2024-09-25;57788;1.11325;1.11793;1.12141;1.11217;1.0832973666666668;0.02995263333333331;58143.31;0.9938890647950739;-0.42219379768686505;1.1156100000000002;55.3129562846361;0.0033912661170092395;0.0032668706681440317;0.00012439544886520782;61.50943396226461;71.57380846565145;1.109234;1.1185499635036014;1.0999180364963987;1.12141;1.10021;1.1108099999999999;27.114520306429437;23.193743451422073;14.957635985455106;0.01214000000000004;0.04157219608631898
2024-09-26;63793;1.11766;1.11277;1.11894;1.11259;1.0833615333333333;0.034298466666666805;58179.33;1.0964890795406037;0.39613743543678304;1.1169900000000004;59.29875061061831;0.0035827462954234335;0.003330045793599912;0.00025270050182352134;82.31132075471744;79.63190039459711;1.109727;1.1197071404799963;1.0997468595200035;1.12141;1.10021;1.1108099999999999;26.719766548083957;21.59608225891295;13.927304913815425;0.010199999999999987;0.04210113635043013
2024-09-27;71670;1.11632;1.11767;1.1203;1.11248;1.0834364666666667;0.03288353333333327;58196.833333333336;1.2315103055433316;-0.11989334860333933;1.1169900000000004;57.617100834251;0.003585042773720293;0.0033810451896239884;0.00020399758409630434;75.99056603773579;73.27044025157262;1.110303;1.1204081751098383;1.1001978248901618;1.12141;1.10021;1.1108099999999999;26.592983473793563;21.244109840164988;12.761481819037767;0.008879999999999999;0.042575447657316835
2024-09-30;64482;1.11349;1.11568;1.12089;1.11139;1.0834983666666667;0.029991633333333434;58194.15666666667;1.108049393504209;-0.25351153791026704;1.1101250000000003;54.12600096923064;0.0033202318347933524;0.0033688825186578616;-4.86506838645092e-05;62.641509433962796;73.64779874213868;1.110616;1.1207088398382474;1.1005231601617527;1.12141;1.10021;1.1108099999999999;26.157238243977897;19.147232106264674;12.634371097459967;0.0002300000000001745;0.04240893291181887
2024-10-01;71751;1.10676;1.11346;1.11442;1.10459;1.0835176;0.023242399999999996;58225.93;1.2322860278914856;-0.604405966825039;1.1101250000000003;46.855204027206774;0.002538055380252091;0.003202717090976708;-0.0006646617107246167;29.73621103117493;56.12276216762452;1.1107365000000002;1.1205817288444975;1.100891271155503;1.12141;1.10021;1.1108099999999999;24.487560283523482;17.24992994496384;18.237088956833993;-0.0046399999999999775;0.040549348334242306
2024-10-02;56997;1.10453;1.10676;1.1083;1.10327;1.0835316333333334;0.020998366666666657;58261.28666666667;0.9782997125705466;-0.20148903104556526;1.1037500000000002;44.71194755302267;0.001718423623785048;0.002905858397538376;-0.0011874347737533277;6.945975744211884;33.107898736449876;1.110548;1.1207118193608756;1.1003841806391246;1.12141;1.10021;1.1108099999999999;23.206666817254824;16.35677398061385;18.651590383529264;-0.00723000000000007;0.037164550585938136
2024-10-03;65577;1.10297;1.10438;1.10495;1.10083;1.0835560666666666;0.01941393333333341;58300.64;1.124807549282285;-0.14123654405041597;1.1037500000000002;43.222482105939214;0.0009322343715814085;0.0025111335923469823;-0.0015788992207655737;10.39844509232277;15.693543955903204;1.1101435;1.120824395608538;1.099462604391462;1.12141;1.10021;1.1108099999999999;22.495984556729642;15.642350225498655;20.42366315677966;-0.01317999999999997;0.03255763260630952
2024-10-04;61296;1.09745;1.10302;1.10397;1.09513;1.0835563333333333;0.013893666666666693;58342.56;1.050622392983604;-0.5004669211311263;1.0974350000000002;38.3537702677294;-0.000134691502613693;0.0019819685733548473;-0.0021166600759685403;8.828006088280413;8.724142308271698;1.1095869999999999;1.1216110943110262;1.0975629056889735;1.12141;1.09513;1.10827;22.783143680084176;14.208372813090566;24.462395950064966;-0.018839999999999968;0.026294641613859093
2024-10-07;56420;1.09742;1.09637;1.0987;1.09543;1.0835541333333334;0.01386586666666667;58334.25666666667;0.9671846908478705;-0.0027336097316532637;1.0974350000000002;38.32850097639413;-0.0009714603043036174;0.0013912827978231543;-0.002362743102126772;8.713850837138958;9.313434005914056;1.1092834999999999;1.1221824492207866;1.0963845507792132;1.12141;1.09513;1.10827;23.049791437484817;13.707776673125455;23.60052519625012;-0.01364999999999994;0.01913663391638305
2024-10-08;52796;1.09804;1.09706;1.09972;1.0961;1.0835654;0.014474600000000004;58337.40666666667;0.9050110900825831;0.05649614550489179;1.0960150000000002;39.219757145784264;-0.001566518934638328;0.0007997224513308578;-0.0023662413859691857;11.073059360730438;9.538305428716612;1.10909;1.12253033779339;1.0956496622066099;1.12141;1.09513;1.10827;23.019530521650022;14.291031621686543;22.649173677681887;-0.019930000000000003;0.011759332873382227
2024-10-09;49377;1.09399;1.09758;1.09811;1.09363;1.0835765;0.010413500000000075;58310.88;0.8467887982481406;-0.3688390222578275;1.0960150000000002;35.600479435819736;-0.002337957816699543;0.00017218639772477765;-0.0025101442144243205;1.295896328293438;7.027602175387621;1.1087339999999999;1.123328576252855;1.0941394237471447;1.12141;1.09363;1.10752;23.401693016308624;13.562396801648873;24.30542384649795;-0.019260000000000055;0.0038152187427869895
2024-10-10;58866;1.09372;1.09388;1.0955;1.09002;1.0835872666666668;0.0101327333333332;58297.416666666664;1.00975314800953;-0.024680298723023242;1.0936900000000003;35.3661653455179;-0.0029372565668421835;-0.0004497021951886147;-0.002487554371653569;11.787193373685993;8.052049687569966;1.108047;1.124043037134252;1.092050962865748;1.12141;1.09002;1.105715;24.291821170977446;12.708827008846905;26.921724919804873;-0.023940000000000072;-0.004222928973636802
2024-10-11;40209;1.09366;1.09262;1.09538;1.09238;1.0836063333333334;0.010053666666666627;58227.40666666667;0.6905511047431118;-0.005485864755139236;1.0936900000000003;35.31054685834759;-0.0033781059401238878;-0.0010353829441756693;-0.002342722995948218;11.596049697356115;8.226379799778526;1.107358;1.1245422306781634;1.0901737693218367;1.12141;1.09002;1.105715;25.118368743169924;12.254141754321994;25.958543082575524;-0.022659999999999902;-0.011982407761458804
2024-10-14;38708;1.09088;1.09326;1.09367;1.08883;1.0836183666666666;0.007261633333333517;58153.806666666664;0.6656142085739073;-0.25419234497010557;1.0900100000000001;32.74130267294221;-0.003906770196226317;-0.001609660394585799;-0.0022971098016405177;6.29220380601628;9.891815625686139;1.106239;1.1246136378467784;1.0878643621532216;1.12141;1.08883;1.1051199999999999;26.374209211948454;11.53699677299685;28.731847960309736;-0.02261000000000002;-0.019690294245322846
2024-10-15;46409;1.08914;1.09085;1.09167;1.08819;1.0836259;0.005514100000000077;58125.34;0.798429738217308;-0.15950425344676278;1.0900100000000001;31.21059545878782;-0.004415247659597554;-0.0021707778475881503;-0.002244469812009404;2.9051987767584335;6.931150760043619;1.1051259999999998;1.124768306789178;1.0854836932108216;1.12141;1.08819;1.1048;27.62333255184027;11.036860688162509;28.283557209931555;-0.01761999999999997;-0.027303208971067486
2024-10-16;44465;1.08621;1.08872;1.09015;1.08533;1.083614766666667;0.0025952333333330024;58102.96;0.7652794281047359;-0.26901959344070026;1.084635;28.771329471197333;-0.004997043419679326;-0.0027360309620063855;-0.00226101245767294;2.4746906636670163;3.890697748813919;1.1038485;1.1248735614981296;1.0828234385018705;1.12141;1.08533;1.10337;29.13971926380965;10.366541303211426;30.169521135198003;-0.018320000000000114;-0.0349918200966922
2024-10-17;49791;1.08306;1.08617;1.08739;1.08111;1.0836096666666666;-0.0005496666666666705;58100.71333333333;0.8569774301105787;-0.28999917143093246;1.084635;26.383934460560397;-0.005647201996157092;-0.003318265168836527;-0.0023289368273205647;4.901960784313474;3.4272834082463173;1.102194;1.1242682088419955;1.0801197911580043;1.12141;1.08111;1.10126;31.00001421336997;9.55249289676412;33.07719568349253;-0.019910000000000094;-0.0428920240281901
2024-10-18;40334;1.08675;1.08311;1.08696;1.08247;1.0836109666666667;0.0031390333333334297;58051.25;0.694799853577538;0.34070134618582326;1.0841050000000003;33.35984417689677;-0.0057978709435839715;-0.0038141863237860165;-0.001983684619797955;16.931852296607918;8.102834581529478;1.100717;1.1227739391348832;1.0786600608651167;1.12141;1.08111;1.10126;32.72743095224741;9.007853511749992;31.19128551221652;-0.010699999999999932;-0.049864426054524826
2024-10-21;38634;1.08146;1.08614;1.08717;1.08112;1.0836123333333334;-0.0021523333333333117;58007.07;0.6660222624585821;-0.48677248677249096;1.0841050000000003;29.102211156657802;-0.006271838113863115;-0.004305716681801436;-0.0019661214320616793;1.287237955130827;7.707017012017416;1.0992365000000002;1.1222684458795793;1.076204554120421;1.12141;1.08111;1.10126;34.47201818422153;8.319541381090833;30.512954190971886;-0.015959999999999974;-0.056756217177941264
2024-10-22;42412;1.07986;1.08117;1.08382;1.07926;1.0836138333333334;-0.003753833333333345;57959.12;0.731757141930255;-0.1479481441754693;1.0790400000000002;27.940681762141764;-0.006699341302955242;-0.004784441606032197;-0.0019148996969230447;2.3355391202800084;6.85154312400626;1.097331;1.120153089211984;1.0745089107880161;1.12141;1.07926;1.100335;36.27919234178487;7.833667668095409;31.113118365189287;-0.018179999999999863;-0.06347510585606228
2024-10-23;45217;1.07822;1.07978;1.08067;1.07613;1.0836014999999999;-0.005381499999999928;57960.39333333333;0.7801361826505698;-0.15187153890320326;1.0790400000000002;26.761649615557644;-0.007088760139959849;-0.005245305312817727;-0.0018434548271421217;7.507183908045745;3.7099869944855364;1.0955795;1.1186216331260725;1.0725373668739273;1.12089;1.07613;1.09851;38.24400299440509;7.372044438519588;33.34234595386052;-0.015770000000000062;-0.06996126287608415
2024-10-24;49181;1.0828;1.07812;1.08299;1.07707;1.0835844666666665;-0.000784466666666539;57945.83666666667;0.8487408730139688;0.4247741648272241;1.0812000000000002;35.00956850299302;-0.006947720651687472;-0.005585788380591677;-0.0013619322710957957;28.274692666383864;12.705805231569883;1.0938365;1.1151423942783345;1.0725306057216657;1.12089;1.07613;1.09851;39.20537589620379;9.803720249435884;30.794104219080005;-0.01092000000000004;-0.07507213420337663
2024-10-25;40806;1.0796;1.08223;1.08394;1.07931;1.0835420666666666;-0.003942066666666744;57897.26;0.7048001926169383;-0.2955301071296712;1.0812000000000002;32.27469549618692;-0.007013313979659985;-0.005871293500405338;-0.001142020479254647;14.709622721491574;16.83049976530707;1.0920005;1.1114913075512394;1.0725096924487605;1.12089;1.07613;1.09851;39.756657705402986;10.451717300484967;28.931746554854975;-0.014060000000000183;-0.07946552054623315
2024-10-28;44622;1.08117;1.07931;1.08277;1.07821;1.0835313666666666;-0.002361366666666642;57871.70333333333;0.7710503999333749;0.14542423119674464;1.08149;34.959238596070506;-0.0068595387924055284;-0.006068942558805377;-0.0007905962336001516;22.929936305732298;21.97141723120259;1.0903845;1.1077207619673148;1.0730482380326853;1.11442;1.07613;1.095275;40.411885638639895;9.821702400008455;28.64187040561632;-0.009710000000000107;-0.08276056846304913
2024-10-29;52561;1.08181;1.0812;1.08263;1.07689;1.0835462333333334;-0.0017362333333335034;57865.193333333336;0.9083353389525974;0.05919513120045128;1.08149;36.07168142636905;-0.006609834143788795;-0.0061771208758020614;-0.00043271326798673387;29.32369643779009;22.321085155004663;1.0891369999999998;1.105118050153206;1.0731559498467935;1.1083;1.07613;1.092215;41.190226314847756;9.079761455369999;28.215414823093948;-0.007330000000000059;-0.08490611089569752
2024-10-30;54237;1.08566;1.08179;1.08713;1.08081;1.0835662666666668;0.002093733333333292;57950.49333333333;0.935919556163525;0.35588504450874137;1.08702;42.44863363838623;-0.006031748346225108;-0.006148046369886671;0.00011629802366156308;49.50649350649373;33.92004208333872;1.0881935;1.1025762052740171;1.073810794725983;1.10495;1.07613;1.09054;40.33466503827867;14.186778449353222;25.895869146804095;-0.0005499999999998284;-0.08534228700097912
2024-10-31;59261;1.08838;1.08514;1.08883;1.08442;1.0836202;0.004759799999999981;57982.496666666666;1.022049815148062;0.25053884273158467;1.08702;46.50837642002302;-0.0052931141931913395;-0.005977059934547605;0.0006839457413562655;69.84036488027337;49.556851608185745;1.087464;1.1001553945647906;1.0747726054352094;1.10397;1.07613;1.09005;39.02262317807642;15.604209991736898;24.3891923411447;0.005319999999999991;-0.08396414270366101
2024-11-01;52756;1.08337;1.08832;1.09058;1.08319;1.0836560999999998;-0.0002860999999998448;57987.36;0.9097844771686606;-0.4603171686359486;1.085535;40.79949327196687;-0.005053749951433151;-0.005792397937924715;0.000738647986491564;46.58944658944637;55.31210165873784;1.08676;1.0986972174311753;1.0748227825688246;1.09972;1.07613;1.087925;37.29437849358202;16.371639830293176;22.071711493231778;-0.0033800000000001607;-0.0821542461939999
2024-11-04;52731;1.0877;1.08785;1.09147;1.08699;1.0837165;0.003983499999999918;58012.5;0.9089592760179429;0.3996787801028301;1.085535;46.86961990996208;-0.0044632081671336366;-0.005526559983766499;0.0010633518166328626;75.42372881355884;63.951180094426206;1.086274;1.0971828026840313;1.0753651973159686;1.09972;1.07613;1.087925;35.434814343238344;15.828664616298266;19.845778260210707;0.006239999999999801;-0.07920252590095792
2024-11-05;39212;1.09296;1.08712;1.09366;1.08712;1.0837928666666667;0.009167133333333188;57989.77;0.676188231130995;0.4835892249701157;1.0873700000000002;53.15355254892149;-0.0035300690692676717;-0.005127261800866733;0.0015971927315990616;96.0068454078714;72.67334027029221;1.08602;1.0960198339985778;1.0760201660014221;1.09811;1.07613;1.08712;33.103678009022495;17.25223568557102;18.245791992950284;0.01309999999999989;-0.07451951082506446
2024-11-06;124997;1.07289;1.09257;1.09373;1.06826;1.0837858;-0.010895800000000122;58237.36666666667;2.14633674485016;-1.8362977602108033;1.07848;35.76958745941394;-0.004359774117158821;-0.004973764264125151;0.0006139901469663298;18.17824892029797;63.202941047242746;1.084965;1.0957964255755674;1.0741335744244325;1.0955;1.06826;1.08188;33.810672534175474;12.89279271392585;32.3463474086577;-0.005330000000000057;-0.07230488863640755
2024-11-07;73314;1.08031;1.07249;1.08247;1.07129;1.0838018999999999;-0.00349189999999977;58335.6;1.2567625943675464;0.691590004567133;1.0761;43.16969073253945;-0.004368235062177206;-0.004852658423735562;0.0004844233615583565;47.310561444837326;53.83188525766891;1.0842945;1.0945182614897364;1.0740707385102635;1.09538;1.06826;1.08182;34.46716745038895;11.517086245427427;28.894878021864333;-0.002489999999999881;-0.07038044183625047
2024-11-08;64807;1.07189;1.08047;1.08053;1.06869;1.0837984;-0.011908400000000041;58376.04;1.1101643756580422;-0.7794059112662177;1.0761;37.84173100965294;-0.004996764462836145;-0.004881479631555679;-0.00011528483128046656;14.252061248527708;26.580290537887677;1.0832060000000001;1.0938369818925138;1.0725750181074865;1.09373;1.06826;1.0809950000000002;35.329298336460575;10.26757224000151;28.142439215507835;-0.007709999999999884;-0.07009975656381501
2024-11-11;51443;1.06557;1.0702;1.0728;1.06287;1.0838022;-0.018232200000000143;58361.12333333334;0.8814600724213474;-0.5896127401132656;1.06397;34.40897165463534;-0.005936418386852882;-0.005092467382615119;-0.0008439510042377628;8.749189889824741;23.437270861063265;1.0819405;1.0944720385726927;1.0694089614273072;1.09373;1.06287;1.0783;36.6265750235538;9.351245812575078;30.861531872044868;-0.015600000000000058;-0.07192904505850506
2024-11-12;59810;1.06237;1.06497;1.06632;1.0595;1.0837897333333335;-0.02141973333333347;58400.28;1.0241389253611415;-0.3003087549386607;1.06397;32.787183728680276;-0.006860233644850444;-0.0054460206350621845;-0.0014142130097882597;8.384458077709406;10.461903072020627;1.0806019999999998;1.0953025940015635;1.0659014059984362;1.09373;1.0595;1.076615;38.0804306642832;8.772202684223709;32.010296853089635;-0.019439999999999902;-0.07553192810682964
2024-11-13;68888;1.05642;1.06207;1.06542;1.05556;1.0837470333333334;-0.027327033333333528;58501.363333333335;1.1775452070659134;-0.560068526031432;1.0547000000000002;29.959632263238205;-0.007980485101744872;-0.005952913528398722;-0.00202757157334615;2.2530783337696096;6.462242100434594;1.0791125;1.0969421639059385;1.0612828360940614;1.09373;1.05556;1.074645;39.69565540969752;8.000847091170321;32.70927863836977;-0.029240000000000155;-0.08109310278868295
2024-11-14;73263;1.05298;1.05625;1.05825;1.04964;1.0836972;-0.0307172;58610.90666666667;1.2499891942748909;-0.32562806459550675;1.0547000000000002;28.432930564634347;-0.009041645244876051;-0.006570659871694189;-0.0024709853731818623;7.575413926060573;6.070983445846539;1.0776085;1.098639757950932;1.056577242049068;1.09373;1.04964;1.071685;41.539566075040234;7.389780638221624;35.462451051896586;-0.035399999999999876;-0.08819560239566501
2024-11-15;69725;1.05357;1.05276;1.0593;1.05164;1.0836556;-0.030085600000000046;58678.206666666665;1.1882605819239669;0.056031453588856195;1.0566950000000002;29.100260492885425;-0.009722934300093966;-0.007201114757374144;-0.002521819542719822;8.913585847130806;6.247359368987006;1.0759495;1.0989747291844956;1.0529242708155042;1.09373;1.04964;1.071685;42.98137384224024;7.820562579664679;33.04442501756068;-0.02980000000000005;-0.0957602547197518
2024-11-18;55835;1.05982;1.05301;1.06072;1.05292;1.0836346;-0.023814599999999908;58683.176666666666;0.9514651927782566;0.5932211433507195;1.0566950000000002;35.91708787553475;-0.009647329607742394;-0.007690357727447795;-0.0019569718802945994;23.089135858471387;13.192711877220932;1.0748674999999999;1.098772255070874;1.0509627449291257;1.09373;1.04964;1.071685;43.947801123707144;8.543023684245403;30.74550249547873;-0.027879999999999905;-0.1020136817331972
2024-11-19;67434;1.0596;1.05981;1.06008;1.05237;1.0836179666666665;-0.024017966666666446;58746.2;1.14788701226613;-0.02075824196560161;1.0569750000000002;35.78665528674047;-0.009495703941566846;-0.008051426970271607;-0.00144427697129524;22.590156498072464;18.197626067891562;1.0738545;1.0985317554997194;1.0491772445002805;1.09373;1.04964;1.071685;44.88641334228442;7.953970421418825;29.117428759639598;-0.033359999999999834;-0.10696732877367753
2024-11-20;53518;1.05435;1.05941;1.06098;1.05068;1.0836017666666664;-0.029251766666666512;58776.76666666667;0.910529840872344;-0.49546998867499026;1.0569750000000002;32.73189296533502;-0.009687499172436942;-0.008378641410704674;-0.0013088577617322676;10.682694488546092;18.787328948363324;1.072661;1.098652205358705;1.0466697946412953;1.09373;1.04964;1.071685;45.88689778560773;7.236146636328051;27.97041701140256;-0.01854;-0.1115780128608991
2024-11-21;61155;1.04736;1.05432;1.0555;1.04622;1.083569;-0.036208999999999936;58828.47;1.0395476883894754;-0.6629677052212068;1.044645;29.16257864855619;-0.010284974077848785;-0.008759907944133498;-0.0015250661337152874;2.3994948431911953;11.890781943269927;1.070889;1.0986460004863325;1.0431319995136674;1.09373;1.04622;1.069975;47.12942142492698;6.653531793885375;29.58794782131583;-0.032950000000000035;-0.1168092930478751
2024-11-22;70893;1.04193;1.04741;1.04979;1.03334;1.0835410666666667;-0.041611066666666696;58878.63333333333;1.2040530832065504;-0.5184463794683847;1.044645;26.724588041093313;-0.01106903590883701;-0.0092217335370742;-0.00184730237176281;14.224209306176641;9.102132879304653;1.0690054999999998;1.0991519627941349;1.0388590372058648;1.09373;1.03334;1.063535;48.93699238725497;5.767119545151074;36.07729439186078;-0.029959999999999987;-0.12299452699040524
2024-11-25;71620;1.04959;1.04811;1.05303;1.04489;1.0835176666666666;-0.03392766666666658;58930.93666666667;1.215320917179627;0.7351741479753926;1.04926;34.98215829547915;-0.01094613237575004;-0.009566613304809369;-0.001379519070940671;26.9084285477729;14.510710899046922;1.0674264999999998;1.098161391751852;1.0366916082481477;1.09373;1.03334;1.063535;49.83628991689649;7.834491843607666;32.89289608024603;-0.015979999999999883;-0.1279477998001955
2024-11-26;79238;1.04893;1.04932;1.05448;1.04251;1.0834897;-0.03455969999999997;59012.73;1.3427272386820026;-0.06288169666252008;1.04926;34.62014646888535;-0.010777747757225953;-0.009808840195292686;-0.000968907561933267;31.732139222470906;24.28825902547349;1.0657825;1.096780398557773;1.034784601442227;1.09373;1.03334;1.063535;50.80231972190302;7.106076389122608;31.683298861040143;-0.013440000000000119;-0.13174070128487314
2024-11-27;69745;1.05665;1.0483;1.05877;1.04742;1.0835193666666665;-0.026869366666666394;59075.47666666667;1.1806083325154413;0.7359881021612669;1.0560150000000001;42.1599935676821;-0.009907158694197227;-0.009828503895073594;-7.865479912363277e-05;49.39605848696786;36.0122087524039;1.0643319999999998;1.0941667351923543;1.0344972648076454;1.09373;1.03334;1.063535;50.7112579431679;9.76728502148676;28.93607335514571;0.0002300000000001745;-0.13294781293403396
2024-11-28;43753;1.05538;1.05658;1.05698;1.05275;1.0835485666666667;-0.028168566666666672;59029.34333333333;0.7412076355470089;-0.12019117020773962;1.0560150000000001;41.31586890288733;-0.009213481693884917;-0.00970549945483586;0.000492017760950942;55.854029396857655;45.66074236876548;1.0626820000000001;1.0906030999782927;1.0347609000217075;1.09373;1.03334;1.063535;50.62670057719958;9.438804153104522;27.962932253768948;0.0023999999999999577;-0.1323405429038297
2024-11-29;70106;1.05759;1.05428;1.05973;1.05416;1.0835725666666667;-0.02598256666666665;59074.16333333333;1.1867455422839641;0.20940324811915545;1.0536800000000002;43.438149954206345;-0.008388709323909227;-0.009442141428650533;0.0010534321047413059;73.52941176470618;59.59316654951058;1.061393;1.0877089412523617;1.0350770587476383;1.09373;1.03334;1.063535;49.91562552366644;11.25654779277683;26.690058711845655;0.004020000000000135;-0.12988473097786335
2024-12-02;79678;1.04977;1.05615;1.05704;1.04606;1.0835548333333334;-0.033784833333333264;59158.176666666666;1.3468636879892546;-0.7394169763329739;1.0536800000000002;38.17697340070834;-0.008270739981917963;-0.00920786113930402;0.0009371211573860564;51.215710723192366;60.19971729491874;1.0594965;1.0833029926227624;1.0356900073772377;1.09373;1.03334;1.063535;49.92555252873685;10.219516864468181;30.703241187258683;-0.010049999999999892;-0.12745951028035268
2024-12-03;63540;1.05094;1.04974;1.05351;1.04808;1.0835298;-0.0325898;59168.66;1.073879313812232;0.11145298493955291;1.0509700000000002;39.3603742059415;-0.00799072707885462;-0.00896443432721414;0.0009737072483595195;63.67583212735163;62.80698487175007;1.0573955000000002;1.075828455785699;1.0389625442143013;1.09373;1.03334;1.063535;49.934770462016516;9.763333123223058;29.332695043159347;-0.008660000000000112;-0.12470156771272688
2024-12-04;69497;1.051;1.05074;1.05442;1.04723;1.0835109666666667;-0.03251096666666675;59226.276666666665;1.173414975773787;0.005709174643642179;1.0509700000000002;39.42441096087113;-0.007675495008604427;-0.008706646463492198;0.0010311514548877708;63.8929088277856;59.594817226109875;1.056301;1.0734808345742173;1.0391211654257826;1.08247;1.03334;1.0579049999999999;49.72692560104905;9.936470779050614;27.577299779415696;-0.003349999999999964;-0.12158712114134194
2024-12-05;57710;1.05874;1.05074;1.05896;1.05035;1.0835050999999998;-0.024765099999999762;59219.88;0.974503832158901;0.7364414843006761;1.0577600000000003;47.17425289711138;-0.006723612389364364;-0.008310039648666633;0.0015864272593022685;91.89580318379157;73.15484804630961;1.0552225;1.068503968103994;1.0419410318960058;1.08053;1.03334;1.056935;48.50619553156377;13.002435227696035;25.601481507499336;0.011379999999999946;-0.11672170612560366
2024-12-06;60743;1.05678;1.05828;1.06298;1.05423;1.083488;-0.026707999999999954;59235.91333333333;1.0254421107373783;-0.18512571547311119;1.0577600000000003;45.58385411331943;-0.006057566321419738;-0.007859544983217254;0.0018019786617975153;79.08232118758448;78.29034439972055;1.054467;1.0653774685507713;1.0435565314492288;1.0728;1.03334;1.05307;46.56401129729311;15.3975653893486;23.73997285106719;0.01485000000000003;-0.11101722044431009
2024-12-09;53983;1.05536;1.05549;1.05943;1.05322;1.0834964666666667;-0.028136466666666582;59239.87333333334;0.9112612327213656;-0.13437044607202964;1.05404;44.41555760391054;-0.00557997961495138;-0.007403631909564079;0.001823652294612699;74.29149797570874;81.7565407823616;1.0539565;1.0636260424399162;1.0442869575600837;1.06632;1.03334;1.04983;44.887421697019235;14.586918449127015;23.346384562150245;0.005770000000000053;-0.10503570855843855
2024-12-10;53349;1.05272;1.05531;1.05683;1.04985;1.0835025666666667;-0.030782566666666566;59231.98;0.9006789913150125;-0.2501516070345655;1.05404;42.247630575554986;-0.005352810775240302;-0.006993467682699324;0.0016406569074590219;65.38461538461573;72.91947818263633;1.053474;1.0623462723130728;1.0446017276869273;1.06542;1.03334;1.04938;43.74273954968986;13.713019361917473;24.84020006337784;0.003790000000000182;-0.09940197550811375
2024-12-11;64157;1.04957;1.05257;1.05393;1.04802;1.0834813333333335;-0.033911333333333626;59290.183333333334;1.08208469586431;-0.29922486511134716;1.0481;39.75427245127069;-0.005365110849253174;-0.006667796316010095;0.001302685466756921;54.7570850202426;64.81106612685569;1.0531315;1.0620511665294898;1.0442118334705104;1.06298;1.03334;1.04816;42.89339192418207;13.002708743471597;25.157426468743076;-0.007080000000000197;-0.09462633593466835
2024-12-12;69105;1.04663;1.04931;1.05309;1.04638;1.0834447;-0.03681470000000009;59353.566666666666;1.1642939739087013;-0.28011471364463025;1.0481;37.52809256037151;-0.005548136709528029;-0.0064438643947136815;0.0008957276851856528;20.127015144112868;46.75623851632374;1.0528140000000001;1.06217383632321;1.0434541636767902;1.06298;1.03334;1.04816;42.29447136004022;12.228248386194867;25.114762960151797;-0.008750000000000036;-0.09098692367245263
2024-12-13;56564;1.05031;1.04664;1.05243;1.04531;1.0834336;-0.03312359999999992;59363.166666666664;0.9528467427892797;0.3516046740491108;1.0507250000000001;41.91281350428526;-0.005334745156073684;-0.006222040546985682;0.0008872953909119987;38.10454323400114;37.66288113278554;1.052651;1.0620658794998805;1.0432361205001195;1.06298;1.03334;1.04816;41.86304714194673;11.449001414056937;24.471988197776845;-0.007279999999999953;-0.08741640219619083
2024-12-16;53287;1.05114;1.0485;1.05248;1.04746;1.0834100333333334;-0.03227003333333345;59332.2;0.8981126605787586;0.07902428806731976;1.0507250000000001;42.88648187555531;-0.005040552398739573;-0.005985742917336461;0.0009451905185968879;32.993774759479216;30.40844437919775;1.0522170000000002;1.0610523972178534;1.043381602782147;1.06298;1.03334;1.04816;41.44939892966767;10.966566830083076;23.342537337036465;0.0013699999999998713;-0.08372324834700241
2024-12-17;54330;1.04915;1.05105;1.05343;1.04793;1.0833756;-0.03422560000000008;59344.676666666666;0.9154991323848174;-0.1893182639800539;1.04356;41.107343212983515;-0.004911363743862696;-0.0057708670826417076;0.000859503338779012;21.731748726655628;30.943355573378668;1.0516945000000002;1.0599377869049442;1.0434512130950562;1.06298;1.03334;1.04816;40.80594604229498;11.292237390784214;22.13705306623785;-0.0017899999999999583;-0.08030870729671159
2024-12-18;66977;1.03495;1.04907;1.05128;1.03437;1.0832693;-0.048319299999999954;59410.28;1.1273638164975612;-1.3534766239336582;1.0405400000000002;31.170419166285484;-0.005886941136835411;-0.005794081893480449;-9.285924335496187e-05;2.027263194687258;18.91759556027404;1.0507244999999998;1.0616264951842387;1.039822504815761;1.06298;1.03334;1.04816;41.612075997207704;9.643298057539731;30.61407372951678;-0.016049999999999898;-0.07968162043001989
2024-12-19;82440;1.03629;1.03514;1.04224;1.03391;1.0831933;-0.04690330000000009;59515.77;1.3851790878280859;0.12947485385765845;1.0394850000000002;32.820741973129145;-0.0064773001639581995;-0.005930725547576;-0.0005465746163821998;8.187134502923401;10.64871547475544;1.0501710000000002;1.0627023620966416;1.0376396379033588;1.06298;1.03334;1.04816;42.396605952310615;8.949979542847855;28.810058717012666;-0.02245000000000008;-0.0805549948558188
2024-12-20;70153;1.04268;1.0365;1.04475;1.03431;1.0831468666666668;-0.04046686666666677;59594.75;1.1771674518307105;0.6166227600382213;1.0394850000000002;40.18583994705951;-0.006356273189037642;-0.006015835075868329;-0.00034043811316931353;30.16855865153067;13.460985449713784;1.0502085;1.0626451237780654;1.0377718762219348;1.06298;1.03391;1.048445;42.49084147745687;10.284965818337245;26.26164831301695;-0.014100000000000001;-0.08106887538999034
2024-12-23;45933;1.04062;1.04307;1.04455;1.03842;1.0830946333333336;-0.042474633333333456;59570.64666666667;0.77106767460516;-0.19756780603827906;1.0399350000000003;38.712360689426205;-0.006353345807672106;-0.006083337222229085;-0.00027000858544302085;23.082215342277298;20.4793028322438;1.04976;1.0628815989878184;1.0366384010121816;1.06298;1.03391;1.048445;42.57834589366411;9.74016684381495;24.870557732561345;-0.014739999999999975;-0.08154329835348634
2024-12-24;32156;1.03925;1.0405;1.04102;1.03836;1.0830368333333333;-0.04378683333333333;59524.3;0.5402163486171966;-0.13165228421518904;1.0399350000000003;37.72175482523498;-0.006387937223323981;-0.006144257222448065;-0.00024368000087591525;18.369453044375348;23.87340901272778;1.049276;1.0631754091959729;1.0353765908040273;1.06298;1.03391;1.048445;42.666075233475965;9.50488620218504;24.32427832563443;-0.013470000000000093;-0.08206721065283203
2024-12-26;32588;1.04229;1.0398;1.043;1.03904;1.0829726666666666;-0.040682666666666645;59490.263333333336;0.5477871196736652;0.29251864325234855;1.0422900000000002;41.31055238437761;-0.006099734631902498;-0.006135352704338952;3.561807243645382e-05;28.826969384244418;23.42621259029903;1.048558;1.0623426706161974;1.0347733293838028;1.06298;1.03391;1.048445;42.19141118606301;11.014685015996267;23.417384552073997;-0.007279999999999953;-0.08188371708655653
2024-12-30;48656;1.04064;1.04245;1.04584;1.03718;1.0828672333333333;-0.042227233333333336;59426.78666666667;0.8187553581335344;-0.15830527012634654;1.037955;39.96443985021836;-0.005936046167034803;-0.006095491396878122;0.0001594452298433191;26.371473354231608;24.52263192761713;1.047821;1.061644005317116;1.033997994682884;1.06298;1.03391;1.048445;41.00083099022483;12.772712895175363;21.527171265600835;-0.00598999999999994;-0.08138005903480228
2024-12-31;50385;1.03527;1.04068;1.04245;1.03442;1.0827773333333333;-0.047507333333333346;59421.53666666667;0.8479248909807424;-0.5160285977859891;1.037955;35.86803411949529;-0.00616852903738585;-0.006110098924979668;-5.843011240618239e-05;5.933682373472147;20.377375037316067;1.046705;1.0607944464049146;1.0326155535950854;1.06298;1.03391;1.048445;40.29286296770292;11.819979306522617;22.485217560486287;-0.015040000000000164;-0.08151884509414177
2025-01-02;65766;1.0267;1.03515;1.03756;1.02243;1.0826241333333333;-0.05592413333333335;59467.09333333333;1.1059225584029826;-0.827803374964986;1.02875;30.495741582430938;-0.006964023832819022;-0.006280883906547539;-0.0006831399262714824;13.555555555555507;15.286903761086428;1.0455515;1.062024247524226;1.0290787524757739;1.06298;1.02243;1.042705;40.91060648531004;10.26614785706489;29.946949108976373;-0.024440000000000017;-0.0835124120677996
2025-01-03;47798;1.0308;1.02572;1.03099;1.02517;1.0824877333333331;-0.05168773333333321;59490.653333333335;0.8034539431290826;0.39933768384143864;1.02875;35.47503346630913;-0.007180847118895439;-0.006460876549017119;-0.0007199705698783202;26.999999999999844;15.496412643009174;1.0445445;1.0620090177144073;1.0270799822855927;1.06298;1.02243;1.042705;41.484225465945215;9.735954286238202;28.400343692366604;-0.01835000000000009;-0.08574908044638478
2025-01-06;75556;1.03897;1.03021;1.04368;1.02955;1.0823844333333332;-0.04341443333333328;59589.87333333334;1.267933556048069;0.7925882809468376;1.036475;44.07308284403239;-0.006617152005492288;-0.006492131640312153;-0.00012502036518013526;53.354838709677175;31.303464755077517;1.043943;1.0613050990665536;1.0265809009334466;1.06298;1.02243;1.042705;39.450101057649256;19.26192621752138;25.021664210351414;0.0040199999999999125;-0.08637637600053558
2025-01-07;63186;1.03398;1.03896;1.04345;1.03395;1.0822614333333334;-0.04828143333333346;59652.24333333333;1.0592392920901508;-0.4802833575560439;1.036475;40.521508395736205;-0.006498164073275969;-0.006493338126904917;-4.825946371052672e-06;37.258064516128705;39.20430107526858;1.042705;1.0591784313364507;1.0262315686635493;1.06298;1.02243;1.042705;37.56127124994587;17.734343806587855;23.037301187236473;-0.0023100000000000342;-0.08665515450671431
2025-01-08;65928;1.03191;1.03401;1.03577;1.02732;1.0821450333333333;-0.050235033333333234;59701.66333333333;1.104290840807768;-0.2001972958857845;1.0309250000000003;39.11342673403768;-0.0064960149631547726;-0.006493873494154888;-2.1414689998847103e-06;30.580645161290686;40.39784946236553;1.0414615;1.0572372424863836;1.0256857575136165;1.05943;1.02243;1.04093;36.5999012990794;16.482243700451992;26.95042558194181;-0.010769999999999946;-0.08690593382284717
2025-01-09;45789;1.02994;1.03181;1.03216;1.02836;1.0820166333333334;-0.052076633333333344;59709.28333333333;0.7668656772242675;-0.19090812183233385;1.0309250000000003;37.768338771711804;-0.006577453524020838;-0.0065105895001280785;-6.686402389275911e-05;26.031195840554997;31.28996850599147;1.0401905;1.055367048322877;1.025013951677123;1.05683;1.02243;1.0396299999999998;35.70720063041768;15.937301685243598;26.0593806796665;-0.010680000000000023;-0.08732664385280772
2025-01-10;67270;1.02424;1.02989;1.03119;1.02134;1.0818645;-0.05762449999999997;59809.176666666666;1.1247437893168695;-0.5534302969105065;1.0242400000000003;34.11292083075604;-0.007021002783685004;-0.006612672156839464;-0.00040833062684554004;11.836734693877968;22.81619189857456;1.0387665;1.054313285230283;1.0232197147697168;1.05393;1.02134;1.0376349999999999;35.61238403425112;14.590676569695002;29.879378436698612;-0.015009999999999968;-0.08873628492760205
2025-01-14;67968;1.03077;1.02443;1.03084;1.0237;1.0814726333333333;-0.05070263333333336;59924.043333333335;1.1342358796102932;0.6375458876825668;1.0298950000000002;41.14112142579601;-0.00676758977876446;-0.006643655681224464;-0.00012393409753999607;38.48979591836725;25.452575484266745;1.0378265;1.0529133754550604;1.0227396245449396;1.05343;1.02134;1.037385;35.524340052096456;13.687831498799138;28.030495733134618;-0.011519999999999975;-0.08936587072420345
2025-01-15;60972;1.02902;1.03047;1.03544;1.02593;1.081285066666667;-0.05226506666666686;59972.10666666667;1.0166726398137174;-0.16977599270447952;1.0298950000000002;39.91237843731752;-0.006631524435550373;-0.006641229432089646;9.704996539273113e-06;31.3469387755105;27.224489795918583;1.036946;1.0519301001063277;1.0219618998936721;1.05343;1.02134;1.037385;34.546970220580526;16.51519473993959;25.74539983737074;-0.011619999999999964;-0.08959917066918581
2025-01-16;64678;1.03019;1.02884;1.03152;1.02608;1.0810811666666666;-0.05089116666666671;60027.97666666667;1.0774642690214928;0.11370041398610642;1.0285950000000001;41.1772965290668;-0.006356014272797861;-0.00658418640023129;0.00022817212743342884;36.12244897959166;35.319727891156475;1.0359399999999999;1.0498642421695545;1.0220157578304452;1.05343;1.02134;1.037385;33.639412519887166;15.725462020024084;24.514292063042834;-0.005079999999999973;-0.08916633106354692
2025-01-17;58191;1.027;1.02956;1.03307;1.02653;1.0808576666666667;-0.053857666666666804;60066.97666666667;0.9687685851564192;-0.30965161766276506;1.0285950000000001;38.78024461790907;-0.006322198455566808;-0.006531788811298394;0.0002095903557315865;23.102040816326348;30.190476190476176;1.034733;1.0472961940204846;1.0221698059795152;1.05343;1.02134;1.037385;32.49050477210414;16.190399425908645;23.085096500284966;0.00029999999999996696;-0.08872828332393057
2025-01-20;66283;1.04168;1.0275;1.04343;1.02663;1.0806929666666667;-0.03901296666666676;60123.58666666667;1.1024458731557538;1.4294060370009687;1.04201;52.48742758467561;-0.005052602604966205;-0.006235951570031957;0.001183348965065752;83.02040816326478;47.41496598639427;1.0343594999999999;1.0455558395355946;1.0231631604644051;1.05128;1.02134;1.0363099999999998;30.6125197058271;22.506299810340415;19.878958910124148;0.01088;-0.08539323302829521
2025-01-21;79666;1.04234;1.04156;1.04354;1.0342;1.0805379000000002;-0.03819790000000012;60223.403333333335;1.3228412143870332;0.06335918900239879;1.04201;52.99697545182074;-0.003947675911703863;-0.005778296438366339;0.0018306205266624765;94.0017905102959;66.70807982996234;1.034729;1.0464541795720297;1.0230038204279703;1.04584;1.02134;1.03359;28.884121226584597;20.86893647453412;18.352880084540665;0.003370000000000095;-0.07996436654338268
2025-01-22;56437;1.04093;1.04247;1.04573;1.03924;1.0803728333333331;-0.039442833333333205;60311.72666666667;0.935755003532049;-0.13527255981734543;1.04122;51.72082537523103;-0.0031494834778180714;-0.005252533846256686;0.0021030503684386142;80.31980319803152;85.78066729053074;1.0349609999999998;1.0469804707036687;1.0229415292963309;1.04584;1.02134;1.03359;27.594001768210862;21.568398550216536;17.35584248928733;0.006950000000000012;-0.07346823261974007
2025-01-23;58762;1.04151;1.04083;1.04381;1.0372;1.0801987666666666;-0.03868876666666665;60385.83666666667;0.9731089812394242;0.055719404763054925;1.04122;52.2303861169018;-0.002441959679442496;-0.004690419012893848;0.002248459333451352;82.69782697826942;85.67314022886562;1.0349025;1.0467816950483335;1.0230233049516666;1.04584;1.02134;1.03359;26.038918238035205;20.35548405029866;18.115389577033135;0.009599999999999831;-0.06628066205447482
