Time;Volume;Close;Open;High;Low;mean_close;diff_to_mean;mean_volume;relative_volume;relative_change;Close_Filtrado_Wavelet
2019-06-26;64666;1.13685;1.13662;1.13913;1.13475;1.1456691666666667;-0.008819166666666822;96920.96;0.6672034614596608;0.014955836295182934;1.1368900000000002
2019-06-27;55538;1.13693;1.13676;1.13816;1.13479;1.1454616;-0.008531599999999973;96717.37;0.5742298410305642;0.007036988169062397;1.1368900000000002
2019-06-28;52939;1.13697;1.1369;1.13935;1.13507;1.1452682333333333;-0.008298233333333238;96310.56666666667;0.5496696970252261;0.003518246505951339;1.13274
2019-07-01;59256;1.12851;1.13595;1.13712;1.12811;1.1450338;-0.01652380000000009;95937.31;0.6176533404990595;-0.7440829573339802;1.13274
2019-07-02;49201;1.12862;1.12849;1.13212;1.12752;1.1448083;-0.016188300000000044;95650.32;0.5143840606073754;0.00974736599588244;1.1282
2019-07-03;47093;1.12778;1.1284;1.13115;1.12685;1.1445931999999999;-0.01681319999999986;95473.14;0.4932591512125302;-0.07442717655189446;1.1282
2019-07-04;23894;1.12843;1.12778;1.12951;1.12732;1.1444001666666668;-0.01597016666666673;95076.59;0.2513131781440362;0.057635354413099193;1.1254850000000003
2019-07-05;50105;1.12254;1.12836;1.12877;1.12074;1.1441915999999999;-0.02165159999999977;94804.68666666666;0.5285076272248431;-0.5219641448738432;1.1254850000000003
2019-07-08;36426;1.12143;1.12219;1.12344;1.1207;1.1439577666666667;-0.022527766666666782;94365.22;0.38601086290050657;-0.09888289058743727;1.12109
2019-07-09;39167;1.12075;1.12138;1.12188;1.11934;1.1437139;-0.022963900000000148;94073.88333333333;0.4163429701441669;-0.06063686543074098;1.12109
2019-07-10;55757;1.12504;1.12078;1.12644;1.12018;1.1434884333333335;-0.018448433333333458;93859.47666666667;0.59404763354914;0.3827793888021569;1.12525
2019-07-11;55426;1.12546;1.12505;1.12858;1.12452;1.1432942;-0.017834200000000022;93498.55333333333;0.5928006158811235;0.037332005973111926;1.12525
2019-07-12;48634;1.12707;1.12537;1.12749;1.12382;1.1431151;-0.016045099999999923;93051.20333333334;0.5226584746655589;0.1430526184849068;1.1264250000000002
2019-07-15;37927;1.12578;1.12673;1.12839;1.12532;1.1429362333333335;-0.017156233333333493;92634.35333333333;0.40942694189832857;-0.1144560675024664;1.1264250000000002
2019-07-16;46222;1.12094;1.12574;1.12635;1.12019;1.1427494333333332;-0.021809433333333184;92399.87;0.5002387990372172;-0.42992414148411706;1.121725
2019-07-17;39140;1.12251;1.12098;1.12336;1.11998;1.1425608666666667;-0.020050866666666778;92172.92333333334;0.4246366349741367;0.1400610202151542;1.121725
2019-07-18;57963;1.12772;1.12236;1.12805;1.12053;1.1423939333333335;-0.014673933333333444;91977.60666666667;0.6301859996211436;0.4641384041122354;1.1249550000000001
2019-07-19;55772;1.12219;1.12765;1.1282;1.12034;1.1422356999999999;-0.020045699999999833;91609.94666666667;0.6087985205681513;-0.4903699499875902;1.1249550000000001
2019-07-22;38181;1.12088;1.12149;1.12254;1.12063;1.1420653;-0.021185299999999962;91219.73333333334;0.41856075001310916;-0.11673602509377767;1.1179950000000003
2019-07-23;42874;1.11511;1.12085;1.12096;1.11459;1.1418988666666667;-0.02678886666666669;90866.86;0.4718331853878882;-0.5147741060595346;1.1179950000000003
2019-07-24;43788;1.11394;1.11519;1.11559;1.1127;1.1417372666666665;-0.027797266666666598;90578.66333333333;0.48342510684722145;-0.1049223843387792;1.1143
2019-07-25;64096;1.11466;1.11403;1.11878;1.11014;1.141607;-0.026947000000000054;90103.26333333334;0.7113615825752322;0.06463543817440964;1.1143
2019-07-26;41673;1.11283;1.1147;1.1151;1.11121;1.1414284333333333;-0.02859843333333334;89566.57666666666;0.46527400678812014;-0.16417562305994782;1.1136750000000002
2019-07-29;33520;1.11452;1.11238;1.1151;1.1113;1.1412459333333334;-0.026725933333333396;89094.44666666667;0.37622995881445026;0.1518650647448272;1.1136750000000002
2019-07-30;45574;1.11558;1.11448;1.1161;1.11322;1.1410778666666668;-0.025497866666666757;88695.36333333333;0.5138261830972998;0.09510820801781339;1.1116150000000002
2019-07-31;65886;1.10765;1.1154;1.11622;1.10602;1.1408714333333334;-0.03322143333333338;88475.93333333333;0.7446770835608691;-0.7108409975080221;1.1116150000000002
2019-08-01;83433;1.10849;1.10756;1.10959;1.10269;1.1406604666666667;-0.032170466666666675;88205.05;0.9458982223805841;0.0758362298560078;1.1095200000000003
2019-08-02;89620;1.11055;1.10848;1.11164;1.10697;1.1404374333333334;-0.029887433333333435;87995.28333333334;1.0184636790190438;0.18583839276853364;1.1095200000000003
2019-08-05;83905;1.12029;1.11004;1.12132;1.10983;1.1402390666666669;-0.019949066666666848;87724.6;0.9564591916063503;0.8770429066678798;1.1202300000000003
2019-08-06;81232;1.12017;1.1203;1.12497;1.11676;1.14005;-0.019879999999999898;87488.08666666667;0.9284921306998986;-0.01071151219772526;1.1202300000000003
2019-08-07;94540;1.11994;1.11969;1.12419;1.11792;1.1398546666666667;-0.019914666666666747;87413.20666666667;1.0815299381533865;-0.020532597730715807;1.1189500000000001
2019-08-08;68830;1.11796;1.12005;1.12327;1.1177;1.1396663666666669;-0.02170636666666681;87141.6;0.7898638537735375;-0.17679518545635764;1.1189500000000001
2019-08-09;56631;1.12009;1.11797;1.12231;1.11783;1.1394692666666666;-0.01937926666666656;86832.62666666666;0.6521857298799532;0.19052560020036413;1.120725
2019-08-12;53740;1.12136;1.11978;1.12307;1.11621;1.1393518666666667;-0.017991866666666745;86330.53;0.6224912554109627;0.1133837459489806;1.120725
2019-08-13;78399;1.11711;1.12131;1.12286;1.11701;1.1392064666666668;-0.02209646666666676;86009.78;0.9115126210064819;-0.37900406649067353;1.1154800000000002
2019-08-14;70980;1.11385;1.11706;1.11908;1.11306;1.1390450666666665;-0.025195066666666488;85842.42666666667;0.8268638569085777;-0.2918244398492531;1.1154800000000002
2019-08-15;81690;1.11093;1.11377;1.11584;1.10914;1.1388848666666667;-0.02795486666666669;85480.28333333334;0.9556589755492205;-0.26215379090541724;1.1099500000000002
2019-08-16;57159;1.10897;1.11066;1.11122;1.10663;1.1387230333333331;-0.029753033333333123;85151.61;0.6712615298758683;-0.17642875788753676;1.1099500000000002
2019-08-19;41314;1.10781;1.10919;1.11138;1.10762;1.1385481666666668;-0.030738166666666844;84625.76333333334;0.488196482639252;-0.10460156722004177;1.10893
2019-08-20;43676;1.11005;1.10777;1.11068;1.10657;1.1383626999999998;-0.028312699999999857;84163.39666666667;0.5189429339808586;0.20220073839376518;1.10893
2019-08-21;39637;1.10845;1.10994;1.11072;1.10807;1.1381564666666668;-0.029706466666666875;83727.02333333333;0.4734074904609086;-0.14413765145714352;1.10819
2019-08-22;51801;1.10793;1.10843;1.11134;1.10637;1.1379668333333335;-0.0300368333333334;83258.93;0.6221674960270782;-0.04691235509043379;1.10819
2019-08-23;69429;1.11427;1.1079;1.11533;1.10518;1.1378296;-0.023559600000000014;82823.36666666667;0.8382779255933606;0.572238318305307;1.1121000000000003
2019-08-26;89240;1.10993;1.11498;1.11639;1.10942;1.1376732;-0.027743199999999968;82435.92666666667;1.0825377187889824;-0.3894926723325587;1.1121000000000003
2019-08-27;58185;1.10902;1.11009;1.11159;1.10857;1.1374749333333334;-0.028454933333333488;81881.94;0.7105962560241355;-0.08198715234295495;1.108405
2019-08-28;52807;1.10779;1.10898;1.10979;1.10733;1.1372880666666667;-0.029498066666666656;81570.31333333334;0.6473801293884964;-0.1109087302302747;1.108405
2019-08-29;55278;1.10565;1.10772;1.1093;1.1042;1.1370872666666665;-0.031437266666666464;81263.85666666667;0.6802286067560892;-0.1931774072703285;1.10234
2019-08-30;56232;1.09903;1.10564;1.10604;1.09633;1.1368652333333333;-0.037835233333333385;81054.78333333334;0.6937530110806917;-0.598742820965048;1.10234
2019-09-02;35541;1.09666;1.09889;1.09967;1.09581;1.1366234333333334;-0.03996343333333341;80654.82;0.44065562355722315;-0.21564470487611676;1.0970050000000002
2019-09-03;61055;1.09735;1.09664;1.09789;1.09264;1.1363669;-0.03901690000000002;80392.97666666667;0.7594568895383076;0.06291831561286987;1.0970050000000002
2019-09-04;55986;1.10345;1.0974;1.10386;1.09686;1.1361283333333334;-0.032678333333333365;80152.77666666667;0.6984910857526917;0.5558846311568777;1.1034450000000002
2019-09-05;59633;1.10344;1.10356;1.10848;1.10168;1.1358915666666667;-0.03245156666666671;79936.52;0.74600445453458;-0.0009062485839872458;1.1034450000000002
2019-09-06;57821;1.10253;1.10345;1.10574;1.10204;1.1356751666666667;-0.03314516666666667;79562.56;0.7267362940558063;-0.08246936852026598;1.1035750000000002
2019-09-09;44051;1.10462;1.10228;1.10681;1.10155;1.1354672000000001;-0.030847200000000186;79246.06333333334;0.5558761930507813;0.1895640027935741;1.1035750000000002
2019-09-10;45034;1.10426;1.10472;1.10596;1.10306;1.1352526666666667;-0.03099266666666667;78958.28666666667;0.5703517882817235;-0.032590393076348256;1.1026550000000002
2019-09-11;43732;1.10105;1.10431;1.10556;1.09853;1.1350191333333333;-0.03396913333333318;78696.53333333334;0.5557042749870529;-0.29069240939633145;1.1026550000000002
2019-09-12;76885;1.10638;1.10103;1.10873;1.09269;1.1348200333333334;-0.028440033333333448;78477.79;0.9797039391653385;0.48408337496024245;1.1067900000000002
2019-09-13;54516;1.1072;1.10642;1.11096;1.10554;1.1346307999999998;-0.027430799999999866;78201.15666666666;0.697125238599323;0.07411558415735264;1.1067900000000002
2019-09-16;53166;1.1004;1.10731;1.10865;1.09935;1.1344181;-0.03401809999999994;77729.22333333333;0.683989852465096;-0.6141618497109702;1.1038050000000001
2019-09-17;57832;1.10721;1.09978;1.10746;1.09904;1.1342017333333332;-0.026991733333333157;77199.49;0.7491241198613166;0.6188658669574743;1.1038050000000001
2019-09-18;56200;1.10293;1.10721;1.10757;1.10138;1.1339810333333333;-0.031051033333333367;76985.58333333333;0.7300068086339894;-0.386557202337412;1.1035000000000001
2019-09-19;56673;1.10407;1.10294;1.10736;1.1023;1.1337673999999998;-0.029697399999999652;76743.61666666667;0.7384718425005938;0.10336104739196994;1.1035000000000001
2019-09-20;54171;1.10196;1.10408;1.10677;1.09964;1.1335311;-0.03157109999999985;76453.62;0.7085472211779236;-0.19111107085602042;1.1006300000000002
2019-09-23;52881;1.0993;1.10133;1.10254;1.09662;1.1333144666666668;-0.034014466666666854;76161.16;0.6943302859356798;-0.2413880721623407;1.1006300000000002
2019-09-24;54456;1.10202;1.09932;1.10241;1.09838;1.1331020333333333;-0.03108203333333326;75953.47333333333;0.71696523687606;0.24743018284363316;1.0981450000000001
2019-09-25;55460;1.09427;1.10196;1.1023;1.09375;1.132848;-0.038578;75846.01666666666;0.7312183610608339;-0.7032540244278573;1.0981450000000001
2019-09-26;54841;1.09198;1.09422;1.09674;1.09087;1.1325914;-0.040611399999999964;75611.09333333334;0.7253036238773175;-0.20927193471448335;1.09307
2019-09-27;52564;1.09416;1.09212;1.09587;1.09046;1.1323518666666668;-0.03819186666666674;75400.98666666666;0.697126156085575;0.19963735599553;1.09307
2019-09-30;48190;1.08994;1.09424;1.09478;1.08847;1.1321234333333332;-0.0421834333333333;75191.5;0.6408969098899955;-0.3856839950281632;1.0915650000000001
2019-10-01;60114;1.09319;1.08964;1.0943;1.08792;1.1319118333333333;-0.03872183333333323;74977.14;0.8017643777822412;0.2981815512780761;1.0915650000000001
2019-10-02;54403;1.09592;1.09321;1.09637;1.09042;1.131714;-0.035794000000000104;74879.9;0.7265367608663038;0.24972786066466135;1.0961400000000001
2019-10-03;61237;1.09636;1.09591;1.09994;1.09411;1.1315023666666668;-0.03514236666666681;74784.97333333333;0.818840968586628;0.04014891597927672;1.0961400000000001
2019-10-04;54776;1.09783;1.09634;1.09972;1.09569;1.1312919333333333;-0.03346193333333325;74678.22;0.7334936478131464;0.1340800466999914;1.0974400000000002
2019-10-07;43140;1.09705;1.09801;1.10006;1.0962;1.1311064000000002;-0.0340564000000001;74488.35666666667;0.5791509160692658;-0.07104925170563492;1.0974400000000002
2019-10-08;59230;1.09558;1.09702;1.09958;1.0941;1.1309552333333333;-0.035375233333333256;73945.47666666667;0.8009955803921653;-0.13399571578324165;1.09634
2019-10-09;46477;1.0971;1.09565;1.09904;1.09504;1.1308091333333334;-0.033709133333333474;73471.85333333333;0.6325823821148608;0.13873929790613193;1.09634
2019-10-10;70715;1.10058;1.09709;1.10338;1.09705;1.1306966666666667;-0.03011666666666679;73195.51;0.9661111726660604;0.31719989062071186;1.102055
2019-10-11;72831;1.10353;1.10054;1.10628;1.10009;1.1305932333333333;-0.02706323333333338;72931.04666666666;0.9986282019626852;0.2680404877428266;1.102055
2019-10-14;41250;1.1026;1.10315;1.10428;1.10128;1.1304765;-0.027876500000000082;72514.56333333334;0.5688512500637593;-0.08427500838218416;1.102915
2019-10-15;62421;1.10323;1.10271;1.1046;1.09913;1.130341;-0.027111000000000107;72275.12333333334;0.8636581595593453;0.05713767458732644;1.102915
2019-10-16;65263;1.10719;1.10328;1.10856;1.10226;1.1302039;-0.02301390000000003;72129.49333333333;0.9048032501544115;0.35894600400641075;1.1098100000000002
2019-10-17;61445;1.11243;1.10715;1.11398;1.10651;1.1300549666666666;-0.017624966666666575;71816.08666666667;0.8555882512115639;0.47327017043146125;1.1098100000000002
2019-10-18;49190;1.11682;1.11242;1.1171;1.11147;1.1299122;-0.013092199999999998;71534.21;0.6876430172359927;0.3946315723236449;1.1159000000000001
2019-10-21;42544;1.11498;1.11607;1.11795;1.11387;1.1297814333333334;-0.01480143333333328;71248.14666666667;0.5971243041455585;-0.16475349653478633;1.1159000000000001
2019-10-22;45484;1.11248;1.11493;1.11568;1.11178;1.1296158666666667;-0.017135866666666777;70952.9;0.641044974905798;-0.2242192685070754;1.11275
2019-10-23;38319;1.11302;1.11248;1.114;1.11062;1.1294331666666666;-0.0164131666666667;70813.13;0.5411284602162705;0.04854019847546631;1.11275
2019-10-24;50516;1.1105;1.11305;1.11628;1.10932;1.1292367666666667;-0.018736766666666682;70663.48333333334;0.7148812599811857;-0.22641102585756467;1.1092500000000003
2019-10-25;35228;1.108;1.11038;1.1123;1.10732;1.1290278666666667;-0.02102786666666656;70431.62;0.5001730756724749;-0.2251238180999482;1.1092500000000003
2019-10-28;31577;1.10998;1.10795;1.11066;1.10756;1.1288386999999998;-0.018858699999999784;70195.47666666667;0.4498438004765383;0.17870036101081954;1.1105250000000002
2019-10-29;38465;1.11107;1.10996;1.11185;1.10736;1.1286736;-0.01760359999999994;69953.67;0.5498639313704986;0.09819996756699201;1.1105250000000002
2019-10-30;54520;1.11499;1.11119;1.11516;1.108;1.1285178999999999;-0.013527899999999926;69923.88333333333;0.7797049791998901;0.3528130540829899;1.1150700000000002
2019-10-31;55184;1.11515;1.115;1.11755;1.11314;1.1283742;-0.01322420000000002;69789.14;0.7907247459990494;0.014349904483457188;1.1150700000000002
2019-11-01;43957;1.11651;1.11512;1.11718;1.11281;1.1282191666666668;-0.011709166666666881;69579.48;0.6317523499743558;0.12195668744112709;1.1146800000000001
2019-11-04;37972;1.11285;1.1168;1.11755;1.11249;1.1280539666666667;-0.01520396666666679;69357.20666666667;0.5474845632479027;-0.3278071848886288;1.1146800000000001
2019-11-05;51299;1.10739;1.11281;1.11403;1.10636;1.1278945;-0.020504499999999926;69170.12333333334;0.7416352252659842;-0.490632160668536;1.1070250000000001
2019-11-06;39576;1.10666;1.10743;1.1093;1.10649;1.1277184666666666;-0.021058466666666664;69052.52333333333;0.5731289472066254;-0.06592076865423735;1.1070250000000001
2019-11-07;56322;1.10502;1.10656;1.10917;1.1036;1.1275336333333332;-0.02251363333333334;68972.86666666667;0.8165819795802577;-0.1481936638172643;1.1035000000000001
2019-11-08;41346;1.10198;1.10494;1.10556;1.10168;1.1273314333333333;-0.02535143333333334;68804.48;0.6009201726398339;-0.2751081428390423;1.1035000000000001
2019-11-11;27757;1.1033;1.10226;1.1043;1.10164;1.1271122666666666;-0.023812266666666693;68600.40666666666;0.40461859263996525;0.11978438810140712;1.1021
2019-11-12;38198;1.1009;1.10327;1.10386;1.10025;1.1269079333333334;-0.0260079333333334;68478.60666666667;0.5578092467028547;-0.21752923049034312;1.1021
2019-11-13;41097;1.1007;1.10088;1.10204;1.09954;1.1266824;-0.02598239999999996;68390.78333333334;0.6009143044858724;-0.018166954310105954;1.10139
2019-11-14;39588;1.10208;1.10057;1.10276;1.0989;1.1264672666666666;-0.024387266666666685;68180.40333333334;0.5806360488430795;0.1253747615153955;1.10139
2019-11-15;32705;1.10524;1.10227;1.10568;1.10146;1.1262603333333334;-0.02102033333333342;67993.75666666667;0.4810000447589407;0.28673054587688984;1.106225
2019-11-18;34151;1.10721;1.10477;1.109;1.10477;1.1260252333333334;-0.018815233333333348;67756.39;0.5040262623199814;0.17824182982881798;1.106225
2019-11-19;30240;1.10783;1.10716;1.1084;1.10628;1.1258000000000001;-0.01797000000000004;67548.82;0.4476762140329842;0.055996604076913314;1.1075400000000004
2019-11-20;39001;1.10725;1.10782;1.10814;1.1053;1.1255754333333334;-0.018325433333333363;67415.09333333334;0.5785202997072794;-0.052354603143078826;1.1075400000000004
2019-11-21;38824;1.10588;1.10725;1.1097;1.10523;1.1253396000000002;-0.019459600000000243;67253.77666666667;0.5772761311594381;-0.12372996161662542;1.1039200000000002
2019-11-22;41084;1.10196;1.10585;1.10875;1.10146;1.1250993;-0.023139299999999974;67048.15333333334;0.6127536398466138;-0.3544688392953965;1.1039200000000002
2019-11-25;34713;1.10117;1.10161;1.10322;1.10036;1.1248892666666668;-0.023719266666666794;66765.17;0.5199267821829077;-0.07169044248430678;1.101685
2019-11-26;34633;1.1022;1.10135;1.10255;1.1007;1.1246957;-0.022495699999999896;66531.92666666667;0.5205470776986587;0.09353687441540082;1.101685
2019-11-27;34154;1.09988;1.10198;1.10245;1.09923;1.1245024666666665;-0.024622466666666565;66345.71;0.5147883713957518;-0.21048811467974105;1.100305
2019-11-28;23781;1.10073;1.09992;1.10179;1.09985;1.1243227999999998;-0.02359279999999986;66081.21333333333;0.3598753533782431;0.07728115794449764;1.100305
2019-11-29;32193;1.10183;1.10073;1.10282;1.09812;1.1241694333333334;-0.022339433333333325;65781.6;0.48939217045488564;0.09993368037575223;1.104835
2019-12-02;37524;1.10784;1.10227;1.10897;1.1003;1.1240242333333332;-0.016184233333333298;65525.65666666667;0.5726611820295268;0.5454561956018456;1.104835
2019-12-03;37198;1.10818;1.10787;1.10935;1.1066;1.1238785333333334;-0.015698533333333486;65279.74;0.5698245734433731;0.030690352397466647;1.10796
2019-12-04;42386;1.10774;1.10812;1.11162;1.10668;1.1237405333333332;-0.01600053333333329;65165.153333333335;0.6504396572686675;-0.039704741107038366;1.10796
2019-12-05;33114;1.1104;1.10773;1.11082;1.10772;1.1236111;-0.01321109999999992;64898.41;0.5102436253830394;0.24012855002077949;1.108205
2019-12-06;32442;1.10601;1.11041;1.11097;1.10398;1.1234583999999999;-0.01744839999999992;64655.46333333333;0.50176734226989;-0.3953530259366067;1.108205
2019-12-09;25188;1.10641;1.10492;1.1078;1.10492;1.1232819666666667;-0.016871966666666793;64207.66;0.3922896426998909;0.03616603828173748;1.1078800000000002
2019-12-10;31684;1.10935;1.10634;1.10978;1.10629;1.1231272666666667;-0.013777266666666677;63959.83;0.4953734242257218;0.2657242794262604;1.1078800000000002
2019-12-11;40182;1.113;1.10923;1.11449;1.10704;1.1229777333333333;-0.009977733333333294;63782.39333333333;0.6299857672320078;0.32902149907603206;1.1131000000000002
2019-12-12;51552;1.1132;1.11294;1.11543;1.11031;1.1228304666666669;-0.009630466666666893;63646.87666666666;0.8099690463992694;0.017969451931709735;1.1131000000000002
2019-12-13;72199;1.11187;1.11285;1.11992;1.11021;1.1227033;-0.010833300000000046;63531.98;1.1364197999179095;-0.11947538627381515;1.1131350000000002
2019-12-16;36032;1.1144;1.11247;1.1158;1.11226;1.1226009000000001;-0.008200900000000066;63271.62;0.5694812302892561;0.22754458704705716;1.1131350000000002
2019-12-17;39194;1.11508;1.1143;1.11746;1.11293;1.1224796333333333;-0.0073996333333332664;63035.71333333333;0.6217745136433313;0.06101938262741413;1.1132100000000003
2019-12-18;34479;1.11134;1.1149;1.11542;1.11103;1.1223626;-0.011022599999999994;62837.59333333333;0.5487001995301515;-0.3354019442551315;1.1132100000000003
2019-12-19;38030;1.11202;1.11131;1.11443;1.11072;1.1222458666666668;-0.010225866666666805;62582.933333333334;0.6076736575678874;0.06118739539655582;1.10983
2019-12-20;33239;1.10764;1.11218;1.11248;1.10663;1.1221405;-0.014500500000000027;62304.00666666667;0.5334969896531213;-0.39387780795310245;1.10983
2019-12-23;31112;1.10895;1.10767;1.1096;1.107;1.1220458666666666;-0.013095866666666511;62017.206666666665;0.5016672254720758;0.1182694738362855;1.1087900000000002
2019-12-24;26465;1.10863;1.10887;1.1094;1.10692;1.1219405333333332;-0.013310533333333208;61688.08666666667;0.42901314386682293;-0.028856125163456703;1.1087900000000002
2019-12-26;15798;1.10969;1.10892;1.1109;1.10824;1.1218486333333333;-0.012158633333333224;61393.77333333333;0.2573225124024102;0.09561350495657095;1.1136650000000001
2019-12-27;43184;1.11764;1.10975;1.11884;1.10943;1.1217924333333333;-0.004152433333333372;61223.85333333333;0.7053459991300713;0.7164162964431453;1.1136650000000001
2019-12-30;42522;1.11991;1.11704;1.12208;1.11704;1.1217542666666669;-0.0018442666666669272;61021.03333333333;0.6968416901056472;0.20310654593607147;1.1211200000000001
2019-12-31;36063;1.12233;1.11981;1.12392;1.11972;1.1216924333333333;0.0006375666666667001;60768.46;0.5934492991922795;0.21608879284942262;1.1211200000000001
2020-01-02;40413;1.11726;1.12119;1.12246;1.11636;1.1216210666666666;-0.004361066666666691;60506.246666666666;0.667914508441277;-0.4517387934030226;1.1164700000000003
2020-01-03;48272;1.11568;1.11717;1.11798;1.1125;1.1215374999999999;-0.005857499999999849;60364.24333333333;0.7996787060417943;-0.14141739612980597;1.1164700000000003
2020-01-06;41393;1.11969;1.11577;1.12056;1.11572;1.1214609333333334;-0.0017709333333333355;60202.65666666667;0.6875610195938716;0.35942205650365544;1.1174300000000001
2020-01-07;44674;1.11517;1.11968;1.11974;1.11336;1.1213696666666668;-0.006199666666666825;59863.35666666667;0.746266205030031;-0.40368316230385837;1.1174300000000001
2020-01-08;64999;1.11041;1.11519;1.11682;1.11018;1.1212831;-0.010873100000000191;59708.426666666666;1.0886068119472994;-0.4268407507375671;1.1105450000000001
2020-01-09;40036;1.11068;1.11053;1.11204;1.10923;1.1212072333333334;-0.010527233333333497;59490.693333333336;0.6729792133311822;0.02431534298141802;1.1105450000000001
2020-01-10;37811;1.1121;1.11057;1.11292;1.1085;1.1211751;-0.009075100000000003;59268.99;0.6379558686590344;0.12784960564700132;1.1128100000000003
2020-01-13;31470;1.11352;1.11106;1.1147;1.11106;1.1211232333333334;-0.007603233333333348;58981.95;0.5335530615721363;0.12768635914035542;1.1128100000000003
2020-01-14;38939;1.11266;1.11339;1.11446;1.11044;1.1210623;-0.008402299999999974;58660.69;0.6638005792293504;-0.07723255981033628;1.11382
2020-01-15;35118;1.11498;1.11276;1.11636;1.11185;1.1210021000000001;-0.00602210000000003;58302.166666666664;0.6023446813010491;0.20850933798286508;1.11382
2020-01-16;36266;1.11359;1.11495;1.11726;1.1128;1.1209083666666666;-0.00731836666666652;58051.746666666666;0.6247184982776359;-0.12466591328992305;1.1112700000000002
2020-01-17;33689;1.10895;1.1136;1.11426;1.10863;1.1207870666666666;-0.011837066666666507;57885.93;0.5819894402662993;-0.416670408319042;1.1112700000000002
2020-01-20;26733;1.1095;1.10901;1.11023;1.10767;1.1206952666666667;-0.011195266666666814;57647.08;0.4637355439338014;0.04959646512465721;1.1088500000000003
2020-01-21;32602;1.1082;1.10939;1.1118;1.1081;1.1205941000000001;-0.012394100000000075;57444.166666666664;0.5675423962397284;-0.11716989634968922;1.1088500000000003
2020-01-22;30658;1.10943;1.10818;1.10984;1.10702;1.1204908666666666;-0.011060866666666724;57277.67;0.5352522195821626;0.11099079588521299;1.107605
2020-01-23;38665;1.10578;1.10927;1.11087;1.10364;1.1203994666666666;-0.01461946666666658;57139.75;0.6766742941646268;-0.32899777363150084;1.107605
2020-01-24;32602;1.10273;1.10531;1.10617;1.10198;1.1202993666666667;-0.017569366666666753;56981.24333333333;0.5721531874844596;-0.27582340067644484;1.10234
2020-01-27;34547;1.10195;1.10302;1.10377;1.10098;1.1202087333333333;-0.018258733333333277;56773.80333333334;0.608502477756506;-0.07073354311571967;1.10234
2020-01-28;28707;1.10216;1.10189;1.10252;1.0998;1.1200938666666667;-0.01793386666666663;56525.66333333333;0.507857817266274;0.019057126003896308;1.1016000000000001
2020-01-29;28998;1.10104;1.10223;1.10276;1.09924;1.1199661666666667;-0.01892616666666669;56310.183333333334;0.5149690212929784;-0.10161863976192453;1.1016000000000001
2020-01-30;36072;1.10314;1.10093;1.10394;1.10047;1.1198700666666668;-0.016730066666666765;56144.526666666665;0.6424847111839619;0.19072876553076767;1.1063
2020-01-31;37993;1.10946;1.10314;1.10954;1.1017;1.1197836333333333;-0.010323633333333415;55992.39;0.6785386371253882;0.5729100567470891;1.1063
2020-02-03;37051;1.10611;1.10932;1.10941;1.1037;1.11969;-0.013580000000000148;55769.31;0.664361814768613;-0.3019486957619;1.10528
2020-02-04;31634;1.10445;1.10583;1.10642;1.10328;1.1195899666666669;-0.015139966666666949;55684.51;0.5680933530706173;-0.1500754897794998;1.10528
2020-02-05;34543;1.09988;1.10441;1.10479;1.09936;1.1194637;-0.019583700000000093;55412.753333333334;0.6233763515088603;-0.41378061478564154;1.098985
2020-02-06;29464;1.09809;1.09987;1.1014;1.09644;1.1193236;-0.021233599999999964;55174.56333333333;0.5340141945843764;-0.1627450267301822;1.098985
2020-02-07;36454;1.09439;1.09824;1.0985;1.0942;1.1191864666666667;-0.024796466666666683;54919.10333333333;0.6637763143861726;-0.33694870183682557;1.0927250000000002
2020-02-10;29464;1.09106;1.09444;1.09576;1.09078;1.1190505666666666;-0.02799056666666666;54697.43666666667;0.5386724094504114;-0.30427909611747683;1.0927250000000002
2020-02-11;31116;1.09156;1.09108;1.0925;1.08916;1.1188994666666667;-0.027339466666666645;54475.17;0.5711960146245397;0.045826993932518434;1.0894650000000001
2020-02-12;31563;1.08737;1.09151;1.09257;1.08653;1.118738;-0.03136800000000006;54279.55;0.5814897138976683;-0.38385430026751655;1.0894650000000001
2020-02-13;34163;1.08392;1.08736;1.08888;1.08341;1.1185833;-0.034663300000000064;54116.54;0.6312857399973038;-0.3172793069516344;1.0834700000000002
2020-02-14;30600;1.08302;1.08409;1.08613;1.08274;1.1184109;-0.03539089999999989;53963.85;0.5670462726435258;-0.08303195807807251;1.0834700000000002
2020-02-17;21653;1.08334;1.08371;1.0851;1.08292;1.1182343000000001;-0.034894300000000156;53762.64666666667;0.40275174944876796;0.029547007442132234;1.0812150000000003
2020-02-18;35082;1.07909;1.08351;1.08373;1.07856;1.1180392666666665;-0.03894926666666643;53503.04;0.6557010592294091;-0.3923052781213521;1.0812150000000003
2020-02-19;33209;1.08069;1.0791;1.08117;1.07822;1.1178263666666666;-0.03713636666666664;53204.66333333333;0.6241746102580437;0.14827308194866884;1.0795050000000002
2020-02-20;42794;1.07832;1.08044;1.08212;1.07778;1.1176316000000002;-0.039311600000000224;53002.53333333333;0.8073953697809148;-0.2193043333425848;1.0795050000000002
2020-02-21;43328;1.08478;1.07846;1.08636;1.07828;1.1174449333333334;-0.03266493333333331;52892.723333333335;0.819167501112317;0.5990800504488636;1.0850600000000004
2020-02-24;62331;1.08534;1.08129;1.08721;1.08052;1.1172781;-0.03193810000000008;52909.19666666666;1.1780749647869326;0.05162337063735478;1.0850600000000004
2020-02-25;63793;1.0881;1.08527;1.08904;1.08302;1.1170946666666666;-0.028994666666666502;52707.85333333333;1.2103129982651777;0.2542981922715626;1.08807
2020-02-26;68956;1.08804;1.08811;1.09089;1.08552;1.1169079666666668;-0.02886796666666691;52608.10333333333;1.3107486419548464;-0.005514199062606195;1.08807
2020-02-27;82761;1.09999;1.08814;1.10066;1.08773;1.1167596666666668;-0.016769666666666794;52665.48333333333;1.5714467002261943;1.0983052093673118;1.1014400000000002
2020-02-28;108618;1.10289;1.09995;1.10532;1.0951;1.1166548;-0.013764800000000132;52681.60333333333;2.0617823514732194;0.2636387603523582;1.1014400000000002
2020-03-02;119851;1.11324;1.10428;1.11846;1.10363;1.1165675333333334;-0.0033275333333333545;52640.51;2.2767826527512223;0.9384435437804317;1.1151200000000001
2020-03-03;112326;1.117;1.11333;1.12135;1.10954;1.1164918;0.0005082000000000697;52654.433333333334;2.133267664070933;0.3377528655096773;1.1151200000000001
2020-03-04;76443;1.1135;1.11714;1.11875;1.10955;1.1163787666666667;-0.0028787666666667544;52651.98;1.4518542322622146;-0.3133393017009878;1.1185950000000002
2020-03-05;69663;1.12369;1.11332;1.12449;1.11196;1.1163106333333332;0.007379366666666831;52611.32;1.3241066751411439;0.9151324651998305;1.1185950000000002
2020-03-06;124746;1.12895;1.12366;1.13548;1.12112;1.1162261333333334;0.012723866666666472;52654.00666666667;2.3691644358557133;0.4681006327367676;1.13454
2020-03-09;190880;1.14353;1.13469;1.14951;1.13348;1.1162044666666666;0.02732553333333332;52941.693333333336;3.6054759109826473;1.2914655210593873;1.1379400000000002
2020-03-10;176934;1.12815;1.14388;1.14581;1.12748;1.1161435;0.012006500000000031;53221.86;3.324461039128786;-1.3449581558857227;1.12759
2020-03-11;127991;1.12703;1.12801;1.13668;1.12574;1.1160773;0.010952700000000037;53384.91333333333;2.3975125556691492;-0.09927757833620987;1.12759
2020-03-12;174508;1.11852;1.12688;1.13336;1.10553;1.1160015666666667;0.0025184333333332365;53614.29;3.2548785034730003;-0.7550819410308551;1.11427
2020-03-13;168533;1.11002;1.11846;1.12213;1.10552;1.1159045333333333;-0.005884533333333275;53906.14666666667;3.126415268412843;-0.7599327683009638;1.11427
2020-03-16;213361;1.11814;1.10635;1.12365;1.10635;1.1158355333333334;0.002304466666666505;54297.456666666665;3.9294842355101234;0.7315183510206991;1.11255
2020-03-17;173076;1.09987;1.11797;1.11891;1.0955;1.1157139666666667;-0.015843966666666764;54629.443333333336;3.168181651493459;-1.633963546604178;1.10546
2020-03-18;194286;1.09166;1.09965;1.10451;1.08018;1.1155639333333334;-0.023903933333333294;55115.86;3.5250470554204316;-0.7464518534008424;1.0860700000000003
2020-03-19;214211;1.0693;1.09122;1.09812;1.06551;1.1153416999999999;-0.04604169999999996;55610.85666666667;3.8519636783146387;-2.0482567832475485;1.0748900000000003
2020-03-20;235127;1.06973;1.06908;1.08308;1.06378;1.115114;-0.04538399999999987;56164.02;4.186434660481179;0.04021322360423518;1.071075
2020-03-23;209219;1.07242;1.07015;1.08278;1.06358;1.1149196;-0.04249959999999997;56507.64666666667;3.7024900582770033;0.2514653230254238;1.071075
2020-03-24;170985;1.07872;1.07205;1.08882;1.07184;1.1147135000000001;-0.035993500000000234;56768.416666666664;3.0119740877037535;0.587456407004705;1.083405
2020-03-25;151437;1.08809;1.07873;1.08939;1.07605;1.1145318999999998;-0.026441899999999796;57044.28;2.654727169840227;0.8686220706022096;1.083405
2020-03-26;163089;1.10331;1.08826;1.10587;1.08702;1.1143989666666665;-0.011088966666666478;57298.056666666664;2.846326899858876;1.3987813508073765;1.1086100000000003
2020-03-27;149504;1.11391;1.10303;1.11472;1.09536;1.114285566666667;-0.0003755666666669377;57481.07666666667;2.600925533579497;0.9607453934071142;1.1086100000000003
2020-03-30;131050;1.10446;1.11167;1.11441;1.101;1.1141512666666666;-0.009691266666666642;57614.776666666665;2.2745900892434934;-0.8483629736693254;1.1040150000000002
2020-03-31;150870;1.10357;1.10398;1.10532;1.09268;1.1140120333333332;-0.010442033333333267;57859.53;2.607522045201092;-0.08058236604313596;1.1040150000000002
2020-04-01;117156;1.09625;1.10286;1.10388;1.09028;1.1138542999999999;-0.017604299999999906;58039.613333333335;2.0185523864042483;-0.6633018295169268;1.0909800000000003
2020-04-02;122752;1.08571;1.09614;1.09681;1.08207;1.1136717666666665;-0.0279617666666665;58251.736666666664;2.10726764598284;-0.961459521094643;1.0909800000000003
2020-04-03;108423;1.08075;1.08553;1.08648;1.07727;1.1134870666666667;-0.03273706666666665;58416.236666666664;1.8560421928352246;-0.4568439085943621;1.08006
2020-04-06;95127;1.07937;1.08081;1.08356;1.07685;1.1133057;-0.03393570000000001;58520.833333333336;1.6255236739050267;-0.12768910478835327;1.08006
2020-04-07;95627;1.0892;1.07931;1.09266;1.07834;1.1131619000000001;-0.023961900000000202;58666.5;1.6300103125290193;0.9107164364397846;1.0873350000000002
2020-04-08;90380;1.08547;1.08903;1.09023;1.08302;1.1130218666666665;-0.027551866666666536;58775.613333333335;1.5377125796614621;-0.34245317664340913;1.0873350000000002
2020-04-09;90497;1.09297;1.08561;1.0952;1.0841;1.1128894666666667;-0.019919466666666663;58885.42333333333;1.5368319505441494;0.6909449362948905;1.0930150000000003
2020-04-10;40002;1.09306;1.09291;1.09525;1.09171;1.1127792666666667;-0.01971926666666679;58806.38;0.6802323149289788;0.008234443763321941;1.0930150000000003
2020-04-13;59001;1.09091;1.09486;1.09678;1.08927;1.1126504666666668;-0.021740466666666736;58741.4;1.0044193703246767;-0.19669551534223784;1.094545
2020-04-14;73928;1.09818;1.09055;1.09872;1.09016;1.1125470000000002;-0.01436700000000024;58761.096666666665;1.2581113048205663;0.6664161113199008;1.094545
2020-04-15;73448;1.09112;1.09784;1.09908;1.08564;1.1124138333333333;-0.021293833333333234;58861.833333333336;1.2478034719722886;-0.6428818590759167;1.0875100000000002
2020-04-16;90027;1.0839;1.09075;1.09112;1.08165;1.1122467333333332;-0.02834673333333315;58925.653333333335;1.5278065648371495;-0.6617054036219705;1.0875100000000002
2020-04-17;79622;1.08712;1.08382;1.08927;1.0812;1.1120914666666666;-0.024971466666666498;58960.17;1.3504370832035677;0.2970753759572009;1.0866700000000002
2020-04-20;59800;1.08622;1.08634;1.08968;1.08413;1.1119346333333333;-0.025714633333333348;58889.78;1.015456332151179;-0.08278754875268302;1.0866700000000002
2020-04-21;68361;1.0857;1.08602;1.08803;1.08165;1.1117763;-0.02607629999999994;58903.566666666666;1.1605579062273264;-0.047872438364227055;1.084005
2020-04-22;52255;1.08231;1.08563;1.08852;1.08034;1.1115983666666667;-0.029288366666666565;58883.816666666666;0.8874254924031101;-0.3122409505388224;1.084005
2020-04-23;76840;1.07758;1.08226;1.08468;1.0756;1.111394;-0.03381400000000001;58914.65666666667;1.304259489022233;-0.4370282081843535;1.0800950000000002
2020-04-24;60781;1.08261;1.07762;1.08296;1.07272;1.1112129000000002;-0.028602900000000098;58893.43666666667;1.0320504871197533;0.4667866886913341;1.0800950000000002
2020-04-27;54825;1.08294;1.08208;1.086;1.08114;1.1110326000000001;-0.028092600000000134;58813.71333333333;0.9321805560765026;0.030481890985667448;1.0824550000000002
2020-04-28;55909;1.08197;1.08285;1.08884;1.08096;1.1108517333333332;-0.028881733333333104;58775.486666666664;0.9512298948210692;-0.08957098269525288;1.0824550000000002
2020-04-29;57292;1.08732;1.0818;1.08856;1.08168;1.1106962;-0.023376199999999958;58800.37666666666;0.9743474999279811;0.49446842333891183;1.09124
2020-04-30;78093;1.09516;1.08707;1.09726;1.0833;1.1105777333333333;-0.015417733333333405;58897.83;1.3259062345758195;0.7210388845969806;1.09124
2020-05-01;55498;1.09806;1.09532;1.10188;1.09345;1.1104691666666668;-0.012409166666666804;58927.46333333333;0.9418019521060427;0.26480149019323385;1.0942200000000002
2020-05-04;58066;1.09038;1.09677;1.09737;1.08957;1.1103725333333334;-0.019992533333333506;58908.996666666666;0.9856898485057117;-0.699415332495501;1.0942200000000002
2020-05-05;61173;1.08375;1.09054;1.09259;1.08259;1.1102406999999999;-0.026490699999999867;58913.496666666666;1.0383528980822043;-0.6080449017773493;1.0816700000000001
2020-05-06;57692;1.07959;1.08376;1.0845;1.0782;1.1100912666666667;-0.030501266666666638;58944.93666666667;0.9787439475291694;-0.3838523644752012;1.0816700000000001
2020-05-07;64809;1.08318;1.07925;1.0834;1.07666;1.1099398;-0.0267598;58945.74;1.0994687656816085;0.3325336470326734;1.0835100000000002
2020-05-08;51225;1.08384;1.08334;1.08756;1.08151;1.1097763;-0.025936300000000134;58948.363333333335;0.86898086907572;0.060931701102306945;1.0835100000000002
2020-05-11;54618;1.08066;1.08282;1.08506;1.08007;1.1096102666666667;-0.02895026666666678;58944.56;0.9265995029904497;-0.2934012400354291;1.0827550000000004
2020-05-12;58633;1.08485;1.08062;1.08854;1.07845;1.1094514333333334;-0.02460143333333331;58985.49333333333;0.9940240673863437;0.3877260192845178;1.0827550000000004
2020-05-13;63002;1.08189;1.0847;1.08966;1.08117;1.1092778333333333;-0.027387833333333278;59061.12666666666;1.0667253328160238;-0.27284878093746245;1.0811650000000002
2020-05-14;55861;1.08044;1.08176;1.0824;1.0775;1.1090955666666666;-0.028655566666666576;59111.80333333334;0.9450058507771891;-0.13402471600624244;1.0811650000000002
2020-05-15;52912;1.0819;1.08039;1.08512;1.0789;1.1088978999999999;-0.026997899999999797;59093.50666666667;0.8953944855304641;0.13513013216837066;1.0866600000000002
2020-05-18;51295;1.09142;1.08078;1.0927;1.0796;1.1087442333333333;-0.017324233333333217;59053.5;0.8686191334974441;0.8799334504113077;1.0866600000000002
2020-05-19;54062;1.09228;1.09139;1.0976;1.09022;1.1086184000000001;-0.016338400000000197;58998.61;0.9163266727807797;0.07879643033843475;1.095045
2020-05-20;50917;1.09781;1.09216;1.0999;1.09187;1.1085069;-0.01069690000000012;58994.426666666666;0.8630815295093079;0.5062804409125876;1.095045
2020-05-21;52446;1.09493;1.09791;1.10083;1.09371;1.1084014;-0.013471400000000022;58975.763333333336;0.8892805626535811;-0.26234047786046766;1.092625
2020-05-22;45728;1.09032;1.09462;1.09537;1.08854;1.1082878;-0.01796780000000009;58904.86666666667;0.7763025805449958;-0.42103148146457325;1.092625
2020-05-25;30400;1.0897;1.08956;1.09146;1.08706;1.1081788666666668;-0.01847886666666687;58796.28666666667;0.5170394547591298;-0.056864039914894526;1.0939750000000001
2020-05-26;52396;1.09825;1.08949;1.0996;1.08913;1.1081006333333332;-0.009850633333333247;58764.073333333334;0.891633221250338;0.7846196200789191;1.0939750000000001
2020-05-27;82519;1.10093;1.09817;1.1031;1.0934;1.1080330333333335;-0.007103033333333508;58863.05;1.4018811461517195;0.24402458456636023;1.1043300000000003
2020-05-28;73647;1.10773;1.10037;1.10936;1.09918;1.1079907;-0.0002606999999998916;58941.73333333333;1.249488195121298;0.6176596150527347;1.1043300000000003
2020-05-29;88484;1.11007;1.10767;1.11451;1.1066;1.1079466;0.0021233999999998865;59073.52333333333;1.4978622402577482;0.21124281187652194;1.11173
2020-06-01;74541;1.11339;1.11137;1.1154;1.11005;1.1079178;0.005472200000000038;59173.81;1.259695801233475;0.2990802381831914;1.11173
2020-06-02;81199;1.1169;1.11356;1.1196;1.11152;1.1079022;0.008997799999999945;59305.98;1.3691536671341795;0.31525341524532013;1.120135
2020-06-03;91995;1.12337;1.11692;1.12579;1.11667;1.1078937;0.015476299999999998;59485.64333333333;1.5465076083061253;0.5792819410869399;1.120135
2020-06-04;99670;1.13355;1.12327;1.13623;1.11946;1.1079178333333335;0.025632166666666567;59671.5;1.6703116228012251;0.9062018747162615;1.1312750000000003
2020-06-05;98291;1.129;1.13369;1.13838;1.12784;1.107923;0.021077000000000012;59837.003333333334;1.6426457630646205;-0.4013938511755133;1.1312750000000003
2020-06-08;74109;1.1294;1.12924;1.132;1.12684;1.1079362;0.021463800000000033;59951.346666666665;1.2361523822315192;0.03542958370239546;1.131615
2020-06-09;85032;1.13383;1.12941;1.1364;1.12411;1.1079495666666666;0.02588043333333334;60080.35;1.4153046711609678;0.3922436692048725;1.131615
2020-06-10;98594;1.13757;1.13395;1.14226;1.13219;1.1079734666666667;0.02959653333333323;60282.61;1.6355297157834348;0.3298554457017433;1.133685
2020-06-11;137591;1.1298;1.13729;1.14037;1.12888;1.1079792666666666;0.021820733333333342;60574.68;2.2714275997822404;-0.6830348901606054;1.133685
2020-06-12;134118;1.12596;1.1294;1.13407;1.12127;1.1079661666666665;0.017993833333333598;60872.21;2.2032714107139855;-0.33988316516195827;1.1291150000000003
2020-06-15;130575;1.13227;1.12333;1.13325;1.12263;1.1079971;0.024272900000000153;61121.653333333335;2.136313284718825;0.5604106717822965;1.1291150000000003
2020-06-16;112568;1.12636;1.13237;1.13534;1.1228;1.1080046666666665;0.0183553333333335;61418.69;1.8327971501831393;-0.521960309820102;1.125335
2020-06-17;106590;1.12431;1.12633;1.1294;1.12068;1.1080000333333333;0.01630996666666662;61708.89;1.727303796908075;-0.1820022017827383;1.125335
2020-06-18;101303;1.12046;1.12439;1.12614;1.11855;1.1079923999999999;0.012467600000000134;61902.636666666665;1.6364892588579072;-0.34243224733391253;1.119115
2020-06-19;95876;1.11777;1.12054;1.12542;1.11682;1.1080009333333334;0.009769066666666548;62032.41;1.5455791577335871;-0.24007996715635915;1.119115
2020-06-22;80544;1.12615;1.11824;1.12701;1.11686;1.1080438666666668;0.01810613333333322;62124.89333333333;1.2964851234081858;0.7497070059135691;1.1285100000000001
2020-06-23;104337;1.13087;1.12579;1.13488;1.12332;1.1080984666666667;0.02277153333333337;62287.20333333333;1.6750952750538206;0.41912711450518003;1.1285100000000001
2020-06-24;97533;1.125;1.13077;1.13259;1.12484;1.1081202333333335;0.016879766666666463;62494.41;1.5606675861086519;-0.5190693890544495;1.1234100000000002
2020-06-25;95464;1.12182;1.12504;1.12598;1.11905;1.1081212;0.013698800000000011;62638.903333333335;1.524036899113199;-0.2826666666666644;1.1234100000000002
2020-06-26;69358;1.12185;1.12166;1.12394;1.11953;1.1081291333333334;0.013720866666666609;62719.32666666667;1.1058473310564179;0.0026742258116163597;1.1230550000000001
2020-06-29;75665;1.12426;1.12148;1.12879;1.1211;1.1081528;0.016107199999999988;62802.25;1.2048135218083422;0.21482372866248323;1.1230550000000001
2020-06-30;79189;1.12336;1.12416;1.12618;1.1191;1.1081631333333333;0.015196866666666642;62883.316666666666;1.2593006253113888;-0.0800526568587423;1.12424
2020-07-01;77792;1.12512;1.12339;1.12752;1.11854;1.1081805666666666;0.016939433333333254;62985.94666666666;1.2350691561671268;0.15667283862697;1.12424
2020-07-02;77360;1.12394;1.12508;1.13027;1.12234;1.1081964666666666;0.015743533333333337;63068.71;1.2265987365206572;-0.10487770193401413;1.1243400000000001
2020-07-03;65448;1.12474;1.12392;1.12513;1.12193;1.1082149333333335;0.016525066666666532;63075.04666666667;1.0376211110213414;0.07117817677100291;1.1243400000000001
2020-07-06;72064;1.13089;1.12432;1.13456;1.12385;1.1082471999999999;0.022642800000000074;63078.693333333336;1.142445985987269;0.5467930366128915;1.129165
2020-07-07;80272;1.12744;1.1309;1.13326;1.12588;1.1082606666666668;0.019179333333333215;63142.96666666667;1.271273813024105;-0.30506945856803025;1.129165
2020-07-08;74963;1.13298;1.12727;1.13518;1.12621;1.1082957333333334;0.024684266666666677;63212.33666666667;1.1858919311160012;0.49137869864472883;1.1307300000000002
2020-07-09;89541;1.12848;1.13267;1.13708;1.12804;1.1083226666666668;0.02015733333333314;63354.236666666664;1.413338786971719;-0.3971826510618115;1.1307300000000002
2020-07-10;74196;1.1299;1.12812;1.13248;1.1255;1.1083550666666666;0.021544933333333294;63426.89333333333;1.1697877051940582;0.12583297887422962;1.13209
2020-07-13;66137;1.13428;1.13045;1.13749;1.13008;1.1084117666666666;0.025868233333333324;63494.486666666664;1.041617996648994;0.38764492432958875;1.13209
2020-07-14;91381;1.13999;1.13435;1.14088;1.13252;1.1084926333333331;0.031497366666666915;63629.08666666667;1.436151370185506;0.5034030398138212;1.1405700000000003
2020-07-15;81264;1.14115;1.13948;1.14521;1.13894;1.1085746333333335;0.032575366666666605;63770.50666666667;1.2743194973306458;0.10175527855507127;1.1405700000000003
2020-07-16;81041;1.13822;1.1411;1.14416;1.13705;1.1086481666666665;0.029571833333333464;63881.62;1.2686121610564558;-0.25675853305876517;1.1403400000000001
2020-07-17;61357;1.14246;1.13834;1.14437;1.1375;1.1087395999999998;0.033720400000000206;63953.90666666667;0.9593940886174231;0.37251146527033097;1.1403400000000001
2020-07-20;94549;1.14478;1.1406;1.14679;1.14026;1.1088282;0.03595179999999987;64083.496666666666;1.4754032616507544;0.20307056702202342;1.1488200000000002
2020-07-21;110652;1.15286;1.14474;1.15398;1.14231;1.1089360333333333;0.04392396666666665;64303.10333333333;1.720787866588442;0.7058124705183522;1.1488200000000002
2020-07-22;131231;1.15703;1.15265;1.16015;1.1507;1.1090619666666668;0.047968033333333215;64667.16333333333;2.0293297747349217;0.3617091407456252;1.1583700000000001
2020-07-23;122012;1.15971;1.15702;1.16269;1.15404;1.1092076333333334;0.05050236666666663;64922.956666666665;1.8793352346293515;0.2316275291046832;1.1583700000000001
2020-07-24;119696;1.16556;1.15961;1.16583;1.15814;1.1093825;0.05617749999999999;65159.083333333336;1.8369810297614935;0.5044364539410706;1.1703450000000002
2020-07-27;133433;1.17513;1.16425;1.17814;1.16404;1.1095898;0.06554020000000005;65472.95;2.037986679995015;0.8210645526613991;1.1703450000000002
2020-07-28;134252;1.17168;1.17513;1.17737;1.16988;1.1097723666666668;0.06190763333333327;65721.68333333333;2.0427352616497636;-0.29358453958284736;1.1753550000000001
2020-07-29;126057;1.17903;1.1715;1.18062;1.17103;1.1099554333333332;0.06907456666666678;65949.19;1.911426053905755;0.6273043834494008;1.1753550000000001
2020-07-30;130944;1.18468;1.17908;1.18484;1.17309;1.1101537666666668;0.07452623333333319;66177.02666666667;1.978692706451507;0.4792074841182936;1.181015
2020-07-31;164138;1.17735;1.18471;1.19088;1.17616;1.1103381666666667;0.06701183333333316;66498.75333333333;2.4682868741495505;-0.618732484721618;1.181015
2020-08-03;122504;1.17627;1.17708;1.17968;1.1696;1.1105006;0.06576939999999998;66678.92333333334;1.8372222266933467;-0.09173143075550394;1.1782700000000002
2020-08-04;115216;1.18027;1.17617;1.18062;1.17213;1.1106573000000002;0.06961269999999975;66859.93;1.7232444006444934;0.3400579798855663;1.1782700000000002
2020-08-05;110465;1.18641;1.18025;1.1905;1.17928;1.1108414333333334;0.07556856666666656;67077.57666666666;1.64682454986299;0.520219949672529;1.1870450000000001
2020-08-06;139673;1.18768;1.1863;1.1916;1.1818;1.1110251333333332;0.07665486666666688;67360.1;2.0735272067585893;0.10704562503689452;1.1870450000000001
2020-08-07;134599;1.17868;1.18762;1.18831;1.17553;1.1111917000000002;0.06748829999999972;67626.50666666667;1.9903290386330779;-0.7577798733665708;1.1761700000000002
2020-08-10;88973;1.17366;1.17869;1.18008;1.17362;1.1113450333333332;0.062314966666666693;67751.77666666667;1.3132201748409775;-0.42590015950045856;1.1761700000000002
2020-08-11;128434;1.17395;1.17373;1.18079;1.17222;1.1115211333333335;0.06242886666666658;67981.93333333333;1.889237238520937;0.02470902987237178;1.1762450000000002
2020-08-12;126254;1.17854;1.17399;1.18166;1.17112;1.1117103666666666;0.06682963333333336;68273.68;1.8492338482411015;0.3909876911282417;1.1762450000000002
2020-08-13;111301;1.18146;1.1784;1.18642;1.17763;1.1119172;0.06954280000000002;68416.34666666666;1.626818814840504;0.24776418280245682;1.1827500000000002
2020-08-14;99233;1.18404;1.18126;1.18505;1.17819;1.1121219;0.07191809999999998;68543.80666666667;1.4477310909001968;0.2183738763902321;1.1827500000000002
2020-08-17;85575;1.18701;1.18394;1.1881;1.18288;1.1123148333333333;0.07469516666666665;68571.39333333333;1.2479693913174221;0.2508361204013321;1.1900750000000002
2020-08-18;112021;1.19314;1.18699;1.19658;1.1855;1.1125023;0.08063770000000003;68706.80333333333;1.6304207817166243;0.5164236190091209;1.1900750000000002
2020-08-19;117992;1.18392;1.1931;1.19527;1.18304;1.1126492333333333;0.07127076666666676;68927.58666666667;1.7118254926085166;-0.7727508926027138;1.1850200000000002
2020-08-20;123960;1.18612;1.18364;1.18687;1.18021;1.1128140333333334;0.07330596666666667;69095.48666666666;1.7940390317821349;0.18582336644368258;1.1850200000000002
2020-08-21;105822;1.17956;1.186;1.18829;1.17542;1.1129563999999998;0.0666036000000001;69232.67333333334;1.528497960644758;-0.553063770950668;1.179145
2020-08-24;83966;1.17873;1.17892;1.18497;1.17844;1.1130957333333333;0.06563426666666672;69327.43333333333;1.211151141226747;-0.07036522092982445;1.179145
2020-08-25;105019;1.18339;1.17875;1.18438;1.17843;1.1132504666666667;0.07013953333333323;69501.03333333334;1.5110422818651361;0.3953407480932869;1.18321
2020-08-26;94957;1.18303;1.18342;1.18394;1.17724;1.1134321999999999;0.06959780000000015;69620.03666666667;1.363932059597015;-0.03042107842722297;1.18321
2020-08-27;157424;1.18217;1.183;1.1902;1.17626;1.1136107;0.06855929999999999;69980.78;2.2495319429131473;-0.07269469075171786;1.1864000000000003
2020-08-28;139470;1.19063;1.18216;1.19199;1.18111;1.1138202000000001;0.07680979999999993;70288.70333333334;1.9842448841112517;0.7156331153725937;1.1864000000000003
2020-08-31;114116;1.19363;1.18938;1.19661;1.1884;1.1140375333333332;0.07959246666666675;70589.44333333333;1.6166156667522076;0.2519674458060006;1.1924050000000002
2020-09-01;136700;1.19118;1.19361;1.20115;1.19014;1.1142663333333334;0.07691366666666655;70878.09333333334;1.9286636190549433;-0.20525623518176106;1.1924050000000002
2020-09-02;114938;1.18542;1.19117;1.19288;1.18222;1.1144796333333333;0.07094036666666659;71139.8;1.6156638056331876;-0.4835541228025986;1.185285
2020-09-03;130747;1.18515;1.18545;1.18646;1.17891;1.1146943;0.0704556999999999;71445.06666666667;1.8300353838284384;-0.022776737358909394;1.185285
2020-09-04;134280;1.18379;1.18513;1.18655;1.17809;1.1148901333333334;0.06889986666666648;71706.81;1.8726254870350707;-0.11475340674176326;1.18253
2020-09-07;63876;1.18127;1.18448;1.18487;1.18117;1.1150761666666666;0.0661938333333334;71734.97666666667;0.8904442848961374;-0.2128755944888705;1.18253
2020-09-08;130512;1.17738;1.18124;1.18275;1.17656;1.1152438666666669;0.06213613333333323;72007.90333333334;1.812467714770502;-0.32930659375078886;1.17884
2020-09-09;113969;1.1803;1.17733;1.1834;1.17529;1.1154256;0.06487439999999989;72261.37666666666;1.5771772592391922;0.24800828959212762;1.17884
2020-09-10;138212;1.18147;1.18028;1.19174;1.17971;1.1156273666666667;0.06584263333333329;72568.01;1.9045857809795386;0.09912734050665506;1.1829650000000003
2020-09-11;96683;1.18446;1.1815;1.18742;1.18097;1.1158338666666667;0.06862613333333334;72759.82;1.328796580310214;0.25307455965872805;1.1829650000000003
2020-09-14;72998;1.18638;1.18347;1.1888;1.18321;1.1160294;0.07035060000000004;72809.93666666666;1.002582934993946;0.16209918443848004;1.1855200000000004
2020-09-15;81964;1.18466;1.18641;1.19006;1.18398;1.1162376333333333;0.06842236666666679;72897.24333333333;1.1243772226776307;-0.14497884320369137;1.1855200000000004
2020-09-16;117867;1.18162;1.18469;1.18825;1.17878;1.1164401;0.06517989999999996;73162.86333333333;1.611022240381387;-0.2566137119511258;1.1831950000000002
2020-09-17;127278;1.18477;1.18157;1.18524;1.17376;1.1166723;0.06809770000000004;73444.21;1.732988890478673;0.26658316548469063;1.1831950000000002
2020-09-18;91478;1.18426;1.18477;1.18706;1.18264;1.1169067000000001;0.06735329999999995;73603.17666666667;1.2428539655872766;-0.043046329667362215;1.1807050000000001
2020-09-21;109554;1.17715;1.18398;1.18717;1.17318;1.117115;0.06003499999999984;73754.70333333334;1.485383237254137;-0.6003749176701212;1.1807050000000001
2020-09-22;119230;1.17048;1.17709;1.1773;1.16918;1.1173071666666665;0.05317283333333345;74013.22666666667;1.610928280926867;-0.5666227753472364;1.168255
2020-09-23;118571;1.16603;1.17074;1.17189;1.16514;1.1174788666666666;0.048551133333333274;74296.73;1.5959114216733907;-0.3801859066365987;1.168255
2020-09-24;118208;1.16682;1.16601;1.1687;1.16265;1.1176496666666667;0.049170333333333316;74538.84333333334;1.5858577181210727;0.06775125854394659;1.1649450000000001
2020-09-25;95542;1.16307;1.16722;1.16851;1.16122;1.1178344;0.04523560000000004;74637.69666666667;1.2800770155954777;-0.32138633208206313;1.1649450000000001
2020-09-28;82584;1.16667;1.16194;1.16802;1.16152;1.1180283333333334;0.048641666666666694;74634.86666666667;1.106506967699488;0.30952565193840265;1.1705000000000003
2020-09-29;85381;1.17433;1.16607;1.17455;1.16607;1.1182409333333334;0.05608906666666669;74620.73666666666;1.1441993715686345;0.6565695526584259;1.1705000000000003
2020-09-30;116537;1.17181;1.17428;1.1755;1.16848;1.1184126666666667;0.0533973333333333;74729.51;1.5594508782405294;-0.21459044731890753;1.1731850000000001
2020-10-01;120030;1.17456;1.17194;1.17698;1.17173;1.1185939666666667;0.05596603333333339;74858.83666666667;1.6034179175727323;0.2346796835664522;1.1731850000000001
2020-10-02;128396;1.17162;1.17493;1.17493;1.16958;1.1187662333333335;0.052853766666666635;74971.69;1.71259311348034;-0.2503064977523395;1.1750350000000003
2020-10-05;78800;1.17845;1.17108;1.17976;1.17058;1.1189678666666667;0.0594821333333333;75004.92333333334;1.0505977007641252;0.582953517352025;1.1750350000000003
2020-10-06;100929;1.17335;1.1782;1.18078;1.17319;1.1191453999999998;0.05420460000000005;75152.58333333333;1.3429877660003249;-0.43277186134329515;1.17482
2020-10-07;90133;1.17629;1.17332;1.17819;1.1725;1.1193285;0.05696150000000011;75273.89333333333;1.1974005330221797;0.25056462266161983;1.17482
2020-10-08;74160;1.17603;1.17602;1.17817;1.17329;1.1195248999999998;0.056505100000000086;75259.76333333334;0.9853871008274073;-0.022103392870820304;1.1795250000000002
2020-10-09;73139;1.18302;1.17582;1.18309;1.17553;1.1197554666666667;0.06326453333333326;75266.96;0.9717278338329365;0.5943725925359189;1.1795250000000002
2020-10-12;59726;1.18119;1.18102;1.18268;1.17869;1.1199896666666669;0.06120033333333308;75193.74666666667;0.7942947738028932;-0.1546888471877006;1.1778700000000002
2020-10-13;73435;1.17455;1.18109;1.18154;1.17306;1.1202082666666666;0.054341733333333364;75248.0;0.9759063363809037;-0.5621449555109681;1.1778700000000002
2020-10-14;75200;1.17469;1.17443;1.17711;1.17199;1.1204312;0.05425879999999994;75360.95333333334;0.9978642343783605;0.011919458516040926;1.1727150000000002
2020-10-15;80014;1.17074;1.17452;1.17579;1.16885;1.1206335;0.05010649999999983;75482.08;1.0600396809413493;-0.33625892788736733;1.1727150000000002
2020-10-16;70165;1.17147;1.17071;1.17463;1.16942;1.1208435666666665;0.0506264333333335;75583.84;0.9283068973472467;0.06235372499445724;1.17428
2020-10-19;70775;1.17709;1.17158;1.17938;1.17032;1.1210741;0.05601590000000001;75647.08666666667;0.9355945234461637;0.47973913117707045;1.17428
2020-10-20;69151;1.18224;1.17684;1.18408;1.17599;1.1213006666666667;0.060939333333333234;75646.16;0.914137611215042;0.43751964590643677;1.1841750000000002
2020-10-21;86062;1.18611;1.18212;1.18808;1.18182;1.1215545999999998;0.06455540000000015;75635.56666666667;1.1378509316823429;0.327344701583443;1.1841750000000002
2020-10-22;73595;1.18187;1.18618;1.18669;1.18113;1.1217974333333331;0.06007256666666683;75686.93333333333;0.9723607069118528;-0.357471060862824;1.1840050000000002
2020-10-23;70037;1.18614;1.18173;1.18648;1.17868;1.1220586000000001;0.06408139999999984;75744.36666666667;0.9246496219079539;0.3612918510496055;1.1840050000000002
2020-10-26;69503;1.18092;1.18532;1.18599;1.18034;1.1223095;0.0586104999999999;75791.78333333334;0.9170255262937362;-0.44008295816683196;1.1802300000000001
2020-10-27;58619;1.17954;1.18081;1.18389;1.17929;1.1225778666666666;0.05696213333333344;75799.74;0.77334038348934;-0.11685804288181778;1.1802300000000001
2020-10-28;82850;1.17462;1.17956;1.17971;1.17179;1.1228377333333333;0.05178226666666674;75957.43666666666;1.0907424425546364;-0.4171117554300885;1.1709650000000003
2020-10-29;88076;1.16731;1.17459;1.1759;1.16503;1.1230709333333333;0.04423906666666677;76047.50666666667;1.1581707785114552;-0.6223289233964979;1.1709650000000003
2020-10-30;88189;1.16454;1.16739;1.17044;1.16401;1.1232745666666666;0.04126543333333332;76154.85;1.1580221089003315;-0.2372977186865688;1.164285
2020-11-02;73462;1.16403;1.16464;1.16558;1.16223;1.1234765333333334;0.04055346666666648;76200.94666666667;0.9640562645677152;-0.04379411613169015;1.164285
2020-11-03;63989;1.17202;1.16406;1.17398;1.16276;1.1237081666666666;0.04831183333333344;76221.50666666667;0.8395137120528136;0.6864084258996872;1.1721650000000001
2020-11-04;180329;1.17231;1.17128;1.17709;1.16029;1.1239337999999999;0.04837620000000009;76675.76666666666;2.351838238330535;0.02474360505793083;1.1721650000000001
2020-11-05;123020;1.18269;1.17248;1.18598;1.17109;1.1241952333333332;0.058494766666666864;76935.72;1.5989971888218375;0.8854313278910952;1.185105
2020-11-06;116744;1.18752;1.18243;1.18911;1.17954;1.1244834666666665;0.06303653333333337;77179.09333333334;1.512637619306725;0.4083910407630009;1.185105
2020-11-09;151136;1.18135;1.18893;1.19201;1.17954;1.1247333666666666;0.05661663333333333;77426.59666666666;1.9519907435767074;-0.5195701967124822;1.1815350000000002
2020-11-10;126986;1.18172;1.1813;1.18433;1.17799;1.1249817666666666;0.0567382333333335;77668.16333333333;1.6349813688137553;0.031320099885734365;1.1815350000000002
2020-11-11;75986;1.17788;1.1814;1.18327;1.17455;1.1252400333333334;0.05263996666666659;77744.23;0.9773844309730797;-0.3249500727752874;1.1792200000000002
2020-11-12;79623;1.18056;1.17768;1.18232;1.17586;1.1254845333333334;0.05507546666666663;77816.86666666667;1.0232100495778091;0.22752742214826593;1.1792200000000002
2020-11-13;62295;1.18325;1.18047;1.18374;1.1799;1.1257522666666666;0.0574977333333333;77837.18333333333;0.8003244379131396;0.22785796571118677;1.18432
2020-11-16;73957;1.18539;1.18402;1.18689;1.18143;1.1260233333333334;0.05936666666666657;77894.79666666666;0.9494472437802608;0.18085780688781306;1.18432
2020-11-17;62701;1.18611;1.18505;1.18938;1.18427;1.1263038333333333;0.059806166666666716;77923.23;0.804650936569133;0.06073950345455437;1.1857750000000002
2020-11-18;68757;1.18544;1.1861;1.18909;1.18492;1.1265909666666667;0.058849033333333356;77976.15;0.881769618017704;-0.05648717235331446;1.1857750000000002
2020-11-19;71494;1.18735;1.18525;1.18825;1.18164;1.1268753999999999;0.060474600000000045;78032.94333333333;0.9162027849518621;0.16112160885408677;1.186575
2020-11-20;62068;1.1858;1.18743;1.1891;1.18499;1.1271805000000001;0.058619499999999825;78054.97;0.7951831894880242;-0.1305428054069968;1.186575
2020-11-23;71121;1.1841;1.18526;1.19059;1.17999;1.1274875666666668;0.0566124333333331;78109.23666666666;0.9105325187532141;-0.14336313037611736;1.186685
2020-11-24;71814;1.18927;1.18405;1.18959;1.18356;1.1278046;0.061465400000000114;78173.40333333334;0.9186500387321521;0.43661852884047114;1.186685
2020-11-25;78368;1.19139;1.18914;1.19298;1.18819;1.1281427666666668;0.06324723333333315;78273.99666666667;1.0012009522616256;0.1782606136537357;1.191345
2020-11-26;45195;1.1913;1.19157;1.19409;1.18853;1.1284698;0.06283020000000006;78224.26666666666;0.5777618880414888;-0.007554201394999183;1.191345
2020-11-27;51941;1.19609;1.19126;1.19637;1.19066;1.1288037;0.06728630000000013;78216.06;0.6640707803486057;0.40208175942249014;1.1943300000000001
2020-11-30;78355;1.19257;1.19611;1.20034;1.19239;1.1291244;0.06344559999999988;78273.12;1.001046080697818;-0.29429223553413264;1.1943300000000001
2020-12-01;82371;1.2072;1.19256;1.20766;1.19242;1.1294889666666668;0.07771103333333329;78365.10333333333;1.0511183740754695;1.2267623703430486;1.2093800000000001
2020-12-02;88374;1.21156;1.20688;1.21185;1.20401;1.1298706666666665;0.0816893333333335;78515.88333333333;1.1255556996640224;0.3611663353213945;1.2093800000000001
2020-12-03;80825;1.21479;1.21152;1.21746;1.21012;1.1302680333333333;0.08452196666666678;78587.86666666667;1.0284666504921418;0.266598435075438;1.21344
2020-12-04;85237;1.21209;1.21437;1.21776;1.21102;1.1306513333333335;0.08143866666666644;78717.06666666667;1.0828274427568758;-0.22226063764108073;1.21344
2020-12-07;82759;1.2109;1.21298;1.21663;1.20786;1.1310190666666666;0.07988093333333346;78757.21333333333;1.050811684381454;-0.0981775280713304;1.2106800000000004
2020-12-08;80209;1.21046;1.21091;1.2134;1.20954;1.1313755;0.0790845;78781.80666666667;1.0181157730916446;-0.03633660913370251;1.2106800000000004
2020-12-09;78139;1.20814;1.21023;1.21473;1.20588;1.1317272999999999;0.07641270000000011;78904.77;0.990295010048063;-0.1916626736943039;1.2111500000000002
2020-12-10;97140;1.21416;1.20799;1.2159;1.20746;1.1320970666666668;0.08206293333333314;79020.5;1.229301257268528;0.4982866224112925;1.2111500000000002
2020-12-11;79388;1.21138;1.2136;1.21629;1.21054;1.1324443666666666;0.07893563333333331;79067.58333333333;1.0040524403699784;-0.22896488107003732;1.212845
2020-12-14;69303;1.21431;1.21349;1.21768;1.21157;1.1327839666666668;0.08152603333333319;79093.77666666667;0.876213058987716;0.24187290528159267;1.212845
2020-12-15;68454;1.21528;1.21438;1.2169;1.21215;1.1331121666666666;0.08216783333333333;79157.99;0.8647768848096238;0.0798807553260561;1.21761
2020-12-16;83640;1.21994;1.21497;1.22123;1.21251;1.1334620333333334;0.08647796666666663;79294.97666666667;1.0547956947082286;0.38345072740439967;1.21761
2020-12-17;72206;1.22669;1.21988;1.22728;1.21901;1.1338427333333332;0.09284726666666687;79384.05;0.909578183526677;0.5533059002901908;1.2260950000000002
2020-12-18;66102;1.2255;1.22673;1.22711;1.22256;1.1342176666666666;0.09128233333333347;79476.66;0.8317158773404881;-0.09700902428486646;1.2260950000000002
2020-12-21;115986;1.22435;1.22199;1.22529;1.21296;1.1345971666666665;0.0897528333333335;79694.89333333333;1.4553755598223876;-0.09383924928600962;1.220315
2020-12-22;86585;1.21628;1.2241;1.2257;1.21521;1.1349581;0.08132190000000006;79866.08333333333;1.0841272839011449;-0.6591252501327305;1.220315
2020-12-23;82058;1.21861;1.2162;1.22211;1.21539;1.1353202;0.08328979999999997;80034.35333333333;1.0252847256505988;0.19156773111455028;1.2183450000000002
2020-12-24;40165;1.21808;1.21853;1.22156;1.21772;1.1356769;0.08240310000000006;80040.02;0.5018114688126637;-0.043492175511439246;1.2183450000000002
2020-12-28;69215;1.22148;1.21796;1.22504;1.21795;1.1360318666666667;0.08544813333333323;80089.00333333333;0.8642260125515113;0.2791278076973436;1.22323
2020-12-29;66672;1.22498;1.22163;1.22752;1.2207;1.1363979666666666;0.08858203333333337;80127.29666666666;0.8320759937446829;0.2865376428594857;1.22323
2020-12-30;71682;1.22998;1.22474;1.23101;1.2244;1.1367762;0.09320380000000017;80219.71333333333;0.8935708820366149;0.408169929304969;1.2258300000000002
2020-12-31;64107;1.22168;1.22952;1.23094;1.22151;1.1371389666666667;0.0845410333333334;80306.83;0.7982758129039836;-0.6748077204507319;1.2258300000000002
2021-01-04;103062;1.22521;1.22393;1.23096;1.22276;1.1375317;0.08767829999999988;80479.37333333334;1.2806014228406086;0.2889463689345728;1.227535
2021-01-05;95306;1.22986;1.22484;1.23058;1.22434;1.1379423666666668;0.09191763333333314;80665.14;1.1815016994948275;0.3795267750018372;1.227535
2021-01-06;142912;1.23263;1.22941;1.23495;1.22657;1.1383677333333333;0.0942622666666666;80953.77333333333;1.7653531653371028;0.22522888784088924;1.22978
2021-01-07;106321;1.22693;1.23252;1.23444;1.22452;1.1387842333333333;0.08814576666666674;81170.35666666667;1.3098501025023654;-0.4624258698879502;1.22978
2021-01-08;120493;1.22194;1.22711;1.22847;1.21932;1.1391797000000001;0.0827602999999999;81479.47666666667;1.4788141128216035;-0.4067061690561036;1.2184800000000002
2021-01-11;99812;1.21502;1.22155;1.22212;1.21323;1.1395601;0.07545990000000002;81684.85666666667;1.221915592106539;-0.5663125849059703;1.2184800000000002
2021-01-12;90330;1.22077;1.21512;1.22096;1.21372;1.1399603333333332;0.08080966666666667;81848.96666666666;1.1036180868093506;0.47324323879440744;1.2182750000000002
2021-01-13;87378;1.21578;1.22062;1.22228;1.21399;1.1403393333333331;0.07544066666666693;82008.26666666666;1.06547795181611;-0.40875840657943474;1.2182750000000002
2021-01-14;96866;1.21545;1.21569;1.21788;1.21111;1.1407067;0.07474329999999996;82222.13666666667;1.178101225861943;-0.0271430686473062;1.21151
2021-01-15;84666;1.20757;1.21523;1.21626;1.20749;1.1410412333333333;0.06652876666666674;82390.52;1.0276182259802429;-0.648319552429133;1.21151
2021-01-18;62179;1.20759;1.20822;1.20869;1.20536;1.1413737666666666;0.06621623333333337;82496.98333333334;0.7537124084738347;0.0016562186871071916;1.2102250000000003
2021-01-19;73489;1.21286;1.20748;1.21451;1.20741;1.1417258;0.07113420000000015;82611.94333333333;0.889568711674875;0.43640639621065347;1.2102250000000003
2021-01-20;80939;1.21057;1.21287;1.21583;1.20769;1.1420747666666664;0.06849523333333352;82752.32666666666;0.9780873029228451;-0.18880992035354982;1.21368
2021-01-21;87069;1.21679;1.21061;1.21732;1.21033;1.1424575333333333;0.07433246666666671;82905.61;1.050218435157639;0.5138075452059798;1.21368
2021-01-22;76145;1.21713;1.21609;1.21897;1.21517;1.1428440666666666;0.07428593333333344;83043.71666666666;0.9169266870079174;0.02794237296492863;1.2156400000000003
2021-01-25;80840;1.21415;1.21668;1.21834;1.2116;1.1432172333333332;0.07093276666666681;83197.74;0.9716610090609467;-0.2448382670708904;1.2156400000000003
2021-01-26;77456;1.21598;1.21384;1.21759;1.21078;1.1436042333333334;0.07237576666666667;83342.08;0.9293744528573166;0.15072272783429597;1.2135950000000002
2021-01-27;110542;1.21121;1.21599;1.21698;1.20584;1.1439725;0.06723749999999984;83631.28333333334;1.3217781145291538;-0.39227618875311565;1.2135950000000002
2021-01-28;110050;1.21222;1.21099;1.2142;1.20807;1.1443404666666668;0.0678795333333333;83890.80666666667;1.3118243151155007;0.08338768669349239;1.2129450000000002
2021-01-29;119151;1.21367;1.21192;1.2156;1.20945;1.1446932333333333;0.06897676666666674;84162.89666666667;1.415718858535634;0.11961525135701923;1.2129450000000002
2021-02-01;93583;1.20609;1.2128;1.21366;1.20562;1.1450196;0.06107040000000019;84350.84666666666;1.1094494447673464;-0.624551978709198;1.2052000000000003
2021-02-02;83595;1.20431;1.20593;1.20878;1.20117;1.1453415;0.05896849999999998;84488.21;0.9894279923789379;-0.14758434279366073;1.2052000000000003
2021-02-03;68990;1.20353;1.20433;1.20502;1.20042;1.1456519333333333;0.05787806666666673;84607.79666666666;0.8154094860996678;-0.06476737717032721;1.19982
2021-02-04;72754;1.19611;1.20358;1.20429;1.19577;1.1459522666666666;0.0501577333333334;84742.17;0.8585335966731961;-0.6165197377713927;1.19982
2021-02-05;72942;1.20489;1.19609;1.205;1.19522;1.1462805333333335;0.058609466666666554;84901.35;0.8591382822533612;0.7340461997642267;1.2049400000000001
2021-02-08;62435;1.20499;1.20374;1.2066;1.20198;1.146599333333333;0.058390666666666924;85003.85333333333;0.7344961146074239;0.008299512818599197;1.2049400000000001
2021-02-09;71517;1.21197;1.2043;1.21219;1.2043;1.1469292333333332;0.0650407666666668;85108.30333333333;0.8403057892000229;0.5792579191528535;1.2119000000000002
2021-02-10;70380;1.21183;1.21182;1.21442;1.21088;1.147258;0.06457200000000007;85171.06333333334;0.8263369887087832;-0.011551441042267907;1.2119000000000002
2021-02-11;52308;1.21317;1.21178;1.21495;1.21136;1.1475956666666667;0.0655743333333334;85104.76;0.6146307210077775;0.11057656602000421;1.2124950000000003
2021-02-12;55425;1.21182;1.21288;1.21344;1.20816;1.1479203999999998;0.06389960000000006;85169.40333333334;0.6507618678866737;-0.11127871609091233;1.2124950000000003
2021-02-15;40212;1.21271;1.21242;1.21451;1.21167;1.1482458333333334;0.06446416666666654;85172.79666666666;0.4721225740346354;0.07344325064779778;1.2115250000000002
2021-02-16;72120;1.21034;1.21274;1.21694;1.2095;1.1485758333333334;0.06176416666666662;85298.26666666666;0.8455036991762812;-0.1954300698435718;1.2115250000000002
2021-02-17;78266;1.20417;1.21066;1.21075;1.20233;1.1488829999999999;0.055287000000000086;85432.38666666667;0.916116276902844;-0.509774113059136;1.20675
2021-02-18;70235;1.20933;1.20329;1.20946;1.20329;1.1492219666666668;0.060108033333333255;85555.70666666667;0.8209271214792739;0.4285109245372398;1.20675
2021-02-19;64587;1.21172;1.20897;1.21445;1.20824;1.1495645333333333;0.0621554666666666;85667.29;0.7539283663577133;0.1976300926959551;1.213765
2021-02-22;78547;1.21581;1.21124;1.21694;1.20914;1.1499218;0.06588820000000006;85840.89666666667;0.9150300503616693;0.3375367246558625;1.213765
2021-02-23;73824;1.21496;1.21541;1.21802;1.21354;1.1502727;0.06468730000000011;86034.31666666667;0.8580762056379994;-0.06991223957690806;1.2159000000000002
2021-02-24;93821;1.21684;1.21494;1.21747;1.21093;1.1506033666666666;0.0662366333333333;86203.10666666667;1.0883714477110389;0.15473760453017515;1.2159000000000002
2021-02-25;125634;1.21774;1.21632;1.22429;1.21562;1.1509294666666667;0.06681053333333331;86480.14666666667;1.4527496175999255;0.07396206567833463;1.2125500000000002
2021-02-26;146666;1.20736;1.21707;1.21835;1.20623;1.1512129;0.056147100000000005;86848.82333333333;1.688750571059164;-0.8523987057992732;1.2125500000000002
2021-03-01;86157;1.20484;1.207;1.21012;1.20276;1.1515048333333333;0.0533351666666666;87001.30333333333;0.9902955093660103;-0.20871985157699946;1.2069450000000002
2021-03-02;86795;1.20905;1.20488;1.20944;1.19918;1.1518160666666668;0.057233933333333153;87129.71333333333;0.9961584478986775;0.34942398990738255;1.2069450000000002
2021-03-03;88098;1.20623;1.20906;1.21132;1.20426;1.1521045333333333;0.05412546666666662;87285.39666666667;1.0093097283664356;-0.23324097431868251;1.2017200000000001
2021-03-04;117996;1.19721;1.20628;1.20663;1.19616;1.152378;0.044832000000000205;87529.80333333333;1.348066549979908;-0.7477844192235183;1.2017200000000001
2021-03-05;129345;1.19101;1.19647;1.19767;1.18928;1.1526466666666666;0.038363333333333305;87744.29;1.474113016356794;-0.5178707160815699;1.18783
2021-03-08;101344;1.18465;1.19169;1.19323;1.18442;1.1528932333333335;0.03175676666666649;87948.65;1.1523087619876882;-0.5340005541515147;1.18783
2021-03-09;91351;1.19008;1.18466;1.19159;1.18356;1.1531531666666666;0.036926833333333464;88127.11666666667;1.0365821946214016;0.45836322964589726;1.1914950000000002
2021-03-10;87878;1.19291;1.19001;1.19298;1.18689;1.1534178;0.03949219999999998;88315.14333333333;0.9950501882594094;0.23779913955364052;1.1914950000000002
2021-03-11;86722;1.19852;1.19286;1.199;1.19157;1.153704;0.04481599999999997;88474.42;0.980192919037957;0.47027856250683175;1.1968500000000002
2021-03-12;83727;1.19518;1.19856;1.19885;1.19101;1.1539713333333332;0.04120866666666667;88636.45;0.9446113873016186;-0.2786770350098555;1.1968500000000002
2021-03-15;70096;1.19298;1.19433;1.19675;1.19112;1.1542359666666666;0.038744033333333316;88749.21666666666;0.789821055697492;-0.1840726919794533;1.19161
2021-03-16;68815;1.19024;1.19272;1.19518;1.18822;1.1545069333333333;0.035733066666666646;88866.30333333333;0.77436550659557;-0.2296769434525281;1.19161
2021-03-17;72252;1.19799;1.19021;1.19854;1.18862;1.1548018999999998;0.043188100000000285;89018.03333333334;0.8116557656294198;0.6511291840301192;1.1947850000000002
2021-03-18;91493;1.19158;1.19785;1.19889;1.19061;1.1550798333333332;0.03650016666666689;89214.33666666667;1.0255414479158982;-0.5350628970191784;1.1947850000000002
2021-03-19;73104;1.19061;1.19136;1.19372;1.1874;1.1553504333333333;0.03525956666666663;89355.82333333333;0.8181223928437698;-0.08140452172746837;1.1919400000000002
2021-03-22;62329;1.19327;1.18716;1.19468;1.18709;1.1556420666666667;0.03762793333333336;89434.70333333334;0.6969218622852221;0.22341488816657318;1.1919400000000002
2021-03-23;75286;1.18503;1.19322;1.19408;1.18422;1.1559164;0.029113600000000073;89576.98333333334;0.840461435498869;-0.69053944203743;1.183105
2021-03-24;77507;1.18118;1.18491;1.18531;1.18097;1.1561805;0.02499949999999984;89720.18333333333;0.8638747394444471;-0.32488628979857603;1.183105
2021-03-25;84517;1.17641;1.18127;1.18278;1.17619;1.156428;0.019981999999999944;89906.21666666666;0.9400573523557672;-0.4038334546809019;1.1778500000000003
2021-03-26;62612;1.17929;1.1764;1.1805;1.17634;1.1566888333333332;0.022601166666666783;90018.26333333334;0.6955477442187903;0.24481260784929848;1.1778500000000003
2021-03-29;66581;1.17652;1.17908;1.17938;1.17606;1.1569334333333332;0.019586566666666805;90119.96;0.7388041450528008;-0.2348870930814262;1.1740500000000003
2021-03-30;62294;1.17158;1.17645;1.17738;1.17113;1.1571405;0.01443950000000016;90200.96333333333;0.6906134668405769;-0.4198823649406713;1.1740500000000003
2021-03-31;63087;1.173;1.17166;1.17598;1.17041;1.1573634666666666;0.01563653333333348;90287.75;0.6987326630688329;0.12120384438107923;1.17538
2021-04-01;63938;1.17776;1.17303;1.178;1.17126;1.1576078333333333;0.020152166666666638;90395.43;0.7073145180015509;0.40579710144925674;1.17538
2021-04-02;26806;1.17623;1.17762;1.17867;1.1749;1.1578623333333333;0.018367666666666782;90369.64;0.2966261678147333;-0.12990762124709399;1.1787300000000003
2021-04-05;39147;1.18123;1.17548;1.18195;1.17379;1.1581394666666667;0.02309053333333333;90401.91666666667;0.43303285420750487;0.42508693027722977;1.1787300000000003
2021-04-06;62495;1.18762;1.18121;1.18777;1.17952;1.1584502333333333;0.029169766666666597;90488.72;0.6906385679893924;0.5409615400895573;1.1873950000000002
2021-04-07;69575;1.18717;1.18748;1.19148;1.18609;1.1587706;0.028399400000000075;90622.42333333334;0.7677459666254675;-0.037890907866133805;1.1873950000000002
2021-04-08;58961;1.19162;1.18636;1.19274;1.18608;1.1591041333333332;0.032515866666666726;90715.24;0.6499569421851664;0.3748410084486453;1.19087
2021-04-09;59557;1.19012;1.1913;1.19201;1.18671;1.1594466333333335;0.030673366666666535;90808.55333333333;0.6558523158206916;-0.12587905540355493;1.19087
2021-04-12;59188;1.19115;1.18898;1.19192;1.18712;1.1598040666666667;0.03134593333333324;90891.97;0.6511906387329209;0.08654589453163108;1.1930200000000002
2021-04-13;72141;1.19489;1.19102;1.19559;1.18781;1.1601769666666666;0.03471303333333342;91030.44;0.7924931484456417;0.31398228602612654;1.1930200000000002
2021-04-14;63580;1.19792;1.19485;1.19874;1.19454;1.1605589;0.037361100000000036;91170.19666666667;0.6973770192955931;0.25357982743181573;1.1972750000000003
2021-04-15;62310;1.19663;1.19799;1.19934;1.19561;1.1609507000000001;0.03567929999999997;91260.95666666667;0.6827673331059008;-0.10768665687190815;1.1972750000000003
2021-04-16;55436;1.19822;1.19616;1.19948;1.19505;1.1613424666666667;0.03687753333333332;91335.04666666666;0.6069521177594763;0.1328731521021531;1.2009500000000004
2021-04-19;52287;1.20368;1.19718;1.20479;1.19425;1.1617603333333333;0.0419196666666668;91366.69;0.5722763952595227;0.45567591928026285;1.2009500000000004
2021-04-20;48048;1.20366;1.2037;1.20798;1.20223;1.1621565999999999;0.04150340000000008;91382.42333333334;0.5257903899607835;-0.0016615711817213885;1.203605
2021-04-21;39802;1.20355;1.20354;1.20437;1.19985;1.1625506333333333;0.04099936666666659;91307.32666666666;0.4359124448501246;-0.009138793346963325;1.203605
2021-04-22;48025;1.2016;1.20346;1.20695;1.19936;1.1629289666666667;0.03867103333333333;91254.76666666666;0.526273878661258;-0.1620206887956388;1.2056750000000003
2021-04-23;42152;1.20975;1.20146;1.21;1.20128;1.1633346666666666;0.046415333333333475;91165.42;0.4623682971020742;0.6782623169107937;1.2056750000000003
2021-04-26;40340;1.2086;1.20911;1.21169;1.20612;1.1636966999999998;0.04490330000000009;91024.01666666666;0.4431797395595291;-0.09506096300890832;1.2088800000000002
2021-04-27;37352;1.20916;1.20813;1.20929;1.20568;1.164050933333333;0.04510906666666692;90786.46333333333;0.4114269752182499;0.04633460201888262;1.2088800000000002
2021-04-28;46911;1.21257;1.20889;1.21348;1.20562;1.1643820333333335;0.04818796666666647;90543.33;0.5181055302471735;0.2820139601045213;1.2122800000000002
2021-04-29;42687;1.21199;1.21223;1.215;1.21021;1.1646986666666668;0.04729133333333313;90311.2;0.4726656272975586;-0.047832290094596;1.2122800000000002
2021-04-30;40926;1.20215;1.21161;1.21267;1.20167;1.1649941666666666;0.0371558333333335;90192.81;0.4537612255344463;-0.811887886863738;1.2042300000000001
2021-05-03;32237;1.20631;1.20308;1.20759;1.20084;1.1652695666666666;0.041040433333333404;90068.05666666667;0.35791823642096;0.34604666638937687;1.2042300000000001
2021-05-04;41978;1.20137;1.2063;1.2064;1.19991;1.1655109666666668;0.03585903333333329;89792.16333333333;0.46750182244926414;-0.4095133091825409;1.2009550000000002
2021-05-05;34795;1.20054;1.20102;1.20266;1.19861;1.165701;0.03483899999999984;89271.88;0.38976439165385673;-0.06908779143811605;1.2009550000000002
2021-05-06;37473;1.20641;1.20043;1.20716;1.19932;1.1659618666666667;0.0404481333333333;88807.01;0.4219599331178449;0.488946640678356;1.2113800000000001
2021-05-07;46035;1.21635;1.20646;1.21714;1.20528;1.1662595999999998;0.0500904000000002;88533.82333333333;0.5199707667280019;0.8239321623660256;1.2113800000000001
2021-05-10;43501;1.21284;1.21596;1.21783;1.21278;1.166574;0.04626599999999992;88097.13333333333;0.4937845120953054;-0.2885682574916837;1.2138300000000002
2021-05-11;49558;1.21482;1.21272;1.21818;1.21231;1.1669233333333333;0.0478966666666667;87700.55;0.565081974970446;0.16325319085783718;1.2138300000000002
2021-05-12;53870;1.20705;1.21454;1.21522;1.20656;1.1672197;0.039830299999999985;87168.91333333333;0.6179955438241533;-0.6396009285326243;1.207465
2021-05-13;56278;1.20788;1.20677;1.21062;1.20515;1.1675797333333333;0.04030026666666675;86779.58666666667;0.6485165712550085;0.06876268588709156;1.207465
2021-05-14;45191;1.21458;1.20783;1.21478;1.20709;1.1679894666666666;0.046590533333333406;86282.60333333333;0.5237556384965525;0.5546908633307979;1.21488
2021-05-17;42521;1.21518;1.21428;1.21688;1.21261;1.1684757333333333;0.046704266666666605;85710.30333333333;0.496101382754742;0.04939979252087667;1.21488
2021-05-18;40867;1.22233;1.21514;1.22338;1.21492;1.1689844;0.05334559999999988;85062.77;0.4804334493221323;0.5883901973370298;1.219965
2021-05-19;56369;1.2176;1.22226;1.22453;1.216;1.1694683333333333;0.048131666666666684;84553.27;0.6666684801190224;-0.3869658766454176;1.219965
2021-05-20;42157;1.22282;1.21687;1.22292;1.21675;1.1699486666666667;0.05287133333333327;84123.84333333334;0.5011302186105737;0.42871222076215076;1.220425
2021-05-21;45023;1.21803;1.2228;1.22398;1.21608;1.1703818000000001;0.04764819999999981;83769.13;0.5374652930022625;-0.39171750543826045;1.220425
2021-05-24;41596;1.22163;1.2181;1.22299;1.21726;1.1707762000000002;0.05085379999999984;83364.15333333334;0.4989674618738407;0.2955592226792536;1.2234150000000001
2021-05-25;48833;1.2252;1.22136;1.22664;1.22098;1.1711471666666666;0.05405283333333344;83028.58333333333;0.5881468530415023;0.2922325090248368;1.2234150000000001
2021-05-26;43846;1.21925;1.22502;1.2263;1.2182;1.1715297999999998;0.0477202000000001;82737.90333333334;0.5299384953392949;-0.48563499836762336;1.21935
2021-05-27;47552;1.21945;1.21917;1.2215;1.21752;1.1719160666666668;0.04753393333333311;82393.51;0.5771328348554908;0.0164035267582463;1.21935
2021-05-28;48326;1.2193;1.21936;1.2205;1.21327;1.1723262333333333;0.04697376666666675;82164.07666666666;0.5881645843359135;-0.012300627331984781;1.2209900000000002
2021-05-31;27059;1.22268;1.21998;1.22314;1.21834;1.1727828000000002;0.04989719999999975;81845.1;0.3306123396513254;0.277208234232762;1.2209900000000002
2021-06-01;41346;1.2214;1.22268;1.22544;1.22117;1.1732516333333332;0.048148366666666886;81621.51;0.5065576463850636;-0.10468806228939309;1.2211850000000002
2021-06-02;42599;1.22097;1.22124;1.22266;1.21642;1.1737236333333334;0.047246366666666706;81446.41666666667;0.5230309907228753;-0.035205501883084356;1.2211850000000002
2021-06-03;45097;1.21271;1.22114;1.22142;1.21184;1.1741353333333335;0.038574666666666424;81277.98333333334;0.5548489043465168;-0.6765112983939114;1.214685
2021-06-04;44675;1.21666;1.21274;1.21856;1.2104;1.1745726333333335;0.04208736666666657;81125.63333333333;0.55068907525728;0.3257167830726271;1.214685
2021-06-07;34170;1.21895;1.21623;1.22019;1.21451;1.1749925666666667;0.04395743333333324;80937.87666666666;0.42217564145796654;0.18822020942579343;1.2181250000000003
2021-06-08;39348;1.2173;1.21894;1.21942;1.21643;1.1754067;0.04189330000000013;80935.69666666667;0.48616372775599515;-0.13536240206735162;1.2181250000000003
2021-06-09;31838;1.21792;1.21728;1.2218;1.21712;1.1758300666666666;0.04208993333333333;80845.15333333334;0.3938145787011441;0.050932391357916273;1.2177650000000002
2021-06-10;47741;1.21761;1.21798;1.21946;1.21434;1.1762281666666667;0.04138183333333334;80757.86333333333;0.591162247606032;-0.025453231739347437;1.2177650000000002
2021-06-11;40715;1.21079;1.21639;1.2193;1.20926;1.1766270666666665;0.034162933333333534;80648.75333333333;0.5048435135967172;-0.5601136652951366;1.2113850000000002
2021-06-14;36528;1.21198;1.21074;1.21305;1.20943;1.177054;0.03492600000000001;80470.42333333334;0.45393075476545225;0.09828293923801468;1.2113850000000002
2021-06-15;38563;1.21255;1.21197;1.21474;1.21014;1.1774721;0.035077900000000106;80333.56;0.48003598993988567;0.04703047905081359;1.20696
2021-06-16;51546;1.19958;1.21263;1.21349;1.19954;1.1778499666666669;0.021730033333333232;80306.04666666666;0.6418694748348164;-1.0696466125108217;1.2051700000000003
2021-06-17;64946;1.19062;1.19944;1.20064;1.1892;1.1781997;0.01242030000000005;80294.66333333333;0.8088457850601684;-0.7469280914986998;1.1883900000000003
2021-06-18;67253;1.18616;1.19076;1.1925;1.18475;1.1785458666666666;0.007614133333333495;80344.65666666666;0.8370562871282206;-0.37459474895431555;1.1883900000000003
2021-06-21;59286;1.1918;1.1857;1.19213;1.18476;1.1789266;0.012873399999999924;80286.14333333333;0.7384337762227291;0.47548391448033467;1.1929600000000002
2021-06-22;51176;1.19412;1.19182;1.19526;1.1881;1.1792983;0.01482170000000016;80254.12666666666;0.6376743742107088;0.19466353415003024;1.1929600000000002
2021-06-23;49374;1.19267;1.19395;1.197;1.19116;1.1796640666666665;0.013005933333333441;80235.95666666667;0.6153600212572258;-0.1214283321609333;1.1929100000000001
2021-06-24;44615;1.19315;1.19257;1.19564;1.19178;1.1800346666666668;0.013115333333333146;80198.31;0.5563084808145513;0.04024583497530543;1.1929100000000001
2021-06-25;43393;1.19362;1.19318;1.19753;1.19264;1.180389;0.013230999999999993;80151.98;0.5413840057350372;0.03939152663119394;1.1930200000000002
2021-06-28;45184;1.19242;1.19338;1.19446;1.19025;1.1807132000000002;0.011706799999999795;80042.28333333334;0.5645016373636812;-0.10053450847001821;1.1930200000000002
2021-06-29;44269;1.18965;1.19231;1.19308;1.18777;1.1810185;0.008631500000000125;80004.85333333333;0.5533289313780939;-0.2323006994179866;1.1877100000000003
2021-06-30;51541;1.18577;1.18968;1.1909;1.18452;1.1813364666666666;0.004433533333333406;79983.10333333333;0.6443986023547251;-0.32614634556382693;1.1877100000000003
2021-07-01;47529;1.18498;1.18581;1.18843;1.18375;1.1816738999999998;0.0033061000000000895;79937.62333333334;0.5945760959367283;-0.0666233755281409;1.18581
2021-07-02;47778;1.18664;1.18505;1.18742;1.18075;1.1820307333333333;0.0046092666666666116;79904.57666666666;0.5979382157208186;0.1400867525190197;1.18581
2021-07-05;31654;1.1863;1.18622;1.18805;1.18514;1.1823744666666667;0.003925533333333231;79794.06;0.39669619518039356;-0.028652329265821397;1.18432
2021-07-06;53772;1.18234;1.18624;1.1895;1.18072;1.1827028000000002;-0.0003628000000002185;79802.55;0.6738130548459074;-0.33381100901963556;1.18432
2021-07-07;50949;1.17907;1.18234;1.1836;1.17817;1.1830308333333333;-0.003960833333333191;79790.32;0.638536103126214;-0.2765701913155172;1.1818500000000003
2021-07-08;61384;1.18463;1.17902;1.1868;1.17836;1.1833634333333334;0.0012665666666666908;79799.49;0.7692279737626432;0.4715580923948526;1.1818500000000003
2021-07-09;47414;1.18773;1.18397;1.1881;1.1825;1.1837162333333333;0.0040137666666666405;79747.53;0.5945513296774716;0.26168508310611127;1.1868750000000001
2021-07-12;41297;1.18602;1.18699;1.18802;1.18362;1.1840681666666666;0.0019518333333334859;79698.98333333334;0.5181621932023158;-0.14397211487457984;1.1868750000000001
2021-07-13;50236;1.17767;1.18608;1.18753;1.17724;1.1843874;-0.0067174000000000955;79690.06333333334;0.6303922709894575;-0.704035345103804;1.1806500000000002
2021-07-14;48259;1.18363;1.17766;1.18389;1.17719;1.1846947666666667;-0.0010647666666667721;79679.94333333333;0.6056605712946744;0.5060840473137596;1.1806500000000002
2021-07-15;49142;1.18111;1.1837;1.18508;1.17964;1.1849908666666666;-0.003880866666666538;79663.54333333333;0.6168693726611018;-0.21290437045359267;1.1808200000000002
2021-07-16;45054;1.18053;1.18142;1.18224;1.17923;1.1852665999999998;-0.004736599999999758;79644.0;0.5656923308723111;-0.04910634911228229;1.1808200000000002
2021-07-19;55364;1.17989;1.1808;1.18245;1.17639;1.1855498;-0.005659799999999882;79653.72666666667;0.6950585028077747;-0.05421293825654816;1.1789700000000003
2021-07-20;54548;1.17805;1.17961;1.18028;1.17557;1.1858422333333334;-0.007792233333333343;79683.12666666666;0.6845614910190501;-0.1559467407978743;1.1789700000000003
2021-07-21;43895;1.17943;1.17813;1.18048;1.1752;1.1861413333333333;-0.006711333333333291;79728.11;0.5505586423658418;0.1171427358770849;1.1782650000000001
2021-07-22;49996;1.1771;1.17925;1.18304;1.17574;1.1864041666666667;-0.009304166666666669;79720.11;0.6271441421743363;-0.19755305528941225;1.1782650000000001
2021-07-23;38407;1.17722;1.17708;1.17866;1.17545;1.1866584666666666;-0.0094384666666667;79573.07;0.48266329299592403;0.010194545917929787;1.178725
2021-07-26;42153;1.18023;1.17736;1.18174;1.17634;1.1869001333333333;-0.006670133333333439;79468.09;0.5304393247653831;0.2556871272999084;1.178725
2021-07-27;46093;1.18163;1.18032;1.18411;1.17702;1.1871386666666666;-0.005508666666666606;79326.78666666667;0.5810521506900089;0.11862094676462487;1.1829500000000002
2021-07-28;51176;1.18427;1.18168;1.18496;1.17724;1.1873749333333334;-0.003104933333333504;79248.90333333334;0.6457628793264084;0.22342019075345387;1.1829500000000002
2021-07-29;40272;1.18869;1.1844;1.18928;1.18405;1.1876142333333333;0.0010757666666667554;79112.48;0.509047371539799;0.37322570022040313;1.1878250000000001
2021-07-30;43653;1.18696;1.18877;1.19086;1.18516;1.1878262;-0.0008661999999999281;78951.34;0.5529101849315601;-0.14553836576399748;1.1878250000000001
2021-08-02;36192;1.18717;1.18676;1.1897;1.18405;1.1880049333333333;-0.0008349333333332876;78739.74666666667;0.4596407980991989;0.0176922558468684;1.1868400000000001
2021-08-03;37586;1.18651;1.1869;1.18933;1.18536;1.1881966333333334;-0.0016866333333334094;78537.39666666667;0.4785745593213392;-0.05559439675868472;1.1868400000000001
2021-08-04;39762;1.18371;1.18664;1.18997;1.18328;1.1883776666666668;-0.004667666666666737;78422.90666666666;0.5070202277633202;-0.23598621166276423;1.1834500000000001
2021-08-05;36854;1.18319;1.18367;1.18574;1.18282;1.1885421999999999;-0.005352199999999918;78262.31333333334;0.4709035349239863;-0.04392967872198783;1.1834500000000001
2021-08-06;37198;1.17604;1.18352;1.1836;1.17544;1.1886704333333333;-0.012630433333333357;78057.66;0.4765451590528749;-0.6042985488383112;1.174835
2021-08-09;36714;1.17363;1.17602;1.17694;1.1735;1.1888165333333334;-0.015186533333333418;77721.40333333334;0.47237953028891455;-0.20492500255093749;1.174835
2021-08-10;32059;1.17202;1.17364;1.17429;1.171;1.1889700666666665;-0.01695006666666643;77381.20666666667;0.41429956162477166;-0.13718122406549682;1.17299
2021-08-11;34797;1.17396;1.17206;1.17538;1.1706;1.1891090333333334;-0.015149033333333506;77061.94666666667;0.4515458213184097;0.16552618555996101;1.17299
2021-08-12;28636;1.17302;1.17387;1.17482;1.17238;1.1892645666666668;-0.01624456666666685;76782.17333333334;0.37295115202951107;-0.08007087123922396;1.17627
2021-08-13;28017;1.17952;1.17295;1.18047;1.17293;1.1894486;-0.009928600000000065;76520.26333333334;0.36613831133787705;0.5541252493563631;1.17627
2021-08-16;29596;1.17758;1.17954;1.1801;1.17675;1.1896390000000001;-0.012059000000000042;76281.24;0.38798530280834603;-0.16447368421050879;1.1742050000000002
2021-08-17;39746;1.17083;1.17788;1.17844;1.17082;1.1898158666666665;-0.018985866666666462;76094.14;0.5223266863912882;-0.5732094634759433;1.1742050000000002
2021-08-18;39093;1.17091;1.17099;1.17426;1.16939;1.1899650666666668;-0.019055066666666898;75955.97;0.5146797545998669;0.006832759666197674;1.1692950000000002
2021-08-19;47163;1.16768;1.17108;1.17166;1.16658;1.1900877666666665;-0.02240776666666644;75765.39;0.6224873916704419;-0.2758538230948404;1.1692950000000002
2021-08-20;35980;1.16999;1.16754;1.17046;1.1664;1.1902377333333334;-0.020247733333333295;75560.21333333333;0.47617652747047884;0.1978281721019437;1.1722900000000003
2021-08-23;34229;1.17459;1.16954;1.17502;1.16905;1.1904136333333333;-0.015823633333333254;75356.09666666666;0.45423000280130565;0.3931657535534372;1.1722900000000003
2021-08-24;31585;1.17576;1.17459;1.17651;1.17272;1.1905933333333334;-0.014833333333333476;75230.18666666666;0.4198447644420193;0.09960922534670846;1.1765150000000002
2021-08-25;35052;1.17727;1.1756;1.17745;1.17261;1.1907700333333333;-0.013500033333333272;75094.81;0.46676994055907906;0.1284275702524429;1.1765150000000002
2021-08-26;37333;1.17519;1.17718;1.1779;1.1746;1.1909428;-0.01575280000000001;74955.29;0.498070249611402;-0.176679945976721;1.1774200000000001
2021-08-27;42043;1.17965;1.17522;1.18024;1.1735;1.1911245666666668;-0.011474566666666686;74836.12666666666;0.56180085571854;0.37951310000936544;1.1774200000000001
2021-08-30;28335;1.17969;1.17958;1.18098;1.17828;1.1913104;-0.011620400000000197;74672.71;0.3794558949313103;0.0033908362649714974;1.180275
2021-08-31;44272;1.18086;1.17966;1.18452;1.17951;1.1914974666666667;-0.01063746666666665;74602.12333333334;0.5934415539646266;0.09917859776722437;1.180275
2021-09-01;39160;1.18399;1.18088;1.18573;1.17937;1.1916744666666668;-0.007684466666666667;74492.44333333333;0.5256909056501804;0.2650610571956147;1.1857600000000001
2021-09-02;31968;1.18753;1.1839;1.18761;1.18345;1.1918747666666667;-0.004344766666666722;74331.43;0.4300737924723862;0.2989890117315097;1.1857600000000001
2021-09-03;40106;1.18784;1.1875;1.1909;1.18656;1.1920576333333335;-0.00421763333333347;74215.24;0.5404011359391224;0.02610460367318268;1.1874200000000004
2021-09-06;22859;1.187;1.1882;1.18864;1.18558;1.1922526999999998;-0.005252699999999777;73992.96666666666;0.30893476812431603;-0.07071659482758008;1.1874200000000004
2021-09-07;42117;1.18423;1.187;1.18852;1.18374;1.1924338;-0.008203800000000205;73886.03666666667;0.5700265151587862;-0.23336141533278898;1.1829
2021-09-08;44805;1.18157;1.18388;1.18512;1.18022;1.1925914333333334;-0.011021433333333386;73814.93;0.6069910247153786;-0.22461852849530173;1.1829
2021-09-09;46982;1.18238;1.18158;1.18411;1.18052;1.1927327333333333;-0.010352733333333308;73666.93333333333;0.6377623972401044;0.06855285763855967;1.1817100000000003
2021-09-10;41130;1.18104;1.18253;1.18512;1.18095;1.1928656999999998;-0.011825699999999717;73533.15333333334;0.5593395378210954;-0.11333073969450602;1.1817100000000003
2021-09-13;39899;1.18108;1.18154;1.18171;1.17702;1.1930085666666665;-0.01192856666666664;73396.01333333334;0.5436126321846713;0.003386845492103774;1.18074
2021-09-14;44953;1.1804;1.18111;1.18458;1.18001;1.1931350333333335;-0.01273503333333359;73341.33333333333;0.6129285896083229;-0.057574423409079145;1.18074
2021-09-15;43513;1.18157;1.1803;1.18319;1.17971;1.1932576666666668;-0.011687666666666763;73171.21333333333;0.5946737523917974;0.09911894273129107;1.1792150000000003
2021-09-16;44478;1.17686;1.18177;1.18206;1.17505;1.1933376666666666;-0.016477666666666613;72950.63333333333;0.6096999843272173;-0.39862217219461815;1.1792150000000003
2021-09-17;41952;1.1726;1.17649;1.1789;1.17246;1.1933895666666665;-0.020789566666666426;72653.03666666667;0.5774294086628574;-0.3619801845589077;1.1726450000000004
2021-09-20;43872;1.17269;1.17306;1.17365;1.17002;1.1934328333333333;-0.020742833333333266;72392.57;0.6060290441407722;0.007675251577676789;1.1726450000000004
2021-09-21;43768;1.17256;1.1725;1.17488;1.1715;1.1934561666666668;-0.020896166666666716;72139.47666666667;0.6067135779516643;-0.011085623651596599;1.1707100000000001
2021-09-22;52622;1.16886;1.17252;1.17556;1.16848;1.1934352666666665;-0.02457526666666654;71870.10666666667;0.7321820217138866;-0.3155488844920562;1.1707100000000001
2021-09-23;48608;1.1739;1.16872;1.175;1.16836;1.1934426666666667;-0.019542666666666708;71584.62666666666;0.6790284766914555;0.43118936399568764;1.1729800000000004
2021-09-24;38918;1.17206;1.17384;1.17477;1.17007;1.1934194333333332;-0.021359433333333122;71294.16333333333;0.5458791881466484;-0.15674248232386834;1.1729800000000004
2021-09-27;44874;1.1695;1.17258;1.17258;1.16847;1.1933688333333334;-0.02386883333333345;71007.26333333334;0.6319635188493207;-0.21841885227720237;1.16894
2021-09-28;56412;1.16838;1.16956;1.17034;1.16683;1.1933389333333333;-0.024958933333333322;70648.17666666667;0.7984919450385252;-0.09576742197520138;1.16894
2021-09-29;54580;1.15973;1.16832;1.16901;1.15895;1.1932838;-0.03355379999999997;70421.76333333334;0.7750444950042515;-0.7403413273079029;1.1587100000000001
2021-09-30;55969;1.15769;1.15982;1.16098;1.15627;1.1932085333333333;-0.03551853333333321;70224.27333333333;0.7970036191663268;-0.17590301190792967;1.1587100000000001
2021-10-01;54177;1.15932;1.15822;1.16073;1.1563;1.1931182333333334;-0.03379823333333354;70036.64666666667;0.7735521698781923;0.1407976228523955;1.1606400000000003
2021-10-04;43925;1.16196;1.15996;1.16401;1.15877;1.1930325000000002;-0.03107250000000006;69717.48666666666;0.6300427927072008;0.2277196977538809;1.1606400000000003
2021-10-05;41719;1.15971;1.16204;1.16221;1.15806;1.1929692666666665;-0.033259266666666454;69407.88666666667;0.601070022493995;-0.19363833522669793;1.1576800000000003
2021-10-06;52217;1.15565;1.15988;1.16032;1.15292;1.1929092333333333;-0.03725923333333325;69285.36666666667;0.7536512038856564;-0.3500875218804711;1.1576800000000003
2021-10-07;41219;1.15533;1.15574;1.15722;1.15477;1.1928471666666667;-0.03751716666666671;68994.65;0.5974231335327309;-0.027690044563677407;1.156395
2021-10-08;44128;1.15746;1.15524;1.15859;1.15415;1.1927769000000001;-0.035316900000000206;68720.89666666667;0.6421336469755062;0.18436290929864096;1.156395
2021-10-11;35095;1.15535;1.15703;1.15868;1.15492;1.1926898666666668;-0.037339866666666666;68466.87666666666;0.5125836274211264;-0.18229571648262777;1.1541800000000002
2021-10-12;43184;1.15301;1.15544;1.15703;1.15245;1.1925864333333334;-0.03957643333333327;68280.04666666666;0.6324541664538066;-0.20253602804345405;1.1541800000000002
2021-10-13;46549;1.1596;1.153;1.15973;1.15286;1.1924950666666667;-0.03289506666666675;68149.96;0.6830378183639898;0.5715475147656912;1.1596650000000002
2021-10-14;38149;1.15973;1.15932;1.16244;1.15841;1.1923837;-0.03265370000000001;67903.72;0.5618101629777336;0.011210762331836932;1.1596650000000002
2021-10-15;41465;1.15992;1.15959;1.16188;1.15882;1.1923036999999999;-0.03238369999999979;67648.63;0.6129466332133241;0.01638312365810357;1.1605000000000003
2021-10-18;43084;1.16108;1.15908;1.16224;1.15719;1.1922202333333334;-0.03114023333333349;67379.04333333333;0.6394273036328398;0.10000689702736043;1.1605000000000003
2021-10-19;42790;1.16326;1.16099;1.16695;1.16085;1.1921659;-0.02890590000000004;67168.93666666666;0.6370504302062094;0.18775622696112215;1.164195
2021-10-20;42647;1.16513;1.16326;1.16588;1.16169;1.1921205666666668;-0.02699056666666677;67031.20666666667;0.6362260523231962;0.16075511923387964;1.164195
2021-10-21;42080;1.16246;1.16465;1.16675;1.16198;1.1920507999999999;-0.029590799999999806;66821.41;0.6297382829843564;-0.22915897796812468;1.163435
2021-10-22;45384;1.16441;1.16222;1.16557;1.16214;1.1919887333333334;-0.027578733333333494;66656.16666666667;0.6808672365896608;0.16774770744798495;1.163435
2021-10-25;41837;1.16104;1.16419;1.1665;1.15907;1.1919183;-0.030878299999999914;66270.87666666666;0.631302950924099;-0.28941695794435507;1.1603350000000001
2021-10-26;38041;1.15963;1.16046;1.16258;1.1585;1.1918149666666666;-0.0321849666666667;65932.78;0.5769664194349796;-0.12144284434646435;1.1603350000000001
2021-10-27;48346;1.16028;1.15956;1.1626;1.15849;1.1917038;-0.0314238;65713.54666666666;0.7357082740523615;0.05605236152910198;1.164295
2021-10-28;58342;1.16831;1.16028;1.16922;1.15824;1.1916275666666667;-0.023317566666666734;65452.35333333333;0.8913659636173676;0.6920743268866048;1.164295
2021-10-29;54796;1.15637;1.168;1.169;1.15352;1.1915307333333334;-0.03516073333333347;65251.88;0.8397612451931133;-1.0219890268849952;1.1585150000000002
2021-11-01;43397;1.16066;1.15558;1.16092;1.1546;1.1914490999999998;-0.03078909999999979;64960.71333333333;0.6680499300755829;0.3709885244342237;1.1585150000000002
2021-11-02;43979;1.15793;1.16048;1.16134;1.15753;1.1913629;-0.03343289999999999;64659.71;0.6801607987414914;-0.2352110006375807;1.1596000000000002
2021-11-03;51384;1.16127;1.1579;1.16164;1.15624;1.1912962333333332;-0.030026233333333208;64618.07;0.7951955234811571;0.28844576097002417;1.1596000000000002
2021-11-04;47923;1.15545;1.16116;1.16165;1.15284;1.1912231333333334;-0.03577313333333332;64342.77333333333;0.7448078085121275;-0.5011754372368116;1.1561000000000001
2021-11-05;51051;1.15675;1.15518;1.15733;1.15134;1.1911446333333333;-0.03439463333333337;64133.04666666667;0.7960170715938549;0.11251027738108377;1.1561000000000001
2021-11-08;40855;1.15873;1.15602;1.1595;1.15506;1.1910688333333332;-0.032338833333333206;63808.52333333333;0.6402749643110939;0.17116922411930524;1.1590850000000001
2021-11-09;46880;1.15944;1.15852;1.16089;1.15701;1.1909854333333334;-0.03154543333333337;63642.513333333336;0.736614529260566;0.061273980996445765;1.1590850000000001
2021-11-10;59134;1.14767;1.15925;1.15953;1.14761;1.1908564000000001;-0.04318640000000018;63596.3;0.9298339683282;-1.0151452425308793;1.1463000000000003
2021-11-11;39618;1.14493;1.14783;1.14877;1.1443;1.1907239666666667;-0.045793966666666686;63455.14666666667;0.624346520040514;-0.2387445868585858;1.1463000000000003
2021-11-12;40724;1.14438;1.145;1.14622;1.1433;1.1905998333333332;-0.04621983333333324;63198.003333333334;0.644387446628618;-0.04803787131091308;1.14054
2021-11-15;43782;1.1367;1.1446;1.14639;1.13564;1.1904396;-0.05373959999999989;62919.683333333334;0.6958394842524326;-0.6711057515859986;1.14054
2021-11-16;51050;1.13194;1.13674;1.13858;1.13094;1.1902651999999998;-0.058325199999999855;62784.92333333333;0.8130932919828663;-0.4187560482097341;1.13192
2021-11-17;52818;1.1319;1.13203;1.13323;1.12635;1.1901143666666667;-0.058214366666666795;62595.80333333334;0.8437945866550621;-0.0035337562061643624;1.13192
2021-11-18;45842;1.13729;1.13191;1.13742;1.13138;1.1900037333333333;-0.0527137333333334;62351.176666666666;0.7352226926697291;0.4761904761904745;1.1327450000000001
2021-11-19;58710;1.1282;1.13673;1.13727;1.12501;1.1898776333333334;-0.061677633333333315;62151.64;0.9446251136734374;-0.7992684363706593;1.1327450000000001
2021-11-22;56412;1.12338;1.12911;1.12911;1.12308;1.1897328333333332;-0.0663528333333332;61945.653333333335;0.9106692231726815;-0.4272292146782486;1.1241400000000001
2021-11-23;57256;1.1249;1.12372;1.12752;1.12261;1.1896056;-0.06470559999999992;61818.03333333333;0.9262022247012723;0.13530595168151915;1.1241400000000001
2021-11-24;56285;1.12006;1.1248;1.12553;1.11864;1.1894502333333332;-0.06939023333333316;61730.37;0.911787828260075;-0.4302604675971211;1.120465
2021-11-25;28602;1.12087;1.11966;1.12298;1.11956;1.1892720333333333;-0.06840203333333328;61541.10666666667;0.4647625229574794;0.07231755441672316;1.120465
2021-11-26;75295;1.13087;1.12058;1.13308;1.12042;1.1891355666666665;-0.05826556666666649;61403.63333333333;1.226230369646765;0.8921641225119847;1.1300250000000003
2021-11-29;56390;1.12918;1.13014;1.13124;1.12584;1.1889843;-0.05980429999999992;61191.5;0.9215332194829476;-0.1494424646511061;1.1300250000000003
2021-11-30;76603;1.13386;1.12905;1.13829;1.12354;1.1888584333333334;-0.05499843333333332;61018.85666666667;1.2553988092312793;0.41446005065624014;1.1328850000000004
2021-12-01;65508;1.13191;1.13348;1.13597;1.13026;1.1887032999999998;-0.056793299999999824;60974.55;1.0743498722006026;-0.1719789039211328;1.1328850000000004
2021-12-02;32631;1.13016;1.13183;1.13474;1.12953;1.1885593333333335;-0.05839933333333347;60746.89;0.5371633016932164;-0.15460593156698677;1.1305800000000001
2021-12-03;60455;1.131;1.13007;1.13333;1.12667;1.1884083666666667;-0.05740836666666671;60647.96333333333;0.9968183048079828;0.07432575918453477;1.1305800000000001
2021-12-06;44249;1.12852;1.13043;1.13113;1.12666;1.1882499999999998;-0.05972999999999984;60548.26;0.7308054764908636;-0.21927497789566708;1.1276800000000002
2021-12-07;46134;1.12684;1.12844;1.12986;1.12274;1.1880627333333333;-0.06122273333333328;60458.24333333333;0.7630721214580285;-0.1488675433310771;1.1276800000000002
2021-12-08;50174;1.13416;1.12685;1.13549;1.12663;1.1879059666666665;-0.05374596666666642;60426.403333333335;0.8303323916734583;0.6496042029036975;1.1317200000000003
2021-12-09;42419;1.12928;1.13404;1.13454;1.12785;1.1877550666666667;-0.058475066666666686;60323.01666666667;0.7031975909691679;-0.4302743880933879;1.1317200000000003
2021-12-10;44173;1.13168;1.1293;1.13241;1.12653;1.1876117;-0.05593169999999992;60219.59333333333;0.7335320209733399;0.21252479455935447;1.1301350000000001
2021-12-13;36971;1.12859;1.13118;1.13194;1.12602;1.1874712;-0.05888120000000008;60076.11666666667;0.6154026267231628;-0.27304538385409804;1.1301350000000001
2021-12-14;42502;1.12581;1.12835;1.13238;1.12538;1.187319;-0.061509000000000036;59983.90666666667;0.7085567173238396;-0.2463250604736844;1.1276150000000003
2021-12-15;50569;1.12942;1.12589;1.12992;1.12219;1.1871601;-0.05774009999999996;59916.55333333334;0.8439904698566588;0.32065801511802494;1.1276150000000003
2021-12-16;51766;1.13306;1.12864;1.13604;1.12814;1.1869961666666669;-0.053936166666666896;59858.60333333333;0.8648046749725036;0.3222893166403784;1.128295
2021-12-17;44881;1.12353;1.13299;1.1349;1.1235;1.1867875666666667;-0.06325756666666682;59721.333333333336;0.7515069991738154;-0.8410852029018812;1.128295
2021-12-20;45080;1.12768;1.12392;1.13038;1.12348;1.1866069333333333;-0.05892693333333332;59626.28333333333;0.756042427598217;0.369371534360452;1.1281250000000003
2021-12-21;39307;1.12857;1.12755;1.13028;1.12609;1.1864150333333334;-0.05784503333333335;59523.85;0.6603571509570264;0.07892309875141557;1.1281250000000003
2021-12-22;37829;1.13272;1.12872;1.13424;1.12645;1.1862543666666667;-0.05353436666666678;59418.27;0.6366560318904209;0.3677219844582025;1.1326800000000001
2021-12-23;34532;1.13264;1.13262;1.13423;1.12902;1.1860980333333333;-0.05345803333333321;59337.98;0.5819544244680082;-0.007062645667055278;1.1326800000000001
2021-12-24;28905;1.13206;1.1323;1.13435;1.13066;1.1859561666666667;-0.053896166666666634;59158.16333333333;0.4886054328145152;-0.05120779771153883;1.1323750000000001
2021-12-27;25110;1.13269;1.13202;1.13344;1.13029;1.1858407666666666;-0.05315076666666663;58948.276666666665;0.42596665110304455;0.05565076056037732;1.1323750000000001
2021-12-28;27340;1.13085;1.13271;1.13334;1.12896;1.1857284666666668;-0.05487846666666685;58745.44666666666;0.4653977721052653;-0.16244515268961646;1.1327900000000002
2021-12-29;35618;1.13473;1.13086;1.13688;1.12738;1.1856308;-0.05090079999999997;58619.3;0.6076155805339525;0.3431047442189694;1.1327900000000002
2021-12-30;33824;1.13257;1.13471;1.13598;1.12986;1.1854993000000003;-0.05292930000000018;58518.75;0.5780027768876509;-0.1903536524107019;1.13552
2021-12-31;29271;1.13847;1.13218;1.13864;1.13033;1.1853865;-0.046916499999999806;58015.223333333335;0.5045399865448239;0.5209391031018029;1.13552
2022-01-03;39030;1.12979;1.13753;1.13784;1.12797;1.1852101666666668;-0.055420166666666715;57735.25666666667;0.6760167400888534;-0.7624267657470152;1.1292650000000004
2022-01-04;45471;1.12874;1.12959;1.13225;1.12723;1.1850142333333333;-0.05627423333333326;57497.68;0.7908319083481645;-0.09293762557643914;1.1292650000000004
2022-01-05;47102;1.13127;1.12855;1.13465;1.1277;1.1848473;-0.05357729999999994;57150.9;0.8241689982133572;0.22414373549266564;1.1305550000000002
2022-01-06;49540;1.12984;1.13127;1.13319;1.12847;1.1846743666666666;-0.054834366666666634;56892.746666666666;0.8707612640016319;-0.12640660496610057;1.1305550000000002
2022-01-07;42998;1.13613;1.12966;1.13648;1.12901;1.1845351999999998;-0.048405199999999704;56782.78666666667;0.7572365240262794;0.5567159951851641;1.1344800000000002
2022-01-10;45938;1.13283;1.13518;1.13609;1.12852;1.1843761;-0.05154609999999993;56670.503333333334;0.8106157047836096;-0.29045971851813235;1.1344800000000002
2022-01-11;44568;1.13688;1.13228;1.13751;1.1313;1.1842215333333332;-0.04734153333333335;56611.41333333333;0.7872617441569874;0.35751171843965146;1.1405100000000001
2022-01-12;47062;1.14414;1.13647;1.14528;1.13548;1.1840840333333333;-0.039944033333333406;56521.763333333336;0.8326350280766484;0.6385898247836197;1.1405100000000001
2022-01-13;46662;1.14545;1.1442;1.14816;1.14359;1.1839485;-0.03849849999999999;56468.3;0.8263397339744908;0.1144964777037849;1.143545
2022-01-14;49560;1.14164;1.14547;1.14829;1.13986;1.1838024999999999;-0.04216249999999988;56404.31;0.8786562587148254;-0.33262036754114765;1.143545
2022-01-17;31661;1.14062;1.14135;1.14344;1.13919;1.1836467333333334;-0.0430267333333334;56271.53333333333;0.562646832679064;-0.08934515258750553;1.1367
2022-01-18;57654;1.13278;1.14067;1.14214;1.13147;1.18347;-0.050690000000000124;56256.82;1.024835744359346;-0.6873454787747035;1.1367
2022-01-19;47170;1.13422;1.1321;1.13571;1.1319;1.1833037333333332;-0.04908373333333316;56176.98333333333;0.839667728687074;0.12712088843378488;1.1326400000000003
2022-01-20;48533;1.13106;1.13412;1.1369;1.13032;1.1831097;-0.05204969999999998;56099.38;0.8651254256284358;-0.27860556153127547;1.1326400000000003
2022-01-21;48160;1.13427;1.13114;1.13598;1.13009;1.1829193;-0.04864930000000012;55998.68666666667;0.8600201695204888;0.283804572701718;1.13335
2022-01-24;53121;1.13243;1.13412;1.13451;1.12906;1.1827230666666666;-0.05029306666666655;56025.10666666667;0.9481641921013244;-0.1622188720498463;1.13335
2022-01-25;46424;1.13016;1.13244;1.13292;1.12633;1.1825033;-0.05234329999999998;56006.71666666667;0.82890058126942;-0.20045389118974466;1.1271550000000001
2022-01-26;53548;1.12415;1.13015;1.13108;1.12356;1.1822752333333333;-0.058125233333333304;55924.026666666665;0.9575133121075408;-0.5317831103560655;1.1271550000000001
2022-01-27;59814;1.11446;1.12375;1.12435;1.1132;1.1819661;-0.0675060999999999;55848.83666666667;1.0709981365769294;-0.8619846105946682;1.1146650000000002
2022-01-28;56894;1.11487;1.11432;1.11738;1.11215;1.1816438;-0.0667738;55743.903333333335;1.0206317928577624;0.036789117599567156;1.1146650000000002
2022-01-31;53546;1.1233;1.1143;1.12478;1.11385;1.1813388333333334;-0.058038833333333484;55652.973333333335;0.9621408667471684;0.7561419717097007;1.1253400000000002
2022-02-01;51296;1.12738;1.12338;1.12788;1.1221;1.1810564666666665;-0.05367646666666648;55539.83666666667;0.923589320362137;0.3632155256832581;1.1253400000000002
2022-02-02;43427;1.13045;1.12677;1.13301;1.12667;1.1807883;-0.05033829999999995;55408.73;0.7837573609788956;0.27231279604036374;1.1360400000000002
2022-02-03;63523;1.14389;1.13024;1.14515;1.12674;1.1805664;-0.03667639999999994;55353.11;1.1475958622738365;1.188907072404799;1.1383000000000003
2022-02-04;63405;1.14496;1.14361;1.14839;1.14117;1.1803558;-0.03539580000000009;55303.996666666666;1.1464813362793467;0.09354046280674044;1.1445600000000002
2022-02-07;53111;1.14416;1.14633;1.14635;1.14151;1.1801224666666665;-0.03596246666666647;55157.23333333333;0.9629018134216977;-0.06987143655672323;1.1445600000000002
2022-02-08;46166;1.1417;1.14419;1.14488;1.13962;1.1798902;-0.03819020000000006;55046.49333333333;0.8386728600572974;-0.21500489442036752;1.1419750000000002
2022-02-09;41766;1.14225;1.14148;1.14479;1.14026;1.1796499999999999;-0.03739999999999988;54954.70333333333;0.7600077421336713;0.04817377594814598;1.1419750000000002
2022-02-10;65951;1.1428;1.14234;1.14949;1.13749;1.1794084;-0.036608399999999985;54946.36;1.200279690956562;0.04815057999563166;1.1387300000000002
2022-02-11;74246;1.13466;1.14279;1.143;1.13298;1.1791241333333333;-0.04446413333333332;54915.04666666667;1.3520156042233442;-0.7122856142807166;1.1387300000000002
2022-02-14;72769;1.13064;1.13336;1.13691;1.12801;1.1788039666666668;-0.04816396666666667;54916.92333333333;1.3250742318227724;-0.354291153297015;1.1332100000000003
2022-02-15;56483;1.13578;1.13064;1.13684;1.12979;1.1785049;-0.042724900000000066;54884.86;1.0291180482193032;0.45460977853251094;1.1332100000000003
2022-02-16;51226;1.13733;1.13585;1.1396;1.1345;1.1782148333333333;-0.04088483333333337;54668.99333333333;0.9370210950776113;0.13647009103874286;1.1367550000000002
2022-02-17;66919;1.13618;1.13726;1.1386;1.13233;1.1779478333333335;-0.04176783333333356;54603.44;1.2255454967670123;-0.10111401264364384;1.1367550000000002
2022-02-18;51631;1.13229;1.13595;1.13769;1.13148;1.1776601;-0.04537009999999997;54502.01666666667;0.9473227443264123;-0.34237532785297287;1.1316500000000003
2022-02-21;42336;1.13101;1.13172;1.13904;1.13068;1.1773698666666668;-0.046359866666666694;54509.253333333334;0.7766754708801533;-0.11304524459281318;1.1316500000000003
2022-02-22;69030;1.13253;1.13116;1.13668;1.1288;1.1770733666666668;-0.044543366666666806;54508.636666666665;1.266404816215131;0.1343931530225273;1.1315000000000002
2022-02-23;47070;1.13047;1.13245;1.1359;1.13013;1.1767583333333334;-0.046288333333333265;54443.29666666667;0.8645692469392716;-0.181893636371655;1.1315000000000002
2022-02-24;120346;1.11928;1.13076;1.13088;1.11065;1.1763893333333335;-0.057109333333333456;54605.51;2.203916784221555;-0.9898537776323102;1.1232300000000002
2022-02-25;80951;1.12718;1.119;1.12741;1.1166;1.1760743333333332;-0.04889433333333315;54661.65666666667;1.480946698956347;0.7058108784218531;1.1232300000000002
2022-02-28;99898;1.12191;1.11255;1.12466;1.11247;1.17573;-0.05381999999999998;54651.11;1.8279226167589593;-0.4675384588087139;1.1171350000000002
2022-03-01;83611;1.11236;1.12182;1.12332;1.10897;1.1753383333333334;-0.06297833333333336;54612.12666666666;1.5309969617245822;-0.8512269255109506;1.1171350000000002
2022-03-02;92037;1.11197;1.1123;1.11434;1.10575;1.1749361333333332;-0.06296613333333334;54442.543333333335;1.6905345409098833;-0.035060591894719995;1.10928
2022-03-03;72035;1.10659;1.11179;1.11217;1.10338;1.174535;-0.06794500000000014;54328.25666666667;1.3259214342540118;-0.48382600250006513;1.10928
2022-03-04;89192;1.09334;1.10662;1.10679;1.08854;1.1741063333333333;-0.08076633333333327;54223.92;1.6448829225180246;-1.1973721071038002;1.089385
2022-03-07;120245;1.08543;1.09274;1.09323;1.08061;1.173674366666667;-0.08824436666666702;54292.03;2.2147818013063403;-0.7234711983463593;1.089385
2022-03-08;113166;1.08964;1.0854;1.09583;1.08481;1.1732372666666666;-0.08359726666666667;54368.15;2.0814760112304573;0.3878647172088634;1.09523
2022-03-09;85122;1.10754;1.08973;1.10952;1.08901;1.172876466666667;-0.06533646666666693;54360.63;1.5658758921665248;1.642744392643447;1.10195
2022-03-10;92000;1.09888;1.10752;1.11214;1.09763;1.1724879;-0.07360789999999984;54344.41;1.692906409324953;-0.78191306860248;1.0950550000000001
2022-03-11;83902;1.09123;1.09814;1.10436;1.0902;1.1721001;-0.08087010000000006;54341.863333333335;1.5439661957362258;-0.696163366336644;1.0950550000000001
2022-03-14;77710;1.09403;1.09216;1.0994;1.09008;1.1717215666666667;-0.07769156666666666;54393.63333333333;1.4286598492835691;0.25659118609278053;1.0947250000000004
2022-03-15;84575;1.09542;1.09406;1.10197;1.09261;1.1713301;-0.07591009999999998;54430.58666666667;1.5538138605398912;0.12705318866941262;1.0947250000000004
2022-03-16;91053;1.10345;1.09536;1.10467;1.0948;1.1709730333333335;-0.06752303333333343;54464.3;1.6717923483820278;0.7330521626408126;1.1062800000000002
2022-03-17;68083;1.10911;1.10348;1.11376;1.10079;1.1706141;-0.06150410000000006;54401.013333333336;1.2515024229938514;0.5129366985364037;1.1062800000000002
2022-03-18;66772;1.10507;1.10906;1.11185;1.10032;1.1702405666666669;-0.06517056666666687;54369.77;1.2281089289137646;-0.36425602510120614;1.1033750000000002
2022-03-21;60220;1.10168;1.10562;1.10701;1.10103;1.1698656666666667;-0.0681856666666667;54301.03666666667;1.1090027685780015;-0.3067678970562926;1.1033750000000002
2022-03-22;69235;1.10245;1.10161;1.10458;1.0961;1.1694872333333335;-0.06703723333333356;54273.63333333333;1.2756654704645518;0.0698932539394237;1.1015100000000002
2022-03-23;59749;1.10057;1.10233;1.10441;1.0964;1.1691184333333333;-0.06854843333333327;54104.323333333334;1.104329493816587;-0.17052927570410104;1.1015100000000002
2022-03-24;63684;1.0997;1.10029;1.1014;1.0966;1.1687433666666667;-0.06904336666666677;53949.77;1.1804313530898871;-0.07904994684574396;1.09902
2022-03-25;65437;1.09834;1.09964;1.10378;1.0981;1.1683589333333335;-0.07001893333333342;53770.723333333335;1.2169633574451544;-0.12367009184320876;1.09902
2022-03-28;77140;1.09864;1.09849;1.09996;1.09448;1.1680007666666667;-0.06936076666666668;53715.91333333333;1.4360735062121066;0.027313946501084096;1.10363
2022-03-29;91498;1.10862;1.09804;1.11371;1.09697;1.1676818;-0.05906180000000005;53742.25666666667;1.7025336425207112;0.9083958348503396;1.10363
2022-03-30;84389;1.1158;1.10864;1.11711;1.10806;1.1673893666666666;-0.05158936666666669;53793.58666666667;1.5687557798089;0.64765203586441;1.11121
2022-03-31;79090;1.10662;1.11576;1.11849;1.1061;1.1670910666666667;-0.060471066666666795;53814.706666666665;1.4696726025076412;-0.8227280874708698;1.11121
2022-04-01;66841;1.10488;1.10669;1.10764;1.10281;1.1667577;-0.061877699999999924;53794.37;1.242527796124159;-0.1572355460772279;1.1010500000000003
2022-04-04;52896;1.09722;1.10321;1.10545;1.09608;1.166398466666667;-0.06917846666666683;53762.573333333334;0.9838814759113124;-0.6932879588733565;1.1010500000000003
2022-04-05;57091;1.09057;1.09716;1.09887;1.09;1.1659937999999999;-0.07542379999999982;53714.486666666664;1.0628603853980059;-0.6060771768651718;1.090105
2022-04-06;70565;1.08964;1.09047;1.0938;1.08746;1.1655865;-0.07594650000000014;53715.10333333333;1.3136901098763631;-0.08527650678086252;1.090105
2022-04-07;67239;1.08801;1.08927;1.09385;1.0865;1.1651693;-0.07715930000000015;53764.87333333334;1.2506120786915427;-0.14959069050328733;1.0878300000000003
2022-04-08;58440;1.08765;1.08764;1.08918;1.08365;1.1647554;-0.07710539999999999;53774.92333333333;1.0867518980499238;-0.033087931177100405;1.0878300000000003
2022-04-11;60582;1.08835;1.092;1.09333;1.08728;1.1643408666666666;-0.07599086666666666;53842.823333333334;1.1251638797790027;0.06435893899692235;1.0854750000000002
2022-04-12;71737;1.0826;1.08832;1.09037;1.08214;1.1639150666666667;-0.08131506666666666;53841.54666666667;1.3323725717634165;-0.5283226903110116;1.0854750000000002
2022-04-13;62443;1.08917;1.08276;1.08943;1.08089;1.1635317333333335;-0.07436173333333351;53788.80333333334;1.1608921584111909;0.6068723443561685;1.0860500000000002
2022-04-14;75731;1.08293;1.08763;1.09232;1.07576;1.1631103999999999;-0.08018039999999993;53807.12333333334;1.4074530528390248;-0.5729133193165481;1.0860500000000002
2022-04-15;37779;1.0809;1.08278;1.08302;1.07965;1.1626743333333334;-0.0817743333333334;53717.763333333336;0.7032869139685507;-0.18745440610196118;1.0794950000000003
2022-04-18;44474;1.07809;1.08019;1.08217;1.077;1.1622152666666667;-0.08412526666666675;53604.18666666667;0.829674000587859;-0.2599685447312372;1.0794950000000003
2022-04-19;63297;1.0789;1.07823;1.08146;1.07613;1.1617617333333334;-0.08286173333333346;53569.096666666665;1.1815954335361176;0.07513287387879153;1.082165
2022-04-20;74475;1.08543;1.07874;1.0867;1.0783;1.1613237;-0.07589370000000017;53504.61;1.3919361341010819;0.6052460839744089;1.082165
2022-04-21;74294;1.08321;1.0847;1.09363;1.08237;1.1608752666666666;-0.07766526666666662;53333.47666666667;1.3930087562887064;-0.20452723805310935;1.0814500000000002
2022-04-22;74335;1.07969;1.0837;1.08516;1.07708;1.1604497;-0.08075969999999999;53092.37333333334;1.4001069331235898;-0.32496007237746705;1.0814500000000002
2022-04-25;91677;1.07117;1.08078;1.08138;1.06968;1.1600041333333333;-0.08883413333333334;53110.77333333333;1.7261469612690523;-0.7891153942335416;1.06745
2022-04-26;76212;1.06373;1.07126;1.07387;1.06359;1.1595197333333334;-0.0957897333333333;53075.496666666666;1.4359168502675461;-0.6945676223195085;1.06745
2022-04-27;85237;1.05586;1.06376;1.06548;1.05146;1.1590185;-0.10315849999999993;53065.96;1.6062462640831137;-0.7398493978735265;1.0528450000000003
2022-04-28;97415;1.04983;1.05538;1.05648;1.04714;1.1585272333333334;-0.10869723333333337;52997.35666666667;1.8381105422424204;-0.571098441081197;1.0528450000000003
2022-04-29;82571;1.05427;1.04977;1.05929;1.04912;1.1580714333333333;-0.10380143333333325;52841.443333333336;1.562618179808444;0.4229256165283912;1.0525050000000002
2022-05-02;70307;1.05074;1.05564;1.05684;1.04903;1.1576250666666665;-0.10688506666666653;52737.986666666664;1.3331377332313787;-0.3348288389122378;1.0525050000000002
2022-05-03;69449;1.05193;1.05024;1.05777;1.04923;1.1571645666666668;-0.10523456666666675;52664.98;1.3186941303307589;0.11325351656927829;1.0569300000000004
2022-05-04;77867;1.06193;1.05194;1.06311;1.05062;1.1567279666666668;-0.09479796666666673;52631.61;1.479472127111164;0.9506335972925939;1.0569300000000004
2022-05-05;97205;1.05392;1.06199;1.0642;1.04928;1.1562459666666667;-0.10232596666666671;52666.55333333334;1.8456685286534453;-0.7542870057348439;1.05419
2022-05-06;111507;1.05446;1.05394;1.0599;1.04828;1.1557769;-0.10131690000000004;52759.153333333335;2.1135100348460014;0.05123728556246654;1.05419
2022-05-09;91214;1.05582;1.05405;1.05926;1.04952;1.1553197;-0.09949969999999997;52829.54666666667;1.7265716962423818;0.12897596874230643;1.0544050000000003
2022-05-10;95552;1.05299;1.05582;1.05855;1.05255;1.1548622;-0.10187219999999986;52918.67;1.8056387282594584;-0.26803811255705634;1.0544050000000003
2022-05-11;94809;1.05138;1.05266;1.05772;1.0502;1.1543735;-0.10299349999999996;52993.86;1.789056317089982;-0.152897938252039;1.04579
2022-05-12;102129;1.03795;1.05132;1.05294;1.03542;1.1538614;-0.11591140000000011;53029.31333333333;1.9258970855989603;-1.2773687914930942;1.04354
2022-05-13;77620;1.04074;1.03794;1.04198;1.03495;1.1533618333333333;-0.11262183333333331;53044.36666666667;1.4633033605199428;0.26879907509995693;1.0420800000000001
2022-05-16;63446;1.04342;1.04078;1.04432;1.03891;1.1528623333333334;-0.10944233333333342;53048.09;1.196009130582987;0.2575090800776447;1.0420800000000001
2022-05-17;78494;1.05505;1.04347;1.05557;1.04286;1.1524290666666668;-0.09737906666666674;53058.78333333333;1.4793780608737142;1.114603898717692;1.050565
2022-05-18;70913;1.04608;1.05486;1.05639;1.04604;1.1519787333333336;-0.10589873333333366;53036.80333333334;1.3370526793310373;-0.8501966731434663;1.050565
2022-05-19;97976;1.05834;1.04636;1.06072;1.0461;1.1515851666666668;-0.09324516666666671;53081.666666666664;1.8457596784824934;1.1719944937289783;1.0572750000000002
2022-05-20;74622;1.05621;1.05836;1.05989;1.05329;1.1511749;-0.09496489999999991;53121.7;1.4047366707011628;-0.20125857474913023;1.0572750000000002
2022-05-23;71492;1.06921;1.05606;1.06974;1.05571;1.1508172;-0.0816072000000001;53138.07;1.3454007644610833;1.2308158415466508;1.0714000000000004
2022-05-24;75235;1.07359;1.06898;1.07486;1.06609;1.1504905666666667;-0.07690056666666667;53181.206666666665;1.4146914806117448;0.4096482449659211;1.0714000000000004
2022-05-25;76501;1.06786;1.07366;1.07391;1.06423;1.1501401;-0.08228009999999997;53225.92;1.4372884489358875;-0.5337233021917132;1.0703900000000002
2022-05-26;66718;1.07292;1.06808;1.07316;1.06625;1.1497906333333332;-0.0768706333333331;53235.18666666667;1.2532688279604192;0.4738448860337474;1.0703900000000002
2022-05-27;65510;1.07312;1.07224;1.0765;1.0697;1.1494469333333335;-0.0763269333333334;53364.2;1.2276020253276116;0.018640718786122612;1.0755500000000002
2022-05-30;49220;1.07798;1.07332;1.0787;1.07251;1.1491027666666667;-0.07112276666666673;53397.776666666665;0.921761224390381;0.4528850454748712;1.0755500000000002
2022-05-31;84835;1.07324;1.07788;1.07794;1.06791;1.1487215;-0.07548149999999998;53472.24333333333;1.5865240489564425;-0.43971131189817214;1.069255
2022-06-01;73925;1.06527;1.07354;1.07394;1.06274;1.1483151666666667;-0.08304516666666673;53486.74333333333;1.38211817345618;-0.7426111587343076;1.069255
2022-06-02;64371;1.07462;1.06453;1.07502;1.06447;1.1479251666666668;-0.07330516666666687;53504.776666666665;1.2030888457121798;0.8777117538276702;1.0732500000000003
2022-06-03;60060;1.07188;1.07461;1.07642;1.07043;1.1475310333333333;-0.07565103333333334;53506.45333333333;1.1224814252932875;-0.25497385122182914;1.0732500000000003
2022-06-06;59433;1.06958;1.07168;1.0752;1.0684;1.1471258;-0.0775458;53507.27;1.1107462593398785;-0.21457625853640305;1.070035
2022-06-07;73340;1.07049;1.06956;1.07144;1.06521;1.1467111333333333;-0.07622113333333336;53511.26666666667;1.370552494240832;0.08508012490884287;1.070035
2022-06-08;70080;1.07163;1.07052;1.07485;1.06715;1.1462901666666667;-0.07466016666666664;53532.933333333334;1.309100690664941;0.10649328812040171;1.066715
2022-06-09;82691;1.0618;1.07164;1.0774;1.06113;1.1458407333333334;-0.08404073333333328;53600.87;1.5427174969358626;-0.9172942153541808;1.066715
2022-06-10;88645;1.0519;1.06166;1.06423;1.05059;1.145353;-0.09345300000000001;53711.566666666666;1.6503893947110742;-0.9323789790921078;1.0463500000000001
2022-06-13;105177;1.0408;1.05152;1.05201;1.03999;1.1448100666666667;-0.10401006666666679;53887.86666666667;1.9517751676935404;-1.055233387204113;1.0463500000000001
2022-06-14;104731;1.04175;1.0407;1.04848;1.0397;1.1442703666666667;-0.10252036666666675;54076.81;1.936708174908628;0.09127594158340191;1.0432350000000001
2022-06-15;124998;1.04472;1.04155;1.05078;1.0359;1.1437409333333333;-0.09902093333333317;54360.79666666667;2.2994144248188357;0.28509719222462593;1.0432350000000001
2022-06-16;124776;1.05505;1.04422;1.06014;1.03809;1.1432524333333334;-0.08820243333333333;54616.63333333333;2.28457875164972;0.988781683130413;1.0522900000000002
2022-06-17;111793;1.04953;1.05488;1.05601;1.04444;1.1427183666666667;-0.09318836666666663;54848.77;2.038204320716392;-0.5231979527036579;1.0522900000000002
2022-06-20;71406;1.05109;1.04771;1.0546;1.04748;1.1421933333333334;-0.09110333333333331;54952.323333333334;1.2994173070144444;0.14863796175430544;1.05228
2022-06-21;76026;1.05347;1.05098;1.05827;1.05071;1.1416743666666667;-0.08820436666666676;55081.236666666664;1.3802522347141601;0.22643160909150417;1.05228
2022-06-22;93110;1.05688;1.0533;1.06056;1.0469;1.1411554;-0.08427539999999989;55235.23333333333;1.6856994056326937;0.3236921791792913;1.0544950000000004
2022-06-23;106561;1.05211;1.0566;1.0581;1.04828;1.1406224666666667;-0.08851246666666657;55448.14666666667;1.9218135574591033;-0.4513284384225158;1.0544950000000004
2022-06-24;79697;1.05554;1.05234;1.05713;1.05121;1.1401337666666669;-0.08459376666666696;55577.38333333333;1.4339825882408221;0.32601153871740784;1.0568650000000002
2022-06-27;80714;1.05819;1.05489;1.06149;1.05489;1.1396400333333332;-0.08145003333333323;55738.973333333335;1.4480711640900727;0.25105633135646954;1.0568650000000002
2022-06-28;85658;1.05207;1.05846;1.06062;1.05036;1.1391423666666667;-0.08707236666666662;55884.573333333334;1.5327664664998428;-0.5783460437161492;1.0481
2022-06-29;89544;1.04413;1.05188;1.05355;1.04352;1.1386209999999999;-0.09449099999999988;56067.07;1.5970872028801226;-0.7547026338551643;1.0481
2022-06-30;91530;1.04835;1.04403;1.04885;1.03827;1.1380941333333334;-0.08974413333333353;56247.26;1.627279266580874;0.40416423242315425;1.0454050000000001
2022-07-01;92486;1.04246;1.04839;1.0485;1.03655;1.1375145000000002;-0.09505450000000026;56402.096666666665;1.6397617369895106;-0.5618352649401359;1.0454050000000001
2022-07-04;58145;1.04227;1.04193;1.04628;1.04168;1.1369459333333334;-0.09467593333333335;56450.91;1.030009967952504;-0.018226118987774154;1.03668
2022-07-05;90261;1.02641;1.04202;1.0449;1.02352;1.1363179;-0.10990790000000006;56586.58666666667;1.595095327655695;-1.5216786437295515;1.032
2022-07-06;99216;1.01813;1.02681;1.02765;1.01618;1.1356881666666665;-0.11755816666666652;56737.74;1.7486773354028997;-0.8066951802885858;1.0171350000000001
2022-07-07;82592;1.01614;1.01808;1.0221;1.01442;1.1350490333333332;-0.11890903333333314;56825.45333333333;1.4534331915577996;-0.19545637590483445;1.0171350000000001
2022-07-08;89370;1.01854;1.01632;1.01915;1.00719;1.1343955666666667;-0.11585556666666674;56972.71666666667;1.5686455768445478;0.23618792686046497;1.01295
2022-07-11;85258;1.00407;1.01788;1.0185;1.00338;1.1336918666666669;-0.12962186666666686;57115.17333333333;1.4927381818909256;-1.4206609460600483;1.0096600000000002
2022-07-12;96807;1.0036;1.004;1.00738;1.0;1.1329627666666666;-0.12936276666666657;57301.64;1.6894280861766453;-0.046809485394438965;1.0046800000000002
2022-07-13;104420;1.00576;1.00378;1.01217;0.9998;1.1322566333333333;-0.12649663333333327;57461.81;1.8172069414447933;0.21522518931844647;1.0046800000000002
2022-07-14;107038;1.00208;1.00604;1.00604;0.99522;1.1315208333333333;-0.12944083333333323;57678.08;1.8557829941631456;-0.3658924594336477;1.0054150000000002
2022-07-15;85034;1.00875;1.00129;1.00979;1.00068;1.1308232333333332;-0.1220732333333332;57811.45;1.470885092831702;0.6656155197189761;1.0054150000000002
2022-07-18;75726;1.01439;1.00815;1.02013;1.00786;1.1301324333333331;-0.11574243333333323;57925.21666666667;1.307306288308867;0.559107806691439;1.01834
2022-07-19;83025;1.02229;1.01409;1.02694;1.01197;1.1294560666666666;-0.10716606666666673;58039.19;1.4304989439030025;0.7787931663364223;1.01834
2022-07-20;75934;1.01819;1.02233;1.02732;1.01555;1.1287858666666666;-0.11059586666666665;58146.15;1.305916212853077;-0.40106036447583593;1.0204900000000001
2022-07-21;90201;1.02279;1.01757;1.0278;1.01535;1.1281303333333332;-0.10534033333333315;58288.31333333333;1.5474971712451542;0.4517820838939812;1.0204900000000001
2022-07-22;83352;1.02143;1.02287;1.02555;1.01298;1.1274707666666666;-0.10604076666666651;58405.066666666666;1.4271364584805268;-0.13296962230761045;1.0216300000000003
2022-07-25;78900;1.02183;1.02091;1.02578;1.01791;1.1268012666666665;-0.10497126666666645;58577.87;1.3469250418287064;0.039160784390501746;1.0216300000000003
2022-07-26;71866;1.01177;1.02202;1.025;1.01075;1.1261025;-0.11433249999999995;58679.60333333333;1.224718572001045;-0.9845081862932203;1.0158300000000002
2022-07-27;77940;1.01989;1.01147;1.02207;1.00967;1.1254322333333333;-0.10554223333333335;58797.40666666667;1.325568667370705;0.8025539401247173;1.0158300000000002
2022-07-28;93603;1.01967;1.01997;1.02343;1.01141;1.1247887666666665;-0.10511876666666642;58959.09333333333;1.5875922560543243;-0.021570953730287723;1.02116
2022-07-29;88464;1.02265;1.01972;1.02541;1.01461;1.1241420666666666;-0.10149206666666655;59105.056666666664;1.4967247303203393;0.29225141467337235;1.02116
2022-08-01;80317;1.02605;1.02134;1.02753;1.02055;1.1234990666666667;-0.09744906666666675;59258.88;1.355358049291287;0.3324695643670772;1.021325
2022-08-02;98515;1.0166;1.02586;1.02939;1.01635;1.1228300666666666;-0.10623006666666668;59456.10333333333;1.656936705852908;-0.9210077481604184;1.021325
2022-08-03;85949;1.01687;1.01652;1.02098;1.01229;1.1221599000000002;-0.10528990000000027;59636.473333333335;1.4412153367886205;0.026559118630720135;1.0207050000000002
2022-08-04;78798;1.02454;1.01632;1.02539;1.01546;1.1215163333333333;-0.09697633333333333;59739.996666666666;1.3190158084483792;0.7542753744333108;1.0207050000000002
2022-08-05;75394;1.01781;1.0245;1.02523;1.01417;1.1208730666666669;-0.10306306666666676;59855.59333333333;1.25959823971874;-0.6568801608526686;1.0185900000000003
2022-08-08;64542;1.01937;1.01742;1.0222;1.01593;1.1202310333333334;-0.1008610333333333;59948.973333333335;1.076615601757137;0.1532702567276889;1.0185900000000003
2022-08-09;53941;1.02132;1.01946;1.02475;1.01887;1.1195936;-0.09827359999999996;60000.23333333333;0.8990131705041872;0.1912946231495738;1.02555
2022-08-10;72874;1.02978;1.02124;1.03686;1.02022;1.1190276;-0.08924759999999998;60071.32666666667;1.2131245311821182;0.8283397955586747;1.02555
2022-08-11;75418;1.03197;1.02994;1.03644;1.02755;1.1184987666666668;-0.08652876666666676;60106.23333333333;1.254745070810528;0.21266678319642462;1.0289300000000001
2022-08-12;64137;1.02589;1.03174;1.03276;1.02383;1.1179645333333335;-0.09207453333333349;60095.846666666665;1.067245135187756;-0.5891644136942098;1.0289300000000001
2022-08-15;60426;1.01592;1.02547;1.02683;1.01546;1.1173782666666667;-0.1014582666666668;60099.64666666667;1.005430203860155;-0.9718390860618653;1.016485
2022-08-16;68089;1.01705;1.016;1.01947;1.01225;1.1167880333333333;-0.09973803333333331;60156.02333333333;1.1318733557685083;0.11122923064807999;1.016485
2022-08-17;80174;1.01774;1.01705;1.02028;1.01455;1.1162049333333335;-0.0984649333333334;60258.69;1.3304968959661536;0.06784327220885622;1.0132
2022-08-18;74681;1.00866;1.01794;1.01931;1.00796;1.1155899666666669;-0.10692996666666699;60358.91;1.2372821179174314;-0.8921728535775553;1.0132
2022-08-19;67153;1.0041;1.00822;1.00955;1.00319;1.1149582333333334;-0.11085823333333344;60438.11;1.1111035735563024;-0.4520849443816477;0.9991600000000003
2022-08-22;71631;0.99422;1.00363;1.00466;0.99263;1.1142975666666666;-0.12007756666666658;60526.26666666667;1.1834696561490905;-0.9839657404640989;0.9991600000000003
2022-08-23;84075;0.99677;0.99429;1.00182;0.99004;1.1136546333333333;-0.11688463333333321;60658.95333333333;1.3860278718951324;0.2564824686689171;0.9967800000000001
2022-08-24;71726;0.99679;0.99692;0.9999;0.99102;1.1130247000000002;-0.11623470000000025;60726.236666666664;1.1811369177000133;0.0020064809334030542;0.9967800000000001
2022-08-25;73308;0.99742;0.99645;1.00336;0.99491;1.1123995;-0.11497950000000001;60812.166666666664;1.2054824555391266;0.0632028812488139;0.9969600000000001
2022-08-26;78640;0.9965;0.9974;1.00899;0.99468;1.1117657;-0.11526570000000003;60915.04;1.2909783856332868;-0.09223797397284184;0.9969600000000001
2022-08-29;81731;0.99977;0.99644;1.00291;0.99141;1.1111439333333335;-0.11137393333333345;61081.96333333333;1.338054567008078;0.3281485198193712;1.000645
2022-08-30;88347;1.00152;0.99931;1.00549;0.9982;1.1105412;-0.10902119999999993;61197.21333333333;1.4436441659323742;0.17504025925962896;1.000645
2022-08-31;84356;1.00524;1.00135;1.00791;0.99712;1.1099617666666668;-0.10472176666666688;61308.57;1.375925094974263;0.37143541816437864;0.99987
2022-09-01;84698;0.9945;1.00517;1.00544;0.9911;1.109328;-0.11482800000000004;61386.28333333333;1.3797544891269609;-1.0684015757430942;0.99987
2022-09-02;82304;0.99564;0.99443;1.00336;0.99409;1.1086877;-0.11304769999999997;61502.583333333336;1.338220210261953;0.11463046757163031;0.9943900000000001
2022-09-05;64341;0.99314;0.99208;0.9944;0.98781;1.1080447666666666;-0.1149047666666666;61579.39666666667;1.044846222646052;-0.2510947732111912;0.9943900000000001
2022-09-06;92375;0.99066;0.99226;0.99863;0.9864;1.1074213999999998;-0.1167613999999998;61719.86;1.4966819432186826;-0.24971303139537104;0.9956450000000001
2022-09-07;83951;1.00063;0.99036;1.00108;0.98757;1.1068114;-0.10618140000000009;61838.833333333336;1.3575773583479598;1.0063997738881003;0.9956450000000001
2022-09-08;92217;0.99984;1.00074;1.00299;0.99308;1.1062071666666666;-0.10636716666666668;61982.416666666664;1.4877929090102455;-0.07895026133535321;1.0019500000000001
2022-09-09;82108;1.00406;0.99948;1.01133;0.99929;1.1056189333333335;-0.10155893333333355;62105.93;1.3220637707218423;0.4220675308049371;1.0019500000000001
2022-09-12;82761;1.01218;1.01042;1.01978;1.006;1.1050599;-0.09287990000000002;62197.253333333334;1.3306214593825585;0.8087166105611443;1.0065900000000003
2022-09-13;84739;0.99672;1.01223;1.01872;0.9967;1.1044554666666666;-0.10773546666666656;62297.89;1.3602226335432293;-1.5273963129087686;1.0023100000000003
2022-09-14;94218;0.99795;0.99697;1.00237;0.99556;1.1038505333333335;-0.10590053333333349;62465.63333333333;1.508317373446171;0.12340476763785801;0.9987950000000002
2022-09-15;74206;0.99964;0.99804;1.00179;0.99559;1.103259;-0.10361900000000002;62546.333333333336;1.1864164699234403;0.16934716168144348;0.9987950000000002
2022-09-16;81620;1.00142;0.99969;1.00366;0.99452;1.102673;-0.10125300000000004;62690.37666666666;1.3019542127489794;0.1780641030771024;1.0019550000000002
2022-09-19;62316;1.00249;1.00066;1.00292;0.99662;1.1020805333333332;-0.09959053333333312;62757.58666666667;0.9929636130047184;0.10684827544886755;1.0019550000000002
2022-09-20;77552;0.99697;1.00212;1.00506;0.99553;1.1014650000000001;-0.10449500000000012;62862.45;1.2336776565340306;-0.5506289339544668;0.99138
2022-09-21;96508;0.98369;0.99704;0.99757;0.98132;1.1007964;-0.11710639999999994;63013.556666666664;1.5315434504117769;-1.3320360692899547;0.98928
2022-09-22;112302;0.98341;0.98366;0.99074;0.98088;1.1001121333333335;-0.11670213333333346;63253.65666666667;1.7754230493232972;-0.028464251949289476;0.97782
2022-09-23;102752;0.96885;0.98293;0.98519;0.96682;1.0993851000000001;-0.13053510000000013;63450.653333333335;1.6194001889970107;-1.4805625324127325;0.9744400000000001
2022-09-26;144284;0.96086;0.96672;0.97099;0.9553;1.0986307333333334;-0.13777073333333334;63810.96;2.261116272188624;-0.8246890643546445;0.9601200000000003
2022-09-27;108749;0.95938;0.96094;0.96707;0.95693;1.0978736333333332;-0.1384936333333332;64048.17;1.6979251710077434;-0.15402868263847402;0.9601200000000003
2022-09-28;133998;0.97365;0.95931;0.9751;0.95362;1.0971734333333332;-0.12352343333333315;64362.29;2.081933380555278;1.4874189580770913;0.9774900000000002
2022-09-29;121735;0.98133;0.973;0.98152;0.96358;1.0965005666666667;-0.1151705666666667;64645.22666666667;1.8831243430808786;0.7887844708057257;0.9774900000000002
2022-09-30;122275;0.9801;0.98158;0.9854;0.9735;1.0958474333333335;-0.11574743333333348;64928.816666666666;1.8832162093407603;-0.12534009966067572;0.9812850000000001
2022-10-03;108221;0.98247;0.97756;0.98447;0.97528;1.0952102333333333;-0.11274023333333338;65167.17333333333;1.6606673953222983;0.24181205999387334;0.9812850000000001
2022-10-04;103369;0.99862;0.98226;0.99996;0.98062;1.0946322333333334;-0.09601223333333342;65404.87333333334;1.5804479808892558;1.6438160961657955;0.9936000000000001
2022-10-05;85985;0.98858;0.9983;0.99951;0.98348;1.0940143;-0.10543429999999998;65575.5;1.3112366661327308;-1.0053874346598213;0.9936000000000001
2022-10-06;96421;0.97911;0.98705;0.99265;0.97884;1.0933679333333333;-0.11425793333333323;65801.45;1.465332450880419;-0.9579396710433175;0.9765900000000002
2022-10-07;88083;0.97407;0.97895;0.98168;0.9726;1.0926831000000001;-0.11861310000000014;66001.67;1.3345571407509333;-0.5147531942274131;0.9765900000000002
2022-10-10;76695;0.97032;0.97285;0.97533;0.96816;1.0919922333333334;-0.12167223333333343;66158.66666666667;1.159258550151984;-0.38498259878654295;0.9704000000000002
2022-10-11;93300;0.97048;0.96931;0.97747;0.96706;1.0913244000000002;-0.12084440000000019;66337.18;1.4064511032875673;0.016489405556940895;0.9704000000000002
2022-10-12;90315;0.97024;0.97061;0.9735;0.9668;1.0906555;-0.12041550000000001;66507.92;1.3579585709489401;-0.024730030500375033;0.9739850000000001
2022-10-13;97231;0.97773;0.97023;0.9806;0.96316;1.0900223333333334;-0.11229233333333344;66674.81333333334;1.4582867973531446;0.7719739445910312;0.9739850000000001
2022-10-14;99732;0.97241;0.97703;0.98086;0.97072;1.0893637333333333;-0.11695373333333325;66887.32;1.4910449394591543;-0.5441174966503981;0.9780000000000002
2022-10-17;81992;0.9844;0.97218;0.98521;0.9717;1.0887297666666669;-0.10432976666666682;67046.53;1.2229119090874319;1.2330189940457315;0.9788100000000002
2022-10-18;86456;0.98601;0.98352;0.98758;0.98128;1.0880972666666666;-0.10208726666666657;67229.43333333333;1.2859843629995464;0.1635514018691664;0.9816100000000001
2022-10-19;81386;0.97721;0.98482;0.98726;0.97573;1.0874304000000001;-0.11022040000000011;67383.88;1.2077962859958187;-0.8924858774251865;0.9816100000000001
2022-10-20;91917;0.97877;0.97726;0.98455;0.97546;1.0867756666666666;-0.10800566666666656;67565.82666666666;1.3604066513306392;0.15963815351869304;0.9824400000000001
2022-10-21;111298;0.98611;0.97837;0.9869;0.9705;1.0861305333333333;-0.10002053333333327;67796.67666666667;1.6416438898207093;0.7499208189871043;0.9824400000000001
2022-10-24;112500;0.98731;0.9873;0.98994;0.98069;1.0854892666666667;-0.09817926666666665;68077.22666666667;1.652535003384149;0.12169027796087306;0.9920450000000001
2022-10-25;84841;0.99678;0.98734;0.99768;0.98486;1.0848756666666666;-0.08809566666666657;68212.45666666667;1.2437757580639484;0.959171891300592;0.9920450000000001
2022-10-26;92009;1.00833;0.9961;1.00886;0.99437;1.0842901333333332;-0.07596013333333329;68388.62;1.3453846561019445;1.1587311141876722;1.00274
2022-10-27;96715;0.99649;1.00783;1.00938;0.99576;1.0836533333333331;-0.08716333333333315;68604.44333333333;1.4097483384577556;-1.174218757747958;1.00208
2022-10-28;87479;0.99658;0.99642;0.99982;0.99268;1.0830158;-0.08643580000000006;68762.35333333333;1.2721932243348753;0.009031701271466908;0.9924150000000002
2022-10-31;71352;0.98825;0.99463;0.99658;0.98729;1.0823533;-0.09410330000000011;68923.99666666667;1.0352272568444543;-0.8358586365369569;0.9924150000000002
2022-11-01;81909;0.98739;0.98724;0.99536;0.9853;1.0816971666666668;-0.09430716666666683;69056.63666666667;1.1861133694558461;-0.08702251454590915;0.9844150000000002
2022-11-02;88357;0.98144;0.98749;0.99758;0.9813;1.0810300666666666;-0.09959006666666659;69201.81;1.2768018639973036;-0.6025987704959546;0.9844150000000002
2022-11-03;90768;0.97499;0.98144;0.98396;0.97302;1.0803387666666666;-0.1053487666666666;69347.76333333334;1.3088814352049554;-0.6571975872187719;0.9805800000000002
2022-11-04;102288;0.99581;0.9744;0.99665;0.97426;1.0797213333333333;-0.08391133333333334;69551.62333333334;1.4706773918095268;2.135406516989913;0.9902200000000001
2022-11-07;92601;1.0021;0.99047;1.0034;0.9901;1.0791247333333336;-0.0770247333333336;69727.29666666666;1.328045176377172;0.6316465992508569;1.00469
2022-11-08;81131;1.00728;1.00194;1.00965;0.99715;1.0785476666666667;-0.07126766666666673;69847.89;1.1615383084584;0.516914479592856;1.00469
2022-11-09;99500;1.00118;1.00707;1.00883;0.99929;1.0779463666666664;-0.07676636666666647;70034.51333333334;1.4207280848288295;-0.6055912953697118;1.0067700000000002
2022-11-10;108580;1.0208;1.00067;1.0222;0.99356;1.0774261666666667;-0.056626166666666755;70248.18666666666;1.5456626733328427;1.9596875686689774;1.01521
2022-11-11;113242;1.03528;1.02079;1.03642;1.01631;1.0769684333333334;-0.041688433333333386;70485.82;1.6065926451587558;1.4184952978056442;1.0339200000000002
2022-11-14;102085;1.03256;1.03341;1.03586;1.02714;1.0765013333333333;-0.04394133333333339;70679.86333333333;1.4443293349131485;-0.26273085542075636;1.0339200000000002
2022-11-15;118440;1.03467;1.03263;1.04815;1.02801;1.0760417;-0.04137170000000001;70928.77;1.6698442677066485;0.2043464786549931;1.037045
2022-11-16;104821;1.03942;1.03476;1.04386;1.03309;1.0756102333333333;-0.036190233333333266;71102.76666666666;1.4742183028037625;0.45908357254003107;1.037045
2022-11-17;92529;1.03648;1.03934;1.04067;1.03053;1.0751521666666666;-0.03867216666666651;71249.17;1.298667759918986;-0.28285005098996896;1.0343650000000002
2022-11-18;78526;1.03225;1.03591;1.03961;1.03137;1.0746861333333333;-0.0424361333333334;71381.19666666667;1.1000936334352431;-0.40811207162706475;1.0343650000000002
2022-11-21;80409;1.02406;1.03217;1.0333;1.02228;1.0742013333333331;-0.05014133333333315;71499.64666666667;1.124606956099486;-0.7934124485347471;1.0271500000000002
2022-11-22;70733;1.03024;1.02404;1.03082;1.02378;1.0737408666666668;-0.04350086666666675;71547.38333333333;0.9886175664936749;0.6034802648282378;1.0271500000000002
2022-11-23;78456;1.03945;1.03033;1.04052;1.02966;1.0733399333333333;-0.033889933333333344;71626.97;1.0953416010755312;0.8939664544183712;1.0402950000000002
2022-11-24;60721;1.04114;1.03951;1.04486;1.0382;1.0729514333333332;-0.03181143333333325;71642.81;0.8475519036731185;0.16258598297176352;1.0402950000000002
2022-11-25;68500;1.03935;1.04061;1.04293;1.03548;1.0725515333333333;-0.03320153333333331;71690.55333333333;0.9554954846211321;-0.17192692625390693;1.0366750000000002
2022-11-28;87050;1.034;1.03703;1.04967;1.03302;1.072125;-0.038124999999999964;71834.30333333333;1.211816582894234;-0.5147447924183313;1.0366750000000002
2022-11-29;85055;1.0329;1.03378;1.03944;1.03201;1.0717023;-0.03880230000000018;71978.75666666667;1.1816680912380517;-0.10638297872341829;1.0368700000000002
2022-11-30;93585;1.04084;1.03272;1.04288;1.02903;1.0713195999999998;-0.03047959999999983;72116.65;1.2976892298794667;0.7687094588053167;1.0368700000000002
2022-12-01;101667;1.05258;1.04044;1.05338;1.03934;1.0709771000000001;-0.018397100000000055;72318.14333333333;1.4058297864669456;1.1279351293186357;1.0533150000000002
2022-12-02;91488;1.05405;1.05152;1.0545;1.04284;1.0706323999999998;-0.016582399999999886;72476.01;1.2623211459900647;0.13965684318530958;1.0533150000000002
2022-12-05;87911;1.04932;1.05278;1.05949;1.04802;1.0702789666666666;-0.020958966666666523;72652.06333333334;1.2100275748074127;-0.44874531568710463;1.0480300000000002
2022-12-06;86527;1.04674;1.04865;1.0533;1.04594;1.0699247333333333;-0.023184733333333263;72796.54;1.1886141841355113;-0.24587351808790237;1.0480300000000002
2022-12-07;88489;1.0506;1.04629;1.05499;1.04432;1.0695613999999998;-0.018961399999999795;72936.34;1.2132360905412567;0.36876397195100274;1.0530500000000003
2022-12-08;78488;1.0555;1.05062;1.05649;1.04896;1.0692139666666667;-0.013713966666666577;73070.80333333333;1.0741362681062072;0.46640015229393317;1.0530500000000003
2022-12-09;80013;1.05349;1.05549;1.05884;1.05036;1.0688592;-0.01536919999999986;73199.29666666666;1.0930842732594892;-0.19043107531976355;1.05366
2022-12-12;70370;1.05383;1.05259;1.058;1.05062;1.0685016999999999;-0.014671699999999843;73290.25;0.9601550001533683;0.03227368081328841;1.05366
2022-12-13;86530;1.06324;1.05295;1.06733;1.0528;1.0681683;-0.004928299999999997;73436.05;1.1783041163023913;0.8929333953294094;1.0657
2022-12-14;91153;1.06816;1.06317;1.06952;1.0619;1.0678450666666666;0.00031493333333343365;73597.73666666666;1.2385299348651295;0.4627365411384199;1.0657
2022-12-15;87112;1.06263;1.0682;1.07366;1.05923;1.0675123;-0.004882300000000006;73747.84333333334;1.181214203190324;-0.5177127022168992;1.0605950000000002
2022-12-16;78003;1.05856;1.06233;1.06629;1.0585;1.0671594666666666;-0.008599466666666666;73856.57333333333;1.0561416063529272;-0.38301196088948997;1.0605950000000002
2022-12-19;66717;1.06073;1.05894;1.0658;1.05759;1.0668251;-0.00609510000000002;73939.50666666667;0.9023187063008667;0.20499546553809367;1.061525
2022-12-20;96053;1.06232;1.0605;1.06586;1.0579;1.0665007333333334;-0.004180733333333464;74132.88;1.2956868800994517;0.14989676920611483;1.061525
2022-12-21;70774;1.06038;1.0624;1.06452;1.05904;1.0661677333333333;-0.005787733333333156;74207.64;0.9537292925632788;-0.1826191731304938;1.0601050000000003
2022-12-22;71654;1.05983;1.06046;1.06594;1.05733;1.0658061333333335;-0.0059761333333334665;74252.01333333334;0.9650108701877221;-0.05186819819310573;1.0601050000000003
2022-12-23;67483;1.0616;1.05938;1.06331;1.05867;1.0654902333333334;-0.0038902333333332706;74294.30333333333;0.9083199784136557;0.16700791636394818;1.0627500000000003
2022-12-27;57406;1.0639;1.06354;1.06695;1.06115;1.0651677000000002;-0.0012677000000000938;74341.0;0.7721983831263002;0.21665410700828502;1.0627500000000003
2022-12-28;60214;1.06125;1.06395;1.06746;1.06068;1.0648454333333335;-0.003595433333333453;74395.11666666667;0.8093810816882726;-0.24908356048500835;1.0637300000000003
2022-12-29;57401;1.06621;1.06117;1.06905;1.06054;1.0645285666666666;0.0016814333333334819;74415.17333333334;0.7713615036932291;0.4673733804475999;1.0637300000000003
2022-12-30;67953;1.07007;1.06608;1.07132;1.06389;1.0642439666666668;0.005826033333333314;74481.94;0.9123419717584005;0.3620299940912286;1.068035
2023-01-02;17160;1.066;1.0695;1.07092;1.06508;1.0639414666666667;0.00205853333333339;74368.97;0.23074139657975218;-0.3803489491341683;1.068035
2023-01-03;87287;1.05488;1.0665;1.06836;1.05196;1.0635953;-0.008715299999999981;74523.74333333333;1.1712642990780382;-1.0431519699812375;1.0576450000000002
2023-01-04;86099;1.06041;1.05444;1.06353;1.05409;1.0632652;-0.0028551999999999467;74654.47333333333;1.153299945142673;0.524230244198387;1.0576450000000002
2023-01-05;80129;1.05217;1.0603;1.06314;1.05151;1.0629468666666666;-0.010776866666666551;74724.45666666667;1.0723262981681;-0.7770579304231418;1.0577600000000003
2023-01-06;78048;1.06437;1.05224;1.06481;1.04834;1.0626783333333334;0.0016916666666666469;74852.55666666667;1.042689835532978;1.1595084444528947;1.0587800000000003
2023-01-09;75294;1.07326;1.06399;1.07606;1.06371;1.0624412666666667;0.010818733333333386;74967.79;1.0043513354200513;0.8352358672266247;1.0733450000000002
2023-01-10;73564;1.07343;1.07278;1.07594;1.0712;1.0622303666666666;0.011199633333333514;75067.06333333334;0.979977059623755;0.015839591524891006;1.0733450000000002
2023-01-11;63082;1.07565;1.07329;1.07764;1.07254;1.0620427333333333;0.013607266666666673;75107.17;0.8398931819690664;0.20681367206059065;1.0803800000000001
2023-01-12;86971;1.08511;1.07574;1.08669;1.07275;1.0618867666666667;0.023223233333333315;75221.01333333334;1.1562061735938916;0.8794682285129918;1.0803800000000001
2023-01-13;75189;1.0833;1.08405;1.0868;1.07804;1.0617068;0.021593199999999868;75318.83666666667;0.9982761727023047;-0.16680336555742192;1.082765
2023-01-16;52423;1.08223;1.08286;1.08742;1.08016;1.0615535666666667;0.020676433333333355;75297.88;0.6962081800974083;-0.09877226991599208;1.082765
2023-01-17;76537;1.07883;1.08216;1.08694;1.07748;1.0614050666666666;0.017424933333333392;75364.96333333333;1.0155514792924756;-0.3141661199560275;1.0791350000000002
2023-01-18;93017;1.07944;1.07882;1.08876;1.07662;1.0612535333333335;0.018186466666666457;75484.16666666667;1.232271668451278;0.0565427361122639;1.0791350000000002
2023-01-19;73715;1.0831;1.07929;1.084;1.07825;1.0611303333333335;0.021969666666666443;75542.26666666666;0.9758113338756526;0.3390647002149194;1.0843600000000002
2023-01-20;60032;1.08562;1.08306;1.0859;1.08024;1.061012833333333;0.024607166666666958;75647.03333333334;0.793580360719042;0.23266549718401475;1.0843600000000002
2023-01-23;66997;1.08714;1.08681;1.09268;1.08462;1.0608670666666669;0.026272933333333137;75619.37333333334;0.8859766624177853;0.1400121589506531;1.0879800000000002
2023-01-24;59121;1.08882;1.0871;1.0898;1.08352;1.0607325333333333;0.028087466666666616;75628.47666666667;0.7817293512411817;0.15453391467519229;1.0879800000000002
2023-01-25;61066;1.09152;1.0885;1.09236;1.08572;1.0605913999999999;0.030928600000000195;75576.68666666666;0.8080004918623308;0.24797487187966372;1.0903200000000002
2023-01-26;60790;1.08912;1.09149;1.09296;1.08507;1.0604487666666667;0.028671233333333435;75560.96;0.8045159828566492;-0.21987686895338365;1.0903200000000002
2023-01-27;55319;1.08688;1.08923;1.09004;1.08379;1.0603045;0.026575500000000085;75636.58666666667;0.7313788529853368;-0.2056706331717395;1.086035
2023-01-30;60379;1.08519;1.08623;1.09138;1.08393;1.0601518;0.02503820000000001;75636.33333333333;0.7982803679006829;-0.15549094656263085;1.086035
2023-01-31;62433;1.08621;1.08464;1.0875;1.08022;1.0600107666666667;0.026199233333333183;75696.94666666667;0.8247756712687102;0.09399275702870469;1.0918
2023-02-01;67393;1.09901;1.08605;1.10006;1.08524;1.0599180000000001;0.039091999999999905;75767.81;0.8894674400644694;1.1784093315289068;1.09342
2023-02-02;81138;1.09108;1.09882;1.10329;1.08854;1.0597744;0.031305600000000045;75871.02333333333;1.0694201347926457;-0.721558493553287;1.0854900000000003
2023-02-03;74526;1.0794;1.09091;1.09401;1.07926;1.0596081333333334;0.019791866666666547;75978.04666666666;0.9808886022952533;-1.0704989551637012;1.0849900000000001
2023-02-06;65147;1.07257;1.07824;1.0799;1.07095;1.0594111;0.013158900000000084;76047.96;0.8566567729100351;-0.6327589401519229;1.0726750000000003
2023-02-07;78294;1.07278;1.07255;1.07664;1.06692;1.0592250666666667;0.013554933333333352;76185.70333333334;1.0276731272983333;0.019579141687731116;1.0726750000000003
2023-02-08;59117;1.07141;1.0723;1.07609;1.07094;1.0590437333333333;0.012366266666666625;76241.08666666667;0.7753955588075159;-0.12770558735250015;1.072635
2023-02-09;63139;1.07386;1.071;1.07907;1.07069;1.0588585333333334;0.015001466666666685;76282.98666666666;0.827694388473407;0.22867063029092805;1.072635
2023-02-10;66664;1.06772;1.07344;1.07528;1.06664;1.0586407333333334;0.009079266666666586;76332.64666666667;0.8733353671215287;-0.571769131916644;1.0701200000000002
2023-02-13;56882;1.07252;1.06807;1.073;1.06556;1.0584707000000002;0.01404929999999971;76372.65;0.7447954208737363;0.44955606338739074;1.0701200000000002
2023-02-14;82082;1.07359;1.07178;1.08041;1.07068;1.0582904;0.01529960000000008;76495.99;1.073023566333206;0.09976503934658876;1.07114
2023-02-15;68449;1.06869;1.07355;1.07445;1.06606;1.0580908;0.01059919999999992;76593.13;0.8936702286483273;-0.45641259698768755;1.07114
2023-02-16;72882;1.06728;1.06875;1.07226;1.06546;1.0578726666666667;0.009407333333333323;76709.97333333333;0.9500981011072855;-0.13193723156387227;1.068325
2023-02-17;66016;1.06937;1.06705;1.06984;1.06128;1.0576617666666668;0.011708233333333151;76814.92;0.8594163737981034;0.19582490068210667;1.068325
2023-02-20;41959;1.06848;1.06851;1.07047;1.06704;1.0574498333333333;0.011030166666666785;76858.43333333333;0.5459257778260882;-0.08322657265491529;1.0665450000000003
2023-02-21;67255;1.06461;1.06855;1.06983;1.06376;1.0572229;0.007387100000000091;76998.91666666667;0.8734538472942749;-0.36219676549865687;1.0665450000000003
2023-02-22;72358;1.06049;1.06421;1.06642;1.05992;1.0569883666666668;0.0035016333333330874;77148.97666666667;0.9378996731560529;-0.3869961770037955;1.05996
2023-02-23;65340;1.05943;1.06032;1.06278;1.05772;1.0567373666666666;0.0026926333333334718;77248.05;0.8458465941857631;-0.09995379494383005;1.05996
2023-02-24;72777;1.05458;1.05944;1.06143;1.05362;1.0564774;-0.001897399999999827;77377.89333333333;0.9405399509453855;-0.457793341702617;1.05773
2023-02-27;62245;1.06088;1.05429;1.06198;1.05329;1.0562187666666667;0.004661233333333348;77487.80666666667;0.8032876742498923;0.5973942232926799;1.05773
2023-02-28;62382;1.05755;1.06091;1.06453;1.05739;1.0559779666666667;0.0015720333333333336;77565.64666666667;0.8042477911397369;-0.31389035517683794;1.0622250000000002
2023-03-01;77342;1.0669;1.0575;1.06914;1.05653;1.0557718333333332;0.011128166666666717;77671.88333333333;0.9957528603764174;0.8841189541865635;1.0622250000000002
2023-03-02;71400;1.05971;1.06653;1.06729;1.05766;1.0555333;0.004176699999999922;77752.87666666666;0.9182939983827071;-0.6739150810760153;1.06156
2023-03-03;61668;1.06341;1.05954;1.06387;1.05884;1.0553118666666668;0.008098133333333202;77793.30333333333;0.7927160482664349;0.34915212652517624;1.06156
2023-03-06;58494;1.06828;1.06239;1.06944;1.06211;1.0550857;0.013194299999999881;77844.95666666667;0.7514166942177735;0.4579607112966677;1.06269
2023-03-07;73126;1.05493;1.06794;1.06947;1.05461;1.0548260333333332;0.0001039666666666772;77935.58333333333;0.9382877098286164;-1.2496723705395563;1.06052
2023-03-08;60466;1.05438;1.0549;1.05738;1.05243;1.0545510333333334;-0.00017103333333334803;77988.57666666666;0.7753186759444504;-0.05213616069310589;1.0563050000000003
2023-03-09;59065;1.05823;1.05439;1.05913;1.05375;1.0542646666666666;0.003965333333333376;78028.58666666667;0.7569661648789627;0.3651434966520428;1.0563050000000003
2023-03-10;94792;1.06395;1.05778;1.07006;1.0574;1.053993;0.009956999999999994;78189.02;1.212344137322451;0.5405252166353236;1.0685550000000001
2023-03-13;123346;1.07316;1.0681;1.07486;1.06504;1.0537647333333335;0.019395266666666355;78434.97333333333;1.5725893024249253;0.8656421824333904;1.0685550000000001
2023-03-14;96044;1.07332;1.07304;1.07496;1.06789;1.0535404;0.01977960000000012;78649.58333333333;1.2211634941908502;0.014909240001514945;1.0677300000000003
2023-03-15;103037;1.05758;1.07326;1.07599;1.05162;1.0532897333333333;0.004290266666666653;78800.86;1.3075618717865125;-1.4664778444452797;1.0631700000000002
2023-03-16;99399;1.06138;1.05769;1.06356;1.05511;1.0530469333333334;0.008333066666666555;78974.95666666667;1.25861417587762;0.359310879555208;1.0639250000000002
2023-03-17;76784;1.06647;1.06082;1.06854;1.06047;1.0528316333333334;0.013638366666666624;79069.12666666666;0.9710996344210323;0.479564340763905;1.0639250000000002
2023-03-20;82740;1.07237;1.06884;1.07308;1.06313;1.0526253;0.01974469999999995;79184.39333333333;1.0449028718536568;0.5532270012283513;1.074675
2023-03-21;58897;1.07698;1.07181;1.07884;1.0704;1.0524404666666667;0.024539533333333363;79203.64666666667;0.743614751071553;0.429888937586842;1.074675
2023-03-22;67622;1.08551;1.07662;1.09124;1.07591;1.0522916333333334;0.033218366666666554;79274.30666666667;0.8530128214722719;0.7920295641516084;1.0843900000000002
2023-03-23;74525;1.08327;1.08555;1.093;1.08243;1.0521553666666665;0.03111463333333342;79344.23;0.9392617459390634;-0.20635461672393607;1.0843900000000002
2023-03-24;77802;1.07587;1.08273;1.08387;1.07132;1.0520267333333333;0.023843266666666807;79404.19;0.979822349425014;-0.6831168591394432;1.0778700000000003
2023-03-27;57844;1.07987;1.0775;1.08;1.0745;1.0519100666666665;0.027959933333333575;79407.35666666667;0.7284463609940848;0.3717921310195438;1.0778700000000003
2023-03-28;52916;1.0846;1.0796;1.08486;1.07939;1.0517810666666667;0.0328189333333333;79405.25666666667;0.6664042435141049;0.4380156870734453;1.0845250000000002
2023-03-29;53939;1.08445;1.08424;1.08713;1.08178;1.0516379666666666;0.03281203333333327;79414.06666666667;0.6792121630843723;-0.013829983404023416;1.0845250000000002
2023-03-30;53925;1.09056;1.08433;1.09263;1.08236;1.0515050000000001;0.03905499999999984;79449.06;0.6787367905925283;0.5634192447784736;1.087355
2023-03-31;58264;1.08415;1.09056;1.09258;1.08369;1.0513058666666666;0.03284413333333336;79431.53;0.7335122463333221;-0.5877714201877993;1.087355
2023-04-03;60678;1.09027;1.08397;1.09168;1.07882;1.0511235666666667;0.03914643333333334;79422.44;0.7639906303557579;0.5644975326292601;1.0929300000000004
2023-04-04;57830;1.09559;1.08965;1.09733;1.08828;1.0509616666666666;0.04462833333333349;79438.17;0.7279875656752003;0.48795252552120694;1.0929300000000004
2023-04-05;54292;1.09073;1.09466;1.09696;1.08912;1.0507917666666666;0.03993823333333335;79465.25666666667;0.6832168204997073;-0.44359660091823905;1.09139
2023-04-06;46405;1.09205;1.09019;1.09376;1.08846;1.0506244333333334;0.041425566666666525;79480.72;0.5838522851830502;0.12101986742822923;1.09139
2023-04-07;18148;1.08986;1.092;1.09241;1.08767;1.0504479666666666;0.03941203333333343;79321.37666666666;0.22879078456065266;-0.20054026830272909;1.0879550000000002
2023-04-10;40572;1.08605;1.08974;1.09174;1.08313;1.0502859333333334;0.03576406666666654;79209.13;0.5122136804178367;-0.3495861853816118;1.0879550000000002
2023-04-11;48294;1.09131;1.08577;1.09281;1.08532;1.0501548333333335;0.04115516666666652;79127.54666666666;0.6103310671748435;0.48432392615440634;1.0952300000000001
2023-04-12;51185;1.09915;1.0909;1.10002;1.0909;1.0500327333333332;0.049117266666666826;79109.88666666667;0.6470114186317065;0.7184026536914523;1.0952300000000001
2023-04-13;50302;1.1047;1.09917;1.10677;1.09769;1.0499239666666667;0.05477603333333336;79106.80666666667;0.6358744856425794;0.5049356320793397;1.1020600000000003
2023-04-14;52522;1.09942;1.10462;1.10759;1.09724;1.0498014333333332;0.04961856666666686;79058.81666666667;0.6643408314779148;-0.4779578166017928;1.1020600000000003
2023-04-17;49987;1.09275;1.09887;1.09998;1.09092;1.0496696333333333;0.043080366666666814;79053.33666666667;0.6323199261122524;-0.6066835240399415;1.0950550000000001
2023-04-18;45953;1.09736;1.09216;1.0983;1.09215;1.0495574666666667;0.047802533333333175;79065.39333333333;0.5812024460089643;0.42187142530312194;1.0950550000000001
2023-04-19;49787;1.0956;1.09714;1.09841;1.09174;1.0494343666666666;0.046165633333333345;79001.25;0.630205218271783;-0.1603849238171584;1.09633
2023-04-20;49880;1.09706;1.09539;1.09898;1.09335;1.049323;0.04773699999999992;79010.61666666667;0.6313075647849902;0.1332603139831967;1.09633
2023-04-21;49021;1.09894;1.09654;1.09938;1.09381;1.0492552;0.049684800000000084;78772.86666666667;0.6223081890294768;0.17136710845351288;1.1017850000000002
2023-04-24;53892;1.10463;1.09912;1.10502;1.0966;1.0491800333333334;0.05544996666666657;78682.67;0.6849284601042791;0.5177716708828495;1.1017850000000002
2023-04-25;49876;1.09739;1.10452;1.10672;1.09642;1.0490983;0.04829170000000005;78515.93;0.6352341492993034;-0.6554230828422103;1.1006450000000003
2023-04-26;59637;1.1039;1.09715;1.10954;1.09664;1.0490701;0.0548299000000001;78436.01666666666;0.7603267291534531;0.5932257447215594;1.1006450000000003
2023-04-27;52602;1.10289;1.10399;1.10635;1.09922;1.0490398333333333;0.05385016666666664;78304.56666666667;0.6717615873402865;-0.09149379472780383;1.10227
2023-04-28;65235;1.10165;1.10264;1.10451;1.09625;1.0490233666666668;0.05262663333333317;78281.9;0.8333343978619793;-0.11243188350604782;1.10227
2023-05-01;46742;1.09764;1.10222;1.10356;1.09643;1.0490377000000002;0.048602299999999765;78140.4;0.5981796868200575;-0.3639994553624182;1.09878
2023-05-02;54988;1.09992;1.09718;1.1008;1.0942;1.049086;0.050834000000000046;77922.87666666666;0.7056720998021798;0.20771837761015544;1.09878
2023-05-03;57768;1.10623;1.09972;1.10912;1.09966;1.0491413;0.05708869999999999;77738.21666666666;0.7431094058627009;0.5736780856789636;1.1037250000000003
2023-05-04;68971;1.10122;1.10591;1.10917;1.09863;1.0491202333333334;0.052099766666666714;77684.38;0.8878361390023467;-0.4528895437657554;1.1037250000000003
2023-05-05;50962;1.10185;1.10075;1.10478;1.09668;1.0491301333333334;0.052719866666666615;77547.58666666667;0.6571706766201548;0.057209276983694046;1.1011250000000001
2023-05-08;41056;1.1004;1.10204;1.10537;1.10002;1.0491607;0.05123929999999999;77404.76666666666;0.5304066114790695;-0.1315968598266548;1.1011250000000001
2023-05-09;44390;1.09615;1.10038;1.1005;1.09412;1.0491677666666668;0.04698223333333318;77293.7;0.5743029509519438;-0.3862231915667147;1.0971950000000001
2023-05-10;49161;1.09824;1.096;1.1007;1.09415;1.0491771666666667;0.04906283333333339;77175.65333333334;0.6370014101164758;0.1906673356748767;1.0971950000000001
2023-05-11;53114;1.09157;1.09805;1.09981;1.09002;1.0491375666666667;0.04243243333333324;77049.19;0.6893518283578725;-0.6073353729603936;1.088265
2023-05-12;45625;1.08496;1.09154;1.09356;1.0848;1.0490570666666668;0.035902933333333165;76974.33;0.5927300698816615;-0.6055498044101659;1.088265
2023-05-15;39824;1.08745;1.08562;1.08909;1.08456;1.0489983333333333;0.03845166666666677;76884.50333333333;0.5179717403822923;0.22950154844418869;1.0868600000000002
2023-05-16;44777;1.08627;1.08735;1.09047;1.0855;1.0489469666666666;0.03732303333333342;76833.02666666667;0.5827832371390919;-0.10851073612579976;1.0868600000000002
2023-05-17;46651;1.08387;1.08605;1.08736;1.08102;1.0488850333333333;0.03498496666666662;76757.74666666667;0.6077692744497005;-0.2209395454168983;1.080435
2023-05-18;43909;1.077;1.08391;1.08481;1.07626;1.0488064666666668;0.028193533333333187;76704.94666666667;0.5724402650432403;-0.6338398516427146;1.080435
2023-05-19;51318;1.08059;1.0769;1.08288;1.07599;1.0487427666666667;0.03184723333333328;76663.72666666667;0.6693908870765388;0.33333333333334103;1.0809050000000002
2023-05-22;47118;1.08122;1.08044;1.08314;1.07955;1.0486857;0.032534300000000016;76602.66333333333;0.6150961069716573;0.05830148344887487;1.0809050000000002
2023-05-23;48830;1.07706;1.08108;1.08206;1.07603;1.0486137666666666;0.028446233333333293;76508.29666666666;0.6382314353793215;-0.3847505595531153;1.076
2023-05-24;53075;1.07494;1.07693;1.08012;1.07482;1.0485015;0.02643850000000003;76380.22;0.6948788573794766;-0.19683211705939785;1.076
2023-05-25;51572;1.07252;1.07489;1.07568;1.07073;1.0483572333333333;0.024162766666666613;76270.83;0.6761693821870464;-0.22512884440062386;1.0725150000000003
2023-05-26;48465;1.07251;1.07241;1.07588;1.07018;1.0482435333333335;0.024266466666666542;76168.74666666667;0.6362845933659445;-0.0009323835452823559;1.0725150000000003
2023-05-29;22816;1.0709;1.07158;1.07435;1.07056;1.0481302666666665;0.02276973333333343;76021.99666666667;0.300123661577033;-0.1501151504414988;1.0721500000000002
2023-05-30;50761;1.0734;1.0707;1.07466;1.06725;1.0480508666666666;0.02534913333333333;76014.88;0.6677771509998216;0.23344850126061356;1.0721500000000002
2023-05-31;54635;1.06883;1.07341;1.07358;1.06352;1.0479784;0.02085159999999986;76006.69333333333;0.7188182724959067;-0.4257499534190412;1.0725350000000002
2023-06-01;52382;1.07624;1.06897;1.07685;1.06618;1.0479337333333332;0.028306266666666913;75946.08333333333;0.6897261544098909;0.6932814385823827;1.0725350000000002
2023-06-02;46905;1.07073;1.07618;1.0779;1.07054;1.0478761333333333;0.022853866666666667;75878.30333333333;0.6181608963228947;-0.5119675908719312;1.0709750000000002
2023-06-05;42868;1.07122;1.07099;1.07223;1.06746;1.0478213666666667;0.023398633333333363;75826.39666666667;0.5653440211387382;0.0457631709207762;1.0709750000000002
2023-06-06;42505;1.06924;1.07118;1.07328;1.0667;1.0477576666666668;0.02148233333333316;75766.14;0.561002579780287;-0.1848359814043854;1.0695700000000001
2023-06-07;44014;1.0699;1.06923;1.07397;1.06683;1.0477153333333333;0.02218466666666674;75673.73;0.5816285255133345;0.061726085817981335;1.0695700000000001
2023-06-08;45014;1.07832;1.06974;1.07871;1.0693;1.0476791666666665;0.03064083333333345;75615.63333333333;0.5953001782258526;0.7869894382652509;1.076615
2023-06-09;40632;1.07491;1.07805;1.07852;1.0743;1.0476524333333332;0.027257566666666788;75498.63666666667;0.5381819035936846;-0.3162326582090591;1.076615
2023-06-12;39650;1.07578;1.07462;1.07901;1.07331;1.0476353666666667;0.02814463333333328;75504.87333333334;0.5251316669978487;0.08093700867979337;1.0775400000000002
2023-06-13;49993;1.0793;1.07545;1.08236;1.07529;1.0476394;0.03166059999999993;75523.27;0.6619549180006822;0.327204447005891;1.0775400000000002
2023-06-14;50573;1.0831;1.07934;1.08641;1.07741;1.0476534;0.035446599999999995;75480.85666666667;0.6700109436135612;0.35208005188547276;1.0886900000000002
2023-06-15;52075;1.09456;1.08258;1.09527;1.08038;1.0476838333333331;0.04687616666666683;75406.19;0.6905931727885084;1.0580740467177607;1.0889700000000002
2023-06-16;47927;1.09421;1.09444;1.09708;1.09182;1.0477205000000003;0.04648949999999963;75318.3;0.6363260987036834;-0.031976319251580954;1.09318
2023-06-19;34876;1.09215;1.09399;1.09462;1.09072;1.0477620333333333;0.04438796666666667;75186.77;0.4638582027129954;-0.18826367881850103;1.09318
2023-06-20;49312;1.0918;1.09198;1.09462;1.08922;1.0478308;0.04396920000000004;75045.55333333333;0.6570942289007055;-0.032046880007308154;1.0952100000000002
2023-06-21;52768;1.09862;1.09128;1.09908;1.09058;1.0479470999999998;0.05067290000000013;74967.40666666666;0.7038792236020565;0.6246565305000784;1.0952100000000002
2023-06-22;51164;1.09559;1.09861;1.10123;1.09486;1.0480795333333333;0.047510466666666806;74853.83;0.6835187992383712;-0.27580054978062485;1.0925650000000002
2023-06-23;54169;1.08954;1.09556;1.09587;1.08446;1.0482119;0.04132809999999987;74709.67666666667;0.7250600245759251;-0.552213875628671;1.0925650000000002
2023-06-26;43968;1.09053;1.0905;1.09202;1.08876;1.0483327666666669;0.04219723333333314;74581.0;0.5895335273058032;0.09086403436313617;1.0933100000000002
2023-06-27;50318;1.09609;1.09057;1.09768;1.09022;1.0484839333333333;0.04760606666666667;74514.37;0.6752791441435155;0.509843837400159;1.0933100000000002
2023-06-28;50058;1.0913;1.09601;1.09626;1.0897;1.0486151666666665;0.042684833333333394;74449.73333333334;0.6723731269240267;-0.43700790993440597;1.0888600000000002
2023-06-29;52523;1.08642;1.09128;1.09413;1.08602;1.0486967999999999;0.03772320000000007;74365.25333333333;0.7062841534952472;-0.44717309630715185;1.0888600000000002
2023-06-30;51728;1.09098;1.08651;1.09318;1.08354;1.0488203333333332;0.04215966666666682;74213.66333333333;0.6970145075261258;0.41972717733473885;1.0911850000000003
2023-07-03;43504;1.09139;1.09105;1.09337;1.08703;1.0489434333333334;0.042446566666666685;73986.98666666666;0.5879952943075322;0.03758089057543934;1.0911850000000003
2023-07-04;28410;1.08793;1.09105;1.09164;1.08768;1.0490504666666667;0.03887953333333338;73777.64;0.3850760203226364;-0.31702691063689725;1.0866650000000002
2023-07-05;45097;1.0854;1.08791;1.0908;1.0851;1.0491584999999999;0.03624150000000004;73609.45666666667;0.6126522602144898;-0.23255172667360213;1.0866650000000002
2023-07-06;58240;1.08922;1.08536;1.09006;1.08334;1.0492846333333334;0.03993536666666664;73487.56;0.7925150869071184;0.3519439837847971;1.0930150000000003
2023-07-07;53812;1.09681;1.08835;1.09733;1.08671;1.0494808333333332;0.047329166666666866;73326.50333333333;0.733868349829391;0.6968289234497993;1.0930150000000003
2023-07-10;47844;1.10011;1.09571;1.10013;1.09436;1.0496787333333333;0.05043126666666664;73227.25;0.6533633312734463;0.30087253033797;1.1004850000000002
2023-07-11;46977;1.10086;1.10008;1.10271;1.09769;1.0498702;0.050989799999999974;73172.35333333333;0.642004771747493;0.0681750006817472;1.1004850000000002
2023-07-12;58234;1.11315;1.10072;1.11403;1.10013;1.0500638666666666;0.06308613333333346;73104.82;0.7965822226221476;1.116399905528409;1.1178900000000003
2023-07-13;56538;1.12263;1.11244;1.12279;1.11244;1.0503190333333334;0.07231096666666659;73056.90333333334;0.773889905270539;0.8516372456542243;1.1178900000000003
2023-07-14;56321;1.12253;1.12259;1.12448;1.12042;1.050533;0.07199700000000009;72918.05333333333;0.7723875971089046;-0.008907654347378724;1.12317
2023-07-17;44953;1.12381;1.12277;1.12489;1.12033;1.0507583333333335;0.07305166666666651;72819.15666666666;0.6173238205128966;0.11402813287839653;1.12317
2023-07-18;59813;1.12279;1.12304;1.12757;1.12089;1.0509369333333334;0.07185306666666658;72780.22666666667;0.8218303616164214;-0.09076267340565325;1.1215250000000003
2023-07-19;58959;1.12026;1.12281;1.12401;1.11744;1.0510925;0.06916750000000005;72725.97333333333;0.8107007345196787;-0.22533154018115065;1.1215250000000003
2023-07-20;55572;1.11296;1.11979;1.12292;1.11185;1.0512428333333335;0.06171716666666649;72656.21;0.7648623565692781;-0.651634442004545;1.1127500000000001
2023-07-21;51160;1.11254;1.1129;1.11449;1.11078;1.0513749;0.061165100000000194;72604.35;0.7046409753684587;-0.03773720529038904;1.1127500000000001
2023-07-24;56031;1.10648;1.1123;1.11469;1.10603;1.0514861;0.05499389999999993;72572.75333333333;0.7720666148993514;-0.5446995164218982;1.1060150000000002
2023-07-25;48107;1.10555;1.10637;1.1087;1.10208;1.0515780000000001;0.05397199999999991;72569.04333333333;0.6629135205630615;-0.08405032174100269;1.1060150000000002
2023-07-26;59833;1.10858;1.10491;1.11068;1.10377;1.0516958;0.05688419999999983;72485.70333333334;0.8254455326844693;0.2740717290036443;1.1031300000000002
2023-07-27;72036;1.09768;1.1085;1.11498;1.09659;1.0518038333333335;0.045876166666666496;72479.40666666666;0.9938823082711503;-0.9832398203106552;1.1031300000000002
2023-07-28;74603;1.10162;1.09763;1.10474;1.09435;1.0518938333333332;0.04972616666666685;72513.51333333334;1.0288151348708114;0.35893885285329663;1.1006550000000002
2023-07-31;57798;1.09969;1.10194;1.10458;1.09936;1.0519865333333334;0.047703466666666694;72505.97333333333;0.7971481154287247;-0.17519652874856684;1.1006550000000002
2023-08-01;52987;1.09841;1.09965;1.1003;1.09524;1.0520826333333333;0.046327366666666814;72484.48666666666;0.7310115920895353;-0.11639643899643559;1.0961250000000002
2023-08-02;66419;1.09384;1.09841;1.10191;1.09181;1.0521604666666666;0.041679533333333296;72461.41666666667;0.9166119440574582;-0.41605593539754127;1.0961250000000002
2023-08-03;65285;1.09492;1.09376;1.09629;1.09123;1.0522381;0.04268189999999983;72445.43333333333;0.9011610117590709;0.09873473268484645;1.097955
2023-08-04;62219;1.10099;1.09485;1.10419;1.0935;1.0523687333333334;0.04862126666666655;72377.19333333333;0.8596492504681919;0.5543784020750397;1.097955
2023-08-07;46390;1.10032;1.101;1.10167;1.09654;1.0525301333333335;0.047789866666666514;72236.34333333334;0.6421975124893538;-0.06085432201926588;1.0979800000000002
2023-08-08;53771;1.09564;1.10024;1.10112;1.09291;1.0527129333333334;0.04292706666666657;72064.99;0.7461459440984108;-0.42533081285444085;1.0979800000000002
2023-08-09;48720;1.09737;1.09547;1.09954;1.09497;1.0528983333333333;0.04447166666666669;71878.28666666667;0.6778124835658746;0.15789857982548838;1.097725
2023-08-10;58911;1.09808;1.09735;1.1065;1.09674;1.0530762;0.04500379999999993;71657.99666666667;0.8221134100919619;0.06470014671442481;1.097725
2023-08-11;51851;1.09466;1.09799;1.1005;1.09431;1.0532082333333332;0.04145176666666672;71414.91333333333;0.7260528309818866;-0.3114527174704951;1.09266
2023-08-14;57335;1.09066;1.09484;1.09602;1.08748;1.0533453333333334;0.03731466666666661;71233.38666666667;0.8048894301247872;-0.3654102643743218;1.09266
2023-08-15;62905;1.09049;1.09048;1.09524;1.08967;1.0534766666666666;0.03701333333333334;71205.05;0.8834345316798621;-0.015586892340413439;1.0892150000000003
2023-08-16;61212;1.08794;1.09029;1.09346;1.08716;1.0535915666666666;0.03434843333333326;71155.67;0.8602547063360011;-0.23383983346936255;1.0892150000000003
2023-08-17;60788;1.08727;1.08777;1.09184;1.08564;1.0536928666666667;0.03357713333333323;71047.93;0.8555914296164779;-0.061584278544768445;1.0870750000000002
2023-08-18;54949;1.08688;1.08712;1.08938;1.0845;1.0538087666666667;0.033071233333333394;70875.89;0.7752847971290695;-0.035869655191433925;1.0870750000000002
2023-08-21;51179;1.08955;1.08653;1.09137;1.08634;1.0539221333333333;0.03562786666666673;70780.83;0.7230630101397902;0.2456572942735047;1.0870700000000002
2023-08-22;50465;1.08459;1.08951;1.09304;1.0833;1.0540101333333334;0.030579866666666566;70680.0;0.7139926428974656;-0.45523381212427827;1.0870700000000002
2023-08-23;55173;1.08636;1.08451;1.08714;1.08026;1.0541244333333333;0.032235566666666715;70578.38333333333;0.7817266051478773;0.16319530882638045;1.0837050000000001
2023-08-24;51888;1.08105;1.08626;1.08766;1.08051;1.0542475;0.026802500000000062;70452.86333333333;0.7364924226641459;-0.4887882469899463;1.0837050000000001
2023-08-25;56797;1.07941;1.08095;1.08418;1.07658;1.0543510333333332;0.025058966666666738;70337.08666666667;0.8074971923298111;-0.15170436150040434;1.080665
2023-08-28;44835;1.08192;1.07948;1.08221;1.07934;1.0544825666666666;0.027437433333333372;70178.25;0.638873155144131;0.2325344401107987;1.080665
2023-08-29;53548;1.08791;1.08187;1.0892;1.07824;1.0546347;0.0332752999999999;70162.92666666667;0.7631950738655862;0.5536453711919576;1.090115
2023-08-30;55379;1.09232;1.08791;1.09454;1.08551;1.0548544;0.03746559999999999;70046.65333333334;0.7906016542497499;0.40536441433574044;1.090115
2023-08-31;52289;1.08438;1.09226;1.09395;1.08351;1.0550752333333335;0.02930476666666637;69890.23;0.7481589343745545;-0.7268932181045851;1.0808650000000002
2023-09-01;54514;1.07735;1.08428;1.0882;1.07722;1.0552792666666666;0.022070733333333425;69796.63666666667;0.7810404999934168;-0.6482967225511227;1.0808650000000002
2023-09-04;28647;1.07965;1.0775;1.08089;1.07654;1.0554829666666665;0.024167033333333476;69594.22666666667;0.4116289722882552;0.21348679630575074;1.075925
2023-09-05;49660;1.0722;1.07911;1.07984;1.07064;1.0557100666666666;0.016489933333333484;69475.56666666667;0.7147836625536871;-0.6900384383828007;1.075925
2023-09-06;51297;1.0726;1.07221;1.07489;1.07024;1.0559400666666667;0.016659933333333266;69323.86666666667;0.7399616101428166;0.037306472673015456;1.07109
2023-09-07;45189;1.06958;1.07263;1.07318;1.06862;1.0561528;0.013427199999999972;69126.43;0.6537152287481571;-0.2815588290136173;1.07109
2023-09-08;46031;1.07005;1.06966;1.07437;1.06941;1.0563793666666665;0.013670633333333404;68923.07333333333;0.6678605258557341;0.04394248209578233;1.0725300000000002
2023-09-11;50718;1.07501;1.07135;1.07594;1.07081;1.0566002333333333;0.018409766666666716;68808.68666666666;0.7370871681607347;0.46352974160086546;1.0725300000000002
2023-09-12;43844;1.07548;1.07499;1.07685;1.07056;1.0568038666666668;0.018676133333333178;68702.41333333333;0.6381726328487096;0.04372052353001088;1.07421
2023-09-13;52675;1.07294;1.07539;1.07649;1.07112;1.0569727;0.015967300000000018;68601.24666666667;0.7678431888554452;-0.23617361550191118;1.07421
2023-09-14;55918;1.06443;1.07291;1.0752;1.06319;1.0571268333333335;0.007303166666666527;68534.52666666667;0.8159099175217451;-0.793147799504168;1.0652700000000002
2023-09-15;48063;1.06611;1.06423;1.06877;1.06329;1.0572712333333332;0.00883876666666672;68394.06666666667;0.7027363972117412;0.1578309517769938;1.0652700000000002
2023-09-18;38563;1.06923;1.06566;1.06986;1.06548;1.0574305666666668;0.01179943333333311;68244.77;0.5650689422793036;0.2926527281424951;1.06858
2023-09-19;40400;1.06793;1.06912;1.07179;1.06752;1.0575842333333332;0.010345766666666867;68116.43666666666;0.5931020760480289;-0.12158282128259534;1.06858
2023-09-20;49535;1.06605;1.06776;1.07368;1.06502;1.0577651666666665;0.008284833333333408;68042.0;0.7280062314451768;-0.17604150084744585;1.066085
2023-09-21;54344;1.06612;1.066;1.06736;1.06167;1.0579192666666668;0.008200733333333154;67963.34666666666;0.7996074746955566;0.006566296139953742;1.066085
2023-09-22;48527;1.06459;1.06585;1.06718;1.06149;1.058069;0.006520999999999999;67813.09333333334;0.7155992687350178;-0.14351104941282555;1.0619
2023-09-25;44348;1.05921;1.0643;1.06557;1.05755;1.0581908666666668;0.0010191333333331443;67666.04;0.6553952322316106;-0.5053588705510981;1.0619
2023-09-26;45644;1.05719;1.05931;1.0609;1.05622;1.0582946666666666;-0.0011046666666665317;67550.46333333333;0.675702249069102;-0.19070816929597223;1.0537500000000002
2023-09-27;55844;1.05031;1.05717;1.05741;1.04881;1.0584070333333333;-0.008097033333333226;67408.22666666667;0.8284448762632491;-0.6507817894607415;1.0537500000000002
2023-09-28;55929;1.05661;1.05009;1.05788;1.04912;1.0585395;-0.0019294999999999174;67308.16;0.830939369015461;0.5998229094267282;1.0569650000000002
2023-09-29;54700;1.05732;1.05645;1.0617;1.0555;1.0586487666666666;-0.001328766666666592;67227.83333333333;0.8136510919335276;0.06719603259479623;1.0569650000000002
2023-10-02;50921;1.04775;1.05654;1.05919;1.04775;1.0587485666666667;-0.010998566666666765;67146.25666666667;0.7583594756857245;-0.905118601747823;1.0471850000000003
2023-10-03;57593;1.04662;1.04772;1.04936;1.04483;1.0588393999999999;-0.01221939999999977;67123.09333333334;0.8580206474392432;-0.10785015509423568;1.0471850000000003
2023-10-04;56660;1.05039;1.04666;1.05322;1.04514;1.0589362999999998;-0.008546299999999896;67132.15666666666;0.8440068487792993;0.3602071429936293;1.05274
2023-10-05;54474;1.05509;1.05035;1.05518;1.05001;1.0590206666666666;-0.003930666666666527;67070.82333333333;0.8121862427312564;0.4474528508458864;1.05274
2023-10-06;60395;1.05845;1.05418;1.05999;1.04826;1.0591089333333332;-0.0006589333333333336;67020.74666666667;0.9011388712270039;0.3184562454387585;1.0575500000000002
2023-10-09;52212;1.05665;1.05508;1.05744;1.05194;1.0592114666666665;-0.0025614666666664565;66980.99666666667;0.779504674435155;-0.17005999338653988;1.0575500000000002
2023-10-10;59629;1.0605;1.05658;1.06198;1.05544;1.0593600666666667;0.0011399333333332873;66978.34;0.8902728852341085;0.36435905929115275;1.061205
2023-10-11;55933;1.06191;1.06047;1.06347;1.05818;1.0595096;0.0024003999999999692;66937.82;0.8355963788481854;0.13295615275812356;1.061205
2023-10-12;52795;1.05282;1.06194;1.06399;1.05258;1.0596265333333332;-0.006806533333333142;66846.55666666667;0.7897938597384563;-0.8560047461649178;1.0518550000000002
2023-10-13;55717;1.05089;1.05277;1.05586;1.04955;1.0597672999999999;-0.008877299999999755;66783.34333333334;0.8342948588526539;-0.18331718622366378;1.0518550000000002
2023-10-16;46696;1.05594;1.05054;1.05627;1.05031;1.0599401;-0.00400009999999984;66715.15333333334;0.6999309402270679;0.4805450618047491;1.05678
2023-10-17;50090;1.05762;1.05599;1.05949;1.05329;1.0601514333333333;-0.0025314333333332772;66643.35;0.7516128766034793;0.1590999488607192;1.05678
2023-10-18;53684;1.05364;1.05766;1.05942;1.05232;1.060341;-0.006701000000000068;66542.04666666666;0.8067680915934948;-0.3763166354645464;1.0559250000000002
2023-10-19;62577;1.05821;1.05357;1.06167;1.05282;1.0605457333333335;-0.0023357333333333674;66511.55;0.9408441090305457;0.4337344823659217;1.0559250000000002
2023-10-20;50587;1.05948;1.05819;1.06038;1.0565;1.0607526;-0.0012726000000000681;66435.81333333334;0.7614417203892496;0.12001398588181722;1.06316
2023-10-23;47296;1.06684;1.05944;1.06778;1.05715;1.0609870666666665;0.0058529333333334765;66331.33333333333;0.7130265234126588;0.6946804092573755;1.06316
2023-10-24;50793;1.05909;1.06656;1.06942;1.0583;1.0611848;-0.0020947999999998412;66228.20666666667;0.7669390816459624;-0.7264444527764202;1.0578500000000002
2023-10-25;46459;1.05661;1.05894;1.06067;1.05657;1.0613684333333333;-0.004758433333333256;66088.58;0.7029807570384017;-0.2341632911272873;1.0578500000000002
2023-10-26;53164;1.05629;1.05662;1.05692;1.05222;1.0615386;-0.005248600000000048;65984.60666666667;0.8057030675133009;-0.03028553581738702;1.05644
2023-10-27;46060;1.05659;1.0562;1.0597;1.05354;1.0617455666666666;-0.005155566666666722;65855.81333333334;0.6994067443500762;0.02840129131205238;1.05644
2023-10-30;42799;1.06154;1.05642;1.06252;1.05471;1.0619652333333334;-0.00042523333333344127;65724.13;0.6511915791048658;0.4684882499361054;1.0595500000000002
2023-10-31;53520;1.05756;1.06143;1.0675;1.05575;1.0621799666666667;-0.004619966666666642;65688.06;0.8147599426743894;-0.37492699285941455;1.0595500000000002
2023-11-01;55675;1.057;1.05723;1.05808;1.05168;1.0624011000000002;-0.00540110000000027;65565.72666666667;0.8491479135591803;-0.052952078369084;1.0596200000000002
2023-11-02;51960;1.06224;1.05696;1.06677;1.05618;1.0626064666666668;-0.00036646666666673156;65459.09;0.7937782208703492;0.49574266792811184;1.0596200000000002
2023-11-03;52099;1.07266;1.06203;1.07468;1.06126;1.0628492;0.009810799999999897;65325.363333333335;0.797530964108816;0.9809459255911923;1.07219
2023-11-06;40730;1.07172;1.07234;1.07564;1.07164;1.0630747333333332;0.008645266666666762;65187.43666666667;0.6248136463512896;-0.0876326142486894;1.07219
2023-11-07;45790;1.06996;1.07172;1.07224;1.06643;1.0632673333333331;0.006692666666666902;65064.2;0.7037664337683852;-0.16422199828313166;1.0704200000000001
2023-11-08;44475;1.07088;1.06992;1.07162;1.06594;1.0635145333333333;0.007365466666666709;64929.986666666664;0.6849685681950931;0.08598452278589797;1.0704200000000001
2023-11-09;51102;1.06683;1.07071;1.07254;1.06602;1.0637441333333333;0.003085866666666659;64786.26666666667;0.788778280170367;-0.37819363514119964;1.067645
2023-11-10;43503;1.06846;1.06661;1.06928;1.06563;1.0639735333333333;0.004486466666666633;64683.92333333333;0.6725473310549027;0.15278910416842706;1.067645
2023-11-13;37302;1.06988;1.06828;1.07061;1.06651;1.0642017333333333;0.005678266666666598;64536.19666666666;0.5780012136857289;0.13290155925349545;1.0754700000000001
2023-11-14;49009;1.08787;1.06981;1.08874;1.06916;1.0644863333333334;0.02338366666666647;64491.84;0.7599255967885612;1.6814969903166554;1.08228
2023-11-15;50208;1.0847;1.08774;1.08857;1.08315;1.0647787666666666;0.0199212333333334;64400.693333333336;0.7796189357794523;-0.2913951115482427;1.0849950000000004
2023-11-16;46553;1.08529;1.0847;1.08956;1.083;1.0651174333333333;0.02017256666666678;64234.176666666666;0.7247387981879546;0.05439291970130711;1.0849950000000004
2023-11-17;47917;1.09136;1.08515;1.09142;1.08248;1.0654772666666665;0.025882733333333574;64019.56;0.7484743725197818;0.5592975149499191;1.0927050000000003
2023-11-20;46491;1.09405;1.09089;1.09519;1.08976;1.0658946;0.02815539999999994;63832.02333333333;0.7283334848593924;0.24648145433219248;1.0927050000000003
2023-11-21;49300;1.09109;1.09387;1.09653;1.09002;1.0663287;0.024761299999999986;63515.41;0.7761895892664825;-0.2705543622320783;1.0899750000000001
2023-11-22;49721;1.08886;1.09099;1.0923;1.08525;1.0667603;0.022099699999999833;63318.65;0.7852504751758312;-0.20438277319010378;1.0899750000000001
2023-11-23;29940;1.09045;1.08884;1.09305;1.08818;1.0671496333333335;0.02330036666666646;62971.79;0.4754509916264925;0.1460242822768798;1.0920900000000002
2023-11-24;36529;1.09373;1.08997;1.09488;1.08951;1.0675243;0.0262057;62687.77;0.5827133426503156;0.3007932504929256;1.0920900000000002
2023-11-27;43249;1.09539;1.09433;1.09592;1.09251;1.0679086;0.0274814000000001;62424.35;0.6928225924658098;0.1517742038711578;1.0974400000000002
2023-11-28;51353;1.09949;1.09528;1.10088;1.09345;1.0682986666666667;0.03119133333333335;62234.79;0.825149405983241;0.3742959128712142;1.0974400000000002
2023-11-29;55204;1.09691;1.09925;1.10172;1.096;1.0686263;0.028283700000000023;62074.24;0.8893222051529123;-0.23465424878807983;1.0928900000000001
2023-11-30;58569;1.08887;1.09691;1.0984;1.08794;1.0689606;0.019909399999999966;61982.85333333333;0.9449226173086345;-0.732968064836681;1.0928900000000001
2023-12-01;60051;1.0884;1.08873;1.09128;1.08286;1.0693249;0.01907510000000001;61861.62;0.9707311253728934;-0.043164014069629886;1.0860100000000001
2023-12-04;59531;1.08362;1.0877;1.0895;1.08041;1.0696900666666667;0.013929933333333366;61766.44666666666;0.963808074005936;-0.43917677324513127;1.0860100000000001
2023-12-05;59171;1.07977;1.08354;1.08476;1.07781;1.0700549000000001;0.009715099999999754;61708.03333333333;0.958886498300174;-0.3552906000258482;1.078095
2023-12-06;49937;1.07642;1.07955;1.08045;1.07587;1.0704080333333332;0.0060119666666667015;61563.49;0.8111463466413599;-0.3102512572121796;1.078095
2023-12-07;59378;1.07932;1.0762;1.0818;1.07553;1.0707716333333333;0.008548366666666807;61460.36666666667;0.9661185446879914;0.2694115679753306;1.0777450000000002
2023-12-08;62440;1.07617;1.07933;1.08008;1.07234;1.0710997666666666;0.0050702333333334515;61344.39666666667;1.0178598762536772;-0.29185042434125563;1.0777450000000002
2023-12-11;44290;1.07646;1.07575;1.07789;1.07416;1.0714466;0.005013399999999946;61159.59;0.7241709762932153;0.02694741537117018;1.0779550000000002
2023-12-12;48712;1.07945;1.07636;1.0827;1.07552;1.0717634333333332;0.007686566666666783;61048.65666666667;0.7979209152130187;0.2777622949296843;1.0779550000000002
2023-12-13;55179;1.08753;1.07936;1.08965;1.0773;1.0721018333333334;0.015428166666666687;60944.4;0.9053990194339586;0.7485293436472418;1.0931200000000005
2023-12-14;74870;1.09919;1.08723;1.10092;1.0868;1.0725084333333332;0.026681566666666656;60922.68;1.2289347743728234;1.0721543313747528;1.0936000000000001
2023-12-15;63066;1.08939;1.09889;1.10036;1.08886;1.0728771666666668;0.01651283333333331;60826.51;1.036817663876978;-0.8915656074018008;1.0909000000000002
2023-12-18;46386;1.09241;1.08963;1.09311;1.08922;1.0732315;0.01917850000000021;60610.136666666665;0.7653175285694899;0.27721936129394553;1.0909000000000002
2023-12-19;53418;1.09808;1.092;1.09875;1.09108;1.0736007333333333;0.024479266666666666;60413.19666666666;0.8842107841888932;0.5190358931170369;1.0961900000000002
2023-12-20;50002;1.0943;1.09805;1.09834;1.09298;1.0739258;0.02037420000000001;60297.066666666666;0.8292609037917551;-0.3442372140463279;1.0961900000000002
2023-12-21;55984;1.10109;1.09371;1.10126;1.09348;1.074235;0.02685499999999985;60176.98333333333;0.9303224737917355;0.6204879831855914;1.10123
2023-12-22;53041;1.10137;1.10109;1.10402;1.09811;1.0745846000000001;0.026785399999999848;60031.403333333335;0.8835542242028408;0.025429347283156822;1.10123
2023-12-26;27362;1.10423;1.10017;1.1045;1.10017;1.0749434333333332;0.029286566666666847;59831.013333333336;0.4573213535187007;0.259676584617341;1.1074150000000003
2023-12-27;38494;1.1106;1.1041;1.11226;1.10286;1.0753512666666665;0.03524873333333356;59721.486666666664;0.6445586362383515;0.5768725718373835;1.1074150000000003
2023-12-28;46595;1.10624;1.11045;1.11394;1.10552;1.0757474333333332;0.030492566666666665;59603.77333333333;0.7817458089341132;-0.39258058707006827;1.10498
2023-12-29;46453;1.10372;1.10605;1.10844;1.10342;1.0761550333333334;0.027564966666666635;59464.09333333333;0.7811941189381995;-0.22779866936648574;1.10498
2024-01-02;51185;1.09414;1.10435;1.10446;1.09383;1.0765522;0.01758779999999982;59332.15;0.8626857445750975;-0.8679737614612493;1.0931700000000002
2024-01-03;59091;1.0922;1.09421;1.09654;1.08931;1.0768735;0.01532650000000002;59188.16;0.99835845547471;-0.17730820553126803;1.0931700000000002
2024-01-04;53045;1.09459;1.09203;1.09723;1.0907;1.0771818;0.017408199999999985;59056.306666666664;0.8982105890805965;0.21882439113714014;1.09437
2024-01-05;63988;1.09415;1.09441;1.09984;1.08769;1.0774713666666667;0.016678633333333304;58999.16333333333;1.0845577527679489;-0.04019769959527908;1.09437
2024-01-08;50507;1.09504;1.09326;1.09789;1.09227;1.0777842333333334;0.017255766666666617;58835.85333333333;0.8584391512747344;0.08134168075675241;1.0940800000000002
2024-01-09;53646;1.09312;1.09501;1.09664;1.09103;1.0780253000000002;0.015094699999999905;58652.74;0.9146375770337559;-0.17533606078316;1.0940800000000002
2024-01-10;45594;1.09728;1.0931;1.09732;1.0923;1.0782319666666667;0.01904803333333338;58427.246666666666;0.7803551014496809;0.38056206088992184;1.097315
2024-01-11;62606;1.09735;1.09721;1.09976;1.09304;1.0784479333333332;0.018902066666666828;58295.65;1.0739394791890864;0.006379410906975913;1.097315
2024-01-12;54496;1.09504;1.09721;1.0987;1.09361;1.0786491666666669;0.016390833333333132;58082.503333333334;0.9382515709978976;-0.21050713081515182;1.0950400000000002
2024-01-15;33464;1.09504;1.09457;1.09674;1.09336;1.0788345666666668;0.01620543333333324;57844.64666666667;0.5785150731896173;0.0;1.0950400000000002
2024-01-16;64174;1.08752;1.09478;1.09509;1.08622;1.0790047;0.008515300000000003;57750.13;1.111235593755181;-0.6867329047340665;1.0878600000000003
2024-01-17;57319;1.0882;1.087;1.08846;1.08446;1.0791912000000001;0.009008799999999928;57679.44;0.9937509795516403;0.06252758569957884;1.0878600000000003
2024-01-18;55901;1.08757;1.08809;1.09068;1.08467;1.0794029;0.008167099999999872;57597.746666666666;0.9705414401626528;-0.05789376952767267;1.088635
2024-01-19;47917;1.0897;1.08714;1.08978;1.08585;1.0796010999999999;0.010098900000000022;57521.693333333336;0.8330248506822759;0.19584946256332447;1.088635
2024-01-22;51753;1.08826;1.08906;1.09096;1.08801;1.0797638;0.008496199999999954;57432.683333333334;0.9011071222220621;-0.13214646232907468;1.086815
2024-01-23;55062;1.08537;1.08813;1.09162;1.08217;1.0799112333333334;0.005458766666666559;57413.82;0.9590373885588942;-0.26556153860290976;1.086815
2024-01-24;65615;1.08846;1.08414;1.09324;1.08414;1.0800749333333333;0.008385066666666718;57404.20333333333;1.143034763830394;0.2846955416125452;1.0865250000000002
2024-01-25;64028;1.08459;1.08823;1.0902;1.08218;1.0802435666666665;0.004346433333333399;57327.46333333333;1.1168817923740129;-0.3555482057218451;1.0865250000000002
2024-01-26;57805;1.08549;1.08392;1.08855;1.0813;1.0804188666666668;0.005071133333333311;57236.63;1.0099301793272928;0.08298066550493921;1.0844150000000001
2024-01-29;51991;1.08334;1.08416;1.08501;1.07959;1.0805605333333332;0.00277946666666673;57097.98333333333;0.910557553258435;-0.1980672323098398;1.0844150000000001
2024-01-30;59426;1.08456;1.08305;1.08575;1.08119;1.0806671333333333;0.003892866666666661;56957.18;1.0433451937049827;0.11261469160188664;1.083165
2024-01-31;86370;1.08177;1.08381;1.08875;1.0795;1.0807595333333333;0.0010104666666665985;56940.12;1.516856655728594;-0.257247178579334;1.083165
2024-02-01;82897;1.08722;1.08163;1.08749;1.078;1.0808858666666668;0.006334133333333325;56923.40666666667;1.4562902126609447;0.50380395093228;1.0829950000000002
2024-02-02;67739;1.07877;1.08708;1.08975;1.07806;1.0809926333333335;-0.0022226333333335013;56860.78;1.1913132391076606;-0.7772116039072241;1.0829950000000002
2024-02-05;64172;1.07425;1.0782;1.07861;1.07234;1.0810714666666668;-0.006821466666666831;56779.723333333335;1.1301921924356335;-0.4189957080749429;1.0748350000000002
2024-02-06;62450;1.07542;1.07386;1.07624;1.07226;1.0811378666666667;-0.005717866666666627;56726.263333333336;1.1009009994721843;0.10891319525250243;1.0748350000000002
2024-02-07;59916;1.0773;1.07521;1.0784;1.07468;1.0812172333333334;-0.003917233333333492;56659.27333333333;1.0574791463966786;0.17481542095181268;1.0775500000000002
2024-02-08;55783;1.0778;1.07696;1.07889;1.07417;1.0812971333333332;-0.0034971333333331245;56610.65;0.9853799594244219;0.04641232711408705;1.0775500000000002
2024-02-09;56754;1.07854;1.07755;1.07952;1.07622;1.0813481333333335;-0.002808133333333407;56511.39666666667;1.0042929983619815;0.068658378177755;1.07785
2024-02-12;43521;1.07716;1.07776;1.08057;1.0756;1.0813781333333334;-0.00421813333333354;56352.62333333334;0.7722976753461808;-0.12795074823374053;1.07785
2024-02-13;59569;1.07091;1.07711;1.07949;1.07006;1.0814057333333333;-0.010495733333333312;56260.81333333333;1.0588009036957178;-0.5802294923688112;1.071835
2024-02-14;56325;1.07276;1.07075;1.07346;1.06951;1.0814530666666666;-0.008693066666666693;56188.55333333334;1.0024283712351016;0.17275027780110364;1.071835
2024-02-15;54708;1.07722;1.07249;1.07849;1.0724;1.0815080333333333;-0.004288033333333274;56148.52333333333;0.9743444128567512;0.41575002796525595;1.0774250000000003
2024-02-16;55480;1.07763;1.0765;1.07876;1.07321;1.0815590666666666;-0.003929066666666481;56013.28;0.9904794005991097;0.038060934628036946;1.0774250000000003
2024-02-19;34454;1.07775;1.07723;1.07894;1.07621;1.0816169666666666;-0.003866966666666638;55892.21333333333;0.6164364934792438;0.01113554745133527;1.0792650000000001
2024-02-20;59909;1.08078;1.07761;1.08389;1.07617;1.0816868;-0.0009067999999998744;55853.06333333333;1.072617980547458;0.28114126652749594;1.0792650000000001
2024-02-21;60031;1.08196;1.08048;1.08246;1.079;1.0817546666666666;0.00020533333333339066;55828.223333333335;1.0752805017914042;0.10918040674328111;1.0821250000000002
2024-02-22;62852;1.08229;1.08128;1.08882;1.08028;1.0818159666666667;0.00047403333333329023;55846.37666666666;1.1254445454024158;0.030500203334682396;1.0821250000000002
2024-02-23;61061;1.08209;1.08158;1.08396;1.08119;1.0818854333333334;0.00020456666666657242;55849.2;1.0933191522884673;-0.01847933548309033;1.0836100000000002
2024-02-26;49064;1.08513;1.0831;1.08598;1.08127;1.0819485000000002;0.003181499999999726;55821.41;0.8789459098218982;0.2809378147843544;1.0836100000000002
2024-02-27;52845;1.0845;1.08464;1.0866;1.08332;1.0819965999999999;0.0025034000000001555;55771.05;0.947534608008824;-0.05805755992368544;1.084175
2024-02-28;56983;1.08385;1.08424;1.0846;1.07967;1.0820561;0.001793900000000015;55903.793333333335;1.0193047126555719;-0.05993545412632528;1.084175
2024-02-29;77135;1.08049;1.08329;1.0856;1.07959;1.0821414666666664;-0.0016514666666664901;55869.95333333333;1.380616868243662;-0.31000599713982835;1.0822500000000002
2024-03-01;65475;1.08401;1.07983;1.08433;1.07983;1.0822201333333334;0.001789866666666473;55801.206666666665;1.1733617230019566;0.32577811918665933;1.0822500000000002
2024-03-04;54431;1.08556;1.08444;1.08669;1.08273;1.0823314333333334;0.00322856666666671;55715.54666666667;0.9769445559897028;0.1429876108154149;1.0856050000000002
2024-03-05;58546;1.08565;1.08531;1.08762;1.0841;1.0824023666666667;0.003247633333333333;55650.54;1.0520293244232577;0.008290651829456763;1.0856050000000002
2024-03-06;65506;1.08988;1.08533;1.09154;1.08422;1.0824577666666666;0.007422233333333361;55617.91333333333;1.1777860058753533;0.3896283332565753;1.0923450000000001
2024-03-07;63349;1.09481;1.08937;1.09493;1.08679;1.0825290333333333;0.012280966666666782;55583.863333333335;1.1397012766113104;0.4523433772525509;1.0923450000000001
2024-03-08;72550;1.09377;1.09464;1.09812;1.09183;1.0825894333333335;0.011180566666666447;55615.42333333333;1.304494250905105;-0.0949936518665484;1.093145
2024-03-11;68613;1.09252;1.09426;1.09481;1.09146;1.0826141333333332;0.009905866666666707;55554.23;1.2350634686141388;-0.114283624528011;1.093145
2024-03-12;72206;1.09261;1.09186;1.09438;1.09023;1.0826451666666665;0.009964833333333534;55544.28666666667;1.2999716862566064;0.008237835462976406;1.0937000000000001
2024-03-13;62260;1.09479;1.09247;1.09639;1.09201;1.0826870333333334;0.012102966666666548;55577.07666666667;1.120246039089176;0.19952224489980797;1.0937000000000001
2024-03-14;66546;1.08836;1.09473;1.09549;1.08807;1.0827188;0.005641199999999902;55543.77333333333;1.1980820892492725;-0.5873272499748783;1.08851
2024-03-15;63023;1.08866;1.08814;1.08997;1.0873;1.0827495333333332;0.005910466666666725;55443.793333333335;1.1367007235794346;0.027564408835312193;1.08851
2024-03-18;49306;1.08721;1.08863;1.09062;1.08661;1.0827632333333332;0.004446766666666768;55362.43;0.8906039709599289;-0.13319126265316505;1.086885
2024-03-19;68039;1.08656;1.08705;1.08767;1.08347;1.0827663666666667;0.0037936333333332684;55389.12;1.2283820360386248;-0.05978605789129787;1.086885
2024-03-20;65146;1.0922;1.08586;1.09228;1.08365;1.0827832333333334;0.009416766666666687;55382.95;1.1762825923860727;0.5190693565012561;1.0890850000000003
2024-03-21;78478;1.08597;1.0919;1.09426;1.08555;1.0827737333333332;0.003196266666666947;55447.473333333335;1.4153575498057414;-0.5704083501190227;1.0890850000000003
2024-03-22;61660;1.08081;1.08554;1.08681;1.08018;1.0827380333333334;-0.0019280333333333566;55449.45333333333;1.112003749240249;-0.47515124727203206;1.08227
2024-03-25;47920;1.08373;1.08081;1.08425;1.08022;1.0827200666666668;0.0010099333333333238;55406.55333333334;0.8648796417943223;0.27016774456194437;1.08227
2024-03-26;55189;1.08312;1.0836;1.08644;1.08244;1.0827075333333334;0.00041246666666672205;55406.12;0.996081299321989;-0.056287082575923186;1.08295
2024-03-27;60336;1.08278;1.08304;1.08393;1.08109;1.0826995;8.05000000001499e-05;55405.97666666667;1.0889799915085414;-0.03139079695694269;1.08295
2024-03-28;61164;1.07874;1.08255;1.08268;1.07752;1.0826745999999998;-0.003934599999999788;55401.746666666666;1.1040085138107973;-0.37311365189605095;1.0789400000000002
2024-03-29;39308;1.07914;1.07869;1.08037;1.07677;1.0826083666666666;-0.0034683666666666113;55308.13;0.7107092573911448;0.03708029738398455;1.0789400000000002
2024-04-01;55489;1.0743;1.07852;1.07989;1.07311;1.0825524333333334;-0.008252433333333364;55222.63333333333;1.004823505337907;-0.4485052912504339;1.0756100000000002
2024-04-02;60027;1.07692;1.07423;1.07791;1.07247;1.0825441666666666;-0.005624166666666541;55174.30333333334;1.0879521149064342;0.24387973564181653;1.0756100000000002
2024-04-03;60063;1.08359;1.07692;1.08369;1.07641;1.0825809;0.001009100000000096;55157.35666666667;1.0889390578117948;0.6193589124540377;1.0836550000000003
2024-04-04;57951;1.08372;1.08338;1.08766;1.0829;1.0826173666666665;0.0011026333333334914;55089.54666666667;1.0519418566036995;0.011997157596499441;1.0836550000000003
2024-04-05;71266;1.08367;1.08322;1.0848;1.07915;1.0826582333333334;0.0010117666666664693;55130.043333333335;1.2926889893608597;-0.004613737865877265;1.0848
2024-04-08;57404;1.08593;1.08364;1.08622;1.08211;1.0826984666666666;0.0032315333333334806;55110.926666666666;1.0416083247373495;0.2085505735140991;1.0848
2024-04-09;56906;1.08568;1.08539;1.08851;1.08471;1.0827583333333333;0.0029216666666667113;55078.4;1.033181791772994;-0.02302174173289817;1.0800900000000002
2024-04-10;73959;1.07424;1.08555;1.08666;1.07288;1.0827640666666665;-0.008524066666666386;55135.323333333334;1.3414086565313197;-1.0537174858153309;1.0798300000000003
2024-04-11;79177;1.0726;1.07401;1.07566;1.06993;1.0827607666666668;-0.010160766666666765;55125.64;1.4363007848976563;-0.1526660708966454;1.068305
2024-04-12;69116;1.06401;1.07227;1.07294;1.06226;1.0827451666666668;-0.018735166666666858;55127.863333333335;1.2537398662101988;-0.8008577288830976;1.068305
2024-04-15;79516;1.06242;1.06333;1.06653;1.06203;1.0827289666666664;-0.020308966666666484;55149.97666666667;1.441813846642043;-0.14943468576422703;1.0621550000000002
2024-04-16;86792;1.06189;1.06225;1.06537;1.06013;1.082704033333333;-0.020814033333333093;55219.23;1.5717712833008406;-0.049886109071739515;1.0621550000000002
2024-04-17;81109;1.06728;1.06129;1.06797;1.06063;1.0827000333333334;-0.015420033333333416;55349.73;1.465391068754723;0.5075855314580657;1.0658250000000002
2024-04-18;67231;1.06437;1.06721;1.06901;1.06413;1.0826992333333334;-0.01832923333333336;55349.65;1.214659893964783;-0.27265572295929186;1.0658250000000002
2024-04-19;95267;1.06561;1.06421;1.06777;1.06106;1.0827163;-0.01710630000000002;55426.013333333336;1.7188138614091701;0.11650084087300172;1.0655050000000001
2024-04-22;59663;1.0654;1.06481;1.06707;1.06241;1.0827362;-0.017336200000000135;55407.09;1.076811649916811;-0.019707022268944385;1.0655050000000001
2024-04-23;65693;1.07023;1.06518;1.07115;1.06386;1.0827883666666667;-0.012558366666666654;55383.47666666667;1.1861479985334038;0.45335085413931164;1.07007
2024-04-24;60609;1.06991;1.07003;1.07144;1.0678;1.0828184666666665;-0.012908466666666563;55378.02333333333;1.0944594326736665;-0.029900114928571586;1.07007
2024-04-25;67544;1.07298;1.06943;1.07402;1.06784;1.0828699;-0.009889899999999896;55395.23;1.2193107601500672;0.28694002299261;1.0711150000000003
2024-04-26;66992;1.06925;1.07274;1.0753;1.06741;1.0828777333333333;-0.013627733333333225;55360.73;1.2100996500585866;-0.34762996514380307;1.0711150000000003
2024-04-29;75237;1.07199;1.06864;1.07338;1.068;1.0829186666666668;-0.010928666666666809;55373.52;1.3587180298450672;0.2562543839139453;1.0692750000000002
2024-04-30;68248;1.06656;1.07164;1.07354;1.06649;1.0829291666666665;-0.016369166666666546;55395.45333333333;1.2320144685758991;-0.5065345758822448;1.0692750000000002
2024-05-01;65371;1.07138;1.06646;1.07328;1.06496;1.0829395000000002;-0.011559500000000167;55418.37666666666;1.179590668871178;0.4519201920192062;1.0719250000000002
2024-05-02;72570;1.07247;1.06946;1.07303;1.06743;1.0829979666666667;-0.010527966666666666;55416.52333333333;1.3095372216599461;0.10173794545353942;1.0719250000000002
2024-05-03;73095;1.07638;1.07238;1.08128;1.07182;1.0830712999999998;-0.006691299999999956;55458.62;1.318009716072755;0.3645789625816853;1.0766950000000002
2024-05-06;46215;1.07701;1.07693;1.07909;1.07553;1.0831339;-0.00612389999999996;55415.78666666667;0.8339681303809876;0.05852951559859321;1.0766950000000002
2024-05-07;50557;1.07549;1.07657;1.07875;1.0748;1.0831723666666666;-0.007682366666666551;55268.33666666667;0.9147552296518214;-0.1411314658174012;1.0751550000000003
2024-05-08;44462;1.07482;1.07513;1.07576;1.07351;1.0831779;-0.008357899999999807;55005.39;0.808320784562966;-0.06229718546894025;1.0751550000000003
2024-05-09;49071;1.07816;1.0748;1.07846;1.0724;1.0831940333333334;-0.00503403333333341;54848.81333333333;0.8946592828138559;0.3107497069276599;1.0775400000000002
2024-05-10;47391;1.07692;1.0782;1.07902;1.07605;1.0832585000000001;-0.006338500000000025;54663.32666666667;0.8669615058186726;-0.11501075907099922;1.0775400000000002
2024-05-13;49351;1.07898;1.07686;1.08069;1.07658;1.0833171666666668;-0.004337166666666725;54496.5;0.9055810923635637;0.19128626081788003;1.0804750000000003
2024-05-14;46033;1.08197;1.07895;1.08257;1.07672;1.0833688333333333;-0.0013988333333332381;54393.996666666666;0.8462882454122211;0.2771135702237304;1.0804750000000003
2024-05-15;56088;1.08838;1.08187;1.08862;1.08131;1.0834222;0.004957799999999901;54305.15666666667;1.0328300928080618;0.5924378679630582;1.0875400000000002
2024-05-16;52027;1.0867;1.08829;1.08951;1.08545;1.0834546;0.003245399999999954;54282.25666666667;0.9584531520027769;-0.15435785295575544;1.0875400000000002
2024-05-17;43305;1.0869;1.08667;1.08786;1.08357;1.0834592333333335;0.003440766666666484;54201.2;0.7989675505337892;0.01840434342503805;1.0862900000000002
2024-05-20;42812;1.08568;1.08663;1.08846;1.08544;1.0834672666666667;0.002212733333333272;54095.49;0.7914153287084023;-0.11224583678350886;1.0862900000000002
2024-05-21;47013;1.08538;1.08569;1.08749;1.08427;1.0834989666666666;0.0018810333333334484;53992.86;0.8707262404694119;-0.02763245155109617;1.0837800000000002
2024-05-22;50908;1.08218;1.08513;1.08637;1.08176;1.0835066666666666;-0.0013266666666666982;53969.74;0.9432693209192887;-0.29482761797712254;1.0837800000000002
2024-05-23;63757;1.08156;1.08224;1.08611;1.08049;1.0834965333333335;-0.0019365333333334345;54005.87666666666;1.1805567085505733;-0.057291762922973;1.0830850000000003
2024-05-24;50772;1.08461;1.08146;1.08579;1.07984;1.0834970666666668;0.001112933333333288;53995.32;0.9403037152106998;0.2820000739672368;1.0830850000000003
2024-05-27;31508;1.08566;1.08457;1.08674;1.08407;1.0834807333333334;0.0021792666666666793;53920.596666666665;0.5843407148250677;0.09680899125030784;1.0856500000000002
2024-05-28;53305;1.08564;1.08569;1.08891;1.08505;1.0834857000000002;0.0021542999999997203;53904.066666666666;0.9888864291004039;-0.0018421973730364805;1.0856500000000002
2024-05-29;57639;1.08006;1.08573;1.08595;1.07999;1.0834516666666665;-0.0033916666666664597;53893.93666666667;1.0694895115286496;-0.5139825356471728;1.0816350000000001
2024-05-30;58092;1.08321;1.08007;1.08452;1.07884;1.0834104;-0.00020039999999998948;53894.81;1.0778774431153804;0.29165046386312454;1.0816350000000001
2024-05-31;66230;1.08485;1.08269;1.08824;1.08113;1.0833908;0.0014591999999999938;53934.60333333333;1.2279686121109459;0.15140185190314348;1.0876300000000003
2024-06-03;64664;1.09041;1.08463;1.09046;1.08279;1.0833853333333334;0.007024666666666679;53995.46666666667;1.1975820192310223;0.5125132506798247;1.0876300000000003
2024-06-04;67889;1.0879;1.09041;1.09162;1.08589;1.0833788;0.004521200000000114;54161.27;1.253460267825837;-0.23018864463825173;1.0874050000000002
2024-06-05;56531;1.08691;1.08777;1.08919;1.08546;1.0833816666666667;0.0035283333333333555;54214.46666666667;1.0427290624763668;-0.09100101112234915;1.0874050000000002
2024-06-06;57859;1.08893;1.08682;1.0902;1.0862;1.0833737333333333;0.005556266666666643;54246.35;1.0665971074549594;0.1858479542924396;1.0845600000000002
2024-06-07;68806;1.08019;1.08862;1.0902;1.07998;1.0833105333333335;-0.0031205333333335084;54305.08666666667;1.267026796630113;-0.8026227581203527;1.0845600000000002
2024-06-10;61302;1.07656;1.07726;1.07817;1.07329;1.0832167333333333;-0.006656733333333387;54341.753333333334;1.128082850473394;-0.3360519908534587;1.0753000000000001
2024-06-11;61458;1.07404;1.07638;1.07736;1.07197;1.0831321333333332;-0.009092133333333141;54371.54;1.1303339945859303;-0.23407891803520764;1.0753000000000001
2024-06-12;77312;1.08091;1.07358;1.08524;1.07344;1.0830926666666667;-0.002182666666666666;54462.62333333334;1.4195423442386355;0.6396409817138959;1.0773650000000001
2024-06-13;68693;1.07382;1.08085;1.08165;1.07329;1.0830141999999998;-0.00919419999999982;54538.42333333333;1.2595340276000047;-0.6559288007327191;1.0773650000000001
2024-06-14;81564;1.07058;1.07349;1.0745;1.06676;1.0829308;-0.012350799999999884;54644.346666666665;1.4926338217113233;-0.30172654634854634;1.0719800000000002
2024-06-17;71772;1.07338;1.07035;1.07379;1.06865;1.0828518666666667;-0.009471866666666662;54717.32;1.3116870489999672;0.26154047338824427;1.0719800000000002
2024-06-18;65587;1.07397;1.07339;1.07615;1.07101;1.0827686333333335;-0.008798633333333417;54772.54;1.1974430983114537;0.054966554249191724;1.0741650000000003
2024-06-19;46385;1.07436;1.07396;1.07535;1.07249;1.0826677333333334;-0.008307733333333456;54747.51666666667;0.847253041309786;0.03631386351572452;1.0741650000000003
2024-06-20;62305;1.07026;1.0742;1.07488;1.0702;1.0825773;-0.012317300000000087;54788.94666666666;1.1371819279361086;-0.38162254737704737;1.06973
2024-06-21;65095;1.0692;1.06993;1.07206;1.06711;1.0824616333333335;-0.013261633333333522;54807.14;1.1877102143988563;-0.09904135443724593;1.06973
2024-06-24;62397;1.07343;1.06827;1.07465;1.06806;1.0823634333333332;-0.008933433333333074;54839.79;1.1378052322955399;0.39562289562291575;1.0724200000000002
2024-06-25;58453;1.07141;1.0729;1.07443;1.06908;1.0822626333333334;-0.010852633333333417;54817.183333333334;1.0663262219174463;-0.1881818097128063;1.0724200000000002
2024-06-26;65479;1.068;1.07113;1.07181;1.06661;1.0821638333333332;-0.014163833333333153;54879.64;1.1931382931810062;-0.3182721833845048;1.0691850000000003
2024-06-27;65290;1.07037;1.06787;1.07266;1.0676;1.0820653333333332;-0.011695333333333169;54913.98;1.1889504275593958;0.22191011235954683;1.0691850000000003
2024-06-28;73367;1.07139;1.07036;1.07249;1.06855;1.0819492000000002;-0.010559200000000102;54965.97666666667;1.334771152069404;0.09529415062081714;1.0726950000000002
2024-07-01;68549;1.074;1.07439;1.07765;1.07197;1.0818584666666666;-0.007858466666666564;54964.57;1.2471488451558437;0.24360876991571523;1.0726950000000002
2024-07-02;62502;1.07453;1.07375;1.07472;1.071;1.0817674;-0.007237399999999949;55003.03666666667;1.1363372604092339;0.049348230912471536;1.0766050000000003
2024-07-03;58934;1.07868;1.07443;1.08169;1.07364;1.0816949999999999;-0.003014999999999768;55062.63;1.0703084832669507;0.38621536857976757;1.0766050000000003
2024-07-04;40522;1.08113;1.07778;1.08139;1.07777;1.0816449333333333;-0.0005149333333334116;55049.736666666664;0.7360979807289295;0.2271294545184599;1.08251
2024-07-05;56386;1.08389;1.08096;1.08427;1.08;1.0815971;0.002292900000000042;55073.82;1.0238258395729543;0.25528844819773244;1.08251
2024-07-08;55833;1.08245;1.08014;1.08451;1.08012;1.0815667;0.0008832999999999203;55082.88333333333;1.0136179629907391;-0.13285480998995736;1.08191
2024-07-09;52344;1.08137;1.08239;1.08335;1.08056;1.0815547333333333;-0.0001847333333333534;55105.28;0.9498908271583142;-0.09977366160099921;1.08191
2024-07-10;49683;1.08301;1.08092;1.08307;1.08092;1.0815399333333333;0.001470066666666714;55138.14333333333;0.9010640728258893;0.15165946900692617;1.0848950000000002
2024-07-11;66204;1.08678;1.08248;1.09;1.08248;1.0815416333333334;0.005238366666666661;55209.566666666666;1.1991400041174267;0.34810389562422994;1.0848950000000002
2024-07-12;66563;1.09061;1.08617;1.09114;1.08598;1.0815641;0.009045900000000051;55275.94;1.2041948088080991;0.35241723255856616;1.0900250000000002
2024-07-15;63243;1.08944;1.08845;1.09225;1.08825;1.0816055666666666;0.007834433333333335;55340.386666666665;1.14280011053992;-0.10727941243892092;1.0900250000000002
2024-07-16;58565;1.08986;1.08935;1.09056;1.08716;1.0816364666666667;0.008223533333333366;55364.543333333335;1.05780697309083;0.03855191658099777;1.0919100000000002
2024-07-17;68869;1.09396;1.08981;1.09482;1.08942;1.0816789333333332;0.01228106666666684;55437.04666666667;1.2422920076187485;0.3761951076284964;1.0919100000000002
2024-07-18;65789;1.08959;1.0938;1.09411;1.08937;1.0817207;0.007869300000000079;55493.57666666667;1.185524594948403;-0.39946615964020493;1.088915
2024-07-19;61356;1.08824;1.08953;1.09019;1.08757;1.0817650333333333;0.006474966666666804;55521.18;1.1050917865936738;-0.12389981552693996;1.088915
2024-07-22;61337;1.08905;1.0884;1.09028;1.08732;1.0818201333333333;0.0072298666666668066;55553.73;1.1041022808007483;0.07443211056383792;1.0871750000000002
2024-07-23;55978;1.0853;1.08903;1.08968;1.0844;1.0818627666666667;0.003437233333333234;55578.77333333333;1.007183078047841;-0.3443368073091313;1.0871750000000002
2024-07-24;63347;1.08392;1.08482;1.08667;1.08258;1.0819061666666665;0.0020138333333334923;55713.87666666666;1.1370057836576435;-0.12715378236431985;1.084205
2024-07-25;79069;1.08449;1.08362;1.08701;1.08284;1.0819431333333334;0.0025468666666665918;55808.236666666664;1.4167980341728381;0.052586906782781107;1.084205
2024-07-26;60590;1.08554;1.08422;1.08683;1.08421;1.0819988333333332;0.0035411666666667063;55828.08666666667;1.085296015279092;0.09681970327066747;1.08383
2024-07-29;58471;1.08212;1.08541;1.08701;1.08029;1.0820184333333336;0.00010156666666638614;55848.38333333333;1.0469595807456593;-0.3150505739079157;1.08383
2024-07-30;60271;1.08143;1.08199;1.08358;1.07983;1.0820541;-0.0006241000000000163;55892.93666666667;1.0783294561785575;-0.06376372306214906;1.0820100000000001
2024-07-31;81694;1.08259;1.08144;1.08495;1.0802;1.082092;0.0004979999999998874;56022.35666666667;1.4582392612660902;0.10726538009857567;1.0820100000000001
2024-08-01;81483;1.07913;1.08212;1.08355;1.07776;1.0821249666666666;-0.002994966666666654;56152.28333333333;1.4511075091333863;-0.31960391283866185;1.0847200000000001
2024-08-02;96923;1.09105;1.07875;1.09267;1.07818;1.0821954666666667;0.008854533333333414;56328.64666666667;1.7206697787990433;1.104593515146468;1.08546
2024-08-05;148371;1.09512;1.0924;1.10088;1.08928;1.0822514666666665;0.012868533333333598;56673.17;2.6180113094074997;0.3730351496264994;1.0941250000000002
2024-08-06;110281;1.09313;1.09517;1.09632;1.09038;1.0823122;0.010817799999999878;56905.333333333336;1.9379730078020916;-0.18171524581782617;1.0941250000000002
2024-08-07;86469;1.09235;1.09284;1.09367;1.09055;1.0823674333333335;0.009982566666666415;57061.39666666667;1.5153677451168508;-0.07135473365473821;1.0921150000000002
2024-08-08;81506;1.09188;1.0921;1.09452;1.08816;1.0824093666666665;0.009470633333333422;57166.44;1.425766586129655;-0.04302650249461415;1.0921150000000002
2024-08-09;64369;1.09156;1.09136;1.09314;1.09092;1.0824375666666666;0.009122433333333513;57212.426666666666;1.1250877431754118;-0.0293072498809277;1.0923850000000002
2024-08-12;55697;1.09321;1.09145;1.09395;1.091;1.0824330666666666;0.010776933333333405;57224.5;0.9733068877839085;0.15115980798123818;1.0923850000000002
2024-08-13;60880;1.09928;1.09299;1.09997;1.09139;1.0824499666666667;0.016830033333333327;57267.676666666666;1.0630778747031884;0.5552455612370943;1.100255
2024-08-14;61631;1.10123;1.09851;1.10474;1.09822;1.0824802333333334;0.0187497666666665;57356.86;1.0745183749596694;0.17738883632922864;1.100255
2024-08-15;52851;1.09712;1.10124;1.10159;1.09497;1.0824979666666668;0.01462203333333334;57368.65666666667;0.9212521796888996;-0.3732190368950894;1.0999900000000002
2024-08-16;50380;1.10286;1.09722;1.10297;1.09662;1.0825121;0.020347899999999974;57360.69666666666;0.8783017454051939;0.5231879830829733;1.0999900000000002
2024-08-19;53888;1.10851;1.10273;1.10866;1.10219;1.0825551666666666;0.025954833333333482;57369.776666666665;0.9393099142270314;0.5123043722684795;1.1107550000000002
2024-08-20;61195;1.113;1.10778;1.11305;1.1072;1.0826333666666665;0.030366633333333448;57393.19666666666;1.0662413588043045;0.4050482178780346;1.1107550000000002
2024-08-21;63003;1.11499;1.11268;1.11741;1.1099;1.0827148999999998;0.03227510000000011;57456.64666666667;1.0965311004921572;0.17879604672057514;1.11306
2024-08-22;60349;1.11113;1.11438;1.11649;1.10983;1.0827650333333332;0.02836496666666677;57490.083333333336;1.0497288662825532;-0.34619144566319093;1.11306
2024-08-23;62442;1.1192;1.11062;1.1201;1.11036;1.0828580333333333;0.03634196666666667;57531.363333333335;1.0853558195414885;0.7262876531098916;1.11765
2024-08-26;61803;1.1161;1.11868;1.12018;1.11503;1.0829569666666667;0.03314303333333335;57562.29666666667;1.0736715450719378;-0.27698355968548416;1.11765
2024-08-27;54820;1.11842;1.11609;1.11907;1.11506;1.0830484333333334;0.03537156666666652;57572.60333333333;0.9521890070281197;0.20786667861301122;1.1152050000000002
2024-08-28;60845;1.11199;1.11807;1.11853;1.11051;1.0831171;0.02887290000000009;57630.40666666667;1.0557794664180653;-0.574918188158291;1.1152050000000002
2024-08-29;67621;1.1078;1.1107;1.11401;1.10557;1.0831833333333334;0.02461666666666651;57761.11;1.1707011863170271;-0.37680194965783453;1.1063
2024-08-30;66738;1.1048;1.10746;1.10952;1.1044;1.083248;0.021552000000000016;57833.246666666666;1.1539729108525776;-0.27080700487451814;1.1063
2024-09-02;41629;1.10723;1.10471;1.10775;1.1042;1.0833080333333334;0.023921966666666572;57777.87666666666;0.7205006899121561;0.2199493120926821;1.10579
2024-09-03;65678;1.10435;1.10618;1.10729;1.10265;1.0833331666666668;0.02101683333333315;57817.43;1.1359550225596096;-0.2601085591972807;1.10579
2024-09-04;67298;1.1083;1.10376;1.10952;1.10357;1.0833604666666667;0.02493953333333332;57882.276666666665;1.162670231296276;0.3576764612668093;1.1096800000000002
2024-09-05;67277;1.11106;1.10816;1.11198;1.10748;1.0833944666666668;0.027665533333333103;57949.943333333336;1.1609502292867653;0.24903004601641854;1.1096800000000002
2024-09-06;82411;1.10858;1.11103;1.11555;1.10658;1.0833792333333332;0.025200766666666707;58030.53333333333;1.4201317007825616;-0.22321026767231356;1.1060350000000003
2024-09-09;54430;1.10349;1.10785;1.10912;1.10338;1.0833154333333332;0.020174566666666838;58023.50666666667;0.9380680887261775;-0.4591459344386317;1.1060350000000003
2024-09-10;49106;1.10191;1.10329;1.10498;1.10153;1.0832467000000001;0.018663299999999827;57999.456666666665;0.8466631037978954;-0.14318208592738468;1.1015100000000002
2024-09-11;67001;1.10111;1.10144;1.10549;1.10021;1.0831710333333333;0.017938966666666722;58072.95;1.1537385305893444;-0.07260121062517833;1.1015100000000002
2024-09-12;59137;1.10746;1.10076;1.10752;1.10056;1.0831199333333332;0.024340066666666882;58070.69666666666;1.018362158447037;0.5766907938353105;1.1074500000000003
2024-09-13;60523;1.10744;1.10741;1.11019;1.10674;1.0830772;0.024362800000000018;58075.91;1.042136059512276;-0.0018059343001253225;1.1074500000000003
2024-09-16;54108;1.11326;1.1077;1.11377;1.1074;1.0830781999999999;0.030181800000000036;58071.03;0.9317554725650756;0.5255363721736517;1.11233
2024-09-17;61873;1.1114;1.11297;1.11463;1.11112;1.0830744;0.02832559999999984;58106.74;1.0648162330220101;-0.16707687332698784;1.11233
2024-09-18;66218;1.11176;1.11125;1.11889;1.10968;1.083092;0.028668000000000138;58140.69666666666;1.1389268412043787;0.0323915781896833;1.1139550000000003
2024-09-19;76359;1.11615;1.11177;1.11789;1.10687;1.0831273333333333;0.033022666666666645;58234.87;1.3112247009392635;0.3948693962725569;1.1139550000000003
2024-09-20;63790;1.11629;1.11613;1.11819;1.11362;1.0831530333333335;0.033136966666666545;58248.06;1.0951437695948854;0.012543116964569556;1.1136800000000002
2024-09-23;58326;1.11107;1.11711;1.11711;1.10833;1.0831976666666667;0.027872333333333277;58202.36;1.0021243124847512;-0.4676204212167079;1.1136800000000002
2024-09-24;56898;1.11797;1.11109;1.11809;1.11035;1.0832521666666668;0.034717833333333115;58143.34333333333;0.9785814976926316;0.621022977850183;1.1156100000000002
2024-09-25;57788;1.11325;1.11793;1.12141;1.11217;1.0832973666666668;0.02995263333333331;58143.31;0.9938890647950739;-0.42219379768686505;1.1156100000000002
2024-09-26;63793;1.11766;1.11277;1.11894;1.11259;1.0833615333333333;0.034298466666666805;58179.33;1.0964890795406037;0.39613743543678304;1.1169900000000004
2024-09-27;71670;1.11632;1.11767;1.1203;1.11248;1.0834364666666667;0.03288353333333327;58196.833333333336;1.2315103055433316;-0.11989334860333933;1.1169900000000004
2024-09-30;64482;1.11349;1.11568;1.12089;1.11139;1.0834983666666667;0.029991633333333434;58194.15666666667;1.108049393504209;-0.25351153791026704;1.1101250000000003
2024-10-01;71751;1.10676;1.11346;1.11442;1.10459;1.0835176;0.023242399999999996;58225.93;1.2322860278914856;-0.604405966825039;1.1101250000000003
2024-10-02;56997;1.10453;1.10676;1.1083;1.10327;1.0835316333333334;0.020998366666666657;58261.28666666667;0.9782997125705466;-0.20148903104556526;1.1037500000000002
2024-10-03;65577;1.10297;1.10438;1.10495;1.10083;1.0835560666666666;0.01941393333333341;58300.64;1.124807549282285;-0.14123654405041597;1.1037500000000002
2024-10-04;61296;1.09745;1.10302;1.10397;1.09513;1.0835563333333333;0.013893666666666693;58342.56;1.050622392983604;-0.5004669211311263;1.0974350000000002
2024-10-07;56420;1.09742;1.09637;1.0987;1.09543;1.0835541333333334;0.01386586666666667;58334.25666666667;0.9671846908478705;-0.0027336097316532637;1.0974350000000002
2024-10-08;52796;1.09804;1.09706;1.09972;1.0961;1.0835654;0.014474600000000004;58337.40666666667;0.9050110900825831;0.05649614550489179;1.0960150000000002
2024-10-09;49377;1.09399;1.09758;1.09811;1.09363;1.0835765;0.010413500000000075;58310.88;0.8467887982481406;-0.3688390222578275;1.0960150000000002
2024-10-10;58866;1.09372;1.09388;1.0955;1.09002;1.0835872666666668;0.0101327333333332;58297.416666666664;1.00975314800953;-0.024680298723023242;1.0936900000000003
2024-10-11;40209;1.09366;1.09262;1.09538;1.09238;1.0836063333333334;0.010053666666666627;58227.40666666667;0.6905511047431118;-0.005485864755139236;1.0936900000000003
2024-10-14;38708;1.09088;1.09326;1.09367;1.08883;1.0836183666666666;0.007261633333333517;58153.806666666664;0.6656142085739073;-0.25419234497010557;1.0900100000000001
2024-10-15;46409;1.08914;1.09085;1.09167;1.08819;1.0836259;0.005514100000000077;58125.34;0.798429738217308;-0.15950425344676278;1.0900100000000001
2024-10-16;44465;1.08621;1.08872;1.09015;1.08533;1.083614766666667;0.0025952333333330024;58102.96;0.7652794281047359;-0.26901959344070026;1.084635
2024-10-17;49791;1.08306;1.08617;1.08739;1.08111;1.0836096666666666;-0.0005496666666666705;58100.71333333333;0.8569774301105787;-0.28999917143093246;1.084635
2024-10-18;40334;1.08675;1.08311;1.08696;1.08247;1.0836109666666667;0.0031390333333334297;58051.25;0.694799853577538;0.34070134618582326;1.0841050000000003
2024-10-21;38634;1.08146;1.08614;1.08717;1.08112;1.0836123333333334;-0.0021523333333333117;58007.07;0.6660222624585821;-0.48677248677249096;1.0841050000000003
2024-10-22;42412;1.07986;1.08117;1.08382;1.07926;1.0836138333333334;-0.003753833333333345;57959.12;0.731757141930255;-0.1479481441754693;1.0790400000000002
2024-10-23;45217;1.07822;1.07978;1.08067;1.07613;1.0836014999999999;-0.005381499999999928;57960.39333333333;0.7801361826505698;-0.15187153890320326;1.0790400000000002
2024-10-24;49181;1.0828;1.07812;1.08299;1.07707;1.0835844666666665;-0.000784466666666539;57945.83666666667;0.8487408730139688;0.4247741648272241;1.0812000000000002
2024-10-25;40806;1.0796;1.08223;1.08394;1.07931;1.0835420666666666;-0.003942066666666744;57897.26;0.7048001926169383;-0.2955301071296712;1.0812000000000002
2024-10-28;44622;1.08117;1.07931;1.08277;1.07821;1.0835313666666666;-0.002361366666666642;57871.70333333333;0.7710503999333749;0.14542423119674464;1.08149
2024-10-29;52561;1.08181;1.0812;1.08263;1.07689;1.0835462333333334;-0.0017362333333335034;57865.193333333336;0.9083353389525974;0.05919513120045128;1.08149
2024-10-30;54237;1.08566;1.08179;1.08713;1.08081;1.0835662666666668;0.002093733333333292;57950.49333333333;0.935919556163525;0.35588504450874137;1.08702
2024-10-31;59261;1.08838;1.08514;1.08883;1.08442;1.0836202;0.004759799999999981;57982.496666666666;1.022049815148062;0.25053884273158467;1.08702
2024-11-01;52756;1.08337;1.08832;1.09058;1.08319;1.0836560999999998;-0.0002860999999998448;57987.36;0.9097844771686606;-0.4603171686359486;1.085535
2024-11-04;52731;1.0877;1.08785;1.09147;1.08699;1.0837165;0.003983499999999918;58012.5;0.9089592760179429;0.3996787801028301;1.085535
2024-11-05;39212;1.09296;1.08712;1.09366;1.08712;1.0837928666666667;0.009167133333333188;57989.77;0.676188231130995;0.4835892249701157;1.0873700000000002
2024-11-06;124997;1.07289;1.09257;1.09373;1.06826;1.0837858;-0.010895800000000122;58237.36666666667;2.14633674485016;-1.8362977602108033;1.07848
2024-11-07;73314;1.08031;1.07249;1.08247;1.07129;1.0838018999999999;-0.00349189999999977;58335.6;1.2567625943675464;0.691590004567133;1.0761
2024-11-08;64807;1.07189;1.08047;1.08053;1.06869;1.0837984;-0.011908400000000041;58376.04;1.1101643756580422;-0.7794059112662177;1.0761
2024-11-11;51443;1.06557;1.0702;1.0728;1.06287;1.0838022;-0.018232200000000143;58361.12333333334;0.8814600724213474;-0.5896127401132656;1.06397
2024-11-12;59810;1.06237;1.06497;1.06632;1.0595;1.0837897333333335;-0.02141973333333347;58400.28;1.0241389253611415;-0.3003087549386607;1.06397
2024-11-13;68888;1.05642;1.06207;1.06542;1.05556;1.0837470333333334;-0.027327033333333528;58501.363333333335;1.1775452070659134;-0.560068526031432;1.0547000000000002
2024-11-14;73263;1.05298;1.05625;1.05825;1.04964;1.0836972;-0.0307172;58610.90666666667;1.2499891942748909;-0.32562806459550675;1.0547000000000002
2024-11-15;69725;1.05357;1.05276;1.0593;1.05164;1.0836556;-0.030085600000000046;58678.206666666665;1.1882605819239669;0.056031453588856195;1.0566950000000002
2024-11-18;55835;1.05982;1.05301;1.06072;1.05292;1.0836346;-0.023814599999999908;58683.176666666666;0.9514651927782566;0.5932211433507195;1.0566950000000002
2024-11-19;67434;1.0596;1.05981;1.06008;1.05237;1.0836179666666665;-0.024017966666666446;58746.2;1.14788701226613;-0.02075824196560161;1.0569750000000002
2024-11-20;53518;1.05435;1.05941;1.06098;1.05068;1.0836017666666664;-0.029251766666666512;58776.76666666667;0.910529840872344;-0.49546998867499026;1.0569750000000002
2024-11-21;61155;1.04736;1.05432;1.0555;1.04622;1.083569;-0.036208999999999936;58828.47;1.0395476883894754;-0.6629677052212068;1.044645
2024-11-22;70893;1.04193;1.04741;1.04979;1.03334;1.0835410666666667;-0.041611066666666696;58878.63333333333;1.2040530832065504;-0.5184463794683847;1.044645
2024-11-25;71620;1.04959;1.04811;1.05303;1.04489;1.0835176666666666;-0.03392766666666658;58930.93666666667;1.215320917179627;0.7351741479753926;1.04926
2024-11-26;79238;1.04893;1.04932;1.05448;1.04251;1.0834897;-0.03455969999999997;59012.73;1.3427272386820026;-0.06288169666252008;1.04926
2024-11-27;69745;1.05665;1.0483;1.05877;1.04742;1.0835193666666665;-0.026869366666666394;59075.47666666667;1.1806083325154413;0.7359881021612669;1.0560150000000001
2024-11-28;43753;1.05538;1.05658;1.05698;1.05275;1.0835485666666667;-0.028168566666666672;59029.34333333333;0.7412076355470089;-0.12019117020773962;1.0560150000000001
2024-11-29;70106;1.05759;1.05428;1.05973;1.05416;1.0835725666666667;-0.02598256666666665;59074.16333333333;1.1867455422839641;0.20940324811915545;1.0536800000000002
2024-12-02;79678;1.04977;1.05615;1.05704;1.04606;1.0835548333333334;-0.033784833333333264;59158.176666666666;1.3468636879892546;-0.7394169763329739;1.0536800000000002
2024-12-03;63540;1.05094;1.04974;1.05351;1.04808;1.0835298;-0.0325898;59168.66;1.073879313812232;0.11145298493955291;1.0509700000000002
2024-12-04;69497;1.051;1.05074;1.05442;1.04723;1.0835109666666667;-0.03251096666666675;59226.276666666665;1.173414975773787;0.005709174643642179;1.0509700000000002
2024-12-05;57710;1.05874;1.05074;1.05896;1.05035;1.0835050999999998;-0.024765099999999762;59219.88;0.974503832158901;0.7364414843006761;1.0577600000000003
2024-12-06;60743;1.05678;1.05828;1.06298;1.05423;1.083488;-0.026707999999999954;59235.91333333333;1.0254421107373783;-0.18512571547311119;1.0577600000000003
2024-12-09;53983;1.05536;1.05549;1.05943;1.05322;1.0834964666666667;-0.028136466666666582;59239.87333333334;0.9112612327213656;-0.13437044607202964;1.05404
2024-12-10;53349;1.05272;1.05531;1.05683;1.04985;1.0835025666666667;-0.030782566666666566;59231.98;0.9006789913150125;-0.2501516070345655;1.05404
2024-12-11;64157;1.04957;1.05257;1.05393;1.04802;1.0834813333333335;-0.033911333333333626;59290.183333333334;1.08208469586431;-0.29922486511134716;1.0481
2024-12-12;69105;1.04663;1.04931;1.05309;1.04638;1.0834447;-0.03681470000000009;59353.566666666666;1.1642939739087013;-0.28011471364463025;1.0481
2024-12-13;56564;1.05031;1.04664;1.05243;1.04531;1.0834336;-0.03312359999999992;59363.166666666664;0.9528467427892797;0.3516046740491108;1.0507250000000001
2024-12-16;53287;1.05114;1.0485;1.05248;1.04746;1.0834100333333334;-0.03227003333333345;59332.2;0.8981126605787586;0.07902428806731976;1.0507250000000001
2024-12-17;54330;1.04915;1.05105;1.05343;1.04793;1.0833756;-0.03422560000000008;59344.676666666666;0.9154991323848174;-0.1893182639800539;1.04356
2024-12-18;66977;1.03495;1.04907;1.05128;1.03437;1.0832693;-0.048319299999999954;59410.28;1.1273638164975612;-1.3534766239336582;1.0405400000000002
2024-12-19;82440;1.03629;1.03514;1.04224;1.03391;1.0831933;-0.04690330000000009;59515.77;1.3851790878280859;0.12947485385765845;1.0394850000000002
2024-12-20;70153;1.04268;1.0365;1.04475;1.03431;1.0831468666666668;-0.04046686666666677;59594.75;1.1771674518307105;0.6166227600382213;1.0394850000000002
2024-12-23;45933;1.04062;1.04307;1.04455;1.03842;1.0830946333333336;-0.042474633333333456;59570.64666666667;0.77106767460516;-0.19756780603827906;1.0399350000000003
2024-12-24;32156;1.03925;1.0405;1.04102;1.03836;1.0830368333333333;-0.04378683333333333;59524.3;0.5402163486171966;-0.13165228421518904;1.0399350000000003
2024-12-26;32588;1.04229;1.0398;1.043;1.03904;1.0829726666666666;-0.040682666666666645;59490.263333333336;0.5477871196736652;0.29251864325234855;1.0422900000000002
2024-12-27;41496;1.04229;1.04089;1.04441;1.04051;1.0829217666666666;-0.04063176666666668;59450.183333333334;0.6979961654168101;0.0;1.0422900000000002
2024-12-30;48656;1.04064;1.04245;1.04584;1.03718;1.0828672333333333;-0.042227233333333336;59426.78666666667;0.8187553581335344;-0.15830527012634654;1.037955
2024-12-31;50385;1.03527;1.04068;1.04245;1.03442;1.0827773333333333;-0.047507333333333346;59421.53666666667;0.8479248909807424;-0.5160285977859891;1.037955
2025-01-02;65766;1.0267;1.03515;1.03756;1.02243;1.0826241333333333;-0.05592413333333335;59467.09333333333;1.1059225584029826;-0.827803374964986;1.02875
2025-01-03;47798;1.0308;1.02572;1.03099;1.02517;1.0824877333333331;-0.05168773333333321;59490.653333333335;0.8034539431290826;0.39933768384143864;1.02875
2025-01-06;75556;1.03897;1.03021;1.04368;1.02955;1.0823844333333332;-0.04341443333333328;59589.87333333334;1.267933556048069;0.7925882809468376;1.036475
2025-01-07;63186;1.03398;1.03896;1.04345;1.03395;1.0822614333333334;-0.04828143333333346;59652.24333333333;1.0592392920901508;-0.4802833575560439;1.036475
2025-01-08;65928;1.03191;1.03401;1.03577;1.02732;1.0821450333333333;-0.050235033333333234;59701.66333333333;1.104290840807768;-0.2001972958857845;1.0309250000000003
2025-01-09;45789;1.02994;1.03181;1.03216;1.02836;1.0820166333333334;-0.052076633333333344;59709.28333333333;0.7668656772242675;-0.19090812183233385;1.0309250000000003
2025-01-10;67270;1.02424;1.02989;1.03119;1.02134;1.0818645;-0.05762449999999997;59809.176666666666;1.1247437893168695;-0.5534302969105065;1.0242400000000003
2025-01-13;65709;1.02424;1.02236;1.02499;1.01772;1.0816524;-0.05741240000000003;59864.84333333333;1.0976225166766889;0.0;1.0242400000000003
2025-01-14;67968;1.03077;1.02443;1.03084;1.0237;1.0814726333333333;-0.05070263333333336;59924.043333333335;1.1342358796102932;0.6375458876825668;1.0298950000000002
2025-01-15;60972;1.02902;1.03047;1.03544;1.02593;1.081285066666667;-0.05226506666666686;59972.10666666667;1.0166726398137174;-0.16977599270447952;1.0298950000000002
2025-01-16;64678;1.03019;1.02884;1.03152;1.02608;1.0810811666666666;-0.05089116666666671;60027.97666666667;1.0774642690214928;0.11370041398610642;1.0285950000000001
2025-01-17;58191;1.027;1.02956;1.03307;1.02653;1.0808576666666667;-0.053857666666666804;60066.97666666667;0.9687685851564192;-0.30965161766276506;1.0285950000000001
2025-01-20;66283;1.04168;1.0275;1.04343;1.02663;1.0806929666666667;-0.03901296666666676;60123.58666666667;1.1024458731557538;1.4294060370009687;1.04201
2025-01-21;79666;1.04234;1.04156;1.04354;1.0342;1.0805379000000002;-0.03819790000000012;60223.403333333335;1.3228412143870332;0.06335918900239879;1.04201
2025-01-22;56437;1.04093;1.04247;1.04573;1.03924;1.0803728333333331;-0.039442833333333205;60311.72666666667;0.935755003532049;-0.13527255981734543;1.04122
2025-01-23;58762;1.04151;1.04083;1.04381;1.0372;1.0801987666666666;-0.03868876666666665;60385.83666666667;0.9731089812394242;0.055719404763054925;1.04122
