Volume;Close;mean_close;diff_to_mean;mean_volume;relative_volume;Close_Filtrado_Wavelet;RSI;MACD;MACD_Signal;TRIX
0.3876026318818151;0.053422260375738384;0.13866504495913823;0.05325761905467691;1.0;0.24617562756445593;0.044124469637539576;0.3470160167660581;0.45000817622710154;0.3988389329199291;0.3380040905257843
0.23572091474299484;0.04525043748142754;0.13773330064543599;0.0345286153417077;0.9896218446193932;0.14431430463304695;0.04075882953328103;0.29539836878490455;0.4481000629623862;0.3993390239793877;0.33587045928932524
0.20981103245285604;0.04954270809258077;0.1368434090113846;0.046813176074264606;0.9831493219959093;0.12734482019529209;0.04075882953328103;0.3463195134907996;0.45210349667692495;0.4006727317862445;0.3351010552617095
0.19876976421296988;0.05297652458150326;0.1359797429936016;0.05691006026507356;0.9775794973804388;0.12038119994104839;0.038228273063912965;0.38611868523640713;0.4599342121752963;0.4035658878145113;0.3364943473953758
0.1993599051856495;0.036864001056558626;0.1350517894031955;0.018368714427436428;0.9736266214663938;0.12122073818400221;0.038228273063912965;0.28439227880505175;0.45340041853288743;0.4043566761158515;0.33599211239399274
0.11239369504159147;0.03176280252253427;0.13405320458077163;0.00741701817175533;0.9659594318213656;0.06184272021857391;0.02288466567131442;0.257527252050772;0.44541797063337146;0.4031277316813495;0.33348135992102645
0.20662769940520648;0.028048337570574677;0.13301183873829814;0.0;0.9608089121116183;0.12768891733112825;0.02288466567131442;0.2385223010627564;0.43761701509988504;0.40032532662913406;0.3292943151998537
0.16285687000002447;0.04739657278700404;0.1320207580007664;0.05001652526856187;0.9557182080519988;0.09777933604132831;0.04576089615439716;0.43959991607754234;0.45042854980792646;0.40107116198054094;0.3290592111702125
0.20874339152302895;0.057186251527057586;0.13106093138999642;0.07613674357779188;0.9513920796794888;0.13025165064741173;0.04576089615439716;0.5194139076537773;0.4707962068911249;0.40641774197436586;0.3341893929365608
0.18347752199560696;0.055023607488361215;0.13006598256746882;0.07250790989391392;0.9422720841621604;0.11357896566898486;0.05333569518603776;0.5037366584366793;0.48628906525598403;0.414308072956455;0.3426354003112018
0.13072969339605314;0.06438405916729928;0.129070105404542;0.09762151425263194;0.9343304359398199;0.07721846039136417;0.05333569518603776;0.5760977753543313;0.5079694831787159;0.4256763965026772;0.35553141749913797
0.1510001787563942;0.06925413543764636;0.12810060858128436;0.11148846552724595;0.9278881013083795;0.09213406914549031;0.06304459684017827;0.6109888522400074;0.5302823163462711;0.43997459874050604;0.37238726863228666
0.1377428209717981;0.06915508303892737;0.1271145563542455;0.11299083753464978;0.9226839646429272;0.08321315676317219;0.06304459684017827;0.6101176046375869;0.548444944025656;0.4556488405402718;0.39151976727594884
0.25294029781305016;0.08373229438372864;0.1261856744234402;0.15099717093990317;0.9167635460734598;0.1658933924427754;0.0786581302561764;0.7081750896546009;0.5761189837082261;0.47464205656208286;0.4150702788543127
0.16549903642957364;0.08523458909763248;0.1252861899386004;0.1563400208514841;0.9102409436023868;0.10421740956135163;0.0786581302561764;0.7172982390524829;0.5993748037418615;0.49526008537719357;0.44120594401448354
0.1954884824561618;0.07354640604879958;0.12436341958208752;0.12882462517561444;0.9017147970190231;0.12668782878778567;0.07328491535288562;0.6098162899927424;0.6072470993168737;0.513590395041318;0.46546557239132014
0.17526942016812894;0.084904414435236;0.12351715994678392;0.15865506823398656;0.8905675132378896;0.11336434805185537;0.07328491535288562;0.6833693261933994;0.6233438694309508;0.5320085471411546;0.4902435425244692
0.15848346013609974;0.08351768085317124;0.12269882788514774;0.1566481539737786;0.8841252836690665;0.10187075784264447;0.07511535119906165;0.6708970370227626;0.6344378583082975;0.5493302818467447;0.5141110376646195
0.17940530441234448;0.07851553471786565;0.12187925803631439;0.1456259096446617;0.8780475163197266;0.11778110815178151;0.07511535119906165;0.6256689163494478;0.6382907828188765;0.564086204537752;0.5352593101866814
0.14983458911740866;0.06578730148248413;0.12098139814717124;0.11547223562727105;0.8710662104614348;0.09689922856625978;0.05687003905492127;0.5231435594579966;0.6295987603103133;0.5738638887514709;0.5507527632756128
0.13686618002482998;0.060537524350380956;0.12010837136369945;0.10392719438821629;0.8645995363236487;0.08801287829121344;0.05687003905492127;0.4854855892406683;0.617786129423697;0.5789312296379819;0.5605775833495859
0.19196967507964452;0.05708719912833882;0.11922776313363759;0.09688377904892376;0.8607717899868321;0.1290496665321509;0.04994474951708505;0.4611667292106094;0.6052534392150563;0.5800623718745357;0.5653693043327669
0.1945359312595959;0.05568395681315397;0.118293388522138;0.09504156846210088;0.8582776734934019;0.1312527030095666;0.04994474951708505;0.45106288108934867;0.5941085085817606;0.578368192585175;0.5662381541095172
0.1570705500064891;0.05300954204774322;0.11728699016802402;0.09015659476253213;0.8519130851987784;0.10424334470921294;0.04929524002328067;0.43128490272308573;0.5830544777166606;0.5744349546779399;0.5637995769302196
0.1824735477267329;0.058490441443523444;0.11634495674823331;0.1054983301792578;0.8471191129913427;0.12366942228244303;0.04929524002328067;0.4853908634601529;0.5794048014204713;0.5704372286463602;0.5605101420358016
0.14832373027863957;0.053422260375738384;0.11545150647598623;0.09444245885015917;0.842217206455047;0.09876324586452999;0.046958692883231734;0.4450985383091489;0.5722752210405088;0.5655763687404793;0.5556040423616513
0.17467683047772034;0.05350480404133773;0.1146073356065811;0.09614604384521502;0.838234702882918;0.11890781487872835;0.046958692883231734;0.4459712143671142;0.5670523625077285;0.5604696655665347;0.5498454182266258
0.180698227373236;0.04804041337867715;0.11373817690810473;0.08405885301459809;0.8365755540302018;0.12361552318490963;0.03929110678104775;0.40191507051336783;0.5584808548119189;0.5543853541726576;0.5425033043777522
0.22460863368896877;0.04388021263248221;0.11281200263679603;0.07532571523942588;0.835233694281792;0.15670838217122612;0.03929110678104775;0.37013966108713203;0.5485360054032066;0.5471986811775329;0.5334732435348546
0.16800652338402994;0.04635652260045542;0.11192613381113947;0.08307378779468866;0.8327316280503179;0.11454866258868966;0.04229403379136376;0.40045526801778164;0.5434934475277111;0.5402733751864888;0.5243187358189598
0.13297761627123955;0.051441212401360126;0.11112304200438539;0.09718079467326352;0.8291336536575797;0.08859361595458011;0.04229403379136376;0.46076258540499404;0.5446543070276629;0.5350038527508247;0.5167172852071162
0.19106364951992888;0.04564664707630306;0.11040914823762682;0.08399461858197704;0.8205753579133162;0.13341818605458644;0.043972636249377306;0.41032037376481734;0.5410477482602765;0.529947154472741;0.5092094492580804
0.1457256407682117;0.0554363258163566;0.10975814953289342;0.1095669226710756;0.8120894853332585;0.10000726644215795;0.043972636249377306;0.51776225421557;0.547519529276375;0.5274110704970743;0.5044550990214488
0.2815045901213829;0.07016211575923648;0.10919565261285635;0.1472938088438184;0.8082729456756226;0.20401803871794377;0.07110863678922952;0.6445506120227578;0.5661759243713743;0.5297330341075593;0.505278930806609
0.24870156742421828;0.0840294515798854;0.10873155977510285;0.18270496136875294;0.8033084218194044;0.17978128353459455;0.07110863678922952;0.7359776982156981;0.5934074120960151;0.5379412206788969;0.5131358270547292
0.1322356547993643;0.08206491233862678;0.10821803281110798;0.1787161129054656;0.7959062701370014;0.09139340579378315;0.08107902927853772;0.7159937817123481;0.6130557096910827;0.5490899208677206;0.5249972086641956
0.19314016215408802;0.0916399775481227;0.10773135035698145;0.20346160455416543;0.7915005393214354;0.13882805593015657;0.08107902927853772;0.7729795645377054;0.6367368417310386;0.5635315234114264;0.5413249324320989
0.21123373745338253;0.09688975468022565;0.10726880475322575;0.21737618264100228;0.7890681296052446;0.15313434013537414;0.09514892324822188;0.8014633886553232;0.6594853079359928;0.5803899421948878;0.5611954007770584
0.1977388540490772;0.10435170205038458;0.10674877940643901;0.23691031281070632;0.7844407867088783;0.14334564240746445;0.09514892324822188;0.8392821160204785;0.6831987912285423;0.5994068642029126;0.5843110460842165
0.15878465241676196;0.1076864661405883;0.10619734520948887;0.2462061881366135;0.7796474098562742;0.11372829197754762;0.10256345370346898;0.8554012628540099;0.7037507522358386;0.6194132947723637;0.6093222902253165
0.14289247435580357;0.10806616700234395;0.10562765365135984;0.24816396580092853;0.7746815201860309;0.10192702832457075;0.10256345370346898;0.8572956909367556;0.718980023626287;0.6389700354796624;0.6345022727120503
0.13235809068581236;0.10133060388945725;0.10496087315984548;0.23254717524964863;0.7695031588826939;0.09426320851928473;0.09829524845846915;0.7742163571106766;0.7235775110794703;0.6556876014139776;0.6569784455026751
0.15738153715806716;0.10606861029484582;0.10428480926434158;0.2455641183165305;0.7661917953100048;0.11424402614836822;0.09829524845846915;0.8026338119531244;0.7299324951486019;0.6705436907619423;0.6775710380273235
0.16148313935407724;0.10045564103410687;0.10355776400859762;0.2328542103474537;0.7619805704199702;0.11797860502946568;0.09302325581395321;0.7357508807351076;0.7284444582841092;0.6820815393253704;0.69446077334991
0.10575766999610653;0.09662561495030841;0.1027582308400401;0.2247199076781004;0.756048700025215;0.07471124790893847;0.09302325581395321;0.6921066297520656;0.7224042176268684;0.6899031824293427;0.7069739897834894
0.0900907739662126;0.10557334830125109;0.10209408064632264;0.248215572951923;0.7498973538228781;0.06287537533784678;0.10054744371620616;0.754036605636489;0.724158467887592;0.6965696030667718;0.7177957728743218
0.10988620808713517;0.10623369762604384;0.10147804942994831;0.25095555581176054;0.743166797411257;0.0792321169289099;0.10054744371620616;0.7583969141347378;0.724675641409302;0.7020233488622227;0.7268474203312603
0.15029005061499545;0.11239145507973713;0.10088143600025123;0.26737266896263523;0.7402463718376151;0.1117647675987651;0.09971236008131479;0.7984377470391637;0.7290759726516933;0.7074125403536232;0.7354106122919976
0.2101807888299292;0.0977812262686959;0.10021256674283929;0.23211867119272317;0.7362698918555457;0.1601704346683614;0.09971236008131479;0.6354424672217686;0.7181150490940327;0.7091677124908733;0.7395303617932044
0.137306949216043;0.10299798593455911;0.09952273246475185;0.24635414693653895;0.7302752640573782;0.10254714929921503;0.0978819242351392;0.673662943912975;0.7127657378645161;0.7093243451017724;0.7413461424785652
0.0932422736833857;0.10359230032687261;0.09891273546097024;0.24891872038422083;0.7229153125262655;0.06781954719270604;0.0978819242351392;0.6780387987720592;0.7077889170525177;0.7082890140406048;0.741313248586014
0.1700732411472732;0.10471489417902036;0.09833963998804585;0.252735453508819;0.7168952945955789;0.13067351556136614;0.09688657202385453;0.6867457878988285;0.7036275102557152;0.7064902735594124;0.7399386396977348
0.1100919003763679;0.09992736157427262;0.09770233430419628;0.24192512790612816;0.7130732216400975;0.0824320579691865;0.09688657202385453;0.6318824563944598;0.6949293778614487;0.7030228023578047;0.73625634996148
0.18683961143747074;0.10251923267408447;0.09702634777039254;0.24958906433490174;0.7101821085366877;0.14524675312112145;0.09398486727231292;0.6545896849987798;0.6892974178537722;0.698935404186772;0.7314339940356539
0.13379793671044157;0.09644401888599052;0.09633357374770934;0.2356654275460299;0.7060333608830862;0.10252612175606061;0.09398486727231292;0.585738559167769;0.6784724751151938;0.6931410164833037;0.7243105036115793
0.06259902002316486;0.09504077657080567;0.0955177172604702;0.23361294526951765;0.7004355896114085;0.0447969874500973;0.08704270735801423;0.5703322806348822;0.6678311183014642;0.6860238509606575;0.7153028109654294
0.1275928859852538;0.09033578763165684;0.0947283958363001;0.2232782015237284;0.6965703008993358;0.0985417568638617;0.08704270735801423;0.5194884374448234;0.6545369850950079;0.6772298130547963;0.7040284980249903
0.13316127010091164;0.08615907815234247;0.09388368343499476;0.21435936035681422;0.6957074916650323;0.1032228935534127;0.07784835218597852;0.4768995379308262;0.6397828268062036;0.6667537869144304;0.6904747790517073
0.13087416774206187;0.08122296694951592;0.09298504992885448;0.20364209232958386;0.6925235690471518;0.10171568936275731;0.07784835218597852;0.42961708879836535;0.623381800253327;0.6545481064316148;0.6745838864504037
0.1034362855890513;0.09368706045498043;0.09214451505934385;0.23622116519064726;0.6903551466674138;0.07931206949050702;0.08893218952180915;0.566910850498628;0.6212546290417029;0.6442874875380323;0.6604512961659447
0.11308423344115853;0.09538745996632203;0.09120317789485322;0.2421323800284715;0.6869686633233405;0.08764646600176211;0.08893218952180915;0.5834034838247198;0.6208226285254511;0.6359782462104993;0.6482901933495627
0.10061291404755898;0.0939842176511374;0.09026996370885243;0.2402881106457318;0.6842960104222116;0.07759375202595346;0.08848512454555424;0.5677898970924763;0.6189808685706887;0.6289013389856326;0.6374685861582698
0.15431084512594978;0.09421533991481468;0.08932236024666906;0.24254578624867001;0.6832448589359259;0.12226872837636128;0.08848512454555424;0.5703245679861392;0.6174999358213246;0.622894447031162;0.6279028742982293
0.15207761455713714;0.09168950374748208;0.08833050589213798;0.2380055922387223;0.6816739977026305;0.12062247297799918;0.08275763173655193;0.5396962118127718;0.6138821489228687;0.6172452346419017;0.6188686053633771
0.1154423486141482;0.08530062403011152;0.08735226719679012;0.22380607679692965;0.679076604656375;0.09047053051546029;0.08275763173655193;0.46762001185297486;0.6052174966517192;0.6107051937647028;0.6089891226602341
0.08717435115101976;0.08903159771519098;0.08641827939378999;0.2347688905505655;0.6752541814921691;0.06730220063043814;0.08557498460578072;0.5150696622719868;0.6016407939175412;0.6046390434155128;0.5997219823964642
0.09990033718843128;0.0934724469244228;0.08551322486655621;0.2474509361482291;0.6722798587958421;0.07822970994883312;0.08557498460578072;0.5682888011190633;0.6027184808948925;0.6000374489501921;0.5921969521989935
0.0860283512538659;0.09768217386997691;0.0846235653176044;0.2595292055298707;0.6700060936318044;0.06684277615730251;0.0929810798727968;0.6154247253702145;0.6072262365270311;0.5974074205188128;0.5870568352487953
0.05264987989039538;0.09931653844883925;0.08379633666047948;0.2650732684291048;0.6668415375563836;0.039118162283721655;0.0929810798727968;0.6333136547079816;0.6120940506281132;0.5964386136269381;0.58404858474617
0.10835086207107647;0.10009244890547064;0.08295618859946918;0.2684991048355338;0.6633910710783626;0.08626373162560301;0.09554537709508937;0.6420887736644906;0.6164298392142166;0.5966747110693902;0.5827201112563625
0.1159100537003798;0.10192491828177075;0.08214636632482275;0.274506396816168;0.6595221401955564;0.09306819133289577;0.09554537709508937;0.663358812505437;0.6212331097706221;0.597983752770313;0.5829414122026884
0.13723348768417418;0.0963614752203914;0.08132354728459212;0.26208993589184;0.6561004258538088;0.11150279216738644;0.09256775564946684;0.5791928548291537;0.6198118505886578;0.5986995363424173;0.5828620471521396
0.1492885250638503;0.09982830917555363;0.08058698653976037;0.2720436651398629;0.6542605342784298;0.12195183627213145;0.09256775564946684;0.6225316876474482;0.6215104230628652;0.5996682848186626;0.5833269946562781
0.10095083709415564;0.10255225014032399;0.07988701787898433;0.28007955736436785;0.6492224665900874;0.08153667959511478;0.09137839410886439;0.6551860673312921;0.6249774280148576;0.6012518187867049;0.5847072727227747
0.10832637489378685;0.09130980288572621;0.07917366564412553;0.2533043674473061;0.6450183159162861;0.08827851658130366;0.09137839410886439;0.5020296769791152;0.6174478122649794;0.6007626752131838;0.5840071246793971
0.059650763877495544;0.09159045134876309;0.0784049224321306;0.25536824172789474;0.6353021250665396;0.047569903382513684;0.09043365302696715;0.5057922763744889;0.61157182117551;0.5990010290106303;0.5819533938679297
0.08358942839582051;0.10042262356786735;0.0777034838990569;0.2786418315487692;0.6295183229204604;0.06870212824561829;0.09043365302696715;0.6146784817256088;0.6146156784290472;0.598301565575741;0.5810551339699814
0.09394015823613963;0.10349324792815384;0.07703856008834054;0.287480242421846;0.6245462695766677;0.07815749734209161;0.10527958431392381;0.6478946994879867;0.6195216314729076;0.598886105008485;0.581623773252536
0.14313244869324177;0.11757519727936083;0.07640094495769167;0.32373454050145706;0.621271572857423;0.12119308312804204;0.10527958431392381;0.7725895128639417;0.6355617147876016;0.6030944210771031;0.5863268505683251
0.23583845319398494;0.11608941129857664;0.07578367595411928;0.3211238500252265;0.6184947678816575;0.20218674242714724;0.11528371755615696;0.751379545326328;0.6463845198091962;0.6089850445647681;0.5931956642508831
0.08578347948096979;0.12455839138904468;0.07529057247890014;0.3431219471487864;0.6121503165886868;0.07236449254549403;0.11528371755615696;0.8138455784418583;0.6617937866589145;0.617291116086148;0.6030852771833178
0.07682362131070064;0.12447584772344555;0.07471051445298338;0.34394519100959475;0.6059112080800155;0.06514800232857253;0.11686109775539588;0.8125923753888004;0.6730635204969788;0.6265641715558914;0.6144585098439055
0.06767031443984356;0.11925908805758212;0.07412511846977266;0.3319721947258589;0.6004066623707729;0.05762532631627637;0.11686109775539588;0.734110993183765;0.6764242962066004;0.6347663775514777;0.6250232304795562
0.08314131305142061;0.11641958596097313;0.07355480801804459;0.32590176633709483;0.5934445129297059;0.0719818110132615;0.10817285387723397;0.6935984870731717;0.6756511693024201;0.641147842546032;0.6338034885362946
0.06509671210670531;0.11031135470663944;0.07304073952214996;0.311578723140262;0.5853889768301908;0.05674618009760789;0.10817285387723397;0.6122034136832873;0.6687593386349555;0.6446457807260426;0.6394582343860418
0.056318059048379304;0.11140093109254767;0.07253549026004524;0.3151927334935352;0.5779384263020759;0.04957909346485609;0.10539767694916069;0.6237657026613569;0.6635131707062843;0.6462206800704657;0.6428617175863929
0.07822183913393752;0.10989863637864428;0.07204238678482655;0.312320575935805;0.5685903048216736;0.0701847386607004;0.10539767694916069;0.6033011331689647;0.6573255888448222;0.6460376025710949;0.6440970185242682
0.0;0.11744312741440188;0.07156785011758515;0.33197988089728414;0.5603842139915389;0.0;0.11848908908402223;0.6839707632951505;0.6584659384047844;0.6461570798354669;0.6453794249320071
0.13502474429265116;0.12947799385875092;0.07111180289662267;0.3628062321673959;0.5548166657327767;0.12346396194183974;0.11848908908402223;0.7849588806144105;0.669302866877688;0.6487799259892925;0.649211617659459
0.1345350007468589;0.12237923861722821;0.07065915959045554;0.34590365493921676;0.5507414969321716;0.12361762939202954;0.11718163490818245;0.689757947099712;0.6707042146070006;0.6512050091800466;0.6527780510237149
0.07570700602629432;0.1219830290223527;0.07014702513705862;0.3458240481637472;0.5455529095340821;0.07033601398631677;0.11718163490818245;0.6846279983929743;0.6706203410473577;0.65312551570168;0.6557307850242972
0.11232513094518054;0.11128536996070926;0.0695599271964511;0.3201836665563149;0.5399132532989661;0.10473516875597437;0.1003703047633504;0.5579572642936075;0.6602700011060079;0.6522481331810542;0.6555069079581378
0.17862416345680582;0.10017499257106999;0.06890142440682645;0.2936405715656679;0.5377892373854816;0.16630680936573744;0.1003703047633504;0.45389941597636696;0.6416293508968253;0.647199068215478;0.6504374824103188
0.1437250383836504;0.11212731534981968;0.06825994119118306;0.32459003883163495;0.5354343989017454;0.1344180202207353;0.10358411147944757;0.5683381712750768;0.637087268007213;0.6421005636923044;0.6448861217977909
0.13115821899862137;0.1056228745006107;0.06757977712558327;0.30957345591678787;0.5291659779228419;0.12371809826296094;0.10358411147944757;0.5113722837140133;0.627331880589708;0.63574672034941;0.6375947543272218
0.2806524363517044;0.10932083071945042;0.06692800480385186;0.31995321866663584;0.5278834785532176;0.26318035982268767;0.10807163161845956;0.545101097373087;0.6226194187053742;0.6295646592865957;0.6301365260825259
0.12274197616418162;0.11721200515072461;0.06635877741592244;0.34064521566024486;0.5243578572829406;0.11658151636215501;0.10807163161845956;0.6123365876974584;0.6256173784125232;0.6253181602633969;0.624540337956565
0.08543821028118626;0.1194571928550201;0.06590164713116087;0.3470561688937345;0.5181497072255064;0.08246722077397405;0.11972062656578109;0.6305201333768585;0.6296325262062465;0.622857327827513;0.6208079822982966
0.06133793039274982;0.12987420345362688;0.0654315200808151;0.3738722602230189;0.5104471464993134;0.0606243442826495;0.11972062656578109;0.7081927388976709;0.6416206139058341;0.6236843863916716;0.620727913868822
0.12366024531254208;0.12937894146003215;0.06495822120077221;0.37347669690077057;0.5030961252906732;0.1205966876653252;0.12578552690403244;0.7027017811127818;0.6500750953676087;0.6263176905797281;0.6228552177906382
0.08843788949916376;0.13182223396176562;0.06447904283153738;0.38042087827684756;0.49458248115877046;0.08819377463557852;0.12578552690403244;0.720751025427693;0.6582616482295003;0.6303335080274438;0.6267920377528776
0.07524419837552065;0.13406742166606112;0.06400226267499809;0.386866693787872;0.4878477222424564;0.07635425551643314;0.12498418402206601;0.7375219858217041;0.6659699186394219;0.6353437965272419;0.6321407507129698
0.07050348085225172;0.12556542410935378;0.06347983911551403;0.36658796576140007;0.4816206959347771;0.07250235229243836;0.12498418402206601;0.6359306335635999;0.6637179216271325;0.6388268423761583;0.6361194885003678
0.03178925355737468;0.12705121009013753;0.06301791240535826;0.3711133364407424;0.47570244865940103;0.035569283030629895;0.11808420004892373;0.6488744399939599;0.6625145487174255;0.6413326422076062;0.6391892916640547
0.10484184956547504;0.11907749199326423;0.062478856080393275;0.35218174720950784;0.47195034740705455;0.10708189666020303;0.11808420004892373;0.5613121394969911;0.6537867332950476;0.6413018809202564;0.6395423649999648
0.09704758103419145;0.12062931290652745;0.06194312630852483;0.35700276098257716;0.46932297649399035;0.09984795941103274;0.10898263194743141;0.576649076532369;0.6476812470291097;0.6398534203100087;0.6382506321008187
0.1268484757956496;0.1076864661405883;0.061411496706750945;0.32566404403517357;0.4667929636063093;0.12936498715368355;0.10898263194743141;0.4532355203687014;0.6308903747628161;0.6347788768989355;0.6328135966081013
0.10074269608719394;0.0982764882622904;0.060779296895095314;0.303315402593424;0.4623026573838007;0.10445316861818497;0.08853573567494122;0.38140014755427;0.60904124248038;0.6256238377788536;0.6225512101716102
0.18004931717506129;0.09002212170238022;0.06012481691386684;0.2838886043175408;0.4588535567198049;0.18307991507161536;0.08853573567494122;0.3269784140866111;0.5844993371191444;0.6125764243946512;0.6074992098025741
0.10989845167577997;0.09482616304024827;0.059434982635778955;0.2970946821026954;0.4550570840220771;0.11454256460286817;0.08700896660508928;0.3807729912976723;0.5696676066392349;0.5986796073736427;0.5908789863819335
0.0987371962671747;0.09048436622973544;0.05871923218822239;0.2875352808993701;0.4512290925391531;0.10406003299604956;0.08700896660508928;0.35113678873289644;0.554530056498869;0.5840319476845521;0.5728700186945441
0.17059726674127093;0.09269653646779119;0.05807426769608259;0.29419713272865067;0.4490903328383715;0.17574547836802862;0.08748977233426913;0.3769217892714053;0.5451174046312893;0.5701187090685029;0.5551724639711451
0.16899090791107235;0.0935549905900217;0.05739333001348479;0.2975463819269554;0.4464712268512032;0.1746824734328845;0.08748977233426913;0.3872751586167834;0.5391010075888037;0.557585042963644;0.5386376781302713
0.1534317554612527;0.09322481592762544;0.0567961750518875;0.2977823199390821;0.44180410024374517;0.16008746014032632;0.09403547840170035;0.3845525993116149;0.534763619890235;0.5465465941971104;0.5235479813548648
0.11784943814171708;0.1058374880311681;0.05622044928116621;0.33026215883692817;0.44011686465133204;0.12480041206663715;0.09403547840170035;0.5301118440603033;0.5432292159992902;0.5396900845513551;0.51299596264225
0.1380268722283576;0.10311354706639797;0.055648204786940436;0.3244833932031188;0.43326261451825276;0.1462338379928586;0.09759512783527757;0.5038866099268894;0.5480756107279764;0.5353350975072672;0.5054016170172745
0.09719695281565807;0.10291544226895999;0.055053912208240074;0.3250436601987539;0.42777641974616865;0.10594087255215974;0.09759512783527757;0.5019136773250531;0.5522633978651157;0.5328277356250924;0.5001677529698976
0.12150537371105619;0.09233334433915519;0.054394248993117955;0.2998202533911106;0.4219401563331744;0.13151921335657502;0.0835927153714433;0.40476605016763945;0.5467107235272094;0.5295269150054456;0.4944461566216147
0.10758931085736953;0.08629114801730098;0.053732264926997786;0.28592434172059283;0.41720162216681134;0.11812947181471072;0.0835927153714433;0.3575928731324818;0.5376019975897628;0.5247620257694913;0.487389146886652
0.09331573521525452;0.08738072440320899;0.053041657031910994;0.2898672104083941;0.4120782086123329;0.10432059183142688;0.08050543647881492;0.37161007136127744;0.532113616455783;0.5196701769914855;0.4801181493186563
0.09394015823613963;0.08520157163139275;0.05232018181856146;0.2857120112349855;0.4078989577788361;0.10558737256901761;0.08050543647881492;0.3538598755513812;0.5266355317199671;0.5143191617878933;0.472665497023984
0.14991294808473543;0.07419024664047269;0.05161402422179373;0.2595005196400886;0.40467784299442444;0.16382567829818206;0.06682356116776722;0.2741943721612181;0.5134226118275357;0.5069569837762302;0.46306701806364514
0.07638774955494554;0.07161488427378071;0.05090678356122691;0.2543318438631125;0.40042189645028436;0.08854199833402597;0.06682356116776722;0.25771353848221723;0.5017553952725975;0.498346346747429;0.45203164846976973
0.03280302269716462;0.07407468550863383;0.050223525027631055;0.2616792747328647;0.39486909197881914;0.04394520121559373;0.06402307867500001;0.2939114849259231;0.49588192741123155;0.4900880942190109;0.4412617789875419
0.11253816938760017;0.0662495460098389;0.04949632504848811;0.2434520682114764;0.389138521558849;0.12791055354509523;0.06402307867500001;0.2418556370075124;0.485525457563465;0.48106627491177567;0.4295680069393427
0.12723537319682549;0.09551952983128054;0.0489503061705312;0.31742570354546584;0.3821845319810606;0.1445873522545218;0.09474403421312338;0.5561593117243556;0.5045570745660216;0.4782871552128428;0.42465959701104095
0.20244528952414065;0.10492950770957821;0.04852636405503086;0.3416481237781039;0.3767479267643514;0.22515803697298326;0.09474403421312338;0.6245852335197286;0.5288456099508134;0.48172815349779186;0.42691227076046884
0.16921863865986575;0.10727374781259269;0.04815100508707282;0.3481610560360328;0.3722078558821056;0.19106787907859618;0.09457533044849864;0.6407758364185235;0.5507317567967039;0.4895849886295328;0.43466073809154016
0.27214803967902207;0.09284511506586957;0.047667030292443346;0.31303195855177124;0.3721692979015492;0.30038003710521816;0.09457533044849864;0.5236020999793352;0.5556634424648529;0.4970205679835;0.44271229459653744
0.3193740097997683;0.0885198269884766;0.04712472477608198;0.30320601190368346;0.3632194688034067;0.35391713831562044;0.0846724194650399;0.49256960244944425;0.5561842312924776;0.5030904838724204;0.4498559963409433
0.34649600736574293;0.09221778320731655;0.046653746747036706;0.3132650142496133;0.35691326030314063;0.385538363152048;0.0846724194650399;0.5228451120380483;0.5603337040651258;0.508914109099383;0.45713521269780727
0.43932199903520525;0.0988708026546039;0.046263921141196374;0.33055052751841474;0.35690313927100537;0.485487409456883;0.08212499261921025;0.5752863300729952;0.5698903784811579;0.5158017074349794;0.4659056866389044
0.566341885071882;0.07688117013900331;0.045928480810391026;0.27629933355403663;0.35643084778528;0.6225452928658799;0.08212499261921025;0.42392776008205113;0.5582619427639942;0.5185999355068118;0.47045212691690586
0.48473102060106227;0.100075940172351;0.04577081766597724;0.3344312205695117;0.3513837447118482;0.5374190575926041;0.08650285531121638;0.5806338308211975;0.5700991992979281;0.5235990673601698;0.4774378016598486
0.46221506108326377;0.08424406511044324;0.045460442525942835;0.295494174156566;0.3489992085282827;0.5143235065916218;0.08650285531121638;0.48925005189437853;0.5656970119298123;0.5265717451234333;0.4822935437990012
0.348574968717631;0.08574635982434686;0.04507448500509703;0.2999259382482006;0.34844307707393596;0.3913150142152998;0.07616974972796475;0.4987021365560864;0.5639406537531242;0.5285402895957737;0.48599937294336526
0.3127575744961151;0.07835044738666741;0.044678625186663545;0.28218145074289575;0.3472249810887287;0.35292114460800916;0.07616974972796475;0.4576526332453391;0.5564135660907548;0.5283597439973056;0.48721895428068507
0.4957575965345747;0.07164790174002023;0.04422017975300374;0.2662773895346181;0.3472456434034683;0.5516962005351804;0.05001223102293473;0.42208402804477363;0.5450637853140876;0.5255684416356537;0.4853181238098236
0.7089968338079764;0.041255324066431065;0.043628130663601716;0.19152292153571834;0.3503127714117613;0.780935677089071;0.05001223102293473;0.292953959743133;0.5099125663929893;0.5151378350589969;0.4745844837164634
0.694120873604537;0.07622082081421055;0.04321850046258424;0.27946027155243525;0.3549252304373407;0.7613198098026496;0.058152187666067556;0.4975346955207133;0.5142735261049903;0.5078103628753186;0.46654897053886346
0.5444503485749688;0.05261333245286748;0.04273027077445857;0.22144491238588146;0.3584627938251197;0.597733343450251;0.058152187666067556;0.4076786739483548;0.49777842255700644;0.4981015859985246;0.4554300654346337
0.7060730648395968;0.040644500940997474;0.042186031215600384;0.19255794686988845;0.3622880887008657;0.7685957292414008;0.056161483243498456;0.36794254152409167;0.47541660580668177;0.4851195977060772;0.44016629090372694
0.8138974525989466;0.08804107372800196;0.04184656807640019;0.31137627487505815;0.3688877721121788;0.8784649283790908;0.05999105870047483;0.5693511970302513;0.5011766890072717;0.48074147864407185;0.43386138004129365
0.8194413495373147;0.06321193911579215;0.0413799996642501;0.25027546689373703;0.37371476900232525;0.8802483887310714;0.056751946419684174;0.4852824063174356;0.500516916404283;0.47708511878442167;0.42837649599504074
0.8712145884807421;0.06288176445339566;0.040886973550730676;0.2503266622855491;0.3813770907460845;0.9283075165205367;0.056751946419684174;0.48421447688952435;0.5008160189780776;0.47422978417331857;0.4238454013179807
0.7782735070780187;0.05645986726978536;0.040370971012338774;0.2352247079666609;0.38942338133527565;0.8240306746784082;0.05353813970358701;0.4626031117702093;0.4964794788549162;0.47093419826361893;0.41892677454477334
0.8625926533570696;0.06334400898075043;0.039918714514671105;0.2531974473126677;0.397829301263553;0.9049742443319673;0.05353813970358701;0.49175691730991267;0.500319502784978;0.4691932559367574;0.4158030550509989
0.9624929905455009;0.06520949582329028;0.03943620959233929;0.2587063734282471;0.4070803799064242;1.0000000000000002;0.06591256083879493;0.4998735101310924;0.5060867272616383;0.46914546811527746;0.4147163189214682
0.820364516121133;0.07881269191402218;0.039077019219663;0.29327259610871054;0.4130728364105005;0.8488778186994128;0.06591256083879493;0.5581921803907643;0.523671208669359;0.4732080892156695;0.4184460649043571
0.7307365498056941;0.08959289464126496;0.03869315046471522;0.3208415204784313;0.41799579049113267;0.7535714870376194;0.0925087093318484;0.6014253946650772;0.5478190438952837;0.48208966766047645;0.4279990648739032
0.7358592672946811;0.10648132862284121;0.03839051149467165;0.3635014189221463;0.4242125907040595;0.7543886419209016;0.0925087093318484;0.6636077001409193;0.5822319978944435;0.4972203254139642;0.4451933788266011
0.65774027430536;0.10527619110509434;0.03807387005694496;0.3610573536621585;0.4288237889782309;0.6722108893620727;0.09435601555448692;0.6576165413708353;0.6083052680778268;0.5154053610698809;0.4667205839037447
0.5332646059890738;0.09441344471225266;0.03769417883379278;0.33463723741430484;0.4313750245146106;0.5450934870386307;0.09435601555448692;0.603577350042159;0.6190126660786092;0.5324504463237559;0.4879030629241934
0.4072340019148972;0.07460296496846808;0.03726551765459707;0.2859866546103573;0.4324245650407641;0.41758348801553885;0.06543175510961508;0.5153755894343522;0.6096517974323922;0.5439034799518884;0.5035090247408973
0.40959701452334485;0.06847822498101475;0.0367460338397092;0.271632043209459;0.4341978118958898;0.41922871042962434;0.06543175510961508;0.49023356933528117;0.5967692192665507;0.5500615795196527;0.5133940435641389
0.3252019579946961;0.04851916663915179;0.0361122094323556;0.22297487225857568;0.4355094836522566;0.3338902879172261;0.038852476993023854;0.4146956708093804;0.5690483575099604;0.5485233172840194;0.5144964022919085
0.333162739331549;0.042543005249777055;0.035471964003910283;0.20920509615125926;0.4372162608914911;0.34129610840312946;0.038852476993023854;0.393819696055973;0.5423751912458455;0.5410722971490911;0.5083647555564472
0.27289000115089734;0.0437481427675237;0.03487210138281727;0.21327519842674944;0.4377606253326982;0.28066399869501185;0.04285075621462431;0.4004235073729666;0.5231732269152992;0.5306334188414594;0.49801615255144166
0.29307478139072474;0.05513916862019985;0.034359270674121145;0.2425964326282359;0.43847091866752574;0.3006841875164829;0.04285075621462431;0.4624006673517218;0.519045255651261;0.5213196380151075;0.48802432860643413
0.29352289673512466;0.06479677749529489;0.03390925766575137;0.2674827459176816;0.43983739808926114;0.30070692903541335;0.055596325632006005;0.5117672719173857;0.5252425480378419;0.515313874906388;0.4810599608972216
0.26306084818684694;0.05903522963647756;0.03341955810532804;0.253981162291862;0.44031732412517854;0.2700752273979206;0.055596325632006005;0.4855555931068042;0.5258323079043228;0.510646801460911;0.47523717316239494
0.26799501441070384;0.06641463334103714;0.03291144646032684;0.2732882758984171;0.4407957092427086;0.27487408391660995;0.059898271629931;0.524433785973645;0.533635145485437;0.5087328311187357;0.4722900959074622
0.18329631688366388;0.06583682768184351;0.03241168987891507;0.27273377353135175;0.44033525481186775;0.19025405154738723;0.059898271629931;0.5214951685514789;0.539968241446756;0.5086785869516899;0.47142630240224787
0.18450353472404174;0.04941063822762226;0.031850817554576416;0.23275881946995014;0.43881093631804546;0.19179638313257263;0.04442813641386367;0.441993202845517;0.5310718318030229;0.5065604728521625;0.4683619258072091
0.1709841641424468;0.05256380625350787;0.03131137442111109;0.24158048546956792;0.43735406802454246;0.1785544011619707;0.04442813641386367;0.4609022797591822;0.5276478885264172;0.5040674887362396;0.46485092945066503
0.17287947166466278;0.04399577376432107;0.03070207367262867;0.221291188957388;0.43740491833132533;0.18044503977525606;0.03505664228897243;0.4206199572833984;0.5181920334948918;0.4998679152316381;0.45938325779101263
0.1982237001594115;0.03963746822068859;0.030046665351001423;0.21158355444801497;0.43673920656711385;0.20602311927564876;0.03505664228897243;0.40061520253877636;0.5078383783987707;0.4940936955675973;0.4520132701436502
0.2200711597372036;0.03899362762901548;0.029368899498099843;0.21118016770128006;0.4365024304485472;0.22801081727762307;0.032036844902193495;0.3975539801519543;0.500181924675472;0.48768876938893313;0.44373211789869826
0.13210832147745832;0.03872948789909825;0.028706528623480665;0.21169651371734474;0.43427821981901205;0.1400964105937732;0.032036844902193495;0.39621166954415266;0.4950614722072128;0.4813706951662655;0.4353470370499408
0.19733236690606965;0.040644500940997474;0.028058392301643753;0.21762282639189656;0.43388815734177566;0.20578960248364553;0.03046789989118559;0.4117238460120307;0.4939120692019023;0.4760481851834283;0.4279251913518326
0.14133508988018423;0.034007990226829765;0.02732229572701117;0.20237607009349085;0.4319866990726471;0.14980003457627217;0.03046789989118559;0.37480443342665315;0.4883296752903482;0.4704883152246656;0.42017235520668195
0.19712422589910794;0.023475418496384348;0.026551695834219124;0.17747301193058437;0.4314489535763313;0.20614791546419609;0.02002513686092877;0.3212789825962399;0.47589465833980776;0.46314046702359557;0.4103429823570488
0.15123280694064553;0.030739261069105295;0.025795407855909946;0.1969322019288997;0.4300736138738688;0.1601456059576178;0.02002513686092877;0.38445234925207306;0.47395986290414166;0.456810977630585;0.40150347712087964
0.14374462812548208;0.026380955525472816;0.024983574177066536;0.18750209310918248;0.42845519429580015;0.1528912443627382;0.014837496098724978;0.3610600543947209;0.4700028461875825;0.4508245759975382;0.3929873015760084
0.1521314863471743;0.017680853171327504;0.024090123904819016;0.16738751974385294;0.42726921245062055;0.1616009221541872;0.014837496098724978;0.31675745472013106;0.46066954936275606;0.44385885010053583;0.38333848813945437
0.13340614187380778;0.023227787499587205;0.023258021460599743;0.18269892223406156;0.42673377833188564;0.1427501846822808;0.027869861915968075;0.36727311871771584;0.4598210841659906;0.43808840004727734;0.37495953613599053
0.19767763610585315;0.04634001386733555;0.022550239268133154;0.2416009361756787;0.42762159246911136;0.207603313883942;0.027869861915968075;0.5408281433252075;0.4811530726820949;0.4384468420495947;0.37351937841623795
0.12792591159639255;0.04655462739789318;0.02185382924555368;0.24337177517070097;0.4277960664556075;0.1370166641892938;0.031421076161314065;0.542228425508283;0.4993843084019347;0.4429852756423734;0.3772032962845366
0.12252404028630406;0.029963350612473905;0.02119339241343221;0.2031617066155417;0.4274562939511948;0.13161113713589223;0.031421076161314065;0.4424295216962729;0.5001264040637536;0.4467890855675707;0.3806472076278907
0.14294879486356968;0.015022947139036402;0.02046433575349038;0.167190973360279;0.4270728854397221;0.15234644131022107;0.0;0.36875610698619055;0.4886166653569571;0.4471479640683961;0.3806325015234773
0.12448301446947305;0.0;0.01965196054274765;0.13116218206014624;0.4270783136749503;0.13365799348997176;0.0;0.30630484045793743;0.4675661292190987;0.4425259019242923;0.3751210118961331
0.15183274278424103;0.009211873080859467;0.01883486626830999;0.15558801132941677;0.4270188832544197;0.16134763716305578;0.005837150256007728;0.3733823592979292;0.4606977446709757;0.4372264862287992;0.36865043702494504
0.11285405397463616;0.01723511737709238;0.01803711241885031;0.17701486121244878;0.42682350180707695;0.1219307309148386;0.005837150256007728;0.42835481141264775;0.46396856764426075;0.4337497375452631;0.36404590915673896
0.13717716717640807;0.02958364975071781;0.017267982398356363;0.20917901806963896;0.4265408483456139;0.1466029418601188;0.021653128189555337;0.5060346843829986;0.478968363349064;0.43446641915896733;0.36415054047203765
0.12837157822306347;0.02781721530689696;0.01649096148447171;0.20615176455280426;0.42663319838623814;0.13767134271265918;0.021653128189555337;0.4963901402091262;0.4905126479918797;0.4377319902968044;0.36736986035338026
0.1580745242753632;0.020520355267936496;0.01567409929513408;0.18940126371638427;0.4276075140783906;0.16754630392765646;0.01379996794628413;0.45656027280526346;0.4943306146899724;0.44123482967295546;0.3711965855621636
0.160234293312307;0.021510879255125737;0.014852440680401813;0.19332958357970234;0.4288442411677358;0.16948041481551668;0.01379996794628413;0.46348441409345853;0.4993755689527389;0.44521362762681405;0.3758569679822211
0.14400174348702302;0.021907088850001477;0.014041535341957623;0.19575649220704514;0.4290989829938643;0.15302984265434572;0.025322435070138427;0.4664310577623766;0.5047991274051227;0.44966148617576013;0.3813193761043503
0.12839851411808206;0.04267507511473556;0.013352165234068902;0.24877885951490414;0.42854180091334415;0.13736405761004694;0.025322435070138427;0.603909722771332;0.5284608290851885;0.4587378840815676;0.39230864911125973
0.15750887047997314;0.05096245914088526;0.01284134592957109;0.27035545248765624;0.4274989493738268;0.16699588690797507;0.04801309141213439;0.6495741569876409;0.5551124368468764;0.47221438512561037;0.40881025000130433
0.12958614221662826;0.05802819691616823;0.012351414284048623;0.28884796917625555;0.42638794721654083;0.13894427528323594;0.04801309141213439;0.6863364365326284;0.5827232257918683;0.48943465793024027;0.43026038297723024
0.12038875842664987;0.05395053983557263;0.011824658469369087;0.27961207343807326;0.42530674782170164;0.12981355724667337;0.04331469156734191;0.6555542563695717;0.6009230102693677;0.5074552214663436;0.4534010715315136
0.11391190003354743;0.04584475187374082;0.01128861925070046;0.2603457239906819;0.4235638290421091;0.12353419167521042;0.04331469156734191;0.5964594403276251;0.6079822814351906;0.5235179546661781;0.47497514613131575
0.04810261106771438;0.046505101198533794;0.010760470925422538;0.26292978737304773;0.42109657355784047;0.056997339037985345;0.046064562930721475;0.6006098663996101;0.6139797555116354;0.5377668034406514;0.4948863556120844
0.13005384730285985;0.058672037507841335;0.010279435875389265;0.2941298787286848;0.42022262768610075;0.1405154505567306;0.046064562930721475;0.6735759234379534;0.6292458036894452;0.5527260553731091;0.5158159112560695
0.21962794182826162;0.06657972067223539;0.009794455378660416;0.31471358305704267;0.42080474462779804;0.23155009559734296;0.06564263481539534;0.7158901210098112;0.6478355172641339;0.5690287370096352;0.5384722932724825
0.2145248140811064;0.07691418760524282;0.00936796032706333;0.34124638406810337;0.42185782226206814;0.22609188115701745;0.06564263481539534;0.7662370875989004;0.670962035800685;0.5874641841022672;0.5637824567529848
0.247457618817906;0.08447518737412074;0.008937133020270771;0.36086931696837576;0.4232823312694365;0.25916966649802825;0.07964504727922961;0.7999218805124955;0.6949284614346651;0.6078017170735299;0.591546313037619
0.18301961178029125;0.0864232178822597;0.008512185202671496;0.3664820063981885;0.42409499061440625;0.1935634940913007;0.07964504727922961;0.808488755251015;0.714319415357876;0.6285938796385189;0.6201411871919217
0.20733537882887626;0.11273813847525327;0.008209623594328086;0.4326532169646975;0.4253997982797746;0.2179147095291642;0.11558738433248061;0.9053413992062233;0.7514385768698415;0.6538841154098991;0.6541296198889006
0.23311058164392212;0.12850397860468155;0.007961988792918984;0.4724155660343702;0.42698662903090234;0.24361383366016415;0.11558738433248061;0.9489352772318088;0.7927017209909847;0.6837392219091736;0.6937687792037991
0.2563513616094932;0.15159969623931024;0.007849891689751587;0.5302195554867458;0.42874565741181736;0.26663248781570953;0.14711811794080143;0.9999999999999999;0.8432190346773791;0.7194043764281002;0.7406202123882517
0.2536528746721779;0.15135206524251288;0.007738955012082105;0.529798737601245;0.4302027358305549;0.2634934387512948;0.14711811794080143;0.9978487431871487;0.8797816547960431;0.7564632155529936;0.7898062224048028
0.18026725305293884;0.13046851784594038;0.007490469231974828;0.4781520577253434;0.430909176869414;0.18927032811883926;0.12325497043466527;0.8304428023360116;0.8867576890120943;0.7877371576557533;0.8330007889790547
0.23027496651378504;0.1257800376399114;0.007151470262974247;0.46705953982891707;0.4321043341831732;0.23940005329419428;0.12325497043466527;0.7968499317158116;0.8847860547535008;0.812296509377441;0.8686267592202119
0.2376994786679955;0.12069534783900648;0.006781603975710038;0.4550335638635752;0.4340524402543917;0.2463605919716902;0.10608092719589024;0.7603267463968278;0.875476462027826;0.8297729141627457;0.8958033339111885
0.3271805219196967;0.10194142701489062;0.006345670796723546;0.40903114162155196;0.4367165830835178;0.3354649977538776;0.10608092719589024;0.6386470724326795;0.8484438233216869;0.8374497955987026;0.9110650243842784
0.3182965739990254;0.10430217585102497;0.005903084511544865;0.4157045227079703;0.43988134928417333;0.3254924403861025;0.10445293586726345;0.6495332132164419;0.8264935176087832;0.8384723018475376;0.9175485056042494
0.29138761487547044;0.115148413510747;0.005578088010228299;0.4433337011715364;0.44233109433222184;0.29779832122706745;0.10445293586726345;0.6983279895917787;0.8162741956480382;0.8369070736215516;0.9197017575656947
0.26270088668068964;0.10433519331726471;0.005198164701975649;0.4170375244379076;0.44536740397276775;0.26828038093947854;0.09412826547224373;0.6299061050236728;0.796220978523863;0.8309783094140032;0.9156217539358487
0.21454930125839605;0.09490870670584717;0.0047565067571953;0.39430965278818686;0.4476043972207435;0.21976077693700508;0.09412826547224373;0.5746701275720285;0.769917179200647;0.8201010272291132;0.9046529516310426
0.2091890581496999;0.08764486413312622;0.004312837408218861;0.3769793950214466;0.448950914745188;0.21411106517671546;0.07846412092685817;0.5342192612088557;0.7409271702440683;0.8046384836170092;0.887191412303955
0.1800909453764536;0.08094231848647904;0.0038744286548344498;0.36103978527033176;0.44920586669655105;0.18515089097027942;0.07846412092685817;0.4980793178485676;0.7106589912550879;0.7852096506871511;0.8639539297602066
0.1570387166760126;0.09632845775415166;0.003568076323196223;0.39995926329144893;0.4493133107331968;0.1622349763879377;0.09149648674410127;0.583773008767692;0.6992549543409011;0.7670070654653944;0.8408378191003179
0.2407995553128604;0.09776471753557625;0.0032612598213574984;0.4040859138281362;0.45081027792564354;0.24502490953344086;0.09149648674410127;0.5913506946307643;0.6904324311607271;0.7503875094769026;0.8185779261662974
0.20139723833614526;0.09717040314326253;0.002913751065367176;0.4032201215183695;0.45286652845095676;0.2054730542607211;0.09002876399186777;0.5875686866558746;0.6819385065168955;0.7351110088622057;0.7972006223292246
0.22381769786251426;0.09405025258361643;0.002543884778102967;0.39609407983626194;0.4543789398481495;0.22729928330391352;0.09002876399186777;0.5668609160421876;0.6715666491157646;0.7204710025769866;0.7761438959980012
0.14803478158662214;0.0939346914517778;0.002195215596612954;0.3964244479544636;0.4552746687025466;0.15219386890534492;0.09422105254278712;0.5660579827668747;0.6624969459751537;0.7066438652583217;0.7557543270475416
0.1579790242839337;0.10549080463565197;0.0019126133068465556;0.4257489762294159;0.4558089821533633;0.16191787986861655;0.09422105254278712;0.6390305672944768;0.6648655153222703;0.6961345260191288;0.7389651897136971
0.17823971477335893;0.11047644203783769;0.0016621161225414127;0.43862852898208204;0.4566835934216793;0.1817475171035386;0.10240318512707614;0.6680432837841739;0.6703621196453706;0.6890089097350027;0.7260954620349819
0.15659060133161268;0.10496252517581772;0.001411077406337835;0.4253211584377956;0.45612991342840314;0.1604854392527833;0.10240318512707614;0.6239830083639814;0.6689679641312137;0.6829832877260537;0.7147959691634778
0.14260352566378615;0.10350975666127371;0.0012127220077715606;0.4220495944721045;0.4552893074272266;0.14682435794487414;0.09834585958785613;0.6122989552539913;0.6657799460342786;0.6774193170509282;0.704387495417023
0.13250991118500796;0.10398850992174835;0.0010289879704870053;0.42356967212439767;0.4541368755778443;0.13704734696344417;0.09834585958785613;0.6156708559097812;0.6629297708528058;0.6723034552982664;0.6948426135589592
0.11623083572287371;0.11381120612804141;0.00090358465493523;0.44829183075270096;0.4524416202056425;0.12121328692937046;0.10674730706615687;0.6822823664117021;0.6686343699784789;0.6695411271690417;0.6882713963082663
0.12392960426272781;0.11012975864232155;0.0007244923196458863;0.43942734179800447;0.45040883366486417;0.12917354329795067;0.10674730706615687;0.6482277653832567;0.6690422865112312;0.6674263942875329;0.6828656767331777
0.11660059209994686;0.11493379998018938;0.0006332055137541204;0.4515714926489997;0.44881608438629406;0.12215509232730311;0.10517836205514897;0.6809223375820369;0.67279468487257;0.6666096993516686;0.6793253673683057
0.15152665306812088;0.1059365404298871;0.0004921751348194725;0.42938082948063977;0.4484102625164599;0.15693107859187627;0.10517836205514897;0.5983129700385984;0.6669279007125352;0.6645881591938754;0.6748779180500116
0.14709937141415896;0.10317958199887722;0.000340855649798133;0.42277291810439266;0.44753712212478636;0.15269251647831672;0.10527114912569235;0.5744083652939478;0.6591063721547383;0.6611468797579217;0.6691499722481385
0.128844180744753;0.11787235447551714;0.0002607089286925657;0.4595616796041395;0.4469195290393073;0.13464116355843042;0.10527114912569235;0.6785993285908193;0.6652634815943548;0.6598297467548481;0.6659579531215241
0.1673845490808738;0.12695215769141877;0.00021978458944049706;0.48228104156407026;0.4458306950942761;0.17321312280983298;0.1203448304948922;0.7322697709728343;0.6773419519792444;0.6615928428799615;0.6664626043539026
0.14620558944308812;0.12360088486809495;0.00015410450621811123;0.47403885798864936;0.44511196172919054;0.15225157933112754;0.1203448304948922;0.7005108377630368;0.6829361986411292;0.6643079459152268;0.6684317518782049
0.1475009611217086;0.12465744378776344;5.987795572881538e-05;0.47684129099131334;0.44475593953996584;0.1536088777328496;0.12117147894155211;0.7071668483934905;0.6872818314669906;0.6674934670602406;0.6713144468456959
0.0924905173405946;0.12751345461749253;0.0;0.4840709587345917;0.4440209915109403;0.09887112750291539;0.12117147894155211;0.7256905867607671;0.6921899276038987;0.6711864939445226;0.6751083036627777
0.15704361411147053;0.13613101330603872;1.8798893077764944e-05;0.5055314356176084;0.4428826030314066;0.1634867198673079;0.1341954095705642;0.778313359622027;0.7025744689513433;0.6765626792500989;0.681081324944323
0.15417616565085693;0.14152936903622004;6.98576150170993e-05;0.5189053738965543;0.4426687305634158;0.16066477746193286;0.1341954095705642;0.8084456318882635;0.7142863966202523;0.6835949491279515;0.6892377861190655
0.1841509193710713;0.15590847558358334;0.00017839607998881846;0.5545770327315617;0.4441438097105874;0.19027875573181452;0.15096456377424028;0.8775406978800632;0.7348414651418939;0.6940143826921699;0.7015189355235467
0.14729037139701795;0.1545712682008782;0.00032205675672036804;0.5509869044109295;0.4433846272378337;0.15365447839815216;0.15096456377424028;0.8619541129192717;0.7482015631938689;0.7054656185970605;0.7154283135575442
0.18828190617982893;0.15080727704955876;0.0004538810933651938;0.5413649158117169;0.44280993472109365;0.1946940110786981;0.1476748403640622;0.8173826950098483;0.7536276820916072;0.7158920246245728;0.7286440063014779
0.1980865719665897;0.1532340608181726;0.0005951435573980923;0.5471671517189853;0.44311941417084566;0.20441346419374884;0.1476748403640622;0.8304707241548138;0.7582469103598881;0.7253103929589569;0.7410290027493951
0.19450164921139046;0.14139729917126154;0.0007631731696000621;0.5173459046157114;0.44193357240915576;0.20110346472602353;0.14179551416689806;0.6974127514062921;0.7495760746382734;0.7308229746271755;0.7492543249711648
0.16805794645633812;0.15113745171195525;0.0009353803135976335;0.5413341711260184;0.44049827697307586;0.17497240352920057;0.14179551416689806;0.7573254924163789;0.7496599579079869;0.7352526022571919;0.7561737045016699
0.19386008516640263;0.1571631393006898;0.0011198106061800495;0.5560361700247008;0.43969339226178805;0.20097041012818068;0.15729939013589034;0.7907667828127919;0.7533193799534772;0.7396497128590298;0.7628898126925105
0.2723929114519182;0.16571466305675697;0.0013440821742163322;0.5769673991039024;0.4400076695710642;0.27950437054785043;0.15729939013589034;0.8342515180695548;0.7619706258423863;0.745184945823369;0.7707065463341682
0.21214466044855612;0.16635850364842986;0.001530988041196224;0.5782416565236654;0.43953446754265535;0.2193153238831826;0.16351612386230352;0.8374360536457018;0.7674459312318429;0.7508900202087023;0.7786338591445457
0.16974756168932137;0.16868623501832447;0.001697779866199678;0.5837515434106723;0.4389518603087439;0.17698262094504225;0.16351612386230352;0.8494066810311626;0.7718586865843063;0.7564831719806655;0.7863712325350423
0.17146166409959424;0.17710568890943268;0.001899229732762464;0.6043938547961434;0.4391480122152802;0.17865895250622016;0.17395888689256056;0.8903680733154443;0.7807721615047696;0.7630363919325159;0.7950895739315336
0.2051266354373532;0.1783768613596588;0.0020888432592389705;0.6072279932559331;0.4395888549575546;0.21227512126567505;0.17395888689256056;0.8962909166396086;0.7867930517785893;0.7696830909659663;0.8038899016811867
0.19829226425582241;0.16974279393799296;0.0022715715944232606;0.585368796230263;0.4396276931050904;0.20542303942585943;0.1617953454631338;0.7863703599109916;0.7817254162682886;0.773818634279009;0.809911570636995
0.11153664383645503;0.1619341631723179;0.002436352015229737;0.5656002378321042;0.4388124772364328;0.1186877785486413;0.1617953454631338;0.6988705851316552;0.7687574102993489;0.7741028191008739;0.811544524948121
0.19038290599127766;0.1727473833658002;0.002693579667426338;0.5921140979207264;0.43897609475247257;0.19765006249384925;0.1767509341970963;0.7668988485718936;0.7662042851993537;0.7737347563636705;0.8121059450904069
0.19073062390879014;0.18819955756595208;0.0030188082538433747;0.6300777456239601;0.4401767503432046;0.19772872205232095;0.1767509341970963;0.8449500722201836;0.7759396846529815;0.7757106845342515;0.8148967224501318
0.16509499800429503;0.19445636741836392;0.0034011297747928992;0.6450051140490588;0.43965028156781427;0.1721798383931668;0.18990139264957628;0.8719217387199815;0.7870656034748983;0.7798860864324137;0.8199418950128992
0.11863302781498467;0.19222768844718852;0.0037753283172516916;0.6387824720154736;0.43879370604880497;0.1258009843715036;0.18990139264957628;0.8469912997542853;0.7916552164562928;0.7842967449252962;0.825239774759482
0.11753845099013902;0.1860864397266151;0.0041359885622265224;0.6228251566194689;0.43667620401759444;0.12504951248472285;0.18197231571222483;0.7794843027380469;0.7876138003734845;0.7868827789473992;0.8285554523364367
0.17550939450556716;0.18507940700630598;0.004425011873086415;0.6198006481638562;0.4358083517776594;0.1834229116118989;0.18197231571222483;0.7684707443692192;0.7813935422998002;0.787500988818201;0.8296318828979554
0.19293691858258422;0.18288374550136988;0.004682781057182783;0.613866923824002;0.43620580365898065;0.20083821480792008;0.1779824716788556;0.7435739520006623;0.7724866634268196;0.7859183964352112;0.8281281464621318
0.18901897021624625;0.18047347046587614;0.004966775857548011;0.6073513837579124;0.43544140307623325;0.19707565755377998;0.1779824716788556;0.7157693282773012;0.7613867228760793;0.7820637215219949;0.8238860813478245
0.15949478055816071;0.16929705814375806;0.005142928448240713;0.5791627618170773;0.4348636987644636;0.16752481319165807;0.16629973597860825;0.598613735951412;0.7409480938176929;0.7742135186075161;0.8149709585884234
0.11472732303729152;0.17119556245253698;0.005327281379123416;0.5835709183821924;0.43399619673325285;0.1226601320292537;0.16629973597860825;0.6142968709204499;0.724980554262301;0.7642095895782057;0.8032365930355249
0.15419820411041757;0.18734110344372157;0.005574452010332465;0.6234024429946864;0.4337113719776986;0.16242528787539912;0.1794586296193197;0.7299552974170351;0.7252886258620937;0.7562782912848949;0.7932419597439271
0.13024484728571883;0.17890514081949327;0.005808239067456977;0.6019467699688102;0.43270042445297396;0.13849841437061616;0.1794586296193197;0.6477427771307382;0.716621113236507;0.7479119146253536;0.7824927865730829
0.2598407843732629;0.18877736322514593;0.006132307228375211;0.6259950160668428;0.4341805816266493;0.2685980353762951;0.18058050965407269;0.7113830407864782;0.7171998704088781;0.7413537844169131;0.7734554059292685
0.23843164526895488;0.179664542543005;0.006428834624125912;0.6027398181561641;0.4356734163561482;0.24666402114159652;0.18058050965407269;0.6290776952752742;0.7082384474124456;0.7340173998147562;0.7634961011958361
0.16781552340117098;0.19581008353418916;0.006796844230592125;0.6423569534871338;0.43737952819880643;0.17537044814429548;0.1907280410962371;0.7251268221447321;0.7142264349128459;0.7295447419970218;0.7565294886996929
0.20530294311383845;0.19249182817710553;0.007141103795186954;0.6334698177773455;0.4384707085422912;0.2127168710638308;0.1907280410962371;0.6960597916884536;0.7146577785426385;0.7260672087639647;0.7507293214764792
0.16967165143972357;0.18694489384884605;0.007446450424726692;0.6190929713805418;0.4394685582607232;0.1767996778989262;0.18311950131167132;0.6481609538974265;0.7087611412992688;0.7219100359742316;0.7443438243549165
0.19359807236940374;0.18646614058837097;0.007743906160876612;0.617371131728351;0.4409822304093238;0.20041583729296442;0.18311950131167132;0.6439722323679264;0.702452829061514;0.7171131454119105;0.7373656535675644
0.19503057224084608;0.18514544193878546;0.008033316280235514;0.6135635945588492;0.441770165018351;0.20166917039357274;0.17955141668986307;0.6317732528354492;0.6951498094947949;0.7115725063807128;0.7296432776222578
0.07380435235089144;0.18128239838874727;0.008297893293923941;0.6034590241966162;0.4410719188636425;0.0805991299766158;0.17955141668986307;0.5955910417878613;0.684903918100636;0.7047505657117413;0.7205609921823353
0.17583017652806107;0.1696437415392742;0.008546533797431533;0.5739888704237763;0.44187943014036346;0.18245660818206794;0.16982564465926053;0.4975094284890428;0.6655975115131931;0.6947905941499065;0.7080662927320845
0.17761284303474484;0.177749529501106;0.008843370639981085;0.5936796063362608;0.4430190443504327;0.18399598369493875;0.16982564465926053;0.5643481073677447;0.656861352359918;0.684785269918572;0.6953243256503665
0.1861613166265485;0.17892164955261292;0.009157923311810201;0.5960450255922063;0.443991503936346;0.19231735192664617;0.17806682356116754;0.5737334989874987;0.6503787343265822;0.6752692086016614;0.6829530920373525
0.15249879400651847;0.18460065374583134;0.009511079471894668;0.6095829812792308;0.4447992253383015;0.1585830473210258;0.17806682356116754;0.6189320403269315;0.6497184941173473;0.6675023858883138;0.6723680740233288
0.09234359427685693;0.17969756000924475;0.009854023887590824;0.5967452907102184;0.44378376012103193;0.09875781143736707;0.1715295526819678;0.5733919962245377;0.6442756629016222;0.6600196129586424;0.6621242841467334
0.1078317339125367;0.17103047512133918;0.010165327368024002;0.5745756272602148;0.4429913078194603;0.1143323346520247;0.1715295526819678;0.49958099099373854;0.6318214301980976;0.6511289611030138;0.6504318489335427
0.16593245946759977;0.15609007164790167;0.010405458084540964;0.536885387654801;0.4436865421791387;0.17219952466782407;0.15259255510286662;0.39484603768731996;0.6084718897676357;0.6385711272232877;0.6347976235775163
0.19544195681931154;0.15757585762868542;0.010670035098229391;0.5401218148368362;0.4448680063317736;0.20137659263917856;0.15259255510286662;0.4090158768331922;0.5913686869076175;0.624536247032708;0.6173737907091665
0.12550657848017885;0.1530359560207346;0.01092672121852667;0.5283430316346354;0.445251064634522;0.13159928709176832;0.143313848048519;0.37909900098966165;0.5740291145740021;0.6092646064119699;0.5983825879851639
0.1727007152704486;0.14247036682404968;0.011088484533035903;0.5017034477419953;0.44559654554114236;0.1785565971813005;0.143313848048519;0.3158875168370566;0.5513768224556356;0.5917645857858678;0.5767491122859533
0.15950457542907656;0.13685739756331072;0.01123523967776352;0.4874432664471714;0.4466100846104277;0.16521187532041198;0.1322974922185387;0.28571730189545325;0.529197109634476;0.5725920706866844;0.5529980909869282
0.1714518692286784;0.137088519826988;0.011360333546516;0.4877977911041344;0.44817257585520953;0.1767825767946058;0.1322974922185387;0.28835079390314;0.5128050600688326;0.5534312925469631;0.5289018063563297
0.1658687928066468;0.1393006900650442;0.011503065882847885;0.4930621322647357;0.4485745454290757;0.17115210918280227;0.13293856652411185;0.3146991249859065;0.5028850368159811;0.5357892358268972;0.5061426612516986
0.1403066284340205;0.13589989104236144;0.011681848771337044;0.48426270126102683;0.44789545569159217;0.14587230221799952;0.13293856652411185;0.2935291436695265;0.49318834122492555;0.5194142381620519;0.4845972485212042
0.11725929716903744;0.1406709149139891;0.011998644932464497;0.4956004903777359;0.445707631748522;0.1233075143803143;0.1447562652360581;0.35252448571529027;0.4909988754449313;0.5058036378970746;0.46597174835506505
0.15938703697808643;0.15765840129428454;0.012438678281545545;0.5371898149444431;0.4429669332922421;0.16581000517050304;0.1447562652360581;0.5252245252484309;0.505512251607301;0.49829980105093774;0.4540144859389144
0.19885791805121245;0.149057351338858;0.012816590185600774;0.5150666802821701;0.44096377440954804;0.20568046212044888;0.14793633119923033;0.4593708134554526;0.5103329311418455;0.4934209552434846;0.4453398331950197
0.22055110841207998;0.15549575725558817;0.013181660047470345;0.5304775912417176;0.439228069929678;0.22780950427589713;0.14793633119923033;0.5160055606094733;0.5207956269443089;0.49195786868256375;0.44087080039544724
0.21672621131944259;0.14663056757024417;0.013522979867468088;0.5077605625838271;0.4373566945899756;0.22444114983906055;0.15200209192668135;0.4504805714127693;0.5220350965473538;0.49107645433891445;0.43768010556079967
0.12335415559642193;0.16587975038795477;0.013987846322220943;0.5549469297313733;0.43574132182780945;0.13104451457514477;0.15200209192668135;0.5981240958447122;0.5408800195877111;0.49476611998320574;0.4399623026045969
0.16299154947511735;0.1550170039951131;0.014420066139611443;0.527086342606699;0.4354409127840193;0.17092317857250416;0.15673423252439855;0.521160598737455;0.5466925615475494;0.4990733869630503;0.4436452909313371
0.14514774338417685;0.16675471324330537;0.014928874039911388;0.5554597071678499;0.43511970134199984;0.1530537267793911;0.15673423252439855;0.598374626705866;0.5622012010490998;0.5061359478299119;0.4509233430523489
0.12546250156105754;0.16734902763561887;0.01535010849591556;0.5561946973103342;0.4331655716807217;0.1336022271308393;0.1654393467790234;0.6021314648017873;0.5752819147052042;0.5148365307479217;0.4606387276351132
0.12842545001310063;0.17145970218245443;0.01588916482088054;0.5654911216484864;0.4310270921469195;0.1369572170583176;0.1654393467790234;0.6288508333504212;0.5894188820732517;0.5250938587001998;0.47266908506095806
0.09113882515420799;0.16254498629775105;0.016392402678787832;0.5423632945785586;0.42716495531336673;0.09990116792076527;0.15411932417271812;0.5596444460822319;0.5927112548642234;0.5340675305365498;0.48392700211297934
0.1331514752299958;0.1541090236735232;0.016850770750748367;0.5205091759161495;0.42552839492337435;0.142709173667534;0.15411932417271812;0.5002692640764482;0.5878927231832686;0.5401227452339881;0.4924570960199628
0.12162291216204635;0.14816587975038775;0.017268988100454852;0.5049438552628039;0.42516169136805537;0.13108909693623666;0.14282460713110767;0.4611836813615031;0.5789774061180438;0.5428877888537557;0.49759949627872424
0.1299240652632249;0.14638293657344725;0.017694168003154154;0.49974251325727287;0.42469952091446483;0.1395856927288579;0.14282460713110767;0.44949265413063855;0.5706304854526356;0.5431532505098672;0.4999681586735705
0.12125560450270215;0.14722488196255812;0.018103952927571054;0.5011154556280072;0.4246728350096658;0.13079981632093063;0.14810503496385508;0.45700805264918953;0.5651437262362506;0.5420860606905596;0.5006706323520874
0.10287552922911916;0.15765840129428454;0.018581042530909198;0.5262921963948564;0.4236173409351973;0.11232338881523903;0.14810503496385508;0.5455984578865922;0.5704368043986605;0.5424666999021454;0.5026452009925275
0.11226636171968549;0.16805890315977123;0.01914384889774645;0.5512345089332523;0.4215171041940997;0.12219693008669603;0.15826100159425005;0.6215259486141759;0.5840861253126826;0.5459543495683261;0.5077971321180272
0.1370228979594835;0.15670089477333482;0.01962782369237548;0.5220468219602707;0.4179333832964447;0.14803431950097218;0.15826100159425005;0.5334123143288362;0.5848979794713597;0.5489338006299332;0.5124344474913295
0.10076228582902563;0.15531416119126984;0.020143594145668242;0.517672978660443;0.4160032429327878;0.11134643247956265;0.1529805737615031;0.523239789396615;0.5844547366452993;0.5512139934638173;0.5163051169909599
0.10545892643317326;0.15911116980882856;0.0206570437479634;0.5262324913132537;0.4145108284537584;0.11638188569144862;0.1529805737615031;0.5533156462836852;0.5876142793778801;0.5537749801005463;0.5204150980399198
0.10042681150015795;0.15267276389209883;0.021124231053713416;0.5093450119218004;0.41310435519569655;0.11145156302747432;0.14292582938988252;0.502968152835946;0.5845150814818312;0.5551010099719498;0.5231502978974198
0.08476236418799296;0.14207415722917416;0.02161725716723195;0.4820353585846034;0.4114654133863782;0.09563854070506327;0.14292582938988252;0.4287820992641811;0.5728711008791226;0.5534463580722578;0.5225592210241878
0.14892611483996404;0.13185525142800536;0.022086301153779964;0.4557152998183313;0.41198788978231016;0.1613485141332499;0.12344897976398306;0.3669919761012118;0.5550007411487177;0.5479551159266969;0.5175614474249093
0.1493889224907377;0.1247730049196023;0.022539563353545677;0.4372466651623729;0.4111692768890258;0.1619858046993245;0.12344897976398306;0.3284232177891706;0.5352278014915879;0.5389509036843149;0.5083266959044539
0.17232116402245962;0.1213887146300392;0.022886298492537094;0.42819043368124243;0.41130463256100636;0.18548406643817122;0.11661647729669067;0.31060526084910345;0.5174575953890589;0.5276033699466285;0.49598759921374125
0.13732409024014575;0.12186746789051384;0.02318940163278027;0.42884677781968517;0.410283213795422;0.14977450565873318;0.11661647729669067;0.3156732366790576;0.5048729122333504;0.515590487284188;0.4823162339436483
0.13158429588346063;0.130881236173936;0.02354487864386101;0.4506981514208716;0.40954105146667397;0.14401730305113797;0.12648564752722447;0.40802813610771416;0.504037097126278;0.5057852619276149;0.4704784123203542
0.37387267157552945;0.13169016409680712;0.02386028229439008;0.4521561906895202;0.4130184139747288;0.39156457044694803;0.12648564752722447;0.416018317070444;0.5051648274288173;0.4982040779875381;0.46071956466125386
0.22395972349079402;0.13017136064978363;0.024145746967053405;0.4478615424059803;0.4140618608690778;0.23772793568192052;0.12798711103238203;0.40501036926559775;0.505760990599664;0.49227816118228174;0.4526173795292025
0.22952810760645187;0.13533859411628724;0.024455890021988225;0.46019935732626616;0.4153745482307456;0.2430739209119122;0.12798711103238203;0.45965033973684966;0.5118425980119147;0.48895571056567394;0.4473201810666202
0.286551397360772;0.1641793508766134;0.024832873585644233;0.5314648525106052;0.41585524472585655;0.30121256220975356;0.1590201685350605;0.6829192548635008;0.5430738155716063;0.4935811369382738;0.4507565556733573
0.24590268306001561;0.1620662330372764;0.025192914937019584;0.5255555592156376;0.417005155072423;0.25935213549805136;0.1590201685350605;0.6645324577228602;0.5662981022480587;0.5026975801856073;0.45964125173467263
0.14894815329952468;0.15904513487634953;0.02559357118084815;0.5173095325545046;0.416339548370829;0.16051126018367973;0.15417837049033745;0.6376991310622032;0.5821820710927005;0.5136950120771816;0.47131709205370365
0.1440923460429946;0.15772443622676358;0.025934813639145737;0.5134100358340289;0.41589366262292304;0.15563746318497912;0.15417837049033745;0.6256451120372974;0.5936367732625535;0.5251642920389649;0.48423667700553835
0.12398837348822289;0.15237560669594208;0.02625748928946603;0.4994965557716826;0.41540032359286116;0.13518182619379748;0.14946310026908183;0.5769560658202638;0.5979309000757712;0.5353411430828263;0.4963851190496201
0.14741770471892393;0.1551655825931917;0.026616679662142317;0.5058180200093003;0.4149428459361779;0.1592214512003166;0.14946310026908183;0.5996902608889284;0.6037585291205961;0.5448416768194942;0.5082332587473716
0.12324151458088972;0.1488757552745401;0.027006041097783928;0.4894392004624872;0.4145625192614797;0.1345646247936368;0.1400241246383409;0.5420841054336571;0.6026970368087765;0.5521945547292139;0.5180626315581729
0.13923898750419342;0.14019216165351445;0.02737931129984439;0.4671184213921514;0.4145964544868741;0.15092306247217097;0.1400241246383409;0.4705450871684622;0.5941347181297368;0.5560800511595168;0.5242544514861409
0.15949967799361864;0.14250338429028941;0.02777958073517217;0.47217290262224754;0.41413207771831995;0.17174448419353083;0.1374682626042798;0.49257445105636233;0.5895098021238493;0.5581098783623623;0.5283190662450625
0.12324641201634762;0.14156238650245934;0.028182016298098134;0.46911188485236793;0.41311251505897495;0.13482326947140372;0.1374682626042798;0.48452331977039786;0.5851483390232707;0.5587166096524729;0.530627350656721
0.12913312943677044;0.15267276389209883;0.02864904888044828;0.49599468116937384;0.4127129619253074;0.14092482846690635;0.15184182335028762;0.5881002814977627;0.5916932521575852;0.5607283243663844;0.5341865465293283
0.13608503906929137;0.15952388813682417;0.029122502483890145;0.5122426985489065;0.4120495265178046;0.14817169673005992;0.15184182335028762;0.6430529528831332;0.6029443951528642;0.5649615588467213;0.5400018049150306
0.1404976284168795;0.16348598408558113;0.029638272937182464;0.521209852793347;0.4119375998094863;0.15271681495376477;0.15704633448895366;0.6730329998426194;0.6152013916471561;0.5712065827731254;0.5479940398982812
0.07012392960426272;0.15889655627827093;0.03013215002940095;0.5088867239506045;0.4104423136189168;0.08075513885113166;0.15704633448895366;0.6249837071167662;0.6205494585227188;0.5774498168191722;0.5560931578857351
0.08871214588480741;0.16447650807277014;0.030677782098857964;0.5218361385113972;0.4091267545457091;0.10002945462611608;0.159349140876079;0.6692820104956193;0.6294106717922614;0.5845109147266183;0.5651597094045526
0.1401743976766566;0.16241291643279254;0.031233239104203836;0.5157036717389902;0.40791919984310643;0.153153798664865;0.159349140876079;0.6466566183640642;0.6341684742418836;0.5912693532484218;0.574005500907494
0.1374097953606594;0.18772080430547744;0.031895687340523615;0.5776510566015151;0.4074816140419688;0.1503922704529142;0.18882168855598014;0.8090550119829194;0.6598463634112405;0.602664407287227;0.5879313651606992
0.16041549842425012;0.196850133720738;0.032577089193320585;0.5992124144844799;0.40787402291765895;0.17398894526790792;0.18882168855598014;0.8515080271287226;0.6873243937376323;0.6181885620431311;0.6066312655955397
0.15392884516023184;0.19138574305807765;0.033260038280116255;0.5843715154879094;0.40734293138710664;0.1674232067490684;0.18909161457937929;0.7938089525887122;0.7030026191226001;0.6342641820082915;0.6264003591680605
0.14517467927919545;0.19371347442797227;0.03390801987855285;0.5890276883345329;0.40733505169080764;0.1584132515739674;0.18909161457937929;0.8057478758047805;0.716143511931479;0.6501892464977143;0.646407930631798
0.13444439819088733;0.18884339815762496;0.034464173139197474;0.5758940801656701;0.40523183817555264;0.14776137379004184;0.18611399313375632;0.7531185077653919;0.7207857327654102;0.6640119036644523;0.6644424371935014
0.14447434600871253;0.19042823653712793;0.03496276929510955;0.5789623723477912;0.40374120976101757;0.1583987029571794;0.18611399313375632;0.7626255896665611;0.724421003574417;0.6759178056209006;0.6805113912440742
0.13326411624552803;0.18780334797107656;0.03545827098302601;0.5715362954739986;0.4037559185274422;0.1468198757488996;0.18934467022631596;0.7327115416363306;0.7235056281444161;0.6852290538121354;0.693735776072523
0.17008548473591803;0.19779113150856764;0.03595570671343973;0.5955651888904085;0.40342619701341986;0.18491506971129057;0.18934467022631596;0.7946294239368845;0.7301816668883497;0.6942349616598306;0.7064314123475224
0.14439108960592784;0.1892065902862612;0.03638831333933057;0.5733861922322455;0.40247023225842593;0.1585635098849082;0.18824809575625645;0.7007371320659102;0.726316236534457;0.7005382365419042;0.7160134573052996
0.13534797503287402;0.1942417538878063;0.036809547795334296;0.5851975044099411;0.4015779354495279;0.1493839871021877;0.18824809575625645;0.7334235684150041;0.7262721281465356;0.7055705699945086;0.7238981545925249
0.1258371553735886;0.18791890910291542;0.03718552565689137;0.5687600778060151;0.4011067296108479;0.13962952835129816;0.1862742617101496;0.667613226043951;0.7191849265731365;0.7079436407758743;0.7285679370077716
0.1552266655565813;0.19166639152111475;0.03757728530522986;0.5774119617689839;0.4012831297453281;0.1700115190029058;0.1862742617101496;0.6941073521822341;0.7155599335328292;0.708996718041413;0.7313750977269374
0.14881347382443183;0.19627232806154415;0.038022192441405256;0.5881107006329571;0.4015184700081247;0.16332726394884417;0.19386593111825245;0.7258043643589245;0.7154474564386016;0.7098129492341364;0.733488410395647
0.13541653912928495;0.1981708323703235;0.03845379336519761;0.5920801964146202;0.40120433278233825;0.14952582380429796;0.19386593111825245;0.7387883690489808;0.7156955702725529;0.7105237964550035;0.7351141434278405
0.23523361991493152;0.19656948525770135;0.03890419318206639;0.5872870450129652;0.40225909141848537;0.25253401967095873;0.18946276286155328;0.7193100945069723;0.7131304174832923;0.7104942586770657;0.7356331550594981
0.16802366440813268;0.18925611648562057;0.03933826968025533;0.5682759862593219;0.4031496021628891;0.18284583554545575;0.18946276286155328;0.634348660533291;0.7033424375940972;0.7081879878873962;0.7334162547001729
0.15277060167443318;0.1919470399841514;0.03974302609417801;0.5742695529338401;0.40404603143473516;0.16690334101619686;0.18930249428515955;0.6572862619525996;0.69684826955816;0.7048284757644939;0.729711201481914
0.06353443019562804;0.19356489582989367;0.04015226948669648;0.5775787242382864;0.40338312134031873;0.0748617826046473;0.18930249428515955;0.6712789246267846;0.6920604197811825;0.7010242985767738;0.7251861739362826
0.12080259172284433;0.20160464885924645;0.04057033211300398;0.5968896809305528;0.4029613999943966;0.1340916158165077;0.1992054052686183;0.7365248290762391;0.6943392690848837;0.6985124039613817;0.7217489394827346
0.11596147677268798;0.20328853963746818;0.0410647507371209;0.6002124402880566;0.4016139018855238;0.12932071603160444;0.1992054052686183;0.7493323200557345;0.696511816150369;0.6970095448133423;0.7192305512425589
0.13151083435159178;0.20465876448641307;0.04154114408515985;0.6027848371602234;0.40153100748045834;0.14542285616805528;0.19466727400021888;0.7600632873881001;0.6982991209638211;0.6962240722533733;0.7174138581662518
0.09654314518202542;0.1913527255918379;0.04195239888187574;0.5688674096998383;0.4015782156165073;0.1092368462792916;0.19466727400021888;0.5933860723854882;0.6867942506443845;0.6929126601156079;0.7128950681964528
0.19133300847011464;0.19490210321259926;0.042375025848477854;0.5769704186712478;0.40188226683103134;0.20723242928486285;0.19121728201364796;0.6261783471101229;0.6799021728015894;0.6886562389463631;0.707237801311668
0.16045222919018454;0.19435731501964515;0.04281753477195638;0.5748265258560065;0.4026025060936318;0.17513919474331874;0.19121728201364796;0.6197648105424072;0.673084476483322;0.683661156959188;0.7006465091196161
0.26717959140695974;0.2060785155347178;0.04330282471548497;0.6032004394294;0.40375150589751474;0.2851052671858726;0.20586920397128639;0.7209700695380188;0.6772426770487672;0.6806348192811504;0.6960070919663531
0.1861662140620064;0.21185657212665499;0.0438436603595469;0.6166524747001444;0.40450046227551617;0.20127304731389906;0.20586920397128639;0.7629222454529903;0.6847006551469071;0.679953013374008;0.6938655479635331
0.20855484025789894;0.20611153300095753;0.04436414987653414;0.6013998165201087;0.40658788137730073;0.22384643196354742;0.19973682212718558;0.6916361651100507;0.6844755347358796;0.6793550686443546;0.6919525267639604
0.15205802481530545;0.19982170568230595;0.04487721267032985;0.5848015293285085;0.4069377749138485;0.1655795590148143;0.19973682212718558;0.6202465592495022;0.67775200788611;0.6773087289337659;0.6886265398977424
0.15460958868888305;0.19985472314854524;0.04541000269760209;0.583938619333027;0.40724452273555034;0.1681441389302673;0.19346104208315396;0.6205471413988978;0.6716014995879859;0.6742373060622213;0.684245561730828
0.14649453813510555;0.1937960180935714;0.04593753212928009;0.5678911286758435;0.40746792088084494;0.15974564687371123;0.19346104208315396;0.5534105133872378;0.6605865391102104;0.6692113848374949;0.6777683999437101
0.16143661371722695;0.19174893518671343;0.046397060626738984;0.5619700316176158;0.4082974252654581;0.1749503097719733;0.18216632504154262;0.5316791369064269;0.6494311496241352;0.6625891156852508;0.6694820210860295
0.13954262850258461;0.17979661240796352;0.04679261099837273;0.531456891833059;0.4086758257921721;0.15235912102879495;0.18216632504154262;0.41978621426736995;0.6295392227288189;0.652652332996602;0.6575046223885541
0.11502361788249582;0.17619770858784278;0.047177872263919785;0.5217970213889673;0.40888192362648135;0.12711375784705942;0.17907061096068322;0.3906498208266609;0.6104113567401712;0.6402421250126379;0.64258978349851
0.12173065574212064;0.1892891339518603;0.04762339829369422;0.5536590842585567;0.40841597091866744;0.13409032552408545;0.17907061096068322;0.5308624687045526;0.6068499814903663;0.6294834154783945;0.6290475234932269
0.12585184767996238;0.17804668669726276;0.04802807734591763;0.5249003131016836;0.4080408973748353;0.13839582830143027;0.17924774991353898;0.43922205024641037;0.5940203806424947;0.6178844752796022;0.6144054444962334
0.13299965473080022;0.18778683923795692;0.048508338778952;0.5483420379224722;0.4082919970302299;0.14570273397157107;0.17924774991353898;0.5282539317034818;0.5926186866081127;0.6082784360915725;0.60167269932292
0.11427431025743368;0.19381252682669103;0.048999353488274;0.5625001029397954;0.40867957302552305;0.1263775396436027;0.18775041965061412;0.5777165535804804;0.5969038389287425;0.6015929388872078;0.5919930117244943
0.112863848845552;0.18866180209330707;0.04944542104994776;0.5488618152650664;0.40886497352422024;0.12489630900534328;0.18775041965061412;0.5338089008906612;0.5957186383716625;0.5959681422239811;0.5835771243505014
0.11161500280378178;0.18897546802258347;0.049873231250444405;0.5488851482854611;0.40923090662034567;0.12355171451786522;0.1862489561454561;0.5365914550508091;0.5950901476648038;0.5913217354888956;0.5763836363295693
0.166929087583287;0.19056030640208643;0.05030080936584014;0.5520794387777228;0.41086529571624686;0.1800468772893336;0.1862489561454561;0.5513723799650193;0.5960283719401529;0.5878234120207738;0.5706240921226964
0.18337957328644855;0.19536434773995426;0.050747263736014236;0.563269543600631;0.41193833524780765;0.19668322915265446;0.19796543259862798;0.5957472705243212;0.6010283209781224;0.5861907840961351;0.5670931247097808
0.21428239102593927;0.20710205698814654;0.051240135126133346;0.5916711822923787;0.41334522875633883;0.22800730124193058;0.19796543259862798;0.6900658845331603;0.6152811026698874;0.5882085522644418;0.5677488654243108
0.13882515420799899;0.198236867302803;0.05171753417627123;0.5687127254999169;0.4133679923234246;0.15073152651773464;0.19379844961240256;0.6010925114300316;0.6184132552263655;0.5905532115455401;0.5692208094227226
0.13050686008271767;0.19607422326410662;0.052168552886739494;0.5625184948499911;0.4130993822318101;0.14226216638020034;0.19379844961240256;0.5806432221867514;0.6187202676134791;0.5925005368831063;0.5706776528510238
0.10342404200040647;0.19562848746987127;0.05260471815082601;0.5606329122958427;0.41313475331297433;0.11451670827029563;0.19109918937841064;0.5762478538139852;0.6183276502584318;0.59396683543029;0.5719354344872479
0.09633500417506372;0.19339980849869542;0.053083122903062385;0.5542253903888821;0.4129632561006358;0.10728184565998504;0.19109918937841064;0.5534226827112512;0.6158157087218791;0.5945540680323297;0.5724876382218153
0.09986605514022581;0.20495592168256982;0.05361436569633593;0.5821060164604859;0.41353840388871754;0.11081021613759474;0.2004032019974522;0.6566965257910079;0.623854105391298;0.596898476920867;0.5750348778803454
0.09762547841822627;0.20228150691715907;0.0540916873847741;0.574588666301025;0.41373914352954366;0.10848558755125111;0.2004032019974522;0.6276509807800831;0.6274907657541395;0.5996221043105855;0.5781871184287737
0.11761191252200784;0.20094429953445347;0.054548353499336066;0.5704432120949596;0.4140776903034207;0.12888805790185587;0.19795699741039696;0.6128269034460649;0.6288190705123264;0.6021107782448946;0.5812731556479088
0.10334323431535075;0.20150559646052724;0.05494166038167281;0.5711453987558283;0.4135086361471436;0.11437508658867661;0.19795699741039696;0.6182302982267336;0.6300014784904204;0.6043774650387891;0.5842547809178148
0.057983187104072936;0.2066067949945518;0.05536583458227318;0.5831161989905859;0.4109650001400833;0.06822962320151403;0.20418216632504116;0.6667917742245548;0.6350681908856344;0.6073724151092944;0.5880960972384068
0.07236940376172016;0.20802654604285653;0.05575697533701218;0.5859633764911863;0.41077315580085716;0.08301720694404584;0.20418216632504116;0.6799742769738091;0.6398669846101736;0.6108874948772054;0.5925942813821354
0.055745059099802374;0.21804734704658735;0.05619546145209542;0.6101792085768898;0.41047169613089407;0.06599002808627706;0.22003188501151394;0.7640912618430005;0.6520022622496656;0.6165296091564073;0.5994532880708091
0.12014633537148273;0.22760590352296362;0.05670318628859761;0.6331192734591564;0.4112221934272826;0.131974420951038;0.22003188501151394;0.828811378155128;0.6693387003341473;0.625086306114357;0.6095970055669059
0.136170744189805;0.21337537557367847;0.057157531552162855;0.596819544616303;0.4119806054408426;0.14827244699098135;0.21294632689728443;0.6572101855230981;0.669529226118218;0.6319760959219722;0.6182912390002461
0.11987697642129697;0.21841053917522357;0.057664095963165796;0.6084794666675447;0.41276405737819744;0.13143213076884774;0.21294632689728443;0.6945412651511795;0.6733100065610794;0.6383696380813978;0.6266147265840231
0.11650264339078842;0.21776669858355024;0.05816253739567845;0.6059892843790095;0.413624800381027;0.12782934911452198;0.21493703131985376;0.6872646836114354;0.6748418242354162;0.6438417047829288;0.6340503972113892
0.1495407429899333;0.21791527718162884;0.05866871499818149;0.6054618208649912;0.4146447832908413;0.1614515157487892;0.21493703131985376;0.6884673525439586;0.6752944687612115;0.6483249187162892;0.6404486149835141
0.13071500108967937;0.21989632515600732;0.059148821707816435;0.6095511385690432;0.4165142324825595;0.1418564628840931;0.22478089598569362;0.7052073969036766;0.6765158726178919;0.6521963316816062;0.6461407306936756
0.20021940510851494;0.23505134216000245;0.05964354977873354;0.6464728982850505;0.41744662819040146;0.21261162754522944;0.22478089598569362;0.8135948887108173;0.6899680050261408;0.6584306143058698;0.6542366706736695
0.289773909892085;0.2447089510350975;0.06021679997505869;0.6695437653345977;0.41966681141960605;0.30328435714204954;0.2357972518156739;0.8668062739906014;0.7079910453112402;0.6676211674413924;0.6654978929551499
0.33317988035565177;0.2317991217353974;0.060731410002852204;0.6364311898248258;0.4233491160731795;0.34617999440908187;0.2357972518156739;0.716574629415466;0.7094461769455488;0.6753129590838366;0.6753614401247648
0.1884778035981458;0.23252550599266986;0.061299554326982086;0.6372349437509515;0.42443823018519033;0.19902288328481366;0.23293772300528826;0.7213517219955226;0.7099550173131659;0.6815850583205423;0.6837836034639632
0.1867147268332937;0.23838610625020618;0.061947226478620276;0.6507033121359693;0.424553939147732;0.19720833972891144;0.23293772300528826;0.7596457313804468;0.714253966882251;0.6876052894922295;0.6918969132653712
0.18676125247014402;0.24000396209594843;0.06254647020611337;0.6536753899222221;0.42516943098086446;0.19711589079350744;0.23905323447292703;0.7700256236499732;0.7177239078519582;0.6932306943210506;0.6995331481395077
0.22896735124651973;0.2428764816587976;0.06318965537915622;0.6596988777640709;0.4265682696887343;0.239530449905287;0.23905323447292703;0.788747639391599;0.7216135917790899;0.6986381257207628;0.7068573611719395
0.2782526929773224;0.24015254069402658;0.06380274685093346;0.6518171207272436;0.4265339492337432;0.28943964463491767;0.23711314117974513;0.7531103863496262;0.7208419997466717;0.702784128983831;0.7127639969085666
0.19936970005656535;0.2389308944431603;0.06437313466436168;0.6477581359497064;0.42762985739500725;0.20931293537099976;0.23711314117974513;0.7368167719704694;0.7177548395983006;0.7053809794619502;0.716890313679442
0.196867110537567;0.24035064549146457;0.06493965439279448;0.650294160760667;0.4292234821953884;0.2064082403425091;0.2395846513314943;0.7482313667923882;0.7152229736523719;0.7068680070661792;0.7196358460935879
0.1564142936551275;0.24356984844982987;0.06547244442006628;0.6573782030060624;0.43058323760961525;0.1652746591753656;0.2395846513314943;0.7741626440597755;0.7147452653356108;0.7079462234871551;0.7217116765147029
0.1671372285902487;0.2558358371578562;0.06606503504136851;0.6869205518890691;0.431205033199787;0.17596472426072407;0.2560163980059209;0.8582562972221982;0.7238773764327553;0.7109384829832854;0.725574772898637
0.1564387808324171;0.2602436689008485;0.06666683170495924;0.6968468305248618;0.4321775628274451;0.16498325611125658;0.2560163980059209;0.8836561866687106;0.7334899229908707;0.715574018595285;0.73107977693247
0.14432007679178796;0.25801498992967264;0.06724766334787535;0.6902575855649309;0.4331654666181044;0.15258723010873204;0.25227117443125735;0.8491877008335112;0.7375043945175377;0.7202186561563023;0.7366121565953909
0.1215567967833644;0.25073463862383205;0.06783421975658399;0.6710583528644445;0.43389561678760535;0.12954773813507453;0.25227117443125735;0.7438079485184071;0.7326228036296141;0.7227959374874469;0.7399908201908756
0.12170371984710204;0.26158087628355364;0.0684646402491409;0.6969924560227472;0.4351815482027286;0.1294801765733828;0.2541943973479768;0.8182006480729386;0.7368461581155583;0.7258426849151911;0.7437575446745277
0.1734916510969031;0.2509327434212696;0.06908252814631366;0.6693377484898051;0.4361633583615834;0.18132109359981724;0.2541943973479768;0.6884701098293081;0.7291594850839495;0.7264874850089748;0.7449507258083555
0.13471375714107306;0.24905074784561032;0.06968432480990439;0.6635760022355781;0.4367020494214551;0.14228471368749868;0.24889709913876734;0.667489402766561;0.7199761641657416;0.7248616961566935;0.7435923903991538
0.09940814492491007;0.2530953874599664;0.0703657266627018;0.6724551772678192;0.43630960552489273;0.10690535586569815;0.24889709913876734;0.6993998184485983;0.7149625046756998;0.7223918368304043;0.7410870772903325
0.11929173288407524;0.2330042592531445;0.07099707549565837;0.621223962408033;0.4365748886336256;0.12682607938325086;0.2283321102310394;0.505043957031156;0.6919431028945833;0.7150476281288483;0.7332376518932293
0.1123790027352177;0.22889358470630938;0.07164784211529085;0.609816585989318;0.43560708682374694;0.12004076796557402;0.2283321102310394;0.4731820788596216;0.6692015092558579;0.7038687271602904;0.7209263979595646
0.14699407655181362;0.22947139036550324;0.07227880413974841;0.6101383071646641;0.43613761802034;0.15471728541158203;0.2342957883105159;0.4787388086389395;0.6510801253998423;0.6906995447880593;0.7059675904593741
0.11375273338116496;0.2440981279096639;0.07299865475739997;0.6453430310856225;0.4363523660101418;0.12130144283185455;0.2342957883105159;0.6052151863915564;0.6492006572286366;0.6797258908490702;0.6927308349459765
0.12536945028735702;0.2420510450028064;0.07369854605647497;0.6389954887663867;0.43570553049617566;0.13307507880268094;0.24027633676645443;0.5867092646385554;0.6453324583745573;0.6700448706638907;0.6805093590882972
0.10070351660353055;0.2432231650543133;0.0743999072278494;0.640674642716556;0.4347289034264421;0.10844196349904238;0.24027633676645443;0.5964863818394714;0.6427951527578079;0.6617083331597529;0.6695011762360197
0.14316428202371828;0.25283124773004895;0.07514784014256826;0.6633120645989763;0.4345820609083013;0.15116005100755675;0.2540425639598145;0.672061266153291;0.6487846697128241;0.6564359097023222;0.6616147673253635
0.11699238693658065;0.259385214778618;0.07586738131342008;0.6783823134607376;0.4345698036029473;0.12484508290522382;0.2540425639598145;0.7176359414584477;0.6586874495574837;0.6545273838344982;0.6573518737878516
0.04007816306990844;0.25700795720936354;0.07658854707997076;0.671173508182753;0.43316896870534816;0.047640671004057514;0.25516444399456706;0.6916829815221524;0.6636504570510011;0.6541579789061946;0.6549878690475557
0.07190414739321754;0.2574041668042395;0.07731249786771777;0.6708773160767811;0.43280723811391586;0.07972688637042526;0.25516444399456706;0.6946695887149534;0.6671377336972969;0.6546757176829702;0.653885641828332
0.12106215580211421;0.260441773698286;0.07810027205788916;0.677056037130797;0.4328008993360042;0.12923319274425304;0.2590277602044688;0.7182031913609163;0.6717633743515022;0.6561686476399686;0.6541315048955649
0.14917098661286016;0.26153135008419426;0.07892146650242227;0.6783167064975051;0.43339558877090734;0.15742686932346045;0.2590277602044688;0.7267890020418246;0.6755066322649752;0.658235951344345;0.655307646773851
0.11618920752148137;0.2583946907914285;0.07972285635177823;0.6690714775511644;0.43372271874036916;0.12417542022683974;0.2589771490750814;0.6850739606099988;0.6747810193650261;0.6597205751778167;0.656188910108779
0.11288098986965475;0.263479380592333;0.0805582853490936;0.6802714645944752;0.43399360518869234;0.1208030533866203;0.2589771490750814;0.7285849368881286;0.6778279460470965;0.6616188435887157;0.6577230313713945
0.09895268342732327;0.25966586324165464;0.08142744404756996;0.6692177893143554;0.4332647858123442;0.10689857991533862;0.2579058801697154;0.6770900624453234;0.6759321552605294;0.6626953437028202;0.6586124755527742
0.13660171851010217;0.26011159903588954;0.08231075993712889;0.668762383657443;0.43412594906564306;0.1446433443811737;0.2579058801697154;0.6812910456078524;0.6739495353860105;0.6630941798940568;0.6589248699321119
0.11459998971538554;0.2632317495955361;0.08319717029468521;0.6749719866502186;0.435295786288628;0.12232229184598996;0.2582685932636579;0.7111497721937692;0.6742849642219327;0.6634914737184693;0.6593002116470866
0.10066923455532509;0.25725558820616046;0.08409224516263025;0.6584782862912197;0.4351260401199113;0.10834816323114212;0.2582685932636579;0.6267248305641305;0.6683939446418483;0.6624354726618037;0.6582234914627657
0.09495392737592959;0.2610856142899589;0.08486810565101699;0.6666545883972839;0.43466435995853536;0.10267055629624107;0.2573828984993791;0.6662063559512937;0.6663578928483949;0.6611158471362499;0.6568368598641458
0.1076162467523881;0.25766830653415607;0.08558385609857311;0.6568613079777523;0.4333081416524247;0.11561318648506687;0.2573828984993791;0.619045192532291;0.660960570040393;0.6588014449064516;0.6543762329941099
0.09162856870000025;0.2564631690164094;0.08628297378064964;0.6526151100247983;0.4321984702882917;0.09967723681756165;0.2540509991480455;0.6024762175076323;0.6549462607065293;0.6555473347820876;0.6508533154658799
0.061609738060664526;0.2557698022253767;0.08704645639704989;0.6495311709937069;0.42918741069677524;0.06978251573411352;0.2540509991480455;0.5925486895697898;0.6489693679927245;0.6515501842176656;0.6464378716612681
0.08085176197484187;0.2507016211575923;0.08780645773695461;0.6355417899885423;0.4257761325750147;0.08967803718770874;0.25484390684178093;0.5223589042212428;0.6392237113132349;0.6460796933330458;0.6403600571165576
0.06692590425023937;0.2630831709974575;0.08860715133101138;0.6650031595654682;0.4217777995685428;0.07606058591766472;0.25484390684178093;0.6665125470128077;0.6420573796149546;0.6423641362924697;0.635900043449469
0.06441351986032515;0.26559249843167;0.08938842713839135;0.6698757804895314;0.41641596391449287;0.0741587774268083;0.2708454589164151;0.6909098468677706;0.6459898890734447;0.6403087854766036;0.6330911399520127
0.060267840745193785;0.27950936045167873;0.09033796464307242;0.7029024355830211;0.40917823522819585;0.07078823254490517;0.2708454589164151;0.803670063464608;0.6608197763200419;0.6421229612797951;0.6343140929374419
0.07601064702468552;0.28312477300491956;0.09119575117166123;0.71039809975882;0.4033328313674951;0.08775600676870908;0.2843080193334506;0.827797566431394;0.6749147063101975;0.6468613600644034;0.6387954183298643
0.06707037859624806;0.2883250239376629;0.09215209650593525;0.7216717916959705;0.39768158322360114;0.07924440941923457;0.2843080193334506;0.8606343789840089;0.6896737717656686;0.654094019300975;0.6462038888093151
0.07647100595773024;0.27889853732624514;0.09305722839486874;0.6965544815046013;0.3937900288571987;0.08953952245433476;0.2784202579480559;0.7291027216490148;0.6918587659935491;0.6603897060191621;0.6530703646697799
0.05011300832319156;0.2810281638987018;0.09400699798464984;0.7001811191395004;0.3900337601210322;0.06251234753432151;0.2784202579480559;0.7452630856470681;0.6943799615947108;0.66601421975638;0.6595369070480437
0.07561150603486483;0.2765542972232309;0.0949672114039184;0.6873188602725412;0.3840249488695262;0.08999781819230061;0.27312295973884604;0.6867078477680666;0.691300070171315;0.6697955737426082;0.664302056203999
0.051814867144819615;0.27300491960246953;0.0960532149472395;0.6765392793555476;0.3746261171658307;0.06610848769775828;0.27312295973884604;0.642224559535114;0.6846839677327059;0.6712777252955564;0.6667562666996183
0.07789860839371462;0.2813418298279786;0.09701443406860655;0.695627748835683;0.36581307959543885;0.09502882780691456;0.28396217661597056;0.7143823179396915;0.6858770967303784;0.6727416944177598;0.6691066726666688
0.08756859470538253;0.2894311090566908;0.09812418765379949;0.7138350536632019;0.3592788852155884;0.10638198496376418;0.28396217661597056;0.7740261938895437;0.6929561314935966;0.6755637611263049;0.6727756596357038
0.07776637763635072;0.2880443754746258;0.09928353008863411;0.708319402147626;0.35029301963970516;0.09719428086779598;0.28633246450894534;0.7554994927959984;0.6961916409699811;0.6785759629567003;0.6766426952595617
0.09831111938233544;0.2873675174167132;0.10021759525333351;0.7049739960350339;0.34005890510744385;0.12121657770352466;0.28633246450894534;0.7460454337390771;0.6970063138747427;0.6811757131053575;0.6800925316394724
0.11375028466343598;0.2949945521180699;0.10130375352005316;0.722070237332504;0.32996630992071263;0.14003452557591728;0.29201778137679124;0.8033687555173592;0.7032535054926908;0.6847124117038855;0.6844812199816075
0.10907323380112002;0.29154422689602777;0.1023752904254911;0.711563378248025;0.31906637856162257;0.13695100902389679;0.29201778137679124;0.7536551222831326;0.703896261678573;0.6876916668188464;0.6883234083549572
0.07372844210129365;0.3015320104335193;0.10352372486063821;0.7344372871548164;0.3089901731431932;0.09911916103856121;0.29982876567890626;0.8240866141219604;0.7120165273747403;0.6919687862744872;0.6934813104496222
0.06064004583999588;0.30029385544953247;0.10463409733943019;0.729379100092069;0.29752087243997427;0.08605917759731234;0.29982876567890626;0.8061524158724823;0.7159819082078387;0.6963152425411026;0.6987607496541395
0.06581418640129097;0.3061709644401889;0.10576326871129993;0.7420343813428083;0.28469682430728716;0.0939398200590111;0.30420662837091195;0.845053502722909;0.7229348804116241;0.7014139000988701;0.7048489451010894
0.11252102836349745;0.3042229339320497;0.10681956536185577;0.7353015696809082;0.27457344577368104;0.14991293387479054;0.30420662837091195;0.8153170863771412;0.7252339450689568;0.706028987673114;0.7105068148489525
0.07883891600163573;0.30501535312180117;0.10782905818396626;0.7354869985665287;0.26525018911271125;0.11235703795607578;0.3014567570075326;0.8210360667607687;0.7262824265483854;0.7099655725748075;0.7154913288075511
0.07571680089721017;0.2999966982533757;0.10873589203029788;0.7213606390063312;0.2558090171742359;0.11035622726686768;0.3014567570075326;0.7420754009535518;0.7212036881309299;0.7119304352896004;0.7184356504943417
0.05525531555401014;0.30243999075510963;0.10965982281230957;0.7258154616122408;0.24719244669823204;0.08742868585679399;0.30478022117063563;0.763071291810963;0.7179767086912786;0.7127497662753474;0.7200805692506828
0.07918173648369031;0.3090765014692769;0.11066575699622394;0.7405834792333381;0.24069828117558056;0.11726320313981782;0.30478022117063563;0.8159419713869994;0.7199430205510794;0.7138637917955762;0.7218557658380018
0.07880953138888819;0.30580777231155265;0.11174920760344786;0.7305084182792527;0.23600124674305878;0.11770020622280901;0.3121441404964953;0.7637950342016457;0.7172021006405245;0.7141158062621729;0.7226247645635285
0.09195424815795208;0.3201208439264369;0.11292843199515845;0.7641157910744896;0.2314584092118902;0.13454303208514717;0.3121441404964953;0.8642667304391866;0.726342128074296;0.7164489503521616;0.7253629119340906
0.08197082597697714;0.3201538613926762;0.11420134140545946;0.761939781042936;0.22797978595242763;0.12308838320327141;0.31960084689289836;0.86446697597281;0.7320665968337798;0.7196504606654863;0.7289679128825571
0.04268359873352319;0.3203684749232343;0.1155032614532252;0.7601652362152632;0.22382543495923568;0.07577328337872595;0.31960084689289836;0.8658632189736718;0.7352103054035426;0.7229448086236654;0.7326963305552918
0.06916158353678095;0.31662099250503495;0.11678197299101845;0.7485496469027756;0.22091176841397475;0.10874591058542914;0.3163364290474142;0.8024380616808198;0.7327947684719519;0.7250169631323415;0.7352084831156152
0.0664557504462788;0.3175124640935052;0.11801148248767035;0.7485917835925497;0.21767072675314492;0.10600462286168048;0.3163364290474142;0.8096070014711997;0.7301508469643339;0.7260581016462992;0.7366293624334204
0.07487689071617645;0.3173143592960672;0.11919480704947549;0.7459982497489652;0.21454371305297948;0.1169896383235259;0.3122031868141133;0.8059960086660375;0.7263952212526765;0.7260151684424447;0.7368591943207301
0.07046430136858833;0.30872981807376076;0.12036490276059775;0.7225108196588104;0.21178925139383065;0.1120478081037337;0.3122031868141133;0.6624352346838661;0.7143999847940994;0.7231834302147991;0.7341299846055871
0.04794099569760295;0.3074916630897744;0.12149461566436637;0.7174183193307767;0.2086421006920124;0.08460529633760498;0.3073276480164657;0.6437890081368062;0.7025781949085882;0.7181610971913951;0.7289312934379163
0.057221635890365996;0.30901046653679787;0.12263415350402429;0.719184766227842;0.20683901605356791;0.09646875583035792;0.3073276480164657;0.6615741657840525;0.6934634477180869;0.7120175938247596;0.7222835746147221
0.03624836854181307;0.31323670221547184;0.12387047083026781;0.727532360154229;0.20471871235256212;0.07062020396359371;0.3089640745333231;0.709319105452809;0.688966136731714;0.7060539797712361;0.7155089925015046
0.04349657301953831;0.3064681216363456;0.12506029377486572;0.7085392815515976;0.20289542067071964;0.07996409743768444;0.3089640745333231;0.6032409030198743;0.6784211843935734;0.698823915516215;0.7072175291041795
0.06537831464553587;0.30131739690296167;0.12626613059134595;0.6935530315632623;0.20135796934973238;0.10765321261743614;0.30537068434682135;0.5334200724178364;0.6646879833720474;0.6898371642572988;0.6969007303051489
0.02477857469935868;0.31135470663981213;0.12753942681014552;0.716328941784389;0.19887740593393655;0.05705152595718539;0.30537068434682135;0.6494289750838259;0.6620356209264553;0.6820292096583029;0.6874889827486972
0.014973908912597908;0.31213061709644396;0.12881937613513728;0.7159933580498654;0.1959441627209817;0.04507062882364399;0.30571652706430097;0.6574666520733092;0.6599103985965227;0.6752872259676439;0.6789917559971372
0.06429843012706396;0.30121834450424245;0.1300494271636885;0.686593752350459;0.19497436472137397;0.10748263323772596;0.30571652706430097;0.5199645500759359;0.6478930997189742;0.6670911022058849;0.6689622153838943
0.12332232226594542;0.2756298081685209;0.13115059360019155;0.6208174188408914;0.1939158938727481;0.182310542553847;0.2697573196345875;0.3142907003905555;0.6152925686814127;0.6529314807241284;0.6528017652816575
0.12313621971854438;0.2673424241423712;0.13224402386670286;0.5982071730645814;0.19365561874877424;0.18214468116086063;0.2697573196345875;0.26819927689964596;0.5822267837669931;0.6338925598857996;0.6313279768290997
0.1122149386473773;0.27957539538415777;0.13344413591738924;0.6265893218216445;0.19244126999691813;0.1686384863790249;0.28362476908672196;0.39692998706341265;0.5673079293405333;0.6151822188525123;0.6096182390788658
0.08496071032403882;0.2905371941757191;0.13466157698885484;0.651770180180329;0.1914934651052027;0.1343284420703792;0.28362476908672196;0.4933228830047808;0.5656533869219807;0.5998280925926213;0.5908548290195255
0.0836163642908391;0.29357480106976563;0.13591367610187977;0.6571251083612921;0.190633527582439;0.13280877774191324;0.2920093461885602;0.5181096753329609;0.5674070536282324;0.5879537616490692;0.5754313934119802
0.06844166052446635;0.2929474692112124;0.1372036050861598;0.6532718659224258;0.18943661922505817;0.11378688582505032;0.2920093461885602;0.513177713974753;0.5685721374407902;0.5787260043972035;0.5627376136095805
0.060706161218677834;0.29202298015650285;0.138463208284076;0.6487312601532963;0.18839688454318781;0.10415060430770971;0.2878170576376413;0.505491084517379;0.5690001942523419;0.5714436251027355;0.552211070823414
0.06798864774460853;0.28629444976392504;0.1395876605922517;0.6324482432431691;0.18654210909702174;0.11377467236830442;0.2878170576376413;0.45823792402482855;0.564600413927124;0.5645916552907149;0.5424056372256767
0.06602232740825267;0.27977350018159575;0.14068054932686325;0.6142447815013627;0.18565678144173925;0.11143929664088685;0.28028443454715646;0.40845911364077114;0.5557679887351971;0.5570502823962393;0.5321761153445161
0.09011526114350218;0.28380163106283174;0.1418700628246623;0.6221813025095901;0.18519328019499615;0.1422788477261247;0.28028443454715646;0.4508286139533315;0.5528859763850372;0.5503450741682496;0.5229828141298781
0.08091542863579484;0.2906197378413178;0.14316153904294104;0.6368956541837756;0.1843060964334744;0.1307266870268498;0.2859107050973839;0.5182520420854808;0.5571644209021247;0.5459786774147998;0.5163570112681707
0.07521971119823104;0.28396671839403;0.14449223764307284;0.617940869185206;0.183601546521727;0.1235955639159891;0.2859107050973839;0.4625083280119392;0.5550992001572516;0.5420039328830425;0.5104308820676436
0.05134961077631697;0.28223330141644887;0.14577164543616616;0.6113475066334402;0.18216446502115258;0.09332708924643164;0.27346880245632654;0.44842193879893266;0.5524350485886983;0.5382028343415387;0.5049555694796546
0.09077151749486381;0.2680027734671637;0.1469467696577813;0.573768991019807;0.1818486467934889;0.14387907446764825;0.27346880245632654;0.3462653085733949;0.5382878320719007;0.5318627037013781;0.4971590953299879
0.10293184973688527;0.2620761382771484;0.14803625447759838;0.5570539014731639;0.18135887989241584;0.15957611617026057;0.25675869457026934;0.3104389316436077;0.5226436036532375;0.5231422314119245;0.48702168944428664
0.13275233424017513;0.25545613629610076;0.14910299495764168;0.5386497757559489;0.181421532233211;0.19777658112501778;0.25675869457026934;0.27327182204365696;0.5053920295532838;0.5121426390522915;0.4745043678186196
0.10360769583007856;0.2678046686697262;0.1502617958605761;0.567393449076095;0.18064256296752867;0.16061930679195152;0.26688092044773937;0.40435183564665256;0.5038409618883594;0.5029812429282613;0.46364939352788115
0.07311381395132438;0.26953808564730686;0.15142407804000646;0.569654830511685;0.17939659036785927;0.12176302821736638;0.26688092044773937;0.421234577497668;0.5052275508440716;0.49597549042458505;0.4549106934105712
0.08647156916280788;0.25974840690725376;0.1525386280505936;0.5432601060801464;0.17857380999075445;0.13910359108209808;0.2565309444880257;0.35721785090819513;0.49871651794518523;0.48885245990029474;0.4461216646393833
0.09276967116169618;0.2573381318717596;0.15354456223450885;0.5354637204473561;0.17806425629675282;0.14731873044004007;0.2565309444880257;0.3424524699924496;0.49261355239388327;0.4817307717526921;0.43738283064427474
0.10624251610644087;0.25063558622511284;0.15448025199490667;0.5170862218240051;0.17733105931134951;0.16483286980339784;0.25033108113807545;0.30268686590876726;0.48310660248710574;0.47381631926113355;0.4278815445950107
0.09137879949164618;0.2543170337108327;0.15540008260682248;0.5246365127181438;0.17678462863866862;0.14582652781585764;0.25033108113807545;0.3441607847480226;0.4802177888862653;0.4668110612456891;0.4192860521936914
0.12558738616523457;0.2408459074850593;0.15627589441149103;0.4894831214420571;0.1768589779508586;0.1898665585686869;0.24086679994264015;0.2679762580879304;0.4673886563470517;0.45821499147551753;0.4091172122452813
0.1345545904886906;0.24558391389044765;0.15721189361868815;0.4996399852205903;0.17715420390552772;0.2013290280358861;0.24086679994264015;0.32001049619379407;0.46300983677236807;0.4503169575091086;0.39959425104429913
0.10814272106411477;0.256545712682009;0.15819616652662827;0.5252345243055966;0.17801288067688337;0.16710484464720265;0.2508878035613362;0.4288971814699305;0.47080173866866604;0.4458156684550223;0.3934982014564632
0.0903111585618191;0.24949648363984522;0.15909039041587514;0.506065899037746;0.1774444919171827;0.14429925803843746;0.2508878035613362;0.3839310942292601;0.47212327114249586;0.44252282987969316;0.3888014773821541
0.0883644279672949;0.25735464060487967;0.15998438222002243;0.524079539795975;0.17556719805003784;0.14222194131212934;0.2564550277939448;0.4558613948747646;0.48153459631415474;0.44208336048737873;0.38720833498867147
0.0908792610749381;0.2595833195760555;0.1608403894295134;0.528119583651075;0.17379885411705376;0.14587666858770226;0.2564550277939448;0.4755665323772639;0.4922018402639465;0.4442194774347841;0.3885586291189439
0.0954265298976191;0.25055304255951416;0.16161864813059612;0.5042155905203167;0.17162454823074547;0.15227460888410388;0.2521193410430955;0.4127380351626815;0.49378152947871573;0.44629676801908247;0.3902600744318647
0.1125797975889925;0.2578994287978338;0.16242220410754982;0.5211132266382944;0.17061713781413723;0.17476026040167109;0.2521193410430955;0.47896917924673144;0.5026960249623273;0.45003753702484994;0.3939836760129243
0.08105010811088773;0.25727209693928055;0.1630995057902518;0.5183468911907143;0.16881104138066272;0.13427444864019983;0.2557296016060593;0.4743058483840873;0.5102088923316865;0.45478221711193456;0.39908804718279345
0.09356795314133753;0.2582461121933499;0.16370749138983598;0.5196975985655403;0.16681534194379855;0.15101772881922304;0.2557296016060593;0.4835854947684558;0.5179531733570785;0.46038399370653554;0.40540982609802223
0.06746217343288186;0.25134546174926475;0.16417491078068513;0.5016567817012016;0.16411390188552377;0.11757422642463915;0.24565798685797668;0.42919717437558236;0.5188313623691297;0.4650702161656449;0.41112181247006985
0.08468645393839516;0.24446132003830012;0.16461123076817108;0.48371231648579505;0.16169739164542063;0.14062494209932513;0.24565798685797668;0.37984151611865613;0.5143347161123396;0.4677705377933374;0.4150141420959538
0.07134339103328541;0.24834087232145796;0.16516359330552044;0.49240867044057696;0.16013959319754578;0.12348099448776652;0.24862717311536775;0.42141691865034814;0.5151905509829318;0.4701303831020724;0.41860642787346486
0.075094826594054;0.2532769835242843;0.16576105771391658;0.5036602646348823;0.1579202504692797;0.1288853135506462;0.24862717311536775;0.4724753761500048;0.5211638938680213;0.47341129396359455;0.42314789033781797
0.0641000839910181;0.24893518671377146;0.1663620033988087;0.49176481633069824;0.15543748073852004;0.11493015516339601;0.24553145903450835;0.43717610653286143;0.5228793637460585;0.476436084890368;0.42747592327820305
0.05853659731081817;0.24662396407699694;0.1670400013368103;0.48479730193422466;0.15159541086487538;0.10834654697541525;0.24553145903450835;0.4186001322962518;0.5230338402533363;0.4788919428735835;0.4312377516388579
0.054922289942871405;0.24852246838577585;0.16771583314721372;0.48833348980182223;0.14782870590872155;0.10428402998959328;0.24660272793987392;0.4406079798914009;0.525683853532178;0.4814746350062543;0.43510023548331345
0.061732173947112584;0.249133291511209;0.16834370070367388;0.48874305293630993;0.1445442383660661;0.11401098869838118;0.24660272793987392;0.4479712897728816;0.5291208864451915;0.48434233416377837;0.43922810904936105
0.03867015037575573;0.2475319443985864;0.16901473608868356;0.48355845580423906;0.14134021376740535;0.08377208587797956;0.24302620812983378;0.4325641708713125;0.5311803817529485;0.4871167853979245;0.44324612727039425
0.03922845801795889;0.24312411265559453;0.16970928943046504;0.4713322276226726;0.13883282436332056;0.08495276395128794;0.24302620812983378;0.3910073284823291;0.529656941212996;0.488981067030588;0.4463068603764212
0.052826187566880595;0.23307029418562397;0.17039076864496217;0.4450470311339348;0.13659656655366592;0.10365677144566716;0.22743798027852913;0.30932275435662177;0.5203541426206084;0.4883030001946248;0.44668382884936797
0.06782458365676813;0.22707762406312915;0.17107557441255583;0.4288852086768075;0.13499096461491045;0.12420987416030278;0.22743798027852913;0.2680912032186437;0.5086514132492626;0.48503137021407167;0.44418873983779394
0.07266080117146656;0.23069303661636997;0.17170522128811383;0.4367856321299533;0.13378421539237384;0.13100935925902646;0.22506769238555524;0.3198165533889302;0.5036927930466841;0.4812576736174183;0.4408522150158624
0.11010659268274167;0.22481592762571356;0.17230059693061195;0.42107070563994786;0.1319150813885076;0.18214368963837385;0.22506769238555524;0.27814353452562124;0.49568562099145286;0.47637137538009305;0.4360724592736326
0.057990533257259835;0.22950440783174297;0.17292072831708127;0.4316644459121381;0.1298641190149329;0.11198857568511598;0.2301372405125215;0.3441082799816608;0.4947184499451498;0.47223678423589377;0.43175045742170937
0.0630887635689571;0.2359263050153526;0.17358557476609837;0.4465023253413619;0.12756541898971785;0.1194017761343893;0.2301372405125215;0.4268649613974208;0.5008098583820891;0.4703496798308576;0.42951844022112656
0.042473009008832524;0.23779179185789223;0.17425970461910456;0.4499591809396115;0.12605570419970302;0.09162002431300369;0.2397702254725811;0.4498079259697666;0.5083354000012064;0.4705950169326687;0.42942346692719857
0.05820602041740841;0.246491894212038;0.17492045089802533;0.47048661151289745;0.12462877875213618;0.11336724539810412;0.2397702254725811;0.5484756639895797;0.5229388018038623;0.47419692472872;0.43285506284392916
0.0747226214992519;0.24457688117013854;0.1755488599863857;0.464595298368939;0.12314830639060881;0.13627074930928296;0.24390346770588156;0.5282295974289039;0.5335401291814887;0.4795507711188046;0.4383400073435736
0.07777617250726657;0.24779608412850385;0.1762181934139968;0.4714370889613959;0.12202112459025583;0.14071922077951993;0.24390346770588156;0.5637045693018975;0.5454224195594957;0.48660489990410327;0.4458799901249632
0.0324504073441942;0.24957902730544435;0.17690268973478984;0.47466967305771857;0.1204457456644159;0.07890152356337661;0.24922607147978448;0.5832989668067771;0.5569036246752629;0.4949257180943719;0.4550693031104144
0.08596958202837082;0.2532109485918048;0.1776019621402667;0.4824877446741692;0.1197801389628218;0.15251288822661596;0.24922607147978448;0.6227078356930431;0.5695737623604423;0.5045371570455246;0.4659398646884131
0.06852981436270897;0.25948426717733675;0.17828460178026262;0.4969234726342107;0.11909793236769106;0.12871807817745573;0.25983753827466627;0.6851840021660087;0.5853653153225343;0.5159090333264718;0.4789810752551865
0.044385457555151234;0.2640736949846465;0.17900599963191244;0.5070904931392689;0.11796031434735099;0.09574981107993029;0.25983753827466627;0.7265457507880057;0.6019343417700345;0.5288705729330617;0.494045138233228
0.07638774955494554;0.2599795291709315;0.17968569952731173;0.4956729599940277;0.11738520158014165;0.1399306873018637;0.2583951210871267;0.6688658346649989;0.6112496532245306;0.541412214866818;0.5090707496123671
0.01668066516968389;0.26075543962756287;0.18041119754905743;0.4963210689488009;0.11545667217661715;0.05798718481637806;0.2583951210871267;0.6765735594397945;0.6190795710465399;0.553271532171659;0.523681884080533
0.08217162083075197;0.2649651665731172;0.18116934220816372;0.5054758481278412;0.1145280937438713;0.14861458919180692;0.26043643663908345;0.7179495970374836;0.6286910848600858;0.5650004731857667;0.5383451558958285
0.08479174880074047;0.2597649156403734;0.18183426601888053;0.49132574378806415;0.11389806824867621;0.15239671940609767;0.26043643663908345;0.6417110545410233;0.6312729435217249;0.574985737503907;0.5513412951892408
0.0818043131714078;0.2509327434212696;0.18241525238519607;0.4682658569834086;0.11267412377777153;0.1485749018534816;0.24922607147978448;0.5311381473241794;0.6251081461181266;0.581536265513821;0.5607917923375519
0.075538044502996;0.2518572324759796;0.18301627543178833;0.46950538937869885;0.11166345642002629;0.14014335458749683;0.24922607147978448;0.5421653732649374;0.620783146605718;0.5857680610699993;0.5676467630698836
0.05840191783572532;0.2537227193185192;0.18362108920167586;0.4730852237197441;0.11038918695542532;0.11666108263148499;0.24789331173925122;0.5650334480570738;0.6187804678859034;0.5886864557207304;0.572841453115543
0.07029289112756104;0.24645887674579825;0.18417848024951855;0.4539789113416603;0.11007172274675703;0.13324596586714232;0.24789331173925122;0.47811091258541716;0.6105521541179149;0.5891022583438156;0.5751230445959878
0.07984044155278089;0.24229867599960375;0.18467599334163332;0.44271990548205137;0.10896758468046952;0.14678502828051698;0.23931472530809517;0.43388193104305495;0.6002827837203952;0.5870399954940133;0.5744334583710635
0.08049180046868457;0.24109353848185666;0.1851425617537834;0.43888629023093106;0.1079137716078783;0.14795782136519103;0.23931472530809517;0.4212680188479577;0.5911428278285867;0.5832586693816573;0.5714913260143063
0.08058730046011406;0.23792386172285118;0.18552689467893035;0.4302986407005833;0.10643263384977442;0.14846728460877134;0.2296733051598041;0.38818097406369423;0.5812557609701984;0.5779278599963482;0.5664630230080457
0.07763414687898681;0.22659887080265406;0.18586442377563284;0.4014531256090598;0.10543643011234693;0.14459692397727258;0.2296733051598041;0.28873310347957337;0.5636888589484235;0.5695664607935774;0.5578261326215113
0.09382996593833637;0.22309901938125254;0.1862031906595334;0.39212279976480313;0.10408560502059228;0.1675905836823387;0.22267209892788742;0.2628798897558121;0.5472205615565212;0.559036793726218;0.546395335168591
0.12272728385780785;0.22772146465480203;0.18655224664952286;0.4030327710898931;0.10300783767125199;0.208364134338065;0.22267209892788742;0.33573528765546123;0.5389786533271617;0.5486909766302479;0.534583736287246
0.094486222289698;0.24695413873939298;0.1870468973587398;0.4501251198905485;0.1015774451573137;0.16921055022526632;0.24706666329259086;0.5646523450065746;0.550187468072985;0.5430283143531299;0.5271520423243075
0.08047221072685287;0.2516096014791822;0.1875177206643852;0.46090140673407454;0.1003248185918808;0.14987207896756277;0.24706666329259086;0.6070512525268965;0.5636252748650239;0.5416319959273054;0.5240192532924943
0.09061969699566821;0.25218740713837606;0.1879630146090605;0.4615525352561937;0.09884830358893903;0.16453686977642523;0.2538485546304967;0.6123367957088465;0.5750527230774517;0.5431799197793603;0.5240868356833841
0.121833501886737;0.259649354508535;0.18840320268154143;0.47938308043084366;0.09669504524696715;0.20918036253445416;0.2538485546304967;0.6780128975469433;0.590858657627809;0.5481043378903313;0.5279453010990657
0.11317238727940113;0.25276521279756947;0.18880811381886486;0.46149433995826344;0.09527957162468825;0.19740548646373401;0.2417946706480758;0.6004946871736823;0.5972367146245724;0.5535312897835469;0.532769730264494
0.11616227162646278;0.2354805692211177;0.18912111925669617;0.41782782756403763;0.09451320987308431;0.20187850726613282;0.2417946706480758;0.4470347303482809;0.5869642497492784;0.5554772246911837;0.5344035063400846
0.13010527037516803;0.23458909763264746;0.18939049269577835;0.4151264128143856;0.09392174235844564;0.22181030599424761;0.23308955639345053;0.44025144726472354;0.5782508462255325;0.5550019324427236;0.5336811032423479
0.11173254125477192;0.23661967180638532;0.1896634247730571;0.41970682197125025;0.09258604628358502;0.1962190004978977;0.23308955639345053;0.46163404425351984;0.5734405518416873;0.5534998968804032;0.5318858909591716
0.09413115821899862;0.24300855152375567;0.19000675599725314;0.4350327732859415;0.09109636343260574;0.17168537758229258;0.23642989093301559;0.5265751981778576;0.5755946694349977;0.5528006270643948;0.5308546633541659
0.11961496362429813;0.2347376762307256;0.19034792109385057;0.4137983521946486;0.09121189729078527;0.2078507631801923;0.23642989093301559;0.4552088031976439;0.570225297200996;0.5509890277149813;0.5286687100269538
0.06959990401026503;0.23784131805725206;0.19065295827659146;0.4209982360236578;0.08948449275768355;0.13723125204779685;0.24316117114153402;0.4870907322167496;0.5690747407763225;0.5492714286434938;0.5265160138483561
0.08585449229510966;0.2530788787268463;0.19095698975723296;0.45846420412714534;0.08798458381195184;0.16078011951384413;0.24316117114153402;0.6213996639491187;0.5819658471211921;0.5509036655652844;0.5277779118073824
0.06061310994497732;0.27047908343513694;0.1913132403853135;0.5012315717177444;0.0864903132266831;0.12513319902156456;0.26919216202309526;0.7345569540590761;0.6076225607662895;0.5581928200108364;0.5350326709289832
0.09389118388156042;0.2713870637567273;0.19168418973637635;0.502838118798564;0.08613646233154959;0.17277556193549287;0.26919216202309526;0.7397607748888794;0.6284136210813636;0.5688727965324476;0.5462265451694751
0.09038462009368795;0.27688447188562737;0.1921096790858754;0.5157948077715976;0.08574811587706266;0.16787450731009573;0.2795843139239649;0.7713710503053833;0.6492114786354322;0.5822670158891353;0.5607679603697807
0.05451825151759279;0.28532043450985567;0.19257941932772216;0.5360023014593291;0.08401773456980355;0.11697699143263936;0.2795843139239649;0.8161274807220616;0.6723745627228184;0.5983842205568747;0.5787120300941098
0.07601064702468552;0.2967114603625318;0.19311282824859344;0.5634673252617557;0.08234548791079477;0.14820901602864522;0.29726446845661325;0.8685950854684964;0.699738280836847;0.6176594372309846;0.6005405347789154
0.08144924910070842;0.3000957506520945;0.19367339112613235;0.5709138528416604;0.08080705600537919;0.15643557094011407;0.29726446845661325;0.882927598556157;0.7230053964268496;0.6385057007882216;0.6246580819421328
0.07512421120680154;0.30539505398355704;0.19431116098018109;0.5829998083947271;0.07960041184545985;0.14765301885256743;0.30572496225253243;0.9049250554953089;0.7444901415450145;0.6601931378241356;0.6502536122422193
0.06791273749501073;0.307970416350249;0.19495210266392649;0.5882861100451122;0.07893088280615235;0.1374315497212366;0.30572496225253243;0.9154769451477031;0.7619263507135006;0.6816093604569812;0.6760864455297659
0.07555273680936977;0.29669495162941173;0.1954645465641227;0.5592537935373578;0.07780611744599786;0.14874275051537283;0.29243110560012164;0.7845056134075137;0.7637514178925056;0.6991679598281193;0.6983177405758867
0.08129742860151282;0.2906527553075571;0.1959882079108053;0.5432543414515778;0.07710608522679518;0.1572283960116419;0.29243110560012164;0.7222056525938388;0.7579495755439167;0.7118618001014103;0.7156051690804642
0.0690073143198564;0.2882259715389437;0.1964542347910565;0.5363746690142435;0.07437683859580313;0.14016197985047746;0.28990054913075314;0.6976739269129317;0.7494334313333143;0.7200308347032598;0.7280015532997219
0.0477034700778937;0.2941691154620796;0.19699081554162445;0.550246012386815;0.07164909786232587;0.10986874728500272;0.28990054913075314;0.7359968554397764;0.7462845745966116;0.7258317220806886;0.7375076165245189
0.08607732560844514;0.2888202859312572;0.19742667135891168;0.5361317310959981;0.07048010114027958;0.1660249371198228;0.29279381869406373;0.6801794792450971;0.7373975905704045;0.7283999113513081;0.7431732617989236
0.10367136249103157;0.29923729652986397;0.19792689211052172;0.5612262572792163;0.06902659485053098;0.1921196690655958;0.29279381869406373;0.7470737525977474;0.7380490785322767;0.730606395328733;0.7478605567551936
0.10128386270529435;0.285155347178657;0.1983871168632798;0.5252866804688338;0.06804853192502736;0.18894486691001128;0.2878592335787973;0.6156497267023203;0.7245156303182197;0.729215466717748;0.7483283723919905
0.068147814396991;0.29324462640736915;0.19888749233829017;0.5445751276590721;0.06625437760905495;0.1409909184115697;0.2878592335787973;0.6684206915367871;0.7196164232934692;0.7269601868776188;0.7472862078659548
0.07630449315216087;0.2874005348829529;0.1993666707075259;0.5291487071036152;0.0645563906088028;0.15339957682868077;0.2897993268719792;0.6182880090946511;0.7092243106787579;0.7227324335231271;0.7436664418675377
0.0729742370407736;0.29479644732063237;0.19989860975609908;0.5466517664743475;0.06454451853304577;0.14851574446217225;0.2897993268719792;0.6668516839123487;0.7063477691627915;0.7186793967724172;0.7396717288553667
0.08293317204445891;0.2787994849275264;0.20041012531589653;0.5058447843562253;0.06321593169529038;0.16351098413155302;0.2749280900203286;0.5414465249531545;0.6887190930576301;0.7113258094331013;0.7318619184762267
0.08758083829402732;0.2742926007858153;0.20086253653696362;0.4938011027459941;0.0619283192782899;0.17072372710605666;0.2749280900203286;0.5103919887087899;0.6698875976291165;0.7010512738762847;0.7205455870374035
0.06944563479334045;0.2747713540462904;0.20131169856663433;0.4941983131049768;0.060259084414310826;0.14446422308871282;0.27040682912839165;0.5141065450788346;0.6547343259446146;0.6892977729600844;0.7071540049580817
0.08555085129671847;0.2694720507148278;0.20170941506586493;0.4802752253283517;0.059301613761801986;0.1685065173347831;0.27040682912839165;0.4757776285782429;0.6375292493970962;0.6758826013256933;0.6915429348933259
0.11473956662593632;0.2669957407468546;0.20211850373498397;0.4733730433889863;0.059621914661137976;0.211509417179215;0.2640888731432036;0.4580376579441324;0.6214074905392737;0.6613907320610249;0.6743366889715315
0.05509125146616972;0.2648826229075181;0.20255830499896543;0.4673222421879681;0.05886763511052584;0.12361834283666458;0.2640888731432036;0.4425555885228145;0.6066391754644767;0.6463531393501227;0.6561309868186862
0.06947257068835902;0.2612341928880375;0.20305102166568512;0.4573481994868934;0.057488092903370425;0.1452390271914905;0.25391603613634617;0.41566745688703244;0.591742736252592;0.630849088238397;0.6370794583673411
0.06017234075376429;0.25073463862383205;0.20348757373827064;0.4303857963944173;0.05555350488891375;0.131953287186781;0.25391603613634617;0.34526858369385505;0.5708610727472496;0.6135760649454971;0.6159185016683923
0.09399892746163471;0.2544986297751506;0.20396303874591082;0.43893034846356116;0.05510289132322865;0.18229467966588392;0.24563268129328275;0.3854710324708355;0.5581333425683984;0.5967894308504765;0.5949298228328496
0.09688841438180895;0.2412586258130549;0.20442597115816552;0.40508593963171113;0.054018645112486996;0.18693150516856444;0.24563268129328275;0.3051239519701648;0.5369119822549613;0.5784111209719289;0.5721012660006096
0.08362615916175495;0.2540528939809157;0.20497516186581777;0.436022916869116;0.05293345333818944;0.16753227950989308;0.24095958701318398;0.42897632866996505;0.5322853953592432;0.5626295134619046;0.5516743365491232
0.12318274535539464;0.2325585234589096;0.2054225445763911;0.38161813672930406;0.05224312190065272;0.22668542295549493;0.24095958701318398;0.3136790721910682;0.5104109467711996;0.5449029190838175;0.5292248472661328
0.11303036165112137;0.23924456037243713;0.20589089230763946;0.3974634536274065;0.05148744151514295;0.21182186531425412;0.2406559202368599;0.370512365837411;0.5001766081265206;0.5283349083372537;0.5078351939174256
0.11523665632491545;0.2467725426750751;0.20641045348422793;0.4153178808346956;0.05112889782310259;0.21524074381524527;0.2406559202368599;0.4309968290007834;0.49992270391763777;0.5150212871083901;0.4897424286143286
0.11390945131581845;0.2428929903919168;0.2068894771300629;0.4047916690685946;0.05108098926960469;0.2132770794658938;0.2404281701546167;0.40892982675145073;0.4974098446185282;0.5037843698595197;0.47394383948082525
0.030425317782343267;0.24267837686135962;0.20728788988459357;0.40354952886514256;0.04923661502255339;0.08904730410171673;0.2404281701546167;0.4076650464745585;0.49639463268569683;0.4945580799607437;0.460469797827609
0.20097605888676395;0.2264998184039353;0.2076507936188663;0.36255327477568683;0.04926690807721401;0.34415991942669316;0.22322882135114774;0.3203223065640417;0.48245640814007096;0.48392653494868215;0.44591091830870283
0.14927873019293447;0.22541024201802706;0.2079784204179802;0.35925439745082577;0.048247590563975984;0.26725993858441255;0.22322882135114774;0.314979396782438;0.47188687040797;0.47295639240282955;0.4312257139286868
0.19506975172450947;0.2267804668669724;0.20835401147103783;0.36200563506167766;0.047937865968117;0.33600326088588184;0.2186738197062863;0.32852169591198555;0.4662508887930278;0.4628659192832142;0.417607559245642
0.15385293491063404;0.21621487767028746;0.20858988729406036;0.3352345627364519;0.04837405093435676;0.2740564093156657;0.2186738197062863;0.27464568210651347;0.45399631847169997;0.45193567024965875;0.40332413054657024
0.14459433317743162;0.22063921814639942;0.2088974000511974;0.3457241279352258;0.048110939119715423;0.260300449744562;0.2150972998962466;0.3198023634099638;0.44994307506434056;0.44224622001743885;0.39042449383226907
0.13156225742389996;0.2153564235480565;0.20912515289572964;0.3321437610523014;0.04791664331941825;0.24085371745600287;0.2150972998962466;0.2920927066249331;0.44378299469940363;0.4330580764407966;0.3782037204385635
0.09885718343589378;0.22318156304685166;0.20938679016482142;0.3511969564957201;0.04753614154035801;0.19197309831663267;0.2196016904117215;0.3711645388424223;0.44762644469843016;0.42660388696894597;0.36894805916023415
0.08203694135565909;0.22162974213358844;0.20962189237084372;0.34690930811829956;0.0468727061328551;0.16695438424429332;0.2196016904117215;0.3617629929556295;0.45097683774606423;0.4222218756857417;0.36210668108496447
0.10993518244171438;0.23765972199293417;0.20997388810542938;0.38626662340450174;0.04714152634970448;0.20871865458725414;0.2283068046663459;0.5061406051148263;0.46944046538412415;0.4230221424316689;0.3609372250297068
0.06450901985175461;0.22418859576716077;0.21030228852154176;0.3520844347891501;0.04615982125346707;0.14084387779536567;0.2283068046663459;0.419547877176881;0.4734632719751305;0.42460050870807137;0.36115341606131907
0.0793849800551941;0.22701158913064967;0.2106717680003074;0.3584699962063251;0.04555574622474989;0.1633609691923223;0.22330473804522954;0.4430373186799039;0.48052594150997696;0.4275102766288472;0.36326336632306544
0.061435879101908286;0.22504704988939128;0.2110403965003731;0.35291605108668705;0.044576247443476213;0.13663906826693328;0.22330473804522954;0.4303580557771922;0.48565885699721434;0.4310351307277504;0.3665104482022712
0.07050837828770964;0.2230660019150128;0.21139579614975412;0.3473444003221602;0.04385047488303018;0.15049244323701488;0.22665350777302606;0.4171567630199873;0.4892067727539816;0.43468241828513143;0.3703279569586776
0.08915781251147836;0.23554660415359674;0.21176078864992398;0.3778258346495901;0.04365428795562154;0.17864324558672284;0.22665350777302606;0.5259982724073516;0.5042527642930782;0.4411091021549591;0.37737302656799593
0.10982009270845322;0.2357612176841548;0.2120780489812506;0.37779824678429735;0.04361930210405407;0.20978440278784605;0.22415669205658295;0.5277533755481921;0.5172958292575824;0.44929220347868004;0.3866775024437301
0.10363952916055508;0.21796480338098823;0.21236513824961278;0.3329012606968163;0.0431418625500799;0.20063569449220892;0.22415669205658295;0.4042544562417435;0.5127039724782418;0.45476782429044554;0.3936478419543144
0.10665145196717737;0.22415557830092103;0.21268773653823203;0.34776988481174087;0.04322608774829795;0.20514701318234835;0.2266450725847946;0.4572538467421082;0.5155463125629136;0.45981117894087925;0.40038348125705736
0.07189680124003064;0.23444051903456886;0.21304073797491663;0.3727961962235629;0.04274609167063559;0.15289350984785532;0.2266450725847946;0.5375289015324072;0.5277989463928839;0.4667032815927538;0.40916451448508884
0.060010725383652846;0.24279393799319804;0.213463055494719;0.3928819464460507;0.042168072171013926;0.13511505694329617;0.24317804151799605;0.5958161571541669;0.5455777262155481;0.47636312712284884;0.42100859663393897
0.04351861147909897;0.24815927625713963;0.21396018177833342;0.40538213173768367;0.04157821561650743;0.11035548636028854;0.24317804151799605;0.6310086625185801;0.5648428185309656;0.4885837877322361;0.4358096980399557
0.029365023005703053;0.24591408855284413;0.21449467376300335;0.3988339254430398;0.03986828649875318;0.08931802605949148;0.24936946967971574;0.6123496592909521;0.5783271408289843;0.5015049754291749;0.4517186688644236
0.020867972486207587;0.2571565358074417;0.2151150372345727;0.4257740935396076;0.038030216008741236;0.07679390574124333;0.24936946967971574;0.6849191478765698;0.5990482443342636;0.5166742640259356;0.4702921331062121
0.02661511299607959;0.2525010730676529;0.21572944385524906;0.4130724207541998;0.03594636903594539;0.08592467180602793;0.25574647198252176;0.6443248556991193;0.6111534579216906;0.5316327341743206;0.4890315060701781
0.03908643238967914;0.26305015353121775;0.21639104111286933;0.43821004439861955;0.03454140167539843;0.10521174902078521;0.25574647198252176;0.7086362038920072;0.6298072191518291;0.5479497268442498;0.5094608824816387
0.04194653469710585;0.26032621256644717;0.2169976342018547;0.43033981661892945;0.033259427618860804;0.10986414669460635;0.26399608607266023;0.683935675069076;0.6416491506203714;0.5637649606107923;0.5296551118694468
0.01902408803629979;0.2713705550236072;0.21765219154478332;0.45672520784231085;0.028184482951839174;0.07580466616009153;0.26399608607266023;0.7474119741516531;0.6601867895059975;0.5807402834520181;0.5512325433562258
0.04998077756582765;0.2598969855053319;0.21826009978266736;0.42702941003693123;0.025696284985851525;0.1239994313379247;0.2644347158606841;0.6471635458432426;0.6638591525619778;0.5951769681770758;0.57036578471229
0.08199041571880883;0.2726582362069534;0.2189035944025095;0.45771672395609464;0.02358624240047069;0.17401739979339848;0.2644347158606841;0.7186050190829584;0.6772603248818116;0.6098515838809614;0.5897322172241715
0.07734764690469834;0.27719813781490377;0.21943321260008553;0.468100467044716;0.020594269184433966;0.16775911580074326;0.2717901999983128;0.7418350790743853;0.6908655411985039;0.624764129171926;0.6093205323292025
0.09936406800578876;0.26975269917786493;0.2199378429685903;0.448634826152528;0.01849851511500855;0.20267533546547128;0.2717901999983128;0.678013278548729;0.693883669475851;0.6373980187146999;0.6265148893972371
0.07259223707505563;0.27610856142899554;0.2204864147826444;0.4635142932592822;0.01740649427058527;0.16133495101377965;0.2678256615296366;0.7134580702255644;0.7007694167004649;0.6491109454536844;0.6425788391389156
0.08526190260470104;0.2630831709974575;0.22098013715146303;0.43015054464759706;0.01656511781021497;0.18135898556594843;0.2678256615296366;0.6091309660422184;0.6934789208713724;0.6567810809061851;0.6542399237021554
0.08582265896463318;0.2726912536731927;0.22154394922039877;0.4531146288155661;0.016019282492365394;0.1824139380069581;0.27165523698661254;0.665231384660306;0.6951668356017544;0.6633108254097964;0.6643042263286296
0.08334455662292439;0.27399544358965855;0.2221007987363426;0.455379578830747;0.015102926344101042;0.1788422197189985;0.27165523698661254;0.6726474780820982;0.6965314125195674;0.6688528520128599;0.6729274864578483
0.0809129799180659;0.26763958133852794;0.22265733880548666;0.4385394517453932;0.014497555543103724;0.17523477970764478;0.2624608818145777;0.6210664700757732;0.6908576284985424;0.6719632983681845;0.6786273939881448
0.11324584881126998;0.2610525968237196;0.2232237038105196;0.42110543066442074;0.014125808982153432;0.22597026260485648;0.2624608818145777;0.5703686555371145;0.6795298659959549;0.6718099244192709;0.6804802212311475
0.028792023057126123;0.266781127216297;0.22380608268743352;0.4343602332862829;0.012256464853052318;0.09416021352199543;0.2572648058641427;0.6094842812952969;0.6747851340070461;0.6705807132074441;0.6806536126469198
0.11636306648023761;0.2517416713441407;0.2243223946726256;0.3959329447424655;0.01215802118062359;0.23162919714082453;0.2572648058641427;0.5015279466934203;0.6568986494146771;0.6654260631565472;0.6762517895269836
0.08332251816336375;0.2495460098392046;0.2247763531276905;0.3896511466395238;0.011502850699016576;0.17998524870537558;0.24224173562433027;0.4871700478005204;0.640270309797824;0.657424472195959;0.6682781011196495
0.09046542777874364;0.23957473503483318;0.22515148001054852;0.3641153518646922;0.010850411845459984;0.19143056478653392;0.24224173562433027;0.42480537401516316;0.6179455843714629;0.6458168826502414;0.655921714082056
0.11238145145294665;0.23777528312477303;0.22549960766013877;0.3590095379897255;0.010448302188103997;0.2260457747600374;0.23628649273308522;0.4140057177779247;0.5986340457781931;0.632027195159388;0.640590135418755
0.12638321942714698;0.23969029616667203;0.22587821581949186;0.36311422803662835;0.011252906732412526;0.24773503321153334;0.23628649273308522;0.43111202261028403;0.5851859562239927;0.6178592357428134;0.6241706739216322
0.10624251610644087;0.23320236405058248;0.22620027257621267;0.34636070763286236;0.011503621158210242;0.21599056011547269;0.2324990932172648;0.3894232456069959;0.5690589856005691;0.6027639208241155;0.6062200723086612
0.09619052982905502;0.23685079407006304;0.22654909648110255;0.3548417115346916;0.010874576247443368;0.20042347154950557;0.2324990932172648;0.4242402076841254;0.5599748529392353;0.5885691715111067;0.5886927212619029
0.13911410290001638;0.23125433354244374;0.22675309928376164;0.340521138892961;0.010898950774661742;0.2678986738544638;0.22785130450185997;0.3870465312082414;0.5483420706283402;0.5745005078012467;0.5709500523437065
0.11160520793286594;0.22970251262918095;0.22690704906658077;0.3363774689766902;0.010200879724315715;0.22492086569889913;0.22785130450185997;0.37680564111084036;0.5384194540208498;0.5609315378326029;0.5534656284892363
0.0938985300347473;0.244114636642784;0.22715414233608922;0.3718856594158621;0.009342343036449652;0.19735928057793795;0.24136447604828293;0.513034217648856;0.544057741502865;0.5513912586885306;0.5399653018764062
0.08507335133957103;0.24328919998679277;0.22738645952091519;0.369414692555888;0.008482790743283064;0.18374326362112897;0.24136447604828293;0.50655647240339;0.5483573478157423;0.544761740313861;0.5295678256809027
0.0659243786990942;0.2445108462376595;0.22764732317300895;0.37199889319131346;0.007502836690667536;0.15382958451050005;0.2604195662626205;0.517737784441596;0.5533682174246387;0.5406267032344616;0.5220049533645426
0.11335114367361529;0.28018621850959136;0.22806793873541276;0.46023380784461626;0.007057721401955597;0.22890781679778305;0.2604195662626205;0.7552650814941454;0.589327324135973;0.5457046445959192;0.5243024087932798
0.10629149046102007;0.28627794103080495;0.2285294012753698;0.47460900720468674;0.006671966492029169;0.2178988043818192;0.28314396335754166;0.7835690363158055;0.6229796251072245;0.5576150018953726;0.5344651561848082
0.09424379923453083;0.28289365074124184;0.22892820083839904;0.4654604044133998;0.00558730003081831;0.19923718583997457;0.28314396335754166;0.7529115514875008;0.6460667804814554;0.5725274096924594;0.5487867253007886
0.06994517321004856;0.2867732030243997;0.22938540848486078;0.47432557963340216;0.00452259546689826;0.16108911929908742;0.2858516587797655;0.7724815260780671;0.6670326358393872;0.5893467525932536;0.566116425385693
0.06434250704618527;0.28769769207910967;0.2298233530680447;0.4758544414816087;0.003507095228756363;0.15250475990075463;0.2858516587797655;0.7772685131635882;0.6834860737928932;0.6066393092709952;0.584890467977452
0.11513870761575701;0.2974543533529235;0.23033664794693953;0.4992787351636307;0.0033540890370660215;0.23322060275402617;0.28335484306332237;0.8258705152752542;0.7040219688699865;0.625262500863982;0.6058346646838974
0.1305876677677734;0.27212995674711893;0.23071370887229614;0.4354459050000189;0.003001709018575105;0.2579094299160567;0.28335484306332237;0.6085617508153432;0.6965198621815907;0.6384114987386724;0.6218534236839212
0.15545929374083262;0.26544391983359183;0.2310378543949141;0.41819456774344366;0.0030967556663771267;0.29738077052367523;0.26915842127017076;0.5628621139262407;0.6836075898488849;0.6459194447701765;0.6323330443601536
0.10277023436677382;0.2763561924257929;0.23140423940568233;0.444761819272855;0.002629857395007318;0.21385150333280228;0.26915842127017076;0.6281818899953323;0.6821560354437026;0.6515872867017604;0.6408155294330126
0.0949025043036214;0.2765377884901108;0.23177897948004134;0.44454990054643073;0.0006228812372174319;0.20207145318990433;0.26869448591745293;0.6292430882154271;0.6802171061632405;0.6556693853669348;0.6474654850424012
0.16053548559296923;0.2643543434476836;0.23213089785292595;0.41353770863151557;0.0005157874092958092;0.3067426629500006;0.26869448591745293;0.5427802896233296;0.6669909638988585;0.6558506148801355;0.6498392015029932
0.1167058869622922;0.2593687060454979;0.23244684303535434;0.40054203978911285;0.0;0.23708111653670383;0.2531315636308422;0.510249986625384;0.6514332684493674;0.6523674109413728;0.6480086606716294
0.06429108397387706;0.2510648132862281;0.23271629383613668;0.37935250044881674;1.0821449583975351e-05;0.1534598829914532;0.2531315636308422;0.458652244396465;0.6312936832708338;0.6448841243951453;0.6415057633569061
0.17415770231918054;0.26029319510020743;0.2329913146793121;0.4018819041721087;0.0007738912391784813;0.3283215282556731;0.2558055183001402;0.5251399630740203;0.623287755070171;0.6370304442756772;0.6339436443980828
0.07686524951209298;0.2553735926305012;0.2332353908425251;0.3891784470969045;0.00021474798980192222;0.17345305857555182;0.2558055183001402;0.4933731842589206;0.6123763708008723;0.6282028721096872;0.6248052815107353
0.3281844961885708;0.24371842704790803;0.23341842862450912;0.359783508001579;0.0030275194015633167;0.5718441309545615;0.249141719597473;0.42389130804488206;0.5933605020145183;0.6167061512486571;0.6124060521566566
0.18979031630086907;0.2589064615181429;0.23373499270053655;0.39710371335411926;0.004361114224077589;0.351210371609524;0.249141719597473;0.5306907524659855;0.5919340397398133;0.6071761113655015;0.601460104878755
0.23899729906434497;0.2384191237164459;0.23393891814149637;0.3456425996168984;0.005042795506121633;0.42879782495671837;0.2260377390321464;0.4202266050131487;0.5727770082307966;0.5950844959773065;0.5875370773363913
0.18191524008452975;0.21898834483441698;0.23405434179775986;0.2969737621558171;0.005349753453057882;0.33818281146720186;0.2260377390321464;0.3378330961008028;0.5408805406224619;0.5779726748036765;0.5680501088718654
0.19328953393555465;0.2295539340311019;0.23416435013503056;0.3231311760446192;0.004292998627181799;0.35679881319604734;0.22111158910511053;0.4069490283439282;0.5258754705725828;0.5607839072818881;0.5478830852408582
0.14154078216941698;0.2182124343777856;0.2341941343894951;0.2947904777120244;0.003654778247835777;0.2750120782153514;0.22111158910511053;0.3604072194214444;0.5049152620082983;0.542144793481874;0.5257416550848927
0.21254135272064784;0.182041800112259;0.2340813410310285;0.20477415557799072;0.003711792228167976;0.3876894058842331;0.17482771128037689;0.24448124112501401;0.4575857477264277;0.5161958551893823;0.49563415921195375
0.2656785274391065;0.1751411496681743;0.23396568528966455;0.1877678150355783;0.005336760709382715;0.47086293328209766;0.17482771128037689;0.22651789231545583;0.4160028996815752;0.4857392289857234;0.4601257601494353
0.23788558121539655;0.18970185227985592;0.23391810784422074;0.22416938564980782;0.00652775053932142;0.42605422109743035;0.20536309267741304;0.31747564476590173;0.3983625276059054;0.457260042483761;0.4257657415996017
0.17042585650024364;0.2272427113943274;0.2340748426482362;0.31752534926786447;0.00687000952567729;0.3191977249951896;0.20536309267741304;0.503239864664965;0.41998998410587923;0.4395204009862973;0.40182533772175877
0.1786829326823009;0.21558754581173423;0.23418655294290502;0.2882569574949221;0.007116661530271906;0.33211759351616005;0.21583959646059503;0.46127423779054944;0.4286599465398474;0.427350597129472;0.38371859136876885
0.17586690729399548;0.2218608643972657;0.23438367055427234;0.3035540856667721;0.007636161152046572;0.3273937938865451;0.21583959646059503;0.4890097899974716;0.44292331451389844;0.4209410933635387;0.37195490125970165
0.15062307622613416;0.24352032225047004;0.23469915156650023;0.3570171725539995;0.008145294595579;0.2872916219730043;0.2434142267884707;0.5773843153372187;0.47500375810006323;0.42329492398432544;0.36989764351170934
0.17041116419386987;0.24789513652722306;0.23497378560117754;0.3674415425487232;0.008841509539685655;0.31815831081572693;0.2434142267884707;0.5940321553209689;0.5054027552197393;0.43226729442730133;0.3757362269911223
0.17891311214882327;0.2722785353451971;0.23541536618425685;0.42747493347344023;0.009600376824587364;0.3311583610126751;0.2747172103145479;0.6793144181651357;0.5518203085219486;0.45027016093924066;0.3921612884071294
0.14292675640400904;0.280400832040149;0.23584936532074474;0.44696349562684407;0.009742351441459074;0.2744185548803108;0.2747172103145479;0.7049113757187502;0.5958884760409642;0.4749495274616789;0.4170449547068996
0.1265448347972584;0.28251394987948597;0.23626502973435537;0.45149655247761045;0.00991784103325588;0.24854959393384507;0.2806218420764055;0.711691857097351;0.6323032127661093;0.5031852485180642;0.44726793792970887
0.08648136403372372;0.2817215306897345;0.23670111763674218;0.44874641289124617;0.00954052615358758;0.18560711310336525;0.2806218420764055;0.7073933345247482;0.6597389541716099;0.5321720747502401;0.4798249094159146
0.1538039605560548;0.3069633836299399;0.23725402170599041;0.5107234444149805;0.010143900764855829;0.291354055886921;0.30748791659285857;0.7873159729565679;0.7028347002405119;0.5654118320554852;0.5180732151579047
0.15402434515166133;0.30985241192590873;0.23781303734953196;0.5169374395057131;0.009959340767097147;0.29178912554169184;0.30748791659285857;0.7956301277804916;0.7379545098459278;0.6001938776661463;0.5591797071645728
0.1462937432813307;0.330306732261366;0.23844539188458702;0.5668324958151546;0.009428949653993768;0.2798651786351094;0.3259525436310109;0.850742887793298;0.7819482651175272;0.6382792338954684;0.6047727572079141
0.17619258675194732;0.3226466800937695;0.23898684642224932;0.5467662355273508;0.008884199983190011;0.3272502653877916;0.3259525436310109;0.8046885666652733;0.8075474357662391;0.6747174642684728;0.6496623196856968
0.23166583818383502;0.35620893452636393;0.23972712052867706;0.629163502983607;0.010211981340879084;0.41384693026243136;0.35724709196885707;0.8859402758018066;0.8548729049490917;0.7149047524676925;0.6990799397239471
0.24155620909110942;0.3579918777033049;0.24048588408138283;0.6322643241412217;0.011800177906031939;0.4283626779055825;0.35724709196885707;0.8897443292160528;0.8905964810898517;0.7553856263099246;0.7494550448239798
0.22602154381857936;0.3530722752335982;0.24122368261341443;0.6186849180297259;0.013553532905611787;0.4028733664129423;0.3424180310583629;0.8592635344804581;0.9108998512074769;0.7925052448265819;0.7968205931797181
0.2228626979482194;0.33210618417142657;0.241873675616048;0.5652383015098393;0.015363096405457632;0.39681144599642715;0.3424180310583629;0.7390035448993216;0.9047095864557504;0.8207573169920584;0.8351502114684386
0.17394221515903197;0.3442731204807341;0.24252653100157895;0.5944266747481273;0.0164225128176394;0.3198110255551251;0.3379811220487383;0.7748743527655736;0.9071136759397647;0.8439196289396913;0.8677734820146593
0.12381941196492455;0.332221745303265;0.24313544494156192;0.5632879355108249;0.016797131090129702;0.24143061088470535;0.3379811220487383;0.7107344299428723;0.8948211830313424;0.8595827640885024;0.8919658155598418
0.1384260132181783;0.3339056360814867;0.24375851607262744;0.5663824430276272;0.01709480850586942;0.2640859860764294;0.33445521336808604;0.716335136002222;0.8832927421648595;0.8694247412647341;0.9091451004780622
0.17513718941076503;0.3356885792584272;0.24438731196948682;0.5697138493279819;0.01812158546493703;0.3208053836925848;0.33445521336808604;0.7225868270037474;0.8725818322303216;0.8748004472636097;0.9205542074801039
0.1605061009802217;0.3356225443259482;0.24499189365427432;0.5684765129816698;0.019587839352253944;0.2973171441489131;0.3376943256488767;0.7221807323557439;0.8609994865310544;0.8763999100521671;0.9268644221206439
0.1445649485646841;0.34031102453197715;0.24561179295564406;0.5790706650130418;0.020620359734401683;0.2720802548955936;0.3376943256488767;0.7404138587755466;0.8530681325381162;0.8758298207431487;0.9297375946524917
0.16971327964111593;0.3618549212533426;0.24628569072355067;0.6316096270395115;0.022250301179502885;0.3103052738304803;0.35608303599294766;0.8153741117486015;0.862983408102962;0.8776860763028018;0.9339674184406386
0.17912859930897185;0.35006768580579095;0.24685955981347485;0.6011918781324571;0.02309384893396471;0.3244547565534833;0.35608303599294766;0.7388120121832168;0.857312087072631;0.877848480213879;0.9356757387037106
0.16127744706484448;0.36811173110575446;0.24758467102671977;0.6449106839429843;0.023452917939091655;0.2966663090883957;0.36400367774206854;0.798690762397039;0.8658567262041894;0.8799710862186351;0.9386419134091859
0.17918491981673795;0.3593125763528904;0.24824495313544226;0.6217924645873377;0.024301123469587904;0.3239237151803165;0.36400367774206854;0.7440368031687852;0.86171948224561;0.8807043303705733;0.9396999678192021
0.23350482519828492;0.36444679235315425;0.24893231183913267;0.633378681744738;0.02597445577564217;0.40679243310309277;0.3671500029523158;0.7618916273721295;0.8600068939658898;0.8808915354679243;0.9397371548309894
0.10890916971327963;0.36913527255918366;0.24964094501029743;0.6438154045149672;0.02539335443924573;0.21496921554952703;0.3671500029523158;0.778312663901967;0.859819567496135;0.8809976134119926;0.9392945848152998
0.1988824052285021;0.4045795225674378;0.2505063903471778;0.7306846512097767;0.026368265486229725;0.3532135764872696;0.4036237568641341;0.8808766983168662;0.8880094387463735;0.8876565946796011;0.945152668023846
0.23680079926146674;0.40038630435500355;0.25128116777176546;0.7188513785422961;0.02689144229961049;0.41130021561897406;0.4036237568641341;0.8534611545450966;0.9030817492058096;0.8964987713147798;0.9532852999387602
0.21223036556906977;0.40469508369927665;0.2520308800055817;0.7282681738150816;0.025782436332053904;0.3741130013196157;0.4037334143111404;0.8650779242097385;0.9152185466226829;0.9064029175128707;0.962658977278513
0.22336468508265644;0.40048535675372277;0.2528213618552506;0.71636586285784;0.02421189028661075;0.39221968911103877;0.4037334143111404;0.8353672096434047;0.9173889977771861;0.9148324022312632;0.970745478125496
0.2603231817658683;0.3746656981543235;0.25348744609146623;0.6507849777073582;0.0252394026839996;0.448621573790369;0.35890882405040836;0.6747221429044283;0.8926287953483176;0.915801699175899;0.9714387330163137
0.23479285072371853;0.34278733449995036;0.2539766814816895;0.5704062910215091;0.025927002493486118;0.4088071031003602;0.35890882405040836;0.5259415013040433;0.8416969347571661;0.9046993915308086;0.9597649447749649
0.25236974658220224;0.34759137583781774;0.25448084767999557;0.5814940050607948;0.02686531672877035;0.43528480351780524;0.362510649425142;0.5463644946665044;0.8032582866738973;0.8868533241493626;0.9405546272151148
0.2876141408551412;0.376910885858619;0.25510894732155576;0.6535080784406742;0.027704066623707613;0.48893572080523645;0.362510649425142;0.6570386936851407;0.7967110783483958;0.871049605304181;0.9224307991900496
0.25723045127419025;0.36939941228910067;0.2557146120701419;0.6336984813772305;0.027403412433810614;0.44241061899121065;0.3689045221044105;0.6231066427708152;0.7826756953818427;0.8551334589608286;0.9035494355147111
0.19996963590016087;0.36761646911216017;0.2563176465209316;0.6281815945841044;0.027411992547558328;0.3543149563063446;0.3689045221044105;0.6148676454166415;0.7679959790471457;0.8389771065704177;0.8839309786275137
0.1711286384884555;0.3692178162247828;0.2569215319504199;0.6311042612683402;0.027043888157341822;0.31012681551246335;0.3709711432210603;0.6212993246372668;0.7559695608927715;0.8232473611555594;0.8643537100777359
0.156823229515864;0.37184270479083414;0.2575226323587123;0.6365847760002585;0.027049736643039224;0.2881061364327489;0.3709711432210603;0.6323513076235399;0.7470635337755571;0.8085866031807664;0.8455818795767651
0.24648302916177944;0.373873278964572;0.2580757685130606;0.6406680545696215;0.02818451797271171;0.4253757622858015;0.37820009953522105;0.6412763591536264;0.7401785321597817;0.7952523555785205;0.8280047923219455
0.27843634680699453;0.38133522633473094;0.25864321658189215;0.6582728184586704;0.02992929285854362;0.47325709068716343;0.37820009953522105;0.6742849137734003;0.73975533013155;0.7844862631666629;0.8129717469920739
0.21714004461563702;0.38054280714497946;0.2592173951186152;0.6552776821581461;0.03097074356316354;0.3786643694846938;0.3790351831701124;0.669184307291301;0.7371049130565964;0.7752552893223739;0.7996183667928606
0.2553057591392267;0.37630006273318584;0.2598058082081227;0.6436515243599477;0.0328835836158351;0.43586093234733364;0.3790351831701124;0.6409170631471726;0.7296905459441725;0.7661414164662639;0.7866199519920978
0.23083572287371718;0.3647934757486708;0.2602894735559529;0.6140938031340912;0.03444435883786734;0.3975448730873319;0.34280604971699935;0.5681323490029677;0.7122088963621932;0.754773448084459;0.7716277916413965
0.2977689732771434;0.3076237329547329;0.26055513363343996;0.47103027088813143;0.036221738155940986;0.49828458913753476;0.32898921139425186;0.3268872345633125;0.646684707934326;0.7303982726071194;0.7439203892182124
0.2213224544967028;0.32962987420345335;0.2609327360906941;0.5252478378525289;0.0374603913932704;0.38129751273252876;0.3311401843932149;0.437874705502742;0.6142378435523592;0.7033312461303611;0.7130228911064537
0.16934352326404278;0.3334764090203719;0.2613094102075513;0.5341735416725;0.03846058751015602;0.30189105315985465;0.3311401843932149;0.4559174924833336;0.5920276833947864;0.6764980257715701;0.6818027562768185
0.18863941896825726;0.36180539505398324;0.26191298619023984;0.6037605691719738;0.03945237861765605;0.33064865556284484;0.3424939477524438;0.5754457628727883;0.5997269245608842;0.6568269783293308;0.6572086266399235
0.17928286852589642;0.32352164294911967;0.26235642345411714;0.5074868799798845;0.04040921889446103;0.31600666246447656;0.3424939477524438;0.4420802871959775;0.5719034767763568;0.6346014745471841;0.6301495972836326
0.28373782069019554;0.3422590550401159;0.2628849585878945;0.5532838343893584;0.04236488947412653;0.4726755471134581;0.34044419701225603;0.5124445412489911;0.5669577357329117;0.6156676824392431;0.6062556683923145
0.2215820185759727;0.33905636081487067;0.26332994308577096;0.5445062266223719;0.04390703359202075;0.3780037676806056;0.34044419701225603;0.5017497869258253;0.5606031694186208;0.5990387095763772;0.584758847641599
0.19411230309248562;0.36632878792881396;0.2639123219626849;0.6114956026864259;0.044890174544028216;0.3361271909339555;0.36198766775480573;0.5969102939378103;0.5801492767393288;0.5902938505724444;0.5712536101641525
0.2269373642492109;0.357149932314194;0.2644461950537558;0.5876546087107384;0.046695535539181376;0.3844642198172299;0.36198766775480573;0.5634668890661282;0.5875517857772655;0.5850242917456564;0.5617905631477009
0.21723309588933754;0.35295671410175933;0.26491539376370277;0.5763634856348194;0.04775484688874565;0.3693134812655733;0.35653010096920257;0.5480427556188332;0.5897617201782799;0.5813240202746927;0.5545804297928933
0.18194462469727724;0.3598408558127244;0.2653861397076476;0.5926986587081856;0.04868377553021608;0.3159745493972053;0.35653010096920257;0.5735487699886699;0.597667702880004;0.5802075458358282;0.5505848810400357
0.17509311249164375;0.36083137979991387;0.26587266743837557;0.5943060293073701;0.050614721373938854;0.3048081970301988;0.37081930983289846;0.5773412648858545;0.6047378880494318;0.5809631938946104;0.549125220485735
0.1031252984374732;0.3799319840195463;0.26644684597509904;0.6409278746143873;0.05106123749754854;0.19718913008058864;0.37081930983289846;0.6477438300147127;0.6270772489575362;0.5867774422383141;0.5533071419254894
0.23597068395134885;0.3890613134348069;0.267049570979089;0.6626288188605467;0.052704626957666756;0.39449771439335257;0.39439566093917344;0.6787014649704686;0.652313060440538;0.5973140478397754;0.5629423423846787
0.20549149437896846;0.3978439594545513;0.26768834653523577;0.6834011088949329;0.05351010702378611;0.348680674046037;0.39439566093917344;0.707698732235358;0.679224205754793;0.6120192414158486;0.5775802538126515
0.15717584486883443;0.41370885198269836;0.2684161654079791;0.7216798896265775;0.05409628638668651;0.2765399422583035;0.4201820313620299;0.7567039028639188;0.7134001086001606;0.631753508919226;0.5981064891483958
0.14440088447684368;0.42366361805395014;0.2691668059821941;0.7451772019371357;0.05454707505673373;0.2573624917180056;0.4201820313620299;0.7852738968504244;0.7476552978945185;0.6555295258420067;0.6236198175933253
0.16057711379436157;0.43766302373955757;0.2700009198306117;0.778614518189599;0.05542841033255819;0.2810132244276964;0.44728429114895674;0.8229870662726629;0.7851566373386751;0.6832959722598547;0.6540638111758994
0.22049233918658495;0.45275200581107367;0.27090365350684786;0.8146477015876894;0.05662819040147915;0.369286366645922;0.44728429114895674;0.8600501006389477;0.8257367917020874;0.7149727682273361;0.6893395544840664
0.2230904286970128;0.4841846336712119;0.2719390624984279;0.8912096551489397;0.05817979015493224;0.37228170003106126;0.47687493146409565;0.9244483205097621;0.882710179780583;0.753600886048669;0.7323941971101303
0.2501610031906792;0.4641430316637498;0.272908559321686;0.8395020349138853;0.06031777939652028;0.4110438760757446;0.47687493146409565;0.8171929996268309;0.9063882424495606;0.7900253068948364;0.7743591826381397
0.24839058027264022;0.44198831181695075;0.2737562888292868;0.7827399334487366;0.06251218726360908;0.40713280072892577;0.4319406837563573;0.7137704155383955;0.9018429449379955;0.8181048413437432;0.8088406827340615
0.30100617811483016;0.4183973321887273;0.27450948233959993;0.7225632503281716;0.06527799568542847;0.4826473479176023;0.4319406837563573;0.6186798906070089;0.8739678484228877;0.834067758149104;0.8315436621797969
0.2873692690822451;0.43852147786178897;0.2753626271661953;0.7712430680341462;0.06807742414479023;0.46081989913377747;0.4294269976634526;0.6766790497217354;0.866764822656036;0.8451582844208206;0.848886025183525
0.30410380604196613;0.4169445636741833;0.27611790944240555;0.7160861411192043;0.07154550612164845;0.48291166308812966;0.4294269976634526;0.5967331915835653;0.8389871182260917;0.8475527073510927;0.8569616781128329
0.33641218775788057;0.4122230660019146;0.2768748163143133;0.7029669445217639;0.07520045947384635;0.5272405569649546;0.43124056313316617;0.5800088953380765;0.8103019865167546;0.842778627810939;0.8569513349147171
0.3218814967542246;0.446792353154819;0.2777356973108991;0.7876619654748173;0.07884676267055157;0.5036446688882097;0.43124056313316617;0.6801034643779492;0.815955582052941;0.8402778309787287;0.8578809515483634
0.2213542878271793;0.4530986892065898;0.2786143714984637;0.8018322460145835;0.081091285406102;0.3575334929971295;0.4719403463488283;0.696463139205449;0.8234712529379925;0.8400299121992518;0.8600531357638896
0.24588799075364182;0.4855713672532769;0.2795800002367268;0.8811120846928249;0.08374597259966943;0.3913304378109645;0.4719403463488283;0.7729715252636197;0.8554843693945322;0.847297309547135;0.868842597301672
0.3334663803299402;0.4530161455409907;0.28130044708099966;0.7968608028864865;0.09073050037822539;0.5119518848160757;0.4718981704076728;0.65299636709288;0.8488581620878979;0.8515659392478181;0.8745218248432132
0.25912820751413523;0.4648033809885428;0.282171617183673;0.8247148018642262;0.09334281231614039;0.4048139273752154;0.4727248188543327;0.681880918756293;0.8512216283433337;0.8555320235395079;0.8795886073630674
0.2329220303787921;0.475401987651467;0.28308247383840035;0.8495337239006435;0.09595729554814658;0.3663254661514728;0.4727248188543327;0.7073962744285841;0.8595509150523182;0.8606473518232083;0.8854838796711074
0.2320282484077213;0.47380064053884485;0.28400679142891105;0.8438997602463539;0.09819432381699489;0.36391048070335247;0.471020910831625;0.701176610786325;0.8616777883642347;0.8652356194847404;0.8906887764414091
0.2749444753254958;0.4630699640109617;0.2848974566799618;0.8155552188280466;0.10138546073459775;0.42250111735149626;0.471020910831625;0.6587414950822977;0.850853043407809;0.8663818105718125;0.8923981024187713
0.2574851179180022;0.4575725558820616;0.2857232928264888;0.8003784615908298;0.103953856498473;0.3965859939201227;0.4492412548186011;0.6370255154172951;0.8346292187581289;0.8635152288693045;0.8899356564630189
0.26303636100955735;0.43667249975236855;0.2864132818279761;0.7470255889117096;0.10646334715490435;0.40295563606604295;0.4492412548186011;0.5586688905273463;0.8007483200753337;0.8533206483568706;0.8799914012077026
0.16402245963901002;0.44309439693597863;0.28713986291352;0.7617539403981333;0.10769695738660234;0.26435943635887055;0.4287521826049545;0.5805277244299576;0.777565100077646;0.8397584588981519;0.8661207475360801
0.28464384624991124;0.41105094595040725;0.2877194567692376;0.6808031829533892;0.11036183565404978;0.4308041793756448;0.4287521826049545;0.47251661364709663;0.7290341401877407;0.8175908726942337;0.8432923482174892
0.3136170744189805;0.3935681975765175;0.28818138347939337;0.6363783473962817;0.11322027428347292;0.4692320409784109;0.39270862329292866;0.42219140823092327;0.6740647524910441;0.7870374727008338;0.8114714783450143
0.2486819776823866;0.39003532868887625;0.2886429233810497;0.626747849107278;0.11521691928389322;0.37832963873439185;0.39270862329292866;0.41224452022376035;0.6270054895849577;0.7516201303842853;0.773839651998819
0.2721994627513303;0.3972166275959981;0.2890913117937215;0.6438638548455544;0.11805539601602555;0.4092187117495316;0.392835151116397;0.4420744812624825;0.5961484281535213;0.7160901260721549;0.7349493599894004
0.22660923607353006;0.3866345296661935;0.28949591348424475;0.6167522576756026;0.1204290407082621;0.34534335132133187;0.392835151116397;0.40942024647826336;0.5626388493212825;0.6798514024348168;0.694467753614701
0.2488337981815822;0.37630006273318584;0.28982454598545715;0.5903930817869035;0.12304653573529811;0.37449902519603107;0.38434091656755287;0.3785594639097505;0.5276518039231992;0.6427011455063574;0.6523656945418288
0.2658940145992551;0.3909268002773465;0.290230849633379;0.6261540923647213;0.12524003305970366;0.3966614894488328;0.38434091656755287;0.4442160298709621;0.5139650889196187;0.6097890810453878;0.6136765636238507
0.27513302659062583;0.4076501469277245;0.2907118073217121;0.6670119953685333;0.12804737623623685;0.40772994320123584;0.412995250989026;0.5129142071240651;0.5189754950648433;0.5846278990132588;0.5821018454618723
0.20627508405223605;0.4156568824908371;0.2912538033912737;0.6860207208201359;0.12991458409211887;0.31324873357560223;0.412995250989026;0.5440675304042986;0.5308743395730047;0.5672738656254256;0.5581619199973594
0.191247303349601;0.42202925347508824;0.29181421154541365;0.7009203641268815;0.13185950326394524;0.2920485918617061;0.433585545461447;0.5688054018670876;0.5465901584883232;0.5570557022081831;0.5416058974132189
0.21578835242925043;0.4415755934889556;0.29243511654888144;0.7485710583803161;0.1338132126747541;0.3244077803187015;0.433585545461447;0.6397904453143958;0.576759730131107;0.5559169734386412;0.5345726409391374
0.1792706249372516;0.4330075609997688;0.29303118844667964;0.7261432219222788;0.13524997898747648;0.27450081539434273;0.4322527857209133;0.6023540291434105;0.5930639014141484;0.5588082625167902;0.5325792837661991
0.23066431263268988;0.4279889061313433;0.2935366697938835;0.7127289312433545;0.1372337713277112;0.34290531945402075;0.4322527857209133;0.5804398950005163;0.6014557863486338;0.5630783530708671;0.5331080604437415
0.22199585187216714;0.4033743850496907;0.2939266501231246;0.6506437443074293;0.13923636987644628;0.3303307023987833;0.4101525925551024;0.4823492986910777;0.5862353315007213;0.5629448853554646;0.530511241579565
0.19895341804264194;0.41436920130749133;0.2943671476424057;0.6772853869959861;0.14147129689294824;0.29845712257126866;0.4101525925551024;0.5282949941841747;0.5841579743703943;0.5623536537453286;0.5281415772977163
0.16957370273056513;0.3960445075444907;0.2947393347806675;0.6309197931541467;0.1429073627882217;0.2585711944801605;0.4036321920523651;0.46098515696277187;0.5664908103893459;0.5577605348168619;0.5224774903136867
0.17597709959179875;0.4089378281110707;0.29516776387476185;0.6623180779300932;0.14447370632897205;0.2665433052523665;0.4036321920523651;0.5152175730178548;0.5643993060035472;0.5535982829753829;0.5174478436271606
0.23788313249766757;0.3683428533694322;0.29540688888918076;0.5606422455040017;0.14680497576555618;0.34809463982783795;0.3634469553188078;0.38604801098895614;0.5272651237408237;0.5416084728153525;0.5051508547943911
0.24591737536638936;0.3579918777033049;0.29563773620170863;0.5344153815662555;0.14931425629675277;0.3575912807740048;0.3634469553188078;0.35852377302662863;0.4898268193073796;0.5232856921109588;0.4865699586740653
0.20707581474960635;0.3381813979595205;0.2957815516018387;0.48474912610976095;0.1515901577340094;0.30506750219344797;0.34068038228273023;0.3094158448499837;0.4442171621075224;0.4979909056659834;0.4608039620135298
0.28487647443416253;0.3435962624228215;0.295943624363149;0.49796728216429365;0.15484601322388136;0.4063759639200761;0.34068038228273023;0.33440876260800045;0.4150178234152294;0.47094554116231657;0.4325622418734653
0.2659919633084135;0.3558787598639679;0.29614344963401296;0.5282476407571324;0.15813174151794473;0.37981691401785594;0.35671567511028934;0.3903336950062476;0.4050775193977381;0.4469910857034419;0.4065111779092475
0.21428239102593927;0.3572820021791525;0.29638156894633294;0.5313251288943488;0.16057427226627063;0.3108057144442705;0.35671567511028934;0.39675735148209323;0.40072506609124237;0.42681249202516264;0.3835949727666696
0.190737970061977;0.37734011291973424;0.2967378195744126;0.5807218193387366;0.16236713080996268;0.2792459065456732;0.3800221001931656;0.4850315027810226;0.417286184171366;0.41453181136550693;0.36803704023339245
0.17663335594316038;0.38143427873345015;0.29706621999052585;0.590350807844068;0.1645389151934552;0.26000221859089456;0.3800221001931656;0.5021026324979866;0.435935895865302;0.4090565390025503;0.35924738637028153
0.13922919263327757;0.3876250536533825;0.2974199950442089;0.6051641189753463;0.16631597932367692;0.21062845189118973;0.37854594225270155;0.5283723355430624;0.45786229189470207;0.40978974406956803;0.3569771911869397
0.19581416191411366;0.36826030970383306;0.29773416090753857;0.5563073820735436;0.16819688034068292;0.2836236735500647;0.37854594225270155;0.4549823526192832;0.45952162189268586;0.4107632780608859;0.3557382668390656
0.19799596941061814;0.3746656981543235;0.2981982537452921;0.5714602572781188;0.1692648418457401;0.2860453315363992;0.37221955107928206;0.4839257981978977;0.4680573443439775;0.4135327086837862;0.3568962112961701
0.17108211285160524;0.3688381153630269;0.2986738734763317;0.5560813262818209;0.1699505505281147;0.25085405541508166;0.37221955107928206;0.4615350240391286;0.4710725331596398;0.41645142098452037;0.3588441656569749
0.14596316638792095;0.34458678641001095;0.2989785238505731;0.4950533996759729;0.1704332081920824;0.21810674221030713;0.3537211832882048;0.3772134627821353;0.4534463830063967;0.4146758219599362;0.3568122850011019
0.15936989595398368;0.3627133753755736;0.29931674920257434;0.5396644876370678;0.17149738744291587;0.2351418845436194;0.3537211832882048;0.4623974011576516;0.4573001082041218;0.4141540643938899;0.3561686490932581
0.18280412462014267;0.3785122329712416;0.299714775148606;0.5783636744950315;0.17291594290196954;0.2649836216288309;0.375602061560004;0.5288206204360802;0.4758817726926477;0.4180700613159246;0.3600052374024111
0.17522044581354973;0.37161158252715687;0.3000834036486708;0.5604981297897899;0.174443063065587;0.2546364763800608;0.375602061560004;0.502352080783299;0.48573023536572685;0.4234996045230152;0.3656960152507587
0.16742372856453716;0.377637270115891;0.3004846014243987;0.5748155456111137;0.1759693077073936;0.24404945593115723;0.37195806024411393;0.528341165418946;0.5000477150354237;0.43118219771812805;0.37395588743846236
0.16208797263313066;0.3653547726747446;0.30085508660526195;0.5435233574514412;0.17731508979351684;0.23672463778955488;0.37195806024411393;0.47921800219441313;0.5015237515279927;0.437672496599863;0.3814976685460837
0.20825119925950775;0.3592300326872917;0.3012274284669232;0.527586492761549;0.17934920712744784;0.29534548289102114;0.36278057544854114;0.4555332764197183;0.49836385454957205;0.4421278207224715;0.3873526352547909
0.20682114810579438;0.36580050846897993;0.3016116840303713;0.5432927723087002;0.181018301907937;0.2928555101092574;0.36278057544854114;0.4879073295970895;0.5028270768708982;0.44673294161273114;0.3934597958593793
0.1796918043866329;0.3563905305906818;0.301919893042808;0.5192756826555496;0.18243097386042073;0.25757542595971833;0.3640458536832245;0.4492092997320837;0.49908942379974763;0.449545385683295;0.3979131062101423
0.18531161157459897;0.37111632053356214;0.3023282854566265;0.5552800429107975;0.1840054772644495;0.26420424769141854;0.3640458536832245;0.5220595712166148;0.5102988845583184;0.4544094829950982;0.40430982486118194
0.1886492138391731;0.3980915904513487;0.3028712098665869;0.6215982515058034;0.18596909758215896;0.26775823573554514;0.40202950628843226;0.6336040510192181;0.5439166407056355;0.46614070890663456;0.417420135390827
0.19548113630297492;0.40375408591144657;0.30350735512493765;0.634592959576777;0.1874666251085647;0.27591610516009873;0.40202950628843226;0.6543765729595207;0.5758727264046978;0.4829781219472468;0.43588069811108654
0.21211527583580858;0.41493049823356554;0.30422364710439354;0.6611982302041294;0.1890281357689182;0.2964826247999864;0.41432801072955927;0.6943361767688178;0.6110356221366849;0.5046483401991722;0.459613253901604
0.21496558327231946;0.4109849110179282;0.3049524716792349;0.6500641246301722;0.1902039265402179;0.2996415750254555;0.41432801072955927;0.6732741306452316;0.6349463662263282;0.5275607046858241;0.4852669135211631
0.19432044409944732;0.4137748869151783;0.30563650382982965;0.6558092632639986;0.19150127475975676;0.27295965605296835;0.4151040480468322;0.6840244240770769;0.6557213111868695;0.5507354910019014;0.5118046669191735
0.1455566792449134;0.4136593257833394;0.30631187147003347;0.6543228126116907;0.1925373322500209;0.21083387928239572;0.4151040480468322;0.6833306154360954;0.671234947080942;0.5728932325391892;0.5378569539546753
0.28006964153221164;0.44411793838940783;0.3071758469346162;0.7287595397740154;0.19530611744599768;0.37983748083300733;0.46635625173975725;0.7923326581126526;0.7094692549846167;0.599535993158031;0.5685922927076139
0.30015892178060954;0.48362333674513813;0.3082362437552666;0.8254121846679554;0.1982721401955564;0.40370858938947185;0.46635625173975725;0.8909685910041641;0.7730639332701033;0.6356810241684128;0.6090186474269381
0.2812744106548606;0.4874368540958165;0.30934591997875893;0.8329550638967911;0.20077539713669335;0.3787528584155921;0.4831169707552019;0.8989478607946172;0.8242608332663035;0.6765366036320474;0.6548383708027956
0.2856992435910935;0.4731072737478126;0.3103711945876513;0.795395351952535;0.20355451349004006;0.3829780744516205;0.4831169707552019;0.8145163385256615;0.8491271801668361;0.7150201118310344;0.6992065616297953
0.23914177341035364;0.49550962459140857;0.31156457617044486;0.8491538074273683;0.2051785364076989;0.3240384995231667;0.4943695118556568;0.867695792144172;0.8855422202145997;0.7542992169660859;0.7448535280405183
0.23909524777350338;0.4870571532340606;0.31269614575501237;0.8260641367084411;0.20667364749390627;0.32336303322278404;0.4943695118556568;0.820341594785318;0.9033228017925166;0.7898690846674469;0.7872830694623894
0.26933936044390355;0.4675768481526723;0.31368506036494725;0.7757220471788182;0.20897903650575744;0.3600493102919618;0.475137282688463;0.7193799736875786;0.8965553876987179;0.8167467600212612;0.8213428803667677
0.22093555709552692;0.4773500181596062;0.31475280654708904;0.7982038240898903;0.21084718992519536;0.2990972912803546;0.475137282688463;0.7478885051897073;0.8964847565983827;0.8382324285280356;0.8497280521843895
0.2130090578068794;0.47205071482814365;0.3157588954544037;0.7832013782403392;0.21262982237413497;0.28858673934526513;0.4782498671457849;0.7206733290332766;0.8883415730367039;0.8535219033276684;0.8714278817422352
0.17849927885262878;0.47896787400534846;0.3167869550844924;0.798630132097837;0.21388293923178214;0.24539784965327816;0.4782498671457849;0.742444698079134;0.8847626979308194;0.8649188589042947;0.8884507600702645
0.22454741574574472;0.4743619374649186;0.31783574765015743;0.7852813111290822;0.2157295898355419;0.3016901117759122;0.46396909347032045;0.7169668695995823;0.8746172297763721;0.8716704134793933;0.9000191174386263
0.29724984511860364;0.448707366196718;0.3187298941777037;0.7197075631377811;0.21837068893060252;0.3902561287905656;0.46396909347032045;0.5893825726928702;0.8408411244003868;0.8691947806838537;0.9016633200446383
0.35893549342886594;0.42042790636246563;0.3194944598579035;0.6478167430068191;0.22234492757683566;0.4640621396805554;0.41249757488338323;0.4780716591805767;0.7866161848636853;0.8545685550908122;0.8903320658310472
0.30148122935424865;0.40190510780202704;0.32016766137051045;0.6004229864838665;0.2253184447930967;0.39214247982920514;0.41249757488338323;0.41704496330520047;0.7256103639938786;0.8286404957771849;0.8665261818945544
0.33894171317189753;0.4046125400336775;0.3208858873924645;0.605901579672931;0.22920106883702684;0.43594622286787615;0.4047034609577307;0.4292804310172893;0.6787490817274078;0.7969695967817392;0.8353682140361078
0.27226802684774115;0.40246640472810125;0.3216263162222912;0.5992350612395718;0.23188380774941864;0.3535461654575369;0.4047034609577307;0.42188286547129117;0.6392144502342856;0.7624130636215398;0.7996928950065707
0.30679739554382346;0.42559513982896924;0.32245694879421327;0.655448836725405;0.23525120471801186;0.39390486953150294;0.43895876036473735;0.5263497858068158;0.6282069848603054;0.7322008020881547;0.7666296536759507
0.30688799809979506;0.4485257701323997;0.32337190561903517;0.7110188953544232;0.23856624548230743;0.392453325384753;0.43895876036473735;0.612859854952905;0.6395002316801508;0.7106646745424015;0.7408389941883249
0.29271237116683846;0.45128272856341;0.324320127974818;0.7162129629477132;0.24183579413330336;0.3738740474431371;0.45460603453366044;0.6226167848801529;0.6503085983737;0.695956375997066;0.7211977943736833
0.27799802633351045;0.45346188133522647;0.3252893927129761;0.719928540566241;0.24497446978399118;0.35482820956351196;0.45460603453366044;0.6306976478057055;0.6601032718654432;0.6864739387334404;0.7066162831119331
0.2901044867854948;0.4854227886551983;0.326399533106668;0.797675537057503;0.24833797943574365;0.3678583778925312;0.4806201550387592;0.7360675905690932;0.6953114035647578;0.687098826156185;0.7020235008138076
0.27247371913697394;0.4702347541849634;0.3274356383535477;0.7579554619306677;0.2513519457596728;0.34553456795930304;0.4806201550387592;0.6647772889465611;0.7083617979264027;0.6906421996002965;0.7010354808140453
0.284467538573426;0.4548981411166504;0.3284073786661028;0.7179789980855948;0.2548672708934524;0.3583140477941657;0.45290212651095274;0.5988133078005092;0.703772114600089;0.6924065449761966;0.699205082936908
0.2448815677670388;0.4465117046917815;0.32936047480898045;0.6953706738521379;0.2578084638444512;0.310210001788339;0.45290212651095274;0.564553144495182;0.6915563002121837;0.6909691889539719;0.6949645652249367
0.19285855961525744;0.44340806286525547;0.33034614022751896;0.6858808599508197;0.25981116745580346;0.24800762150098332;0.44658417052576516;0.5517199880293623;0.6781734172439587;0.6866983014454655;0.6884148959869566
0.2606953868606704;0.4456367418364313;0.3313703317726122;0.6896225156509667;0.2625695514526658;0.3270460869898958;0.44658417052576516;0.5611529544878452;0.6687410528684298;0.6810818834485485;0.6807805985648913
0.2707204372430377;0.4619143526925744;0.3324538597415354;0.7282996047660864;0.2654021446782282;0.3377114114744335;0.47630133866437196;0.6275475554589511;0.6749268971829145;0.6780313408151183;0.6756899332376225
0.26970421938551875;0.4852907187902398;0.33367447264269723;0.784439126345836;0.2676846650603759;0.3356039470208728;0.47630133866437196;0.7089154254154276;0.699552179001466;0.6813337328989697;0.6768542563735473
0.27547829579040933;0.4969789018390727;0.3349278869046213;0.8113679024383287;0.27079511388787725;0.3411112902454593;0.5173722701622085;0.7447710860135421;0.7280143864525243;0.6906132766080738;0.6841948411764411
0.22260068515122056;0.530607191204147;0.3363087932479947;0.8927932809685457;0.27307640853948945;0.27855318099822873;0.5173722701622085;0.8316856878437938;0.7785476927844077;0.7098217105164804;0.7016593793563755
0.24271690129463708;0.5380856473074251;0.33771600256933576;0.9089493387971039;0.2759402403832685;0.300962552145098;0.5367310271528702;0.8484164259189312;0.8226876785722916;0.7354822795902181;0.7263005701138052
0.2251179669765927;0.5273879882457817;0.33903231189328586;0.8799319828730139;0.27832736811139425;0.2796907455288492;0.5367310271528702;0.7914248732296474;0.8452527003701767;0.7612730907940903;0.7522346832023789
0.2366244915849815;0.5348169181497009;0.34039240793938363;0.8960481000607761;0.28064284313450805;0.2922180639074508;0.5269630791811117;0.8105102903953335;0.8666762732855593;0.7869019000667895;0.7789517536097308
0.29445830690758784;0.5115396044507543;0.3416283384571268;0.8357973002871896;0.2837417700949765;0.3578458270104789;0.5269630791811117;0.693154611750973;0.8598251163166389;0.8058071991234516;0.8000400590176312
0.29871417832052244;0.5375408591144715;0.342977758588638;0.8982552665372092;0.28754979968060956;0.36116297108702256;0.5444745299491358;0.765207082868718;0.874448836159479;0.8243418148240114;0.8210124190441379
0.22062946737940675;0.543087793442731;0.3443361526773372;0.9096803486008154;0.2894756674978287;0.2707876638180418;0.5444745299491358;0.7793011186026848;0.8876546798983906;0.8422492230137681;0.8415297166015648
0.2652157197883328;0.5456301383431836;0.3456770630218573;0.9136424327171779;0.29228861401395223;0.32087490511664896;0.5342595170011215;0.7859732677294201;0.8969438868064419;0.8587414720107134;0.8607580179904035
0.28828753823060554;0.5150064384059165;0.34685296086047224;0.8351748576548501;0.2957768329924635;0.3458747045794178;0.5342595170011215;0.6412312568405325;0.873748533647166;0.8665259166025142;0.8717303862258736
0.25835441271178344;0.5349985142140192;0.3481417294192539;0.8827523960266889;0.2983792690443503;0.3107966501811128;0.5393796762574752;0.7011952347778391;0.8700977575644779;0.8719020800905519;0.879949183322496
0.19646062339455944;0.5356588635388118;0.3494299564461363;0.8821138947861951;0.3009504314571483;0.23964438514148145;0.5393796762574752;0.7031192694384942;0.864717098028787;0.8749481950891497;0.8854457132047631
0.2232373517607505;0.525175818007726;0.35064933156009914;0.8538038038862396;0.30296791387667055;0.26937098157701367;0.5190508726202219;0.654842047679607;0.8481945879257311;0.873531896515292;0.8861996692611176
0.23283142782282057;0.5056955129263376;0.351801788803642;0.8031715613853336;0.30508513574090146;0.2795311128583236;0.5190508726202219;0.5724544353423032;0.8151797739550113;0.8646995208629977;0.879342795648411
0.2120760963521452;0.4952454848614911;0.352946664600593;0.7750759970199612;0.30694824615470817;0.2555020803487028;0.5108012585300838;0.5318354931422298;0.7776002797703743;0.8488697611080762;0.8650574411094983
0.2372072864044743;0.5194803050813879;0.3542007751178158;0.8332972357782503;0.3092603941949401;0.28307742226613297;0.5108012585300838;0.6194401842006906;0.7675250606222781;0.8338563260866307;0.8504884261575012
0.21398609618073494;0.5346518308185026;0.35551723916516487;0.8688022693970143;0.31148551536715874;0.2562556441888955;0.5369587772351139;0.6676758211206091;0.7711040101302973;0.8226802196837679;0.8386918522098428
0.19536359785198482;0.5312675405289395;0.3568518832119927;0.8579933163249338;0.31327424144790283;0.23482620145928462;0.5369587772351139;0.6528322613990694;0.7689413957253739;0.8132349943985402;0.8280460975267564
0.24428897807663014;0.5284940733648096;0.3581930256416124;0.8486963429745373;0.3156261381783543;0.2888891144300212;0.5100927027186604;0.6401552149691193;0.7628448581141671;0.8042570494927569;0.8175591799570475
0.2654067197711918;0.4841020900056128;0.3593317898642705;0.7359539334805794;0.31827073936065897;0.31156636203705795;0.5093335357778508;0.4694948506609917;0.7169557789100459;0.7863729680870758;0.798624730149032
0.3188475354880417;0.48081685211476843;0.36047001255502975;0.7257405214408497;0.32167827024906837;0.36979803210352746;0.4903459270693622;0.45888403429176294;0.6767407722292158;0.7626872196897969;0.7737725362772788
0.2578328358355147;0.4938752600125462;0.361722498476555;0.7560885457928355;0.32425542123105355;0.3010331060196895;0.4903459270693622;0.5117650509155409;0.6558730633241082;0.7388720929004984;0.7481147611384411
0.2831721668948055;0.4883943606167658;0.3629657009940894;0.7402124842090358;0.3269633401507297;0.3281466310504411;0.49896668944167466;0.49190988366315713;0.6340174031040648;0.7147230647069924;0.7216080292763828
0.264701489065251;0.5031696767590055;0.36425648095706853;0.774774863803789;0.3289938153139269;0.3069902200658173;0.49896668944167466;0.5516420768280486;0.6295379714349784;0.6943592004015768;0.6981720268388457
0.21992178795573697;0.5081388054280711;0.36548042041132733;0.7849973345455521;0.33078775950466466;0.25697498735632507;0.5078489426491548;0.5710830458164109;0.6300573364866863;0.6781892293262785;0.6784674379873736
0.20490869955947566;0.5008089279228711;0.3666481952714511;0.7646433918415692;0.3325674151794469;0.2399065282580587;0.5078489426491548;0.5400686418097141;0.6236181140046174;0.6637515707476507;0.6604716036254478
0.19451389280003523;0.5117707267144316;0.36786463064081865;0.7898260344900465;0.33405328075533003;0.22805202738689773;0.514782667375222;0.5855241497471518;0.6279654463611414;0.6532152789466262;0.6462755205993289
0.16210511365723337;0.5107471852610028;0.36904130209643204;0.7851855084923968;0.334629234023478;0.19227703028573612;0.514782667375222;0.580752619936546;0.6301223346023089;0.6452892502784153;0.6348608259250229
0.19015517524248426;0.5041271832799548;0.37021921133924396;0.7665841501263013;0.335730220211246;0.22280673805881457;0.5010754864994809;0.5490905731316714;0.6255926754814419;0.6378920721221903;0.6243852168741781
0.14211623083572286;0.4915640373757717;0.3714192460282306;0.733120206779972;0.33610140643823727;0.16998472250865654;0.5010754864994809;0.49189710282878507;0.6106237034977227;0.6284834373918821;0.6124671082039476
0.16614304919229045;0.4961864826493212;0.37264511952498713;0.7424745519099305;0.3366168086179362;0.19622769721545524;0.4910713532572477;0.5153085150909928;0.6028339374891262;0.619139889595862;0.6008647931040386
0.22569831307835653;0.4799253805262982;0.3737852762582432;0.699893436723319;0.3382467150421651;0.2610607922042253;0.4910713532572477;0.44396435898480047;0.5823020833371975;0.606876847486538;0.5867954068195371
0.21829094194824877;0.47393271040380336;0.37486741171656845;0.6830266825441005;0.3400224133583616;0.2524214075245596;0.48055267353290976;0.4195260638080357;0.5610957014252858;0.5921209042878031;0.5704803244684048
0.25635381032722215;0.4815927625713998;0.3760242012153059;0.7000799636334283;0.341978013896282;0.2933907944145495;0.48055267353290976;0.46290015408086294;0.5516679475615085;0.5781175169494491;0.5547883084792985
0.2923940378620735;0.4604946016442697;0.3770675784619759;0.6456060079507957;0.34516435295436065;0.3315562086440365;0.4554917292979388;0.37811388770404697;0.5261611628008936;0.5609664068679393;0.5361801006344911
0.2569439512999018;0.44598342523194745;0.37797154992541193;0.6078085737046188;0.34761122629086927;0.2921650797757649;0.4554917292979388;0.3283669768145503;0.494168694003033;0.5397846016417447;0.5136955477196251
0.21567571141371822;0.47797735001815944;0.3789439091315656;0.6858823697344922;0.3498288880172582;0.2467129580710084;0.48020683081542925;0.4923134475761126;0.4985577828035267;0.5238627304822898;0.49573399143516117
0.23864468371137454;0.4768712648991311;0.37990683021033167;0.681415194353079;0.3518991118706749;0.2709618282399704;0.48020683081542925;0.4879691831187346;0.5021491704024197;0.5119627758381189;0.48147644500032905
0.2306202357135686;0.4779443325519197;0.38084901835352136;0.6824200240137951;0.3539047222144396;0.26167867634629793;0.48711524997680256;0.4931997502625246;0.5070004520914827;0.5035741724762266;0.470658286641263
0.1974743925343494;0.49042493479050364;0.38181016011318913;0.7118437862519642;0.35594924074748535;0.22534664029007584;0.48711524997680256;0.55326524290559;0.5228648223030306;0.5005629965116748;0.46514665563172675
0.2232985697039745;0.48403605507313374;0.3826879833220551;0.694351295366941;0.3580557112038776;0.2525612137923349;0.4970012905837997;0.5232192170817314;0.5305012028288341;0.4999349249462449;0.4623899544033048
0.183161637408571;0.5036814474857199;0.38364200780533064;0.7416580334491211;0.35951037318241674;0.20902573007478115;0.4970012905837997;0.6123342006407785;0.5546116164876689;0.5050552222291095;0.46551974454921824
0.23311058164392212;0.4888235876778815;0.3845015736530186;0.70307468817477;0.36176984983049887;0.26200174962602235;0.4962758643959133;0.5420176456081743;0.5608624219439632;0.5106092013129928;0.4698115982762112
0.2504940288018179;0.4974741638326674;0.385389608606272;0.7230753414993424;0.36438107612136816;0.279813782581863;0.4962758643959133;0.5803486582759665;0.573824732083929;0.5180753060926703;0.4765147159618511
0.23915646571672744;0.5261003070624355;0.38646462678820637;0.7925671153743729;0.3667208906508277;0.26698169985413955;0.5157695843982752;0.6894047168626164;0.6095508022625854;0.5323798148302225;0.4901581711264297
0.20919640430288677;0.498349126688018;0.3874379143347588;0.7216236158715056;0.36855006583924;0.23451149613254257;0.5157695843982752;0.5660540841118741;0.6128817822054932;0.5446002348125958;0.5027111700940263
0.1929760980662476;0.5061247399874533;0.38845901141185646;0.7392058702585245;0.3703230325273863;0.2167766259889008;0.4872333426120403;0.5949374284256005;0.622190428197625;0.5565474266041862;0.5155805667001716
0.33603508522762054;0.418826559249843;0.3890431696078682;0.5204312161774137;0.3744466702154483;0.3673339974668804;0.44262806724532044;0.33726709194654303;0.5520559791225216;0.5497492270790617;0.5115413779025342
0.21901576239602133;0.4274936441377486;0.38969300788710237;0.5408956475956282;0.3763479183593421;0.24279351468580312;0.4278496174642137;0.3692179113849138;0.5052872398479747;0.5334037977310933;0.4980784033119925
0.20059895635650393;0.4248852643048169;0.39028180778510846;0.5333452194484294;0.37773414955313345;0.2229492969996063;0.4278496174642137;0.3631590115664304;0.46739338339882475;0.5114902830527162;0.47848653350765924
0.20456587907742108;0.4363258163568524;0.3909902088711741;0.5606233045815621;0.37921125991090676;0.22675264696277697;0.4470143651255576;0.40788551830242614;0.4493002032530419;0.4897399870589108;0.4579517689325898
0.15490588353408735;0.45356093373394524;0.3917414683389886;0.6022780988584399;0.38045204942145516;0.17408165009185556;0.4470143651255576;0.47178496911251955;0.4520474439266883;0.47298043026942904;0.4411364666220478
0.18064925301865675;0.4649519595866214;0.3925734934215086;0.6292133258448068;0.38194435883786726;0.2008603836656;0.45996237906048876;0.5118025255120959;0.46592669348346627;0.46280954445943007;0.4299278616307609
0.15908829341515315;0.4502756958431009;0.3933020859112504;0.5913152851048035;0.38317593785896387;0.17789467151331767;0.45996237906048876;0.46668525416499484;0.46533276745208096;0.4545343271846689;0.42039632009655836
0.1945873543319041;0.42435698484498285;0.39398418401934654;0.525458933060585;0.3847727845796094;0.21482211491479242;0.4174490303751126;0.3952454103750743;0.44347084397781533;0.4428157659583766;0.4076998661020552
0.027053433469563654;0.4076666556608446;0.39460918919291066;0.4827212121311943;0.3839071386546382;0.03898738410449375;0.4174490303751126;0.3542590121882013;0.41335057438951206;0.42641661267357645;0.39050765863063985
0.2534398362297583;0.3899032588239173;0.3951487096880748;0.43745872114185685;0.3865385719889054;0.2760806557610042;0.4117468431308038;0.31387746323466464;0.37615503036844444;0.4046229712723889;0.3679389974673457
0.26845047590829063;0.43096047809291127;0.3959054618365836;0.5385206206254015;0.38915435099319184;0.2909864430671944;0.4117468431308038;0.46472069006117755;0.3858221028769063;0.3894425020841843;0.3509379500477726
0.25561429757307585;0.42658566381615826;0.39665331738960186;0.5262821769213927;0.39116910178466346;0.2769465448612284;0.4300933775337197;0.4532146750405841;0.39194469825263223;0.37872596830462135;0.33794781865933177
0.23520423530218398;0.43018456763627944;0.3974279400907901;0.5338842122195855;0.3937450270361136;0.25490324051190016;0.4300933775337197;0.4658900768449662;0.4022671899733501;0.3725600345758354;0.3293087605016861
0.23139403051592033;0.4456202331033112;0.3982919929170716;0.5708507164335281;0.3960607822262068;0.2502858816570822;0.4511223017941641;0.519688962092035;0.4262231652852274;0.3732140257855313;0.32735870874328477
0.22957218452557315;0.4523062700168383;0.3992365792729595;0.5858511034871601;0.3984834911607318;0.24772063754319024;0.4511223017941641;0.5424054993219108;0.45285525882978495;0.37994805059046327;0.3317125830553602
0.19283896987342575;0.46163370422953687;0.4002072365217155;0.6073933831946245;0.3998970736558989;0.20927049094472489;0.445614123879174;0.5740703204897138;0.4836148309958753;0.39250866556338804;0.3423476139832596
0.2754097316939984;0.4255125961633701;0.4010706704543985;0.5157685924369165;0.4024502353402628;0.2940146546553446;0.445614123879174;0.4579690802870561;0.47709302060562675;0.4010362156172784;0.35020507266793566
0.2506336057123687;0.3952355796216196;0.40173226771201964;0.4390781700104241;0.4048387288824138;0.26770127773873226;0.4008738855007543;0.3799871947271388;0.4466011209938314;0.4007472840588512;0.35041676320249776
0.16077545993040743;0.40434840030376007;0.40253729356127055;0.4603790215833179;0.4053763693161123;0.17488584988727074;0.4008738855007543;0.4137987434471341;0.4324870378572584;0.397224613992609;0.3476324627492659
0.2170886215433288;0.39122395747350325;0.40324948537063143;0.42638061481685224;0.406864581290449;0.23256454849680147;0.39965921839545837;0.3806216071925702;0.41171349611344865;0.38956191045499444;0.3408144510840229
0.30952036965842833;0.40598276488262286;0.40399556160455274;0.46186821729685024;0.409643172330709;0.3267990621286078;0.39965921839545837;0.4367915019185925;0.410600666520074;0.38317222625245345;0.33483832387361334
0.22478004392999607;0.40514081949351155;0.40475587239125677;0.4584193223761463;0.4112288123721737;0.23931954101858266;0.4196084385623067;0.43439883977264604;0.4111172250376385;0.37818094475170516;0.32994012171337544
0.20185759726919;0.4311090566909894;0.40563887883401595;0.5216224354951795;0.4136805886308239;0.21520169940560113;0.4196084385623067;0.5295250312457433;0.43659767298075214;0.3801301777909931;0.331437744962001
0.2012135845064732;0.45413873939313865;0.40670561931406013;0.5771702591282892;0.4136839856554506;0.21454156482448083;0.45369503420468815;0.6021964110973114;0.47874943459214314;0.3915197152982691;0.34207032192231557
0.15761171662458953;0.44882292732855644;0.40775255519892717;0.5620541677441021;0.4138031616843638;0.1698799851014826;0.45369503420468815;0.5835383052775159;0.5084324003278993;0.40755366661183756;0.3577745171353116
0.17907472751893472;0.44405190345692835;0.4087707125314268;0.5483479398041009;0.41357440534558587;0.19190166831106537;0.44935934745383843;0.5663266896494993;0.5284895493197111;0.42505832623459006;0.3756768074678857
0.18359016301113923;0.4504242744411795;0.40986824296803404;0.5622946351072471;0.41399969882049703;0.196427602495585;0.44935934745383843;0.5883979531253138;0.5506243793290961;0.44422408547577774;0.39588260497500727
0.17437074076160017;0.438125268266913;0.4108874060026335;0.5298104041114429;0.414425552629367;0.18689813747650658;0.4439017806682357;0.5412904684936706;0.5576341588583875;0.46119143336703916;0.4146917745966511
0.1965634695391758;0.44566975930267105;0.4119666790780614;0.5467129813396236;0.4153551816882861;0.20938058224147937;0.4439017806682357;0.569616193399533;0.5702504061459889;0.47770752837767344;0.43350301209536957
0.1742801382056286;0.441691154620794;0.4129906385380555;0.5349729035006663;0.4164338595803099;0.18636451822403355;0.4472336800195693;0.5533965749086467;0.57693200716171;0.4924786108502095;0.4509745229959232
0.19083591877113548;0.4486248225311189;0.41405436191180245;0.5503795596153176;0.4179898719636903;0.20290983574786614;0.4472336800195693;0.5813221190665271;0.5885314081317194;0.5070005562736888;0.4683548004234038
0.22664596683946453;0.4268993297454351;0.4149411590778569;0.49461871923129586;0.4196590367859243;0.23899277231032778;0.4386635287766443;0.4926671296299817;0.5785243962589314;0.5162843919145287;0.4808639049871188
0.19276061090609903;0.4466437745567404;0.4159836079841295;0.542015632574653;0.4214932549799679;0.20405263074168284;0.4386635287766443;0.5720947828962174;0.5883519027917855;0.5260033189456523;0.4935660520687305
0.19940153338704186;0.45734143361838386;0.4170629584212575;0.5667826729539548;0.42320969797999597;0.21039551610724577;0.44582500358495514;0.6113880760860568;0.6056122871093333;0.5378037297166645;0.5080618217021899
0.21910636495199287;0.43021758510251873;0.418024409627725;0.49742485806660924;0.4254646569355336;0.22982760447095252;0.44582500358495514;0.50574934337432;0.5950751300214504;0.5447867032402576;0.5179387433073269
0.17883965061695445;0.43370092779080105;0.4190114675568628;0.5043617650304446;0.4270139803322779;0.1886811769403669;0.43895876036473735;0.5195822021643237;0.5899281065939286;0.5491727522045955;0.5250486753002329
0.19733971305925652;0.4404199821705679;0.4199715262527315;0.5194170533085392;0.42856116745580364;0.20704091430493504;0.43895876036473735;0.5467802474775516;0.5919223008283289;0.5531466545157625;0.5313702294127014
0.22909958200388364;0.425430052497771;0.4208603348229838;0.4804524190303025;0.4302670691732271;0.2386949114946963;0.4413206130694802;0.48842869739354633;0.5803036757378992;0.5536162136900564;0.5340134762333002
0.1697010360524711;0.4533133027371474;0.42196320321688496;0.5480418654777256;0.4312118622699128;0.17854873850495778;0.4413206130694802;0.5965720387875669;0.5960408211905666;0.5576618978533018;0.5395645457316
0.23480999174782125;0.46770891801763126;0.4231045203756407;0.5819223718646596;0.43304474967080364;0.2437205108029955;0.47449620838288986;0.6447207207960882;0.6211116676968337;0.5667451808678782;0.5496685928910304
0.1830906245944311;0.4759632845775412;0.4242363220453065;0.6005023187532162;0.4346350124674305;0.1912960656307986;0.47449620838288986;0.6711733181552472;0.6477822774871643;0.5802316214344245;0.5640129153305105
0.19031189317713776;0.46889754680225826;0.4252958678872587;0.5809992077753315;0.43649854313170655;0.1981362698781421;0.47559278285294937;0.6392078187168014;0.6618633587793243;0.5943046023949805;0.5791845772048614
0.17295293319653163;0.47692079109849095;0.42636786896289536;0.5991087884233085;0.4383496764071386;0.1803202003902259;0.47559278285294937;0.6668999023002974;0.6792550952843586;0.609618888762318;0.5957763445502726
0.11476405380322593;0.47690428236537086;0.42745031386802035;0.5971471676732809;0.4395710293334827;0.1217998567535195;0.4823240630614669;0.6668174911469321;0.6919374144276054;0.624827943075261;0.6125203645539192
0.17250971528758965;0.48208802456499456;0.4285043670292783;0.6082063330758471;0.44173976690107297;0.1791674413892308;0.4823240630614669;0.6860325023252546;0.7053811531146426;0.6401303812900984;0.6295417283781886
0.1771426892307843;0.4712087694390328;0.42952925482967075;0.5792530743313175;0.4438925699717031;0.18334167140239566;0.4703545309613584;0.6278421676069984;0.7050727517365241;0.6523004100247066;0.6437433716802415
0.14059312840830898;0.46435764519430744;0.4304726033983597;0.5604914043897927;0.4453442901969573;0.1466162087635307;0.4703545309613584;0.5926142862750363;0.6975532104539133;0.6602828117163109;0.6539329504887136
0.21346696802219517;0.48489450919536425;0.43152495460221996;0.6098471934219555;0.44779732720701526;0.218637954146093;0.49285961316226734;0.6761774648158845;0.7086734275634695;0.6692620627432372;0.6648064772352144
0.14672716631935687;0.49471720540165753;0.4325715810402868;0.6324899681737608;0.4496237007256323;0.15193742338390404;0.49285961316226734;0.7116865424405678;0.7248021955016503;0.6802068300993794;0.6773640321672436
0.16839586950293478;0.48730478423085755;0.43363723845653146;0.6121113199187681;0.45131724007508467;0.1731089928525173;0.5006959030290759;0.6703587237602644;0.7294399016690369;0.6900441967006682;0.6888179836973152
0.19532196965059245;0.5076435434344764;0.4347384048930345;0.6608863912491838;0.4529380760933517;0.19944168708681997;0.5006959030290759;0.7426383677926791;0.7495465738203667;0.7026031377776674;0.702731113292572
0.19759437970306848;0.5013206986495855;0.4357886673309972;0.6432526669642317;0.45465781105538894;0.20130465196800085;0.50058624558207;0.7068515994996105;0.7579817849694753;0.7146174539743807;0.7161607908409304
0.15555724244999106;0.49341301548519123;0.4368367636413617;0.6216698976037268;0.45546147003614146;0.1595917507733826;0.50058624558207;0.6628032454791306;0.7557759786427527;0.723714494043492;0.7268264572115182
0.17650112518579647;0.5060421963218542;0.4379142573976931;0.6512578145030371;0.4569475457372594;0.17997705408202513;0.5050653305328505;0.7106093216236388;0.763407547180863;0.7327718731083347;0.7372935043345381
0.1753673688772874;0.4974576550995473;0.43901256145129874;0.6278977552536362;0.45823620878043303;0.17859377416614258;0.5050653305328505;0.6620650242980829;0.7599121087706472;0.7392026102476863;0.7451441084425111
0.16264383155760484;0.4994882292732852;0.44007535648464735;0.6310768106561071;0.4593348835906199;0.16583847545197544;0.49659640154870033;0.6703910967141347;0.7571197498740934;0.7436959979984009;0.7509218033437628
0.15056675571836806;0.4874368540958165;0.44107556590276786;0.5992438454354858;0.46029627658084205;0.15376782484109702;0.49659640154870033;0.6019018168650002;0.742465297990188;0.7438731647691016;0.752339907706792
0.2777164237946799;0.48162578003763956;0.44207832825698734;0.5829708479988228;0.4631109040988428;0.2780761823824117;0.4783932653457157;0.5704933721543423;0.7241989800354435;0.7397550367177124;0.749269646403511
0.35906282675077195;0.46967345725888965;0.4430559480587357;0.5514250161821361;0.46662650939960204;0.3566974360208982;0.4783932653457157;0.5091317037568887;0.6978837578394752;0.7303235995461932;0.7406404173826385
0.28186944906299816;0.48674348730478423;0.444086715348321;0.5921721559655948;0.47024595158714577;0.2800946913529073;0.4674275206451233;0.5940213123833964;0.6912104726280303;0.7212221826615811;0.7316081122200688
0.32058122764014624;0.43847195166242914;0.44496175353598977;0.4702213013456841;0.47316662230689466;0.31694829462742896;0.4627038152356362;0.39720341398923864;0.6422573622817972;0.7025247654224431;0.7130284595832704
0.3173489202379174;0.4522897612837191;0.44591183257257105;0.5029999401576657;0.47651360210685567;0.3127536635431437;0.44328601192735606;0.460533784211259;0.6156076466188695;0.6813518901653384;0.6912346188318059
0.26387871990832;0.43030012876811785;0.44680559229161787;0.4465679323045934;0.47899371025130977;0.26017178335503066;0.44328601192735606;0.3894273640605963;0.5750913865590686;0.6549648518241538;0.6637281752458155
0.29023916626058766;0.4335358404596028;0.4477229473291371;0.4530108655013327;0.4815373812792423;0.2849788657436342;0.4509029869001524;0.4046008807922816;0.5464653558702639;0.6271793861299553;0.6340025060836447
0.20304522536773617;0.4639614355994319;0.4487739060223985;0.5270335001781554;0.4826337797327207;0.20042912396694496;0.4509029869001524;0.5332427039783255;0.5515100007934495;0.6061274678869;0.6097829932905244
0.20665708401795396;0.4655462739789349;0.4498626945869164;0.5290546887567238;0.4840698806488666;0.20360042528095063;0.4594984437077714;0.5393392501162673;0.5573896293016977;0.5906571129133404;0.5904875872638871
0.2558175411445796;0.44877340112919706;0.45085578672864646;0.485458038170625;0.4863528212814836;0.2504442771330677;0.4594984437077714;0.4771999032252473;0.5476330270983927;0.576005505911706;0.5720170547503262
0.26438805319594394;0.4303826724337174;0.45178892355294664;0.43793251870896616;0.48814445409464025;0.25822356608643243;0.4443657160209531;0.4163012377409677;0.524307241671786;0.5588444477851066;0.551316446055093
0.17291865114832616;0.454320335457457;0.4528415068419065;0.4957701351613253;0.4890213417196647;0.17008597971362932;0.4443657160209531;0.5142122288766368;0.5280233792601938;0.5459822363310038;0.534629050501503
0.17216689480553507;0.45268597087859463;0.45381889455855573;0.4899596640703878;0.49014071386546365;0.16914832787013162;0.4727248188543327;0.5083908565789043;0.5302848747211351;0.536219867238052;0.5210704034459787
0.17663335594316038;0.4875193977614156;0.4549633835470077;0.574810329994789;0.49145017930686685;0.17318107120543413;0.4727248188543327;0.63115555369477;0.5636089118659886;0.5361814222440147;0.5169681992353001
0.16509989543975295;0.4977052860963447;0.4561498799385091;0.5981108214156503;0.49286855966155807;0.16185509424438083;0.49501058616122995;0.6620458810959018;0.5991079588362066;0.544429347410036;0.5214190032862099
0.18733425241872093;0.48611615544623055;0.4571148897831723;0.5674932320515544;0.4939266452805873;0.1829419140126724;0.49501058616122995;0.6149122844094821;0.6166631036114866;0.555121697347006;0.5292457438330849
0.1845304706190603;0.4919602469706472;0.45807873920233666;0.5803594712572882;0.4950455971759167;0.18003396411888195;0.49464787306728697;0.6342292758792145;0.6353659861907212;0.5680372493662491;0.5401780919648729
0.17056543341079441;0.4911513190477761;0.45905465704668735;0.5766104038918377;0.4961371277281259;0.1664720080670472;0.49464787306728697;0.6306630466717349;0.6488754259888816;0.5815202078067833;0.552596689438104
0.17222321531330118;0.47218278469310215;0.45992350629836354;0.5277577845818698;0.49759987952819884;0.16777807537069994;0.48079729399161497;0.5498856312557134;0.6421136324212975;0.5907296665066875;0.5618259703882063
0.13178509073723543;0.4838214415425761;0.4608425632932813;0.5551562406496346;0.4985644243969405;0.12903180358603505;0.48079729399161497;0.5943310216209815;0.6465956285164419;0.5991424732632962;0.5707533390743695
0.08834238950773426;0.4852907187902398;0.46172278471484374;0.557259232052653;0.49818119098982994;0.08765108843109011;0.4979460316656965;0.5999550439817588;0.6508487125772007;0.6068645742223552;0.5793479964456408
0.1300636421737757;0.5042757618780334;0.4628106449389624;0.6026814856051742;0.4981736965231276;0.1274515549098676;0.4979460316656965;0.6695415096831868;0.6703533376862746;0.6175909002696638;0.5909629793455485
0.14571094846183794;0.5174497309076496;0.4639915712880711;0.6334447004671543;0.4980342784299443;0.14240172450284455;0.5248795876879986;0.7128217688917545;0.6964494311824752;0.6322577931522553;0.6065694226280351
0.1828016759024137;0.5248291346122094;0.4651559422333995;0.6497845401445984;0.4991788656038998;0.17756179168123348;0.5248795876879986;0.7360522969894812;0.7222915088064993;0.6500179008306264;0.6254955980200261
0.1523837042732573;0.5267111301878691;0.4663282814338183;0.6523986619473574;0.5000009455635559;0.14842541850301533;0.5354151377887995;0.7420991036677417;0.742781803431608;0.6690044988089704;0.6460489596728994
0.17298231780927917;0.5361871429986462;0.46760211918451766;0.673773630173274;0.5001789566581683;0.1680125506255739;0.5354151377887995;0.7726521657681052;0.7655567232954549;0.6895050831594935;0.6684452845420006
0.13337185982560232;0.5346848482847424;0.46889228025389684;0.6677376523028604;0.5004173087159947;0.13024970218796406;0.5405437322333846;0.7633401258198744;0.7801600956578825;0.7093111818888016;0.6905878850417341
0.15059858904884457;0.5382507346386238;0.4702380643855122;0.6742439964138525;0.5016516543860139;0.1464407190473621;0.5405437322333846;0.7757085354061384;0.7926737848743811;0.7280743601511356;0.7120143860952513
0.1440458204061443;0.5453659986132662;0.4715739462195381;0.6896207313611715;0.5012210027176196;0.14027921445796349;0.546979780853809;0.8003560009762848;0.8065443733892267;0.7463196425535853;0.7330843195391414
0.15681343464494815;0.5401657476805224;0.47290851290466573;0.6742825645240368;0.5023643991819124;0.15222679088996333;0.546979780853809;0.7633824725498527;0.8104362958364544;0.7618234980542193;0.751643059728545
0.13820317990484282;0.5420477432561821;0.4743065161837188;0.6764963191474063;0.49964733981452936;0.13497561959490384;0.5539219407681077;0.7707322199810847;0.8127246764395178;0.774760252369985;0.7676831198547479
0.15085570441038548;0.5570706903952187;0.4757037458457729;0.7114874773052065;0.4990905079427337;0.14712726240040053;0.5539219407681077;0.8261336146146377;0.8253438069877949;0.7880525449212553;0.783796710622255
0.14219214108532066;0.5316142239244557;0.4770776896361548;0.6455565968487782;0.49770602779256423;0.13909930145434934;0.5422307698796298;0.6568109543394209;0.8101398067361139;0.795140676156085;0.7939207508820139
0.1856446371857377;0.5446231056228741;0.4786036491668568;0.6752959038745441;0.49775936458129033;0.18055530899001931;0.5422307698796298;0.7088341926119078;0.8073036305630075;0.8001497606197868;0.8016174587872218
0.16458321599894216;0.5480073959124376;0.480095956358098;0.6810893555858992;0.49734881489367666;0.16053278909804491;0.5716864471830685;0.7218702196789665;0.8056840443642098;0.8037793268467022;0.807512775534482
0.2329807996042872;0.5858784296893051;0.4818188787767692;0.7724901493478002;0.49865656431232996;0.2255141385191028;0.5716864471830685;0.8419084929652697;0.8355133460384071;0.8136394279275494;0.8186763203740839
0.13995891051650802;0.6005712021659457;0.4837801525928582;0.8056570770697908;0.49761851063233675;0.13698256491859961;0.6002986056633848;0.8778649115928162;0.8691586333078362;0.8293738773473038;0.8351396037664541
0.1841509193710713;0.5893122461782281;0.48572100292017195;0.7741316959592149;0.4964525257053203;0.1793901738606114;0.6002986056633848;0.8094547026829008;0.8824756897396423;0.8450670882629263;0.8517068550629576
0.1918007135563462;0.5706243602865912;0.48750604678386855;0.7243535792578784;0.4957934328860001;0.18683312259648627;0.564929861409857;0.7068585232597631;0.8731490770416767;0.8554466112003722;0.863462333368761
0.2456578112871195;0.5500379700861755;0.4890187001021875;0.6703234999750192;0.4968693791499734;0.23804274541928394;0.564929861409857;0.6096208336624077;0.844510202804125;0.8570713993037372;0.8669615372741905
0.1594507036390394;0.5613794697394918;0.4906391182684775;0.6957364532601171;0.49659432521782976;0.15576933848697544;0.5670723992205886;0.6499516149216615;0.8292829131097782;0.8548200956831598;0.8663315614487781
0.14065679506926196;0.5634760788457092;0.49223996392469127;0.6981256172956434;0.49609076009301534;0.13790171380434585;0.5670723992205886;0.6574023778360223;0.8165667399708179;0.8500535325264766;0.8627517624854893
0.16497011340011802;0.5560801664080293;0.4937046529890661;0.677080193669559;0.4962959473846411;0.16109630529685592;0.554773894779462;0.620822679035189;0.7975739729366749;0.8418110063989568;0.855348313617527
0.18745423958744;0.5447056492884732;0.4950955389917273;0.6462423131423106;0.4965396926568233;0.18252812421639886;0.554773894779462;0.566761748105852;0.7703640423187237;0.8288713971155184;0.8429719633730468
0.19900973855040804;0.5337603592300324;0.4963208709565836;0.6167687280429417;0.49682710895693827;0.1935053466412439;0.5408980101390961;0.5179007573772103;0.7374055721739459;0.810833512757336;0.8251835513962595
0.15889974215002314;0.5398685904843656;0.49753676479405184;0.6298466114689747;0.4970555501078642;0.15516017496990847;0.5408980101390961;0.5463108729072028;0.7153897086231743;0.7912689177227507;0.8051803230335934
0.1453852690038861;0.5523657014560701;0.4988013191407621;0.6587732431196408;0.4973250007004173;0.14221094877839707;0.5579286551779399;0.6019403709358829;0.707844104228658;0.7738575422585441;0.7864315500403356
0.1415652693467066;0.5545943804272455;0.5000800306785549;0.662063336248589;0.49811279522595453;0.13843351691384503;0.5579286551779399;0.6116633322686814;0.7026469787700301;0.7587164278107701;0.7692982941432024
0.15130871719024333;0.5727374781259282;0.5013254766853885;0.7051060334798639;0.49807710895693824;0.14773482166891921;0.578763570109067;0.6862002002084006;0.7134132404017108;0.7491143204835213;0.756976778844883
0.1541835118040438;0.5749991745633438;0.5025679829476246;0.7085427128781254;0.4980793853136469;0.15047701399624253;0.578763570109067;0.6949463970697415;0.7225287313909905;0.7435584450298669;0.7484292156953936
0.1787196634482353;0.5700465546273974;0.5036914295537009;0.6941967484200797;0.498543131706497;0.17379455015184825;0.5812856913902027;0.6650882335741805;0.7238714343332184;0.7394268744690562;0.7414617417861552
0.1516956145914192;0.5826262092647005;0.5049097216038647;0.7234113369930499;0.49819278289860747;0.1480838190949823;0.5812856913902027;0.7167529892736416;0.7346029902933882;0.7386243085921547;0.7378438131573948
0.18142059910327957;0.5728365305246474;0.5059248618300698;0.6971929827450939;0.4974741896170116;0.17658063241895416;0.5833270069421599;0.6568365989417074;0.7327995476179454;0.7375616776448257;0.7344246483721848
0.1920529314824292;0.5838313467824476;0.5069831698848226;0.7227385224872676;0.4967662076597652;0.18687426330862056;0.5833270069421599;0.7026993672713292;0.7395638471342258;0.7382890653481397;0.7329918229513168
0.19780496942775916;0.5883382309241587;0.5080856514702234;0.7320235548213445;0.49636266214663927;0.19245228565697947;0.5985440865112901;0.720841848161948;0.7472300438762973;0.740658798113473;0.7334399558992248
0.16625569020782266;0.5981114009310926;0.5093321805408553;0.7541881399080852;0.4955530846384444;0.16246248090894982;0.5985440865112901;0.7590251972714687;0.7601695106538889;0.7455721785709644;0.7365997505184817
0.06740830164284473;0.5916729950143624;0.510491522975689;0.7360726573784783;0.49402946656207103;0.06813514100621994;0.5940565663722785;0.714904630491051;0.7627662050292727;0.7501084542590566;0.7398711126533087
0.1799342274418001;0.585993990821144;0.5116807270266883;0.7197982874112048;0.4948320048749053;0.17568032129970834;0.5940565663722785;0.6766540160697441;0.7579011082596175;0.7526028926612152;0.7416486741571008
0.18347997071333594;0.5675372271931849;0.5127755498037989;0.6718212053783439;0.49547635390692846;0.1789434971906656;0.5760896154397686;0.5650827728780116;0.735953123825041;0.7494799858249575;0.7385394356738586
0.16805794645633812;0.5749661570971041;0.513896830282278;0.6883610227658903;0.49537510856470446;0.1642186906087274;0.5760896154397686;0.602730589691458;0.7237474135274714;0.7441351843932316;0.7333244574219386
0.14332834611155867;0.5830389275926962;0.5150562500788114;0.7064390352098029;0.49512943714453805;0.14061607560090977;0.5852333594824168;0.6420008005321515;0.7198826222116727;0.7389580408809137;0.7280819188025238
0.13593566728782472;0.5773599233994782;0.516167086727803;0.6903037025934795;0.4950060235900595;0.13356659777558028;0.5852333594824168;0.6068802630874104;0.7104438096761942;0.7326151143149351;0.7216509773917831
0.14012297460434842;0.573761019579357;0.5171601015078333;0.6795655721009543;0.4945828313674949;0.1376414426752538;0.5842211368946697;0.5845772776118077;0.6985837160555378;0.7247748978624498;0.7137083703356685
0.15251838374835017;0.5846567834384389;0.5182594112635384;0.7047913122106366;0.4942022595466897;0.14956707200388997;0.5842211368946697;0.6425190651256162;0.6977712606835038;0.7183132531637054;0.7068137285161571
0.14282635897712162;0.5818502988080692;0.5192610131922586;0.6960143907089553;0.4939383772728545;0.1403361039396927;0.5870216193874365;0.6236543682070632;0.6935144168429732;0.7121512050381608;0.7000989743847785
0.14002502589518998;0.5820484036055071;0.5203047772474281;0.694656683428011;0.49337832348079447;0.13774763184730415;0.5870216193874365;0.6247785618935101;0.6892627603831206;0.706230043912686;0.6935476579848973
0.1272525142209282;0.5882556872585596;0.5213535698130931;0.7082780889762185;0.49185873280475145;0.12575376820548362;0.6032762271090082;0.6605568977295185;0.6903741626233209;0.7017523035137957;0.6882693440933274
0.1614537547413297;0.6074553438769108;0.5224703633129777;0.7541842968223721;0.49261021068556854;0.15840920406476455;0.6032762271090082;0.7556684703609312;0.7071565858627034;0.7020839157322697;0.6873688597959802
0.15559152449819652;0.6136131013306039;0.5234499171572229;0.7678050161052754;0.49199107668170217;0.15290229354277235;0.6347141736467847;0.7820044672695616;0.7244999937277264;0.7063938364540295;0.6903147227131039
0.1859727653614185;0.6436259781424369;0.5245897644436806;0.8406405490561648;0.4912641484324658;0.18217656161110285;0.6347141736467847;0.8855349673311225;0.7631669607080832;0.7188592402150372;0.7009955395946876
0.19542236707747984;0.6715917720474129;0.5258404710461071;0.9081735844954553;0.4910237651640377;0.1912918987387136;0.6772865686497789;0.9531979844156194;0.816290684740079;0.7412204697127462;0.7212692045439727
0.09735856818576952;0.6689668834813616;0.5270986043717252;0.8993944669447964;0.4892216611100215;0.09744308802206662;0.6772865686497789;0.9334647182664019;0.8531013660384533;0.767694018807935;0.7462537987860651
0.1750196509597749;0.6580546108891605;0.5284265953123599;0.8698210988699692;0.48800167399770245;0.17230375382150748;0.6772359575203923;0.8529077084588103;0.8693877982948608;0.7926709932852432;0.7708952886110129
0.17779894558214587;0.6824049922408952;0.5300180802028853;0.9277320084569849;0.4871865631916621;0.175137773734933;0.6772359575203923;0.91491565722023;0.9005713422796815;0.8199248418478533;0.798292061604075
0.17376101004708883;0.6971307821837751;0.5316560594750563;0.9615548685582331;0.4860623231445942;0.1714699392921118;0.702533087025837;0.9463185165725038;0.9345654227432956;0.8496556308070125;0.8285526401897861
0.19336789290288142;0.6928385115726217;0.5331365303262117;0.9482225179568187;0.4847144398061243;0.19064167660955011;0.702533087025837;0.9160240142257078;0.9535671016231855;0.8778716158951104;0.8580500478575641
0.1678326644252737;0.6924092845115064;0.5346501893466287;0.9444664506852494;0.4834358977950859;0.1662587696784878;0.7118708403978031;0.9128580813953432;0.9640199738118029;0.9028821030999197;0.8850462908118655
0.1673012926780891;0.7158351768085316;0.5362819796828062;1.0;0.48296868433586404;0.16583473351316824;0.7118708403978031;0.9649447861463519;0.9887376288495227;0.9286548612785799;0.9128185127811979
0.17863885576317962;0.7117079935285764;0.537886925509115;0.9868585684066524;0.48307609335163737;0.17676301961344576;0.7164089716662025;0.9342464171015007;1.0;0.9518995490324742;0.9383951400452091
0.18224826569566843;0.7054181662099248;0.539450096017474;0.9683972081629337;0.4834397150701817;0.1801751284003204;0.7164089716662025;0.8872686270091491;0.9986809241996806;0.9701876794849094;0.9594446724784206
0.167497190096406;0.7077458975798194;0.5410146590364295;0.9714272067409935;0.4823100818087578;0.16614955019278166;0.7193865931118251;0.8936180099685828;0.9951352898112322;0.9839913116031895;0.976150033369838
0.14347526917529635;0.7152078449499784;0.5425792220553869;0.9872629159248147;0.4803799064242287;0.14326918371882935;0.7193865931118251;0.914017505961365;0.9944229110220496;0.9948680844755262;0.9897284506014418
0.08482847956667491;0.7036352230329843;0.5440932678843029;0.9557124175040488;0.4784876236236797;0.08674731994343275;0.7099391822928522;0.8234977752670615;0.9791168563323029;1.0;0.9976315971298908
0.15623308854318435;0.7008287384026146;0.5456140441811117;0.9460143907089564;0.47707071414563074;0.156222305112932;0.7099391822928522;0.8022625985816247;0.960298410796702;0.999716910080779;1.0
0.19026781625801648;0.6993429524218309;0.5471817790297648;0.9395271247734636;0.47649052335191766;0.18937413339297782;0.6978852983104313;0.7905514552550207;0.94010969952808;0.994782258126099;0.9974106096236945
0.17426544589925486;0.6815300293855446;0.5489339441710008;0.8919896642954828;0.47472421062953507;0.17418732547689486;0.6978852983104313;0.6609981040271302;0.9046485697414939;0.982564698012402;0.9875174469394703
0.16784245929618954;0.6755043417968101;0.5505547491457916;0.8740848652147482;0.47395935477544615;0.16809009810719067;0.6744607805923186;0.621964001442244;0.86804281886703;0.9642538759508044;0.9712431168117455
0.17049931803211246;0.6595238881368242;0.5520826427189918;0.8315158282975184;0.4739758846272377;0.17067185605714158;0.6744607805923186;0.5280184325474458;0.8221600348073098;0.9389049609019502;0.947722505828805
0.19929623852469652;0.6543566546703201;0.5534535694030764;0.8161955043583331;0.4741282954640966;0.1986561294996439;0.6677041948191067;0.500243415835789;0.7790878594113029;0.9085810294257387;0.918699663014952
0.19104650849582616;0.6674480800343381;0.5550652456972771;0.8459886145840717;0.4742965357352982;0.190594946928616;0.6677041948191067;0.5745445971844717;0.7548444582421059;0.8786681158855097;0.8889185694612225
0.2003589820190657;0.6810677848581896;0.5566529398645068;0.8771419026458549;0.473104075028717;0.1999152256390192;0.6889861747264892;0.642467929723506;0.7460960846749546;0.8526975895657485;0.861718819091329
0.15583639627109264;0.6823884835077751;0.5582618311375112;0.8775815242007352;0.4721637996245762;0.15673989089584967;0.6889861747264892;0.6488068623901639;0.7387182815421671;0.8302006017618215;0.8370554839322244
0.19564764910854432;0.6823389573084158;0.5597426887971664;0.8748306983490657;0.472185757711596;0.19552689901531006;0.6945112230179413;0.6484687283576448;0.7312874442576703;0.8104700767531046;0.8145912552238548
0.1926773545033143;0.6919305312510318;0.5613115067096182;0.895970552081224;0.4716957806852884;0.19273774715484626;0.6945112230179413;0.6972050334380058;0.732419949090236;0.7949497665525225;0.7957755091120345
0.19098284183487318;0.6824380097071345;0.5628554915163995;0.8695551024374494;0.4713203569327318;0.19116600867698424;0.7056878474243145;0.6295127318705797;0.723383369523229;0.7804261108020364;0.7780398011474152
0.18077658634056276;0.7137055502360745;0.5645137395539468;0.9446002724198748;0.4713036519765781;0.1812176205295405;0.7056878474243145;0.7672618257562241;0.7425037748505227;0.7732662281446989;0.7669409167283148
0.17603097138183588;0.6930696338362989;0.5660706437646117;0.8903681566309976;0.47131706497072234;0.17658755190461767;0.6940978987946109;0.6415933489840934;0.7375975174923265;0.7663941408694696;0.7566532022530625
0.1645611775393815;0.680390926800277;0.567478626702953;0.856247045627859;0.4721957036393689;0.16523513230029913;0.6940978987946109;0.575224008236414;0.7209549556346089;0.7570152833812893;0.7446961413028245
0.19008661114607334;0.6755868854624092;0.568821316366571;0.8418826892596192;0.47153948253158884;0.1902455682837781;0.662584035562753;0.5511088955178227;0.7022660873325981;0.7451537935703054;0.7309148810517286
0.24202391417734104;0.6361970482385177;0.569938264589855;0.741655288387898;0.4720619589275208;0.24074617733013182;0.662584035562753;0.39007807596248656;0.6516221673588531;0.7238540067337063;0.7091561956852372
0.2860763461213535;0.6759335688579258;0.5711670778312077;0.8385855962245534;0.4739054576527608;0.2831415289142191;0.6910021847137524;0.5597394010938909;0.6464463841319299;0.7056071403788621;0.6897788456990659
0.19682548233617464;0.6914682867236768;0.5724220393271295;0.875105616230559;0.47465521951082845;0.19613829610907924;0.6910021847137524;0.6131235911600822;0.6555647038736586;0.6931361173923796;0.6753292349550281
0.17560979193245457;0.7078944761778976;0.5736883729929376;0.9138289596272859;0.47487021264673746;0.17546533066420283;0.7102006731280204;0.664946175545582;0.6765660224086375;0.688056985982307;0.6674818821002755
0.21616790367723943;0.6970812559844153;0.5748333261515892;0.8848273878052287;0.47480836578600827;0.21491121483736464;0.7102006731280204;0.6201543410000504;0.6825655369918158;0.685392818932465;0.6622474468782242
0.2375354145801551;0.6849308284082278;0.5757740444224804;0.8528529146785557;0.4750149539125317;0.23563478083106393;0.6924108611483661;0.5718908967584696;0.6755613893140197;0.6816280581901837;0.6566200057851725
0.21464724996755447;0.6852279856043846;0.5768100723076599;0.8517559882138053;0.4745070461995349;0.21350232030256733;0.6924108611483661;0.5729969095196353;0.6694494161504122;0.6771908852160112;0.6508276671110157
0.1652982415757988;0.696916168653217;0.5780046916776524;0.8787890766327757;0.4733186829350293;0.1657375864529827;0.7073074035647102;0.6168424922012665;0.6741727801009243;0.6747426756801841;0.6470620594021979
0.19364214928852508;0.7023970680489975;0.5793355450011841;0.890098317112767;0.4717831927828984;0.19365938741660066;0.7073074035647102;0.6369610048524513;0.6818459253567422;0.6745735511069987;0.6456072703506913
0.1688366386941478;0.7129791659788025;0.5806216832621693;0.9142102486311763;0.4700879724315692;0.16981295837790505;0.7311368103179223;0.6750792289416;0.6962508350192772;0.6777975994994784;0.6474601149076606
0.19490079020121115;0.7329712417869048;0.5821026182835247;0.961446850399104;0.46852618160423587;0.19559222296808682;0.7311368103179223;0.7400608330812413;0.7240817201061323;0.6868672384842862;0.6548069873507149
0.16887581817781117;0.7286129362432727;0.5835852552622782;0.9479459530385907;0.4661301235536379;0.1706287826097037;0.7373619792325661;0.7170606588947519;0.7405950017225746;0.697973988082915;0.6645431345734647
0.18258618874226512;0.7295209165648622;0.5849101517349165;0.9478600326223083;0.46413796122488993;0.1844703543690837;0.7373619792325661;0.7201466783781135;0.7527070490128486;0.7096840207107054;0.6754007382798906
0.17975057361212798;0.7297025126291805;0.5862063470168901;0.9460132926844664;0.46354295660213474;0.1818119492302936;0.7419001105009655;0.7208068800929658;0.7605908730428578;0.7208906219592116;0.6863322642414824
0.19429595692215768;0.7373130385974176;0.5873860355787999;0.9629024191126541;0.4628051018406969;0.1962477375620078;0.7419001105009655;0.7490459617555216;0.7716373736135591;0.7324320413047486;0.6979253640179011
0.20202900751021724;0.7267639581338523;0.5885162900144683;0.9345857400657609;0.4614327739332642;0.20415080489703802;0.7304535600711923;0.6828427098990596;0.7689875256344593;0.7410472095843924;0.7073102483479746
0.19509668761952803;0.7178492422491494;0.5897573264044063;0.9101489305515988;0.45945384949429857;0.19777198603990587;0.7304535600711923;0.6302605890229132;0.7570814688108733;0.7451627499966375;0.7129359793582826
0.1646738185549137;0.7391620167068376;0.5910430004951914;0.9610260325136037;0.4581029893816715;0.16807919662008586;0.7383488962556197;0.7170481693769546;0.7647722744371108;0.7502487439312335;0.7192549835248416
0.16345190840816207;0.7209033578763164;0.5921934463345369;0.9134443765499303;0.45710944723054947;0.16706881376836064;0.7383488962556197;0.6171920973447046;0.7527583044138922;0.7515157785869597;0.7222175856568407
0.17620972777605004;0.7066233037276715;0.5932844783883513;0.8758915272587322;0.4563111464432801;0.17982079782214483;0.7170163052188507;0.5487876700052884;0.7289590772435653;0.7469792231251408;0.7199622708698097
0.17067072827313975;0.7116914847954567;0.5944495455889784;0.8864655030901163;0.45481985263216873;0.17465355185737963;0.7170163052188507;0.5716637776295954;0.7132963827398249;0.7396973045294919;0.7148869227963018
0.18167036831163358;0.718526100307062;0.5956724019794382;0.9013427741478917;0.45373557140055465;0.18575643194168184;0.7305632175181982;0.6024252790552452;0.7057480228771369;0.7321114276177062;0.7090364640918138
0.12710803987491948;0.7263017136064973;0.5970296356426386;0.9183286639841939;0.4517915627714115;0.13209571540692389;0.7305632175181982;0.6366230378348491;0.7054746648543754;0.7259789766609983;0.7039869629197955
0.1691647668698286;0.7288935847063094;0.5983689213914611;0.9224171581698792;0.4518651066035355;0.17376052917894813;0.7459827416048785;0.6480635967066634;0.7063231373372771;0.7212708869304778;0.6998546379876581
0.17569794577069717;0.7461121933502821;0.5999390544528111;0.9625779528760847;0.45030699296780874;0.1805585007764392;0.7459827416048785;0.7192810119485284;0.7209670784559332;0.7209195073756416;0.6992546104506641
0.1689247925323904;0.7142008122296692;0.6014415733884411;0.8803191737585331;0.4482376446362031;0.1742573160831029;0.719049185582576;0.5518332359603245;0.7028344901794186;0.716409729167764;0.6951554562571829
0.15118138386833735;0.7080925809753356;0.6029320238988851;0.8624397664941124;0.4468432185582607;0.1568833038531579;0.719049185582576;0.5247473553951294;0.6820321604780516;0.7079506255190902;0.6875489835933126
0.08345230020299868;0.7197807640241685;0.6044435941534045;0.8889105291215309;0.4441438097105874;0.08983891595102368;0.7298630968950066;0.5774795679904895;0.6751025927328511;0.699567308175454;0.6797179683096839
0.15336564008257075;0.7236768250404464;0.6060230106187436;0.8958258873547666;0.4430963003950352;0.15977329982453475;0.7298630968950066;0.5946407724305199;0.6722347693828155;0.6921918533842373;0.6725147678010103
0.14868369178479687;0.7235447551754874;0.607650236614627;0.8926094991196587;0.4416639817331127;0.155368608807414;0.7245911042504916;0.593939720211067;0.6690220918907285;0.6855422657015863;0.6657901953350812
0.1371428851282026;0.7095948756892394;0.6091435495079676;0.8551664522773857;0.43982261928109145;0.14416257393731968;0.7245911042504916;0.5216658346279964;0.6533645111682542;0.6765711139067702;0.6570178091567833
0.15387497337019468;0.7190873972331362;0.6106029779767486;0.8762533263279373;0.4380884206987363;0.16124840627821063;0.7226510109573097;0.569536486411876;0.6488520359575083;0.6683418446839708;0.648717802131507
0.193203828815041;0.7102552250140319;0.6119834975116216;0.8517749291362449;0.4379014792816518;0.20072015685789385;0.7226510109573097;0.524294763916311;0.6369286682272783;0.658977798042877;0.6393647928069811
0.14631578174089138;0.7202430085515235;0.6133809592587753;0.8742070204391779;0.43725888129325075;0.15382549454912214;0.7288002631778725;0.5752853104807676;0.6359668436011451;0.6512622550065418;0.6312940146482305
0.15956089593684267;0.7211344801399941;0.6146910022850318;0.8741062766922905;0.43645473202028384;0.1672738707110175;0.7288002631778725;0.5798230913177178;0.6355653226162806;0.6449961824520324;0.6244371258939605
0.16398083143761769;0.7001683890778221;0.6159429466746569;0.8195916941035544;0.43623606169276874;0.1717556357496921;0.7133048223971117;0.4717464353477563;0.6162909925117884;0.6354883858917466;0.6148895156095907
0.1454807689953156;0.7108825568725852;0.6172686167642958;0.8439628966544839;0.43501779060319956;0.15340757036748814;0.7133048223971117;0.52960646067215;0.6104469877871739;0.6265192767934507;0.6057093603167467
0.10662941350761673;0.714299864628388;0.6187256470203795;0.8499012875984167;0.4333678522399349;0.11461055645337402;0.7230474648041771;0.5475990685415464;0.6087434001073057;0.6189466983074274;0.5976698829042372
0.1231729504844788;0.715818668075412;0.6201382716607147;0.8511832311896061;0.432284061300535;0.1314464225253748;0.7230474648041771;0.5559062238129505;0.6086253617081354;0.6128611079550568;0.5909234824062463
0.14374462812548208;0.7197477465579292;0.6216551798725276;0.8582918417329473;0.4319146611380382;0.15224177403128808;0.7207952695464397;0.5780771209104254;0.611880960736902;0.6087518691920388;0.5859506282083649
0.16388288272845924;0.7059629544028789;0.6230470715772878;0.8214404928373118;0.4317416930490572;0.17257308789562326;0.7207952695464397;0.4983287103835504;0.6020881930382822;0.6031807210562264;0.5799134596330718
0.15924011391434875;0.7161818602040477;0.6246770825943675;0.8440364642952634;0.4306169627097749;0.16811906544913813;0.7222629922986732;0.5580312081130316;0.6033969360314608;0.5990290125993178;0.5751604446184414
0.13403791104787977;0.7124013603196091;0.6263378835680107;0.8316606302770387;0.429016894068865;0.14297858008553355;0.7222629922986732;0.5359155216444071;0.601016715861194;0.5951525581465145;0.5707740867779371
0.14966317887638136;0.7103212599465114;0.628081771007357;0.8233785060608207;0.4281957946936372;0.15892396502210993;0.7147219340199578;0.5234219868746605;0.5972761158818298;0.5911790546984456;0.566429659869712
0.15409290924807223;0.7035031531680254;0.6297683334270694;0.8033805977974728;0.42632536491749073;0.16377225484211078;0.7147219340199578;0.4825863625438197;0.5883251606071372;0.5859128126667624;0.561089311131128
0.1732908562431283;0.7131607620431208;0.6314425953364968;0.8244980792806631;0.4249995797495305;0.1834980228318977;0.7225582238867658;0.5465234973596216;0.5899542472308894;0.5820797359657608;0.5569868731689268
0.1768806764337854;0.7160002641397298;0.6331235877138166;0.8285979654704247;0.4244646709438824;0.18725419165538604;0.7225582238867658;0.564665737949085;0.5938285520601392;0.5799167956045448;0.554383332947327
0.16591531844349705;0.7011093868656513;0.6346408053724288;0.7887654800865028;0.42410966435995845;0.17620650471951932;0.7001037528152438;0.4720839045281715;0.5837487608465437;0.5758357498533124;0.5502994603560263
0.17342553571822114;0.6841053917522371;0.6360591547785588;0.7438378865663843;0.42406378701706204;0.183836123212903;0.7001037528152438;0.3854713208205446;0.5609836991713956;0.5672619062983401;0.5424419435502701
0.1842096885965664;0.6946709809489215;0.6374980050351633;0.7676377046237262;0.424707085422912;0.19463332477935336;0.7026005685316865;0.4574751197177809;0.5529037687153376;0.5585185226134262;0.5342636049693749
0.1834089578991961;0.6954303826724333;0.6390311592039568;0.7668117157016952;0.4245296696831311;0.19386108356382425;0.7026005685316865;0.4625643447623351;0.547755256714791;0.5503231386630064;0.5263953228363009
0.18269638104006836;0.7159837554066097;0.6406306123495726;0.8152380270037165;0.4243108592721261;0.1931872810298556;0.7155570176548487;0.5872875818776805;0.5624548064393845;0.5471948921344382;0.5227177689381804
0.16345925456134894;0.6994750222867894;0.6421800124753472;0.7713132043483972;0.4242018392962206;0.17369556059305302;0.7155570176548487;0.496634636821388;0.5597841065482654;0.544069464870695;0.5191882016196723
0.18358771429341025;0.7124178690527283;0.6439037085110169;0.8005369888764627;0.4247399350012606;0.19399524084973346;0.7262612715202739;0.5666922647895157;0.5695621664962326;0.5438494502119403;0.5182409360239026
0.17237013837703885;0.7239904909697228;0.6455966919518223;0.8263976616470484;0.4249258608130444;0.18258039127659353;0.7262612715202739;0.6231571622879515;0.587771177004675;0.547919935366606;0.5211601044883293
0.16294012640280917;0.7125499389176873;0.6471620285877786;0.7950855717935073;0.4246417714958115;0.17307814392594284;0.7158859899958667;0.5598193329031619;0.5920404956361085;0.5521719650847476;0.5246148908559818
0.16507051082700544;0.7035526793673852;0.648717540287846;0.7698849489940172;0.42449660997954775;0.17526881547629464;0.7158859899958667;0.5134638946726324;0.5874989816504917;0.5545144689818222;0.5267693956595261
0.1333106418823783;0.7152903886155775;0.6502998191360811;0.7963537900785808;0.4240087342055865;0.1431446258646052;0.7280073554841375;0.5745852294753873;0.5944304386295011;0.5580049471096503;0.5300679370699245
0.15478099892991035;0.7245352791626769;0.6519829776409987;0.8164260895010742;0.4239042319222255;0.1649507794446194;0.7280073554841375;0.619210475810406;0.6080686997514724;0.5639778886707916;0.5356579029543532
0.16838362591428996;0.7164129824677254;0.6536567753802269;0.7931979304434427;0.4233340570980304;0.17887468792668265;0.7290280132601157;0.5734002133028393;0.6114581060709962;0.5695466804424291;0.5411634136041925
0.20679176349304684;0.7254102420180271;0.655341945289341;0.8126490225111498;0.4233336368475611;0.2178689455294287;0.7290280132601157;0.617947867873298;0.6219083677445085;0.5764388041996357;0.5479773188633111
0.16844484385751402;0.729570442764222;0.6570907065157803;0.8199227484870613;0.42317278598044417;0.17897095205000602;0.7460080471695725;0.6380795425105947;0.6334968523025469;0.584655036850278;0.5561177631523169
0.13852885936279466;0.7454848614917289;0.6588450377846145;0.85650384610528;0.4225037122124786;0.14871846791599763;0.7460080471695725;0.70943155721398;0.6562326991561943;0.5965302167787073;0.5675782842200037
0.15075040954804017;0.7296199689635814;0.6603986154421837;0.8141774726001716;0.42196169416972507;0.16124181570178014;0.7376825163853531;0.6132058118569248;0.659358536226207;0.6067593326424818;0.5779731752078231
0.14940361479711148;0.7291412157031067;0.6619234145473878;0.8102781131327567;0.42130270641302214;0.1600016630091607;0.7376825163853531;0.6104250691961143;0.6606821067704154;0.615251293296873;0.5870791147196285
0.1824221246544247;0.7313864034074022;0.663406360972941;0.8132470340986009;0.42087804331381484;0.19367790171314775;0.7332034314345721;0.6218899192100331;0.6629858131589017;0.6225821058397933;0.5952602165222786
0.16513907492341634;0.7186086439726611;0.6648479188890422;0.7788192997568426;0.4201654386014064;0.17624343743135396;0.7332034314345721;0.5445833407691386;0.6527548227130417;0.6260608014586171;0.6001590558578277
0.141161230921428;0.7206392181463994;0.6662859181669485;0.781332677812713;0.4194051704816071;0.15197689208730358;0.7473829828512626;0.5563432448524019;0.6459064875612971;0.627246667664062;0.60291691848012
0.19480284149205268;0.7571070096080827;0.6678953509718526;0.869434868755878;0.4201094752472474;0.20645518282029685;0.7473829828512626;0.7268676878432871;0.6722199186805522;0.634331877664428;0.6103997786377009
0.20403450733023654;0.7428269554594378;0.669295133570003;0.8313342424976111;0.4190220421371136;0.21611917763869481;0.7537852907187621;0.6437710651960299;0.6793670985105514;0.6416668290875077;0.6181215125770312
0.18463821419913462;0.7474494007329877;0.670531450896247;0.8406700584643136;0.41736989745888553;0.19672979567605936;0.7537852907187621;0.6631571069593422;0.6881214013586914;0.6495763684725533;0.6263538683683045
0.17368999723294895;0.754085911447155;0.6717809970731752;0.8550058661958325;0.41583125542823507;0.18589362844750962;0.7680070180766081;0.690886350288444;0.6998149891685688;0.6586310446021056;0.6355912962035776
0.13810033376022646;0.7640241687852871;0.6731442649489683;0.8773750955967572;0.4137203373210432;0.14992298864033943;0.7680070180766081;0.7306554541363595;0.7165960558492925;0.66978827368226;0.6466780491943772
0.1490803840568886;0.765790603229108;0.6744108306998755;0.8795338117426044;0.4124323046535734;0.16141851635031979;0.7811237357761636;0.7376561210796309;0.7299500474543286;0.6818283219242819;0.6586503482241879
0.16347639558545166;0.7779905570046552;0.6757741759373701;0.9075440047039374;0.4113508250917546;0.1764008309677878;0.7811237357761636;0.7845508678200953;0.7496873290033549;0.6960632632682555;0.6726190506684253
0.18537282951782297;0.7743091095189354;0.677211556321677;0.8958116130364062;0.4101499593757878;0.19914020456940335;0.7872898583731898;0.7577315640382413;0.7601658319472793;0.7098948927889672;0.6864434267625052
0.14845351231827453;0.7815399346254166;0.6786370230041974;0.9113176403673333;0.40911334155156465;0.16143426525281207;0.7872898583731898;0.7862298471670452;0.7729144881237101;0.723933291987726;0.7005703303537156
0.12927760378277914;0.7885231287351004;0.6801200467914508;0.9261039126455635;0.40791583783935215;0.14194292052571955;0.8089261161862829;0.8127066488671751;0.7870776295108288;0.7384669769695581;0.7152123865416392
0.1545067425442667;0.8096708158615908;0.6816697563640246;0.9761008107263822;0.40757270333118534;0.16797101483182725;0.8089261161862829;0.8820554188617945;0.8147052900134872;0.7565369315158672;0.7329213660988673
0.17633461238022707;0.819724634331561;0.6832881631261176;0.9983056109600419;0.4068831773737147;0.19059086969490763;0.8248095756256797;0.9100509856392599;0.8427631514224114;0.7775362282419954;0.7533003882144872
0.15950947286453449;0.809555254729752;0.6849791351627257;0.9699411678478669;0.4049132532989661;0.17367776670530094;0.8248095756256797;0.8308528976750383;0.8529662987919606;0.7967151267950422;0.7724111220058134
0.16574880563792768;0.804668669726285;0.6867797287281046;0.9545585310189177;0.40215035160955925;0.18071213355129379;0.806581133858002;0.7942075994159478;0.8537330437751514;0.8122370571208738;0.7885570033194993
0.20313093048824982;0.788935847063096;0.6885933964207673;0.9121001200689793;0.4007437732888801;0.21972112395795373;0.806581133858002;0.6853591556146682;0.83751262058866;0.8208718600596611;0.7988239285324963
0.20780798135056577;0.7817875656222135;0.6903608791785856;0.8911351267367311;0.3988683355279745;0.225043715799977;0.7991244274615985;0.6404670914948336;0.8157545000495027;0.8227055227358709;0.8029943130166085
0.19097059824622836;0.7972232310892458;0.6922107521468068;0.9263526151923756;0.3977056425629675;0.20786319746401727;0.7991244274615985;0.7082529701510676;0.809863986438954;0.8227987347570636;0.8050899684760053
0.10272126001219462;0.8014164493016804;0.6939718912452308;0.9336867325151972;0.3947870030538201;0.11672248988926114;0.8134642474546823;0.7254203727575307;0.8065371037115477;0.8220974468873595;0.8059362022634267
0.1257367579467012;0.8056591937134745;0.6956454568993591;0.9412997480582828;0.39219622895245565;0.14115198159985842;0.8134642474546823;0.7429764409914196;0.8053004451004588;0.8212480172338583;0.8061445193641847
0.1933752390560683;0.7975203882854025;0.6972679638315484;0.9181214118618488;0.3907755372201831;0.21205971272098645;0.8010982615077049;0.6853691552717782;0.7947734674076281;0.8181134923397695;0.8040154245749733
0.21624381392683723;0.785353451976095;0.6988232434465154;0.8850154244990138;0.3898923458381194;0.23618198329051826;0.8010982615077049;0.6062960792686068;0.7735279009893188;0.8106512247514234;0.7978300735041238
0.23232699197065454;0.7750024763099681;0.7001802450246175;0.8567905677500334;0.3890660283528984;0.2532276381958485;0.7832915791515891;0.5455015215478833;0.745731528886983;0.7981990591328922;0.7869466266277672
0.22072741608856522;0.7730214283355896;0.7015991359626459;0.8493320991538079;0.3883259672764967;0.24129605626819434;0.7832915791515891;0.5341151775239193;0.7205163541175618;0.7823569323695565;0.7726039193895361
0.22729977447309713;0.7466239640769965;0.7029661945617351;0.7810664068740727;0.3875083699885131;0.2484041171054805;0.7531695219778829;0.4026938249031311;0.6760331107577288;0.7593093584122992;0.7516159287093449
0.22474086444633268;0.7424472545976819;0.7043529803943014;0.7681885011581422;0.3872203233126943;0.24580360744462743;0.7531695219778829;0.3849498405746903;0.6365980698625773;0.7316747106612909;0.7260012563981856
0.2064930199301136;0.7319642090665957;0.7057051855470085;0.7396427467521804;0.38741531953044017;0.22663349893562512;0.7375306829971908;0.3419517087549675;0.5959944236877586;0.7000978751360785;0.6962754645993099
0.18323020150498193;0.7264998184039353;0.7070213401475582;0.7236784314500562;0.3863074342308015;0.20252886361279132;0.7375306829971908;0.32054526352893487;0.5593731016150812;0.6662960014087592;0.6638763801246161
0.26832069386865565;0.6771882325750318;0.7080301367143695;0.598896183431579;0.3862731137758102;0.29176614310709204;0.6881004799622099;0.17751403959706713;0.4875397174370071;0.6225023432818183;0.6224319199954929
0.28196984648988555;0.6845346188133519;0.7089638150705695;0.615562959900694;0.38644853332586204;0.3060210572647373;0.6881004799622099;0.2251414807634763;0.439007979487958;0.5761494006932801;0.5778449967056432
0.2170323010355627;0.7061775679334366;0.7099441425318145;0.6678053180620087;0.3856126551424648;0.23816219602986005;0.7113562939156988;0.35215768354823984;0.4219200080624341;0.5350819856363569;0.5367219218685008
0.19934276416154678;0.7010598606662923;0.7107429020833735;0.6536236455181663;0.3852800268960299;0.21968614783975626;0.7113562939156988;0.33609347714745164;0.4060127791691108;0.49851835185495624;0.4988309950847872
0.23782681198990147;0.6743322217453032;0.7113813681927206;0.58582708420146;0.3852100902137674;0.2600978713670394;0.6860760347867161;0.26108204619121345;0.3721143842670549;0.4613620494115376;0.4602498517773462
0.3403693156078819;0.683428533694324;0.7121125909802601;0.6072176992763462;0.386858382596027;0.36709347322749225;0.6860760347867161;0.3118563649054333;0.3561656568619245;0.42791762791330235;0.4245823591059072
0.25681172054253787;0.6659953115197936;0.7127273070477353;0.5626453166784987;0.38714709466842234;0.27942857293792384;0.6821199315062714;0.26529300931852273;0.3310166409819528;0.3952971252646781;0.3896412017299883
0.19334340572559178;0.6840228480866375;0.7135355820883831;0.6061753995299357;0.38570097778275847;0.21328457577208043;0.6821199315062714;0.3606395202439764;0.3302840573794972;0.36902987838834683;0.3600702505423735
0.22756423598782494;0.7162644038696468;0.714373099851596;0.6851060664206003;0.38468341131314254;0.24947414036532256;0.7171090922893946;0.5012737907943493;0.3612509814521115;0.35523783225308414;0.3412594903766111
0.19875752062432506;0.7022319807177992;0.715118866638718;0.6487834163165346;0.38437060488050867;0.2193033275173189;0.7171090922893946;0.45507692743166295;0.3758067069127874;0.3475987149290403;0.32847159691642974
0.2098183786060429;0.6917324264535938;0.7158035176829114;0.6213808426569338;0.38357832768329914;0.23113187399664248;0.7025583925905305;0.4221481662250901;0.38046091065049564;0.3425728211605828;0.31890013118084914
0.18536793208236507;0.6982863935021624;0.7166623872752993;0.6362038987555542;0.38210640041464705;0.20578823333519491;0.7025583925905305;0.45061755512639223;0.39237532554213495;0.34133064953019265;0.31347531224199615
0.0664361607044471;0.7040809588272192;0.7174547258057662;0.6492509002428279;0.3793616395371642;0.0809716009761761;0.7145701006317955;0.47600841603274013;0.40917105072313564;0.3442538188899428;0.31252946869137177
0.11059633622853393;0.7094462970911612;0.7182691124207068;0.6611882107306646;0.3781336326450564;0.12777912390176221;0.7145701006317955;0.49981229330609156;0.42922043556137707;0.3512680422826683;0.3160269914256786
0.16045957534337144;0.6915508303892759;0.7190487636323879;0.6151702788927309;0.3772358025383127;0.1806468120078037;0.6923518148307481;0.43352596547757394;0.4310340325083901;0.35730236730557463;0.3197344728670274
0.15661263979117335;0.6784924224914981;0.7198585085453346;0.5811634996895336;0.37614574286274616;0.17681814507133714;0.6923518148307481;0.38981146887670604;0.4228143584733728;0.3602129290859719;0.32162117301106563
0.16273198539584746;0.6737709248192294;0.7206950979681488;0.5679029324391023;0.3754400372622082;0.18345170132824395;0.6904454622904908;0.37441833743867803;0.4141951794638017;0.3605313122977558;0.32183461651232204
0.17982893257945476;0.6925413543764649;0.7215060806682936;0.6132811277589927;0.3746194281791946;0.20175193705494682;0.6904454622904908;0.46694010421854637;0.42612194230373907;0.363567441898639;0.3246124582117994
0.17888372753607573;0.7222570739921417;0.7223852190260569;0.6858380369957399;0.3741174039727677;0.2008710863769984;0.7295088189892955;0.5873065002253112;0.46368280950477647;0.37475586084065293;0.3345927806459713
0.19433268768809214;0.7205071482814405;0.7232720161921127;0.6799000578109895;0.37410266018547045;0.21725180962467272;0.7295088189892955;0.5800673080508014;0.49309193106267635;0.39056505449920914;0.34911601023054584
0.1690962027734177;0.7161323340046883;0.7241513092732768;0.6674284211560784;0.3730272742554561;0.19074791241022188;0.7241187337095423;0.5612356962347657;0.5134594956003645;0.40796229955634955;0.3657162898538354
0.1703009718960666;0.7160828078053285;0.7252383958803961;0.6653762133856878;0.37166709859075997;0.19234332571873053;0.7241187337095423;0.5610118325921536;0.5303335336809717;0.425815265503647;0.38336588889080137
0.15313056318059048;0.7492818701092876;0.7264964518443136;0.7459489759000104;0.3692970610483848;0.1746167411977375;0.7537431147776061;0.6878416238966154;0.5736612387167133;0.45020202939459286;0.4070789425906188
0.20578534050644381;0.7409119424175383;0.72765409232175;0.7230189304912074;0.36855269240467314;0.23087668347411178;0.7537431147776061;0.6476035228487564;0.6004848721449043;0.47596694108246584;0.4326860283320375
0.18294370153069345;0.7280186218509592;0.7287769973959275;0.68886831007992;0.3671192530748326;0.20689578079792925;0.7443969262174082;0.5884579644740565;0.6100747863643108;0.4988153203930356;0.4564640711893272
0.10122999091525722;0.7438835143791063;0.7299050083422984;0.7264370807262117;0.36478132967248467;0.12012199357664617;0.7443969262174082;0.6473923061932039;0.6314679516782765;0.5220830928385507;0.48095388688472135
0.18721426525000184;0.7513454617492652;0.7310447009053562;0.7430265837218961;0.36431355587930403;0.21215906762491682;0.7698796298639401;0.6735336631003203;0.65443887565461;0.5460543265970758;0.5063175248699973
0.18953320093932813;0.7704295572357776;0.7323081721882678;0.7883843283356745;0.3640936598212534;0.21469520755816895;0.7698796298639401;0.735403708589946;0.688655097933444;0.5732108290829062;0.5346010739798318
0.17840867629665724;0.7689767887212335;0.7335134674728474;0.7826224448283873;0.3638633275432157;0.202851784607267;0.7807272819292961;0.7276865975609184;0.7131425936765798;0.6006467243717315;0.5634118291063224
0.16076321634176263;0.7740284610558983;0.7347472318629946;0.7930333640231166;0.36384413610511857;0.1839771380470862;0.7807272819292961;0.7442975813278553;0.735477032663199;0.627804022665312;0.5921971600591152
0.14962644811044695;0.7699012777759431;0.7359926778698265;0.7805297474049564;0.3632645056453647;0.17218726476004537;0.777808706801292;0.7200573122771886;0.7477583723911491;0.6523939746924601;0.6189279891309485
0.17562203552109937;0.7673919503417306;0.7372852371519034;0.7719777836705102;0.36374369624296077;0.19989926923592555;0.777808706801292;0.704859607160696;0.7534531554794004;0.6733940084032595;0.6425619192619502
0.17182407432348049;0.7595833195760551;0.73851954307395;0.7503117017018827;0.3638249446670214;0.19581601003106996;0.765080007760373;0.6574544228299126;0.749239434860191;0.6892113597091328;0.6615649670761029
0.1588826011259204;0.7527982302638092;0.7397982546117432;0.7311197434136374;0.3628693651416244;0.18218514089584925;0.765080007760373;0.6174550188587111;0.7382152041120995;0.6992942959200708;0.6752534593834925
0.14281411538847683;0.7633803281936142;0.7411546372962445;0.7551070491525188;0.36178991679040706;0.16520523615286464;0.76395812772562;0.6659040830615317;0.7373287875179497;0.7071539249629266;0.6863983590901337
0.12877561664834208;0.7468055601413144;0.7423974530052813;0.7115614567051683;0.35996532933628433;0.15051749693674393;0.76395812772562;0.5716548814934788;0.7203956369619378;0.7094926727611317;0.692216355061983
0.1399148335973867;0.7518902499422193;0.7437629643703723;0.7218209857734468;0.35778461463031963;0.16293367651921853;0.7512462990611635;0.596430888113895;0.7102245256787559;0.7089916809167025;0.6948348355855375
0.22607786432634552;0.7334169775811401;0.7451099089274855;0.6733554200959349;0.3573431765332138;0.25575996932827666;0.7512462990611635;0.5016170274530064;0.6846481408417624;0.7026262558976539;0.6917165032000689
0.20674768657392556;0.7370158814012608;0.7463237913607554;0.6801781325128897;0.3572154904322975;0.23499083132743043;0.7527983736957089;0.5207812737184384;0.6667995974375427;0.6933714830103366;0.6852559705196914
0.17907472751893472;0.7513289530161451;0.7476099296217398;0.7135958215776095;0.3563635376684504;0.20541566230939917;0.7527983736957089;0.5931239773657732;0.6646775552190434;0.6854727863181868;0.6790704826588467
0.1508361146685538;0.7456499488229271;0.7488644269474629;0.6972056100267199;0.3552224876026111;0.17524867742721767;0.7490615853092759;0.562435486025591;0.6572332619705263;0.6774177561530748;0.6721088558323862
0.16376534427746908;0.7353815168223989;0.7500123198507098;0.6695576278937756;0.3547403902726025;0.18930365452349224;0.7490615853092759;0.5091339432718973;0.6416480952229794;0.6673391379301601;0.6629205634284173
0.16597653638672108;0.7441971803083827;0.7512314628795735;0.6893825973000685;0.3539205866696551;0.191883045400497;0.7638569054668451;0.556420459438962;0.6367277095063979;0.6581287673485393;0.6539580631546333
0.17097681798925993;0.765790603229108;0.7524597345890269;0.74106153164534;0.3537463228083937;0.19732358582276782;0.7638569054668451;0.6570070056325619;0.6515111919350017;0.6542081053389521;0.6490814792882361
0.16368943402787128;0.7661703040908638;0.7537594111474952;0.7397027263399059;0.3527534810747204;0.1896877772688993;0.7745780297087324;0.6586400496034884;0.6628163226760564;0.6537080288442343;0.6470307021004648
0.1242650785915955;0.7648000792419185;0.7550121291541196;0.7340625862978624;0.3509481901213123;0.147433334162816;0.7745780297087324;0.6500431439859765;0.6697209390171965;0.6549181831924722;0.6465420999822177
0.1577268063578507;0.7748538977118895;0.7561778152483467;0.7570705914454012;0.34978360602919323;0.18392569699216055;0.7846580796450469;0.6964976184946948;0.683195040481876;0.6590285822948001;0.6486805181183866
0.1466806406825066;0.7758444216990785;0.7574781880621142;0.7572340598412373;0.3488895231558007;0.17215104250144392;0.7846580796450469;0.7010230861607206;0.6936530413476185;0.6647557967623334;0.6524720226281201
0.14713365346236443;0.775250107306765;0.7587393384940286;0.7535142273778139;0.34823389740285204;0.17278681435791765;0.7872898583731898;0.6965547549435466;0.7002282382760971;0.6708709604578157;0.6569118376695684
0.14754993547628784;0.780598936837587;0.7604346427858313;0.7638474613399313;0.34553823578852993;0.1738353809449717;0.7872898583731898;0.7234357036446559;0.7089386063052017;0.6777944236854765;0.6623178654337034
0.08309233869684138;0.7802687621751905;0.7620877849511842;0.7600909823091786;0.3435942972011319;0.1040150603348189;0.7921316564179133;0.7206301798954248;0.7142038111987181;0.6845610850501002;0.6678685673563258
0.14567911513136145;0.7850562947799382;0.7637755851580956;0.7690375485944463;0.34280884907404796;0.17240217380516087;0.7921316564179133;0.7460588113111244;0.7212325267113601;0.6916135706732721;0.6738805877207912
0.1458774612674073;0.793558292336646;0.765449614982423;0.787273127552565;0.34196950382427915;0.17280446284437345;0.8058219669171915;0.7886969620545449;0.7328454263762703;0.6999637866282834;0.6811739779133479
0.17060216417672885;0.7985604384719514;0.7670663197871184;0.7968811163395388;0.34219398761661934;0.19973706776684214;0.8058219669171915;0.8123155348654283;0.7448246291994542;0.7094376118760424;0.6896221184013012
0.1300513985851309;0.79778452801532;0.7686260090189809;0.7921786892113065;0.3414703513293922;0.15563246559100696;0.8131858862430517;0.8042611968669688;0.7518480155952104;0.7186545858101172;0.698076434530017
0.14154323088714593;0.8087463268068804;0.7703058409708023;0.816539186023466;0.3412194267783599;0.16823662653586285;0.8131858862430517;0.8555796221592992;0.7652816665700757;0.7291610071811627;0.7077735698701826
0.12230120697296859;0.8038102156040541;0.7720839996432076;0.8010728248272119;0.3401856106239318;0.14742379113143933;0.8145861274894344;0.8031476982776441;0.7695349197563867;0.7385580392732952;0.7167280734724364
0.1288196935674634;0.8054610889160365;0.7739481071642116;0.8018831669002722;0.34164104306166454;0.1542524549685511;0.8145861274894344;0.8115272385169271;0.7723682551532864;0.7467364229778718;0.7247609581754486
0.1816262913925123;0.7843464192557859;0.7757965102601339;0.7459397799449117;0.3406139859356174;0.21217550518400585;0.7989388533205117;0.615125940561454;0.7539380442843084;0.7489810472452031;0.7278630603409341
0.15709748590150766;0.7943011853270376;0.7774991639134279;0.7677480560848948;0.3390214467822823;0.18574040421591448;0.7989388533205117;0.6750016693043458;0.7465156466436851;0.749045780090577;0.7289048714122903
0.1283838218117083;0.8062865255720273;0.7792784830113315;0.7944849523978937;0.33720183229204603;0.15468680195237267;0.8122664507258475;0.7381206422168428;0.7495966863582598;0.7498160911617393;0.7302390626613423
0.15319912727700138;0.7984448773401125;0.7810041904511982;0.7718646871481184;0.3360290182949037;0.18216480492112747;0.8122664507258475;0.674262679822862;0.7433499306621864;0.748975543199774;0.7300195145608777
0.16443874165293343;0.7970251262918078;0.7826509115954581;0.7654019895105724;0.3350714425797774;0.19473392727877853;0.8003475297551264;0.6628279772751687;0.7355415389030092;0.7464821211342;0.7281830041493684
0.2026583279665603;0.7843794367220256;0.784207042189125;0.7311003907320153;0.3346865281707896;0.23682830421413797;0.8003475297551264;0.5668650042854944;0.7166778337825964;0.7400882062209321;0.7228391262497457
0.20621631482674097;0.7638590814540889;0.7856233028293564;0.6774060324367421;0.33487784719692937;0.24068349936419092;0.7705881856753631;0.4427354961874118;0.6824083842694622;0.7269811457653391;0.7115425026830038
0.25259992604872455;0.7593026711130184;0.7871874790398139;0.6632663593296124;0.334551627770151;0.29175560166483333;0.7705881856753631;0.41889997872471474;0.6505673945586198;0.7090699064576516;0.6956729725576009
0.3006584601973177;0.772460131409515;0.7889551938827313;0.6929473338043861;0.33526706917322713;0.34430133635353743;0.7851894965036141;0.5091858282162375;0.6366463336863984;0.6914944046337954;0.679408959716725
0.2463777342994341;0.779278238188001;0.7907121554493615;0.706835833809602;0.33649132883198374;0.2842829089976691;0.7851894965036141;0.5517337240912005;0.6313214170274969;0.6761921870981756;0.6645064748132705
0.2606023355869699;0.7735497077954232;0.792503775057551;0.6893691465000741;0.33711364973524227;0.2996765885579063;0.7902421742541184;0.516413079058762;0.6217041079402441;0.6617075743920846;0.6499664674685577
0.251943669697363;0.7880773929408651;0.7942943116019414;0.7224272325445674;0.3362902039615612;0.2904560123999414;0.7902421742541184;0.6040745159477117;0.6267346094246874;0.6512930401687178;0.6385914083705617
0.19747194381662042;0.7861458711658464;0.7960797422741379;0.7144419866996295;0.3358996511921104;0.2307926435272208;0.8103516629973595;0.5912080945481081;0.6286383536161527;0.6434053822066383;0.6293321004662924
0.3153336255469823;0.8148380493280944;0.7978779376268199;0.7828154226323709;0.33752255344185134;0.35952508420391716;0.8103516629973595;0.7323469733440053;0.6551340061293975;0.6432742684594964;0.6266373930204385
0.2866542435053884;0.8358371578565058;0.7996666174904123;0.8320177627421623;0.33874450172302684;0.32764387561854136;0.842177628193773;0.8081841548192471;0.6937962168600943;0.6521857354473106;0.6318927937278727
0.34402280245949207;0.8274342126985172;0.801440830716122;0.8079114585992615;0.3414105006583923;0.3893233996170697;0.842177628193773;0.751605074022914;0.7155663100969332;0.664391880847811;0.6406583283457099
0.2860396153554191;0.8108264271799781;0.8031595756029977;0.763439133482994;0.3429402824083154;0.3254447488486613;0.8244806032846617;0.6503322544594521;0.7166028129668526;0.6743985184963919;0.648395687131647
0.20701704552411127;0.817809621289662;0.8048811828727689;0.7778021173206232;0.3432753270949487;0.23917110817078524;0.8244806032846617;0.6794146330938616;0.7222314943577726;0.6837164852235534;0.6561169509521314
0.2172796215261878;0.8188496714762104;0.8066652983960667;0.7772308700800965;0.3438889978427142;0.25017991873460554;0.82563622407234;0.6838282865369033;0.7261417069194374;0.6920827535949678;0.6634719438042591
0.24546191386880262;0.8120480734308448;0.8083821866021448;0.7572203345351214;0.34458832964446806;0.2806632298886151;0.82563622407234;0.6406253856948401;0.7217310136532534;0.6977471569245478;0.6688929993848409
0.24595410613232382;0.8038762505365336;0.8100794249364451;0.7338270600449205;0.3456133905807861;0.28087040854857015;0.8139450531838621;0.5907213429574182;0.7096404360599372;0.6994590535561549;0.671172476256667
0.18203277853551986;0.8041403902664506;0.8117454091439829;0.7315301300664905;0.34548749054436434;0.21136410815396894;0.8139450531838621;0.5921549557811189;0.6991258242226607;0.698376473513358;0.6710698388676202
0.17277417680231746;0.7984448773401125;0.8134865115621315;0.7142354208425908;0.3447170313506849;0.20148132272250857;0.8107734224089209;0.5560292725328098;0.6846989936478649;0.6941459492839968;0.6681838693682643
0.23417822257374926;0.8033644798098192;0.8151581431737611;0.7235400803644136;0.3453093743871347;0.26815354525864793;0.8107734224089209;0.5857696940545031;0.6767524287024843;0.6889083230365269;0.6641761585654848
0.20331703303565085;0.8223495228976128;0.816868610358747;0.767857721280758;0.34536537276216617;0.23455538698045736;0.8297272903644846;0.6868196496199642;0.6864037252041675;0.6869689868716794;0.6626015898226629
0.19353685442617974;0.8165549575725559;0.8186790288600139;0.7501929778039849;0.34499968481214793;0.22401138347294897;0.8297272903644846;0.6466551851322145;0.6878338402338487;0.6857510329878131;0.6615285687272977
0.2925458583612691;0.8210948591805058;0.8204943985100752;0.758295575016209;0.3466258790238981;0.33118522065781675;0.8364332650083086;0.6701068517099776;0.6919395271596654;0.6857341511628309;0.6613991944550418
0.1940045595124113;0.8309340641199192;0.8223243895214192;0.7795897011891056;0.34657818059563494;0.22409691504221413;0.8364332650083086;0.7185585958635727;0.702777869688838;0.6882482398151808;0.6633665221098022
0.19085550851296718;0.8292501733416975;0.8242167340628899;0.7720324103888488;0.34603122460986735;0.22081907629566733;0.8373020893961245;0.7053796008113051;0.7085841678732571;0.6916135890996794;0.6661533150770991
0.2718248089387992;0.8244791494700694;0.8259560571619411;0.7570467094127598;0.34749177009497645;0.3083651471653425;0.8373020893961245;0.6674433962005696;0.7076535942246192;0.6940888507988701;0.6683415638853328
0.32232961209862454;0.8229108198236865;0.8276205714971794;0.7501818603060313;0.3487434510968537;0.3627188708045537;0.821941611627063;0.6547775850793817;0.7042857935925821;0.6952836602664823;0.6695472685387216
0.2874745639445904;0.8007560999768875;0.8291425855811867;0.6922234611598541;0.3502363208472248;0.32437316972703567;0.821941611627063;0.49997758122013825;0.6808538789518112;0.6907749850754581;0.6660706061131397
0.3288138166449139;0.8146894707300163;0.8307630037474776;0.724101033625354;0.3522171364133022;0.3683638416829927;0.8282258268593266;0.585833260263344;0.6738616815646306;0.685537404730141;0.6617531994748271
0.32081385582439753;0.8212764552448246;0.8323766914458766;0.7376672634429772;0.35433180175384527;0.358889002484336;0.8282258268593266;0.6226089698747325;0.6733370034867615;0.6812249810417426;0.6579655462712575
0.28836589719793226;0.8290520685442595;0.8340268938666324;0.7541333759366834;0.35681460650547714;0.32298586849018945;0.8381456082192469;0.6640391431042122;0.6789358863995731;0.6790807494395403;0.6558089615797882
0.2446342472764137;0.8263281275794894;0.8356400400331325;0.7444773485783048;0.35784611128232413;0.275574437504616;0.8381456082192469;0.6441285827213167;0.6799897659984372;0.6776111378876667;0.6541795776184782
0.3797838761732419;0.8293327170072966;0.8373182473892551;0.7489939350617344;0.3607442285602218;0.41967946969596365;0.8412244519236447;0.6611841519953664;0.6825332582824069;0.6770286127858347;0.653286989825649
0.20246243054824342;0.8320731667051868;0.8390414018930246;0.752771962823088;0.36162906592329014;0.22918666063170973;0.8412244519236447;0.6770596208289853;0.6859814099214647;0.677366731137701;0.653196451406991
0.22165303139011255;0.8445207514775315;0.8407266491638397;0.7808286845721522;0.361746140699857;0.2497267736056385;0.8594950696324788;0.7441801933374442;0.6986776138772377;0.6805980890952207;0.6555544078106715
0.18967032913214993;0.8526430481724829;0.8424039281795639;0.7981114527797308;0.3623603017398369;0.21528514929604697;0.8594950696324788;0.7829640477822928;0.7146523332717745;0.686908616558818;0.6606209254410516
0.26184628419328215;0.8660481394657773;0.8441787602988731;0.8283974387480757;0.3636968032947636;0.2921764963246461;0.8962218791912342;0.8394739552871974;0.7376822509021437;0.6973278121561445;0.6693319675312283
0.30626847251436784;0.9029946841879353;0.8460314182882898;0.9172622076990191;0.3652835289832739;0.33912750266815894;0.8962218791912342;0.9500188210865735;0.7867817845625159;0.7171135995337808;0.6861021263629448
0.4905173405945977;0.8751279426816785;0.8477831192593261;0.8446494364663824;0.36947283080716087;0.5337276039617314;0.8921982944049396;0.7553701527236942;0.7984686971715385;0.7356677173435139;0.7025809428160904
0.2758284624256508;0.88604021527388;0.8496230125682587;0.8686024289399739;0.3711929159779228;0.3046145934496784;0.8921982944049396;0.7902970683200401;0.8149810499734389;0.7543618333945931;0.719691856752767
0.2633277584193037;0.8397167101396636;0.8511866472468164;0.7502886431876095;0.37243468607289953;0.2909281602510403;0.8452817774628643;0.5605182570399397;0.7845043841452884;0.762209707282465;0.7283635852485051
0.400490233289338;0.8296298742034534;0.8527432420106829;0.7223684882343939;0.3756543299806685;0.4350967673241381;0.8452817774628643;0.5214967628823086;0.7495840115167555;0.76034427703388;0.7289815524418533
0.3063321391753208;0.8261630402482911;0.8542740753284797;0.7110055818074907;0.37770931975457356;0.33468029624135803;0.846260259297686;0.5080704984266605;0.7174304056734903;0.7513534371378102;0.7232675098606584
0.19883587959165183;0.8450985571367249;0.8559501165570049;0.7552607725810105;0.3783996511921104;0.22091489934900338;0.846260259297686;0.5850418615620969;0.707608736944809;0.741870268128331;0.7164180431493183
0.2129282501218237;0.8554330240697325;0.8577018175280409;0.7779290764021918;0.3774730689490937;0.2360477370013812;0.8731010282494451;0.6234572992669793;0.7077944491789386;0.7343270426010158;0.7105228132347652
0.2155483780918122;0.8683593621025518;0.85957010258084;0.8068551590406123;0.37542056565713167;0.23937972854795697;0.8731010282494451;0.6688957177365357;0.7181091219006076;0.7306979320166214;0.7073811057165025
0.21232831427822818;0.8760194142701487;0.8613942914646913;0.8227243579713562;0.3744260079007089;0.23624064269196876;0.8886639505360558;0.6947121458730644;0.7315880242828073;0.7309380387878421;0.7071984965879031
0.21606995496808096;0.8782315845082045;0.8634550524268629;0.8245857839867409;0.3729313170649706;0.24061857516354057;0.8886639505360558;0.7022972836873987;0.7425779153570232;0.7336930607331331;0.7090716507639998
0.23955560670654813;0.8915376234027801;0.8655134151763377;0.8541216819758748;0.3718187389684251;0.26587427553783294;0.9092205042555523;0.746988830477843;0.7612965640456689;0.7402624271504995;0.7141586344191446
0.22323245432529254;0.9029451579885759;0.8677282806447288;0.8786446864124424;0.371237427506794;0.24869994443313737;0.9092205042555523;0.7824550902785484;0.7841794079158447;0.7508543950529354;0.7227640332797169
0.3207771250584631;0.8919503417307753;0.8698764603277978;0.8474102817915155;0.371674172806993;0.35220703303677375;0.9062007068687739;0.7192162732021335;0.7902662052377101;0.7607474625337612;0.7311776707991429
0.3499609429522231;0.8966223132036846;0.8719039557590098;0.855465938456826;0.3737753200907741;0.38236265525216795;0.9062007068687739;0.7353097904235113;0.7969696847935779;0.770225225245007;0.7395275172685003
0.2584009383486337;0.9009641100141974;0.8739443705941059;0.8626751554939935;0.3745153461463031;0.28503906019470454;0.9175122942868463;0.7505062838259033;0.8037881389622248;0.7793975572029687;0.747829093450594
0.21226219889954623;0.9097467560339414;0.876104541340661;0.8807482268277029;0.37389242988821336;0.23631581960745174;0.9175122942868463;0.7808090013568817;0.8145435191040218;0.789243669343864;0.7568170923993067
0.25350840032616917;0.9074850595965263;0.8783402944680265;0.8711405125468519;0.3737368321519625;0.2800969404903333;0.9211900363556609;0.7655302894165357;0.818500506557628;0.7980433623508479;0.7650939341341346
0.25097152875896533;0.910423614091854;0.8804776435131094;0.8746777984389377;0.37485312246098657;0.2770619079048741;0.9211900363556609;0.7765264673031675;0.8216816859538696;0.8058249949809496;0.7726057778673487
0.3027961907747008;0.9110509459504077;0.8826255911110779;0.8724316520931378;0.37672134592216966;0.3312960127166672;0.9270862329292875;0.7789874957223294;0.8221762693881155;0.8121656421690662;0.7789503949241942
0.2376480555956873;0.9183973321887273;0.8846447314786992;0.8871726308611874;0.3775939610007564;0.2621381992537494;0.9270862329292875;0.8080532585161537;0.8264982205717766;0.8182460758749945;0.7850127494455654
0.139706692590425;0.9213358866840555;0.8866299100600612;0.8909798935245645;0.377230794553554;0.15870969255877;0.9363311992307102;0.819545843489916;0.8298741981723176;0.8238977296704206;0.7906513279433375
0.23198662020632893;0.9262059629544028;0.888692218256232;0.8994678973325139;0.3778694001624967;0.2560757111827215;0.9363311992307102;0.8387052619981948;0.834177515816872;0.8294226231616175;0.7960982107425024
0.2655952710363218;0.9201802753656683;0.8906989033901676;0.880878479982739;0.3790287661446221;0.29121221251429247;0.9290178910342384;0.7841739922691858;0.82952933548162;0.8327585425727317;0.799701533953206
0.3042629726943486;0.9130485026579058;0.892675958993038;0.8595828440261711;0.3809408707589723;0.33134229786671965;0.9290178910342384;0.7225593933926271;0.8169433539876719;0.8324921196457575;0.8002509912837814
0.3368015338767854;0.9254135437646513;0.8947998471023357;0.886655461326755;0.3832946235956629;0.3647192378196509;0.9344164115022222;0.780997541469211;0.8155118121041264;0.8319451335016501;0.8002931704010667
0.3160559972770259;0.9183808234556077;0.8968362391290361;0.8655016077823592;0.3859300142885158;0.3419477274387525;0.9344164115022222;0.7220534122142717;0.8056932692137213;0.829217776465943;0.7983469932238708
0.3902203111340746;0.890794730412388;0.8987364745638979;0.7933253012841948;0.390247387442916;0.4178840106230657;0.912476486912805;0.5362015809555272;0.7712517999877684;0.8190038458451293;0.790129632363572
0.2904105765016149;0.9100604219632182;0.9006380251476576;0.8380039177513783;0.3925406242120302;0.3128169246724068;0.912476486912805;0.6346420725492085;0.7593160845341529;0.8080491904909953;0.7807928417891954
0.2939538710554218;0.9063459570112586;0.902460434712411;0.8255060657617849;0.39466075280867385;0.315795454981489;0.9174110720280724;0.6125353410068387;0.7448406531232254;0.7959096718821906;0.7700583660006546
0.3245554965142503;0.9041668042394422;0.904238051852917;0.8169170437008255;0.39668807609335155;0.34690898926969105;0.9174110720280724;0.5991733299300429;0.7298971923964453;0.7827131142329797;0.7580756427357155
0.2574238999747782;0.8997259550302106;0.9059860394623573;0.8027394887488177;0.3981903314375368;0.2767025117554952;0.9093976432084077;0.571363711104018;0.7127585897118323;0.768158999485157;0.7446514051110605
0.2359412993386013;0.8951035097566606;0.9076679601800759;0.7882262128092241;0.3990907530888408;0.2541566368989836;0.9093976432084077;0.5424472630080904;0.6939349747436241;0.7521258797922319;0.7297164995160373
0.3347152263717104;0.9056195727539866;0.909406200215328;0.811371333764857;0.4019703093043452;0.35550219513216347;0.9108906715253346;0.6050625479034162;0.6873841898746446;0.7377716850173595;0.7158016261654292
0.30072212685827066;0.8921319377950936;0.9110645256145742;0.7747884518568431;0.4041173339310229;0.3196185000770766;0.9108906715253346;0.5214997722161132;0.6693105314578152;0.7220733975804008;0.7006464803388044
0.4103512195838649;0.8904810644831112;0.9126817719511688;0.7678015847787458;0.4079259588714874;0.4311303242823821;0.9090518004909276;0.5117865637854161;0.6528755500225082;0.7056819894915182;0.6847637396448676
0.272277821718657;0.9036715422458479;0.9143851992214627;0.7976789683840315;0.4095772980696495;0.288558746036665;0.9090518004909276;0.5923767077207064;0.6510275985936487;0.6921379049528943;0.6709866000324618
0.2548209130288924;0.9075510945290057;0.9160979872574448;0.8043165264214887;0.4112451320987309;0.27013441931915555;0.9223625275198013;0.6144597505076502;0.6524008680732355;0.6816228955018702;0.6596206410773539
0.1423096795363108;0.9126522930630303;0.9177642809117814;0.8140835915063422;0.41112290925391526;0.15473159771824418;0.9223625275198013;0.6433864423248413;0.6573618521339233;0.6743678318251766;0.6509878953750181
0.23655347877084165;0.9168290025423445;0.9195694388174553;0.8212984359190159;0.4124724385733898;0.2510545731929368;0.9354876804075882;0.6668628209408692;0.6642601817041098;0.6701725302991149;0.6450514336947566
0.251434336409739;0.9290619737841315;0.9213709607232325;0.8486135793786616;0.4134133443532344;0.2660328305335828;0.9354876804075882;0.7306473500090928;0.6797173896466479;0.670421042082108;0.6429976150306177
0.264130937834403;0.9374814276752401;0.9231960779474826;0.86637522351661;0.41483704788053677;0.27860731837010233;0.9480476756838829;0.7698881571250993;0.698333968983124;0.6749613969243309;0.6448329488365959
0.24802082389556707;0.9329910522666487;0.9248226850497661;0.8522894908625149;0.41505214607906304;0.26206986131118754;0.9480476756838829;0.7318136701178933;0.7078047716261309;0.6808023529207261;0.6482823276779084
0.29937043467188407;0.9441509558556471;0.9264327367482692;0.8772679009559954;0.4173320048749054;0.3138247912824529;0.9600172077839915;0.7840287841936686;0.7238329041055467;0.6892130152033354;0.6543006570212292
0.27628637264096656;0.9497474163832664;0.9281217747423791;0.8882298911912636;0.41864970022133186;0.28986076296939745;0.9600172077839915;0.8082448926218262;0.7398992602214627;0.6996883565936426;0.6624949992676872
0.35609498086327096;0.9542708092580972;0.9299195832865612;0.8963224689300251;0.42099939063681946;0.37032761762920424;0.9762886858820257;0.8274513472142434;0.754864160077223;0.7115585722561724;0.6723159909583177
0.31498101019401187;0.9714729091689502;0.9318944727618343;0.9357239797019199;0.42199083153559513;0.32816504407132807;0.9762886858820257;0.891943069926327;0.7800002167406778;0.7269166880361788;0.6853706856796499
0.23931318365138093;0.9731402912140519;0.9338240282809616;0.936459381603588;0.42313300226935247;0.2509414179336048;0.9947280073554841;0.8976147900138297;0.7990900497120215;0.7436550928685284;0.7000346923616516
0.26186097649965595;0.988691517812923;0.9358166335855143;0.9717118695898277;0.4248664303925138;0.2733299624473429;0.9947280073554841;0.9464349181010913;0.8254949525664473;0.7632036657608621;0.7173804842957345
0.1802378684401913;0.9869581008353419;0.9378357739531351;0.9638060932672992;0.4250847855321771;0.19052211381673628;1.0;0.9290512954227782;0.8420550203146204;0.7827044734113089;0.7351587310427183
0.318259843233091;0.985191666391521;0.939899938830103;0.9557380838264855;0.42695553049617563;0.329802488704569;1.0;0.9105788331428212;0.8506840006385259;0.8003174714944741;0.7518050337819884
0.29087093543465964;0.9830125136197045;0.9420051827697233;0.9465677950515334;0.4282693035048888;0.30166686690347205;0.9995360646472826;0.8869651098972572;0.8526360950029612;0.8148631150512025;0.7662226823233793
0.23033128702155115;0.988229273285568;0.944106249177548;0.9558517293611204;0.4292908973748353;0.2401942927474775;0.9995360646472826;0.9072962075986627;0.8558708172348155;0.8272539947679913;0.778947542968172
0.2006307896869804;1.0;0.9462039116705765;0.9814885423889623;0.4300810032779536;0.21000689898502872;0.9937663958971239;0.9487860557100437;0.8658655772855401;0.8394975620097456;0.7914469792017915
0.338848661898197;0.9599498134513151;0.9481034508501387;0.8782256528167349;0.43290249488695265;0.3485232662118253;0.9937663958971239;0.6160260435675194;0.8352466277479884;0.8421518150730363;0.7962931051406673
0.46103722785563334;0.9516954468914052;0.9498792886715468;0.854487049624668;0.4373321449583951;0.4695391376692097;0.9650698855344957;0.5670508454555132;0.8012559437935202;0.8363482995095604;0.7940051067125893
0.3198906892405792;0.9520916564862807;0.9516463846208651;0.8523401372420809;0.4397020424172806;0.32714809445422216;0.9650698855344957;0.5692767223294279;0.7726557928182691;0.8250356874079217;0.7866466036171311
0.27885507753864686;0.9589427807310065;0.9534687941856186;0.8661948729942525;0.4411341509539686;0.28563585041715983;0.9573601234911555;0.6083041747686452;0.7543093779993717;0.8117070569853582;0.7768729058229777
0.42875578203473746;0.9297553405751642;0.9550954786496018;0.7905098292407218;0.4450965875661894;0.43385211371429305;0.9573601234911555;0.44752763873856194;0.712356926979569;0.7912604825049135;0.7607682936591
0.44247349875237835;0.9395285105820976;0.9568138367279766;0.8118373079074792;0.4488300927352702;0.4459080857557754;0.951725417752697;0.5037880896009943;0.6868187992644911;0.7689475132648642;0.7423079777534001
0.35290919909789237;0.9381417770000327;0.9584741735314215;0.8054328055678622;0.4511306138458522;0.3561071350308811;0.951725417752697;0.49669527114900136;0.6645694929214592;0.7459084094704116;0.7224851851554157
0.36094099324888523;0.9326773863373723;0.9600877838681203;0.7889407522455977;0.45346373938867557;0.36322871250931066;0.9270356217999001;0.4681549438232344;0.641546869358209;0.7221080538471949;0.7014044563591413
0.3814930811480568;0.896671839403044;0.961486870210972;0.6966538527208771;0.45654200403440437;0.3824090360436136;0.9270356217999001;0.31859745946176365;0.5911903415418726;0.6913241966682371;0.6743211519117901
0.4894643919711443;0.8627463928418133;0.9627571493234752;0.6097836452546408;0.4625781315664135;0.48619789875943326;0.875117038236708;0.22369881273853326;0.5218304899820795;0.6505218007276736;0.6387122917878519
0.6007977922360956;0.8649915805461088;0.9640645620519348;0.613063993416246;0.4685972039335444;0.5922457877452834;0.875117038236708;0.2376227873146774;0.47033780146614956;0.6058713489090096;0.5991335550549858
0.48502241801080864;0.8646283884174726;0.9654567632034952;0.6096881171240759;0.47290977922842004;0.47716130553491526;0.8738011488726367;0.2366496140293083;0.4311252881510236;0.5610062942024652;0.558451822620674
0.5107731336485648;0.8605342226037571;0.9667949658885182;0.597102285922283;0.4778111954725015;0.49994671053393963;0.8738011488726367;0.22518372501545314;0.3986836559580971;0.5175485845335465;0.518105572212891
0.5229065299955677;0.8360682801201831;0.967980688663022;0.5339758972644361;0.4832398159302942;0.5091470018542723;0.8244046865905807;0.16411042428097428;0.35391322741985365;0.47234157021366635;0.47584388117233034
0.7780335327405803;0.7890018819955755;0.9689724656558534;0.4148237698145375;0.49242291905975955;0.7493654307922036;0.8209125186628534;0.08186623830723672;0.280020797505742;0.4189436125485173;0.4266815393091291
0.7209882045266995;0.7692409284511506;0.9698885055444739;0.3639109820566322;0.5007302902529907;0.689595886261841;0.767374378959266;0.05619720927344593;0.20828493580753527;0.35949583034713534;0.3720344827623816
0.8508755390239902;0.7476309967973056;0.9706522202459742;0.30865674272133253;0.5107179979267642;0.8062190502455873;0.767374378959266;0.03166825194559525;0.1374221826754939;0.29541180489679275;0.31287095260585973
1.0;0.7153894410142962;0.9712779990365368;0.22712993417892166;0.5229770543243772;0.9372106619744136;0.7226425757690778;0.0012592306157401811;0.058655466356633434;0.2257755130775117;0.24840759573430365
0.906529995567821;0.7139366724997522;0.971896041657109;0.22240993865886133;0.5339393928781553;0.841909974676698;0.7226425757690778;0.0;0.0018030487434673725;0.15680800992117966;0.1833954722227808
0.7861902114957502;0.7546141909069894;0.9726756155070899;0.3224843023673962;0.54336333454739;0.7244808587907924;0.768116675523614;0.216227048208525;0.0;0.10121352101860986;0.12796053829090054
0.8289986948334505;0.7637105028560103;0.9734078439967275;0.34387313315248835;0.5529103745832515;0.757747630169943;0.768116675523614;0.25775527583472857;0.013437818836125937;0.05987174410120777;0.08352860534240975
0.6602061330584239;0.7504539901607945;0.9740490951272727;0.3096711800963287;0.5601272308295744;0.5998206259652893;0.7668345269124681;0.23207367605351575;0.018909299530370016;0.028074318629535133;0.04707186098917593
0.5722726794114261;0.7653613761679927;0.9746195603024002;0.34584093029026874;0.5656519835822149;0.5174487364579617;0.7668345269124681;0.30049099919205136;0.042966515179067355;0.008246726556761952;0.020860141355273143
0.6030579586999267;0.7738303562584603;0.9750986613099357;0.36611416819429254;0.5714818731964251;0.5425781794381408;0.7898372852190194;0.338085955890006;0.07562118072101931;0.0;0.005015336312607976
0.5859585627985906;0.787004325288077;0.975651797464284;0.3979911916475469;0.5784696929369904;0.5240290980235207;0.7898372852190194;0.394948174570511;0.11879758688646269;0.0034717256980042466;0.0
0.5173846715167603;0.8127249314887575;0.9763765992307301;0.46085734850144444;0.5833661011963129;0.46063558639634766;0.8143583774071921;0.4945011909849244;0.18081342927541222;0.020711730746446833;0.007754734210456471
0.4848363154634076;0.7961006372370982;0.9769093892580027;0.41844793689433624;0.5877572633289438;0.42993508373804884;0.8143583774071921;0.44484618348645355;0.21946096251503605;0.04351666985436309;0.022119632797161115
0.5755221278377578;0.7916928054941064;0.9773525170750799;0.4066677811615244;0.5935031378701705;0.5081229097047425;0.7943501109227253;0.4319737391169297;0.2501557217135826;0.06891890133169243;0.04063260779755373
0.554666398940195;0.7779740482715352;0.9777514713615107;0.37174277897919883;0.598670327515199;0.4875008013876189;0.7943501109227253;0.3924232567175925;0.2660414540838856;0.09294537507652034;0.05988684450382087
0.6364976480066213;0.7829927031399606;0.97817595500891;0.38350715060998025;0.6053730423332306;0.5565851483269497;0.7973530379330414;0.4141366769183924;0.2867026106492473;0.11698491237284142;0.08060191909613817
0.4713291884704574;0.7925512596163369;0.9785354548283864;0.40671019235742073;0.6097211638136328;0.4100284831203214;0.7973530379330414;0.45548377877985347;0.31488182739760223;0.14278817640134972;0.1039177487885421
0.5147620948290428;0.776702875821309;0.9788400278409277;0.3666409454430061;0.6145283038691058;0.4462114498838871;0.7834687181044444;0.4048376183282527;0.3261770407879256;0.16606492792615474;0.12624275229306903
0.4592619075021365;0.7716677122197639;0.9791504803426618;0.35353149381290644;0.6184900750847504;0.396456901821814;0.7834687181044444;0.3893016786706577;0.33367138481544667;0.18643407422683506;0.14694168226254734
0.4153637447750485;0.766781127216297;0.9794271257815361;0.34085260503565024;0.6220349928557418;0.3571800671697712;0.7740128720972406;0.37391657850841786;0.33823373873551965;0.20379337119565055;0.16563812450536886
0.4274800000979487;0.7630831709974575;0.9796514747112721;0.3312311654486832;0.6260967486622027;0.3663954603021038;0.7740128720972406;0.3619755181286044;0.34149739376708255;0.2184419210182878;0.18232367611566885
0.49726355793788585;0.7603262125664476;0.9799171347887592;0.32388346007280994;0.631995279186395;0.4246129283148942;0.7763662896137524;0.35275172362862295;0.34453795297415274;0.2308698452709268;0.19720187182170268
0.4061320789368647;0.7741440221877371;0.9802606980980544;0.3577381628842463;0.6355692642815118;0.34507904584811805;0.7763662896137524;0.4296095272058127;0.3620168320815712;0.24488840867160827;0.21322860772224755
0.28916417917757364;0.7942351503945586;0.9807053731491298;0.4070603249164279;0.6369836522567449;0.24431584592504646;0.7869355804674778;0.5271487316330851;0.3961525687103187;0.2640640049296586;0.2333722730900301
0.48860978948373684;0.7609205269587611;0.9810774055639917;0.32330727172208235;0.6414793166727368;0.4138387914691748;0.7869355804674778;0.4053618059616104;0.39575282081648383;0.27931125731064016;0.2504713464758076
0.5249610041701662;0.7386502459801232;0.9813733140661438;0.2672359649137242;0.6465867256885103;0.44303552284748576;0.7478469182039795;0.3406674562354699;0.37806022307498854;0.2873829942047507;0.2616426432456895
0.4998836859078743;0.7400039620959484;0.9817504523531992;0.2699432815450085;0.6512974883030287;0.4200175805721714;0.7478469182039795;0.34731534158999244;0.3678981565779862;0.29147050295848803;0.2691399405000226
0.5956236516748006;0.7126985175157659;0.9820238486006767;0.20135326028176487;0.6569656515283109;0.4989973864328044;0.7227944091572405;0.2760131213587627;0.3384246828640355;0.2878670439837286;0.2697983360377974
0.4762951880247908;0.7169247531944398;0.982255701615304;0.2114829479541884;0.661045197937971;0.39674148892416455;0.7227944091572405;0.29781298760444963;0.3220228284744289;0.2811592241747971;0.26708154862364797
0.4323456022253947;0.7002674414765409;0.9823456732722984;0.16977682103243827;0.6643630053511893;0.3586786918609946;0.7060758660829514;0.2568651612072269;0.2975935925641805;0.27009586171846295;0.25994510622568034
0.6026392279682744;0.6966355201901804;0.9824124364193194;0.16059966960443064;0.6707530538200766;0.49934094496620524;0.7060758660829514;0.24823887130873723;0.27866453221897025;0.2568307530955778;0.250080737645941
0.5692705514757197;0.7015716313930067;0.9825025627997133;0.17275136937379085;0.6760965035160955;0.4693693043738352;0.700365243650412;0.27674875959546197;0.27183234202915973;0.2446253410507685;0.24020765616374545
0.5266408245322336;0.684154917951596;0.9824661254390561;0.1293754217100304;0.6808727551620763;0.43212579281318353;0.700365243650412;0.23266601547957133;0.2548015651061677;0.23088928867565622;0.22838945737192456
0.44334769098161747;0.6930366163700596;0.9825157916503975;0.15143994931519017;0.6844820062757404;0.3617898634724967;0.7151268230550563;0.2845645717659485;0.25321544390133915;0.21953054975413672;0.21788131436369712
0.45300298498691155;0.721580215934229;0.9825526931812538;0.22256764242612936;0.6883753116857645;0.3686059845118233;0.7151268230550563;0.4300948828081578;0.2811238905220145;0.21695204690034486;0.21418281932506977
0.513104312926536;0.7201274474196846;0.9826794890074049;0.21871920384440313;0.6931960398397443;0.4166773206885248;0.7368896086916177;0.42517605152730287;0.30531362707327925;0.22053049792900165;0.2156266593657839
0.6135066372494042;0.7370819163337403;0.982945149084892;0.2605355449742587;0.699616731572017;0.4969047556427815;0.7368896086916177;0.5026799820584724;0.3425813618506861;0.23208441302666216;0.22400867310165473
0.5725616281034436;0.7606068610294843;0.9833435618394226;0.31850437535308307;0.7050867817219062;0.4613003953737593;0.7604828301743551;0.5952574253053765;0.3954772702840562;0.2536633230489704;0.2413586473420361
0.4921530840375437;0.742777429260078;0.9838430089740346;0.27314827777603784;0.7086640587790323;0.3944289695790739;0.7604828301743551;0.5256159267545341;0.42346821814610697;0.2774541793448616;0.26157409878370624
0.47873166216510726;0.7521543896721363;0.9842001879425131;0.2959025020135029;0.7114193609391195;0.3826296478105655;0.7696265742170034;0.5616076586170466;0.4556710830218892;0.30399684770617275;0.2850339027076193
0.47904754675214317;0.7691253673193117;0.9845640973788847;0.3375857076740371;0.715455621550444;0.3816391014815038;0.7696265742170034;0.622649972394464;0.49751802391267974;0.33499004667374244;0.3131126110281222
0.5063752366073506;0.7805659193713472;0.9849046435818836;0.36551643111296306;0.7201861359370185;0.4022935446887721;0.767686480923822;0.6607867625365768;0.5415565266911962;0.3700547610896583;0.34553856484909656
0.6171233933350802;0.7288935847063094;0.9850537195776079;0.23637132003955033;0.7259204886112121;0.4897020164723213;0.7594874779630709;0.4732249613284496;0.5310349152863858;0.39565280291533467;0.37104900069327745
0.5497983480950199;0.7490177303793706;0.9853540376966539;0.2860319481205388;0.73038638528563;0.4339234800996285;0.74895192786227;0.541328368301174;0.5413359924764506;0.41853353561916334;0.39463687810441245
0.5728040511586108;0.7317991217353979;0.9855722750520974;0.2426982743996127;0.735508643151318;0.4506028993240467;0.74895192786227;0.4885318175286971;0.5348325217981948;0.4353214568353618;0.4132800399147475
0.4976626989277065;0.7795093604516787;0.985959315636741;0.36101000135606026;0.7402620261675956;0.3889759869164608;0.7915918043711145;0.6284586508583052;0.5726173293080237;0.4575635338636398;0.43628703873318725
0.5067572365730686;0.7847591375837815;0.9863452731575868;0.37341918786814554;0.7447401101056228;0.39483652948201836;0.7915918043711145;0.6417999948043058;0.6071463903959088;0.48340966764935406;0.46237691399747144
0.45850525372388745;0.8029022352824642;0.98676666233699;0.41792390470684704;0.7488828691900371;0.35526785611662565;0.8079898102926162;0.6869478179581199;0.6501254829500647;0.5141096664007618;0.4927235221386695
0.46693618886470095;0.7934592399379272;0.9870501156054559;0.39386838419657283;0.752773442972011;0.3608390008669001;0.8079898102926162;0.6533616108505638;0.6748562883661094;0.5444371005973215;0.5231198624517417
0.4388102170298523;0.7952586918479874;0.9873624247879875;0.3978024686884589;0.7566339688454318;0.33753539500332447;0.8102504407385851;0.6582246805759622;0.694943553426567;0.5733835698510751;0.5526140136875471
0.3542339553892604;0.8055271238485155;0.9877185980543688;0.42278197680642826;0.7590888269408567;0.27022575443845187;0.8102504407385851;0.6865111307046758;0.7186481659589175;0.6020688634982373;0.5820046107274381
0.4343731405049746;0.7915772443622675;0.9880085497056266;0.38747390133042187;0.7627303672989101;0.33240606594253336;0.8063196430228339;0.6315845808038938;0.7235140908217644;0.6261518736826922;0.6076006926811771
0.3006731525036914;0.8015155017003992;0.9883094093565719;0.41172802702018796;0.7642517440394474;0.22700623776592105;0.8063196430228339;0.6611891970776738;0.7346757736932406;0.6480212816739837;0.6311553694863388
0.2163686985310142;0.8057252286459535;0.9886794303672364;0.4215714048070417;0.7644568262684559;0.16077010189574636;0.8086055790334963;0.6738049771545287;0.7455803090965833;0.6680598389233546;0.6528972271764975
0.3239506632351969;0.7918413840921845;0.9890261655062282;0.38632728925753124;0.7662996595971199;0.2448615678971059;0.8086055790334963;0.6152424500937638;0.7401691221029653;0.6828287496669143;0.6699012051042985
0.2865734358203327;0.7923201373526592;0.9892752701799346;0.38707943603266115;0.7680430336480539;0.21522198933192144;0.8033504567654428;0.6169050765751444;0.7347294080301565;0.693375290447139;0.6828535766290462
0.3263748937868685;0.7949615346518302;0.9896223147657253;0.39305186573576106;0.7703731123749753;0.2459162646570957;0.8033504567654428;0.6266130260408408;0.7312405464805481;0.7009988907389016;0.6927360242880379
0.2664547709591872;0.791032456169313;0.9900178651373595;0.3825502222676068;0.7716637716078782;0.19882376681793762;0.8062521615169835;0.6078354185343209;0.7235133074663149;0.7052957127900376;0.6991905281425138
0.3176084843171873;0.8019282200283944;0.9904407241890607;0.4089761031440285;0.7737652340795111;0.23837373303867632;0.8062521615169835;0.6508552714740754;0.7256547456872166;0.7092325721267787;0.7046593800137646
0.3839564911833918;0.8023574470895101;0.9908335669011983;0.40934970597649245;0.7766582733309051;0.28946877358844836;0.8253831684254029;0.6525576372416929;0.72625396836255;0.7125218034455725;0.7090104745767049
0.3891991958410978;0.8280450358239508;0.9913103470577367;0.4725735443077592;0.7804066273499006;0.2926631863786337;0.8253831684254029;0.7455699929730634;0.7479598599070864;0.7202151879274843;0.7165250288862233
0.4324851791359455;0.8228117674249678;0.9917504577685183;0.45873994552700476;0.7841725618468607;0.3253232170927551;0.8335062546920735;0.7159571550855875;0.7586290035121124;0.7288580309901075;0.7246108552851043
0.31427577948807106;0.8234886254828799;0.9921130520559913;0.4597848530815777;0.7861544630599835;0.23331417829073559;0.8335062546920735;0.7184168970965623;0.7657525428672654;0.7374335757022052;0.7325066902195819
0.37307194087815915;0.8451315746029646;0.9927266076979682;0.5126779280058286;0.7890741181744316;0.2781646110456445;0.8573694021982101;0.7916136514787883;0.7885455486643624;0.7496095352339447;0.7432820490413871
0.3726140306628434;0.8478720243008548;0.9933816292110964;0.5183510087825491;0.7922409856274337;0.2770980059066972;0.8573694021982101;0.8001241560228536;0.8066505864988055;0.7635725524247823;0.7556055079391776
0.3837679399182618;0.8583880872981804;0.9940311580435313;0.5434276920678166;0.796536015465217;0.2847112587798855;0.8604566810908385;0.8323197736804518;0.8277479984210114;0.7796630629557701;0.7698215943807123
0.46155635601417316;0.8406577079274933;0.9945793430490859;0.49823218057232227;0.8009436724287673;0.34333927216601995;0.8604566810908385;0.7204577199257615;0.8259869685878972;0.7921247841720832;0.7812270295295447
0.4020892459663497;0.8437778584871398;0.9951427683095226;0.5050148150954203;0.8045678074132183;0.29689449289814274;0.8529746691297415;0.7317433241003766;0.8247633875337281;0.8018088115854423;0.7903384732943751
0.37018735139344283;0.840624690461254;0.9957567881216982;0.49606083714485144;0.8079007438433305;0.27176396979539524;0.8529746691297415;0.7118216006130765;0.8184308554955139;0.8080792329211228;0.7965144593575136
0.297923242494068;0.8445702776768909;0.9963448144027058;0.5048586211118271;0.8099608816854846;0.21623645995616614;0.8569307724101862;0.7277977763033135;0.8144411928560942;0.8121651465627956;0.800651462665073
0.8548204232853467;0.8475748671046981;0.9969883090225475;0.5112109672882034;0.8194231361891684;0.6363902986505942;0.8569307724101862;0.7402361230459255;0.8115009819407557;0.814748195160906;0.8032683224830975
0.49131317385651;0.8357876316571464;0.9975297635602094;0.48085072741377405;0.8243571918863641;0.35966803374550965;0.8330929304687431;0.6589497164127761;0.7963443928836386;0.813279987929;0.8022615662302611
0.43728711460243846;0.8097038333278301;0.9979448090802214;0.41505641375319424;0.8283291541758886;0.31789258840929624;0.8330929304687431;0.512873506310884;0.7591548693030421;0.803432507388302;0.7939673183895877
0.32045389431824023;0.8131706672829924;0.9984743499160977;0.4227638594023547;0.830566987924803;0.2294655683068611;0.8271798635186545;0.5312636710552658;0.7312419181747405;0.7890449841826415;0.7812870389685214
0.3857416064078045;0.8207481757849902;0.99898919202899;0.4407501868014167;0.8340031308659961;0.2778184596782777;0.8271798635186545;0.5712278994726099;0.7145477945010876;0.7736417532939451;0.767067818992185
0.45758208714006904;0.8203354574569945;0.9994860862275048;0.438839212430955;0.8390223573249656;0.33046921220370606;0.8332616342333679;0.5688475076367552;0.699772325967812;0.7578734030361634;0.7519521946391068
0.47607480342918423;0.8254861821903785;1.0;0.45077432686981167;0.8440694603983974;0.3429938011607676;0.8332616342333679;0.597450841603396;0.6915850873958462;0.7433493888192173;0.737377390613803
