Volume;Close;mean_close;diff_to_mean;mean_volume;relative_volume;Close_Filtrado_Wavelet;RSI;MACD;MACD_Signal;TRIX
0.3348485608378281;0.5509606587374201;0.6174553515913592;0.4758222383764851;0.7692674773750598;0.21572101002386243;0.5635986056515616;0.3442370462603404;0.38508704804509375;0.3418030516948758;0.3842860965729325
0.19325761755171453;0.5476303751143643;0.616095691881176;0.4727643853496294;0.754980014263736;0.12174048160192719;0.5498961655417931;0.3258609082202412;0.38496786674949895;0.34240061775826197;0.3813878732920211
0.16873737627035185;0.54312900274474;0.6148142103184178;0.4682827230874347;0.7469430798528511;0.10576730952844565;0.5498961655417931;0.3007587957821119;0.38271949854800513;0.34235911655676693;0.37836324971509394
0.18000355630126433;0.535297346752059;0.613437177686583;0.45995124792397024;0.7390394811136167;0.11406731791663152;0.5274048802195352;0.2583419291545905;0.3763418347283036;0.3408521618398831;0.374476887426083
0.184353186309152;0.5110704483074109;0.6119145325403963;0.4324633661273458;0.7336474243777842;0.11748460475410796;0.5274048802195352;0.14931927637272396;0.3545591779654641;0.3346130508113567;0.3670046425556691
0.09001545623241797;0.5023970722781339;0.6102563328871229;0.42331988147239175;0.7233322638969983;0.053533073121009876;0.5076207075576651;0.11687093157991363;0.3325692677923052;0.3245403225114627;0.3564436541823848
0.2063429824601398;0.5049222323879237;0.6084970959789917;0.4273865166611599;0.716579254860777;0.13408637098612738;0.5076207075576651;0.14017008230906897;0.31902962093042286;0.3133533914806798;0.3448330423067046
0.18323158360271555;0.5272461116193963;0.6068610696599297;0.45461919547474383;0.710384433133407;0.11868180056569369;0.5315026329451902;0.32360033013793293;0.32704872401133844;0.3062569050198762;0.33635754426500253
0.19985957169366567;0.5272095150960663;0.6052373872588817;0.4555934636529797;0.7048071163251002;0.13068726903924022;0.5315026329451902;0.32341078683098484;0.3351704386009622;0.30245648573397743;0.330602075807981
0.19159801029503623;0.5238792314730105;0.6037533740042562;0.4526135177096117;0.6951625887099155;0.12581867522866344;0.53198472150115;0.30533048803147295;0.34082056694357976;0.3007217847978335;0.3267257252218776
0.12881561489816667;0.5315279048490389;0.6023271942914405;0.46248637879139953;0.6870000557069733;0.08264649845839156;0.53198472150115;0.3669397747686927;0.3526679608118305;0.3020717257688666;0.3256187948999999
0.1332974663633172;0.5302104300091495;0.6008559821369781;0.4618614035849;0.6795782191237223;0.08630412801900361;0.5285730178743604;0.35875095055053513;0.36254064846144196;0.3054330641617553;0.32651598694378403
0.1273611788682755;0.5184629460201284;0.5992544730701415;0.4490734713921327;0.672827531211379;0.08260305896026632;0.5285730178743604;0.2885705017349787;0.362965514045594;0.3082203130284443;0.32736420509988634
0.2785176606832658;0.5379688929551696;0.5978890985831002;0.47282840091271516;0.6671860826100022;0.18973742412081668;0.5439071423273747;0.440226412003717;0.37932060602858136;0.314229454984003;0.3311390907157621
0.17652932352766848;0.5409698078682528;0.5965913870540627;0.4771644170280256;0.6600516355498518;0.11833668433083513;0.5439071423273747;0.4611138379886242;0.3956458112284319;0.3228092051578133;0.33740695565882656
0.1703741867240538;0.5160841720036604;0.5951327474086909;0.448863093624408;0.6478803496747327;0.11501769289399907;0.5328376474078471;0.3159266531572858;0.39093842927620154;0.3285852211132353;0.3418696908305586
0.1916481632615842;0.5410064043915828;0.5936489627451396;0.47905079957156893;0.6342183864647186;0.13147553231520537;0.5328376474078471;0.475008544834208;0.40699813726800155;0.3369171192588769;0.34865797729369863
0.18420728677010337;0.5253430924062217;0.5921354612419254;0.46161064015992687;0.6287016767798892;0.12664505442818716;0.5317065934880958;0.39329994735364243;0.4088397626818635;0.34400820150012973;0.3547686861094568
0.1863638643316661;0.5295150960658743;0.590670421046469;0.467426318015284;0.6224612922504722;0.12878396185189656;0.5317065934880958;0.41830370570141967;0.41433207977011255;0.35095023468186;0.36097211505269466
0.17495634412230027;0.5217932296431842;0.5890499389204633;0.4593762535486037;0.614982201278234;0.1212227405139332;0.5210635615219168;0.37811915859653306;0.41374077891081495;0.3563672231279704;0.3661080810604985
0.16907476895440182;0.5120585544373286;0.5875643255283203;0.4488787036834144;0.6074395802857837;0.11763046801848615;0.5210635615219168;0.3297536918470512;0.4068868674073099;0.3591170085754225;0.3691521443295879
0.17625576189195227;0.5220128087831659;0.5861075146115402;0.4614774534179371;0.60208328605118;0.12334976759420035;0.511848253356078;0.39564172860266283;0.40990635385654245;0.36201458137721304;0.37225213789180833
0.18083335992960345;0.49365050320219606;0.5843654220339847;0.4292721831469504;0.5993119501085595;0.12695118415204026;0.511848253356078;0.26623049734728627;0.3920156907409251;0.36019845620857965;0.37148344842012343
0.17801111572113124;0.4852698993595608;0.5826057279437027;0.42053599214169574;0.5932532150144736;0.12545667444653003;0.4930282578061256;0.23384362947423926;0.37286682402466376;0.35432062634421957;0.36717348304970426
0.1676294516457012;0.4932479414455626;0.5809630724834864;0.4309311457482562;0.5878345083378207;0.1183369161572149;0.4930282578061256;0.2879253350917766;0.3651655487715667;0.3478387479028432;0.3619897053131133
0.1476868084019897;0.4778042086001828;0.5793965378510233;0.4137819922072866;0.5824317916256601;0.10412915821878721;0.4874471556775193;0.22635468442964596;0.34903170552517265;0.33892502855660633;0.3544905368415171
0.20205262413999062;0.489698078682526;0.5779454417111038;0.4286542253064264;0.5769033903538905;0.14477644052506314;0.4874471556775193;0.30538417525009937;0.3468882361605711;0.3312987391032789;0.34764889487302864
0.17601411578040294;0.4996889295516924;0.5765887536848879;0.4412332118469744;0.5743955449551832;0.12576825806234979;0.5044129644737811;0.36757031795644884;0.3543093119819467;0.3269125734652226;0.3431785397630344
0.20717278608847892;0.5012991765782253;0.5751374289538944;0.4440328544482287;0.5719473610368921;0.14909127817589013;0.5044129644737811;0.37758920457903505;0.3628815370882879;0.3253845150337853;0.34096320766089827
0.1777147572824387;0.5066788655077774;0.5736943335015754;0.45125257834495297;0.5691941642475398;0.12752609357381922;0.5092338500333753;0.4119413884686453;0.3750726455730985;0.32697919575464984;0.34136191490247386
0.12466203739587559;0.5038243366880151;0.5724219955817924;0.44869854355285166;0.5642975385083049;0.08852745282118676;0.5092338500333753;0.39600435891415525;0.38381156971900954;0.3302743353080605;0.3433488428996025
0.1980221493737718;0.498444647758463;0.5713853350596523;0.4430323785562472;0.5502965192770197;0.1445821841911991;0.5051546391752577;0.36559557245719326;0.38786064319863545;0.33384610888223487;0.3458095061535258
0.13987662370229198;0.5040073193046659;0.5703834203808142;0.45019052148624294;0.5380816478535277;0.10202828001048689;0.5051546391752577;0.406032992042122;0.3963599444480984;0.3386675505391424;0.3495070403500985
0.25038640581044913;0.5167429094236047;0.569612154095986;0.46562500313275196;0.5309546799703169;0.18630286383054384;0.5263479937699316;0.4923698146986913;0.4136051137692408;0.3465097262448063;0.35590155565698744
0.2600340128300407;0.527538883806038;0.5689028359923034;0.4787436107956873;0.5241341004389846;0.19451912338195723;0.5263479937699316;0.5579600173996884;0.43605760488901585;0.35797179972367177;0.36557351477097577
0.11604484587081507;0.5241354071363222;0.5681023100499605;0.4752495353859267;0.5133928847752842;0.08592497863997686;0.529537194986279;0.5336054885597801;0.45173118442185634;0.3707633171300173;0.37675791739511466
0.21257106903327874;0.5264409881061303;0.5671730873327627;0.4785383886437817;0.5072176636495496;0.16041548833168467;0.529537194986279;0.5483398370743586;0.46617803745745706;0.38433491710380885;0.38898634602853865
0.22552877184503642;0.5409332113449219;0.5662328922439954;0.4961409499537209;0.5034618273125098;0.17081184835927712;0.555106430319662;0.6350676060885967;0.4885990149782598;0.4003732478189128;0.40358989991370364
0.2081211330922951;0.5601097895699914;0.5652115473238375;0.5192936749043385;0.4953789862293738;0.15837641948143236;0.555106430319662;0.7293377146510942;0.5205098647131543;0.420577887560197;0.4219900524964714
0.15224616899725982;0.576175663311985;0.5642324917524331;0.5387680111796663;0.48810931221144993;0.11594075845659899;0.577690424979604;0.7943568315661576;0.5571693530887365;0.44521289232232253;0.4445026970948831
0.12194465848109462;0.5694419030192135;0.5633357289677923;0.5314245525032879;0.4807316629494296;0.09306888925149523;0.577690424979604;0.7388399239561032;0.5801068283961401;0.4702212994357934;0.4679083928703755
0.13534917863118875;0.5602927721866422;0.5622003171015377;0.5213950179852219;0.473117173084316;0.10416657063396267;0.5660090484313569;0.6665825076797751;0.5902284649008275;0.4925669379689827;0.48962288574478613
0.10268135996607836;0.5622689844464777;0.560947409423072;0.5244999876122006;0.46951246770199107;0.07892010636833;0.5660090484313569;0.6762779556616816;0.5985012459632817;0.5123551271946232;0.5095093824896556
0.158291881146588;0.5530466605672464;0.5596005508130526;0.5145169968480567;0.465653040465958;0.12282319750345674;0.5530297411555294;0.6033184588800635;0.5968691727799317;0.5278085382849733;0.5259398666538178
0.08858837636609843;0.543897529734676;0.5581679705501541;0.5046736373456773;0.45967322358371887;0.06857168042910383;0.5530297411555294;0.5359078340111822;0.5875501391635515;0.5380178201930068;0.5379516077795682
0.0719421508327672;0.5511436413540718;0.5568707162032647;0.5139931289962296;0.4535830243659549;0.0558547011419692;0.5577579173774385;0.5794933028325362;0.5845572277657078;0.5454936422518148;0.5473740170642594
0.10334702661298778;0.5551326623970727;0.5557385046120524;0.5193854735082263;0.4473467662789872;0.08112734669315491;0.5577579173774385;0.6030940891250192;0.5841226893960256;0.5513738865543492;0.5550671354011971
0.17654756097004956;0.5694784995425435;0.5546707557038024;0.5368960930027268;0.44657856024296483;0.1392025689807923;0.5746124749684789;0.6817297706440264;0.593431050763107;0.5582290628119;0.5631218972337512
0.17957497640530892;0.5700640439158287;0.5536852995823187;0.5382008934395789;0.44310349392759596;0.14198699505465076;0.5746124749684789;0.6847875724433292;0.5999917299712565;0.5652292488614259;0.5709716132269582
0.1283870350022113;0.5750411710887464;0.5526221224955563;0.5447100016225859;0.4376963069027815;0.10181855114995064;0.5731662093006005;0.7114565918859466;0.6076041341417363;0.5725884758765695;0.5788471056411542
0.10109926183951962;0.5616468435498625;0.5514892251311192;0.5296951298191217;0.431963818664862;0.0805261384497673;0.5731662093006005;0.5935642708736075;0.6022356637170593;0.5772353086491193;0.5843059529325417
0.1618618604926845;0.5416651418115288;0.55039564543147;0.5069222019005034;0.4271388898631878;0.12958327145745185;0.5447786101016092;0.4502483175824927;0.5818393220945169;0.5762395780103952;0.5848842875996486
0.1084124762343329;0.5389935956084173;0.5491884559678724;0.504542169142293;0.42410595466277656;0.08700584828792396;0.5447786101016092;0.4330785070479097;0.5628270875412104;0.5710496367987384;0.5815744188905191
0.1847635287627263;0.53299176578225;0.5479209184606484;0.4982902689040319;0.4220515880957636;0.1485204867966772;0.5317065934880958;0.3943943453591933;0.5426291793314232;0.5622303410652401;0.5747480688838176
0.116482544487961;0.5218664226898442;0.5465342850036929;0.48609809676145677;0.4177088512878282;0.09402801256154608;0.5317065934880958;0.3274314646919548;0.5179067283189747;0.5494620280930708;0.5641011946225296
0.054525393358835356;0.526697163769442;0.5450312986898975;0.49271089010704605;0.41244574587854355;0.044427395084509956;0.5265148705777642;0.3665390434278039;0.5018356913789224;0.5355336744349846;0.5518528216403434
0.10212967733405068;0.5179139981701741;0.5436300354041856;0.48327754527382505;0.4093044915638324;0.08313493392976751;0.5265148705777642;0.31392733493869823;0.48256035137186387;0.5199368362675622;0.5376722534631116
0.11534726369973874;0.5171820677035681;0.5420833881951905;0.48338724532152927;0.4070395044967907;0.09402652982228366;0.5238819253875251;0.30957491532067843;0.46700610661415104;0.5038650830500883;0.5225767832671023
0.10846718856147614;0.5222323879231476;0.5406080614013904;0.4902404908604534;0.40161374848095344;0.08890270962052882;0.5238819253875251;0.35531321523166765;0.4588621629660818;0.4891257738913852;0.5081253171336082
0.0770851095842319;0.5337968892955169;0.5391889680118789;0.5047060031560956;0.39680008142846424;0.06372712353751775;0.5418119112957047;0.45206058752227646;0.4614810148318206;0.47793949216766446;0.4962736122438458
0.08367794500499251;0.5410064043915828;0.5375767151645485;0.514179876858116;0.39067833211947134;0.06954528663732037;0.5418119112957047;0.5067266459610331;0.46925050585127714;0.4707858446720964;0.48763248597782793
0.06584628571689105;0.5432753888380608;0.5360321252752236;0.5178112921448318;0.38532504674915447;0.05530700495921199;0.5466884224579109;0.5237096549564166;0.47727771961813553;0.46691785926084217;0.4817983185370846
0.10579084389205257;0.5411527904849045;0.5344921072073854;0.5162842273815613;0.3818762005368501;0.08836811146007456;0.5466884224579109;0.5052659373146042;0.48213614172729347;0.4649461575507179;0.4777769444102668
0.10498383706668976;0.536139066788655;0.5328748253564202;0.5114114543748753;0.37771580090465373;0.08805374043861627;0.5332641103611957;0.4616371951244143;0.482297697304416;0.4634061285264465;0.4744277963172425
0.11528799201200024;0.5217932296431842;0.5312269123014906;0.49560218810063816;0.3724127205841392;0.09701804086570406;0.5332641103611957;0.3510956786653227;0.47180916054594635;0.45975040896986685;0.4696579323029044
0.0862403056595343;0.5189021043000919;0.5297865599420657;0.49311045033301626;0.3651145053392726;0.07356295986953557;0.5249758955722017;0.33091202750565035;0.46164939449747167;0.4544781094880792;0.46373944067650263
0.0858755568119127;0.5226715462031111;0.5284591315733644;0.49836731671821594;0.3590990978909063;0.07371969340473947;0.5249758955722017;0.3683822612906245;0.456836496485433;0.4491481030149757;0.45784788055995973
0.0836916230867783;0.5141811527904849;0.5271339891154057;0.4892299901599346;0.3542965206525006;0.07226460889399192;0.5198583401320178;0.30640915605704494;0.44711306256460526;0.44263720184697164;0.45106432484096937
0.03639737563204136;0.517291857273559;0.5259018832247051;0.49365379495571726;0.34747508144565775;0.03312187072089726;0.5198583401320178;0.33895936104385144;0.442315791467066;0.4363199251001389;0.4444488805919137
0.0747507169594536;0.5213174748398908;0.5248501356916613;0.49903869246708665;0.3397479740886924;0.06584760884621496;0.536657272120447;0.3809581015417028;0.4421158929384421;0.4312199110503717;0.43884558510234467
0.0990566682928386;0.5433119853613908;0.5238543929718293;0.5254835645412211;0.33314712761779797;0.08688765544597962;0.536657272120447;0.5694878417723488;0.4589377307649009;0.431027098536482;0.4373044521644024
0.09757031673878055;0.5445562671546202;0.5228552213858837;0.5275703000439509;0.3268048715404077;0.0861709136988476;0.5482459393310091;0.578534597106489;0.4734096091815138;0.4342170174516871;0.43879229568363676
0.12122427950704193;0.5429460201280882;0.5219088543381085;0.5262728033961761;0.3238496510061297;0.10654037753963941;0.5482459393310091;0.5628151981499596;0.4837439281867778;0.43915701220521847;0.44208409789128605
0.07894988806769737;0.5526806953339438;0.5210212351964412;0.5382571755789365;0.3169702696698915;0.07111626251538922;0.5491544908403174;0.6362631721753562;0.499190151411452;0.4466783290215211;0.44786451976362907
0.07588599774767588;0.5366148215919484;0.5199740594848823;0.5200522664874806;0.31070461068047095;0.06897451268167587;0.5491544908403174;0.48800685414808426;0.49919990876738757;0.4526976372092689;0.4528590136527278
0.042812395989586416;0.5380786825251596;0.518764126928394;0.5225288238307451;0.29915564390727334;0.041312170388552026;0.5479492694504193;0.499831764507133;0.5002050626746365;0.45774535522872783;0.45735333242453347
0.07243000241646111;0.5488380603842637;0.517703235752375;0.5358247273932332;0.29276404245559084;0.06735892566964818;0.5479492694504193;0.5826686966470584;0.508919674048312;0.4637973064134059;0.4628543509792515
0.11117544875506657;0.5621957913998168;0.5166777761928785;0.5521488391916167;0.2881879037466033;0.10137217881385027;0.5673069791589409;0.6701728257772075;0.5255153596804805;0.4724738067245354;0.4706818822402971
0.16301537872328783;0.5629277218664228;0.51566786082644;0.553640817125007;0.28469289295939504;0.1468495600058097;0.5673069791589409;0.6746843248370018;0.5386687567318545;0.4824545005642792;0.4798351915604049
0.25715249693383;0.558060384263495;0.5147957858778254;0.5484730283242369;0.28172967744287125;0.22933569664505174;0.5674367722316989;0.6249453572002199;0.5447942857415521;0.49185454595334827;0.4887837691376909
0.0922541022846956;0.5673193046660572;0.5140935540974496;0.5597827308924639;0.2750149239668591;0.08608415926492644;0.5674367722316989;0.6863665829288488;0.5558920431181716;0.5019390576079074;0.49847291939456323
0.10667080048693972;0.5698078682525161;0.5132619397689941;0.5632252501440352;0.2689308284452183;0.09929739547150959;0.567714900244753;0.7021452938441743;0.5657034666792374;0.5122738956112943;0.508535829834214
0.08517341528024108;0.5561207685269904;0.512459356506981;0.5476597299287937;0.26382126108207693;0.08083330006419276;0.567714900244753;0.5637001280007916;0.5623167596470697;0.5197591640536037;0.5164243486601109
0.1013637047540453;0.5586093321134493;0.511658830564639;0.5510827724094921;0.2572535121183299;0.09573445334798056;0.5551805977898088;0.5822706598433234;0.560706739964449;0.5253753346513036;0.5227765711763004
0.07951980814210616;0.5425800548947848;0.5109362541786444;0.5327174663814463;0.25005991938306926;0.07699182004383745;0.5551805977898088;0.44347243996070834;0.5466796272426695;0.5266268788830866;0.5254800743458438
0.0698220481559666;0.5473741994510526;0.5102872841185881;0.5387522579091091;0.24266327129227094;0.06894921561075362;0.5513238893421342;0.4826999289456358;0.5386329056239882;0.5257686737991247;0.5261892247388712
0.048634699469746356;0.5462031107044831;0.5095649363236685;0.5378299755237144;0.23417517917357;0.05059130270017021;0.5513238893421342;0.4727729585154134;0.5309090846912403;0.5232972853151;0.5252610180235651
0.0;0.5500823421774932;0.5089347107317099;0.5427789370752797;0.22658476022274532;0.0072092711563445586;0.56940221019061;0.5065102500053906;0.5272973872927559;0.5204855816807343;0.5237138471443405
0.12486264926206747;0.5791765782250691;0.5085493061803703;0.5771763465501839;0.22220247834133522;0.12041386984536967;0.56940221019061;0.7038971124635329;0.5457768606803349;0.52250646475641;0.52578788743724
0.12184435254799866;0.5874839890210435;0.5082875694002507;0.5870930303664328;0.2169716967312385;0.1182650385479993;0.5970481346881256;0.7464943040999481;0.5658319363954929;0.5287575081765932;0.5312520597648396
0.09239544246314896;0.5963403476669722;0.5078635329573462;0.5977558463609302;0.21045776345443756;0.09214030520793365;0.5970481346881256;0.7885812794924865;0.5873028146284923;0.538719844228637;0.5398709702106413
0.11222866105257398;0.5777859103385179;0.5073741194671806;0.5762799854554348;0.2036952120200517;0.11095584586384405;0.5798041978788104;0.6229769707876016;0.589170378357004;0.5471212706337764;0.5474993186037408
0.14806067597080186;0.5720036596523332;0.506801041643806;0.5698507893176219;0.20003290837853505;0.1442494421882151;0.5798041978788104;0.5775899173463399;0.5851950396710115;0.5529237884995539;0.5531765676409178
0.1166968344359387;0.5866788655077775;0.5062759679460447;0.5874080957775936;0.19586554537470513;0.11592003965402556;0.5833642364458944;0.6596566294357691;0.591962991692904;0.5591297445414679;0.5591929550291154
0.13165609654901997;0.5701372369624886;0.5056500855844988;0.5683807227514598;0.18711490835515177;0.13075340700002128;0.5833642364458944;0.5375173741238193;0.5837610431355736;0.5621991989867368;0.5626915481341879
0.2243251006478851;0.5527172918572738;0.505056434564433;0.548302033732907;0.18311922255073276;0.21725452171632245;0.5578320848475853;0.430118078657245;0.5632681628986963;0.5599192574947457;0.5617407401007286
0.11050978210815715;0.5537053979871907;0.5045361612792316;0.5497879967811764;0.17750382211731885;0.11223557315833871;0.5578320848475853;0.4364980332347483;0.5471246239620065;0.5543648472230384;0.5578140891361231
0.10036520478368113;0.5589021043000919;0.5043157994835674;0.5560268647683402;0.17178603433062567;0.10338602889154905;0.5662315508418017;0.47095821095576423;0.5377152588242902;0.5477469981881484;0.5526213773676095
0.07145429924907332;0.5640988106129923;0.5039601117718915;0.5623505139934153;0.16438319657615308;0.07700598804903777;0.5662315508418017;0.5051565693278603;0.5336891850121291;0.5415223718034892;0.5473711975770358
0.10550816353514583;0.5609515096065874;0.5035422472879949;0.5589174467041795;0.1560978159427855;0.10991635637441399;0.5699770080842539;0.4827336973756459;0.5276961281297945;0.5351577921041516;0.5417205094418492
0.0880868467006187;0.5694419030192135;0.503129411807735;0.5691436106811182;0.14685140405643038;0.0943879511274899;0.5699770080842539;0.5406249955610465;0.5289202519593647;0.5303489994934686;0.5370916874729319
0.0933209926639888;0.564354986276304;0.5024866137066857;0.5635743999042206;0.14039300581759617;0.10004126852492318;0.5605206556404365;0.5016864146229261;0.5256466167083108;0.5257454921284397;0.532507728357288
0.0815715204099777;0.5473741994510526;0.501654770787157;0.5441604989032149;0.13611654999150646;0.0892446785964274;0.5605206556404365;0.38572604153057916;0.5100051465630738;0.5184482474665629;0.5256634405426853
0.04985660810927875;0.549387008234218;0.5010252309684216;0.5469178940970626;0.12995654512230437;0.059364805611394685;0.551546391752578;0.4013211057632931;0.49903471024961965;0.5100753978089221;0.5177750440701576
0.0766154954429191;0.5446294602012811;0.5003314570577952;0.5417672906823553;0.12472335642077881;0.08559426322821526;0.551546391752578;0.36992741123539835;0.48679345088299203;0.5005484017258596;0.5087730329569847
0.06775209844571398;0.5491308325709054;0.49962351050055887;0.5474953230687883;0.12042936321427855;0.07743532380114132;0.5469294667358886;0.407787736479342;0.480609750137864;0.49149787218832247;0.49996670232672863
0.1042588987320418;0.5357731015553524;0.498996713774714;0.5322063443576155;0.11687236982277627;0.11316922988675901;0.5469294667358886;0.3201106709205053;0.465906921994269;0.4808599116531772;0.48975229884378735
0.0766154954429191;0.5246111619396157;0.4983102547784677;0.519532551770617;0.11278444083609962;0.08675929762476234;0.5274048802195352;0.2566955782903237;0.44633673391947726;0.4678272543446647;0.4774421895573238
0.08548345180071945;0.5217566331198533;0.49768871564733264;0.5165707936941664;0.10743450820027278;0.09594387597785928;0.5274048802195352;0.24124945230489686;0.429379324996217;0.45348260193485396;0.46384691717073473
0.05885678592434196;0.5225251601097902;0.4969009908051518;0.5179665334656035;0.10103491176634427;0.07051342704267746;0.5246606838240746;0.2489386919642717;0.41736757929098445;0.4392311997820978;0.45009511287436105
0.06018355985756557;0.5184263494967984;0.4960252583993503;0.5137032688179617;0.0954776253974281;0.07231025471329508;0.5246606838240746;0.22472074841322404;0.40573304373330893;0.42514156374516215;0.43629736952256326
0.09243647670850638;0.5261116193961577;0.4953662303320243;0.5231384754013391;0.09120529601378768;0.10453035684699805;0.5420900393087589;0.3052414840756759;0.40332590562633835;0.41331361223398333;0.42419842177518735
0.10119500841202028;0.5492406221408963;0.4947734936762558;0.5506627329317964;0.0872816510171337;0.11364030384369198;0.5420900393087589;0.5000779075444486;0.41970761101610576;0.4076367437266407;0.41707119319210956
0.09690009073127584;0.5369807868252519;0.4941313813484314;0.536672253349252;0.08152835863186425;0.11005816689523354;0.538307498331231;0.41425646360005125;0.42419808183734486;0.40413290917140016;0.4119774598547924
0.07220203438669762;0.5309057639524246;0.4934453795343332;0.5299700959961331;0.07934134413360883;0.08573347657033556;0.538307498331231;0.37509779456554776;0.4239391379806765;0.40127000465087403;0.4077328658451517
0.08546521435833837;0.5141811527904849;0.49257947654472645;0.5108782777722636;0.07233266760061818;0.09970214079871678;0.5149632871022769;0.27919845732529264;0.41200995371412835;0.3962230791482251;0.4020296465980385
0.06230822189496146;0.5076303751143643;0.4916187082592689;0.5037897356558237;0.06618968430652039;0.07712250510481578;0.5149632871022769;0.2458397481694798;0.39867025353177143;0.3891029941342736;0.39481265165885737
0.09417815245589958;0.4940896614821595;0.4906782845794284;0.4884824258661826;0.059601303130525585;0.10991022524085611;0.49174886894607983;0.1827504722053272;0.37915802185257397;0.378898029835692;0.38514749218539046
0.06230822189496146;0.4819030192131746;0.4897463187693374;0.4747594654600233;0.05388446098689381;0.07829952229283943;0.49174886894607983;0.13295707550507507;0.35604321966972763;0.36539267830969846;0.3727187021727751
0.06984028559834768;0.48373284537968964;0.48871011542934895;0.47755681667646943;0.048152144684076026;0.08651744340797854;0.4796595713120224;0.1501178766218167;0.3408355258492911;0.3510741955698484;0.3594124582113755
0.07187831978443343;0.46839890210430024;0.4876028202652378;0.46024884152596446;0.043107052984208805;0.0891184099415665;0.4796595713120224;0.09062183969557192;0.31917983147747153;0.33461520065597417;0.34415839368852646
0.08373265733213575;0.45577310155535233;0.48654192908921967;0.4460910908524047;0.0389029818360882;0.10170065019885927;0.45742787213528135;0.04834781178785119;0.29474126702624376;0.3158007289885218;0.32672713599322395
0.0674876555311883;0.452479414455627;0.4853596560527249;0.44296506912749967;0.03496506622596263;0.08546890490600209;0.45742787213528135;0.03785582189235892;0.27536926347855006;0.29627265935413194;0.3083933339159219
0.02669505628530655;0.453650503202196;0.4841485805408654;0.4450986348072514;0.02977597887811667;0.043955689380377326;0.4490654898761406;0.05020057905568914;0.26352143812986106;0.2779124022199558;0.29070884765280175
0.08792270971918897;0.4380969807868258;0.4828110941648909;0.4276770928971805;0.023080654068637907;0.10786980538249147;0.4490654898761406;0.0;0.2452152299175809;0.2589939887330969;0.2723794301474649
0.07938302732424804;0.44395242451967043;0.48135108297307205;0.43546593949569756;0.015385440673105322;0.09990384129886543;0.44272417117852125;0.061691524696570965;0.23804391361530053;0.24220210657400285;0.25559486150045757
0.12308449862991214;0.43527904849039345;0.4800154253256972;0.42612038334294877;0.01017245434607239;0.14619925474868092;0.44272417117852125;0.0321099339388628;0.22882944413745437;0.22663931661608241;0.23975547550845866
0.12551919718778637;0.45892040256175726;0.4787353153093843;0.45467676651805594;0.007340425312423404;0.14917378497436073;0.46332418601201564;0.24965871443377413;0.24224891109150457;0.21729006180720717;0.22898108765503525
0.21216072657970445;0.4609698078682527;0.47759121698230533;0.45779949437729917;0.007765276949623701;0.23986093999058503;0.46332418601201564;0.266250740396119;0.25712569529265183;0.2132483927182906;0.2228177674229935
0.21882651176998938;0.4710704483074113;0.47633328030020294;0.47044550392349577;0.0025725789646342534;0.24800670410907757;0.47448639026922734;0.34629963079125564;0.2789866433743271;0.21506669629941877;0.22190994236684994
0.24236649052336898;0.4708508691674287;0.47505294169281775;0.4709898510270476;0.0;0.2733843396009289;0.47448639026922734;0.3450316307673728;0.2983641896322655;0.2209991122770138;0.22502058142708617
0.305308463541073;0.5145837145471184;0.4740359400030725;0.5229683400793127;0.0014798454234656866;0.3392563751970349;0.5240673440628942;0.6131023770053718;0.348394880599752;0.23730616223262593;0.2373304999993642
0.4231998504529725;0.5251967063128999;0.47331679248319336;0.5358782885131297;0.0018955845002568417;0.46315222500564757;0.5240673440628942;0.6603030240423071;0.39714053583132536;0.26161597266798226;0.25724746404442045
0.4744151480196417;0.5630741079597437;0.47271834105056776;0.5807204027910784;0.0008357765311337584;0.5174775529074651;0.5747978936438471;0.7945684402488209;0.4646824619931062;0.2966714432054177;0.2871840907615023
0.4401059595402341;0.576834400731931;0.4721989821296626;0.5972000423333346;0.0011948629917946096;0.48121481851807835;0.5747978936438471;0.8331503755326424;0.5281726482969124;0.33938716374502387;0.3248742595342792
0.2765024233001564;0.5640256175663314;0.4714238297965716;0.5826484598958246;0.0011315908742350889;0.3090382778357196;0.5876844915819923;0.7499215835687028;0.5679255001885289;0.38274584913930293;0.36463551725057236
0.24558995846422496;0.6013174748398908;0.4709565896406174;0.6267209553012412;8.295868674590423e-05;0.27675958851293225;0.5876844915819923;0.8505260404619799;0.6260382842452065;0.4308615287548048;0.40955475961031007
0.4967332181334889;0.6205672461116194;0.47037711126716264;0.6496827792550041;0.0011838591452624225;0.5408201744269426;0.6468145071571607;0.892271075338773;0.6844011944734617;0.4828406030285234;0.4588400280376048
0.798261971741083;0.6739249771271734;0.4702285270688398;0.7124165989634061;0.008603374604635228;0.8532059054041581;0.6594229770822517;0.9814713378043844;0.7677636775068675;0.5436873068570995;0.5164839538207507
0.7346771288794459;0.6176395242451971;0.4698104339938691;0.6466007234761111;0.015828947268879734;0.7822003069561424;0.6210413112808721;0.7198434741232871;0.7878912041502123;0.5970157488764434;0.5691871876252552
0.5115283432651405;0.6135407136322053;0.4693564521202269;0.642073233517747;0.020034135995163682;0.5479830523164653;0.6210413112808721;0.7035696626753736;0.7972145187247919;0.641832938702134;0.6155142385173681
0.7236161200753206;0.582397072278134;0.46883709319932354;0.6058367013109723;0.025949821084332747;0.7646184987294987;0.5716457761625744;0.5867833898842747;0.7777721364805812;0.6731939351177522;0.6508720480096146
0.6963739405185817;0.5512900274473926;0.4681716645819147;0.569734644750144;0.03347688195004661;0.7321589750614482;0.5716457761625744;0.48672412537436066;0.7360414199350696;0.688639577330963;0.67260687864386
0.9007609572833506;0.5810064043915828;0.46769848105802936;0.6049174263681386;0.04356887066835302;0.9350748998578629;0.5652673737298812;0.5674268197826093;0.7227412735602767;0.697922686603399;0.6880759513674928
0.7170871157028939;0.514144556267154;0.4668648094099055;0.5269454680490013;0.0521308948809418;0.7427123205341764;0.53897500556256;0.3892535614456168;0.659751560655284;0.6907934795558189;0.688836821488644
0.813791153928573;0.4840988106129922;0.4658359209842944;0.4923170583430968;0.0646757097652948;0.8328834968995504;0.46706964325446876;0.325473726049433;0.5860400102300835;0.6680568118579739;0.6750803388840779
0.9046364137893301;0.4022689844464775;0.4643119042916588;0.3972055416568745;0.0774418051260044;0.915487347357967;0.4256100274419645;0.18841312085162426;0.4661005553226443;0.622151808275582;0.6403149078562247
0.9999999999999999;0.40384263494968;0.4627503986628323;0.40003124876032536;0.09170803425222318;1.0;0.4114625825113096;0.19302999558511574;0.3735875876078306;0.5640498624082898;0.5929062857190512
0.8818760856977417;0.413687099725526;0.4614172555172731;0.4124236306505369;0.10057025715301604;0.877719012276815;0.4114625825113096;0.22317122965679742;0.3097927760279554;0.5028265686431471;0.5402325751224905
0.707553492698184;0.4367429094236046;0.4600038769046213;0.44037609071706907;0.10729558463780497;0.703242482244754;0.457186827857301;0.2924347408638847;0.2790899765757644;0.4467531153273434;0.48939849466971164
0.6184271117818437;0.47103385178408086;0.45875851273160606;0.48141307409751377;0.11441017319366686;0.6129749066204989;0.457186827857301;0.3867021635303282;0.28305322771833985;0.40281018273743613;0.4467473189169229
0.6715527814379312;0.5267337602927729;0.457846891527133;0.547374595731695;0.12095514075639047;0.6613874813810524;0.550656382110807;0.5155003542923366;0.33011758548211656;0.3785314920738646;0.4192652057869282
0.6096138677511865;0.5655260750228726;0.45706922469222633;0.5934030744942078;0.12567527511335674;0.5993805464538162;0.550656382110807;0.5907804418032989;0.39778922363436087;0.374746135644002;0.4086696939802274
0.5254754273260718;0.5309423604757546;0.4561482312537022;0.5533795992568467;0.1291234335852527;0.5169235456302896;0.5336164058443966;0.5114481460910754;0.42604446264153695;0.3782470853080125;0.40510909375735205
0.6158419543243255;0.5276852698993597;0.45519340633617755;0.5501540455043247;0.13543568698733255;0.601047323917481;0.5336164058443966;0.5041335910577924;0.44648777227058734;0.3857718952864966;0.4060882674262526
0.4621276712153888;0.5008966148215919;0.4541117133723933;0.5193824660656654;0.14008008393183946;0.4522290680910006;0.48527775717570343;0.4443242586526717;0.4430064288915489;0.3909872726943615;0.40643063747237185
0.4876418531065203;0.462323879231473;0.4528599486492988;0.4748832002396794;0.14555080097686646;0.47464524861658086;0.48527775717570343;0.3663348650730787;0.4120210975464361;0.3879994687053766;0.4010340983210466
0.42231077513689474;0.44417200365965304;0.45159332550637465;0.45436685672271526;0.14979329962029841;0.4111667091057004;0.4447823184751165;0.33230146876129735;0.3750886001784956;0.37707484549014386;0.3896037773507306
0.3616895166621833;0.4391216834400731;0.45034956147088234;0.4492171125773107;0.15249087540413342;0.3529203064081913;0.4447823184751165;0.3227147838201255;0.3437005704381161;0.36108198525543356;0.3740631378214651
0.36396919695981833;0.47509606587374176;0.44936341957617465;0.4920680134567291;0.1562476573842344;0.35405397046808573;0.47176073574130406;0.4173904049161305;0.34764769648483096;0.3491998009351583;0.3616785274448123
0.340046231916436;0.46144556267154613;0.44840310847286347;0.4766442726765111;0.15906171919971768;0.33073258639178627;0.47176073574130406;0.38803565357254627;0.3421787473465927;0.33843028596782426;0.35022884060454773
0.3405796771060826;0.4888929551692591;0.44749514472557994;0.5094357078238044;0.16189374823336689;0.3305100729103003;0.49282429726322086;0.45765168055757205;0.36008301073911136;0.33395200016283366;0.34399323239294544
0.11035476384791795;0.4892223238792317;0.44673942263380795;0.5102958363962697;0.15985519969574358;0.11406825488140296;0.49282429726322086;0.45848268923823293;0.37584631935477386;0.33401196478357786;0.34181435876107075
0.19697805579745495;0.4813540713632207;0.44585614672255236;0.501612060818508;0.15817934825592483;0.1959824102626255;0.4984981087295113;0.43843507998595427;0.38363136802811726;0.33585890943404856;0.3415920121241207
0.265035631403052;0.5079597438243368;0.4451466000277975;0.5332910286413065;0.15868733051497297;0.2600841694025588;0.4984981087295113;0.5097493962594297;0.4108189035500663;0.3436189745051993;0.3466949388669145
0.2628471383173223;0.48212259835315674;0.4442333786858015;0.5035309523840215;0.16128535587471293;0.2574796316595361;0.4724097011050956;0.4411222997608753;0.4137384811475724;0.35050168401835874;0.3517502179156996
0.33843677762630564;0.45569990850869235;0.4430874516301273;0.4732292500426418;0.1629312906067728;0.3282295782549037;0.4724097011050956;0.3770458639290251;0.39717419879468546;0.3521801689510334;0.3530600936028991
0.2909966306325201;0.4674839890210434;0.44202267440584464;0.48773056522591607;0.1638214845977095;0.2834126398960104;0.4692946673588967;0.4115225616330191;0.3940628775877051;0.35280399123144235;0.35369353924115554
0.20062098491307576;0.4641903019213176;0.44094715340106827;0.4845376637069133;0.16200610782256564;0.19877118110015699;0.4692946673588967;0.40302413551090793;0.39026838244435014;0.3524262152140133;0.35360849577769904
0.23965367096918325;0.46228728270814345;0.4398613457979472;0.4829838183836945;0.1623616696136343;0.23543480688998317;0.45941185196172896;0.3978298235625151;0.38702030294953293;0.3513734265605624;0.3530038595461609
0.16622060922176274;0.44988106129917727;0.4386411266431116;0.46918366695180114;0.16185231187376936;0.1664209131725533;0.45941185196172896;0.36325752969768527;0.3763945098484438;0.3480757820361131;0.3505514827280165
0.2783124894564786;0.4325709057639524;0.43723963476632477;0.44973997794828524;0.16264768365591808;0.27174468905730736;0.44491211154787536;0.31684522054155656;0.3564477383093522;0.3408283564402622;0.3447492916525636
0.20509371765703574;0.4509789569990854;0.43599769945942857;0.4721286692768398;0.16210041422604782;0.2029641189916985;0.44491211154787536;0.3847452781040594;0.3560966143406823;0.3349492780607117;0.3397955182528315
0.17793816595160694;0.45218664226898486;0.43476125033831536;0.4743210949038592;0.16004432830801418;0.17772942527635718;0.4536638730252909;0.38919360990220947;0.35825854465359896;0.33074559529860936;0.3360471337511489
0.18288051283687976;0.4486367795059474;0.43352091516893676;0.4709307046566819;0.1590584524327785;0.18254272817621345;0.4536638730252909;0.3779475056410853;0.3588122523725056;0.327510600146456;0.33302595699932713
0.18918610854013831;0.46821591948764896;0.43245430921605976;0.49458438361104207;0.1597003721363348;0.18838398267805637;0.4862419342876203;0.45416176231864597;0.37537027354814184;0.32874883986660536;0.33366271093754846
0.28402536828235203;0.49690759377859095;0.4316418965378501;0.5287767141455916;0.1622137194583082;0.27721429325421143;0.4862419342876203;0.5520086845507894;0.4110829997621145;0.33799194633644497;0.34106068159066816
0.18100661563222373;0.5075205855443734;0.43089737540872175;0.5417025590615168;0.1629779709869832;0.1801605171914432;0.4972928873396132;0.5850349255357521;0.4478964818202798;0.3538933094188582;0.3544383564888797
0.1927150536408774;0.47941445562671525;0.43023468988420444;0.5091217881050483;0.16250171075426545;0.19124991729302787;0.4972928873396132;0.4805141562181133;0.45624094854983144;0.3685426434438016;0.36749673624650964
0.20688098701038163;0.4551509606587376;0.42933061218518276;0.4812034123875417;0.16261776694815877;0.2045565843978955;0.45075279982199756;0.40211040644065915;0.4450548664004411;0.37767722518764046;0.37654032261924253
0.19100985277824636;0.43992680695333997;0.4283058383989111;0.4639726282627708;0.16342861288949329;0.18949485766808202;0.45075279982199756;0.35690392357933826;0.4254443034150752;0.38045327184772015;0.38052614410434193
0.22345882213478382;0.45306495882891173;0.4272671205571035;0.48004726554013577;0.16344933106929194;0.2199990722809643;0.45757620707557667;0.4066414104506701;0.4206352255007395;0.3815628250382046;0.3829906648104109
0.1615244678086345;0.45548032936870975;0.426145881337459;0.4835853068959075;0.1635169875319542;0.16176040709730674;0.45757620707557667;0.4158802280483;0.4194707631717439;0.38218138305129534;0.3848438500970492
0.17699437830838602;0.44384263494967957;0.42500726919616394;0.4706362617087967;0.16341889855622638;0.17631922939693265;0.45477638507750573;0.3767314093628183;0.4106814936172937;0.38064520064278107;0.38472180384123533
0.19530021109839554;0.45917657822506897;0.4239180327269265;0.4893203566483169;0.16447458008290017;0.19335577096302073;0.45477638507750573;0.4390192646844269;0.4161584906854469;0.3806818819467665;0.38562766312914715
0.21522005753913068;0.4483440073193048;0.4227275304117555;0.47734901671665475;0.1664251838158175;0.21172560607426358;0.44888007120077145;0.4003606248488362;0.4132115831416749;0.380030254116019;0.3858102360451239
0.1826616635283068;0.443037511436414;0.4214775944172562;0.47190239502700776;0.16773214849415807;0.1809700641773759;0.44888007120077145;0.3814324464423225;0.4078247014774933;0.37826414853339263;0.38491100884448576
0.1692161091328552;0.44838060384263523;0.4201220493464106;0.4790243054347215;0.16726027260654308;0.16843448320997878;0.46925758362382286;0.40580891063270824;0.40853968809367747;0.37701648353333067;0.3842523305083585
0.16184362305030342;0.48322049405306533;0.4190682444936975;0.5205857295131943;0.16622849005905627;0.161669005346766;0.46925758362382286;0.5465823405037342;0.43605270752478437;0.3823760738691072;0.3889100430429511
0.17445937381741583;0.48636779505946937;0.418205313188059;0.5248212111200322;0.1648128623962113;0.1737235359662597;0.5003522954832009;0.557976061962373;0.4605826667644955;0.3923321414276648;0.39754233391208793
0.1601201847452913;0.5066056724611165;0.4174406760443867;0.5490590499889936;0.16470497311966614;0.16026978799377764;0.5003522954832009;0.6284313820944483;0.4952576085284532;0.40830969841677445;0.41149566612825456
0.1670914470954593;0.49606587374199496;0.41671718529409496;0.5371388365808698;0.1642236408014377;0.16688964414194596;0.49137803159534155;0.5790654750966762;0.5145037846640711;0.425539160046969;0.42703432303283806
0.13646166261643466;0.479194876486734;0.41593814691274034;0.5178207441071664;0.16239519695853688;0.13834286589441924;0.49137803159534155;0.5046057415340077;0.516715006053931;0.4398336994994565;0.4406518799320518
0.06657578341213427;0.4769258920402559;0.41519111128179276;0.5156250246144842;0.1595948899512185;0.07283340271020014;0.49638433583030483;0.4947870654581778;0.5164580034475411;0.4512099427702012;0.4521329992939427
0.16686347906569582;0.5082159194876485;0.41465460803031107;0.5526949048337768;0.15876409953804482;0.1674841035401427;0.49638433583030483;0.6123826548366569;0.53932894119228;0.4655959651571992;0.466183668085186
0.3042050982770176;0.518023787740165;0.41419102533154906;0.5644995465206244;0.16131673403083968;0.2964112988357782;0.5347845434992218;0.6447861533692165;0.5640185080471731;0.48281006056453935;0.4827587140863711
0.2637544510757811;0.5429094236047582;0.4139007146671343;0.5938965814973258;0.16334599807295125;0.2579053200746205;0.5347845434992218;0.7197294433651558;0.6011102640459309;0.5051525184787794;0.503833371252722
0.3314016842278039;0.5514730100640435;0.4135982886757805;0.6041395012256755;0.1667448971381058;0.32066337838492764;0.5622265074538308;0.7433937182661312;0.6353083209567078;0.5309289889612672;0.5281679125834564
0.26783051944795255;0.5636230558096988;0.4134007859875499;0.6185271064378319;0.16933131687845626;0.2604845329679996;0.5622265074538308;0.7761056353707081;0.6695275535195793;0.5594575627786648;0.5552509701171987
0.2981867422912611;0.5764684354986276;0.41329380536475835;0.6336743057139831;0.17274001624442858;0.2881418637770395;0.5933953867833566;0.8090445202909695;0.7038926258156799;0.5902215199827253;0.5846629811857169
0.34740959927779724;0.6001463860933214;0.41323551464080044;0.6615081866166801;0.17737358127750524;0.33295487544062535;0.5933953867833566;0.8637266347923596;0.7460691099137775;0.6245788488549896;0.6175011936129935
0.38240269184649545;0.6374016468435499;0.4134010145786249;0.705141308985078;0.18216687402039966;0.3642371278050586;0.6347066676555668;0.9334355276721675;0.8040232975643211;0.6654567947157686;0.6562104326452282
0.3761153335856179;0.6207502287282711;0.4134364461951465;0.685570734547796;0.1864352488966925;0.3572466403827486;0.6347066676555668;0.8430905562482838;0.8334259025827198;0.7049535201258996;0.6944186928333094
0.26586087567079586;0.6222140896614823;0.41352696826058555;0.6872325613801127;0.18938419379974514;0.2545356856891424;0.6359675146480752;0.8461616478042382;0.8536507976065373;0.7412244793447051;0.7303813965370083
0.3156627714529314;0.6384263494967977;0.4136186332813958;0.7062079486134043;0.1927112239922366;0.2998030959327634;0.6359675146480752;0.8799099595984927;0.8774674533571137;0.77574481148149;0.7650487423891082
0.3774968198459848;0.6521134492223242;0.4137825330817;0.7221736019008179;0.19792756305376003;0.3554485889399491;0.6436438478083506;0.9066062310801775;0.9019411928192922;0.8090164811864518;0.7986786981680831
0.5552982049797336;0.6236779505946934;0.4138223079286343;0.6887660706631569;0.20546012584273998;0.516124461740884;0.6436438478083506;0.7523166049932191;0.8951975288770032;0.8340754877027515;0.825450219284493
0.5394635456323605;0.6096248856358653;0.41373247163641746;0.6723243821817919;0.21313350348031035;0.49890305647929967;0.626696580879627;0.6845714306579667;0.874812124190782;0.8494120233717606;0.8437670926969827
0.5233097310433185;0.6327172918572739;0.41394460415340717;0.6993014283776845;0.2195667132266923;0.48198437251115545;0.626696580879627;0.7454466003612525;0.8717079038255924;0.8609639271073212;0.8581524841196284
0.4412093248042894;0.6110887465690764;0.41399649432728225;0.6738775114472579;0.22722736766671003;0.40529325424698637;0.6126789290217305;0.6466247531818907;0.8487849262096367;0.8649083969258138;0.8654532394794923
0.41395346716576464;0.603586459286368;0.4139647201679493;0.665089907495363;0.23471170265956087;0.3786376590033322;0.6126789290217305;0.6140880418293184;0.8211438621286744;0.861676661822842;0.8658612152117549
0.3898481276985716;0.5894967978042089;0.41391237281192517;0.6485817688545531;0.23970848059574812;0.3556910420520925;0.5896128458058296;0.5543049421449922;0.7852024399849687;0.850785911876545;0.8588832086417009
0.36510447774804056;0.5796523330283625;0.41397089212695715;0.6369879345700791;0.24305536929252836;0.332720278644742;0.5896128458058296;0.5139365349793068;0.7463374023651804;0.8330923595243414;0.8451298755918022
0.29520036110135917;0.6103202195791404;0.4142653174307096;0.6728068618955161;0.24544053899591267;0.26978029664157016;0.6244530149076617;0.6166074004336517;0.7358756133755406;0.8165200021932588;0.8310203427846552
0.4036812277446211;0.6275937785910344;0.41463974961048056;0.6928510369303924;0.2496265569583167;0.36544583995869645;0.6244530149076617;0.6669350851070035;0.7377846439690467;0.8037032560758676;0.8189934242825425
0.3726593382544032;0.6061116193961578;0.4147890195820265;0.6675379657400727;0.25497047186557165;0.3365327561814065;0.6055403100200252;0.5759256870766787;0.7204249258368711;0.789438366805084;0.8051795678719331
0.36322602118278935;0.5944739249771276;0.41479564872318164;0.6538714306848219;0.25869699326770923;0.3272770757452953;0.6055403100200252;0.5299008001223164;0.6955173884860322;0.7722708091591374;0.7884852509673275
0.24419935348266755;0.5945837145471184;0.41485005339887504;0.6539662367312705;0.26077113237145966;0.22161078004820897;0.6042238374249056;0.5302901464446699;0.6737521123323884;0.7535072321072551;0.7699830591488093
0.27295524075703625;0.6034034766697172;0.4150123530616572;0.6642187516335067;0.26290974713848403;0.24661712065254274;0.6042238374249056;0.5625655502909293;0.6612005711234933;0.735595954024993;0.7517189532452612
0.28902242749476814;0.6001097895699905;0.41508321629470224;0.6603076441886112;0.2650004779795836;0.2603846816588683;0.6086182600311494;0.5474498396815302;0.6469655880181135;0.7179775045202572;0.7333936481848309
0.2826530007431758;0.6065507776761203;0.41520276942658274;0.6677943144155168;0.26764733290830955;0.2542619809045904;0.6086182600311494;0.572873006830499;0.6388428573995041;0.7020057402492366;0.7162024667356102
0.2806833569660191;0.6022323879231477;0.4153118073690436;0.662656313617256;0.26978182123288463;0.2521217126257778;0.6089890973818877;0.5509329072254174;0.6275673745420294;0.6866227845958198;0.6994298871682869
0.2263722535551614;0.6051601097895709;0.4154384468242309;0.6660140516309141;0.26994524554739674;0.2043716796707887;0.6089890973818877;0.5637414721998661;0.619361016585044;0.6724200907585394;0.6836211967785037
0.2565369832534685;0.6276669716376944;0.4156597229841914;0.6922979539222568;0.2700392940482257;0.23085836676350904;0.6268819995549944;0.6552358379770196;0.6282726770688273;0.6631172466650664;0.6718498078953797
0.2939602150194457;0.6150411710887465;0.41575207377822654;0.677417700976287;0.2716969203672259;0.26341001392425095;0.6268819995549944;0.5851966748622572;0.6242604693210791;0.6547478284106633;0.6611365522958461
0.26975456961915656;0.6353156450137245;0.41599255158843373;0.7010688021227389;0.273485991071754;0.2418360965671101;0.6326856040940445;0.6624503002816096;0.6347353672806454;0.6504728384838088;0.6540329859883663
0.33622092837700435;0.6188472095150956;0.4161772531765022;0.6816195278687521;0.27714562971918855;0.2993063649860479;0.6326856040940445;0.5752190550587952;0.6290049404993192;0.6457286566462406;0.6470047010493114
0.2662575400425844;0.624043915827996;0.41639944370076076;0.6875811382940954;0.27901946442903447;0.2377669517863162;0.6377289920640798;0.5959185128314397;0.6268208875455845;0.6414286191237067;0.64070459391621
0.22951365300530255;0.6400731930466605;0.41678827711821587;0.7061555331859114;0.28076271442886247;0.20538159510354684;0.6377289920640798;0.6570350013155029;0.635528996755521;0.6400008633515312;0.6370497520988132
0.3446101518723014;0.6609698078682529;0.4173428390645668;0.730340240569628;0.284234084139537;0.3050705479011872;0.6691759994066606;0.7271042360992639;0.6563060967465297;0.6436598414253996;0.6378863968013793
0.29848310072995365;0.6652150045745664;0.41790517310744946;0.7349717021136735;0.287881343459623;0.26417958400231467;0.6691759994066606;0.7404788556745283;0.673868424334293;0.6506453353560289;0.6419465918989558
0.2974663633172083;0.6544922232387922;0.4184094450174447;0.7220674821418783;0.29074698580572567;0.2627374794438639;0.6683230734999626;0.6758438437189218;0.6775351960714653;0.6570810499534979;0.6461646983357807
0.20771990935991133;0.6700091491308333;0.41903647033436275;0.7398911620858314;0.29261127811740684;0.18460562065777988;0.6683230734999626;0.7290400378443986;0.6898667667224101;0.66507920716532;0.6521028874798113
0.3590542062381171;0.6784995425434586;0.41964406540996446;0.7494780297012158;0.29595343859888024;0.31498854272231513;0.6997700808425424;0.7564121408202582;0.7035996940200026;0.674651144665715;0.6597466460101653
0.43247358990375195;0.7080695333943279;0.42038355753545886;0.783729220183033;0.3016171527959741;0.37699124246765603;0.6997700808425424;0.8395849015794283;0.7340143679721924;0.6893369327846025;0.6719045704219313
0.5263006715938157;0.7233302836230564;0.4212471746143214;0.8011039319160829;0.3110063567845933;0.4549522510424143;0.7351850478380184;0.8758605785991793;0.7664673463908782;0.7085848138171975;0.6882552436353253
0.48426792626602044;0.733138151875572;0.42224611760919295;0.8119923061026595;0.31760333471569147;0.4170522921759328;0.7351850478380184;0.897865864753747;0.7960757382159648;0.7308250406833318;0.707613414298458
0.4737084471273748;0.7545471180237877;0.4234453063851875;0.8363746454261025;0.3236931040957005;0.4063504184865002;0.7795928205888902;0.941765607523636;0.8317806881882529;0.7568679399321288;0.7306110683094973
0.5363403836246005;0.7895699908508691;0.42486691427651735;0.8766000489497083;0.33178780870087876;0.4571396396836118;0.7795928205888902;1.0;0.8820208720202988;0.7893117862209658;0.7593319487021932
0.5400744999521268;0.7769441903019221;0.4261189075906868;0.8609932838079148;0.33820270735889113;0.45833949035325905;0.7981717718608623;0.9214742812477923;0.9074968441613508;0.821153863677911;0.788300367106734
0.5027105398738881;0.8038426349496799;0.4273743297709691;0.8917849128636488;0.3440701646519311;0.4251608588591692;0.7981717718608623;0.9670150009885523;0.9427934284028817;0.8547838780413807;0.8192160586152126
0.5249921351029732;0.8245196706312905;0.4287344466633014;0.9152071619523569;0.3499461327325233;0.4421574999554088;0.8191611659126297;0.9973751588959601;0.9807364040875739;0.8904557713926814;0.8522029618595037
0.6763355507023695;0.7976944190301918;0.4299990124865589;0.8829226956939289;0.35824354882303533;0.5658659949710617;0.8191611659126297;0.8482625783636633;0.9848499948441447;0.9199438566898983;0.8806716316230614
0.48651113167889337;0.7937419945105217;0.4311129367918243;0.8775847715711325;0.3628901809238694;0.40641136306347964;0.808981680634874;0.8275579244352183;0.9794915415956702;0.94229609086221;0.9035021822856051
0.45328251166056477;0.8083806038426351;0.43218754343230437;0.894096920135357;0.36755839088001174;0.37761194865878095;0.808981680634874;0.8584569588328903;0.9806551224813358;0.9604467590549892;0.9226909187125975
0.43162098947243643;0.8308508691674295;0.43345028052696666;0.9196853871373398;0.37317155615709896;0.35830251780107686;0.8415226581621305;0.9017062801314994;0.9927632644514577;0.9777652491313813;0.9407542706857117
0.564790793739086;0.8354986276303755;0.4347100459376607;0.9243525083574692;0.3804579078799233;0.4661198632403126;0.8415226581621305;0.910238538752304;1.0;0.9932923096743547;0.9569491260462546
0.5416565980786855;0.8025617566331196;0.435852315536148;0.884969761597163;0.3873286064935073;0.4450977170508301;0.8011940962693762;0.7357208712643646;0.9752728678337793;1.0000000000000002;0.965721574516822
0.33363121155889097;0.7841903019213179;0.436903834478116;0.8627433289553565;0.39055935302884315;0.2740088356302883;0.8011940962693762;0.6521553958848227;0.9366607327291643;0.99644364070546;0.965671375476181
0.5135481400088452;0.7852516010978965;0.43811148112386356;0.8632326828235072;0.39649515452495354;0.41955428684802354;0.8014722242824304;0.6552622781861805;0.9021206642908478;0.9856170169233314;0.9588959974158835
0.5036087339111563;0.8020494053064962;0.43940919265289846;0.8821399013587485;0.40401937846148317;0.4094464066207934;0.8014722242824304;0.7040501158220445;0.8829151652954106;0.9725177015526858;0.9492310981115769
0.43543261493008223;0.8127355901189386;0.44082760026918777;0.8937966055139028;0.4076987896456554;0.3532475569077517;0.8255951939479349;0.7334892009566332;0.871379196977941;0.959372511908765;0.938548100396674
0.3804102512663624;0.8221774931381525;0.44223137805671886;0.904001717392914;0.4109860168620194;0.30799646066083325;0.8255951939479349;0.7589680274770003;0.8650544682356536;0.9473948387021918;0.9279892685194957
0.3181385042561631;0.8330466605672457;0.44355446319500746;0.9159329580904287;0.4116974843143604;0.25752155542790317;0.8527590298894907;0.7875967126116121;0.8639504468983453;0.9375575823323239;0.9185210205404064
0.4387153545586767;0.855480329368711;0.44484005939710425;0.9414641404722004;0.4151897441399357;0.3541576860120998;0.8527590298894907;0.841699550990735;0.87558461831171;0.9323762074045103;0.912309208015887
0.4659392966730346;0.821738334858189;0.4458476888528011;0.901220549081678;0.4208838048825443;0.3747266693375533;0.8340132018096869;0.6691447121552823;0.8551194170514441;0.9235019984858575;0.9031253129022603
0.49314956070560667;0.8297895699908517;0.44697784312434585;0.9099644735106609;0.42521399042802877;0.39550002382602295;0.8340132018096869;0.6919586544450962;0.8409457233971014;0.9131273671091091;0.8925766023161927
0.4104518782285972;0.8057822506861845;0.447954155602857;0.8811687838346245;0.42875207095830437;0.3284042770982774;0.8122265074538308;0.5840263962761074;0.8079243964901333;0.8971970772163631;0.8775259810433653
0.3108024930583735;0.8027447392497722;0.4489096662936056;0.8770041919452959;0.43119595649904374;0.24821848237610886;0.8122265074538308;0.5710074686401496;0.7761710542013113;0.8771152670326389;0.8589178743229611
0.40679071167059533;0.8197987191216836;0.44997078606069874;0.8963603786914386;0.43567314655679334;0.3239936531697761;0.8273010457613292;0.6278712022911919;0.7607754994409874;0.8574922063663488;0.8402549122914631
0.3609144253609874;0.8184812442817933;0.4512170645980076;0.894032904572273;0.4387422740961886;0.28682249101362983;0.8273010457613292;0.6215853075230546;0.7446531984086315;0.8380682084207928;0.8214601783071254
0.6457240036657259;0.8153339432753892;0.4524411698011068;0.8895711487156002;0.4480459403715311;0.510591963730562;0.8391307572498707;0.6057748645247854;0.7267788921270432;0.8183986063996972;0.8022825272120988
0.5638652435382462;0.8462946020128097;0.4538778647033439;0.925018155644318;0.45598736483321956;0.44356039971946437;0.8391307572498707;0.7084322935269205;0.7332043373551956;0.8041477198903495;0.7871426222145912
0.4482672150057676;0.8572735590118938;0.4553682785080486;0.936973455882322;0.46374352922243367;0.35066947044818536;0.8613995401616856;0.7401682412166937;0.7436743149771549;0.7951664183654563;0.7761848792129202
0.551235814689348;0.8483074107959743;0.4569373276423292;0.9254644028357603;0.47118788930405486;0.42951637079748856;0.8613995401616856;0.6913964019726002;0.7423005867307274;0.7876639353330379;0.766698843774843
0.45201500941507966;0.8272278133577311;0.4584000819270404;0.8998010361928526;0.4779373736706838;0.35042895837866556;0.8349959207891411;0.5852662975173482;0.7226180391648364;0.7771136959391229;0.7552280446077138
0.524093941065705;0.8262397072278134;0.4598722084458;0.8977187402481883;0.4858102819941994;0.4045954233048179;0.8349959207891411;0.5804728857310131;0.7038177684102447;0.7643291284242815;0.742237967900604
0.5402021620487942;0.8212625800548947;0.46121518100755665;0.8910343411273349;0.49256071200388973;0.4153569027460994;0.8247793517763107;0.5552936896843947;0.6829443516573772;0.7492780347951385;0.7276039588860954
0.2192049386993968;0.8120402561756634;0.4624909477934551;0.8794082842439945;0.4932871378101107;0.16718368834578062;0.8247793517763107;0.5088664027241991;0.6575146237105293;0.73136084559755;0.7107831615323037
0.5230224913258165;0.7978042086001835;0.46364098948846877;0.861974998986778;0.5003259889535134;0.4001565021667076;0.8110954535340795;0.4412784743848029;0.6250611427771046;0.7095277275806362;0.6908806332834239
0.44759698899826283;0.808490393412626;0.4648872680257776;0.8737395414394792;0.5068631334690932;0.34070434757470747;0.8110954535340795;0.492637220229915;0.6060842088104241;0.6876760337436988;0.6707599758810225
0.5581295679093964;0.8127721866422695;0.4662709297987666;0.8778994073476405;0.514771288488532;0.4234324888641237;0.8263924942520218;0.5129726629085873;0.5930998696455196;0.6671942510645452;0.6515367743440454
0.3687838817484236;0.8237145471180245;0.46768705150431167;0.8898582878744071;0.5197181192775702;0.27794461306696167;0.8263924942520218;0.5640562602700088;0.5899320564022718;0.6500768050474038;0.6348318298163382
0.26079542604945083;0.8307410795974386;0.46902796674639813;0.8972671942293768;0.5210106414073368;0.19551838788256645;0.8358673885633765;0.5957208321181664;0.5915673712011106;0.6367607375979868;0.6211356166508858
0.30167465314664266;0.8244464775846296;0.470455975187809;0.8889828356660354;0.5232623035039685;0.2262928313398763;0.8358673885633765;0.5581038519270647;0.587000177765438;0.6250524942875779;0.6089196840177613
0.46536937659862576;0.8133211344922229;0.4718444373733597;0.8750520753000605;0.5301127137755088;0.34925614814173617;0.8272454201587189;0.4941004534164996;0.574018360853117;0.6126860548730397;0.5964875898323944
0.508277519160713;0.8248490393412631;0.4734368027972229;0.887587955163901;0.5373687189528191;0.38007414337353734;0.8272454201587189;0.5529613770767081;0.571507207887941;0.6022126248541515;0.5857175002154574
0.3450524098500426;0.8229826166514185;0.47504425523199245;0.8843897548175291;0.5414685114615376;0.2562290122151929;0.8180115701253428;0.5416125623632806;0.5672265231329061;0.5928446980578538;0.5760539109666571
0.42746741197014526;0.7969624885635866;0.47647272085555237;0.8529478021108519;0.545376424396353;0.31751023894266067;0.8180115701253428;0.3997547607279292;0.5435724544720524;0.5798843625653525;0.5639237761729637
0.471583785089979;0.7725526075022877;0.4777905483991294;0.8234655562615891;0.5520438097517464;0.3492324068811615;0.7718423199584654;0.2954744242141582;0.5062117561352181;0.5608827652525488;0.5472796438697896
0.46857916645769593;0.7562671546203106;0.47896802102306335;0.8036091315694538;0.5593554359345736;0.34543801311449557;0.7718423199584654;0.23659676210069253;0.4646045893118685;0.536066882414815;0.5260454007591118
0.46692411856161287;0.7591582799634038;0.48013932168798856;0.8062694293320456;0.5655996030362365;0.34289768764117856;0.7595676036490397;0.2546852414822078;0.4344638903117666;0.5092492482954621;0.5029247639200151
0.3635816513092204;0.7454345837145473;0.48140617342198944;0.7893644514847246;0.568149056729643;0.26563436832484116;0.7595676036490397;0.20582435953822426;0.4012439435209467;0.4801186590262071;0.47767070746343643
0.30450145671571016;0.7586093321134495;0.482736116292509;0.8039980941406859;0.5680760702788168;0.22177745412595598;0.7801676184825341;0.28951420776923303;0.3860753574855746;0.45330902313834426;0.45378654154219705
0.31725398830068074;0.7866422689844468;0.48419407016465854;0.8359947051825541;0.5677116538299918;0.23130140449917633;0.7801676184825341;0.4405646407199037;0.39631717505388975;0.434227998770955;0.43555499968230366
0.45930542700691657;0.7774199451052155;0.4853717713796657;0.8244300860543886;0.5705169469552698;0.33622532380338854;0.7901246013498477;0.4006199793585398;0.39853188626584;0.41947495585521527;0.4207492950991149
0.4752312735661951;0.7874839890210437;0.486615078233009;0.8354661113495587;0.5738523160002118;0.3473347213921184;0.7901246013498477;0.450940627807303;0.4088336132866531;0.4100530497718695;0.4102918584400539
0.5133748843062249;0.7767246111619404;0.4877964369052066;0.822094735299943;0.5767628334079531;0.37492062839397416;0.7969850923385007;0.40231308316513187;0.4098048930917546;0.4027399687299318;0.4019017318848226
0.28724883622320807;0.8017200365965236;0.4891791843138975;0.8505724953338096;0.5776199298917428;0.20765054713578154;0.7969850923385007;0.5206304102440047;0.4301533464991501;0.4015916347203596;0.39867391235070887
0.38814292683594054;0.7830558096980784;0.49039666037583896;0.8278983833850545;0.5814281204673606;0.28153037927914015;0.7961877920344129;0.43699352874370295;0.4328504138634793;0.4012962071926054;0.39673443510799244
0.33892006984940426;0.7938151875571826;0.4916523111471971;0.8397429810945006;0.5845567375520702;0.24474403933987962;0.7961877920344129;0.48556652390697636;0.4436581728039574;0.4035573275295648;0.3973004844587366
0.2660934030611547;0.7928636779505949;0.49299916975721647;0.8377821285446834;0.5841923211032456;0.19117342034489507;0.8136356893866354;0.48110532738965645;0.45195267558534286;0.40728292166393165;0.39954113109225003
0.26143829589338385;0.8184446477584633;0.49458033421843783;0.8668229963952219;0.584377925045924;0.18772205700278694;0.8136356893866354;0.5908851478189998;0.477995611304657;0.41628141162546073;0.4063116930086527
0.20028359222902578;0.8117474839890209;0.4961864151067621;0.8579544779172792;0.5824897337550559;0.14288905393507828;0.8074983312319217;0.5566345225196765;0.4935448665069287;0.42707333328924496;0.41507555374175636
0.26278786662958387;0.7874473924977128;0.4976855153722912;0.8284875557039231;0.5838889416156534;0.18877786259797716;0.8074983312319217;0.44349875985405135;0.4875511188354053;0.4343218324007498;0.4217133382821443
0.2708351380802356;0.7879597438243371;0.4992143324774885;0.8281312453662112;0.5868020380499259;0.1943260874221093;0.7883816658013796;0.44591858802839096;0.4832749212037316;0.4391324857954845;0.4268049687257904
0.29278389998586596;0.7735041171088746;0.5006016517076661;0.810291525728599;0.5899259269193287;0.21003630504458984;0.7883816658013796;0.3828090570411728;0.46921639499420753;0.4397323572203844;0.42882626231149445
0.24787875748305058;0.7761756633119861;0.502042232658165;0.8125253394937222;0.5925503443172353;0.1767506462728131;0.794185270340428;0.39702208759304664;0.460442870944112;0.4381848640203646;0.429136918915971
0.25065996744616537;0.7967429094236049;0.5036231685283115;0.8356803558291471;0.5941814926305176;0.1785920514945555;0.794185270340428;0.49998849943032414;0.4692728756326037;0.4389873113745504;0.43107659567898216
0.24325556583944666;0.8155901189387009;0.5051769020606107;0.8568331314766526;0.5941575936513308;0.1731704135443418;0.8308796261959506;0.5811392988668;0.4905098257110126;0.4445367143384512;0.4365842785350061
0.32035891286605966;0.8297529734675209;0.5069183088649432;0.8723690069009358;0.5938843887741507;0.22969730870750657;0.8308796261959506;0.6358168864101321;0.5177274520233567;0.4552656994552897;0.44617940128217976
0.2635173643248271;0.8142360475754806;0.5085835948415207;0.8531092015282973;0.5952091487355549;0.18788196858118006;0.8302492026996964;0.5548080014709136;0.5271584714681854;0.46602821225443813;0.4561078932260858
0.247295159326856;0.8298627630375117;0.5103746059089884;0.870332538652439;0.5966903696398371;0.17582654204465228;0.8302492026996964;0.616023981601667;0.545801866299547;0.4789463475264081;0.4679201436689358
0.24486046076898174;0.810759377859104;0.5120952109255557;0.846827656499076;0.5979132580532682;0.17390011918972972;0.8162500927093372;0.5218577213987354;0.5455172064136095;0.48921507639470285;0.47797753158037204
0.19523638005006175;0.8057090576395245;0.5139355976650783;0.8397457021139607;0.5981184625975817;0.13759439100670168;0.8162500927093372;0.49827571811971744;0.5408996635182713;0.4963630353600592;0.4857481218379494
0.305714246634052;0.7877035681610254;0.515717693680644;0.8174912000082495;0.6021855014693571;0.21779414343932055;0.7818920121634658;0.41833728620810734;0.5232662960236696;0.4980066751234905;0.4892532555770709
0.32954146510493365;0.7609515096065875;0.5173169168367373;0.7850829989701663;0.6045084306657946;0.23483163798678922;0.7818920121634658;0.3173316731649655;0.4891051562127847;0.4914276136051074;0.4861932751597808
0.3300566728521992;0.7508142726440985;0.5187133797098893;0.7723072397591927;0.60727684371168;0.2347940728051345;0.7571200771341688;0.2832481443721519;0.4547906391773997;0.47823494857527254;0.47750402418957766
0.26291096936565617;0.7489478499542539;0.5200984130293254;0.7692483842514833;0.6084656889749023;0.18578363871510387;0.7571200771341688;0.2768923752771468;0.42692289218741014;0.4612411235932742;0.46515956579051154
0.2197201464466623;0.7781884720951515;0.5216868924049232;0.8025810158482204;0.608995936829668;0.15431477582103315;0.7863420603723208;0.42429078584601504;0.42765151477298535;0.44781443408036375;0.45475729336228016
0.7501561581003879;0.7792497712717292;0.5232342253871405;0.8028575573522883;0.6207114227492145;0.5364422672507574;0.7863420603723208;0.42920386494340196;0.4297346521370225;0.43755445489740924;0.4462738987026311
0.4888637617460527;0.8172369624885638;0.5250270651831999;0.8463304259956471;0.6274156881840007;0.3462177111482731;0.8343284135578131;0.5844013816787978;0.4604281634569578;0.43643914354847285;0.4444899919801186
0.46024921465013746;0.8349130832570903;0.5270036922030314;0.8658434293896169;0.6336923510199535;0.3243967559985312;0.8343284135578131;0.6432970724639282;0.4980209738385024;0.4442338599558889;0.449651825367083
0.6170547442426674;0.8123330283623051;0.5287174394873695;0.8382613143927466;0.6400755276516346;0.4354105657410238;0.8210895201364687;0.5424755174613594;0.5105311743079087;0.4533604964837528;0.45631542913544754
0.506946185866894;0.8136870997255272;0.530420900173362;0.8387837501290702;0.6463055960749278;0.3553100350460488;0.8210895201364687;0.5474227508350087;0.5211190106218017;0.46310844823430103;0.46390657572614014
0.2744187955081179;0.7996340347666973;0.5321920238173616;0.821176176414862;0.6482673755894794;0.1891513410206238;0.8125046354668841;0.48640198212939717;0.5185754197346409;0.47031903537619263;0.4699564624141986
0.2910011899931153;0.8094419030192137;0.533868739347656;0.8316399283541255;0.6501406944940189;0.20073035622296329;0.8125046354668841;0.5260032751806303;0.5235898262250195;0.4772462366576685;0.476007736834079
0.21199658959827475;0.8192863677950593;0.535704782856766;0.8420468253078297;0.6506646667175595;0.14441260286956747;0.8314173403545198;0.5647445571733831;0.5344959233401879;0.48530818407676424;0.48308679204877547
0.26516785286031486;0.8271180237877402;0.5375636854733115;0.8500764105227835;0.6521505298695971;0.18209229577332478;0.8314173403545198;0.5950186170053182;0.548390749598873;0.4949685654361462;0.4915578314030346
0.21384768999995438;0.8297529734675209;0.5394872793638941;0.8519646548164841;0.6528838330799009;0.14550580346862016;0.8368130238077587;0.6053905897829621;0.5605884014858297;0.5055155100423175;0.5009035782509892
0.24145917776491024;0.827301006404392;0.5414563628782716;0.8478524783546485;0.6542486539200858;0.16499181177719582;0.8368130238077587;0.5915526371163764;0.5675189089158893;0.5155545708618339;0.5100513533289788
0.25393814771416456;0.8342909423604761;0.5434069305156264;0.8548364760392042;0.6557133690545698;0.17369223253603663;0.8397797226136605;0.6218292508258954;0.5772941069588028;0.5258446771862745;0.519516154779662
0.21096161474314842;0.8286184812442823;0.5454992246190757;0.846866323617718;0.65628144263179;0.14311353489217918;0.8397797226136605;0.5869415501687918;0.579731531211169;0.5346400034651324;0.5279433906509323
0.2522375062121288;0.8223970722781333;0.5476050055959103;0.8382432697373793;0.6576809943625916;0.17225949468078197;0.8401876436994726;0.5487931291839547;0.5759823063582645;0.540809891727896;0.53438208545127
0.255397143104651;0.841317474839891;0.5497791353039698;0.8590932961670724;0.659335869719959;0.1743105938280113;0.8401876436994726;0.6375027046060153;0.5862023267104174;0.5481074497693594;0.5415770531687415
0.2852791924460514;0.8490759377859103;0.5520981917531653;0.8667486696004979;0.6619301984750046;0.19516919458078183;0.8574686642438625;0.6704279727259794;0.5989157277948053;0.5568833153045348;0.5498497656244696
0.1340315234191557;0.8487465690759386;0.5543408987835292;0.8649569498918542;0.660647648581157;0.0881764793452183;0.8574686642438625;0.6681265214355381;0.6073984961859603;0.5658642101090494;0.5582882852067474
0.1647889699948479;0.8662763037511443;0.5566306955752074;0.8841018996009704;0.6604359964705162;0.10998462960154776;0.8685381591633909;0.7409903564303371;0.6258055439974839;0.5773024357973722;0.5686060745659501
0.2852199207583128;0.8533943275388838;0.5588299703014474;0.867600921537685;0.6619075890090829;0.19513006231707566;0.8685381591633909;0.6502340853493962;0.629069569162451;0.5872072689209976;0.5778499137325099
0.30353031290891763;0.9069350411710895;0.5613300708815201;0.9288901663359197;0.6642798635798124;0.20778210857174403;0.9243491804494548;0.8281629982307599;0.6700306045919194;0.6045964320406702;0.592798675028567
0.33090015456232413;0.9228911253430923;0.5639476672738022;0.9459823216797808;0.6681685197831964;0.2265906037073098;0.9243491804494548;0.8665796365745169;0.7119947734153251;0.6282048637252111;0.6127706004465607
0.29648154142863004;0.9347118023787742;0.5666727014710284;0.958152296032024;0.6700249890477339;0.20205857095858296;0.9394051768894158;0.8931089575314131;0.7511787044346574;0.6561462515147932;0.6365055496135634
0.31659744037496185;0.9248307410795977;0.5693012702348819;0.9449053708198152;0.6733570913257363;0.21579421619828762;0.9394051768894158;0.829141282028484;0.7715329696798188;0.6832028355728242;0.6600989947073648
0.3052993448198824;0.9204757548032942;0.571823086967016;0.9382128086405838;0.6743924845103664;0.20770461557246697;0.9291700660090498;0.8010072978144804;0.7810290584946613;0.7070424637876004;0.6816227057904313
0.2936729753019437;0.9188655077767622;0.57426741132495;0.934791055063839;0.675026753101881;0.1994431569079467;0.9291700660090498;0.7901711194042005;0.7839593320932601;0.7267912954529598;0.7001941872079358
0.2842350988697345;0.9103751143641361;0.5766799615235492;0.9233120764428893;0.6781980100919027;0.1924135292012065;0.9309130015575171;0.7322759821047689;0.776574590054176;0.7408838908892854;0.7144148331420138
0.370867509540462;0.9324062214089661;0.5792157223112202;0.9475874367380872;0.6811827174961846;0.2528045736493059;0.9309130015575171;0.8035676335814259;0.7839831087997253;0.7538699314675688;0.7275053017273256
0.2899297402532268;0.9222323879231471;0.5815974127147827;0.9341514722791848;0.6823970091545124;0.19588969601995934;0.9371986946525253;0.7363135988828391;0.7788496531211371;0.7630725224160839;0.7374283900591514
0.24394858864992772;0.9329551692589204;0.5839262985801756;0.9452807282937472;0.6830725421705226;0.16358780494783054;0.9371986946525253;0.7716548464468445;0.7795520486705234;0.7705969050909014;0.7456720810765809
0.24007769150454342;0.9365050320219579;0.58617700629814;0.9480381234875968;0.6847286210736041;0.1606981628939628;0.9548690944151899;0.7832268346825335;0.7794626073083496;0.7765957430759038;0.7523497539821472
0.3093161415043154;0.9535590118938702;0.5885762982144289;0.9665559498169543;0.6882615435508173;0.20871127773098372;0.9548690944151899;0.8359622255732211;0.7888374415577043;0.7835611548664201;0.7593514027307114
0.25718441245799684;0.9782616651418126;0.5911870368744818;0.9939206696801253;0.690558768449496;0.1720183574646864;0.9863346436253062;0.9000300937064845;0.8112318015942291;0.7943083842532804;0.7689032661856124
0.2293540753844681;0.9739066788655082;0.5937582292786745;0.9871971738059782;0.6929472049198198;0.15234445333704974;0.9863346436253062;0.8685400122799358;0.8218738469331837;0.8053653369397384;0.7785771395142415
0.4567932193189227;0.9696980786825256;0.596360738660052;0.9806259118100418;0.6985755004858885;0.3099280313533612;0.9649002447526511;0.8373939844179161;0.8232962692025114;0.8145395931406547;0.7867469497269807
0.32274345845738595;0.9401646843549871;0.5988359228130227;0.9444037007583199;0.7029905360042419;0.216122654325876;0.9649002447526511;0.6448100934022096;0.7985688866657767;0.8161649821369105;0.7890915704341297
0.3021032330425981;0.9486916742909424;0.6013191076535946;0.9528584810667887;0.7073302639478911;0.20125457622300233;0.957594748943114;0.6765017801979238;0.7820555779236351;0.8136493896636112;0.7879176972523733
0.11109793962494699;0.9467520585544378;0.603765260740122;0.9490489106112174;0.7074764087846457;0.06898566238189074;0.957594748943114;0.6645439113724678;0.7643504776937171;0.8075456122396463;0.7835646202798641
0.24354736491754395;0.959194876486734;0.6061995270907845;0.9621314289634189;0.7087397019470616;0.16055897092131863;0.9757101535266628;0.7121996468028;0.7566528931934986;0.8008838286116133;0.7782674709728004
0.23195291092377204;0.9720036596523336;0.6087101428602768;0.9755957493093269;0.7097272971733177;0.15243544596182476;0.9757101535266628;0.7574422913129997;0.7571569460950521;0.7956708785066052;0.7736147641538554
0.2547953075060754;0.9903019213174753;0.611303965780829;0.9954524604245631;0.7121107475256816;0.16797370312187018;0.9853519246458511;0.8150924105437167;0.768180080305107;0.7940477498071279;0.7713541144027273
0.22025815099690418;0.95992680695334;0.6137917224428886;0.9582342130389253;0.7143575094719046;0.14389496533739327;0.9853519246458511;0.6304173094780792;0.7509742081423403;0.7887733052744844;0.766272999731256
0.3978680429856517;0.9728453796889296;0.6164849824807792;0.9717129977514352;0.7188074478159769;0.2657668732347249;0.9916747014759322;0.6760629147521939;0.7441754431017782;0.782982687611262;0.7606082182791845
0.3625056422087366;0.9898627630375119;0.6193012245166676;0.9899266427474729;0.7235984194349936;0.24072679220349993;0.9916747014759322;0.7312289873895745;0.7486684907096355;0.7793884491764623;0.7564147953482514
0.579558562707166;1.0;0.6222182752163379;1.0;0.7310423496788594;0.3882518056072071;1.0;0.7618404910907106;0.7568197322716834;0.7783966514189709;0.7541213884422937
0.41272699916563704;0.9791399817017394;0.6250745206902346;0.9737213965360283;0.7366280913071674;0.2731573006149433;1.0;0.6441684637976641;0.7445982691895108;0.7747790713913731;0.749953460395834
0.47734225752180515;0.9608783165599277;0.6277865251962229;0.9505835655866652;0.7446003781196764;0.31585038155314116;0.9580953793666103;0.5537681064796427;0.7184947741475767;0.7658529986366005;0.7418186831100834
0.38305012105102376;0.935553522415371;0.6303952065366065;0.919218517482622;0.7498971828089658;0.2509383963494924;0.9580953793666103;0.4454255537218898;0.6765384192739858;0.7490168448954236;0.727607274383792
0.33981826388667247;0.9565965233302833;0.6331398995662241;0.9422029688613696;0.7541296232489267;0.22104750444359214;0.9573351627975972;0.52831325493872;0.6572631024920526;0.7310937720284023;0.7121454717732026
0.3263590314094351;0.9383348581884725;0.6357389800814861;0.9191358844179689;0.7582380125127488;0.21141042334458357;0.9573351627975972;0.4551979250366159;0.6266283564511287;0.7096762212475196;0.6937074597682907
0.36961824473735805;0.9371271729185731;0.6382582823118046;0.9161397555693899;0.7637537765545168;0.2398675755231983;0.9322480160201732;0.4504460909305145;0.6001772412851578;0.6864298436574252;0.6734888341595495
0.3139940454750626;0.9082891125343098;0.6405524223338954;0.880847273903691;0.7680964273949014;0.2018441947947596;0.9322480160201732;0.3447620124807694;0.5566734960397299;0.6577798743044059;0.6488739324452681
0.2114677037692234;0.9083623055809698;0.6428328468915261;0.8795045224059487;0.770842145007314;0.13263488084588915;0.9274827560631911;0.3451055218455768;0.52189348097537;0.6268229154887455;0.6220472931252512
0.26303407210172847;0.9276486733760301;0.6452469972276464;0.9006338113591688;0.7738069939073073;0.1669624523658104;0.9274827560631911;0.43362136584326966;0.508691294939331;0.5990065806623189;0.5970669836284808
0.29700130853649087;0.9192680695333948;0.6476401171849258;0.889295896115488;0.7774275173190224;0.18932893960498404;0.9402951865311877;0.40091199774143343;0.4918860999612239;0.5728701599130019;0.5730827493422394
0.32495018898549666;0.9420311070448308;0.6502650284915905;0.9143746732091436;0.7813807351532318;0.20755471597502603;0.9402951865311877;0.4986331669537502;0.4957047740653401;0.55284344444169;0.5535016662855932
0.2751437338427659;0.9432753888380612;0.6529157705896544;0.914174749884608;0.784942542727592;0.17387514491490416;0.9475635986056519;0.5037360192173372;0.4995699909524688;0.5377152483224352;0.5377068858877841
0.29654993183755907;0.9323696248856361;0.6554748476669063;0.8997683839593333;0.7889148453581305;0.18770517201412074;0.9475635986056519;0.455293283213097;0.49435508037816817;0.5244076272747457;0.5236053541695793
0.281121055583165;0.9390667886550785;0.6581287900400126;0.9059680119816514;0.7926374122529205;0.1770203914908114;0.9399799747830606;0.4858378140058403;0.4952297978269684;0.5139636605835849;0.5119948649512553
0.43197206023827217;0.9216102470265328;0.6606542642293372;0.8838922378909975;0.8000960429480128;0.276171218087246;0.9399799747830606;0.40864235059310977;0.48282984173960625;0.5027430991558473;0.500247148638854
0.42972885482539924;0.925306495882892;0.6631776810989924;0.8866506355657007;0.806789218568716;0.27365613595107524;0.9375695320032635;0.4270008994655751;0.4759657825807517;0.49218049977893075;0.4893267220921948
0.4712235956029527;0.9306129917657824;0.6655968604387477;0.8913647301744021;0.8138064918568098;0.29990775097188554;0.9375695320032635;0.45395967384661357;0.47471957292376565;0.4834424455245289;0.4800701017529233
0.35464986390308617;0.9028728270814277;0.6678349956476248;0.8573962392933265;0.818653772221752;0.22252094625412885;0.9088481791886087;0.3344245217513034;0.4532127860301811;0.4714822030138037;0.46877387830213113
0.3091109702775282;0.896358645928637;0.6700424996525411;0.8483657485517375;0.8221964090322322;0.1921944550004174;0.9088481791886087;0.3095448373644067;0.4319270451205726;0.45699528931491507;0.45577093799192453
0.24252150878360815;0.8935041171088747;0.6721713683278825;0.8436808690993445;0.8252805808930581;0.14822422631510035;0.888897129718905;0.29841095642426135;0.413789755073738;0.44121458427071836;0.4418482525756815
0.25968294206420495;0.8663494967978043;0.674230973907699;0.8105116418817601;0.8287461048102627;0.15912063638269336;0.888897129718905;0.20252468359629522;0.38018080369913987;0.4208236468871712;0.4245023745192659
0.26054010185611565;0.8984812442817933;0.676482138807815;0.8468232169410095;0.8328513992422477;0.15927342566821856;0.9078840020766892;0.3756274780193844;0.37910283342611156;0.4042617990687302;0.4097894898870599
0.21263490008161254;0.8988472095150968;0.6786683838428145;0.8458831763233512;0.835494987404034;0.1277793924621747;0.9078840020766892;0.3774157953475818;0.37980459847387094;0.39117448503335056;0.39763591134735965
0.2540430130078558;0.9243915827996343;0.6809307497055732;0.874454310288161;0.8381887806156236;0.15451491438125797;0.9336942816880516;0.49473104545777763;0.4006936814161615;0.3855316935732295;0.3911168916775259
0.24885902001103363;0.92387923147301;0.6831853434718029;0.872440326253098;0.8398073776664556;0.15098533948033524;0.9336942816880516;0.49241250919902463;0.4177042045487712;0.3849482606262819;0.38874482341119443
0.16646225533331205;0.9287831655992687;0.685500971054883;0.8767466975774483;0.8380973971088765;0.09749233345493485;0.935900763924943;0.5146343680439678;0.43552650520941716;0.38859990044839143;0.3900409927411979
0.180673782308769;0.92384263494968;0.6877279053011165;0.869551462855865;0.8397645658260415;0.10662179229753782;0.935900763924943;0.48956101163735516;0.44643076352329975;0.39404097378887026;0.3932691925967655
0.11131222957292469;0.9270997255260749;0.6899596399599144;0.871977036887142;0.8398520807929921;0.061484003387592585;0.9323036416227843;0.5059145904137579;0.45791187301393693;0.40104689300342566;0.39822231570599426
0.2567923074468036;0.9184263494967979;0.6922226915958944;0.8603769012944462;0.8430879853813897;0.15582829934949222;0.9323036416227843;0.4590525650885368;0.46080550967699;0.4073202913871586;0.40315484776233756
0.2848141376653338;0.8958462946020127;0.6943291583459503;0.8325487488537711;0.8465469757647159;0.17367037406374092;0.9145961581250459;0.35110213989998645;0.44655385568503375;0.4090457307383836;0.4051112154502329
0.2481979127247195;0.9147301006404396;0.6966537009809297;0.8532615786180571;0.8497274312826975;0.14961839808815378;0.9145961581250459;0.4527586953624994;0.44999311829650884;0.4112208287494018;0.4075288457430835
0.22244664408263384;0.9234766697163765;0.6990029314519361;0.8620580616860839;0.8526051950534954;0.13268944813153924;0.9406103982793139;0.4958232594666994;0.45968402900693084;0.4152002876679574;0.4113936680555204
0.2860953179926047;0.9384446477584634;0.7014529705867281;0.8780951775372114;0.8570825570463472;0.17339591113194866;0.9406103982793139;0.5648286450257922;0.4788080969210122;0.42280305401260376;0.41809252194695995
0.26456145790114394;0.9353339432753893;0.7038593488263203;0.8729356950063715;0.8620709101625337;0.15900506483317128;0.9485277757175705;0.547600942011637;0.49160536791195086;0.431842466890416;0.42611032427408263
0.35573499172476053;0.9422140896614826;0.706126972283788;0.8795921678748709;0.8664240490441439;0.21719505091914118;0.9485277757175705;0.5799779512922916;0.5067601638863484;0.4425759750509149;0.43563593512563625
0.5007819303420888;0.9455077767612083;0.7083632787640717;0.8820578411402963;0.8735689841455201;0.3092645198538958;0.9361047244678486;0.5956203352498877;0.5209112791081203;0.4544328283856121;0.4462539418756519
0.59667440238181;0.9075205855443738;0.7103069886691964;0.8362440364920218;0.883077253192319;0.36889619992878525;0.9361047244678486;0.3946034880937726;0.5032899785816287;0.459846372085562;0.4523397472979713
0.3207920521226103;0.8982982616651416;0.712308989298279;0.8241629965126553;0.8870097528467291;0.19241365536666324;0.9153192909589851;0.3552393332436034;0.4824555482260931;0.45936277642451057;0.4539844384041612
0.3237009241823926;0.9137053979871919;0.7144433441594069;0.8409134490969574;0.8903214808151374;0.19389507681752674;0.9153192909589851;0.4370660366037475;0.4777321694370937;0.4578844191549755;0.45458634723031704
0.3296417710380296;0.9033851784080511;0.716421571316757;0.8275583991641028;0.8943365952860896;0.19721808436446;0.8959430393829271;0.3905977800689318;0.4664743972619292;0.45410028169610245;0.4531763931404601
0.46595753411541563;0.8703751143641361;0.7182969324906541;0.787630446030943;0.900639908062862;0.28281366401592106;0.8959430393829271;0.26499733097131867;0.43328267613292126;0.4434030121553261;0.4462924141425716
0.5177017175111363;0.8476852698993591;0.720139376549846;0.7598388125356507;0.9061715761015707;0.3146625292318617;0.8444337313654229;0.1960546902434807;0.3909906878733058;0.42507234265408717;0.43318196660451974
0.3900350614829776;0.8244098810612996;0.7218302647267514;0.7314547128558281;0.9114420747202441;0.23335044950506825;0.8444337313654229;0.13560814281153383;0.34161358961125454;0.3989977224098964;0.4135565733490375
0.3444733710544433;0.8442817932296434;0.7236128179244643;0.7536671107656855;0.9160447774025007;0.20410917085682975;0.8580249202699699;0.24208192051950977;0.3194666451395133;0.37302029917295665;0.39305690068920807
0.32863871170707015;0.8546386093321132;0.7254276024636619;0.7646888149058019;0.9208940350211166;0.1936150466596818;0.8580249202699699;0.2938014893710927;0.31180124880697685;0.35046703695248316;0.37432199223792395
0.3233680908589379;0.875169258920403;0.7273902854279584;0.7875617044866889;0.9250018225120817;0.1898609773984609;0.8778832604019877;0.38903825994355185;0.32316603940555505;0.3350506086903323;0.360384400392205
0.30971280587610395;0.8629460201280876;0.729223585844176;0.7720633504886452;0.929180619200199;0.18087039288608803;0.8778832604019877;0.3465153267969085;0.32485339477181874;0.3231073810053414;0.34890723903276166
0.24756416160197695;0.8548947849954258;0.7310383703833736;0.7614744316542209;0.9320889014516134;0.14175865457483755;0.8584513832233176;0.3191579937531906;0.3220547561875178;0.312906088048967;0.3387743100352788
0.2417236206794359;0.8448673376029276;0.7328965872266959;0.7485382755066574;0.9351085976491655;0.1378534145920392;0.8584513832233176;0.2856182387641138;0.3142976884590205;0.30295254658076753;0.3289451289448768
0.25739414304537933;0.8732296431838984;0.734919389643542;0.7805676819935978;0.939021754604594;0.14727575278187346;0.8702254691092488;0.41938162912467775;0.3314101727464859;0.2989440748621842;0.3236498253602384
0.3451208002589716;0.8497712717291863;0.7368253820214017;0.7518340029189389;0.9440844696524227;0.20131944367276491;0.8702254691092488;0.3380549407535049;0.32911738567752025;0.2952074791009293;0.3188980345555448
0.26127871827254945;0.846221408966148;0.7386810843629066;0.7465039554314197;0.9477334483235296;0.14890971162635033;0.8596751464807539;0.3263787651291224;0.3265130231852813;0.29161638510038257;0.31455155188703754
0.21215160785851392;0.8559560841720044;0.7406810276723208;0.7566792793079218;0.9497677844511523;0.11828529610074748;0.8596751464807539;0.37261151349523475;0.3336139079717634;0.29038438591953986;0.31221476580782814
0.27122724309142887;0.8258005489478508;0.7425623322141499;0.7200987529567818;0.9534372233994046;0.15455424240159682;0.8269116665430536;0.2731422899960482;0.3184513310695861;0.2858950106959208;0.3077580278951108
0.28135358297352375;0.8117108874656909;0.7443734592961588;0.7024231537560731;0.9571303893917416;0.1604702127818606;0.8269116665430536;0.232628405723925;0.29801519125751585;0.2775811170746554;0.3005709723341755
0.31331470074636736;0.794254345837146;0.7460707480231434;0.6808662351129801;0.9619282384148404;0.17971969942082716;0.807424163761775;0.18598889343698638;0.27116615448508974;0.26472571328776295;0.289938796294273
0.21344190690697537;0.8047941445562676;0.7478594731798642;0.6921190826956486;0.9648179516752322;0.11793809000805369;0.807424163761775;0.24058938872716001;0.2605038503523019;0.2519775396690347;0.2791501901297563
0.23153800910960246;0.7946569075937786;0.7495368744833826;0.6791673164890778;0.9674407356896697;0.12886792659521992;0.7933323444337317;0.2117514409533085;0.24720524509731062;0.23870595239865652;0.26777727680130403
0.21199203023767946;0.7765782250686186;0.7509568822371921;0.6570537345490856;0.9695298331472995;0.11669131856198323;0.7933323444337317;0.16345479608107555;0.22606276652552565;0.22320306802495693;0.2545538069022176
0.21560760318972869;0.781774931381519;0.7524859279334617;0.6621966045400646;0.97176808430597;0.1187428412564974;0.7982644811985464;0.19260269467255292;0.21639567782682484;0.2085668848186784;0.24173293362514395
0.2194876190563035;0.7991948764867338;0.7541617290994598;0.681597330078421;0.9745451800745093;0.12091126651197137;0.7982644811985464;0.28654234122032823;0.2249566438845646;0.19883621058606282;0.23241388400002788
0.050189441432733475;0.7935956084172009;0.7559070219520576;0.6739304997209528;0.9738800491321744;0.017140345463322527;0.8106875324482683;0.268221767004397;0.23051264240828157;0.1923355541267608;0.22557631224412625
0.10645651053896202;0.8118938700823426;0.7578075281441325;0.6942215714689366;0.9747124729288184;0.05160698538075172;0.8106875324482683;0.3625373528629546;0.2514954981591934;0.19198375779517207;0.22353306593656103
0.21290846171732877;0.8352790484903938;0.7599386827302173;0.7203400644194194;0.976951153925244;0.11669766100956125;0.8428205888897136;0.467540420663405;0.2881242469558992;0.2001665103816877;0.22830103445744418
0.2451887347318412;0.8336322049405309;0.7621356715457139;0.7170303022751879;0.980399398364691;0.13618081842683652;0.8428205888897136;0.460635209583158;0.31790212449960326;0.21359379933586253;0.23769882730637285
0.19679568137364414;0.8499176578225072;0.7644229538355738;0.734716069495983;0.9827931648231785;0.10641840722127954;0.855707186827857;0.5299007302106726;0.3553633625814304;0.2329921921927275;0.2523708782118304
0.19951306028842516;0.8444281793229651;0.7667717271244348;0.7268000510405961;0.9851997404467696;0.10790802423088325;0.855707186827857;0.5042932938738072;0.38215788874373363;0.25470259902895953;0.2696740192301557
0.19783065622877047;0.8481976212259834;0.769222909214597;0.7296896304955818;0.9873510784113468;0.10673013222394101;0.8636801898687239;0.5210700705671703;0.40720366987978873;0.2778585161705217;0.288887675123457
0.25688805401930437;0.8618847209515099;0.7717801575632546;0.7441558588489777;0.9909222564487699;0.14243382718559405;0.8636801898687239;0.5804803143136519;0.4379995307519855;0.303499572867093;0.31069727928127566
0.21785536796319685;0.8729734675205858;0.7743993540930596;0.7555328708459523;0.9945266179608907;0.11840030316672942;0.879459319142625;0.6254668957181759;0.47100927702872614;0.3316403269578534;0.3350723426236355
0.21206498000720378;0.8682525160109797;0.77708621358087;0.7483072752756571;0.9968673424403918;0.1147087920940475;0.879459319142625;0.5983611409507745;0.4935721307721406;0.35936676579524507;0.35977827050203104
0.18072393527531697;0.8740713632204944;0.7797728444776046;0.7534553008824553;0.9987781431971812;0.09555213785142944;0.893087591782245;0.6234234117912503;0.5155631297916906;0.3866296079534019;0.3846222867826448
0.16636650876081138;0.8940530649588299;0.7826384621855489;0.7751180528613889;0.9995942331591288;0.08679042922197669;0.893087591782245;0.7025606563497784;0.5474310111348359;0.415803927691602;0.4112628941164858
0.14703937919746135;0.8939798719121681;0.7853559528773202;0.7733296270184061;0.9999999999999998;0.0750445504223268;0.9029333234443371;0.7020777255590254;0.5716988599614531;0.444751210166317;0.4380715416576887
0.10944289172886393;0.8935773101555355;0.788058127967111;0.771164125162885;0.9980632370427986;0.052334587644345974;0.9029333234443371;0.6992262482254021;0.5894897682032344;0.47202016814985315;0.46385152821322395
0.14693451390377013;0.8864409881061306;0.7906526366608873;0.7611607983585665;0.9967077006981249;0.07516671621481158;0.9106096566046142;0.6475769938119869;0.5969752477327284;0.49556508290247664;0.486916221499462
0.12015738912774873;0.9162671546203116;0.7934348186266966;0.7944329946809805;0.9944034264602617;0.059019335711981584;0.9106096566046142;0.7668415188897268;0.623901579644963;0.5206231649941482;0.5110186038006834
0.11189582772911927;0.9120585544373281;0.7959175462851187;0.78793677553752;0.9907565969779306;0.05417085562025479;0.9224949936957652;0.7368360626005757;0.6403384403097344;0.5444678686777099;0.5341483840910534
0.09827245827045214;0.9141079597438244;0.7983467836321454;0.7888208204389245;0.9846300334860805;0.04614770716708739;0.9224949936957652;0.7447333353586174;0.6530426466008472;0.5664793259891201;0.5557688488350746
0.14185538620063923;0.9265873741994515;0.8006173787735813;0.8020488417264604;0.978359560313802;0.0731027739627603;0.9351034636208562;0.7915856491278834;0.6704658096051361;0.5881146450880027;0.576899310586132
0.12259664704621823;0.9244647758462943;0.8027887653887511;0.7981965942288316;0.9723728660274806;0.06162121969101678;0.9351034636208562;0.7743719318119937;0.6804841567295458;0.6077379450476974;0.5963006502013726
0.11456761303794755;0.888453796889296;0.8048152252627867;0.7546509741178069;0.969319556517475;0.05684453882841258;0.90525105688645;0.5309274575588849;0.6592820929844678;0.6185372014863126;0.6087742190259277
0.07495132882564548;0.9036779505946937;0.8067038447189958;0.771340561793135;0.9661021349525492;0.03262735503968834;0.90525105688645;0.6002747771568231;0.6521189303113111;0.6255213394123071;0.6177793315159821
0.11936406038417172;0.8855992680695337;0.8083593012793786;0.7490794719560993;0.9589867726887278;0.060316452256101126;0.8931061336497814;0.5020723489060039;0.6311690214521976;0.6262675343015389;0.6214366273391181
0.08661417322834644;0.8825617566331196;0.8096624989941992;0.7446970552984187;0.9455685274858892;0.04067410109146378;0.8931061336497814;0.4864060418073635;0.6108876491443318;0.622177860523086;0.6206687296379305
0.09882414090247985;0.9040439158279963;0.8114514527419949;0.7687958357518183;0.9335794068514074;0.04880912851519823;0.9317659274642143;0.5864890491904109;0.6096702365314247;0.6186248011828508;0.619467798593721
0.1378613863191826;0.9404208600182988;0.8134932282180118;0.8102223545496959;0.9265338502390239;0.07357407369040306;0.9317659274642143;0.7178042999690093;0.6345249134797961;0.6215257849316556;0.6224539974692593
0.12630796657076812;0.9275754803293692;0.8156492992312012;0.7937914069346181;0.9152714992809672;0.0669574463601823;0.9408514425572942;0.6482017945698351;0.6427684608417388;0.6257514949916051;0.6261464015004943
0.15392401369631922;0.934821591948765;0.8180449336902997;0.8007973159864049;0.9050435098969281;0.08497257483319509;0.9408514425572942;0.6731880571824558;0.6529061377126333;0.6314746824978493;0.6307831864389852
0.17358397658312397;0.9063860933211343;0.8200773369322709;0.7661414096627984;0.8913324592152743;0.09834254204415341;0.9172476451828224;0.5309784746754034;0.6377685222256697;0.6325552247202528;0.6318531089010597
0.1845629168965344;0.9094236047575484;0.8225463491262319;0.7681605493136806;0.8812916211898323;0.1060544606471773;0.9172476451828224;0.5431178118972071;0.6265020053098852;0.6308161861158801;0.6305679213518756
0.13401328597677462;0.9339432753888381;0.8253561906120384;0.7951857145905508;0.8684742891687074;0.0745304183962971;0.9447452347400427;0.6346303270655402;0.6344377083446939;0.6312587414717011;0.6306204789911221
0.1218397931874034;0.9361390667886553;0.828690877204532;0.7956743524009486;0.8537145203320133;0.06754286302021409;0.9447452347400427;0.6423162134875384;0.6406580160755808;0.6330501775880832;0.6315339008616092
0.11429861076282663;0.962305580969808;0.8321791769989835;0.8242078217279701;0.837014463868526;0.06358395870142533;0.963602314025068;0.7274255813628538;0.663362613054509;0.6397299161439599;0.6360465858359803
0.18497781871070398;0.944995425434584;0.8354978622162728;0.801806957417621;0.823874323693276;0.11064100492278922;0.963602314025068;0.6368860705248776;0.6662591032224834;0.645743029390099;0.6402083546558333
0.12018018593072508;0.9640988106129926;0.8387918595975323;0.8221702077870706;0.8127992960289181;0.06881352708537383;0.9653081658384632;0.6975090779476316;0.6807937196585917;0.6539121864463531;0.6460854505411416
0.13324731339676923;0.946569075937786;0.8417621720175275;0.7997298170887749;0.8036511450533925;0.07799451343251892;0.9653081658384632;0.611067068098395;0.6769266211818175;0.6595539010348823;0.6502468780782218
0.11762238463677854;0.9597438243366883;0.8444668616091358;0.8135021854798663;0.7932066893758549;0.06826705125163551;0.9763962026255282;0.6544406560853049;0.6816135980402299;0.6651503416700135;0.654424299307846
0.1506184772647484;0.9728087831655996;0.8470108516754804;0.8272463411955049;0.7845522500459066;0.09080050650016236;0.9763962026255282;0.6951963232938512;0.6928670921078609;0.6722279572341279;0.6597506917519548
0.1278809459761363;0.9510338517840804;0.8496348486178453;0.8000391540379147;0.777055535725707;0.07609267539480088;0.9613216643180298;0.5892544463745486;0.6831218002188231;0.675638102745636;0.6624369829446071
0.14477793634220737;0.9517657822506864;0.8522837619873167;0.7992388878935678;0.7681735402881766;0.08801753296052076;0.9613216643180298;0.5918640961788022;0.6738415944767895;0.6762217445552833;0.662957710381842
0.14830688144294643;0.9512168344007321;0.8550965751570869;0.796832217786961;0.7622563937506401;0.09080498676543308;0.9674033968701332;0.5890875386233294;0.664075086849113;0.6744318085196874;0.6615585949240345
0.05134295966333681;0.9635864592863683;0.8582275871023439;0.8093923004028388;0.7540299008897298;0.02572782147231214;0.9674033968701332;0.6367342123322675;0.6636852830215951;0.6729097836271491;0.6601497399349977
0.116482544487961;0.9589021043000923;0.8614427205629545;0.8018787064044359;0.7482634554691521;0.07018490559861296;0.9681265297040724;0.610565263884786;0.6579119870607144;0.6703580675855112;0.6578203336780224
0.12219542331383446;0.9573284537968902;0.8646795701756309;0.7980034018471716;0.7437477519485405;0.0743473175927897;0.9681265297040724;0.6014325081078573;0.650309437949479;0.6665598938887134;0.6544059613590542
0.1335847060808192;0.9270997255260749;0.8675028985348225;0.7607467737659916;0.7394038115948904;0.0823869276792937;0.9440221019061035;0.44471864446694737;0.619963356902989;0.6565089672957718;0.6461770081452123
0.13166065590961523;0.9415553522415374;0.8705017848391092;0.7758385501720899;0.7354746646749704;0.08133584041129913;0.9440221019061035;0.5116976940946065;0.6055102891052843;0.6451284038623578;0.636594525880315
0.08376457285630262;0.9499359560841727;0.8733815751936627;0.783873004579762;0.7306323704279876;0.048863632747232356;0.9567789067714907;0.5485072084474525;0.5991374473652284;0.634551313648523;0.627269799061771
0.1073729420186113;0.9438975297346754;0.87622159070128;0.7750047725249221;0.7305761476496129;0.0650318601835995;0.9567789067714907;0.5171032218257428;0.5884010771266981;0.6236086756553605;0.617440781728924
0.07313214394813272;0.9461665141811526;0.8791249259364902;0.7758495774614809;0.728241011060929;0.04169748449185761;0.9554438923088338;0.5280346836232426;0.5805715554774655;0.6130453154693706;0.6077024002761842
0.14563965549471342;0.9450320219579149;0.8818549891373513;0.7728073344936335;0.7259897788020522;0.09156242309980295;0.9554438923088338;0.5214863594417609;0.5725672990706966;0.6027449997336677;0.598032227489391
0.11360558795234557;0.9200731930466608;0.8845905385239954;0.7417924386306293;0.7231758029541198;0.06975178608556742;0.9317844693317516;0.3903414619542926;0.5467275199501987;0.5885336780198657;0.5853863577512841
0.09451554513994956;0.9244281793229652;0.887518333004162;0.7450708374452951;0.7185766249414562;0.05688737472682107;0.9317844693317516;0.41533141057155126;0.5290973911870506;0.5730906416476597;0.5716288840206883
0.10379384395132427;0.9265141811527906;0.8903855508496266;0.7457234524810475;0.7150468832636305;0.06348353041765151;0.9153749165615954;0.42769925935370684;0.5164059674503733;0.5578034719844273;0.5577909752065713
0.16298802255971623;0.879048490393413;0.8929768592683631;0.6883763920341721;0.7143373070974122;0.1043749016396994;0.9087369279833872;0.2280794001186744;0.47072785243994336;0.5350184145165295;0.5382658564280051
0.2240834545363358;0.8462580054894788;0.8953752368203522;0.6483785516643548;0.7140437279106375;0.1465657392846136;0.8465104205295564;0.134671242614819;0.41068411546535916;0.502915431672935;0.5114588749545231
0.23460189942962398;0.8299359560841726;0.8977491551273884;0.6277295942516036;0.7153330692410165;0.1536938445291742;0.8465104205295564;0.09582086321651662;0.3523666443139894;0.4637570149014298;0.4787672789133543
0.19827747356710693;0.8505763952424523;0.9003601223785163;0.6503252262706692;0.7138239948501994;0.12877434343269104;0.8634576874582809;0.21282305320008715;0.32366645802396177;0.4257982280349348;0.4461546982351155
0.16130105913946627;0.8590667886550785;0.9029091414484975;0.6586957981874294;0.7129982765225369;0.10331490211583325;0.8634576874582809;0.2577489021188259;0.3094252202960045;0.39214032618148903;0.41612024249699736
0.15308509134678952;0.8537602927721863;0.9054174713072465;0.6508946353955658;0.7125296674018611;0.09767660982550108;0.8632722687829117;0.24114411707754618;0.2963722550156612;0.3621977189319375;0.3885234041002177
0.13138709427389902;0.8555169258920401;0.9079589468717773;0.6513646557043945;0.7115587498805047;0.08275572702400358;0.8632722687829117;0.2512681518471896;0.28967312385599864;0.33669559454238196;0.36412008144891783
0.12581555562647895;0.8572369624885638;0.9103888699920253;0.6518615997847244;0.7103638868887103;0.07898467648296853;0.8636801898687239;0.2617383746924085;0.28800108429573684;0.3159075192901439;0.34332303271095405
0.13398137045260772;0.8528453796889304;0.9126121467810728;0.6453131084253207;0.7075347807517967;0.08482593768620578;0.8636801898687239;0.24524495793687;0.28572310463083195;0.29875066240432574;0.32551472467610193
0.12980955550793555;0.8427081427264413;0.9147058124309639;0.6321005539852415;0.7065694511212575;0.082002867613235;0.8439887265445378;0.20778990587607188;0.278706015648071;0.28340366445244813;0.3094530747965136
0.16296522575673986;0.8285086916742914;0.9168863426891081;0.6140646345234073;0.7060085128507734;0.10501395042710968;0.8439887265445378;0.1592870084002636;0.26502262560869216;0.26796410145449395;0.29374040783430505
0.14467307104851615;0.8256175663311982;0.9192003701346652;0.6092207902499288;0.7048355715844921;0.09242501923976065;0.8369428168805157;0.14973523708653652;0.2547163110915531;0.2532308627259316;0.278899606383442
0.1458083518367384;0.8316925892040254;0.9216474375854924;0.6148196458177857;0.70398328928356;0.0932745448387026;0.8369428168805157;0.1959759210156748;0.2538684049889366;0.24124833717542046;0.26642089844106537
0.07229322159860302;0.830448307410796;0.924004668744101;0.6118820904933733;0.7011330351290923;0.04242559863491684;0.8314173403545198;0.19111855141165063;0.25497520729432355;0.23191807716711982;0.2562910653983269
0.1731371592447875;0.8159560841720035;0.926256290826367;0.5934579245180599;0.7013519944815709;0.11244626455475226;0.8314173403545198;0.1366677884606055;0.24770851037793304;0.22277467719070299;0.24672155708706678
0.16026608428433994;0.8039890210430016;0.9285058555889583;0.5779995265426144;0.7010365795368345;0.10353263997768286;0.822257657791293;0.09652593570203993;0.2358497499166916;0.2127196288916095;0.23682783675369085
0.20784301209598363;0.8243366880146388;0.9307867373287388;0.6004582483193767;0.7012730762697237;0.13655528545409804;0.822257657791293;0.25256500611476435;0.24465805070896268;0.20671101681930687;0.23019851360801197
0.14414874458006008;0.8356816102470264;0.933206145259569;0.6122611714676189;0.6999330140842355;0.09241876141059938;0.8408922346658754;0.32837570243814146;0.26283568642515337;0.20610462434407034;0.22796449046446643
0.11625913581879277;0.8294236047575483;0.9356196098224663;0.6034023913751136;0.6986809826710048;0.07311709130836258;0.8408922346658754;0.3002053191254023;0.2750025577980564;0.20843103710591404;0.2284404673164009
0.15701526017991235;0.7988655077767612;0.9378088265414357;0.5661563609486729;0.6984509335044431;0.10147489239046159;0.8178076095824371;0.18321254967373296;0.26417639796473014;0.20779045286867354;0.22724759345517628
0.14800140428306333;0.8206770356816104;0.9399166648379369;0.59044203247551;0.6981899360195094;0.09522579558686639;0.8178076095824371;0.3180831924247029;0.27456398319553044;0.20967835388637368;0.22826349920256186
0.15202731968868685;0.8114547118023792;0.941947239351312;0.578343091052329;0.6977669756684322;0.09805798608147481;0.8184380330786922;0.2829683109255577;0.27828040060296244;0.21204746629989452;0.22999749890322713
0.13338865357522262;0.8093321134492228;0.9438381447182644;0.5746665641271974;0.6972629479167309;0.0851267968705994;0.8184380330786922;0.2748182729183019;0.28202919387229325;0.2148090292604854;0.23232979656979888
0.18039566131245752;0.8069899359560848;0.9457802544858707;0.570700177023798;0.6975138012306428;0.11781447064604078;0.8115775420900402;0.265397171025132;0.285596669906101;0.21784265378096476;0.23512154582596262
0.17667522306671712;0.8002561756633124;0.9477856839810679;0.5615385045019265;0.6982720350307454;0.11516213200268999;0.8115775420900402;0.2379180178459897;0.2857022003096257;0.22029393941594858;0.23768640412162337
0.12810435464530454;0.805306495882891;0.9498368316911341;0.5661824254508694;0.699432167131923;0.08130288320354434;0.8089631387673366;0.2745891522548775;0.29189345265745625;0.22368564562316462;0.24109256385775077
0.15592101363704752;0.7967795059469358;0.9516392723123177;0.5550427149931179;0.699225845009446;0.10065416952681949;0.8089631387673366;0.23735366587422696;0.29264386992705427;0.22657241738814607;0.2442574081322955
0.10308258369846213;0.7972186642268984;0.9533831936184667;0.554465715656044;0.6954336443983202;0.06414738576654322;0.8106689905807309;0.2408261823571916;0.29581807355342327;0.2296153313668879;0.24761918273426356
0.120161948488344;0.8082342177493134;0.9550404789074429;0.5663594349273203;0.6927261823461162;0.0762192227653552;0.8106689905807309;0.32681485880184574;0.30875256790229366;0.23503857199438435;0.2528300734302485
0.13812582923370825;0.8133577310155538;0.95667627663543;0.5713494981938877;0.6890819318903161;0.08900784840005901;0.8263368686494106;0.3648942022789102;0.324786974459435;0.24308240320946858;0.2601480561947921
0.16130105913946627;0.8230192131747485;0.9582965301703643;0.5816767695254978;0.6870733000604525;0.105358669915385;0.8263368686494106;0.4338195460916657;0.34645589961802215;0.2545247342803755;0.2702332360027563
0.1115857912086409;0.8391948764867339;0.9599375854930612;0.5996385054041597;0.6835549060993633;0.07081399837016919;0.8444151894978864;0.5356694580667047;0.3771565899058723;0.27077293005403635;0.2842400822851021
0.12700098938124918;0.8328636779505949;0.9613911961347972;0.5912951436820008;0.6793990627473716;0.08189706060794036;0.8444151894978864;0.493796891431925;0.39777751506911363;0.2885365804070068;0.2998227490079348
0.0929835999799388;0.8336322049405309;0.9626169014754167;0.5914294761163951;0.6739420145429589;0.058330163293141606;0.8407624415931174;0.4987513389484905;0.4155676186900854;0.30685844676096685;0.3162314998512109
0.09933934864974536;0.831216834400732;0.9639315287439549;0.5877702777888762;0.6687233543575577;0.06311426257436772;0.8407624415931174;0.4814491418165235;0.42855966205880547;0.3245181477450221;0.33248060213354647
0.10926051730505312;0.820969807868253;0.9651730068687039;0.5749627256136862;0.6657706268822594;0.07030178862112824;0.8281910554031002;0.4105033798527206;0.43179651847554845;0.3393938829372609;0.34686223847555897
0.09600189669400763;0.8190667886550775;0.9663013324116525;0.5720217332120621;0.6616288822086369;0.061175981961494576;0.8281910554031002;0.3977226310477164;0.43358407754171474;0.3517075411370363;0.3593690915419052
0.09757031673878055;0.7929002744739249;0.9671807222746454;0.5407519207891184;0.6563508184454727;0.06260148266488377;0.7962434176370241;0.24822259953572295;0.4160980140302884;0.3575177793663502;0.3668872621808368
0.09536358621066982;0.784080512351327;0.9681826369534834;0.5297700294600476;0.6476786698000121;0.06154892996065859;0.7962434176370241;0.20753914057455952;0.3966637755783043;0.3576750963764613;0.3697885060890335
0.07413976263968741;0.7781884720951515;0.9692355274418984;0.5221932791678616;0.638904907509231;0.0468735396311955;0.7894014685159085;0.1814712810346651;0.37811081735434143;0.35351372308851653;0.368896023974775
0.086623291949537;0.7852881976212256;0.9701885236308305;0.5299311424543902;0.6306711074064828;0.056284760261797274;0.7894014685159085;0.24480795038742958;0.37016081477248153;0.3483475338723335;0.3666220044659948
0.0585330713220778;0.7818481244281799;0.9712551295837075;0.5252243516347661;0.6234556789132601;0.036425805855340505;0.8015649336201136;0.22756049175449805;0.3627384103625229;0.34249940956386504;0.3632715860601156
0.05571082711360559;0.8056358645928636;0.9725171809051458;0.5523599330170932;0.6167009505260181;0.034704367316343764;0.8015649336201136;0.41686179306317556;0.37614519656021095;0.34091895699900815;0.3626594543003846
0.06291005749353709;0.7985361390667896;0.9738228931217856;0.5432069963998045;0.6105364753441624;0.04022456876837246;0.7939071423273756;0.3754550704572403;0.3826544267474813;0.34115875112504657;0.36319292233644457
0.1091875675355288;0.773833485818848;0.9750357973622394;0.5134467769309686;0.6057111167047329;0.07416935708050806;0.7939071423273756;0.2529517474056609;0.37054115075435823;0.3385514445310975;0.36145132254907014
0.10621030506681742;0.7741262580054897;0.9760589710109935;0.5131494697520724;0.6021476757469033;0.07223716408104505;0.7756990284061409;0.2551907707455347;0.362639936157634;0.3346397826221974;0.3585086232384639
0.1430043450706473;0.7623055809698087;0.9769004147556428;0.498745108788507;0.5972325669841962;0.09947752234736315;0.7756990284061409;0.20319471365849212;0.3490835943873763;0.3283778468364049;0.35355692200048894
0.09201701553374156;0.770759377859104;0.9779288459991067;0.5080253604742135;0.5919410063155202;0.0625083384624357;0.7868056070607441;0.27070735313979216;0.3463902111923025;0.32274590986754764;0.34880285518724474
0.08403357513142357;0.7875937785910345;0.9791351210984063;0.5270328270948236;0.5866767833280719;0.05696298740073399;0.7868056070607441;0.39095735132124115;0.3584962563869575;0.32103783129070335;0.3468257649107902
0.07197862571752936;0.7918755718206771;0.9803674555801818;0.5312874990494326;0.583429531022938;0.04827467702281032;0.8024734851294228;0.41919533366815637;0.372686193800593;0.3229503862871023;0.34759822558804343
0.08778592890133088;0.7974016468435501;0.9815792168652662;0.5370158178589675;0.579938130872873;0.060131523567939445;0.8024734851294228;0.4556824857468426;0.38927621762271947;0.3283140613137031;0.35114665691562597
0.09818583041914203;0.7897895699908508;0.9827640044035766;0.5273371516396933;0.5763398730568752;0.06804034761417646;0.8058295631536012;0.4089060063225182;0.39774721895634046;0.3345624845737984;0.35564092987997037
0.11966041882286427;0.8061116193961579;0.9840105115319622;0.5457179245151965;0.5732666190750302;0.08414351609148535;0.8058295631536012;0.5141957487584077;0.4176324468411121;0.34415631161964405;0.3629434871782301
0.05716070378290147;0.8062580054894788;0.9852849067714162;0.5450913739816396;0.5690520598856839;0.038069395603618765;0.816416969517169;0.5150930255014938;0.4341553244276779;0.35564948809999564;0.3720477356384922
0.12982323358972137;0.8105397987191223;0.9865677598806188;0.549314396183584;0.5672316110250288;0.09213834817796943;0.816416969517169;0.5423586402641931;0.4509435314584282;0.36872345658905314;0.38272630588300766
0.10651578222670052;0.8219945105215007;0.9877815784853743;0.5620015074447807;0.5644029347258699;0.07501941316548355;0.8367573982051475;0.6114086840634871;0.47310437960166907;0.38430357128927317;0.39568042396211
0.07372486082551782;0.8349496797804212;0.9891551822510918;0.5763500159036423;0.5602503581408174;0.050859302711999614;0.8367573982051475;0.6804117272417871;0.5003424212697823;0.4030618433858223;0.4114547956133775
0.11082893734982605;0.8360841720036598;0.9904092328849297;0.5768962247573525;0.5572537872144931;0.07873632927772989;0.8429132982273986;0.686223581804704;0.5224213140029921;0.42317046267476144;0.428709417869816
0.03219364516320232;0.8330100640439166;0.9917469478519729;0.5724492196903861;0.5515212989765732;0.02025042830439671;0.8429132982273986;0.6587815084220199;0.5370639289066573;0.4426409809053311;0.4458944178603073
0.11999781150691427;0.8228728270814276;0.9929888831588718;0.5597702714875674;0.5487635459070159;0.08622193944086592;0.8261514499740414;0.5719504146574546;0.5404394331126555;0.4589974086954943;0.4610110440343593
0.13225337278700033;0.813138151875572;0.994069890349432;0.547664742333062;0.5469296861084001;0.09556196868945377;0.8261514499740414;0.4964340321319602;0.5352495580084321;0.4708832719843271;0.472831603713259
0.14217910080290339;0.8161024702653252;0.995038887913565;0.5505377092481867;0.5431128128101279;0.10333714338668915;0.8217384855002603;0.5174816415044738;0.5328905081845242;0.4798468321983433;0.48232131766618913
0.11549772259938265;0.8111985361390674;0.995950737709113;0.5442093340419452;0.5396625911170072;0.0835216011404156;0.8217384855002603;0.4787884040882296;0.5269009327698668;0.48563360627724383;0.48917478608786946
0.10988514970660515;0.8113449222323883;0.9969304790537405;0.5437673831970175;0.5361257141324465;0.07954779598525466;0.8181413631981007;0.4799641101315059;0.5219063036582455;0.48910886413900895;0.49395143289886234
0.1329281581551003;0.8088563586459285;0.9977977535897944;0.5403025229435633;0.5347155024253163;0.09706224639990421;0.8181413631981007;0.4587425522514071;0.5157805699494629;0.4904735328091797;0.4967599572461216
0.12636267889791136;0.813138151875572;0.9986387401522956;0.5448023730726763;0.5303280624908444;0.09244969464212904;0.8124860935993485;0.4967807071943911;0.5138939362727857;0.49112930348862077;0.4986421056038786
0.13076246187234702;0.7959011893870089;0.9991873587307145;0.5242228732619311;0.5246392457688489;0.09624645665673168;0.8124860935993485;0.357583657472535;0.49928179336299683;0.48827733871639073;0.49750465371341024
0.11924551700869471;0.7803110704483078;0.9995432750334645;0.5056974567203962;0.5169641487802579;0.0880924699221739;0.7881220796558637;0.2594652461491758;0.476095754647385;0.4806379254377415;0.49229462019242953
0.12799948935161332;0.7806404391582804;0.9998399862479603;0.5058982393142345;0.510246644342613;0.09531889968052668;0.7881220796558637;0.26271802744340994;0.4583437240739679;0.470424246682172;0.48458339624127794
0.12752531584970522;0.780164684354987;0.9999999999999991;0.5052394661818093;0.5037193001278508;0.09549186466483386;0.7809463769190836;0.2597269128296071;0.44445021691880376;0.4590427850727145;0.4754398140574746
0.16789389456022685;0.7666239707227813;0.9998566733963861;0.4894327777154811;0.4967721763613995;0.12719467767577944;0.7809463769190836;0.18016097346109378;0.4239823819032295;0.4452078981992483;0.46394262845528456
0.14959262113081262;0.7850686184812448;0.9999074206148899;0.5110545711909626;0.48940957142080954;0.11376407434488528;0.7893643847808356;0.3589350062413799;0.42248071869247494;0.4337929836122185;0.4537988282620288
0.10541241696264517;0.7783348581884724;0.9997480926360742;0.5032491120525846;0.4819184449914271;0.08012049934943744;0.7893643847808356;0.31675464654411417;0.41705476907492744;0.4234072207822988;0.44414596636249365
0.132567968668074;0.7689661482159194;0.9994010913852245;0.4924678601058012;0.474519217874098;0.10187190836994955;0.7743825558110213;0.2620474252142821;0.4066485304921788;0.4126939316849423;0.4340575466281233
0.1851738712163006;0.7648673376029276;0.9991960451915398;0.4877844127689136;0.4652582774716185;0.14394957665193234;0.7743825558110213;0.23921612939045894;0.3963940252874332;0.4017536841987632;0.4236429086459643
0.17682112260576577;0.7332113449222328;0.9988179555545793;0.45085788731170007;0.4594190175353172;0.13802497838857294;0.7364458948305277;0.0989468495291953;0.36579807308404816;0.385931358221999;0.40938775310778036
0.18315407447259593;0.7257456541628553;0.9983017969087156;0.44241671210053135;0.45432569803932066;0.14357351303457308;0.7364458948305277;0.07316004146346239;0.3376768698503828;0.3667752356864873;0.3923058596997847
0.1749837002858719;0.7317108874656908;0.9976825436883265;0.4498077170116837;0.44948675652682835;0.1376479042573862;0.7436030556997704;0.13001729105719034;0.3218440295557864;0.3477916769780832;0.3749945792277369
0.12824113546316265;0.7413723696248864;0.9970946074451197;0.4615184119213873;0.4412555354506109;0.10138658775942011;0.7436030556997704;0.2176182051680547;0.3185792763536429;0.3318504092031967;0.35972392987939233
0.11818318598999675;0.733138151875572;0.9966609701770919;0.4521233045721583;0.4332708693107534;0.09406587596180621;0.7326262701179269;0.1806773131087504;0.3118356458467829;0.3175390734618936;0.3456045067637846
0.16604735351914246;0.7182799634034769;0.9962492776522032;0.4349380617204549;0.43011104600501904;0.13261941594048152;0.7326262701179269;0.12087254429696082;0.29749707331234054;0.30277664033267737;0.3311451723110308
0.11590350569236169;0.7171088746569074;0.9958236410717811;0.4338298907424756;0.422613386041758;0.0931443961431058;0.7278610101609431;0.11639748652547183;0.28759172624685747;0.2886777612590345;0.3171884431836014
0.12916668566400247;0.7249039341262584;0.9953417710870687;0.4432829987696685;0.4155532149456993;0.10444165149111911;0.7278610101609431;0.19082423770511253;0.28796768607322965;0.27748553498545014;0.3054858429138538
0.08798198140692748;0.7171820677035692;0.9947449197919633;0.43459163297972947;0.40900197175175035;0.07170752391016105;0.7196469628420976;0.1563750977561323;0.2848078932702546;0.26780158746012706;0.29509463315731455
0.12486264926206747;0.7086184812442822;0.9940356016882808;0.4249825675740121;0.40418357648395453;0.10199588304272675;0.7196469628420976;0.12046761225207209;0.27828541328812906;0.2585472114927008;0.28523438170607773
0.14020489766515143;0.7327355901189385;0.9934090335535108;0.45368803397321633;0.40082860683737764;0.11477713711612864;0.7399873915300752;0.3271907927886744;0.2936056382717782;0.2546839159954771;0.2796902040828939
0.10190626866488242;0.7332113449222328;0.9926453107741358;0.4547250288105834;0.3944780119075373;0.08414586780869018;0.7399873915300752;0.3308067782177226;0.3082113000303977;0.2549683632458166;0.27771148871110796
0.11702510839879815;0.733906678865508;0.9920966921957151;0.45588504236985394;0.38789917312970723;0.09706680557843744;0.7430838834087377;0.33644469313990705;0.3222546341670694;0.25844106174515813;0.27867611911354656
0.12440671320254046;0.7381518755718206;0.9915243001455663;0.46122740605071577;0.3809464614724385;0.10375782459119703;0.7430838834087377;0.37195767283293885;0.3383480735507758;0.264938100592903;0.2825092789236275
0.12306626118753106;0.7461299176578224;0.9911516966943887;0.4708268762825486;0.3755277547957856;0.10315724669658352;0.7567863235185044;0.43645778466767043;0.3586516677546078;0.27482749640780774;0.2895260764893797
0.12241427262240742;0.7529734675205857;0.9908408128332864;0.47905581197583613;0.3719756615546921;0.10294894652889308;0.7567863235185044;0.48864056572541653;0.3811753011299766;0.28794378556218675;0.29963979154037357
0.11982911516488928;0.7432021957914001;0.9903623717146877;0.46788430855386903;0.36656494986028565;0.10130964558564418;0.7539679596528961;0.41717192853689083;0.39277517045046734;0.3011173205089369;0.3104396553363713
0.13489324257166174;0.7503385178408051;0.9899367351342656;0.47652884416678504;0.36230328045297333;0.11422868408640166;0.7539679596528961;0.4725912892890953;0.4083093898594038;0.31524580368222943;0.32249726314992955
0.11872119054023864;0.7380054894784998;0.9894537221941802;0.46235276241475887;0.35236654913183085;0.10170499897993579;0.742472001780019;0.38626747565427694;0.4122111163132042;0.32745020312764467;0.33353714260606515
0.10141385772059325;0.7328453796889294;0.9887450898637224;0.4567388696340956;0.34364694639820015;0.08797548384601511;0.742472001780019;0.3529470752125878;0.4123106826330316;0.33723673051912373;0.34300468281281826
0.14839806865485183;0.7352241537053983;0.9879827386307936;0.4600091053903823;0.33799286056682165;0.1280856755646824;0.7571571608692427;0.373673756387465;0.4150595638351713;0.3457011652798513;0.35157707999997756
0.19397343716517193;0.7646111619396159;0.9874599508437738;0.4948362927284188;0.33125661520305183;0.16741657406014165;0.7571571608692427;0.5831795624127336;0.4400200755717097;0.3582406006653824;0.36331805319672744
0.17780594449434411;0.7209149130832566;0.9867958937728121;0.4439539448838883;0.3260863547488817;0.154377321403218;0.7357227619965885;0.33409645403523397;0.42752650966541467;0.36538512949506696;0.37108671943648613
0.12583379306886003;0.7366148215919495;0.9862360742317486;0.46273599652396996;0.3185770891662316;0.11099006360514457;0.7357227619965885;0.42451581680050116;0.4301825836663714;0.3717145194717401;0.3781393826383553
0.12848734093530723;0.7266239707227813;0.985644937713503;0.4513773156054618;0.3108141333404857;0.11405018448655954;0.7397463472520958;0.37761249473724373;0.42549425214148545;0.3756946494517624;0.3832625119437908
0.16224940614328245;0.7388472095150966;0.9851877555648203;0.46601353606933305;0.3097402266929934;0.14311665139116683;0.7397463472520958;0.4456251122603428;0.43169263846027844;0.3803110796565989;0.3886688540149572
0.14646945912305256;0.7175480329368717;0.9846864553387897;0.44132286227760487;0.30264025262080674;0.1303849057999065;0.7267670399762665;0.34849686577141564;0.4213183893556478;0.3816069371317028;0.3913606362707124
0.1607311390650575;0.7223055809698078;0.9841481233587155;0.4472453759496533;0.29723134624497183;0.14332423654497423;0.7267670399762665;0.37556535489003035;0.41753488907550784;0.3817693299685385;0.3929049573650871
0.11424389843568339;0.7295516925892045;0.9836283072556613;0.45607780511686313;0.2888618033791437;0.10397200775290377;0.7378365348957949;0.4168137552164904;0.42081642972272754;0.3826575442974023;0.3947304102924698
0.14171404602218585;0.7321500457456542;0.9830563723876606;0.45948652644250876;0.28458036143509413;0.12831466413379508;0.7378365348957949;0.4317856077412397;0.4261253408117304;0.38459490159888465;0.3971609491057131
0.19758445075662587;0.6890759377859101;0.9821714963388848;0.40947289986347546;0.2833885073075857;0.1771364998333733;0.6904249796039466;0.24914757714941055;0.3988581242512338;0.37984386535492587;0.39430048566280707
0.10860396937933423;0.6790484903934129;0.9812633040005254;0.39826988990039175;0.2797481253915821;0.09994727870451892;0.6904249796039466;0.21581645342104766;0.37105526616460116;0.36961833796197646;0.38682762344627397
0.113646622197703;0.6770356816102474;0.9804120308396778;0.39644021913085786;0.2731163306023161;0.10501113164743753;0.6690647482014382;0.20908353202890922;0.3491341877706656;0.3563723822526258;0.3764761155468859
0.12758914689803902;0.6489295516925893;0.9793131935453188;0.36413269581279517;0.2659383839613434;0.11801180559308078;0.6690647482014382;0.12393381659772756;0.31258704496139;0.33733028558588285;0.3610724341882674
0.16072657970446225;0.6315096065873744;0.9781172050443621;0.34443136922988166;0.26246288780821936;0.14763898060087782;0.6370985685678257;0.07994920520217935;0.27297669342368813;0.3129434283431819;0.34082581128208267
0.1687875292368998;0.6313632204940527;0.9770828304329688;0.3449075476353831;0.2575854328328646;0.1553964483354033;0.6370985685678257;0.07958747569979019;0.24431610839201592;0.28681104017838244;0.31842254761131267
0.13698142972429547;0.6510887465690756;0.9763241366572286;0.36854017449181686;0.25127644619772393;0.12796298100249937;0.6401579767114143;0.21033658708638608;0.23939954579345485;0.26476900789419827;0.2984497154123722
0.19565128186423134;0.6178225068618488;0.9754593766229958;0.3300281539587179;0.24613034262539402;0.18087386120518117;0.6401579767114143;0.11781954272550943;0.21357246781084482;0.24116724792692762;0.2768441908546042
0.1851738712163006;0.6001829826166514;0.9744663769960562;0.30994187472798784;0.2408178918418169;0.1722940365505796;0.608247422680412;0.07727012129388561;0.18332543706323184;0.21529634091037447;0.25307232899501275
0.18902197155870862;0.6057456541628552;0.9735938448652943;0.31701895992038587;0.23752653818300362;0.1762188468709569;0.608247422680412;0.11169494559114496;0.16728545672308526;0.19089308859147108;0.2300115701559308
0.18459483242070132;0.5880329368709978;0.9725283818677886;0.2968921518208565;0.23526567755841143;0.1725766807506299;0.594619150040792;0.07033204125397874;0.1451792133918734;0.1662621649347381;0.20649174613025106
0.0583780530618386;0.590997255260751;0.9713063339843595;0.30113780144778274;0.23038452597836234;0.059624298141767736;0.594619150040792;0.08955681281368316;0.13401184481025696;0.14397686487386713;0.18455669561917243
0.27126827733678627;0.6275937785910344;0.9703704821260049;0.34468757469377476;0.22683905223869805;0.25202863530870706;0.6300712007713418;0.2982196452256591;0.1566555423116423;0.1313811418061121;0.17006478978771128
0.18507356528320465;0.6214089661482163;0.9693331358306443;0.33807664309834184;0.22136807729101804;0.17503910322430583;0.6300712007713418;0.2783143037298815;0.17358614895592972;0.12521689643083478;0.16093226155564566
0.2772319209953996;0.6385361390667894;0.9684699759339308;0.3587243116071384;0.21691555992041467;0.25939878798009414;0.6406771490024479;0.36352478688591566;0.2032550075587204;0.12714139486400455;0.15868285053213316
0.22664581519087765;0.6313998170173836;0.9674061130739444;0.3510129424574563;0.21577287923209654;0.2136521410591238;0.6406771490024479;0.3376263417082434;0.22444810928723413;0.13357830619239636;0.1607953582222998
0.07674771690018192;0.6249954254345838;0.9664188282238664;0.34411286674150815;0.209901467431709;0.07791820760043444;0.6321293480679371;0.3142945404733262;0.2393056827575636;0.14216113078797643;0.16548396321835007
0.20360736610297772;0.6280695333943278;0.9653835392481733;0.34837040292712906;0.20735012245217965;0.19406180655117458;0.6321293480679371;0.331189148543563;0.25610788401147433;0.15291005156132664;0.17270696487640902
0.12971836829603015;0.6189935956084174;0.9642975030539747;0.3383958616444671;0.20477874703325982;0.1268468582998628;0.6213750648965366;0.29574821861031203;0.2651696314155858;0.1636031813172194;0.18067630677733715
0.13831276301811432;0.6128453796889302;0.9630132783983258;0.3319825619887615;0.20245719331763912;0.1349998518431891;0.6213750648965366;0.27209691582256074;0.2702498082116376;0.17333161492513383;0.18853675692719762
0.15673257982300562;0.639634034766698;0.9619382145756967;0.3641053424066451;0.20163603127018082;0.1519948802803512;0.6363568938663509;0.4221130005808516;0.2967468743751575;0.187237317156425;0.20015617540441893
0.12137473840668583;0.6217749313815188;0.9609033827821536;0.34378749009871107;0.19896966170737063;0.11987101954648982;0.6363568938663509;0.3484730905410353;0.3063827253235928;0.20058853621377076;0.21191463089103374
0.12937185689078964;0.6305580969807876;0.9599202125714106;0.3547146746154807;0.1963023465014988;0.1275357895346981;0.630479121857153;0.39409232192074833;0.3225924255524958;0.21501525712236524;0.22495657423906154
0.09653534188365423;0.6192497712717291;0.9589567011930624;0.34204260056708846;0.1926020452024262;0.09768737518672932;0.630479121857153;0.347479441532977;0.3287653607325973;0.22798307880815968;0.23724866876264913
0.12175316533609326;0.6090759377859101;0.957912954347619;0.3307526611928343;0.19022392483822625;0.121225139958202;0.6211340206185572;0.30748950555332005;0.3278515218966499;0.2381461658200317;0.2475847773322227
0.15853352725813732;0.6222872827081432;0.9568232606962335;0.3469451615762836;0.18848686450207253;0.15544594323887062;0.6211340206185572;0.38082722125634244;0.3388576969168967;0.24881994787596765;0.25839239887307913
0.16399108189067566;0.6356084172003662;0.9556990497926217;0.3632881772993354;0.18699231862738008;0.1607051847897551;0.6236557146035748;0.449218929665355;0.3591594684604423;0.26205031707617166;0.2712784822974176
0.13259988419224086;0.6007319304666057;0.9542685268493925;0.32324021288683313;0.1834520889083291;0.13207762775057208;0.6236557146035748;0.3099512759755964;0.35052317371211816;0.27063893311230847;0.280655552058547
0.13350719695069962;0.6159194876486733;0.9530297918175359;0.34184611431976564;0.18100072419064994;0.1332236198020542;0.6230252911073206;0.38455858281313776;0.35669627996989883;0.2789363104328526;0.2897112150855805
0.10718600823420524;0.6191765782250691;0.9517137930025532;0.346494331615224;0.17835894134743469;0.10904628610526348;0.6230252911073206;0.4002359106064169;0.36549326159383483;0.2876070232171615;0.2989597330609521
0.10044727327439598;0.6343641354071368;0.9506119840242269;0.36501444932938965;0.17563600513604527;0.10305759186958197;0.6399169324334348;0.47156990232469004;0.3851543184238357;0.29908688032255537;0.31034639615852533
0.08541506139179042;0.6340713632204951;0.9495398918855651;0.36534240378009775;0.17356530473433618;0.08923583095894688;0.6399169324334348;0.4702170851762621;0.40154376124222585;0.3120580466773596;0.32295497963979414
0.05975953932220546;0.6319487648673379;0.9485670082731668;0.36346003115996905;0.16892778519391172;0.06564881944902912;0.6387858785136835;0.4598037850417794;0.4138168523618617;0.32527105181561067;0.33584381609874137
0.042456765863155346;0.6342543458371459;0.9477756259737964;0.36666252785285636;0.1635147523756273;0.04982152834469721;0.6387858785136835;0.4720864794439454;0.4260315772339645;0.3386640406788518;0.3489476760051743
0.05262413999060772;0.6275205855443735;0.947005502644342;0.35923972997748466;0.15828371286287757;0.05978481009476353;0.640324853519247;0.4358837057222073;0.4313116198916879;0.3505985466762503;0.3609539356678476
0.09036652699825376;0.6417200365965234;0.9463357307965206;0.3763291643018858;0.15503035686162048;0.09571977869918555;0.640324853519247;0.5144240242830078;0.44672934603031583;0.36370888736670354;0.37386385441960723
0.08218703409033917;0.6338151875571825;0.945433939008244;0.3676140253945575;0.15243714568473843;0.08823734607646408;0.6504487131943923;0.4696864470762729;0.4534085284805067;0.37574058875118577;0.3859369635302571
0.06142826530007431;0.6554071363220499;0.9446603868126706;0.39344709772484165;0.13945105936093793;0.06967509220875348;0.6504487131943923;0.5795554979612161;0.47519067230756773;0.3903993785843336;0.4000486044471205
0.10592306534931542;0.6236413540713635;0.9434511400294054;0.35691239906986916;0.13223064474975543;0.11300308202293172;0.6272528369057344;0.4181792713599039;0.46871471049267044;0.4006299419451096;0.41071896143357856
0.13528990694345025;0.6197987191216843;0.9421074816944257;0.353243032722264;0.12610347948504752;0.14201407236440244;0.6272528369057344;0.4011396896114064;0.4610234636531975;0.4070370954546943;0.4182166000282682
0.1427262240743358;0.6290576395242455;0.9409626975941228;0.3648299928523115;0.11715993128097835;0.15043754120353306;0.632036638730253;0.4499519442663254;0.4622507649894497;0.4124464236709876;0.42463495893162817
0.15384194520560435;0.6238243366880143;0.9397767671004393;0.35942919885883295;0.11050208832374975;0.16221026943503355;0.632036638730253;0.42428229440989257;0.45963007770556324;0.41616829651143394;0.4294295337543471
0.12401460819134724;0.6468435498627638;0.9388223993650628;0.38705112666675073;0.10766619075030404;0.13352533882112194;0.6465920047467177;0.5398111395774996;0.4751208486757351;0.4227254099126517;0.4361603589350553
0.13741912834144138;0.6347666971637693;0.9377313341672329;0.37355673189523164;0.10477037379378928;0.1470129547943794;0.6465920047467177;0.4779938362020388;0.4784184387737688;0.4287331094081686;0.4423164038156212
0.13117280432592132;0.6495882891125344;0.9366713573555101;0.39162100724406956;0.103246427016644;0.141111979022225;0.6689534969962176;0.5472147647215966;0.4922106894992021;0.4367263892229926;0.4499073336019818
0.142543849650525;0.6761573650503205;0.9357284191738531;0.42340323059479856;0.10093432973163696;0.15257670029129256;0.6689534969962176;0.652811170633657;0.5228400242291313;0.4501988551136575;0.46181109331878445
0.14072010541241695;0.6809515096065883;0.9347989678655813;0.42961374269495767;0.09955549618063375;0.15098603314196665;0.6802084105911144;0.670032519972324;0.5500522241525395;0.467265036639229;0.4767674833774145
0.15393313241750975;0.6670082342177492;0.9337977389599628;0.413871929061018;0.09790517710347113;0.16420514187952737;0.6802084105911144;0.5918916873825775;0.5602856771622573;0.4832827333161894;0.49120626953904284
0.07232513712276989;0.6632753888380609;0.9327295328695664;0.41015888319050076;0.0944808316432113;0.08435727381882185;0.6548245939331006;0.5715133867819429;0.5647242892384511;0.4971225673635641;0.5041260025980467
0.19083659707562609;0.6345837145471176;0.9315175429934088;0.3772348341474186;0.09410137087295567;0.20114112961049016;0.6548245939331006;0.43123868741168264;0.5459352272566296;0.5038526487305903;0.5114811772582912
0.14303626059481417;0.6398536139066788;0.9303773307145926;0.38413591234422034;0.09204236205818694;0.15435369206491187;0.6397685974931404;0.45664016311134964;0.5345213671396571;0.5065991933010504;0.5154348861222404
0.14925066908616735;0.6282891125343095;0.9290467020708517;0.3713930917898678;0.09004095150260949;0.16078623065087558;0.6397685974931404;0.4043620057246556;0.5164454785120062;0.5046194435430881;0.5152722975079032
0.1475500275841316;0.6400365965233306;0.9277409898542137;0.3860023884822389;0.08744404372103332;0.15949625705345088;0.6424015426833787;0.4635800187945442;0.5107633065903149;0.5017226045978117;0.5138809843627816
0.17016901549726665;0.6333028362305582;0.9263952741995647;0.37894019729109646;0.08812542253051325;0.18176809993378934;0.6424015426833787;0.4315910390950815;0.5010559602573879;0.4971619549799539;0.5107227212228307
0.13963497759074267;0.6249954254345838;0.9248881732464307;0.37013168445282496;0.08765113955146941;0.15163309674223402;0.6194281688051619;0.39273728878746955;0.48713055379766673;0.49029554537336206;0.5053044019202284
0.172115862471447;0.6030009149130837;0.9233241531157867;0.34529049532149325;0.08551854251301716;0.18413039434413261;0.6194281688051619;0.3002842935435826;0.45983881737758553;0.47849582954148734;0.49553278338736084
0.20068481596140955;0.5675388838060389;0.921204199492343;0.30498704150285066;0.08357937246438718;0.21280523928403836;0.5731105836979902;0.18412245713598646;0.4123295876188824;0.45807760022381455;0.4783715604066145
0.1873714830232208;0.56903934126258;0.9189939523945361;0.30813325605638037;0.08087311395789798;0.20007889368593876;0.5731105836979902;0.19305882896001053;0.3771220679777068;0.43360724546430446;0.45718887556265037
0.17210674375025645;0.5998902104300097;0.9169025726553874;0.3456616996604588;0.07852800513329439;0.18529966444136975;0.6126974708892678;0.3600497700160164;0.37387007261726307;0.4132794889369948;0.4384635940739773
0.16184818241089868;0.6148215919487656;0.9149661776646392;0.36440393848949393;0.07561018048371548;0.17555862972634895;0.6126974708892678;0.42874369631916726;0.38380429694056933;0.3993128892566451;0.42429053918847065
0.12597057388671812;0.6260567246111624;0.9131271624715618;0.3787458592170309;0.07222890476652255;0.14022650693631716;0.6523770674182305;0.47753377423362736;0.40119637344536074;0.39215857927821696;0.4154016708127901
0.21759548440926643;0.6752424519670637;0.9116054316896713;0.43744211568142133;0.07079445021000152;0.23215961479087724;0.6607579915449087;0.6499153045760642;0.4525713344743665;0.39830688306936424;0.41726982737597723
0.21705747985902454;0.6791582799634037;0.910161193281982;0.4429440170295713;0.06952780431309513;0.23187800127803163;0.6839724097011057;0.661434986962927;0.49618216641145674;0.4133031390296699;0.4269102924027035
0.17012342189131396;0.6762305580969814;0.9085610557615906;0.4405094206706116;0.06574273900870464;0.18549193709105385;0.6839724097011057;0.6472800094968192;0.5281028636432618;0.43267639453164297;0.4410337862441955
0.13845866255716296;0.667227813357731;0.9069682331555802;0.43093830632578256;0.0628867250283176;0.15410231304725197;0.6743862641845286;0.603077922753184;0.5459645825239211;0.4523024938949493;0.4563828895700741
0.11839747593797445;0.6692406221408964;0.9053210058738737;0.4343332793425791;0.060519436575547925;0.13422555799047492;0.6743862641845286;0.6104677916432122;0.560833289339457;0.4714392416174578;0.47219757404913315
0.22866561193458226;0.6712534309240628;0.9036641777670491;0.4377342672444965;0.06030425979531473;0.24547153226866483;0.6623525921530815;0.6182555630393345;0.5731875997300144;0.4896034800397517;0.4879167083294121
0.26648550807234794;0.6414638609332117;0.9017147530850638;0.403983314708671;0.05949668062091962;0.28381149362546815;0.6623525921530815;0.47075623537139427;0.5596840394615992;0.5010144612948453;0.4987859834916411
0.259751332473134;0.6267520585544375;0.8995191358160151;0.38808754865791417;0.05954508035215067;0.27700406646798914;0.641882370392346;0.4090502171709513;0.5373340503085067;0.5049785995904811;0.5038717170035656
0.18549758581856482;0.6455626715462035;0.8974682166970238;0.4114556637805238;0.058718158478773264;0.2022231632633946;0.641882370392346;0.4925796119319165;0.5333392774194708;0.5072267961032646;0.5073741914117124
0.1615290271692298;0.6512351326623973;0.8954790171681024;0.41936122779272156;0.053150899873937174;0.17895251132271925;0.655028554476007;0.5164762821223043;0.5339605244838714;0.5091689113968672;0.5103705737717288
0.23307907299080374;0.6470265324794147;0.893648002662629;0.41556755381925753;0.05146026201534082;0.2518555846499756;0.655028554476007;0.4964547794592296;0.5308129574776711;0.509995262268547;0.5122467756992032
0.16337556821031418;0.6327904849039347;0.891674804508912;0.4000909679768947;0.04884452734008837;0.18155548662109797;0.6360973077208341;0.43064572241660265;0.5172609036770439;0.5075247275733923;0.5112652766041356
0.12099631147727843;0.6281061299176587;0.8896844620246211;0.39583858740709293;0.04903116289337883;0.13843708617973252;0.6360973077208341;0.4096826128531324;0.5028439575018413;0.5022168246608611;0.5076939061109145
0.24270388320741895;0.6336688014638616;0.8876511444183555;0.4036429008530674;0.049015258896437874;0.2621797372845061;0.6355410516947266;0.4391772303500627;0.49556522837440037;0.4962885299516927;0.5032312558258629
0.14258032453528716;0.6261299176578232;0.8854907301747525;0.39614591939452454;0.04733012296110761;0.16064569787263647;0.6355410516947266;0.4026655705216749;0.4841790228953037;0.48891476410879414;0.49727086991779024
0.4766720315143005;0.5851784080512354;0.8829602269817931;0.3496551537469074;0.05151364786453172;0.4990661266108736;0.6048728027886972;0.24171456636757266;0.44475496898075273;0.47390562127340813;0.4849163479331022
0.29705602086363403;0.6140896614821596;0.8808000413292651;0.38494964037431545;0.05296168529411571;0.31638923401223146;0.6048728027886972;0.3892589668395043;0.4359803479214662;0.4598706631677253;0.47273459163278503
0.383442226062217;0.5948032936871002;0.8784386955313179;0.3637872695529234;0.05268968396265028;0.4040615786397297;0.5822702662612178;0.32151650705835283;0.4153292291221471;0.44387062578856157;0.45855260311310314
0.30918392004705253;0.5598536139066788;0.8757527504078064;0.3244398960455993;0.05168429345333014;0.3290357136696751;0.5822702662612178;0.21923212628918815;0.37391257141140066;0.42150001383907515;0.4388867447883945
0.3476010924227986;0.5584263494967976;0.8729945705048001;0.32449231147309227;0.04731069429457446;0.3693469655627458;0.55314099236075;0.21543185546513438;0.3417300798703333;0.3961667779854081;0.41625546820289794
0.25640476179620564;0.5387374199451056;0.8702437055161765;0.30310137501705914;0.044363210839889256;0.2772181338418613;0.55314099236075;0.1643092100045926;0.30351294217903624;0.36706895394789213;0.3900179375605644
0.33462971152925514;0.4902470265324794;0.867304024300144;0.24801648422231176;0.04167234052503477;0.3578119159667939;0.4793629014314318;0.0642209802636452;0.2394970254117892;0.32899786454892477;0.35600679779282884
0.4762115360941781;0.46129917657822483;0.8643417125677546;0.21588826176550718;0.043428915495272724;0.5018114512094034;0.4793629014314318;0.017785840426252697;0.17059050282685218;0.28261803921440026;0.314488701976428
0.443935822440261;0.47670631290027465;0.8613441978099141;0.23585381365914493;0.04539207049064098;0.46812833209730875;0.5010383445820654;0.09380242749082823;0.13175782152648607;0.23654070346614264;0.27210008193095836
0.3160731139065057;0.5422140896614822;0.8588699280212433;0.3143085381151083;0.04519812769551246;0.33784876798569285;0.5259586145516568;0.3519514988592873;0.15434038706178665;0.2048972254430802;0.24026849567056835
0.3474323960807736;0.5105215004574566;0.8562052418676425;0.278771594332661;0.044779809592190745;0.369946278813112;0.5003893792182748;0.2809203474906172;0.15220260366175797;0.1790884429638389;0.21296701992363165
0.3105106939802762;0.4825251601097893;0.853545813308755;0.24757066666552036;0.044714130383202155;0.33231272252096467;0.5003893792182748;0.22533003755225206;0.13348140879853826;0.15411531387739374;0.1865115618156457
0.2822791331743636;0.4927721866422692;0.8509499330685335;0.2612267472775839;0.04604929241828093;0.3031776234398638;0.4991656159608402;0.26111893953784976;0.1305375133731359;0.13345653377612604;0.1636871043122582
0.313579143660893;0.4978591033851787;0.8482653594914664;0.2688805453839549;0.04700232868902243;0.33480098703197375;0.4991656159608402;0.2793013471076154;0.1361351999124868;0.11822302590947353;0.14554809363997645
0.34311468159705283;0.5272461116193963;0.8458166919031216;0.30491429003518206;0.04787180450016071;0.3646112710143079;0.5420158718386112;0.3796530229478107;0.16650630687246887;0.1130543902523024;0.13598685227426177
0.2383861687236982;0.5479597438243369;0.8433552232146129;0.3307737132907617;0.04623962457626596;0.25841426629002123;0.5420158718386112;0.4436935328468196;0.20946419420995954;0.11884621188823857;0.13609153390219236
0.23240884698329903;0.5331747483989027;0.8407936316355427;0.31502130200208195;0.04543385072044237;0.2525033013792015;0.5312430467996734;0.40325542521058605;0.2352868374208545;0.12944677854763753;0.14129626318716781
0.20253591636308924;0.5207685269899365;0.8382226678224223;0.3020673876222538;0.04366119981816152;0.22240808208460047;0.5312430467996734;0.37005298538394565;0.2491664078701615;0.14113452997917586;0.14863049607103263
0.24363855212944938;0.5235864592863679;0.8356274733554239;0.3070014551725636;0.04295446058112673;0.2645196785575867;0.524326930208411;0.3799368537937537;0.2648987059152827;0.15412015845094168;0.1580945047426892
0.20038845752271703;0.5167063129002747;0.8330983417089088;0.3005088163178677;0.038587910761555655;0.22122725962863163;0.524326930208411;0.36000047469413005;0.2746616462428422;0.1667646863781671;0.16823884539248246
0.21832954146510494;0.5135224153705398;0.830526234940419;0.2983824112156404;0.034601939290403116;0.24045634179449457;0.5150930801750349;0.3504596206239187;0.2823965018592688;0.17866768303704422;0.17855130773817546
0.22632210058861343;0.508545288197622;0.8278898940800401;0.29419103876636354;0.029984278254267416;0.24968708753630794;0.5150930801750349;0.3349550312133827;0.2871152355856993;0.18928048772145045;0.18841139438161048
0.27968029763505964;0.5096431838975297;0.8254336829862412;0.2970187508315216;0.028570713812646975;0.3050508735757955;0.5321886820440556;0.33997610699816844;0.2939534083825479;0.19935089987018012;0.19824478007204577
0.34514359706194797;0.5461665141811531;0.8232462949958661;0.3412666803863327;0.029250115368453455;0.3723788456376141;0.5321886820440556;0.49109267657729266;0.3288266617583398;0.2154657584782002;0.21324307562277034
0.3127311025901728;0.5724428179322967;0.8212408655006671;0.373370843302647;0.030573929686796175;0.3385764452938754;0.5602981532299927;0.5793244275773597;0.3776157622669778;0.23963185519190724;0.23522944079354055
0.28857105079583634;0.5388472095150965;0.8191952039763875;0.33521198245314715;0.03111862009013522;0.31354054504420664;0.5602981532299927;0.4578787654452397;0.3920447147136099;0.26229898213450686;0.25675866401066755
0.23272344286437271;0.5324794144556275;0.816909064641897;0.3291685982324544;0.030594132061288803;0.2561465971537716;0.5226210783950167;0.4368409996320483;0.3997201351418108;0.2822063236925644;0.2765918560005223
0.16914315936333088;0.5044464775846302;0.8144455386337208;0.2978019748013538;0.029774087591993847;0.19079298568141875;0.5226210783950167;0.3502003742642991;0.38583930828545226;0.2949246085038193;0.29090951487410954
0.18826967706048905;0.4801097895699913;0.8116704429912129;0.2709698586945956;0.028533919700805432;0.2107490282064232;0.48203293035674477;0.2846306464523701;0.3579878908427737;0.2986633168346793;0.29786638987037395
0.24970250172115863;0.47670631290027465;0.8088772886538358;0.2687241583707786;0.02854982369774639;0.2741275767424548;0.48203293035674477;0.2757870787642139;0.33513925955370394;0.29637441031593426;0.2994433547774623
0.23453806838129018;0.47074107959743827;0.8060162427673783;0.26351354931640014;0.02983340520220601;0.25818929801843776;0.47359638062745724;0.2597372936006153;0.31455768742953666;0.2897872850869124;0.2968388936510662
0.19442025450350844;0.4694236047575484;0.8031778273972794;0.26374512239360315;0.03009259736856773;0.2167858302535404;0.47359638062745724;0.25603807725147015;0.2994573706507069;0.2810281961252946;0.2916893382724099
0.204186404898577;0.4719853613906677;0.8003350687967687;0.26853354379702765;0.03184375638309067;0.22649160038682317;0.4648631610175773;0.26902259694804936;0.2917202238698739;0.2722330211954829;0.28575338791794885
0.25504607233881516;0.450942360475755;0.7974150464131311;0.24565893567753422;0.03181083081104541;0.27884817881600743;0.4648631610175773;0.2070737294078399;0.27221423787355714;0.26068942821974705;0.27695431556145456
0.2126713749663747;0.47498627630375134;0.7947862490582054;0.2755328651174889;0.030450566251065236;0.23551926425763517;0.4669954757843211;0.3260786608553308;0.2773767336118622;0.25264750594484114;0.27034516706354705
0.273256158556324;0.452150045745654;0.7918968578785268;0.25053385685747737;0.03092304391153733;0.29781918364350596;0.4669954757843211;0.25775491713274873;0.2668017435939812;0.24377029412518791;0.2626742093211436
0.10021930524463249;0.44472095150960644;0.7889064294439931;0.24368576693437138;0.02861842580347007;0.11989358928802879;0.4426870874434474;0.2369194049797611;0.25552196963498547;0.23406198884297238;0.25397419781105146
0.13074422442996594;0.434437328453797;0.7857582731681623;0.2335853426987951;0.02568925343715467;0.1518285209245726;0.4426870874434474;0.20833600449472517;0.24168705752790798;0.22309836618531217;0.2439255188471734
0.2165650689147354;0.43740164684354976;0.7826480630106722;0.23901391973307562;0.02478427302744013;0.24075047650765383;0.45258844470815074;0.22443658250499016;0.23590027216592974;0.21299025479400224;0.23424801481529137
0.2675296016486648;0.46129917657822483;0.7796441477027507;0.2689510054668134;0.02312114478517402;0.29389843705173896;0.45258844470815074;0.3466860999380413;0.2521159559712759;0.2086508940315192;0.22904165757160755
0.2667043573809209;0.45317474839890215;0.7765689119796342;0.26133974119094994;0.01870757071518825;0.294169462495476;0.4499369576503751;0.31865374140615327;0.2614741736920383;0.20734190706828204;0.22638229048544295
0.26689129116532695;0.44029277218664253;0.7736504897335168;0.24804498332086644;0.012489451781488414;0.29596299851271873;0.4499369576503751;0.2755886744962663;0.26180058406003825;0.2063701445693184;0.22420369906101525
0.3459597226085014;0.40911253430924077;0.7705949128427942;0.2133544198020325;0.012963992663185264;0.3783453548761061;0.39801972854705836;0.18532091949388646;0.24138360160332306;0.20087476801906556;0.2185214321642715
0.27544921100264896;0.38188472095150994;0.7672730273504644;0.18347075197664137;0.012054198070613031;0.3050112904426304;0.39801972854705836;0.12101057193633985;0.20789865503868832;0.18874074852438394;0.20736905825001672
0.31659744037496185;0.35308325709057664;0.7638357033655909;0.15181197698246657;0.01180824490711041;0.34804937551438286;0.3438589334717794;0.0639890976342476;0.16338181140804142;0.16874655836447844;0.18944991636822334
0.37212133370416134;0.33101555352241574;0.7604667281119468;0.12801565932378023;0.010038946739319599;0.4066358187186432;0.3438589334717794;0.02617522642325537;0.11575721525769883;0.14174609066071153;0.1651560335729349
0.3044421850279717;0.34726440988106155;0.7573409737614014;0.14904971259589972;0.0060179005073461855;0.3370256235946824;0.34259808647927015;0.11067370769216456;0.09485180836708462;0.11531488458334549;0.14047616292928483
0.24852618668757895;0.3343458371454715;0.7542799106848941;0.13580135526818737;0.0033497256259640285;0.27904151644110753;0.34259808647927015;0.08547886788151915;0.07333890516452302;0.08919870725450146;0.115370971517265
0.24461425529683714;0.338700823421775;0.7511219249928676;0.14289247519253634;0.001466864323260042;0.27539197056142417;0.3590076392494259;0.10874670485987226;0.0644935209500172;0.06626176956863611;0.0923227702796901
0.28299495278782105;0.37529734675205884;0.7481278391011434;0.18773172523947407;0.0006062431698781179;0.31601664570175847;0.3590076392494259;0.28503620409168023;0.0897486685835765;0.05374819160782096;0.07753508481634203
0.37116386797915457;0.34598353156450123;0.7448224121661653;0.15538882866843123;0.0015074410073472322;0.4085455373916673;0.348846695839204;0.2123932504987121;0.09221712768860507;0.04430774200780052;0.06550751406268357
0.43637184321270783;0.3479597438243367;0.7416056785680318;0.15972412872598796;0.003895619575017717;0.47622254790344754;0.348846695839204;0.22127722903046304;0.10016917246598483;0.03859294482517689;0.056891167052546154
0.34384873865289134;0.35293687099725535;0.738470323392364;0.16753144961452432;0.005711082317712668;0.37845267503594;0.3496439961432918;0.24466519125444713;0.11456766142723701;0.03734831713322412;0.052426690496118866
0.36362724491517306;0.3425800548947855;0.7353329108970268;0.15733836750575758;0.008009596729656732;0.39843098397327104;0.3496439961432918;0.21683061831807188;0.12240270949972487;0.03816314181978059;0.05026077634093096
0.36023963999288733;0.33668801463860953;0.7319815371561065;0.15252087415757565;0.009948766778286933;0.3942410134530914;0.31769635837721477;0.20100447624191148;0.12834005913485264;0.04018700730199831;0.049689114032487214
0.3936141595502647;0.2875388838060382;0.7284696924809992;0.09702109950094973;0.010863117651063847;0.4288173353251927;0.3093525179856105;0.08998563643752988;0.10042250114564388;0.03535489637894779;0.043977983456429004
0.2818687907207893;0.29774931381518766;0.7250437980498425;0.11115421778781936;0.011251347111524757;0.31193119306929784;0.30393829266483685;0.141583599885374;0.09062289066192275;0.02922470873260824;0.03731452913755512
0.21724441364343064;0.30755718206770366;0.7216183608008366;0.12481445153484744;0.011347372866027383;0.24439246590810662;0.30393829266483685;0.19056418769325129;0.09482933341223676;0.025292585517019017;0.032516238679581366
0.28585367188105537;0.3501189387008239;0.7186471340165461;0.17664242524750817;0.011623156769738241;0.315992877459744;0.33540384187495276;0.37398890268946666;0.13441885558866107;0.03129525359459834;0.036125050641676204
0.25128915920831263;0.3172918572735588;0.7155588686021934;0.1400389850482826;0.011056286738233112;0.2800307277553135;0.33540384187495276;0.28590396858683936;0.14498550168346402;0.03853913393845859;0.04134527787884967
0.3746791349981079;0.36215919487648707;0.7128598937874431;0.19440309210922913;0.012213324007573245;0.40856856872846914;0.3602870281094712;0.4394751856182075;0.19070810620209494;0.05489984060873787;0.05471863073517752
0.26819982765616945;0.35436413540713696;0.710046394844448;0.18701452179443495;0.013245794295468238;0.2971328201850884;0.3602870281094712;0.4176272588033951;0.22413002877514243;0.07571156058384004;0.0726906075724435
0.253929028992974;0.40193961573650494;0.7075933840256896;0.24440382964871415;0.013667980938586899;0.2821400850880533;0.4126678039012095;0.5534104548225462;0.28887945067101717;0.1073232654660633;0.10064542201993842
0.27099471570107003;0.4179688929551695;0.7053534200882172;0.2646251573715922;0.014780487016492705;0.29964815764916647;0.4126678039012095;0.593009478618703;0.35387950099532034;0.14763287361698685;0.13717591602983498
0.27676686621468205;0.39699908508691717;0.7029500135325906;0.2415128180782239;0.01593365574603678;0.30535785994492615;0.4089223466587555;0.5275266102474945;0.3907076335411132;0.18839082348629954;0.17553635871158102
0.23216264151115448;0.4155169258920406;0.700553464709194;0.26475376134396655;0.016172645537905872;0.25886059370652154;0.4089223466587555;0.5755038734383551;0.43452982669987605;0.23112363776630007;0.21675785125027397
0.22665493391206817;0.41624885635864617;0.6981964621416612;0.267089684944613;0.01949993363305058;0.25237521921667116;0.42805755395683454;0.5774160893389246;0.47005140523767225;0.27351823338309433;0.25874803847759553
0.1523829498151179;0.43403476669716357;0.6958362592990843;0.28944858827065834;0.020365884774596443;0.1750967144987362;0.42805755395683454;0.6241490226935358;0.5113992036166481;0.3169885798737468;0.30246088953993405
0.3147645774156632;0.41668801463860916;0.693221634590766;0.2707219595006325;0.02228639986465275;0.34306605317791217;0.40471334272787907;0.5623232052814389;0.5306066404123424;0.3562033211990672;0.34326604350770734
0.2650219533212662;0.3875205855443733;0.690435109394544;0.23822582657052527;0.02266035871164207;0.29141767805656077;0.40471334272787907;0.46808638062171276;0.5234221498251026;0.3859149185693375;0.37637396121177963
0.2214618221940555;0.42173833485818824;0.6877605938247493;0.2800722416345467;0.023125443162725468;0.24618133710297788;0.41952829488986154;0.564299040094274;0.5429723603180929;0.4142018689163228;0.408060587565746
0.20180641866784602;0.4117108874656905;0.6850577329617344;0.26999358555465147;0.023168684840894738;0.22581380961791744;0.41952829488986154;0.5321009360602351;0.5502074950959596;0.4385033277688798;0.4360950294217767
0.19894769957461164;0.4032936870997257;0.6822787512709656;0.2618530113880389;0.023189746890897478;0.22284861964091898;0.407605874063635;0.5048618203856223;0.5489140000231437;0.4576455933604396;0.45931686532325555
0.2623547273730332;0.40662397072278145;0.6794350783061578;0.26754423840598623;0.023292821984585155;0.28849531324104083;0.407605874063635;0.5151953738427726;0.5497252188742824;0.47314686269286793;0.4788207965105432
0.24749121183245262;0.4107959743824341;0.6765482016282993;0.2742506921056206;0.02385161106629341;0.2729679425370263;0.39529407401913463;0.5287239930551937;0.5528047051092022;0.4862594873832232;0.4955853631552674
0.30498930829940407;0.3748215919487654;0.6734661081729536;0.23394852719093245;0.025603715723877762;0.3319972068152791;0.39529407401913463;0.4073149315440309;0.5276485753194218;0.49093649604065653;0.5045059948092502
0.3321357412836423;0.3385910338517846;0.6701213635731893;0.19351016809169275;0.028458612126101235;0.3592032670751017;0.31977304754134783;0.3082298067477845;0.48046591509464426;0.4837751101661982;0.5024487963637242
0.40751109064464797;0.2979688929551694;0.6663980721543155;0.1481533515011496;0.03300543590018701;0.4353560949776288;0.31977304754134783;0.218023965233551;0.4132844628441029;0.4625216777697715;0.4871545255268091
0.40547761581915753;0.301445562671546;0.6626969540696521;0.15455361890575692;0.03787833459533685;0.4315490336913457;0.3082214640658605;0.23141872371089062;0.3641290063407773;0.434160064298254;0.4641278015139671
0.497882177003497;0.31231473010064104;0.6590662420358857;0.16958839711474577;0.04520242607306413;0.5231960492596285;0.3082214640658605;0.2741990289373913;0.33517669928635896;0.4047804598790027;0.4385042262370624
0.4968699989513471;0.3501189387008239;0.6557162398414125;0.21606842189607184;0.05180052158232562;0.519447436793666;0.3418007861751833;0.40820678178040043;0.3424956402762227;0.38296804090009157;0.4178030059876252
0.43767582034295516;0.32991765782250715;0.6520537536483131;0.19464712459132766;0.057787387803749146;0.45719463218121903;0.3418007861751833;0.3548951024403561;0.33483561687063645;0.3637480236646967;0.3984467275753424
0.25353692398178074;0.3356267154620314;0.6484532156363603;0.20360515028834897;0.060458055744111006;0.2705211878632637;0.34176370244010945;0.37462580745282353;0.3348747058341227;0.34838104257367764;0.38179030677773
0.27460116993192873;0.34433668801463835;0.6448942811999379;0.21606011562614086;0.06378276481272471;0.29094620088465734;0.34176370244010945;0.40533371236334464;0.34318622663062714;0.3380080880971348;0.36909646928851153
0.35249328634152344;0.3568161024702654;0.6413353467635146;0.23294031787522185;0.0677543797028548;0.36812524490551135;0.34997774975895624;0.4489556475861855;0.36069895421859366;0.33375657439459355;0.3616178318690019
0.41382124570850176;0.3393595608417206;0.6376806326669442;0.21473641126461956;0.07324547105747659;0.427785527444574;0.34997774975895624;0.39410810821693126;0.3628675911873788;0.3308564931515021;0.3556236258093175
0.2913385826771654;0.3519121683440072;0.6343292589260248;0.2315725043561357;0.0765785189785404;0.3045225496444771;0.35876659497144514;0.4397520177888145;0.37539788288365983;0.33143193424974776;0.3529354551688318
0.2959754524025551;0.3616102470265323;0.6309433679328764;0.24507907210945035;0.08074596794992162;0.30808238885461164;0.35876659497144514;0.474404230405612;0.3937719833585006;0.33613818348596225;0.3542242756610112
0.31851693118557056;0.3392131747483993;0.6275305031929594;0.22092357988204214;0.08450103057900171;0.32948282433216464;0.32626270117926204;0.3991341595662819;0.39254944741695363;0.339620678656108;0.35508398817184195
0.3362346064587902;0.31015553522415384;0.6239551101991836;0.189050560408279;0.08920766803045588;0.345735104324214;0.32626270117926204;0.31411993491816564;0.3710138501019315;0.3374302181583784;0.3516007375071002
0.3452894966009966;0.3255992680695332;0.6203419996781436;0.20944474447264155;0.09385481593659595;0.35336390182275823;0.31626863457687415;0.3740352284068232;0.36703844178322786;0.33475921041109896;0.3478396137213264
0.3496482453300749;0.30404391582799617;0.6163670294864207;0.18662956914661655;0.09784809464958588;0.35651791739363453;0.31626863457687415;0.31306293115675093;0.34923878232630967;0.3285092499743263;0.34114064792195165
0.19307524312790372;0.303348581884721;0.6124679515313769;0.188256022725954;0.09910700346689949;0.20244852960790768;0.28391307572498636;0.31112581006823264;0.33638735860535973;0.3205395681827888;0.33290528406024855
0.33950366800559884;0.24530649588289144;0.6081610670997097;0.12281421580863539;0.10260614069655727;0.34523180607735887;0.2665578877104493;0.17309182850925947;0.2847378955314098;0.3022286389053817;0.3157654408454766
0.3803327421362428;0.2150045745654161;0.6038425245232482;0.08994601927025991;0.10650442526565684;0.3840382304455652;0.21143291552325083;0.1177751339801541;0.2239935276389285;0.2735430564701043;0.28924093882687785
0.3045379316004724;0.20772186642268986;0.5994595192638252;0.08414222797359838;0.10876657540351431;0.3094372423067757;0.21143291552325083;0.1052721726226018;0.1740044117256525;0.23904308053273507;0.25682176033440113
0.33544127771521315;0.21650503202195814;0.5949782198424369;0.09726097884808277;0.11256453584055981;0.3385485996948758;0.1959133723948665;0.144751205815219;0.14500797909822066;0.2047425895812488;0.22350988246369824
0.3166931869474625;0.16354986276303762;0.5901524336720145;0.03811618380744086;0.11623853106901683;0.31936865391565467;0.1837128235555885;0.0559129162265557;0.08668869896827897;0.16382574830375407;0.18370563686913327
0.3693492424622371;0.1618298261665143;0.5851524611029415;0.03922936718968939;0.12104755587375005;0.3690673914605963;0.1652451234888379;0.05336572061514577;0.04431800307680528;0.12130123361407608;0.14150207364483863
0.4040596546740285;0.16973467520585528;0.5803099877840916;0.051543269150212456;0.12517838266839143;0.4013539890611516;0.1652451234888379;0.09019611749768475;0.022112479241758853;0.08215035827207962;0.10123745809586376
0.41599606071244566;0.15626715462031138;0.5752640684090782;0.03889396573835491;0.13075604334690238;0.4111012159283946;0.16797077801676163;0.06713991592077506;0.0;0.04571989519953373;0.06267503632324001
0.315671890174122;0.1806770356816103;0.5704801144052594;0.0705477283282615;0.13419569103124607;0.31384691175179197;0.16797077801676163;0.17974109668953803;0.006495797371811329;0.01807657685768438;0.031232780867622212
0.27323336175334767;0.20131747483989004;0.5657427929806058;0.09774703885057257;0.13712976354797024;0.2725145408636237;0.21590150559964316;0.26589775362968754;0.03251678553091103;0.0019748651850130527;0.009770356496315302
0.30651213473822425;0.2302287282708142;0.5611044514911443;0.13459408189724298;0.14006916605285835;0.30364231775726386;0.21590150559964316;0.3735965356480008;0.07971464112133753;0.0;0.0010701181898649104
0.27418170875716386;0.21522415370539782;0.5565083993504345;0.11985847261730664;0.1428276928303751;0.2721633027281644;0.22387450864050962;0.3335440804940126;0.11017386251825972;0.00545864001644325;0.0
0.3392301063698827;0.2320585544373288;0.5520129272824352;0.142438064942715;0.14649412291434127;0.333204913839747;0.22387450864050962;0.39389402854276073;0.15094609477131204;0.01924721991762479;0.007505598157081683
0.3080030456528776;0.22708142726441016;0.5474897956944398;0.13942876063148868;0.1495052223567901;0.3027926997704273;0.22810205443892295;0.37932424024533323;0.1830468233792923;0.03769593631304258;0.02061728636525717
0.28770477228273506;0.22854528819762132;0.5428985439662908;0.1440237032301513;0.15396186616984298;0.2825252327707181;0.22810205443892295;0.38497917642617935;0.2127973602946993;0.059329678428233;0.038031386063502204
0.255634229855605;0.1917291857273562;0.5381065892748715;0.10380460101476813;0.15658559582734144;0.25164664094713296;0.2065934880961211;0.279538750651714;0.21178356075666527;0.07640240281442462;0.05295117646571196
0.28332778611127574;0.22144556267154591;0.5335100799520136;0.14157063258117142;0.15962377504836534;0.2771289982616103;0.2065934880961211;0.3922918611634049;0.23635858137267413;0.09573939041876045;0.07079341518698862
0.35474105111499166;0.22064043915828035;0.5290973578529243;0.14338999211906894;0.16379371707872625;0.3433359630362451;0.2263591188904539;0.3898941881646197;0.25791109655361627;0.11618934652502133;0.0904967821990672
0.33131049701589843;0.23154620311070495;0.5246624624196263;0.1589715520279687;0.16755815017086895;0.32037595739075236;0.2263591188904539;0.43072280116335065;0.28559456046431597;0.13894642014172737;0.11298252540792225
0.2941653862462328;0.2439890210430007;0.5202529405955794;0.17634168099140118;0.17152529474834544;0.28465604790390614;0.22697100051917163;0.4761907020064436;0.3189137247036528;0.16485148822665424;0.13894287351396784
0.3771366303589584;0.20940530649588274;0.5156651177335458;0.13861546223604448;0.1766117368402591;0.36085761277853134;0.22697100051917163;0.3639803391707482;0.3211534983822666;0.18609311072014;0.161594446443592
0.3198437051187941;0.21039341262580047;0.5110692941839128;0.14265474401866052;0.18126352699415493;0.3063500886486317;0.22467180894459648;0.3678662241091451;0.3255795847584726;0.20410919097569657;0.1818031013104946
0.2872397175020175;0.23846294602012819;0.5066558863116004;0.1783727072009771;0.18393342122655754;0.27547325076947354;0.22467180894459648;0.47305756892480605;0.3518900911032341;0.2246019001885693;0.20428741440119919
0.27171965403571796;0.21383348581884754;0.50224453575896;0.15222199165162498;0.18691468992879812;0.26045988155473615;0.21682859897648932;0.3934572517363664;0.3556958800638271;0.2418755111815782;0.22415686816848915
0.2222414728558467;0.21954254345837176;0.49784164307606726;0.1616826898909971;0.18932298490341037;0.21422463561082408;0.21682859897648932;0.41478869664566004;0.36448043155701915;0.25772433854300925;0.2427600788160805
0.17390769118538815;0.22667886550777672;0.4934702959614352;0.1727992000775631;0.19064499390318113;0.16934883656949662;0.24263887858785038;0.441985868021509;0.37813136479237164;0.2735578649340453;0.2612375802652956
0.2602300653356373;0.2576395242451963;0.48958881951911604;0.2115780237292943;0.1924785098315931;0.24871710984670511;0.24263887858785038;0.5499052144582897;0.4132292629450208;0.29433512596367073;0.28391921473397036
0.2718290786900045;0.26565416285452903;0.48596222212469;0.22325907384803773;0.19337876202600057;0.2592336042391495;0.2551731810427942;0.5753744518075525;0.44759637042612294;0.31889850322908486;0.3100309440268836
0.2203949318147623;0.2434034766697164;0.48229859297621935;0.19943253855219029;0.19311088713698465;0.21185694744504605;0.2551731810427942;0.49014492720482133;0.458399892616188;0.3410456883701676;0.3342846809993281
0.2034751446457149;0.2069167429094234;0.47827813316070156;0.15911676854020212;0.1932088901451614;0.1962378232222474;0.2090224727434542;0.3722475739639341;0.4399886190871895;0.354508950157408;0.35100812618246735
0.23841352488726977;0.21105215004574562;0.47423047100733573;0.1665074870282554;0.19466285933576644;0.2281869211887599;0.2090224727434542;0.38784124898413747;0.4292309806445367;0.362793679097825;0.36282038188838994
0.2935133976811092;0.21357731015553583;0.4702317273438821;0.17197716577753702;0.19731065990755403;0.278374241327929;0.19684046577171177;0.39781629542922;0.4233899886957273;0.36807172289969164;0.37142415269026835
0.2684688299312904;0.1803476669716373;0.4660144506133568;0.13560844930962535;0.19989536029688382;0.2548211423197366;0.19684046577171177;0.2969374023070685;0.39476921246101043;0.3656804546073223;0.3726757490008331
0.234145963370097;0.16365965233302848;0.4616821925724359;0.11873125450310723;0.20193794930940556;0.22293890422124665;0.14477490172810192;0.252791349169278;0.3609789670963083;0.3559591731190328;0.36660813192668396
0.25456278011571654;0.12750228728270807;0.4571515174789864;0.07912180385831946;0.20421153313155038;0.24122404681153495;0.14477490172810192;0.16967590570388985;0.30898570904435274;0.3361675197681946;0.350619965339641
0.31129946336325787;0.13683440073193065;0.45274245283708847;0.09283975186021065;0.20763355746793222;0.2924055634150035;0.13594897278053786;0.2110172839229148;0.27729073530332893;0.3130101066513104;0.3303025534059266
0.2549959193722672;0.13690759377859107;0.44842253871418514;0.09563209067238665;0.20936881248551442;0.24063462074839917;0.13594897278053786;0.2113537241872086;0.25494645587047476;0.2893208488543817;0.30822586104324096
0.2622088278339846;0.13921317474839867;0.4441350845238352;0.10102486481903661;0.21158496998356968;0.24678614387741002;0.13661648001186588;0.2226461893172082;0.24184979807599508;0.26734306036195277;0.2865675148182304
0.28651933852796485;0.13584629460201292;0.43978865383630694;0.09979525044621074;0.21423810054352121;0.268388878427212;0.13661648001186588;0.21335587985795085;0.23191200163238307;0.24746439857915895;0.26595131798252175
0.30061232212794475;0.14781335773101567;0.4355247445266155;0.11651562860490222;0.21854309759655366;0.2802838803148796;0.15028183638655968;0.27630321592203694;0.23601233625413187;0.23250897653481375;0.24911699863215342
0.33077705182625183;0.15421774931381504;0.43139136072037143;0.12662378626420762;0.22151542567348703;0.3069637944847054;0.15028183638655968;0.30940819850473505;0.2469107840559791;0.223063057686092;0.23693343504575837
0.31258064369052885;0.16783165599268024;0.42741776207509474;0.14509564168584488;0.2243873436508148;0.28985283829935127;0.14740784691834063;0.3777640236872463;0.2683945975307914;0.22047081300518073;0.23090833714458828
0.31413994501411124;0.12852698993595624;0.42307155997864054;0.10167576131618217;0.22639159113557628;0.2908204327249127;0.14740784691834063;0.24829111557093148;0.25841220160315104;0.21609028020045223;0.2237584082098381
0.3032248357490346;0.13269899359560844;0.41868055403161364;0.10932454701828498;0.22939099899108495;0.2803257343217252;0.1270859600979004;0.26913949608146376;0.2563549585073627;0.2121104651897961;0.2172641143677047
0.22132504137619738;0.12354986276303759;0.4142714893897157;0.10134594511531869;0.23137203523706762;0.20619728901089898;0.1270859600979004;0.24119754094949492;0.25058331842708187;0.2075928996953837;0.21057719192025265
0.3491421563039999;0.11447392497712716;0.4099966077084547;0.09336920496250978;0.23499462187000741;0.32036514613461153;0.13173996884966188;0.2139566166868116;0.24202196581819718;0.20200048564301404;0.2031579050263322
0.31073410264944445;0.1509606587374197;0.4058133910480075;0.13882455109981368;0.23806297570144364;0.2852168131284317;0.13173996884966188;0.3934059294658348;0.26539454833143006;0.20292750249634306;0.20164275267854215
0.3484217773299473;0.14806953339432738;0.40166972064341877;0.13802643312872642;0.2417660279621494;0.3181191041745149;0.15512126381369074;0.38300887015452806;0.28411645250681905;0.20799538299027043;0.2042358911437171
0.30233120107236156;0.1635132662397072;0.39763577395451666;0.1586842696576099;0.24495146959809144;0.27624339643417267;0.15512126381369074;0.45111128338879897;0.3126721054423727;0.21864834199462632;0.21235572311976902
0.305308463541073;0.1932296431838978;0.39380207304673487;0.1959724042799053;0.24730672259371667;0.2784057154626188;0.17232811688793293;0.5646229944200176;0.35926434899710813;0.2379372682181391;0.22889409457986393
0.3143268787985173;0.13665141811527937;0.38965703109569994;0.13214774219113956;0.2499021689269254;0.2858852095982011;0.15645627827634812;0.3672834282893826;0.35501993092796125;0.25238760693973544;0.2421885019027793
0.3575450578810827;0.14115279048490414;0.3855085602785522;0.14003125162455488;0.25422831399751167;0.32330513532825317;0.14342134539790807;0.3841992610384563;0.3566032542188029;0.26431375305755184;0.2538692577317555
0.2663031336485371;0.1473376029277218;0.38145198307328787;0.14983350941193413;0.256309588407998;0.24196863471957766;0.14342134539790807;0.4081457697720808;0.3639914674722993;0.2755619419777351;0.26533731504097746
0.3001062331018698;0.15385178408051248;0.3774333519863644;0.15999866526834844;0.2600245041907461;0.2711622020156411;0.15513980568122765;0.4338529525479274;0.37608941774756227;0.2873560935340882;0.27757241562341667
0.21209233617077541;0.15776761207685297;0.37337037423101815;0.1671411981393387;0.2617578679222057;0.19308782002683936;0.15513980568122765;0.449728640309544;0.38979925170637725;0.2999594900897953;0.29077796607875495
0.28155875420031096;0.13756633119853623;0.3691492114522301;0.14606990986408125;0.2644623211101229;0.2539103829142906;0.11592375584068737;0.3755815531559569;0.38660726568181647;0.30930460160210727;0.3013157508316907
0.36798599364425133;0.0889661482159192;0.3645641316830872;0.09188696541455343;0.2683594021335083;0.3291737980209528;0.10813617147519006;0.23442651494236283;0.34900378237619223;0.30809125902073975;0.3024643624592831
0.4399965348859476;0.08794144556267147;0.35987161410900725;0.09362383509934546;0.27455164483434746;0.39079621948119475;0.06563821108061907;0.23184595453616635;0.3203932778389625;0.30050925521079264;0.2974270953276913
0.39645464120111795;0.034656907593778374;0.3548858141865452;0.03419261695764997;0.27963224113279095;0.3513730512483036;0.053103908625676155;0.11602064396037426;0.2601317276859941;0.28051838291500164;0.2805775511021517
0.5858140054438765;0.005416285452882086;0.34971256958312313;0.00310582889628086;0.28892464565894804;0.5135190409610221;0.0;0.06661409639531402;0.19371289159207028;0.2491775871056512;0.2523690099592625
0.4237971266909528;0.0;0.3445205805116034;0.0;0.2950423544930423;0.3712143973806582;0.0;0.0579554725684821;0.1410167197443979;0.21192789262533673;0.2173056104504278
0.5389164223609281;0.05222323879231494;0.3397187964039867;0.06431716661102915;0.30314359263209933;0.46824389816114886;0.0644144478231845;0.27525017464797114;0.14271238191888347;0.18251997150722715;0.18765885039456853
0.4830049833811306;0.08032936870997265;0.33510445697733093;0.10020397621141514;0.31044060433125154;0.41800970738819615;0.0644144478231845;0.3698517549607621;0.16899495069190218;0.16506702379307003;0.1677828214729118
0.4854670381025765;0.07582799634034743;0.3306254434666842;0.09772555711799241;0.3177544656704059;0.41803291974958134;0.07848772528368997;0.358503820039577;0.1898929441231751;0.15593378443019212;0.1551946541459664
0.4213897842966502;0.08450137236962485;0.3262556964895724;0.11064553036034674;0.3239017473420551;0.3618002669400361;0.07848772528368997;0.3882024368016153;0.21617179830728794;0.1546997237511521;0.14998356825662962
0.3992677666883996;0.1436047575480326;0.3222919272604914;0.18251481487687232;0.33003209340615136;0.3415307790962407;0.12415634502707062;0.5600460118081474;0.2840234777309304;0.1693916753362517;0.1597308884836024
0.3200078421002238;0.10686184812442834;0.31805430592434814;0.14203435158177835;0.3344326004083802;0.2735076513978426;0.12415634502707062;0.4578581805501731;0.31210396090769693;0.18763408874725068;0.17402524043303585
0.3675893292724628;0.07220494053064952;0.3136216964017926;0.10412496525329751;0.3402599108550881;0.3124438946725982;0.06107691166654261;0.3748992175394585;0.3102623050994263;0.2018024487277551;0.18595982689646967
0.3295733806291006;0.053760292772186524;0.30892529277944814;0.08541366011917662;0.34542363777537965;0.27940016607307433;0.06107691166654261;0.33450491658780074;0.2971042005831389;0.21009655531796412;0.19348074297576845
0.2776513821701645;0.040036596523330026;0.30418751417264644;0.07227056328110171;0.3494726234614387;0.23510649132747183;0.03812207965586234;0.30519890369911223;0.2787550579004748;0.21249171149165308;0.19611113810363673
0.3533595648546247;0.040622140896614756;0.299607691998216;0.07582722213844217;0.3540765296894093;0.29756601544978506;0.03812207965586234;0.30714011762372145;0.26723280365497837;0.21174526813783323;0.19595966164337525
0.33974987347774344;0.03974382433668788;0.2950205549094038;0.07766992515907523;0.3584799595883734;0.2853131362471691;0.05141659867981829;0.30506085003574585;0.2600974812606637;0.2094992795754843;0.19433387641185002
0.3712824113546316;0.06715462031107045;0.2906784674522882;0.1125698639647793;0.36278418293344683;0.31066363001307634;0.05141659867981829;0.4002037289176907;0.2776042536631101;0.21174796247703997;0.19659430450253734
0.38268537220340215;0.04768526989935973;0.28616196500544877;0.09254287431596775;0.36826478624684245;0.3189408128857749;0.06630571831194798;0.34879150189754243;0.2792121912650128;0.21391847182617496;0.19885643617032678
0.30180231524331025;0.09156450137236982;0.28181439136255015;0.14677980952004394;0.3723708543867865;0.2511901413301246;0.06930950085292542;0.4841916503735269;0.31564838832596265;0.22407457400555109;0.2084087366279036
0.3221553009405961;0.09745654162854533;0.2774768757269186;0.1564143665817565;0.37708797987946663;0.267127010813472;0.07969294667358806;0.5006817511273893;0.3505910907500077;0.24027403295900743;0.22388573989367605
0.2990393427225766;0.06525160109789585;0.2729036826936442;0.12147160752244351;0.381071200388986;0.24737079235242068;0.07969294667358806;0.4100690829387011;0.3555181228472699;0.2543721411711304;0.23811995429497515
0.3470539691513662;0.07096065873742008;0.2684136968114279;0.13098686936256682;0.38576365319451966;0.28593170640114224;0.08277089668471316;0.42778453113835874;0.3651831669086987;0.2678840309723408;0.25225858379479893
0.43541893684829636;0.09782250686184835;0.2639895451586236;0.1652937691375383;0.3917173359412449;0.35699349147008197;0.08277089668471316;0.5078142131975614;0.394245157790341;0.2854092022491793;0.2703696180677536
0.4408992882838111;0.10221408966148227;0.25959191007044247;0.17320448876555472;0.39895279487385804;0.3597454100117437;0.11838982422309474;0.5204270906459065;0.4213942539720975;0.3057029660394042;0.29145691059697
0.31479193357923485;0.13687099725526064;0.2553840055739638;0.21652712849241057;0.4024404124516776;0.2564619266727772;0.11838982422309474;0.6135185371581748;0.46933463261927333;0.3330160638252505;0.31943838654515233
0.3474734303261311;0.17913998170173828;0.25136857476208085;0.2686655848466138;0.40698371155617075;0.28213601489890955;0.15805087888452007;0.7069531913205063;0.5387021522980209;0.3708960233090385;0.3577942002925093
0.3689297812874722;0.13580969807868248;0.24700157087786057;0.22053275556065427;0.41254985258284327;0.2983991462906497;0.15560335236965006;0.5692808709180484;0.5601490890742464;0.40615595980812125;0.39487640030336046
0.3268195268295574;0.13613906678865506;0.24262953799000808;0.22365849086245793;0.416622393377885;0.26364232671933696;0.11976192242082595;0.5700623212858373;0.5764080411861471;0.43812103581994244;0.4297109228043104
0.25329071850963625;0.10565416285452889;0.23808629038747142;0.19071625395245884;0.4207912178300828;0.2037668111550913;0.11976192242082595;0.48151178316716053;0.5654077610751693;0.4611511463815529;0.4568226894932867
0.3014238883139029;0.10250686184812441;0.23358670368013357;0.18984037210943483;0.4242120386207504;0.24189204863020305;0.0900949343617885;0.4726948881886223;0.5535891171944775;0.47684417667244466;0.47712199878966266
0.3308226454322045;0.08073193046660565;0.22901191050933623;0.16714320310104552;0.4279560974032983;0.26480681746355694;0.0900949343617885;0.41238511546488404;0.5273545773392421;0.4833363102712493;0.48854356161826257
0.3418152638274008;0.05712717291857272;0.22427116021856897;0.14240183242043114;0.4317202725927882;0.2729125420343889;0.07587332196098773;0.3521458090450767;0.4887581541353557;0.4796111363091409;0.489778069600526
0.3943390978849126;0.13332113449222316;0.2200369677485421;0.2345044744300785;0.4369778760788068;0.3137944307735415;0.11162204257212727;0.5562954242473663;0.5154369092017106;0.48279593724725;0.4960869637864616
0.350172571798531;0.1563403476669718;0.21594564469998012;0.2640916943458776;0.44150853795329814;0.2777547516351098;0.16528220722391085;0.6051929817152188;0.5532471084349295;0.4940809778092303;0.509095155546601
0.29787670577078273;0.17529734675205821;0.21198827602097836;0.28882604766051695;0.444618672014536;0.2356825306018205;0.16528220722391085;0.6435476042750561;0.5963143486498099;0.5130610097382668;0.5289360714632507
0.38162760054529954;0.1529734675205856;0.20786472163093084;0.2652017270740152;0.44943173729416785;0.3011734601792433;0.17299562411926095;0.5787402286433996;0.6121847684923556;0.5319123798622878;0.5488702157684122
0.4230265947503522;0.22477584629460168;0.20429732932475986;0.35173100517179806;0.4549424292504247;0.33274138099802947;0.20429429652154463;0.7124276022141112;0.6768511720146129;0.5619366209362129;0.5791391504294964
0.44428233384550153;0.27776761207685263;0.20115831669190243;0.4159086837326138;0.4610710559635003;0.3481368975569167;0.27367796484461904;0.7882881346232753;0.7649650601230185;0.6063174152738804;0.6231244936339349
0.3934135476840728;0.26781335773101533;0.19795506996715506;0.40622944466713795;0.46607548501172924;0.30713691996093717;0.27367796484461904;0.759547203823425;0.8234429984846283;0.6553351620841068;0.672501324585591
0.4679818902197156;0.27553522415370546;0.19480302764306057;0.4172694798857226;0.4724948539823952;0.36411903858095734;0.28526663205517977;0.7708282737292622;0.8712343853498259;0.7055930171902124;0.7241306595505161
0.40588795827273183;0.2929185727355903;0.1918441447767849;0.4395308561458593;0.4769822741787175;0.31468913254693237;0.28526663205517977;0.7963532061880128;0.9173227992524184;0.7564494350862925;0.7772152653309113
0.3498442978356715;0.282159194876487;0.18870284623318412;0.42886761051671207;0.4807580549875965;0.27033179560894316;0.27532819105540307;0.7610002616527929;0.9405373330422011;0.8024989955200595;0.8266291555654086
0.285999571420104;0.2666788655077763;0.18550691442281586;0.41269630544274016;0.48416305774887425;0.2201569611090715;0.27532819105540307;0.7102921556831385;0.94204100715557;0.8396861136357152;0.868269634772692
0.29458484742099766;0.23670631290027444;0.18218228583759188;0.3795920962690962;0.48721791467479836;0.22635087936770745;0.24857227619965894;0.6180212265014757;0.9156961437871262;0.8633480238815398;0.8973970804818424
0.25046847430116403;0.2593229643183901;0.1790245287366412;0.40812184209580304;0.4884490559731285;0.19198968016198542;0.24857227619965894;0.6633295281594922;0.907101666870189;0.8802915360396335;0.9195633855972127
0.2856804161784351;0.29302836230558116;0.1762750352944611;0.44941374203618445;0.49050161722156993;0.2189562385305129;0.29731884595416425;0.7248421010374493;0.9207921938903834;0.8970099596196687;0.9404547598023036
0.20482015602131956;0.2992131747483988;0.17361080632301107;0.4583436982693029;0.4909101350240741;0.15634583062846838;0.29731884595416425;0.7356411767204272;0.9312366044854214;0.9127981981248717;0.9595819133176731
0.2402874220919258;0.29266239707227815;0.17086839920413688;0.4523713469776705;0.4921414482575064;0.1836205385941785;0.2838945338574499;0.713059773254648;0.9295089612371179;0.9250295642603066;0.9746778637223843
0.3248635611341866;0.27308325709057657;0.1679433478168635;0.43121842811861405;0.49584879889576383;0.24838662324182334;0.2838945338574499;0.6462923346893279;0.9085361056664853;0.9299682391794784;0.9823641563291479
0.31576763674662267;0.2690576395242452;0.16504458440314007;0.4283085126234527;0.49957428868728915;0.24076883533533314;0.2846176666913891;0.6326146476646688;0.8843380492950974;0.9283274801062363;0.9831197793790154
0.35465898262427675;0.29811527904849067;0.16242013027862345;0.46406571577061406;0.5031305943383833;0.27008454495421064;0.2846176666913891;0.6973514153395224;0.8825924425630336;0.9266114971680739;0.9826823412327117
0.3915077349552498;0.3410795974382439;0.16007135698976693;0.5159763225479279;0.508327160863169;0.2974090238557707;0.3456018690202476;0.7783056324867428;0.9088419170942637;0.9313044525638756;0.9870591593852818
0.3450980034559953;0.3464592863677951;0.15770749668999962;0.5237729025701751;0.5123985840800473;0.26114789350242346;0.3456018690202476;0.7876169542696723;0.9286609517096125;0.9396386093443732;0.9942262028200675
0.3287891706067141;0.32914913083257114;0.15528374552875768;0.504969655620617;0.5169390462553567;0.2479345845685849;0.3260031150337461;0.7219933181923821;0.9262733307533519;0.9457542021201206;0.9992098094979456
0.3224790155428603;0.3197072278133577;0.15285450818173096;0.4954069907572699;0.5206651378197389;0.24252394345400993;0.3260031150337461;0.6868246736092081;0.9123898346841881;0.947438471102493;1.0
0.33142448103078026;0.3338334858188472;0.15036286547140776;0.5135518942090556;0.5242706169100235;0.2487452981735572;0.344619150040792;0.7178453589080884;0.9072563656036191;0.9475996416773429;0.9990558510461851
0.28582631571748374;0.3517657822506868;0.14798026070354808;0.5360966861276846;0.5277384619511056;0.21359816851861932;0.344619150040792;0.7555837731494086;0.9118788337524797;0.9487967403965579;0.9986697758516399
0.29277934062527067;0.3444098810612992;0.14554736589933093;0.5289852301631599;0.5310523391082893;0.2183858668935457;0.3468812578802929;0.7250454041114551;0.9052092482495769;0.9482132082072052;0.9964802230824983
0.24881342640508095;0.3456541628545291;0.14309572662701875;0.5319819318579398;0.5333980497057502;0.18479788442880152;0.3468812578802929;0.7279490701732036;0.8961904500692857;0.9456623140467022;0.9923129039469323
0.32249269362464605;0.38009149130832576;0.14080935870145606;0.573842954500115;0.5371582703878925;0.23991884098487434;0.39153007490914415;0.8029881289844301;0.910219414834498;0.9468634189358027;0.991192910823772
0.3435706176565798;0.3980969807868253;0.1385927110535663;0.5963697017633786;0.5413282124182532;0.25513643520278007;0.39153007490914415;0.8373186878800414;0.9298760727940014;0.9523665732318278;0.9938270686008592
0.3251462414910933;0.3778591033851786;0.13631068635841537;0.5740405864398423;0.545199503176329;0.24065414890523537;0.3725988281539716;0.746679348887441;0.9251612308133212;0.9556795886179044;0.9947165476890205
0.28361502582877773;0.36296431838975307;0.13389104983651112;0.5580703503828115;0.5480036787234437;0.20905135674943395;0.3725988281539716;0.684020865011209;0.9053953726617747;0.953762496506848;0.9910929130841726
0.2321580821505592;0.37090576395242447;0.13159805276979153;0.5688299773854639;0.5501425513931213;0.1701840647760544;0.3760476155158341;0.7037359621790951;0.891114671210127;0.9489288311606803;0.9847731729534499
0.3659114845734034;0.37672461116193956;0.1293736330253754;0.577054759943786;0.5551297009635932;0.2695786000428461;0.3760476155158341;0.7184392124711247;0.8797092376359638;0.942426325570326;0.9767769790542591
0.2506554080855701;0.36962488563586504;0.12709000819270333;0.5701505310928753;0.5570577811981399;0.1831742649745132;0.3707817251353558;0.6851400051390573;0.8610400729469839;0.9329102411537618;0.9659294945707445
0.2546676454094078;0.36761207685269914;0.12461025221824862;0.5693410994092947;0.5582021812374789;0.18602484425302884;0.3707817251353558;0.6753784835364613;0.8406911497018423;0.9205951342261902;0.9523633267311171
0.23565055236653612;0.37408966148215983;0.12244389460671368;0.5783028486066306;0.5592928515574223;0.17170043974584454;0.380590373062375;0.6952799108385224;0.8255979232748876;0.9072552983478017;0.9375875931048854
0.1897058756479991;0.38250686184812466;0.12023204737138649;0.589570160555901;0.5604971709798305;0.13730583539158225;0.380590373062375;0.72112633134777;0.8162427385055224;0.8944216288542723;0.9229786098351531
0.2025085601995176;0.3728087831655995;0.11802202886465274;0.5795694115594916;0.5618928541708361;0.14670099567576117;0.38422457909960706;0.6675263242681861;0.7979629462122348;0.8799305896837469;0.9067665928464829
0.18968307884502275;0.39096065873742036;0.1158490421119609;0.6022406592772377;0.562410120925396;0.13709437638735933;0.38422457909960706;0.7259152237519138;0.793695059183554;0.8673515328711672;0.8920334102817626
0.23779345184631304;0.40508691674290986;0.11389733151923487;0.6200472970466769;0.564132050972568;0.17271669928582378;0.400189127048876;0.7672687616772831;0.7974478339438255;0.8581554804958019;0.8801921984283658
0.006209849130757908;0.39019213174748435;0.11182286751958515;0.6038608115483505;0.5612185247005406;0.0004928720421176896;0.400189127048876;0.6834065084960936;0.7857715717787097;0.8481004820753937;0.8677615171059307
0.32594412959526553;0.3494967978042087;0.109448949212549;0.5575726902447299;0.5652101700300609;0.23814005101663452;0.36165912630720154;0.49593808926824917;0.7428746019407075;0.8301438300237436;0.8486445356980428
0.32052760920808465;0.3697346752058559;0.10718521180334584;0.5827497104620478;0.5685817314139872;0.23360089729321196;0.36165912630720154;0.5673801467673818;0.7215051755078576;0.810840450599412;0.8281583457246375
0.2933082264543221;0.33957913998170186;0.10500216704338428;0.5487154854792801;0.5703866201479053;0.21314083329724695;0.36208558926055057;0.45280917928879755;0.6796163859120796;0.7857180645408883;0.8024761878803179
0.28382019705556494;0.38422689844464797;0.10316063734848946;0.6022846252232488;0.5736903531340674;0.20565242262557457;0.36586813023807796;0.5938288453016962;0.6779848055576503;0.7652431292870616;0.7804003555189948
0.271263717976191;0.4167612076852705;0.10153489762777301;0.6414976662961785;0.5766622513732453;0.19596521950298204;0.41988059037306247;0.6757544066928631;0.6988671496547348;0.7536886836364511;0.7658875516600689
0.26337602414637373;0.4173833485818852;0.10008860190041347;0.6431341446840524;0.5792225369780823;0.18980643499369443;0.41988059037306247;0.6772453956132078;0.7133215400071001;0.747785254891618;0.7565586243008099
0.2155848063867523;0.4255077767612079;0.09880186274294633;0.6534781717670745;0.5802568985520999;0.15441065860587935;0.44596899799747813;0.6974963813730757;0.7281770848556738;0.7464953386536848;0.7517263628357549
0.32450337164716014;0.46012808783165626;0.09773228510610288;0.694791696651585;0.583192948322498;0.23433523028080108;0.44596899799747813;0.7759608179483233;0.7629623361621081;0.7535015989900291;0.7546500685814566
0.27078498511368765;0.4535041171088747;0.09649812189573304;0.6877885086192582;0.5857158380426357;0.19443017418101413;0.4548134688125778;0.7467550715039881;0.7821681537572718;0.763544697226232;0.7610810694966854
0.16698658180176812;0.4495882891125347;0.09544728872698549;0.6838497613451118;0.5851753600492973;0.11810496603311402;0.4548134688125778;0.72893009853864;0.7909711862677492;0.773613384984966;0.768416369146927
0.27693100319611175;0.43714547118023805;0.09442891549079313;0.6698801906489448;0.5869054570138172;0.19879522246018824;0.4413520729807905;0.6720430328318769;0.7851563917756377;0.7803246495629255;0.7736115796779947
0.3520692658061634;0.4393778591033852;0.09338974046683823;0.6731520017322861;0.5899797426062747;0.25355512404643055;0.4413520729807905;0.6784191508441109;0.7789132527908846;0.784250993535968;0.7768750183843406
0.26406448759625945;0.45277218664226915;0.09254486785607252;0.689405939870911;0.5914781570207635;0.18875385778394396;0.4607283245568494;0.716738173985036;0.7807403802831513;0.7878142822521446;0.780060465430354
0.20167875657117842;0.46199451052150087;0.09173908431901623;0.7007375538063709;0.5941801171497012;0.14270853918785764;0.4607283245568494;0.7422841149825485;0.7857542728395608;0.7918235260329289;0.7837883122784846
0.23343470311723483;0.4675571820677038;0.09073945555092333;0.7078942646208602;0.5934667584112372;0.16605482920169887;0.4741526366535638;0.7577339100950482;0.7904750861333235;0.7961218089623237;0.7879039477962475
0.19752517906888736;0.473705397987191;0.08981686197487981;0.7156901285853547;0.5937015357931057;0.1397140783800105;0.4741526366535638;0.7750641703708816;0.7953497115426906;0.8006868661914615;0.7923634261309306
0.20639313542668777;0.48358645928636834;0.08884900736611723;0.7278966218829837;0.5923658579527205;0.1463521543274171;0.48283023066083164;0.8026264261224068;0.8030766417572437;0.8061244548860268;0.797657185226464
0.2051347519023932;0.47480329368710006;0.08787086615901085;0.7181981924697367;0.5919602630469514;0.1454717039597419;0.48283023066083164;0.748008725704902;0.7990134874083208;0.8095356100958904;0.8013409137289771
0.18019049008567037;0.4666056724611165;0.08688152398926086;0.709194195864996;0.5939106948447666;0.1269917365436992;0.4669398501817099;0.698040593564744;0.7861966221346538;0.809302806605001;0.8019343978672107
0.20326085469773716;0.46042086001829885;0.08583434827770375;0.7025894223662359;0.593904161310888;0.14389611627387014;0.4669398501817099;0.6606369638846881;0.768170479256338;0.8049510736706772;0.7988794963840782
0.212625781360422;0.46415370539798717;0.08486717944216426;0.707577623882645;0.5954673952588552;0.15059083267552328;0.4883186234517538;0.6752244184022174;0.7536740207779761;0.7981198384238984;0.7934131587737138
0.23524020991296177;0.5109972552607509;0.08423101048227277;0.7629694170301731;0.5972949794262454;0.1669368635019357;0.4943261885337087;0.8231318248154003;0.7742993233408888;0.7974209554922298;0.7927359777264338
0.29790862129494955;0.4819762122598359;0.08324624013400861;0.7295163445194446;0.5999568786764022;0.2124065167527149;0.4649187866201885;0.6639559300674636;0.7655578794203686;0.7948418718993949;0.7904310161039719
0.2677621290390235;0.43923147301006393;0.08210602785519416;0.6800493564287732;0.6027170388373884;0.19003675957571262;0.46306459986649795;0.483767974282621;0.7236603153552414;0.7830968948972885;0.7803110942660647
0.2249998860159851;0.4142360475754807;0.08075482601476036;0.6515518332009346;0.604520122252735;0.15864640883165468;0.4173959801231182;0.3995390394858625;0.6695167657856855;0.7611893946925206;0.7611877455598154
0.2849417997620014;0.41500457456541673;0.07947905922886189;0.653253329632747;0.6080725593640328;0.20185806701768103;0.4173959801231182;0.40253555774818356;0.6256339703913117;0.7335229361491413;0.7364275424328528
0.1975069416265063;0.40999085086916764;0.07823552378444365;0.6481464057409498;0.6095009102244302;0.13811368364206994;0.417247645182822;0.3852796736190172;0.5859726595065234;0.7022248136936359;0.7077340871348898
0.2158446899406827;0.4189569990850872;0.07696547177540225;0.6594681380794215;0.610581522340903;0.1513283212662616;0.417247645182822;0.4238524816853369;0.5605096518759312;0.6713023111489383;0.6784879455563235
0.23191643603900988;0.39648673376029286;0.07547185769565612;0.6340243147434712;0.6118622669161788;0.162860682458691;0.407921085811763;0.3444287161568513;0.5229870050627693;0.6378935570592043;0.6464908320066487
0.18731677069607758;0.41405306495882854;0.07430581462544072;0.6553773001386132;0.6128939634961144;0.13038177574607157;0.407921085811763;0.4202415954764454;0.5063392054091818;0.6073195718898102;0.6162270206787376
0.30221265769688455;0.4179688929551695;0.07306936550432575;0.6607490221873362;0.6160749348194028;0.21331701594201405;0.4117036267892895;0.43670460737965816;0.49604311235637827;0.5804811574052037;0.5887074627794269
0.24005489470156702;0.40003659652333035;0.07170056215116993;0.6405544750244064;0.6185802011915791;0.16799880558556504;0.4117036267892895;0.370001665463733;0.47452657797920866;0.5540383742569166;0.5613963570612959
0.2602665402203995;0.3948764867337604;0.07020466216067955;0.6354338028237594;0.6215936217579054;0.18225675153221324;0.4012645553660157;0.3515351025080395;0.45400140476860185;0.528141180413507;0.5344809976991393
0.22896197037327484;0.40252516010978967;0.0687583664333209;0.6453192665219936;0.624300224134599;0.1593436926132649;0.4012645553660157;0.38868629452892006;0.444051273627061;0.5051241440417419;0.5099644838262989
0.11927743253286158;0.3992680695333948;0.0673049843826572;0.6424060571611724;0.6254224445457714;0.08013227142416182;0.3946636505228809;0.3755919017664367;0.4343563951226636;0.484470217554766;0.4875615955428508
0.2346110181508145;0.38510521500457484;0.0657487363485405;0.6267541803809631;0.6290455469840177;0.1628906195062023;0.3946636505228809;0.31989229967390415;0.41682855528296076;0.4638967343397779;0.4654645551078641
0.25787743526847795;0.3700274473924976;0.06414036954947555;0.6100608692053194;0.6329156341963786;0.17917450655674907;0.37024401097678483;0.26555876170253173;0.3926803538513799;0.441857769263715;0.4423600688845062
0.22587984261087227;0.366148215919488;0.062419078759682556;0.606585124874028;0.6354707617481536;0.15591494054820346;0.37024401097678483;0.2520031016981545;0.3719824966858095;0.41944372598312113;0.4190662948523446
0.2597878073578961;0.3483989021043006;0.0606362969708929;0.5868647511548944;0.638819455763505;0.17984164030402652;0.3619743380553282;0.1929372362359118;0.34386686291791246;0.39501551659949025;0.3941863446203885
0.2117686215685112;0.3714547118023792;0.05886265882507846;0.6150429126250577;0.6416541497912365;0.14516134035824907;0.3619743380553282;0.3255742787856955;0.3407295265732142;0.37474797183577685;0.3727721296913498
0.21239325397006323;0.3592680695333943;0.05721131690403514;0.6017706389684071;0.6436616640429371;0.14540393845953004;0.3786434769710003;0.282087747915267;0.3308819899120321;0.35625836231177055;0.3530288097363044
0.2806012884753042;0.3934858188472097;0.05579770970030662;0.6428270991197218;0.6464015358618795;0.19379259475118218;0.3786434769710003;0.44730752751778996;0.3505399581523616;0.3460092478576612;0.3404048073394814
0.2535095678182092;0.36717291857273526;0.05416191197232045;0.6129611895265952;0.6484903754168563;0.17422063112277367;0.3761774085885925;0.3523354792430717;0.347891991434988;0.3371980628166068;0.3295542057394085
0.20913787050504037;0.3807136322049405;0.05264338146547054;0.629809025965256;0.6495329898757733;0.1424901485292474;0.3761774085885925;0.41088878816532987;0.3575570803081604;0.3323825283703955;0.32258156125364096
0.194666459975653;0.3985361390667883;0.05109239102606278;0.6517039238675936;0.650865143046566;0.13205480989255527;0.3803678706519311;0.4826109324608688;0.3799562587395069;0.33370611420496715;0.3213671139495796
0.2613790242056454;0.34967978042086;0.049311666556941525;0.595463315860092;0.6532024288240257;0.17927255395179753;0.372320700140917;0.3218004582120492;0.36228733941705793;0.3306820401295522;0.31730559222197197
0.2036575190695257;0.347666971637695;0.047425790193625694;0.5942818205682433;0.6545691409503334;0.13809425721931037;0.35668990580731297;0.31607239237635415;0.3484058760292117;0.3250550453440136;0.3115119588185194
0.19726985487555224;0.3617566331198536;0.0454619642739571;0.6120530850847034;0.6556010094653713;0.1334570256641546;0.35668990580731297;0.3751817510122483;0.34967384018382713;0.3208464513086796;0.3071462834171863
0.3601621308627678;0.38268984446477594;0.043598947018074874;0.6377953612919515;0.6597386276965442;0.24851992336804915;0.4021174812727133;0.45641987277966406;0.3679067022617535;0.3216928349983998;0.30726859602580237
0.4903501133001108;0.416395242451967;0.04203355534098563;0.6783454254006007;0.6660818294169955;0.33954508288134244;0.4021174812727133;0.5682361412301264;0.40876047168087126;0.3318104514874516;0.31559254606056386
0.365870450328046;0.41698078682525175;0.040495137410665905;0.6799966545781803;0.6716166782550925;0.25074835956516606;0.399058073129126;0.5700500289852128;0.4421407222013853;0.3476180697187618;0.32945450979687296
0.3977540589707699;0.35937785910338516;0.038776132531618046;0.6134491112792414;0.6755181436235802;0.2725791205695443;0.382147889935474;0.37852530773475707;0.4258354130854074;0.35649632529149144;0.33837435756636647
0.38116710512517726;0.37328453796889294;0.037111075146115446;0.6308183809733712;0.6800081428464335;0.26021123264342116;0.3849477119335458;0.4258294091341925;0.42418533021540006;0.36321762777208316;0.3458687364795729
0.2780571652631435;0.39191216834400766;0.035634605396944075;0.653611788143716;0.6824368121306403;0.18756332634596196;0.3849477119335458;0.4861899987144939;0.43756124201593627;0.37168558216728814;0.35502995311231406
0.30521271696857233;0.41350411710887514;0.03421962664677025;0.6798467120847775;0.6854095700453289;0.2062116028828341;0.42481272713787677;0.5508958651803066;0.4647707069746237;0.38474752249947175;0.3682753492629461
0.19650388229554686;0.43037511436413567;0.03295208913954628;0.7004469775703503;0.6859061186200901;0.13008344930761487;0.42481272713787677;0.5979674081535642;0.4989831710171247;0.40310290812354244;0.38634244558162484
0.23628430348927867;0.4615919487648674;0.03193142999261234;0.7377342529233412;0.6877284587668677;0.15772567125343698;0.4608395757620709;0.676296676634627;0.5490045906572966;0.42934619137336694;0.4115658401881054
0.26775756967842823;0.45339432753888387;0.03099694968070299;0.7286958855464749;0.6895318000848671;0.17951866910035177;0.4608395757620709;0.6450232096447612;0.5814107836001713;0.45782925729948476;0.4394323152653462
0.2826985943491285;0.4263129002744743;0.030114816724819526;0.6974555747029405;0.691078184392832;0.18976734350300162;0.43666098049395563;0.5475564654651583;0.585545869892063;0.4815712478556434;0.4640022806629171
0.19170287558872742;0.44095150960658813;0.029314747964623855;0.7151422011930393;0.6911598535663124;0.12625076740064564;0.43666098049395563;0.5882901039205071;0.598636818471211;0.5035899032671126;0.4874431383833065
0.16923434657523628;0.45826166514181166;0.02843010050692385;0.7360181489133751;0.6911056940091618;0.11057423878283279;0.46134020618556715;0.6342731993139701;0.6205901503965428;0.5262778145534985;0.5115969887978723
0.17389857246419763;0.4577127172918569;0.02744875902477517;0.7359885041224159;0.6913329062465399;0.11381048741252747;0.46134020618556715;0.6321138335342971;0.6359012172271132;0.5479662325887157;0.5350254890592572
0.17383474141586383;0.48007319304666085;0.026536909229228023;0.7628104522090877;0.6922353935972743;0.11369037238784416;0.47183490321145083;0.6910806403886594;0.6629404104409913;0.5715651973526782;0.560073559739917
0.1936178070387409;0.45661482159194877;0.02517130615111096;0.7361264168455739;0.6917832902463965;0.12753079296587136;0.47183490321145083;0.597007783534466;0.6646468370585905;0.5908386910829064;0.581541460485119
0.20462410351572294;0.4790118938700827;0.023921141565537596;0.7632032814921843;0.6915488567347323;0.13523193662052793;0.49250908551509376;0.6570941820826015;0.6807268656529403;0.6099732671434267;0.6027121793545429
0.19163904454039363;0.49848124428179386;0.022810874717460017;0.7867554234572222;0.6919545376080525;0.1261348410229147;0.49250908551509376;0.704851541960041;0.705698859815233;0.6310514689334971;0.6253263215152332
0.17550802675432797;0.48069533394327557;0.021645746011542677;0.7666051286634054;0.6926531099277391;0.11482236658632089;0.48679819031372773;0.6333628706503525;0.7095340861789663;0.6488002763981531;0.6450397205750402
0.13954834973943253;0.4855260750228729;0.020498218818349123;0.7729952280479244;0.6930519133969766;0.08971537403420668;0.48679819031372773;0.6463944411445774;0.7136535103415064;0.6639512409724326;0.6623099710953688
0.010714497398884776;0.4775114364135411;0.01928805767078412;0.7643443911267847;0.6889424065549912;0.0;0.47405992731587965;0.6129096197640391;0.7083568951564398;0.6748480681371164;0.675655673771498
0.11295359938722194;0.4635681610247029;0.01817687645841115;0.7486714622486471;0.6860475352415378;0.07161404733296306;0.47405992731587965;0.5558093296305164;0.6913164369443723;0.6796278122345321;0.6833751934442407
0.1481609819038978;0.4828179322964319;0.017277827763027;0.7718334959500485;0.6839434794300281;0.09640591588737796;0.5010383445820663;0.6163248891012281;0.6900546912333075;0.6831600426804236;0.6893596565490656
0.1613420933848237;0.5115096065873743;0.0164404986577118;0.8060414365436073;0.6834880233446603;0.10567414532056094;0.5010383445820663;0.6955008848833202;0.7082199144142839;0.6901834559248767;0.6976334480037817
0.1573161779792002;0.5318206770356815;0.015694605982136345;0.8303534589957408;0.6834085893275066;0.10286011421056454;0.5263665356374698;0.7447111354913301;0.7351408165945379;0.7020230821048212;0.709555508755273
0.16743795850069984;0.512497712717292;0.014854305192856465;0.8081951950519846;0.6821709144952981;0.11005286492988342;0.5263665356374698;0.6609547593293121;0.7390197127802491;0.712391120325752;0.7201337512434043
0.1558799793916901;0.4880878316559931;0.013950456084910634;0.7801048222622935;0.6820295838414017;0.10196196378526881;0.5003893792182748;0.5654638343586786;0.7210031064649746;0.7165222644746574;0.725341236634691
0.13748751875037044;0.5049588289112537;0.013181247119752548;0.8003928865677155;0.6823405284734843;0.08904582435839872;0.5003893792182748;0.6139164127484695;0.7168620115379564;0.7188702535000973;0.7286572319847853
0.15496810727263607;0.49851784080512296;0.012337060282208157;0.7933601969559814;0.6806862548889747;0.10142762873472627;0.505117555440183;0.5885267419615725;0.7062319740518441;0.7182922503241396;0.7291272323985194
0.1553921278079962;0.5038609332113451;0.011573337502833958;0.8001113326593796;0.6809278237073746;0.10170616478995706;0.505117555440183;0.6049429152121719;0.6994384223736541;0.7162599904526589;0.7279311577090775
0.15147563705665917;0.5107410795974383;0.011108383257623089;0.8084797564028815;0.6747961881300133;0.09943224221438926;0.52534673292294;0.6265112460773259;0.6968758153513118;0.7140420140388675;0.7261518776426902
0.17368428251621992;0.5315645013723698;0.010592910384984222;0.8332489101242974;0.6724699921666366;0.11525485613268607;0.52534673292294;0.6884958453008767;0.7080688191852433;0.7148541178502874;0.7265397400533086
0.1553738903656151;0.5050686184812445;0.01003240507069858;0.8024945160717017;0.668169723328911;0.10269831684744857;0.521119187124528;0.5725717869684162;0.6945777201656747;0.7123862709683182;0.7240537009127288
0.19987780913604677;0.5288929551692592;0.009839017021805674;0.8305848888613928;0.6661087372604684;0.13430615822379116;0.521119187124528;0.6438869397020046;0.6994755134846793;0.7115437780005492;0.7226650280689624
0.16780270734832145;0.5251967063128999;0.00963145632630269;0.8263756149682995;0.6627186068855193;0.11192790879310766;0.5271452940740184;0.6279191961249302;0.6981748833847953;0.7105692333702132;0.7210410060944301
0.22540110974836888;0.5206587374199456;0.009518532335579977;0.8211188917946507;0.662134027538501;0.15275341396418923;0.5271452940740184;0.6075694338333177;0.691404240983437;0.7082250342224155;0.7181856739127245
0.14108485426003856;0.5059835315645014;0.009616826497547137;0.8038289612995122;0.6584847049971903;0.09333555869108787;0.5142030705332639;0.5427927436719162;0.6728555719551;0.7020634391576211;0.71204694480627
0.17868134172863595;0.5143275388838067;0.009948054964265651;0.8134171178188541;0.6528747205194916;0.12049626752498216;0.5142030705332639;0.5729942796691767;0.6624791312798259;0.6947363699877764;0.7046957413701878
0.19135636418348692;0.5374199451052153;0.010327287556599174;0.8402894763713116;0.6481122901274172;0.12995576090898792;0.5325409775272565;0.6504038332312698;0.6696364410418614;0.6905286293831596;0.6996833855173676
0.24243488093229806;0.5190850869167436;0.01018281799761489;0.8188552900270201;0.6467238282106991;0.166524673544156;0.5325409775272565;0.5671048728142538;0.6595153572018503;0.6848236517670842;0.6933865837351477
0.16032535597207848;0.5213906678865508;0.010250709546694381;0.8215194545014755;0.6431958918514453;0.10824114182326808;0.5228992064080691;0.5753051239337013;0.6513848053410061;0.6783808576704116;0.6863937517454022
0.11516032991533268;0.5160841720036604;0.010460327561865768;0.8151584270617129;0.6395125261599255;0.0762109569164463;0.5228992064080691;0.550384749787594;0.639222439129832;0.6704161367060736;0.6780593232774432
0.13036123813996325;0.5005306495882893;0.010508788869626251;0.7968685935207939;0.6366480873595375;0.08730249037653162;0.5083252985240669;0.47974290124702995;0.6163883028799958;0.6587678362721097;0.66657139356621
0.152113947539997;0.5081793229643186;0.010573251552590257;0.805807572081596;0.6336036325072882;0.10314486051650504;0.5083252985240669;0.5124952300798156;0.6027785921708327;0.646304257145084;0.6541757293511548
0.17013709997309975;0.4837694419030192;0.010301685356272294;0.7773210761431465;0.630342109588683;0.11637253331443212;0.47520952310316655;0.4082245529050151;0.5726126912297727;0.6293626423171349;0.6378857621039395
0.13599204847512184;0.4595791399817015;0.009749637911738773;0.749268081568143;0.628411450327605;0.09195857351777476;0.47520952310316655;0.3212745991887112;0.5299831487747784;0.6059584943933092;0.6159394999728327
0.10954319766195988;0.46869167429094283;0.009346860438747662;0.7602183231445481;0.6260947967623929;0.07306896852976133;0.46999925832529854;0.3646260615935168;0.5029419684571863;0.5809864865375365;0.5921687534332525
0.13212571069033277;0.46437328453796933;0.0089946015931881;0.7553693232552505;0.6247671998718052;0.08944525168932801;0.46999925832529854;0.34874165261035;0.4783930664787683;0.5553361076654162;0.5673546569244106
0.140669952445869;0.4555901189387006;0.00856987937706144;0.7453241786781772;0.6228257086992972;0.09575861339997385;0.44617295854038375;0.3162646488125364;0.45274267693910153;0.528888499681852;0.5414792152369994
0.12816818569363833;0.4304483074107961;0.008031090214839054;0.7161458277391316;0.6214639826909494;0.08683183511620449;0.44617295854038375;0.23251805221766192;0.4143064678892701;0.4988485548209611;0.51230834476667
0.16194848834399464;0.44358645928636786;0.0075942526717724945;0.7318433890039592;0.6204009079548869;0.11132889070606558;0.4479158940888528;0.30260146488661216;0.39487487907571334;0.4703263376386856;0.483964112834307
0.14279917384386012;0.4458920402561759;0.007202904752499961;0.7347952654834243;0.6188260683875306;0.09760992512777619;0.4479158940888528;0.3148356350384112;0.3824656179407472;0.4446410256029866;0.4576891299538099
0.15060479918296257;0.43066788655077737;0.006709605214069825;0.7172315145036781;0.6163923270178129;0.10345565787508737;0.42972632203515504;0.26109018439154147;0.36260999163004337;0.4195045278832472;0.4317944262281358
0.16995928490988424;0.4229094236047577;0.005939710475688642;0.7086055963923293;0.6130891958045084;0.11776907863151642;0.42972632203515504;0.23506964686569815;0.34272128952120406;0.3947994384442455;0.40623817144198837
0.16310656593519324;0.41405306495882854;0.004950368305938646;0.698828257414742;0.6102679986822894;0.11304165095509908;0.4168026403619378;0.20591439390885385;0.3222135169589993;0.3702964205188283;0.3808698471999207
0.14894063256568899;0.414016468435499;0.004170644151360925;0.6992737885484316;0.6076352424319327;0.10296373842138862;0.4168026403619378;0.20579101182942255;0.30804021737869597;0.3474188329994952;0.356877124858203
0.0319975926576057;0.40812442817932304;0.0033938916807469965;0.6928433035066641;0.6038505209977463;0.018024076762032736;0.4154490840317435;0.18517942591254016;0.2946190324382302;0.32601538883340475;0.33421267383734166
0.1594089244924292;0.4172735590118939;0.0028493877416657654;0.7039252997095526;0.6036669802762928;0.11092113899133055;0.4154490840317435;0.24962155022253368;0.29317143200177387;0.3085581212652883;0.3149635859129041
0.1770718874385056;0.4005489478499542;0.0023524307460487393;0.684602338043131;0.6034558439709579;0.12381798446210024;0.41687680783208503;0.18769019364267386;0.2818011943576554;0.2919648669905506;0.29675118112269927
0.16679964801736205;0.42766697163769507;0.002046118706428679;0.7166301692030159;0.601892695990542;0.11646711637034979;0.41687680783208503;0.3564961921794278;0.2955240619237157;0.28186135069388735;0.28419287770425294
0.1418280300370676;0.4075022872827083;0.0016511133299674796;0.6932047694601942;0.600144631807856;0.09838432258427413;0.4110917451605727;0.2793324819915584;0.2934439754933311;0.27329787024046237;0.27345838912194376
0.12342189131396211;0.4092955169258925;0.0012755381948252875;0.6955452758304589;0.5988059451031851;0.08503878750328564;0.4110917451605727;0.28983771924962537;0.29540252683584745;0.2668996689047274;0.26503884364778363
0.12176684341787908;0.4020494053064958;0.0008387006517596163;0.6873121870022049;0.5972519096831785;0.0839418112480784;0.4058814803827038;0.2621844294916588;0.2937531788692257;0.26139997568039053;0.2578963209240116
0.1286469185561417;0.40446477584629514;0.000548389987344855;0.6903296543718122;0.5948686312659166;0.08915348424840616;0.4058814803827038;0.27792035584806524;0.2965102376859443;0.25763732363574565;0.25266800564222963
0.1332062791514118;0.43527904849039345;0.00030036867168270476;0.7266602765672827;0.593370302818979;0.0926079771591252;0.43200697174219327;0.4544870983212356;0.3238938965723749;0.26095503163628053;0.2537578314822267
0.11322716102293814;0.42279963403476684;0.00011703863006218285;0.7121245906118819;0.590352927745305;0.07817558343626083;0.43200697174219327;0.3978578844382244;0.3379320640624042;0.26685314482447975;0.25768548061400587
0.10874986891838287;0.4259835315645013;0.0;0.7159357363945087;0.5905137730332859;0.07487810720924676;0.43543721723651974;0.41493817497712;0.35305031403285014;0.2750651681643568;0.2642186324399931
0.15590733555526173;0.4388655077767609;2.7659519995282267e-05;0.7310415475325578;0.5909882279474319;0.10945000283515349;0.43543721723651974;0.48246710423391453;0.37608413419636605;0.28695745355772395;0.27446338011743543
0.1585517647005184;0.45277218664226915;0.0001236677712181944;0.7473075154414275;0.5898943768281;0.11148556385717828;0.47678558184380293;0.5492148530955838;0.4058222726010564;0.303343185817196;0.2891330728052893
0.16539992431461412;0.49471180237877377;0.0003323714220906382;0.7964128943670179;0.5879687036849819;0.11668619075041028;0.47782392642586924;0.7072144775584257;0.46140662295065216;0.3292962311950838;0.31249955795030543
0.14648769656543364;0.49343092406221434;0.0005838216038700494;0.7947516403809012;0.5857019972669195;0.10297422580707571;0.4934361788919377;0.6999725555451091;0.5043342967548248;0.3599784159006272;0.3408341072171962
0.08698348143656334;0.4858920402561755;0.0008686460824964826;0.7857227249663705;0.5823098036707457;0.059395798490754124;0.4934361788919377;0.6562574252162767;0.5321836597448757;0.3909596084392617;0.37046635044120013
0.15280241098988276;0.4846111619396165;0.0013402294688642513;0.7839235582570985;0.5786677883712723;0.10822182535067829;0.5009641771119187;0.6486453317223926;0.5525750666799563;0.4204566190168784;0.3997119657551439
0.1685595612071363;0.5095699908508688;0.002137783727239828;0.812724976395157;0.5766523651048767;0.12004325147393427;0.5009641771119187;0.7384984056641872;0.586484381939089;0.45189000906431864;0.43115619399835037
0.16124634681232303;0.49848124428179386;0.0030459760655991985;0.7991380669619983;0.5737231927385615;0.11489866924217662;0.49115552918489946;0.671448659720083;0.6036811827783805;0.48101056646935186;0.461211414355317
0.17494722540110974;0.47634034766697164;0.00395371122181043;0.7725764774741831;0.5700054400266292;0.1253951228494107;0.49115552918489946;0.5517381837067639;0.5993354220436565;0.5033027918221505;0.4858876549628835
0.12843718796875925;0.47996340347667;0.004782582457373508;0.7763105754426268;0.5666868346541387;0.09115088523755657;0.49391826744789746;0.5669322784530983;0.5973992770953106;0.5206891667581927;0.5063848569816363
0.15738912774872452;0.5003110704483076;0.005819242979510975;0.7995487976889094;0.5649684292765589;0.11281670953251496;0.49391826744789746;0.6472708478827809;0.60986148431873;0.5374780398055924;0.5260427334602759
0.15620369399395428;0.48278133577310145;0.006719206039192294;0.7784054740037385;0.5633014324944963;0.11208242991802772;0.477416005340058;0.5554025217062828;0.6051790479726353;0.5498271185030692;0.5416708480339696
0.16744251786129513;0.4649222323879232;0.0072790255802539505;0.7570885779193285;0.5611226708811397;0.1206509185527796;0.477416005340058;0.47210123733230097;0.5868716171987414;0.5554758911713815;0.5512300638699775
0.16381782618805538;0.4816102470265329;0.008126184101763911;0.7761491760251842;0.5572131245628549;0.11830870529162171;0.4860379737447156;0.542358414394313;0.5838945976243293;0.5593069781289453;0.558544966554928
0.1263216446525539;0.48311070448307447;0.008970370939308303;0.7773817978405705;0.5513670731900218;0.09076221130768883;0.4860379737447156;0.5485416689275482;0.5816218294380131;0.561846655282056;0.5640845266833486
0.05750265582754674;0.4704483074107966;0.009704376879017929;0.7620565866071138;0.5459679671150046;0.03948946410081746;0.46927612549135933;0.48652719202726563;0.5693511993250584;0.5610428936407957;0.5662027850625182
0.1335847060808192;0.461189387008234;0.010445240550958523;0.7507226812868477;0.5416304743276821;0.09699242470737796;0.46927612549135933;0.44333521347263655;0.5519287282980582;0.5563738909804922;0.5644296897048356
0.19350838238445442;0.47516925892040307;0.011310229176268116;0.7665928124700598;0.5384867269539908;0.14243937049928385;0.49282429726322086;0.5096799596782753;0.5480210691502351;0.5517357050155564;0.5619447287053112
0.1733195336685983;0.5029460201280882;0.012655716239840409;0.7983591393386815;0.5343330327907747;0.12762077162671942;0.49282429726322086;0.6223607702807434;0.5650487264688937;0.5519599158410669;0.5628816271024352
0.14610926963602625;0.5150228728270809;0.014012861448206237;0.8116868358653851;0.5317732629912444;0.10727911859276126;0.5205258473633467;0.6649047323925918;0.5865613920153775;0.5571104420507408;0.5676124652249754
0.14215630399992704;0.5177676120768524;0.015325888579223346;0.8140864886060175;0.5303574633932973;0.10440908786688871;0.5205258473633467;0.674529113845884;0.604374424255008;0.5653471074467685;0.5748793967758163
0.19348102622088278;0.562744739249772;0.016654002721147698;0.8660565281768017;0.528615760809388;0.14346703641429326;0.5850700882592896;0.8070291604353983;0.6506211762632379;0.582623162423689;0.5897447197930511
0.18574835065130466;0.5974382433668808;0.018403867395232254;0.9056896087274263;0.5273799772633021;0.1377332417467954;0.5850700882592896;0.8813478335514169;0.7109391600943074;0.6103823163757119;0.6137649045462555
0.18475896940213102;0.5970722781335773;0.019871193501429296;0.9043406991330122;0.5237989989250615;0.13735364514620815;0.6046503003782533;0.8792696246139908;0.7554150189974325;0.6428671433300892;0.6425293124835085
0.1329281581551003;0.6017566331198534;0.0214164691639791;0.908871912591689;0.5212484276534914;0.09817281396039534;0.6046503003782533;0.8889993880276204;0.7907432271808108;0.677018664967855;0.673539492906011
0.20068025660081432;0.5980237877401651;0.022641260140299657;0.9037223116578353;0.5202444126249881;0.14984662482240924;0.5985500259586152;0.8652792349791765;0.8122166753615109;0.7093019774587691;0.7037613720301449
0.19678656265245362;0.5887648673376029;0.023708094684251613;0.8921841866665181;0.5188452047643903;0.14703443973307903;0.5985500259586152;0.8061158598083571;0.8184641747806967;0.7365723027522022;0.7303521307072776
0.1813440083162737;0.5620494053064959;0.02473904042953201;0.8601749730082024;0.5170459898888407;0.1354522005555485;0.5660090484313578;0.6539327919521529;0.7996763644361762;0.7540470663450508;0.7490362114316357
0.16122810936994195;0.5605123513266248;0.025644718266071287;0.857803103308374;0.5157085067298839;0.1202357275506821;0.5660090484313578;0.6457975836113843;0.7802890369529587;0.7635468438561915;0.7608496155308141
0.1834367548295027;0.5383348581884722;0.026407298090075138;0.8312894896899855;0.5148936203136507;0.13727254077713993;0.5410331528591561;0.5342763969104125;0.7452405455577815;0.763047642886616;0.763833952245433
0.14730838147258227;0.5349313815187564;0.02703752368203549;0.8268990531854757;0.5147979384293522;0.10969221830284923;0.5410331528591561;0.5181790552238399;0.7123400454487698;0.7550456180367093;0.7597297671753072
0.2007714438127197;0.5460201280878314;0.02784536453875841;0.839410873508827;0.5126485777184489;0.15076009030373858;0.5303344952903659;0.5651936457245943;0.6923188477693359;0.744017489750636;0.7520709142404579
0.25640932115680093;0.5061299176578222;0.028586228210699893;0.7921165478512031;0.512486185014549;0.19331995189499998;0.5303344952903659;0.3920219970471845;0.6445500040600816;0.7241565387476401;0.7361712963492631
0.26811319980485937;0.5205489478499548;0.02920342411141963;0.8086574819370861;0.5133658049967091;0.2021466244544495;0.5211562708596009;0.4543243910019746;0.6161391069822529;0.7017025735922691;0.7169776707936785
0.19149314500134498;0.5134858188472098;0.02983913588916387;0.7999672618395497;0.5131713463962744;0.14361002371287768;0.5211562708596009;0.4261444735891226;0.5871775486053605;0.6770469500256955;0.6949358764966467
0.16955806117750047;0.5088014638609337;0.030498163956489854;0.7940550593991396;0.5126171995623219;0.12689893868029464;0.5043573388711708;0.4071798468084133;0.5598908578769184;0.6510170289867911;0.6708463576603694
0.2307993926931687;0.49207685269899315;0.03103192411507738;0.7740863568513909;0.5120222181416292;0.17379561705430657;0.5043573388711708;0.3420421617977126;0.5252367811051769;0.6221852107062753;0.6436809282409285
0.22562907777813238;0.4960292772186641;0.0315643127272196;0.7783928713872911;0.5116100037344304;0.16989154362506367;0.5111436623896752;0.36248987172720154;0.5006451759331683;0.5934371156189577;0.6158536562335106
0.2116500781930342;0.5182433668801458;0.03246016114756323;0.8039104486717626;0.509850076029702;0.1594025348631968;0.5111436623896752;0.4699247950934647;0.49785366355936395;0.5697935754690193;0.5916314880770485
0.13947995933050347;0.5157913998170178;0.03356699912952532;0.8003384661785152;0.5062175171608425;0.10445778874748926;0.5112363717273603;0.4588752822737728;0.49375544956490786;0.5499317260027975;0.570282915046559
0.17313259988419225;0.4986642268984447;0.03482059258121417;0.7794461923414183;0.5017982692324887;0.13072301999821145;0.5112363717273603;0.3843098006400249;0.47772206628119096;0.5303372441752695;0.54917095523819
0.15010326951748287;0.5049954254345836;0.03609201613669999;0.7860823291697441;0.49698314073163186;0.11345682256486048;0.5102907364829781;0.41665915650240454;0.47003705295202863;0.5128858019769015;0.5298647039288092
0.19656771334388065;0.5075937785910343;0.03731177810938657;0.7883685583623585;0.49130180318657657;0.1499181442628679;0.5102907364829781;0.4302482081178152;0.4661930157891223;0.4980363661817134;0.5128481209121825
0.1643786275412736;0.4950777676120772;0.03821722735485267;0.7731077923266395;0.4850326195275634;0.1256459807934521;0.4915078246680995;0.37237921143122005;0.45411607032510076;0.48336607092767797;0.4962532111892885
0.18938216104573494;0.4804391582799634;0.03915742244361997;0.7553333771560676;0.48035099863346;0.14556606496842442;0.4915078246680995;0.31050559600770206;0.4341415069857646;0.4670141026050121;0.4785449253857449
0.2147777995613895;0.4798170173833487;0.040058071276525276;0.7540387447393029;0.4796201884821363;0.16541249481850934;0.4787324779351776;0.30792222482016923;0.41867320020660237;0.4503581038545494;0.4607487035807911
0.2070588020735972;0.4704849039341261;0.04084602470978016;0.7425894109093115;0.4783466651811472;0.1595555187816067;0.4787324779351776;0.26877982756758684;0.4004079012605075;0.43281255040841915;0.4423634232961129
0.20512563318120267;0.46803293687099723;0.04154071298470452;0.7392756388416645;0.4755680219966889;0.15837722258676817;0.4707965586293854;0.2585208967444725;0.3852968432256305;0.4152842367782774;0.42408120047630793
0.17850352666542044;0.4666056724611165;0.042335524150189485;0.7371021171393153;0.4711310647528226;0.13808569686965713;0.4707965586293854;0.25225834881198445;0.3735944167090892;0.39855738328259166;0.4065400196742611
0.16131473722125209;0.4763769441903021;0.043112962394024734;0.7480862998531942;0.46867944213249046;0.12489052604920711;0.47077801676184805;0.3255968225707478;0.3730579755002853;0.3850519393823333;0.39174522897868325
0.15805935375622923;0.4582250686184812;0.04371644283028697;0.7263983426413677;0.46607900968132165;0.12259866565784863;0.47077801676184805;0.24192168539892528;0.3604254703707161;0.37132845863795405;0.3770215016817532
0.17952482343876094;0.46470265324794147;0.04450028162420239;0.7335118035676005;0.46345828888810936;0.13971338450926554;0.4582993399095159;0.2896950475879712;0.35685098382724956;0.35952367989835415;0.3640677588525441
0.1645473238832986;0.4452698993595612;0.04534423987067182;0.7101694665240855;0.460221094786446;0.12828381077754364;0.4582993399095159;0.20749120066809995;0.34106649586122023;0.3464323695070274;0.3503225751119435
0.18692922504547962;0.43926806953339437;0.04605424374757572;0.7026786431622145;0.4572351838364499;0.14622498282126367;0.4470258844470809;0.1845599441805887;0.32592463516773257;0.3324603324269202;0.33601915941269145
0.13239015360485845;0.44845379688929565;0.046956264126928104;0.7128973601385259;0.4531387440622212;0.10361780479505506;0.4470258844470809;0.2546780726076279;0.32279949488351933;0.3205605437778025;0.3235056737820651
0.172115862471447;0.47037511436413526;0.04799955379022247;0.7379788582516416;0.4527435512301268;0.13503091891526847;0.4820700140918186;0.4003685394580256;0.33863455378280705;0.31469988621478845;0.31610303092149206
0.1804640517213866;0.48651418115279066;0.049506197561206555;0.7559818390568546;0.4497448311150267;0.1419558927743146;0.4820700140918186;0.49013978371029526;0.3648263563372961;0.31606377504138455;0.31502327530995744
0.1663756274820019;0.4574565416285452;0.05102061342872055;0.7209200711990532;0.44571063184774506;0.13123165350320953;0.4477675591485575;0.35342484111645484;0.36508516201581154;0.31721469104871813;0.31443186393916334
0.17652020480647793;0.43172918572735597;0.052419819394763145;0.6898401572921106;0.44329683494986716;0.13954002248479566;0.4477675591485575;0.2585002076194462;0.3475098949651664;0.3140741223254748;0.3108606274711002
0.05858322428862575;0.44014638609332124;0.05381673945006327;0.6988465884932104;0.43807662734854746;0.046198746895859934;0.4294481940221013;0.30551586715819196;0.3416583880924582;0.3102094982025224;0.30694025919340545
0.15438906847703676;0.41288197621225997;0.05537413043955208;0.6658631066566597;0.43501635446690834;0.12279853701591456;0.4294481940221013;0.21553822951809892;0.31841507937170865;0.30174672346177067;0.2994118965501308
0.16185274177149395;0.41434583714547113;0.05695140885250982;0.666593485564347;0.43110397121943933;0.12916038976934685;0.4115182081139208;0.22401183993016133;0.3032622450923247;0.2914749791203882;0.2903190019874673
0.13400416725558406;0.4032936870997257;0.05841027708895652;0.6527045429711269;0.42601202720425935;0.1073680344946826;0.4115182081139208;0.18934202108360337;0.2852749695234551;0.27910107498304004;0.27934417448489063
0.13784314887680152;0.405013723696249;0.059964010621254005;0.6537504169246268;0.4207674048184469;0.11094220578221078;0.4168582659645481;0.20035663215959326;0.2748090635950996;0.2667834848795776;0.2681835302437817
0.15921287198683257;0.42316559926806985;0.06147865507984207;0.6741113759092683;0.41781734233723045;0.12843408844658996;0.4168582659645481;0.3118670159250418;0.2826250349163457;0.25873553137167693;0.260335594828069
0.12787182725494575;0.42488563586459316;0.06287511795299494;0.6752557794095295;0.4150765248752266;0.1034407999109917;0.4230883334569455;0.3220003571913516;0.29240554674641095;0.2545572541467853;0.2556948160207174
0.1681355406717762;0.415590118938701;0.06403293174453317;0.6636176927559445;0.41246740970140383;0.1362053841111239;0.4230883334569455;0.2838838975879829;0.29538836030121596;0.2519039024198545;0.25249917272500677
0.18292154708223715;0.3844464775846297;0.06508993687228948;0.6263935736967349;0.4107466831999462;0.14835067311975655;0.3899354743009713;0.17575693974859025;0.2766971656731174;0.24546205040464333;0.24640306446527696
0.14710776960639038;0.3905946935041169;0.06608019340633486;0.6329910434064187;0.40712418253455707;0.11975448714188597;0.3899354743009713;0.2147800130218604;0.2690840688697438;0.2385493305629949;0.23992238722717119
0.10379384395132427;0.40201280878316537;0.06717285874168866;0.6457110933242356;0.4032737818913825;0.08496928179027588;0.40221019061039787;0.2852974888989512;0.27417223194042306;0.23419492996522473;0.23552701031521106
0.11216938936483548;0.3972552607502289;0.06822666359440088;0.63946563760575;0.3999640311766479;0.09205257039521761;0.40221019061039787;0.2671405959237518;0.2770750316731474;0.23138218990583478;0.23249339741339142
0.153819148402628;0.3903751143641352;0.06946745594592674;0.6306111538597592;0.3980442897945513;0.12613955740734992;0.3929577987094852;0.24080652792884144;0.27664760921170395;0.2290332288614573;0.2299802940663678
0.17574511350528202;0.39063129002744734;0.07052423248260897;0.6302498311177782;0.3960157994603988;0.14423144376580244;0.3929577987094852;0.2426000670076099;0.2789446627943143;0.22768486432045743;0.22842279182472494
0.14922331292259572;0.385032021957914;0.0715510635885499;0.6230331146636168;0.392140726130078;0.12300462078871005;0.37743825558110133;0.2196588244348115;0.2789777895052121;0.22661382762463433;0.22723951946872625
0.1301697449949619;0.36534309240622154;0.07238679255634395;0.599395188979813;0.3883481816487473;0.10779253036548972;0.37743825558110133;0.14657988207677491;0.2667159343801665;0.22292352263283616;0.22401110182499095
0.13607867632643197;0.35795059469350443;0.07309862516184129;0.59027060824953;0.38536742875181296;0.11292361781907426;0.3472150114959578;0.12199175484957153;0.2541428472839029;0.21706588336417665;0.2189607844217355
0.18258415439818718;0.3327721866422695;0.07386920567344735;0.5602289780839071;0.3816991073817242;0.15151795121109024;0.3472150114959578;0.049089985661281366;0.22818830699225184;0.2063821837549935;0.20977677185077293
0.18297170004878513;0.3558279963403481;0.0747776266028799;0.5867268384317365;0.37911836149974176;0.15214824863815007;0.3591374323221834;0.21231117969976648;0.22806240919362297;0.19780613154116589;0.20200688316803794
0.17736824587719818;0.35842634949679786;0.07552694814457173;0.589307796995336;0.37704671545497104;0.1477799230323217;0.3591374323221834;0.22929276559459605;0.2328983017912008;0.192062770258142;0.19640352235120634
0.16013842218767238;0.32340347666971647;0.07621134982115052;0.5477629854567233;0.3749428315785637;0.13380908129382837;0.3228695394200103;0.12095422882995738;0.21347443134710964;0.18297960350284925;0.18798943971811355
0.19055847607931461;0.3192680695333947;0.07683426049872999;0.5425178624186693;0.3743454430664419;0.1589910266325403;0.3228695394200103;0.10995792017394912;0.19832891724856516;0.17221323710089553;0.17798684289938205
0.1863045926439276;0.3330649588289112;0.07749877475183986;0.5582987728059028;0.3745791888376979;0.15545008179280675;0.3434695542535038;0.20079347184253543;0.20009819148349367;0.16400898875733938;0.1698824876419352
0.17633783038266712;0.3502653247941452;0.0780773387609992;0.5781291329958416;0.3729973858987081;0.1474097913963795;0.3434695542535038;0.3031373293646859;0.21764103564238785;0.16149939931350948;0.16644903803519534
0.2033338044672615;0.3625617566331196;0.07868264792585489;0.592185633103178;0.3717058953795538;0.1698859492530683;0.3613068308240006;0.3699298759171759;0.24368036125436895;0.1655089081870671;0.16865742183193522
0.16602455671616612;0.3559743824336694;0.07938579407052959;0.5840116906452935;0.3706807323334964;0.1391519568562518;0.3613068308240006;0.3429817764725311;0.26197902810904206;0.17294498040473116;0.17419557714243405
0.1998413342512846;0.37006404391582803;0.08040485307994416;0.5999141876389239;0.3706122161953236;0.16714037983511051;0.3748609359934725;0.4186767341651875;0.28944426636157916;0.18524051921596862;0.1843441710329819
0.18298993749116624;0.37522415370539797;0.08143031263943978;0.6053295892105561;0.3695671946449781;0.1533249613436714;0.3748609359934725;0.44537438916013367;0.31711052344894464;0.20147008283528567;0.19846120874607626
0.1686826639432086;0.34195791399817077;0.0822322101282289;0.5657734132625647;0.3672134890652714;0.14175178281985193;0.3401876436994735;0.306539685167142;0.3159257004606574;0.21417994424007664;0.210357226453824
0.1820051156025879;0.3348947849954258;0.08319755023517317;0.5568766821091691;0.3655832004274995;0.1529960990113503;0.3401876436994735;0.2812473968080736;0.31171634721400393;0.22337513390347238;0.2197333354774147
0.14087512367265614;0.35337602927721923;0.08438256636456032;0.5778308233360936;0.36382456223603654;0.11904561664402674;0.3584513832233176;0.38047056321476275;0.3242595226974083;0.23362976891890122;0.23018143250819276
0.15634959353300293;0.35952424519670645;0.08583183377588455;0.5841407242523178;0.3619727352192552;0.13210438039254377;0.3584513832233176;0.4115227359798527;0.34057577732584005;0.245603845238073;0.2422631424351914
0.17273593551240374;0.34495882891125307;0.08713183121566548;0.5662268210315323;0.35936009537583957;0.14604075686279572;0.3552807238745088;0.3508475507347156;0.34419515903007086;0.25601947483378407;0.2532551024098717
0.2132823292861409;0.36168344007319364;0.08853583759427153;0.584981519265462;0.35857357825144764;0.17991849362754328;0.3552807238745088;0.43576531478093244;0.36119013666532956;0.2682791864701739;0.2658991707004569
0.15861559574885217;0.36633119853613927;0.08995447380163402;0.5895491084579736;0.35662030952444823;0.13458788929175824;0.38211080620040017;0.4583350638620208;0.37945300417699285;0.2823071483679573;0.28018811453448633
0.14361074002981822;0.39326623970722796;0.09156238341855083;0.620162868767953;0.3539257426048992;0.12235455084734612;0.38211080620040017;0.5765454291583076;0.4151432161771903;0.3017768299840876;0.2992641310952876
0.1595548240314778;0.36490393412625854;0.09291838567154453;0.5860166523526728;0.3512660785110695;0.13597693828885482;0.36241934287621413;0.44907162046006827;0.4227895960166479;0.3191195045671506;0.316944069108099
0.13979455521157713;0.3558279963403481;0.09417769390009223;0.5745727605616014;0.3476650697334387;0.11981623090517585;0.36241934287621413;0.4128056382339301;0.4227784723752033;0.33299107377695425;0.3319083051965539
0.17036506800286327;0.35465690759377866;0.09534465133460568;0.5724668347110997;0.3449835698816468;0.14577165127533398;0.3571905362308083;0.40802123500973747;0.42267062630494534;0.3440634080207662;0.3445097533932603
0.13797537033406435;0.3557548032936868;0.09676397331519215;0.5728665381486209;0.3416619556448701;0.11891316514171218;0.3571905362308083;0.4136173043619476;0.4241824999366537;0.35327063993327;0.3553929326629851
0.12310729543288848;0.3738700823421772;0.09827038849510217;0.5931896892839231;0.3382658075413487;0.10673036983297668;0.3687235778387601;0.5026392232514245;0.43965318315879304;0.36421139870523866;0.367526284204994
0.17198820037477944;0.35930466605672473;0.09974297219600992;0.5751676613424909;0.3373355526716306;0.1480601025471104;0.3687235778387601;0.43426041502872487;0.44148099289703624;0.37338637691429866;0.3780547920723207
0.18181362245758656;0.35725526075022884;0.1012594453831932;0.5718116418674373;0.33418054354875437;0.15674910336752718;0.36898316398427644;0.42483151131243796;0.4419449258662786;0.3808335653448749;0.3869379656620148
0.16487559784615805;0.37643183897529786;0.10266779499221013;0.5934421712475025;0.3314303556236875;0.14275853361825877;0.36898316398427644;0.519327841120806;0.4571846334495251;0.39031291536476537;0.3973023002711012
0.1655093489689006;0.41456541628545285;0.10433239519556459;0.6371672354313391;0.3279815094113836;0.14370676022886908;0.41559741897203795;0.666520492197427;0.4979824863956102;0.40732398371130685;0.4139316656350695
0.1136739783612746;0.4111253430924062;0.10587904240455792;0.632159700355609;0.32442434408477916;0.10006531012053832;0.41559741897203795;0.6482780309517178;0.5272961890617008;0.4277066635098663;0.4336579343712134
0.13674434297334143;0.4046843549862764;0.10719984163210139;0.6237706541488325;0.3212460377555728;0.12001475223620409;0.40903359786397653;0.6133943962536592;0.5450374696041062;0.44811247135880355;0.4537447410087284
0.1307487837905612;0.4080512351326626;0.10889507303941937;0.6266612360846708;0.317784640280818;0.1152649904681825;0.40903359786397653;0.6267006757940703;0.5608334781199011;0.468087267212021;0.4737350222384963
0.1609636664554163;0.3932296431838975;0.11046960835948383;0.6082745915355958;0.31407806335052;0.14149517065364153;0.3987428613809971;0.5447377681185521;0.5613439117352329;0.48418505515055493;0.49062789660954803
0.12631708529195865;0.3991948764867339;0.1120427721331021;0.6142920544656438;0.31143860163118253;0.11212644704951746;0.3987428613809971;0.5713245309963584;0.565394353394861;0.4979992635925495;0.5055510831711476
0.09804449024068865;0.40439158279963383;0.1136077066280432;0.6194124402431901;0.3076286917045439;0.08823695109349669;0.4277608840762439;0.5946437926626611;0.5715982809815159;0.5104842370459219;0.5192031990699464
0.15142092472951593;0.47022872827081397;0.1155594172207719;0.6954809738442712;0.30648472150296024;0.13420480186696165;0.45301490766149843;0.8101278603941113;0.6246994545340029;0.5327428616386272;0.5409401498849659
0.1568875980832448;0.45862763037511467;0.11756484671596823;0.6806051604563697;0.3041340247875399;0.1391808279087971;0.4630831417340362;0.7468560048102826;0.6561145350034687;0.5578091738713665;0.5653172074853337
0.1402231351075325;0.4607868252516014;0.11988733203127833;0.6816849755473443;0.2998395157757332;0.1253139567824169;0.4630831417340362;0.7528975134498652;0.6804560100604498;0.5834870639279702;0.5905339068751961
0.14644210295948096;0.4830009149130836;0.12235497267879314;0.7062178302103918;0.2943044950025342;0.13131135702255511;0.49167470147593306;0.8120977712266977;0.7139532547420937;0.6117699360827821;0.618223791641291
0.13994045475062578;0.49284537968893005;0.1252169329295496;0.7159819937253289;0.28946787461391965;0.12622224635675405;0.49167470147593306;0.8361395398766271;0.7450055820240112;0.6415718211766029;0.6475076608268966
0.15274769866273952;0.48201280878316544;0.12819387449069808;0.701399764016007;0.2813023327466908;0.13831431575649483;0.4815508418007859;0.7714504202800367;0.7583487811566957;0.6684966824026892;0.6746504751308049
0.15466718947334826;0.4738517840805123;0.13115367172127268;0.6899646081295175;0.2762278401443705;0.1406037804464529;0.4815508418007859;0.7238832578508303;0.7596601147117517;0.6903395949994713;0.6975829736974922
0.06447847753831001;0.4796706312900274;0.13382361546958155;0.695123088179504;0.2672822287190766;0.06232501326523928;0.48939405176889395;0.7422206895428958;0.7619687206043566;0.7083473988849894;0.7170964448557965
0.09452010450054485;0.4916742909423606;0.136392979145179;0.7076054069234479;0.259957277565839;0.0894275910581627;0.48939405176889395;0.7791275320273403;0.7696506094227088;0.7245287767162236;0.7347288059602173
0.12515900770076005;0.49774931381518783;0.13902840564126162;0.7130862561736714;0.2531636058779796;0.11724951068196499;0.5092338500333753;0.7972960876589119;0.7770278278897087;0.7391786103263605;0.7506903060122752
0.16210806596482907;0.5127538883806046;0.14170337839320624;0.7290254153242375;0.24827480318588857;0.1506852663148926;0.5092338500333753;0.8400865848695334;0.7907500473535389;0.7540694145738083;0.7664575743199973
0.1796661636172143;0.5033119853613908;0.14395020006290782;0.7165332149833081;0.24413417609042942;0.16690016618501924;0.49236075057479756;0.7758893433842766;0.7910326460112318;0.7660473610113907;0.7794438810208204
0.19500841202029826;0.47388838060384275;0.14624273994747838;0.6805543203559321;0.2417772897113346;0.18094903311162966;0.49236075057479756;0.6029437828743172;0.7658618967191562;0.7698132487846794;0.7851248850179309
0.20176538442248856;0.47216834400731944;0.1487410117989567;0.6769698784577892;0.23865064988029872;0.1874702131049296;0.4668471408440258;0.5937982955538175;0.7417224064955108;0.767247793489539;0.7848068018470813
0.1993945169129481;0.4546752058554442;0.15124522701836707;0.654864459576177;0.23619610436323124;0.18572092701855905;0.4668471408440258;0.5039114039902206;0.7068880649351308;0.757145892126221;0.777345390228886
0.19775314709865086;0.44058554437328423;0.15374715632703584;0.6367560750697752;0.23468960899894564;0.18447736497506487;0.437495364533115;0.4386027933498419;0.6666129444493591;0.7397575759841672;0.7628000423122256
0.1556520113619266;0.42832570905763934;0.1561688501686076;0.6208461310755174;0.23096179808354256;0.14714703503868304;0.437495364533115;0.3857546183501674;0.6239004282349789;0.7159768933911038;0.7418150039354838
0.1986969347418718;0.43893870082342223;0.15866232160752425;0.6317433843782269;0.22830221995726374;0.18630472656053224;0.4361974338055328;0.4394064839579846;0.5968443621971633;0.6907002180002421;0.7184403981928568
0.21265769688458888;0.4274107959743829;0.1609125721433422;0.6168001183500258;0.22531132288930755;0.19937849802352195;0.4361974338055328;0.3885116323757482;0.5658302774098912;0.6633121274124335;0.6923375356891173
0.12990530208043624;0.42847209515096063;0.16329106227186596;0.6165559426563764;0.220545109924988;0.1251704820503436;0.43697619224208273;0.39428514156869926;0.5414690854916414;0.6357722584895789;0.6652620395834701
0.1500667946327207;0.43941445562671566;0.16546382043348107;0.6280407929508988;0.21768410982664133;0.14380529135406084;0.43697619224208273;0.4538518896056219;0.5299761686285739;0.6110845743555768;0.6399011728753314
0.17955217960233258;0.4689844464775854;0.16778447702019683;0.6613013891377191;0.2149953027330116;0.17096238471328612;0.4932136764814965;0.5901736651975686;0.5426056202371285;0.5942528470633796;0.6207013983031227
0.2693305490837965;0.5116559926806952;0.1705728309450123;0.7096498950187728;0.21443513817048676;0.2527119723675346;0.4949936957650376;0.7330466917501286;0.5837734830346959;0.5903005556223975;0.6122858694080459
0.21551185661722796;0.4757913998170178;0.17310150540937919;0.6659614929918711;0.2119548883556608;0.20416866818982862;0.4849810872951128;0.5665259091443333;0.5881877341917385;0.5881587698419968;0.606015998181335
0.1394617218881224;0.4868435498627637;0.1755314285296281;0.6774141206875252;0.20637456268306775;0.13556721140909725;0.4849810872951128;0.6023047369464807;0.5987892547081873;0.5888951458983265;0.60277292310033
0.17152314559406187;0.5075937785910343;0.1780635318601087;0.7001880510869972;0.2012954278329917;0.1656086348789514;0.5045983831491512;0.6650741033229186;0.6213591753594236;0.5946997153327791;0.6044119080283861
0.15594836980061916;0.4937602927721869;0.1802927520170874;0.6825512622164823;0.198300404322586;0.1517241414480317;0.5045983831491512;0.6036897762332913;0.6272248809749268;0.6006988210773089;0.6069981319933799
0.18322246488152502;0.5186093321134493;0.18241316282267928;0.7103950247161649;0.19520342329665596;0.1772599332394227;0.523288585626343;0.6770195373564443;0.6488209700535049;0.6104885407738554;0.6133994788583726
0.16980426664964504;0.519634034766697;0.184810626010373;0.7100959989986643;0.1914488764728821;0.1654427381973305;0.523288585626343;0.679925213532768;0.6647054855030576;0.6219909183318246;0.6219401980889334
0.052724445923703664;0.5301006404391586;0.18727140892565686;0.7208418776924674;0.18628076520748782;0.05774409626608786;0.5462248757694876;0.710214912631906;0.6829844520942041;0.635416733150237;0.6327412647800312
0.10347924807025063;0.553412625800549;0.19006822072022445;0.7464574116774996;0.18345604341567645;0.10505438708302006;0.5462248757694876;0.7722447271745958;0.7125228622939102;0.6529831356559164;0.6476005285194972
0.14041462825253387;0.5374565416285453;0.19278502563877353;0.7260232715905376;0.18042018531853032;0.13971823683727633;0.537194986279018;0.6920620170916791;0.7212243457008823;0.6690470008124375;0.6618940390255976
0.1397671990480055;0.528234217749314;0.19558023729582263;0.7134452875308424;0.17681780106008294;0.13957883824225106;0.537194986279018;0.6476356852518232;0.7185295965796115;0.68127538895852;0.6734903209183809
0.1613420933848237;0.49317474839890174;0.19830389994660091;0.6705799222848192;0.17341494748758124;0.16016978280214872;0.49339909515686386;0.49905544508560135;0.6876440640037026;0.6839210551097746;0.6773699942159602
0.19738839825102925;0.48607502287282767;0.20050728931217865;0.6608645939086113;0.1697014071856493;0.19445096502905027;0.49339909515686386;0.4722801033296807;0.655901490394645;0.6787024981931744;0.6745032113694076
0.16982250409202612;0.4948215919487646;0.20262152815876178;0.6698082984505799;0.16630087473702515;0.16914604383504322;0.4978491433657197;0.5055211129361532;0.6356817502531059;0.669855264961977;0.6680990935282064
0.21971558708606706;0.4932113449222326;0.2046072988215668;0.6666738272441929;0.16482713300968266;0.21623142330062464;0.4978491433657197;0.4987595058410746;0.6169867710595649;0.6584574332040709;0.658991081945258
0.15825084690123056;0.4964684354986275;0.20675285464533655;0.6691533920300192;0.16061532478196905;0.15909677233594668;0.4967737150485796;0.512323873545165;0.6033339365482603;0.6461842639480538;0.6485648126633432
0.17256267980978346;0.4894419030192134;0.2084060252949751;0.6598687007862454;0.15589278333357393;0.1732967427023936;0.4967737150485796;0.47967833495584516;0.5861082176128743;0.6323852007680028;0.636359558038557
0.13585070829666848;0.5046660567246111;0.2098232899558905;0.6768535906787614;0.15007725044135745;0.13936683900360725;0.508770303344952;0.546320977189819;0.5828943151224923;0.6206032800237887;0.6253346134021427
0.21341455074340374;0.5049222323879237;0.2113043315265486;0.6762264672990037;0.14668333749416274;0.2135484447629479;0.508770303344952;0.5474302430904969;0.5795182381307362;0.6103975978630897;0.615308718125068
0.17643813631576308;0.4964684354986275;0.2126843358423498;0.6654373387169411;0.14118622841096884;0.17926342255143612;0.5003337536156645;0.5028588750634819;0.5695497631000346;0.599929531922381;0.6048993572696909
0.2205636281567873;0.46894784995425454;0.215122488241275;0.6316013185201034;0.13261423196246036;0.22297226250284494;0.4737076318326787;0.37604490475059443;0.5402925682296426;0.5847943118982726;0.590511278295641
0.18930921127621061;0.47143641354071386;0.21640145530221577;0.633721565525657;0.13079111810772348;0.19328676833335892;0.4737076318326787;0.3892105925754909;0.5186646357554483;0.5676883423902255;0.5742032981262235
0.1828440379521176;0.4691308325709058;0.21785323721535832;0.6301053306632967;0.12868422536702973;0.18742228428258284;0.47658162130089643;0.3788050117623755;0.4996806884543051;0.5496167467155346;0.5567855870942711
0.14644210295948096;0.4769258920402559;0.21921243974339166;0.6384050128625455;0.12672278972268258;0.15267519894803108;0.47658162130089643;0.42357382477072486;0.49052681661789826;0.5330441888785276;0.5403146606532262
0.16393181020293712;0.4716559926806956;0.22032819277725313;0.6315192583016511;0.12442719820747339;0.16987792705452362;0.46983238151746587;0.3970404046265909;0.4794231704011612;0.5172203064694888;0.5243034865771725
0.17901873441268598;0.4610795974382431;0.2213392510990655;0.6184693921829688;0.12394070783618294;0.18451549126016045;0.46983238151746587;0.34539937410691407;0.46295605394811995;0.5007559710092978;0.5076847093669301
0.2271336667745715;0.47238792314730116;0.22246186186515615;0.6310417909921942;0.12369269145145534;0.23100713655219748;0.4687569532003266;0.4155648495509024;0.45881595886130455;0.4866278073910362;0.49290596446600843
0.21989796150987787;0.4582250686184812;0.22361830411024908;0.6136904227418799;0.12171354649159549;0.2243989190681779;0.4687569532003266;0.3461739247676949;0.44536141584462396;0.4722161939448125;0.47794293652078895
0.1915250605255119;0.461518755718207;0.22482046457021188;0.6168039850618895;0.11937093072597182;0.19737485717684775;0.46093228509975503;0.3672716886090914;0.43779750761802494;0.4589390314793574;0.463952421842315
0.16501693802461143;0.453650503202196;0.22579197663616224;0.6069581909631508;0.11579519640834435;0.17226582028915044;0.46093228509975503;0.3284393018893819;0.42660025035212296;0.44572983367934627;0.4501113696246124
0.19891578405044477;0.45811527904849036;0.22652301089190718;0.6117417431738572;0.11216384108519928;0.20581801563812233;0.45629681821553003;0.35941091394690167;0.4218931354286047;0.4340747529608399;0.43763763628502683
0.32176319592940283;0.4479048490393409;0.22715666534998125;0.5993579539766765;0.11172385915901728;0.32546280351421064;0.45629681821553003;0.3074523087627063;0.4113664286903419;0.42231817171078845;0.4252310961113684
0.3059285365820297;0.4678499542543464;0.22802302552173614;0.6222302707113617;0.11129281785814249;0.31015914179867493;0.45566639471927584;0.4395276117648899;0.41891757488981585;0.41465782936359163;0.4163192553378263
0.23681774867892527;0.43692589204025634;0.22875520273285233;0.5854674360564;0.10967765950935227;0.243205928760614;0.45566639471927584;0.29514967865919156;0.4025617795709632;0.40475005009642195;0.40584981589451685
0.22055450943559676;0.42038426349496794;0.22929582062366993;0.565709254487927;0.10758718657090571;0.2277621322523163;0.425406066899058;0.2333697136913519;0.3784013533207096;0.3912408232613807;0.39256271999670744
0.21270329049054157;0.42466605672461144;0.22975117404375744;0.5704507025027795;0.10620843898745358;0.22036096279852455;0.425406066899058;0.26089514453100765;0.3639505498936274;0.37709414288618676;0.3787138397695916
0.20114987074212712;0.43154620311070424;0.2302954493917646;0.5781868472507027;0.10448074911436223;0.20938932046867845;0.435474300971594;0.30534584879279686;0.35921189517605434;0.3646817878760976;0.3662349312507555
0.1823060334018757;0.4333760292772193;0.23084338219696043;0.5799917424219975;0.10322674044745761;0.19117161588668474;0.435474300971594;0.3173924635606827;0.3583653576260557;0.35455628554619084;0.3556698131915809
0.186733172539883;0.4360841720036599;0.23119312654070434;0.5829519251713916;0.10066697064792707;0.19595047915243538;0.4365868130238071;0.3360076845011472;0.36123369336878863;0.3471187001449908;0.34744700696367803
0.12639915378267352;0.4310338517840804;0.23139885850761122;0.5768940765840942;0.09657216425716819;0.13733092411178893;0.4365868130238071;0.31070224214447745;0.3611865432086794;0.34115773634137336;0.34066729088543546
0.19956777261556838;0.4081610247026535;0.23158813191716554;0.5499233316964253;0.09420435999909205;0.2097232962735964;0.4142809463769188;0.20962379297405548;0.3455474973022229;0.33277508672293954;0.33214346653742155
0.18477720684451213;0.4149313815187554;0.23191273124272982;0.5576682123489313;0.09234075542781928;0.1954793333936609;0.4142809463769188;0.25997523447634313;0.3400056239499927;0.3247883481531171;0.32404392944119115
0.17740472076196034;0.43125343092406254;0.2322896779243191;0.57659376196264;0.09130837110747514;0.18838320265051303;0.4350107542831716;0.3714932668232069;0.34957012773623064;0.32060912763153027;0.3191817426885135
0.18092454714150888;0.43275388838060413;0.2326396508591353;0.578136007150267;0.08782040965945148;0.19246012019241934;0.4350107542831716;0.3812598846878619;0.3597937037200991;0.31962822028267457;0.3172067600737354
0.08505943126535934;0.43319304666056757;0.23303671355526667;0.5784028102688984;0.08469806820596726;0.09794860807894867;0.44183416153674937;0.3842963563461103;0.36962465752095797;0.32111523614094095;0.3176140529672507
0.20111795521796025;0.44428179322964345;0.23351561185601266;0.591120712013459;0.08368837931909567;0.21321453431444373;0.44183416153674937;0.45988481859108193;0.386988107639034;0.3263172035935992;0.3214814625160662
0.2016741972105832;0.44860018298261695;0.23398102328337167;0.5958988221852451;0.08304774912880486;0.21388728843973173;0.4524401097678563;0.4880385899933432;0.4049997279739384;0.3346409118207193;0.3284127617265775
0.2145361534498402;0.44980786825251595;0.23440140226908568;0.5970532504940438;0.08351592841172528;0.22656251773871547;0.4524401097678563;0.4961565353289395;0.42099112332658467;0.3449951780647853;0.3375542131298448
0.20637033862371137;0.4490759377859104;0.23487778606801424;0.5958955283195824;0.08358874292744956;0.2184452150906908;0.45794704442631495;0.4906685085692703;0.43376915530989013;0.35623134510259546;0.34794363677507395
0.1516716895622558;0.46020128087831624;0.23531028038066903;0.6086854654740569;0.08287203145449529;0.16427832964380173;0.45794704442631495;0.5684300326273768;0.45273790532954755;0.36960358700566537;0.3605556897409728
0.1689106319729721;0.4578956999085091;0.23564013730094135;0.6057721129016858;0.08157323369350311;0.18160901940197824;0.46004227545798404;0.5491597748450507;0.46631177742302105;0.38343803770267887;0.37400549747541056
0.18777726611619985;0.4555169258920402;0.2360481723686414;0.6027238550487156;0.0849967194782526;0.19974357291332837;0.46004227545798404;0.5286634369691778;0.4754495514226359;0.39661715966134037;0.38729075895928927
0.2796575008320833;0.44322049405306485;0.23663359411002904;0.5879213659746835;0.08412397690017515;0.29103833487673286;0.45290365645627784;0.4295413129967715;0.47360201469300706;0.40673352751371633;0.3983013239032142
0.2264953562912337;0.45610247026532447;0.2371730690454772;0.6027065264511009;0.08235098212768999;0.238670018843371;0.45290365645627784;0.5278981326731262;0.4819697432748833;0.4167602407151376;0.4092993620014162
0.1761417778770705;0.46177493138151915;0.23793633464270236;0.6088876801834026;0.08014178800126825;0.18904019534982375;0.46534524957353707;0.5672557052825435;0.4928621186614403;0.42729862684625675;0.4207498563189942
0.19490354672660706;0.4621043000914913;0.23842277644890153;0.6089695971903039;0.07846524882104111;0.2080122834880195;0.46534524957353707;0.5695858137998129;0.5016186306009616;0.43775279492404384;0.4321580559973491
0.22663669646968707;0.4775846294602015;0.23880269481445637;0.6269051253552185;0.0776237984315391;0.23978792712721517;0.4903396870132761;0.6710697279735462;0.5199153096880629;0.4503441351707635;0.44534016708485263
0.21680215566568942;0.4956267154620315;0.239291422531398;0.6477799273831517;0.07674563989774685;0.230164845703502;0.4903396870132761;0.7649040605612256;0.5473908554411361;0.4667662702676415;0.46177810593109997
0.2587528325027698;0.49182067703568144;0.23970562955810681;0.6430522276771492;0.07755958067091817;0.27180400765449103;0.49330638581917885;0.7285898961417434;0.5654305252906384;0.4840725943060456;0.4791642452554068
0.24080262983919135;0.48724611161939624;0.23987501554419222;0.637575674773443;0.07598138836907187;0.2542605437987855;0.49330638581917885;0.6849215716848451;0.575297968820974;0.5001978273391174;0.49576614075272024
0.25718441245799684;0.48757548032936926;0.24008783383440324;0.6378290160063262;0.07572494716434308;0.2706612659651705;0.495364533115775;0.6868602024262238;0.582312031583571;0.5147188269083239;0.5111256425416695
0.2118370119774403;0.49555352241537065;0.24037494422377748;0.6470151777033359;0.07657060996384546;0.2252489820906828;0.495364533115775;0.7335078044235785;0.5927219380297597;0.5287411529688342;0.5260535565744351
0.231378431488768;0.47202195791399815;0.24059279151762514;0.6192531889990038;0.0757117081614842;0.24491625196144454;0.4761180746124749;0.5234004096772931;0.5821452777973822;0.5375149538635099;0.536572689136658
0.2153158041116314;0.47311985361390674;0.24080355248816687;0.6204100519041624;0.07313319743582869;0.22940667919687616;0.4761180746124749;0.530920232392303;0.5736377141055793;0.5425680624923606;0.5437145376275999
0.15277505482631115;0.46781335773101596;0.24089750341972138;0.6141214895089666;0.0710348154826872;0.16722403711610914;0.47009196766298267;0.48865824011510345;0.5620659749924831;0.5439365461146343;0.5473858758128876
0.23818555685750628;0.46543458371454705;0.24091899098071057;0.6113154023879377;0.07172315766380088;0.2525723088830151;0.47009196766298267;0.4696556325611993;0.5504115556243357;0.5423382239368211;0.5480861826290778
0.22499532665538982;0.48607502287282767;0.24103465806432745;0.6354743316925586;0.07156403172684045;0.2394080512373131;0.4782503893792187;0.6149947003201743;0.5560138183233273;0.5423541398701983;0.5495675148373461
0.28578072211153105;0.46327538883806074;0.24096950960813857;0.6087489081909429;0.07322810561216819;0.2998164570755118;0.4782503893792187;0.4484908630139736;0.5426353506181935;0.5392753695864515;0.5480954082333048
0.2091013956202782;0.4443915827996343;0.2407246885675205;0.5867331397399591;0.0732791703374811;0.2231663566429826;0.4529778239264255;0.34154126273927615;0.5174623841903937;0.5309953716458412;0.541861552551908
0.14645578104126677;0.4550777676120772;0.24060147797845044;0.5993556625918683;0.07217276795569849;0.16072412707566286;0.4529778239264255;0.4137174831191685;0.5054157537091611;0.5215876318769026;0.5340977708747379
0.17959777320828527;0.45284537968893;0.24051552773449725;0.5967887387602206;0.07216159217406437;0.19387558325542079;0.45549951791144316;0.40094176836928225;0.49414416278727796;0.5114567951755808;0.5252026547808143
0.20306480219214054;0.45160109789570013;0.24046043728558075;0.5953624949285216;0.07215789556937002;0.21734881508200718;0.45549951791144316;0.393473232906193;0.48434607518813644;0.5010879788155571;0.5156500234664689
0.20683995276502423;0.4368161024702655;0.2402896797530465;0.5781122340328796;0.07204880274711023;0.22114615581640065;0.4406289401468513;0.3093725009862878;0.4657031325543417;0.48848490518892757;0.5038707677609897
0.1071905675948005;0.43827996340347664;0.2398354692883311;0.5801153339901016;0.06963440407637478;0.12176903428896829;0.4406289401468513;0.32112482752120425;0.45247607736663564;0.4753459317376795;0.49125234767984755
0.18096558138686628;0.42056724611161966;0.2394518934655867;0.5595613258353491;0.06742942235995364;0.19608452531539447;0.42828005636727706;0.23054681609343236;0.4293236572101998;0.4594846801093395;0.47604674729113367
0.20165595976820208;0.4301555352241544;0.23939520287914995;0.5708532701713115;0.06618297883753987;0.21708909575547528;0.42828005636727706;0.30808591361724197;0.4190446974966833;0.4444204116382159;0.4611198435478886
0.20182009674963183;0.4545654162854533;0.23964711024307395;0.5993520823031055;0.06574591980809297;0.21733847213604487;0.45811392123414674;0.47298302985002644;0.43003633270404584;0.4349089494404982;0.450523112233996
0.19219072717242133;0.45504117108874675;0.23989718887840272;0.599753933913885;0.0639970819174478;0.20799018250513665;0.45811392123414674;0.4758653031950289;0.4396958834478187;0.4295319135152357;0.4433898480252132
0.252898613498443;0.454858188472095;0.24017744153554688;0.5993635392271465;0.06504150169493617;0.26882110623274563;0.4623600089000952;0.4746737264721374;0.44770981297703655;0.42708214763192603;0.43891120403322764
0.18969675692680857;0.46312900274473945;0.2404533509622757;0.6089004260113999;0.06454847778976736;0.20537915124756892;0.4623600089000952;0.5288373117397567;0.46065563477005045;0.428113861921258;0.43764733688719526
0.18742619535036406;0.46221408966148214;0.24086390053179318;0.6075691314376994;0.06370960642679657;0.20324997206203757;0.444893569680338;0.5220189575751844;0.47045888169110234;0.4312045725703858;0.4385270387589318
0.26517697158150544;0.42034766697163795;0.24090321819657934;0.5583942949101051;0.06517767429577104;0.2811313768629266;0.44392939256841935;0.2798989036415854;0.4471094319473881;0.42828153852645134;0.43489068470324205
0.2889677151676249;0.41434583714547113;0.24088058768022158;0.5513624645676717;0.06492793856002277;0.3051083013516832;0.40119038789586847;0.25385741827914693;0.42483214039005407;0.42079526357977126;0.4275969466778049
0.2430959882186122;0.3829094236047572;0.24077360705742912;0.5145238710024813;0.06498527891656125;0.25897961357403554;0.40119038789586847;0.13916683270117752;0.3846565067941996;0.4055224380514713;0.4137584329563308
0.2905133384094214;0.3770905763952421;0.24066251179529718;0.5077622808558959;0.06555558765010794;0.3065013174787607;0.37838389082548396;0.12122773273431281;0.3500446566142321;0.3853060539214548;0.39540448444893683
0.32368724610060684;0.37515096065873754;0.24049152567168974;0.5055923394423093;0.06734164949035004;0.33933838941681377;0.37838389082548396;0.11509729412118214;0.3230829888339934;0.3629026308977594;0.3746759359337175
0.2977763998376868;0.3948764867337604;0.2404640947427712;0.5287668325486051;0.07070727911325503;0.31245870597855235;0.39199362159756745;0.2610099688162189;0.31859985849291694;0.34394392847000893;0.3562444480731887
0.23450159349652802;0.38422689844464797;0.24045860855698642;0.5162679012648012;0.07070521589203027;0.2491050585431521;0.39199362159756745;0.21974744021671827;0.309097846315;0.32658123678574574;0.33883712214731254
0.36232782714552114;0.38876486733760274;0.2405756471870486;0.5215220466305399;0.07267464651862365;0.3764924595449979;0.3908069420752054;0.25194157026956593;0.3071126274832773;0.3122323380745429;0.3237617218864639
0.19999635251152378;0.3879963403476667;0.24071211605843157;0.5205343165665539;0.07218660873141447;0.21427417219517084;0.3908069420752054;0.24865643855813574;0.3070768512792195;0.3007449519223949;0.3110660938112445
0.22748929690100259;0.40567246111619415;0.24106986108977502;0.5410615441613581;0.07157761459990364;0.2419007985527942;0.4077356671363934;0.37300408917561206;0.3223416023434124;0.2950824293362497;0.30334744421067306
0.2043095076346493;0.4045013723696247;0.2412762788299041;0.5395573932461722;0.07143697168641516;0.21873333610939513;0.4077356671363934;0.36691783657516547;0.3353466138918991;0.2935576158617085;0.2994537933552277
0.2359286733628476;0.4157365050320223;0.24162899485761447;0.5525262016272559;0.07188073618484259;0.25028021889893387;0.41161091745160583;0.44133964880500615;0.35569680213208354;0.2970402967920849;0.3002361862688834
0.23341190631425848;0.40208600182982623;0.24168271376008477;0.5364671744088982;0.07099097203166083;0.24795279622517494;0.41161091745160583;0.3662435173111071;0.36298752729757994;0.3015111859660229;0.30249657339945196
0.2710038344222606;0.41211344922232396;0.24196342359937706;0.5480633000781785;0.07132082952497076;0.2855050329715681;0.40478751019802717;0.4313150032518342;0.3776439253060417;0.3084747051113641;0.30741861063777676
0.23913846322191776;0.3922415370539798;0.24203542978779247;0.5246890268588971;0.07188649601076169;0.2534901359162595;0.40478751019802717;0.32966689871753424;0.3755780140027827;0.3135681286070318;0.311380280594572
0.22602118278932562;0.4098810612991768;0.24210629302084108;0.5453530214844527;0.07247769485920919;0.24024392141381704;0.41461469999258327;0.43677624994083636;0.3884442364071234;0.3206160005328691;0.3173726000782134
0.2588440197146752;0.4138700823421777;0.2425072417652352;0.5497848461270655;0.07242989690083523;0.2730782432635927;0.41461469999258327;0.45941356055705135;0.40266985120278587;0.3295415602787545;0.325344187109349
0.26123768402719205;0.42817932296431804;0.24301014212878513;0.5662684955927363;0.07351558110281942;0.2752190357852135;0.43230364162278434;0.5368559853000892;0.4255045992274318;0.3419586731071864;0.3366458377470376
0.13868207122633122;0.43048490393412653;0.2434394361663994;0.5687062426058087;0.07241089807205725;0.15291354270211438;0.43230364162278434;0.5488824858767878;0.4458609328215277;0.3565963151514069;0.35029326196728355
0.15847881493099408;0.4249222323879236;0.24370323026618923;0.5620105297724645;0.06860812345215428;0.17332647064703796;0.4265927464214201;0.5135523952193046;0.4581682153144239;0.37115040180088077;0.3643656514716844
0.1306895121028227;0.4224702653247947;0.2437411763845292;0.5591082044894824;0.061826659156541286;0.14643308447441286;0.4265927464214201;0.49772320174912116;0.46635179727815834;0.3846847373470578;0.37797574782712245
0.15170360508642267;0.43469350411710916;0.2438518144645121;0.5733886874618427;0.05778850538191249;0.1682487154300425;0.43543721723651974;0.5696977099556912;0.48216940305228745;0.39916734606336013;0.39263586521054505
0.1440438792863689;0.4301555352241544;0.24429390960228847;0.5677842466435149;0.053004755037182605;0.1612501632956009;0.43543721723651974;0.5378672024907285;0.49127208482950746;0.4128568853090928;0.4068711171294044
0.1529802260530983;0.43769441903019235;0.24469622989312967;0.5763826681371625;0.04870225104313031;0.17100839009813462;0.44632129348067995;0.5824157963661099;0.5040279426683124;0.4267561467357985;0.42142331524592536
0.13785226759799205;0.4486367795059474;0.24505054605835763;0.5890067663161281;0.046058662881343526;0.1560265350322714;0.44632129348067995;0.6426190606445603;0.5220420151342547;0.44203825678182723;0.4372384715185461
0.18369663838343311;0.47209515096065857;0.24541652036837824;0.6163170657900969;0.04376745571123708;0.20316110631869164;0.4725209523103162;0.7497103601386577;0.5533162968130237;0.46149082152202;0.456670196151244
0.16518107500604115;0.46594693504117135;0.24563871089263856;0.6089600020164184;0.04317685863564691;0.18436786894384444;0.4725209523103162;0.7016286275457699;0.5725157336203075;0.4814894888056364;0.47683137503943146
0.12541433189409518;0.46667886550777693;0.2456704850519733;0.6097993649140572;0.041086385697200134;0.14406975055089222;0.4678854854260921;0.7049904230958397;0.5871734898665407;0.5008755443009862;0.4967069597049909
0.12316656712062699;0.46221408966148214;0.24572557550088892;0.6045233081810883;0.03836009675132068;0.1421614884479433;0.4678854854260921;0.6676898508203077;0.5942254837390434;0.5180139669799255;0.5148396732394173
0.14232044098135677;0.461116193961574;0.24594296561258666;0.6030982100417939;0.03571324182259472;0.16220141984337802;0.45857746792256915;0.6582447486637364;0.5977522609843258;0.5325396745786091;0.5307779793600749
0.16007915049993388;0.44940530649588295;0.2459957701507598;0.5893168193230187;0.0351169708886363;0.1805312854715742;0.45857746792256915;0.560989396459117;0.5905521121672115;0.5424964266559534;0.542752856094336
0.21866237478855963;0.4471363220494058;0.24592627846416093;0.5866966207945744;0.03604894510937462;0.24048801605944012;0.4560001483349403;0.5429889883701757;0.5820800804116063;0.548504106968585;0.5510892459032987
0.15945907745897714;0.4582982616651421;0.24592993592135048;0.599798186282997;0.035776685875256176;0.1797819493004668;0.4560001483349403;0.6149328128080735;0.5827370940433003;0.5534620742583832;0.5580812138866263
0.07162755495169357;0.46214089661482216;0.24581792629492227;0.6043795237843594;0.03384955128377065;0.08983878828200931;0.46551212638136885;0.6382968889933862;0.5850736180447497;0.557968373228915;0.5642537758996368
0.17100793784679635;0.46206770356816085;0.24585198636500039;0.6042722583330135;0.0334232381982027;0.19205761517967734;0.46551212638136885;0.637608891722816;0.5857753879636685;0.5617355777503436;0.5694174651309794
0.19076820666669705;0.44164684354986283;0.24561859487809556;0.5804448637678652;0.03316198281061622;0.21242404656039318;0.4506230067492396;0.46641100786123296;0.5699945908433237;0.5611027068503122;0.5705500575754757
0.1928335970163544;0.45317474839890215;0.2453355991280617;0.594155651192229;0.03318450630898662;0.2145434721200716;0.4506230067492396;0.546080788031942;0.5653363595956138;0.5595199837161247;0.5704001650375017
0.22993767354066266;0.45917657822506897;0.2452011875763498;0.6012858678698727;0.03421078693320734;0.2524678467483105;0.47285470592598156;0.5845066708168261;0.565319106462246;0.5582498183460586;0.5700670401615779
0.22279771484846964;0.479524245196707;0.24516369864015708;0.6251970411920815;0.0357804684475016;0.24478989647471347;0.47285470592598156;0.6971114805965641;0.5796503049439227;0.5605453465863661;0.5723572519316549
0.23750165276821575;0.4703385178408057;0.24511889478958615;0.6144412809012938;0.04005658040338722;0.2589089658873998;0.47202032188681997;0.6229202897511981;0.583007007574826;0.5631574377069124;0.5747840379927358
0.18571643512713779;0.46671546203110736;0.24513855362197923;0.6101755816572928;0.04142853655030798;0.2056623343166258;0.47202032188681997;0.5944608162066272;0.5818809005441271;0.5649868892256291;0.5764727812099832
0.19177126599765645;0.47410795974382447;0.24508414894628583;0.6188882859682611;0.042250816175929407;0.21169320665554767;0.4614699992583251;0.6372558979202658;0.5854808631955245;0.5672823316165032;0.5784494705008081
0.2416825864340785;0.4421225983531567;0.24465074026933564;0.5816097465198511;0.043765650392665556;0.2623368965526167;0.4614699992583251;0.4197724507984287;0.5633387728180164;0.5640020801741464;0.5757294357484405
0.2074691445271715;0.42883806038426364;0.24400748498613822;0.5664170059706324;0.04471129345401814;0.22722915302821953;0.42713046057998927;0.35041781541571787;0.5352448058517512;0.5548859110364984;0.5678728168810127
0.20818040478003366;0.41961573650503237;0.24342732083945862;0.5559536836660216;0.04547949949004049;0.22779796219425716;0.42713046057998927;0.3061054552213253;0.5058411373765163;0.540798361260733;0.5554061920411602
0.2804645076574461;0.4447575480329373;0.2431566690074387;0.5856391467054827;0.04782856282199144;0.30087385247643594;0.4347882518727282;0.4613120479244239;0.5014064320133028;0.52850354749951;0.543834451314328
0.24116737868681296;0.4188106129917659;0.24261856561843764;0.5555151698983076;0.04978346493246044;0.2604436567197716;0.4347882518727282;0.34071219494805555;0.4784364323271092;0.5133597774369901;0.5294967877415075
0.2998509089085346;0.40695333943275447;0.2420466307504361;0.5419533224864909;0.05251525580160599;0.319342284645737;0.4148186605354889;0.29346012782830116;0.4517271172214641;0.4950727594499645;0.5121110414437219
0.25520564995964967;0.41720036596523347;0.24150532708639627;0.554322217682416;0.05439725742879986;0.27362145215439293;0.4148186605354889;0.3534013731863788;0.4388979913107105;0.4774785842073936;0.49482141348769954
0.22700600467790397;0.41935956084172066;0.24093453517376684;0.5572146613684117;0.0558213958791971;0.2447547945494458;0.42292145664911374;0.36603359009210873;0.4310506043170189;0.4615898658891148;0.47860188713910445
0.13945716252752713;0.4207868252516014;0.24024258999173398;0.5593237378730243;0.05517603747359945;0.15627031540458708;0.42292145664911374;0.37482490136512475;0.4266491792077878;0.4478618077116711;0.4639849162690196
0.21204218320422744;0.405782250686185;0.239622422407046;0.5420972500947697;0.05624452816537673;0.22952826779144422;0.40647482014388414;0.3046271386757257;0.4127279437820483;0.43366243510203606;0.44893109769464207
0.22476279926503104;0.4019030192131745;0.2388292113790813;0.5380400668683363;0.05671373905890986;0.2422955323677687;0.40647482014388414;0.28740116104330665;0.3998142042571775;0.4193188236049693;0.4337164888907693
0.21246164437899226;0.4173833485818852;0.2381557820740694;0.5566355138580815;0.05755579122126875;0.22968576158799917;0.416450344878736;0.3897328797451208;0.4022929305028768;0.4084167197119657;0.4213375082355929
0.19447952619124695;0.40999085086916764;0.2374645226652623;0.548389965624931;0.05697275929016943;0.21162476049262705;0.416450344878736;0.35298113554365246;0.399723694952106;0.3991013363572807;0.41042522499335166
0.22651359373361477;0.39751143641354103;0.2367869787209127;0.534163903041771;0.058583533293856904;0.2436670753747522;0.40445375658236316;0.2946202583120167;0.3894303377590861;0.3892704355282929;0.3992906325262675
0.22565187458110872;0.40618481244281845;0.23611149209623328;0.5447694344160562;0.05946917100458937;0.24260890395940818;0.40445375658236316;0.35315363853829035;0.38899759366334996;0.38130571614231445;0.3898665065378023
0.2624778301091055;0.4099176578225072;0.23531508079322982;0.5496506569042211;0.06081017883313833;0.27945424150916215;0.4174701475932654;0.378056617940629;0.39260619560545923;0.3757678181810652;0.38268520977140674
0.24051083076109406;0.4194693504117111;0.2346928558888708;0.5612539431510297;0.06077390052660281;0.2573142234426857;0.4174701475932654;0.44042987152991614;0.4036849543166776;0.37389758493423547;0.3788575106046377
0.21294037724149564;0.4214089661482161;0.23406834507377017;0.5639222607604506;0.06176596606551277;0.22931484092602714;0.43196988800712033;0.4529750184922274;0.41480614248082326;0.37497128807821434;0.3779002564081543
0.19667257863757184;0.4365965233302842;0.2335718452602995;0.5820631542888217;0.06330289394286392;0.21263098072728068;0.43196988800712033;0.5459450482139077;0.43572618869831625;0.3806644653707508;0.38127200021305063
0.11272563135745842;0.4455626715462029;0.2332285014666402;0.5928043070014548;0.06297037145547191;0.12818414492897742;0.4538678335681965;0.5952550851947866;0.4594394177809913;0.3906986720802037;0.3888664600382473
0.1850553278408236;0.4556633119853615;0.23290047327495955;0.6048677319601066;0.0635914870116785;0.20088595132309137;0.4538678335681965;0.6471657955626777;0.4859179369523055;0.40484470694446;0.40058027043445327
0.1825340014316392;0.45039341262580024;0.2326919982151603;0.5988116019114155;0.06382523278293473;0.1983066700885359;0.45164280946376856;0.6076656415330861;0.5027839290426562;0.4200589367512453;0.41393491406525734
0.16662639231474177;0.44644098810612975;0.2326099340194716;0.5942229606209766;0.06440284875831903;0.1822043784649364;0.45164280946376856;0.57794974052166;0.5129103037998605;0.43457032835685533;0.427360408803446
0.15449393377072798;0.45244281793229657;0.23250843958246392;0.6013325548353449;0.06525040284394423;0.16986704952296128;0.462712304383297;0.6129462967445352;0.5250738793688604;0.44899020678735657;0.4412058185931782
0.2298191301651856;0.46623970722781394;0.23252009772725657;0.6175224774108841;0.06709242955990802;0.24518356122456217;0.462712304383297;0.6867327232965987;0.5445155747151751;0.4650187062479813;0.45678088370829006
0.2314559406188876;0.4802561756633126;0.23267416811136155;0.6338809599813942;0.06880421543605841;0.24646078698037796;0.48173626047615503;0.7514495180718477;0.5696019045229983;0.48363846749647654;0.4748895523878806
0.2163188634425908;0.47597438243366863;0.2329585354078425;0.6286760793890366;0.07046631206771203;0.23094784539366206;0.48173626047615503;0.7147432890488188;0.5851613139310864;0.5021297526288091;0.49329271461614005
0.1949901745779172;0.4775114364135411;0.23317043933375725;0.6303477878183397;0.07108931891004144;0.20947215427192842;0.4887265445375659;0.7222500532303973;0.5974242803926246;0.5197565131780092;0.5112771334315553
0.2419698261515805;0.4925160109789575;0.2334616643624674;0.6477803570178035;0.07295919911253979;0.2560870191541327;0.4887265445375659;0.7910703633757794;0.6170211291683945;0.5383863712659255;0.5302836248751872
0.22792699551814852;0.47652333028362337;0.23374808897861765;0.6288258786708882;0.0744171228104924;0.24174327968435996;0.4776199658829636;0.6547169708302651;0.6189946518473921;0.5537463003472101;0.5467371356043782
0.2077153499993161;0.47158279963403515;0.2340521151074917;0.6228353395123395;0.07512902010058897;0.22141987240557318;0.4776199658829636;0.6162318102080997;0.615390971325078;0.56520150330886;0.5599109432702052
0.20762872214800596;0.47454711802378835;0.23442997615337813;0.6260786514971269;0.07596849323641708;0.22116984844587687;0.4711673959801228;0.6328254807527023;0.613361374084526;0.573896665329407;0.5705708830622853
0.1831951087179534;0.4608234217749314;0.2347223441374613;0.6097841844897017;0.07661436744732075;0.19668073174121517;0.4711673959801228;0.5270039416704744;0.600127077005346;0.5777946069359843;0.5769200787071507
0.2167930369444989;0.45577310155535233;0.2350199697162525;0.603668764859094;0.08009871825820114;0.22948376043201837;0.46015352666320464;0.4910426620939709;0.5847414722567132;0.5773576469556299;0.5791770281114711
0.28847530422333567;0.4578591033851782;0.23527347721769853;0.6059588607635721;0.08253228769281651;0.3001804323123594;0.46015352666320464;0.505540129086608;0.5731744581488452;0.5743351675471184;0.5786856640464184
0.20422287978333917;0.4617017383348583;0.23565545290292267;0.6102307181042458;0.08304422445921267;0.21641796421594925;0.4587628865979374;0.5328349702549762;0.566042728347445;0.5702691803191897;0.5767170312649416
0.1945615946819618;0.44918572735590123;0.23578986445463812;0.5954530046284529;0.08356768087744659;0.20673128301487334;0.4587628865979374;0.4377954370585943;0.5502520668554519;0.5633674765557224;0.5718425624482971
0.20276844375344802;0.4466605672461115;0.23603445690418123;0.5923352891734788;0.08471672316454115;0.21465768478734246;0.45201364681450684;0.419755114334634;0.5353175476371774;0.5543950373500364;0.5646750286797989
0.30044362578591977;0.45090576395242454;0.23629436495570832;0.5971562195988724;0.0880544993009118;0.3106516188042499;0.45201364681450684;0.4547328009975879;0.5262794732701949;0.5451285632255736;0.5567079332429297
0.2994816007003178;0.4382433668801462;0.23652044152823049;0.5821492244306875;0.0914053425050394;0.30884959912883253;0.46206333901950547;0.36331879062086997;0.5093390717184502;0.5338007874349465;0.5465674197336727
0.3698781282912884;0.48186642268984503;0.2370039116504632;0.6330587824698182;0.09595379966259454;0.37696140456583843;0.464807535414967;0.641458374599714;0.5284292770867582;0.5291499410381776;0.5415116155516266
0.6044481121967455;0.4967612076852701;0.23738794465535573;0.6503043173842937;0.1048391478346149;0.6036977049359014;0.49694059185641226;0.706688112364452;0.5540793892336834;0.5313565047065765;0.5420720601342268
0.4307820671229067;0.4894784995425434;0.2378044375928079;0.6414936563727631;0.11082670179644682;0.43186862608851895;0.49694059185641226;0.6545602260356516;0.5680165940168718;0.5363423719161082;0.545185177385946
0.32221457262833464;0.4866239707227811;0.2381832130029924;0.6379052045512047;0.11485161656821674;0.32508659214744207;0.48948676110657896;0.6340519450929907;0.5759247508929166;0.5421584865428634;0.5493183854662329
0.29958646599400895;0.4849039341262582;0.2384707805745121;0.6357057615582108;0.11756071200388996;0.3024465664664161;0.48948676110657896;0.6211807640869189;0.5798663084742216;0.5477221953479793;0.553556113211962
0.22145270347286497;0.48373284537968964;0.238664168623405;0.634209773701405;0.11874672033792799;0.2264723625256164;0.49048802195357144;0.611952676430443;0.5810651176514408;0.5524501838182911;0.5573512780029868
0.18191392839068246;0.489771271729186;0.2386333088283692;0.6413180790118177;0.11905809480776619;0.18812104539094876;0.49048802195357144;0.6465948396764034;0.5854847956891972;0.5572538760132439;0.5613806389728546
0.2055450943559675;0.5119853613906686;0.23874920450306103;0.6673242941066871;0.12017163249628449;0.21080398244485424;0.5196729214566487;0.7556412874274798;0.6044560878842281;0.565480725489189;0.5683915886183178
0.2089691741630154;0.5191216834400727;0.23895676519856313;0.6755721337246439;0.12247169432414728;0.21369471759312983;0.5196729214566487;0.7854846889281912;0.6233533204577391;0.5764289870554249;0.5779229584979858
0.16893798813654373;0.5040805123513268;0.23907837565011292;0.6578379609997713;0.1227759334872498;0.1749680913286277;0.5186902024771936;0.6607928077184242;0.6254170495371927;0.5856644838596469;0.586368298708966
0.15767180810563125;0.5250869167429091;0.239175298265633;0.6824382683031163;0.122570642975385;0.164115565019975;0.5186902024771936;0.7521710002460049;0.6411856552897348;0.5966966986328092;0.5964946088943723
0.17366604507383884;0.5457639524245206;0.23947063793368262;0.7065275967941815;0.1228048185843964;0.17953084005091682;0.5586108432841357;0.8246382153389031;0.667266058347595;0.6115491430767666;0.6100110317967717
0.20698129294347759;0.5621957913998168;0.24000691259408669;0.7254822183526467;0.12340882659794761;0.21160331765547377;0.5586108432841357;0.8732295269027082;0.6979583671039037;0.6305234927403534;0.6272784103674939
0.21522461689972597;0.5694784995425435;0.24056604636192525;0.733681652466526;0.12504521893184295;0.21925679599700534;0.5671586442186447;0.8931568732002257;0.7250824870370058;0.6519708277159052;0.6470327322138617
0.2031240738798791;0.5553522415370544;0.24090984733773535;0.7168823647434935;0.12590755943624554;0.20743101387083615;0.5671586442186447;0.7842359241136347;0.733115649929756;0.6709850030085431;0.6652269179966247
0.2126668156057794;0.5848856358645929;0.24154761643514888;0.7511543209001362;0.12697218158822654;0.2164330752932143;0.5841800786175178;0.8703812876343548;0.758701005387914;0.692108620020333;0.6854068354988259
0.20975338418540182;0.5735407136322053;0.24222607474379476;0.7374105948191505;0.1277699604618039;0.2134807443519082;0.5841800786175178;0.7923289844229475;0.7672223141072282;0.7109766219245093;0.7039915886559397
0.1779153691486306;0.5820311070448305;0.24285332865178866;0.7469851462411903;0.12803577212959505;0.182785072418677;0.5751131053919751;0.8175325214033935;0.777088448753147;0.728350894792531;0.7214425980671642
0.20538551673513303;0.5584995425434585;0.24332422626493067;0.7190646223504257;0.12952653543204207;0.20895985282785443;0.5751131053919751;0.6681967599707639;0.7639847136262765;0.7392222953985423;0.7335303734251364
0.23627974412868338;0.5431655992680691;0.24377843672964783;0.7007783690982693;0.1328974090755599;0.23799776616770277;0.5420900393087589;0.5841346160058662;0.7391552069741987;0.7421818010270561;0.7388085738512298
0.23225382872305986;0.5321866422689849;0.2442219034138695;0.6876114991428074;0.1347578328474448;0.23377093930078094;0.5420900393087589;0.5281292577560268;0.7086737056584692;0.7375057249105957;0.7372199312400383
0.11777284353642245;0.5410795974382436;0.2446335959387591;0.697793697173734;0.13332982585725106;0.12424309027479999;0.5401987688199954;0.5665809818280592;0.6889499001190768;0.7292070771362279;0.7318481103348573
0.22742090649207355;0.530539798719122;0.24480595360881363;0.6853122376990938;0.1343499168177975;0.22921825875198418;0.5401987688199954;0.5118191940649415;0.6633686555288132;0.7166568320804698;0.7221750104506013
0.23480707065641113;0.5449954254345846;0.24499316969869867;0.7021655161766754;0.13602232955557514;0.23596853987232694;0.5546243417637022;0.5758754829334203;0.6521540744289898;0.704025165007981;0.7115990014115484
0.23471132408391046;0.5550960658737418;0.24522633259452764;0.7138773567787817;0.13776747084152619;0.23553393735036285;0.5546243417637022;0.6176935990333332;0.6490713217291427;0.6932074673092228;0.7018316208486957
0.3037126873327285;0.5460201280878314;0.24512186647355172;0.7032878650981567;0.13984590832282806;0.30102276848869064;0.5411073203293038;0.5665956196586852;0.6380754734405172;0.6820123830101028;0.6912902139133533
0.17613721851647524;0.527392497712718;0.24468434315726206;0.6816935682403762;0.13966468872525262;0.1792170610602377;0.5411073203293038;0.4706090539916494;0.6138728834893563;0.6674635689403383;0.6776255769096234
0.15186318270725713;0.5216102470265325;0.24421298836197192;0.6752006429625765;0.13904443284455614;0.15612125259590945;0.524326930208411;0.44279911908186403;0.589190700693848;0.6501209464989328;0.6612448664730057
0.23345294055961593;0.5186825251601102;0.2436940866232158;0.6720886559696233;0.14093984540971083;0.23371171712956454;0.524326930208411;0.428403606038044;0.5665455483855072;0.6310139953873455;0.6429725369855991
0.19759812883841169;0.5419213174748405;0.24334365650624967;0.6995899996519969;0.1408817313452133;0.1995054124729033;0.5463546688422465;0.5454886628017546;0.5652931876581564;0.6154390383527805;0.6271625167878728
0.20391740262345606;0.5418481244281796;0.2430506027489443;0.6996876699294555;0.14101618459502752;0.20551249694300586;0.5463546688422465;0.545080621713055;0.5634085713124696;0.6025435746342905;0.6133649591698703
0.17466910440479827;0.5631473010064045;0.2430574604811735;0.7246881103049735;0.14089032810031643;0.17762201704945396;0.5644515315582579;0.6397090627163096;0.5770090088954148;0.5953699996006935;0.6042267329844477
0.21007253942707074;0.5563403476669713;0.24303140109870025;0.71671323190232;0.141811298474523;0.21124322315809738;0.5644515315582579;0.5988650587854272;0.581599529490367;0.5906919193763627;0.5973798232188354
0.2298829612135194;0.5576578225068625;0.2431520971859511;0.7181843009493357;0.1426870499168864;0.22996916478040438;0.570477638507751;0.6048686341302887;0.5851452656827715;0.5877688056954445;0.5922981554043876
0.27611943701015373;0.5737236962488561;0.24339440372475352;0.7368934579101969;0.1451158051686443;0.2735046280855279;0.570477638507751;0.6752566946608025;0.5988447887362338;0.5885960074121519;0.5906361528929394
0.21881283368820356;0.5742360475754804;0.24357064744307166;0.737384530316954;0.14545597876807803;0.21890625134448802;0.5694578357932212;0.6774258023821154;0.6087294878845289;0.5915419300247231;0.5911699542241408
0.1939004873956476;0.5551326623970727;0.243876730891615;0.7147658412382527;0.1442773636434287;0.1954025051696258;0.5694578357932212;0.5522274295252689;0.6008654781433571;0.5920814487977292;0.5902306696017109
0.1873897204656019;0.5803842634949676;0.24425047729816374;0.7441764813122523;0.142755308152406;0.18945381055984517;0.5766149966624639;0.6633256257945241;0.6123056561365767;0.5951566658873442;0.5916565444630553
0.1914475513953923;0.5631107044830745;0.2445604467949707;0.7237035308950994;0.14275444847689567;0.19332165910366642;0.5766149966624639;0.5635291567931158;0.606985919418622;0.5963875521288745;0.591941908182622
0.21882651176998938;0.5792497712717299;0.24500048461307689;0.7423747367950723;0.14368341383334804;0.2192461783282936;0.5817325521026486;0.6302265065261583;0.613545316681718;0.5988880099330778;0.5934775780681202
0.2547405951789321;0.5743458371454713;0.24551435734819727;0.7362956928982965;0.1441348294438174;0.2533627462247224;0.5817325521026486;0.6020861726078437;0.6136239854691607;0.6009065549993176;0.5948546439482554
0.22196791122013046;0.5639890210430014;0.24593885097324897;0.7238710884092165;0.14406579750033877;0.2221671874756658;0.5562745679744863;0.543666924245634;0.6045525496556954;0.600425159112602;0.5943712024379322
0.255109903387149;0.5393595608417199;0.24607074802314344;0.6948740432931382;0.14488524019677618;0.25355875232645214;0.5562745679744863;0.4219991092962017;0.5777580995059887;0.5938483674175182;0.5889722789127589
0.18784109716453365;0.5311985361390672;0.2461669848654422;0.6852328985001025;0.1457970980105734;0.18938261033796583;0.5326336868649415;0.38613435689429804;0.5496805703087526;0.5820987645256042;0.5791452108613082
0.22696041107195128;0.5254894784995425;0.24633454212293326;0.6784256238688976;0.14681203091805783;0.22640156436845235;0.5326336868649415;0.36120999057870123;0.5227486566668873;0.5664756420936162;0.565769966648875
0.20744178836359986;0.5052881976212262;0.24633637085152849;0.6547086454092035;0.1478931588398369;0.2076567862568983;0.5092153081658379;0.2797381057637563;0.4861997526650155;0.5455314050714947;0.5475866531202398
0.18521034610106277;0.5051784080512354;0.24632128384062213;0.6545892069760638;0.14767901367021619;0.18657411567014007;0.5092153081658379;0.27931525535456486;0.45753517216845724;0.5221521898091279;0.5268048416246645
0.16868722330380387;0.5074473924977125;0.24639854762374913;0.6572045363117899;0.14776025300594142;0.17086436443568212;0.5039494177853596;0.29422932757450976;0.43715068128524937;0.4987383592172627;0.5053863567471176
0.15309876942857534;0.49262580054894833;0.2464746684515049;0.6397566434764206;0.1470761232348281;0.15615301251524175;0.5039494177853596;0.23366518114354146;0.41072406034962217;0.47390061791742083;0.4823222459863009
0.1963625421170935;0.4916376944190306;0.24654850336851908;0.6385503725863299;0.14672890029620977;0.19733012568424432;0.49532744938070206;0.22974422397664346;0.390194318764782;0.44928640189055724;0.458985127939444
0.11129855149113888;0.4914181152790489;0.24667925746304142;0.6382106747884799;0.14492332382188344;0.11667556118223399;0.49532744938070206;0.22881351722485782;0.3750924622880949;0.4261052844965126;0.436457068137372
0.10445495123763843;0.48124428179322987;0.24676177884087735;0.6262151321047795;0.1430251602950956;0.11037461623846886;0.48168063487354384;0.18582038612762292;0.35698239521329894;0.4033755071942299;0.41407879603891684
0.1395665871818136;0.4748764867337605;0.24681344042367837;0.6187071233568446;0.14229099740928186;0.1439338585067006;0.48168063487354384;0.16020588973080047;0.3395638524210072;0.38116659974355593;0.3919762550178866
0.1307031901846085;0.46415370539798717;0.2467370910048512;0.6061666607233859;0.1417138112716525;0.13555758435169937;0.4617481272713784;0.11938778338605177;0.3196336980417572;0.3587940037083598;0.36965394498015686
0.15498634471501715;0.45262580054894785;0.24670211657047414;0.5926550805658058;0.14165586914225692;0.15872743107887977;0.4617481272713784;0.07943767383389044;0.2973616883619786;0.33574929970758627;0.34671731850252907
0.11186847156554763;0.4661299176578231;0.2467110316223744;0.608503013958687;0.14038019665249224;0.11774911629927645;0.45978268931246813;0.19617091494059485;0.29220033176846416;0.3161208476354346;0.32647437511567745
0.10411755855358845;0.4467703568161028;0.2467204038564228;0.5857694692164624;0.1392407827311135;0.11047772149439081;0.45978268931246813;0.12492468009734331;0.2759639829971497;0.29666618235644293;0.3064654690000524
0.12134282288251896;0.44091491308325725;0.24673069045476836;0.5788888702713872;0.1380041395095173;0.12708732092591707;0.44099977749758956;0.10548791896136717;0.26131931704937744;0.27771835337752987;0.28695854977479074
0.13413182935225162;0.43491308325709044;0.24664611175726048;0.5718958502591487;0.13803697911401147;0.13931152356695486;0.44099977749758956;0.08575827086723425;0.24797927906319653;0.2594774675226901;0.2681273193238475
0.1522051347519024;0.45167429094236056;0.24652930171827148;0.5916462984038934;0.13766155881865472;0.15664625415775163;0.4490098642735294;0.2237770158433639;0.25281076627521026;0.24600122132814958;0.25328894962785165
0.11402048976651513;0.4399634034766695;0.24623853387171035;0.5780801546455603;0.1364087536974643;0.12027595786282522;0.4490098642735294;0.1780122907993909;0.25056378332614715;0.23470099042514006;0.2405336508543294
0.13141900979806592;0.4457090576395242;0.24616515613684609;0.5848713895831069;0.13574964048370153;0.1370157680613937;0.45008529259066954;0.2229348069561266;0.255831548119154;0.2268780834343983;0.2309671530842441
0.16761577356391538;0.4480512351326622;0.2462671077560037;0.5875571790016916;0.13558174585653604;0.17170432097907906;0.45008529259066954;0.24155016501079823;0.2643854987279525;0.22259640904075054;0.22473800940690788
0.1752572619215881;0.46214089661482216;0.24640449099168293;0.6040120429457067;0.13778165548744625;0.17867417932807253;0.4705925980864789;0.3482605913725489;0.2841885636184166;0.22374717169764882;0.2234716612857634
0.1981634895522252;0.47209515096065857;0.24677435134996628;0.6154663891799662;0.13860702994490515;0.20043719330428675;0.4705925980864789;0.4161953772615065;0.3094914168012596;0.23051477783331117;0.227472821414533
0.16850484887999306;0.45376029277218644;0.24702054393703143;0.5937874542958244;0.13873245660186084;0.1720704828323171;0.4650856634280194;0.32066426231438955;0.31769114360992917;0.23782365972730785;0.2327274857960116
0.16839086486511132;0.46960658737419925;0.24743475096373935;0.6121311353797401;0.13938082387174466;0.171861974644974;0.4650856634280194;0.42224034130548366;0.33792090418232124;0.24834546846661212;0.24129720202295735
0.10675286897765457;0.4888563586459287;0.24795845311505627;0.6344018203906604;0.13879461114125702;0.11304641362312573;0.471890528814062;0.5273941998945799;0.36988677185239316;0.26414960419932476;0.2548933785920984
0.4978776176429017;0.4154071363220493;0.24790999180729578;0.5482045066669983;0.1451801948643674;0.4845170562102423;0.4389230883334565;0.23649499524578993;0.34146416923426903;0.27022500351039547;0.261323081213795
0.2622361839975562;0.4425617566331206;0.24802040129620107;0.5800142266354302;0.1477136585932819;0.25974338319356566;0.4300971593858929;0.36032659208731926;0.3411743287920027;0.2750183464844148;0.2669103189375306
0.22344970341359324;0.4117474839890214;0.2479963992333971;0.543854026185086;0.14875661692240283;0.22270159183849927;0.4300971593858929;0.2711697606160028;0.31964325406352834;0.27387760931135285;0.2677252312242825
0.1625184084184034;0.38861848124428144;0.24802245861587213;0.5166847900883851;0.14837191213153456;0.16491359716111073;0.3851145887413776;0.21372676869881163;0.28745421273038163;0.26552675974958506;0.26241426618004565
0.2006665785190285;0.3769075937785913;0.24793696555406886;0.5029900423576795;0.14938177295350807;0.20096506045923476;0.3851145887413776;0.18658814897999448;0.2558077450641162;0.25153319847205213;0.2519540320596931
0.24205645400289064;0.3551326623970721;0.24764414038783666;0.4776102345848151;0.15198873893855525;0.23972708314605126;0.3507379663279684;0.13927256429229423;0.2174321053441779;0.23147048736713077;0.2358082986633749
0.2620036566071974;0.34254345837145506;0.24730239673169585;0.46304490383845603;0.15481389056812178;0.25803191033117223;0.3507379663279684;0.11372509525556257;0.18108071379959367;0.20702022068440162;0.21518764355682274
0.24587263882113172;0.34470265324794136;0.24701711507091684;0.46575847629784356;0.15654957542345893;0.242434596806704;0.35813617147519095;0.1248920381461544;0.15774228994191886;0.18206695264226025;0.19322522254906527
0.18254312015282978;0.3675754803293687;0.24687310269408158;0.49270086529850965;0.15667775304204778;0.1826021822262908;0.35813617147519095;0.23896323269990255;0.16033222492210975;0.16270282168336636;0.17506967607758206
0.23542714369736786;0.36677035681610315;0.24675903574798497;0.4918271316287443;0.15830314152941072;0.23223318128685858;0.35917451605725725;0.2367806042750767;0.16552635513424907;0.14841177913202136;0.1606877749450678
0.17197908165358888;0.34755718206770325;0.24664794048585392;0.4693409132342801;0.15909146397237484;0.1722588180456541;0.35917451605725725;0.1856629262820229;0.15895616534821894;0.13546070233835122;0.14730159660942926
0.20679891851966678;0.32197621225983575;0.24642323545977884;0.43945022804291256;0.16042490665643316;0.20485847874330151;0.3134502707112654;0.1259348555831698;0.13848890188636043;0.12037025539243434;0.1321136444136518
0.25119797199640725;0.3021043000914916;0.24623167613948027;0.41624107774138736;0.1617186323319144;0.24642497638043717;0.3134502707112654;0.08513809115108806;0.11162986576640571;0.10209129829157637;0.11415608257769294
0.25451262714916856;0.33013723696248887;0.24607120520529246;0.44925162656098816;0.16306754917515853;0.24927208297373968;0.3305644144478226;0.22331833984372934;0.11584008274673285;0.08844103166333778;0.0997752679474549
0.2892458361639364;0.3277218664226895;0.24587941729391893;0.4465361923514434;0.1651770209423833;0.2814645503853614;0.3305644144478226;0.2172605186339322;0.12160831220547708;0.07885374371849824;0.08876335415702241
0.2459638260330371;0.3559743824336694;0.24608286335008245;0.47957652917355437;0.16679527412301076;0.2405010601752036;0.3556144774901724;0.3434305559597259;0.15143144880690312;0.0780754587333577;0.08525875234501001
0.1274569254407762;0.3513266239707229;0.2462831091312072;0.47399471578020846;0.16560548321672686;0.12947522997307856;0.3556144774901724;0.32930517131077514;0.17519423749346263;0.08294394787880288;0.08702183668746843
0.24760975520792963;0.3594144556267156;0.2464476947047327;0.4833865292637765;0.16676140290790387;0.24205178327231283;0.346955425350441;0.36481892589387227;0.20344786495036454;0.09336760160521362;0.09415178438674437
0.2912519548258552;0.330795974382434;0.2463260842531838;0.44986528805499676;0.16892812906411603;0.2825097301531569;0.346955425350441;0.2767796283544876;0.2074890549335538;0.10264036479547572;0.10119291671028263
0.21767299353938604;0.3350777676120771;0.24615441235635238;0.45499956535294395;0.16919849701211187;0.21353324244087432;0.33690573314544237;0.2965823805603605;0.21708125338039364;0.11227514537802524;0.10920003894015007
0.2448331046054101;0.33529734675205836;0.2460252583993503;0.4553382606699402;0.17068444613170075;0.23868347451889407;0.33690573314544237;0.29765395663528954;0.22787992923271322;0.12247833327865815;0.11824219763779781
0.1910919212689612;0.3636230558096982;0.24598502637026431;0.4886171879352297;0.17051947440127035;0.18842348401668643;0.36208558926055057;0.4273379984403915;0.2604878800876884;0.13817594524499033;0.13236793513043388
0.20492046195441552;0.35645013723696284;0.24586775914912895;0.48026981628965515;0.1709329783217346;0.20129434359260753;0.36208558926055057;0.4007246372827163;0.28330413601221277;0.15600642668600445;0.14892974270569714
0.1740991843303895;0.35125343092406247;0.24592582128201101;0.47413262850336646;0.17103510777236064;0.17244362291237583;0.3482904398130975;0.38117463682936;0.29966447660330636;0.1740513675520181;0.16629583921248864
0.17120854971298824;0.34159194876486776;0.2459676534486155;0.4627640659878728;0.17083153661151673;0.16976974882513454;0.3482904398130975;0.3448970531458833;0.3074464343902805;0.1902855789551312;0.18265223099305705
0.22048611902666768;0.33006404391582755;0.24582204093426174;0.44932180022074486;0.17233261602008754;0.21560654218924277;0.32626270117926204;0.303173781641117;0.307025079697152;0.20317558122370305;0.19651732384859383
0.24304583525206422;0.3193046660567247;0.24557081934355907;0.4368479309582838;0.173967289002962;0.2363788199943724;0.32626270117926204;0.2659214081846973;0.3007552958641446;0.21203875824433088;0.2070836130710434
0.18586689402678166;0.3327721866422695;0.2454946985158033;0.4527061755828031;0.17421487554993442;0.1829512661899665;0.335997181636134;0.3392943026091841;0.30806529517210685;0.22081849816898236;0.21744989198504067
0.1709258693560815;0.33580969807868266;0.24533308462624426;0.45637339375715;0.17341623700084652;0.1691212996930971;0.335997181636134;0.3555874413341977;0.3181432425777428;0.23017110725218476;0.2281722089147996
0.17568128245694822;0.3285269899359564;0.2450969500464497;0.44797160172237616;0.17373801354435958;0.17351443670874506;0.3094266854557586;0.32581575120267375;0.3225687644058529;0.23867584632345737;0.238085630560891
0.23334351590532945;0.2765599268069536;0.24436797311037406;0.38742018283245805;0.17542994091622144;0.2270474706943927;0.2982273974634726;0.15953358905172693;0.289149118913559;0.2377570091305598;0.23990624903543287
0.30384490878999126;0.2814638609332114;0.24384678546087546;0.3935038094988491;0.17815055600373286;0.29219109640037116;0.2943150634131868;0.18714970479130238;0.26892561892090294;0.23234868285004173;0.237370585000256
0.2478240451559073;0.30484903934126306;0.24352835809431905;0.4211569574247807;0.18018747115788658;0.2396316336192504;0.2943150634131868;0.31039553114595325;0.27307155201240796;0.22898006612478916;0.2358786379608355
0.13739633153846503;0.29731015553522466;0.24317015588082658;0.4125308961018811;0.17956583979637375;0.13702013294927315;0.29598383149150775;0.28573867398448033;0.27317183318759886;0.22630834576887002;0.23450124790856963
0.07458202061742861;0.2922964318389756;0.24277377895791652;0.40689323020383134;0.1783705469668242;0.07868963803220116;0.29598383149150775;0.269162107215626;0.2719868602100684;0.2238971453338825;0.2329801756905201
0.0765516643945853;0.30342177493138145;0.24233374113980855;0.4202298058466687;0.1774927323032358;0.08060258707305132;0.3047170511013868;0.3292162059338882;0.2818596068569721;0.22424958423507868;0.23351291173470354
0.14981147043938559;0.29738334858188464;0.24161070757166758;0.41359381222989383;0.1758556522289323;0.14906964650417392;0.28864125194689505;0.30669067372426356;0.2874669635940804;0.22582728616454747;0.23497517988698235
0.15769460490860762;0.2777310155535222;0.24099419744416828;0.3909086729917477;0.17572025333605668;0.15644007541635677;0.28864125194689505;0.23814237862297355;0.2795029669228494;0.22524912336110142;0.23457224294624338
0.22782213022445733;0.24636779505946915;0.2399435928664948;0.35474718363744984;0.1768951718560119;0.22162978816236054;0.2545056738114657;0.14824369221132688;0.25225228005183353;0.21848949072213944;0.22878432893422437
0.1458995390486438;0.2613723696248855;0.2390081981902883;0.37294822601704214;0.1775027905067066;0.14520335244534005;0.2545056738114657;0.23156599763913727;0.2448247223743559;0.21136542085580368;0.22229061970864455
0.27245827045215176;0.2912717291857274;0.23829979445090466;0.4084931896463204;0.1800617006307268;0.26256601252322564;0.2831528591559733;0.375443744323083;0.26413481605976646;0.21012835110112105;0.22046939535274296
0.21605897988866038;0.2730100640439157;0.23745629338658514;0.38758287115385615;0.18167023947808758;0.20983406631965848;0.2831528591559733;0.31601252843299216;0.26821089914776575;0.2100805986226768;0.21966001897187276
0.22856074664089107;0.26543458371454776;0.2366580533549847;0.3791895286005641;0.1829447943896887;0.22121749295683626;0.2625713861900172;0.2924500193414457;0.2682845196507536;0.21005940890269376;0.21893193251330412
0.13673978361274614;0.2582250686184815;0.23577752053662238;0.37127737685704176;0.183141316211348;0.13595839078331964;0.2625713861900172;0.2699416320771714;0.2654947380781679;0.20939779300103695;0.2177104869789523
0.2346794085597436;0.2373650503202196;0.23473423087332712;0.3474418192335116;0.18571759178067682;0.22638545378159444;0.23778090929318418;0.20877272347617787;0.250300393556533;0.20535738352332183;0.21361788239805396
0.23786184225524212;0.26126258005489467;0.23204691420336854;0.37718055696976927;0.18868003358924157;0.22878387329356123;0.25875176147741596;0.3263809879131146;0.25898137863120285;0.2041310623282132;0.2117900087915649
0.20596455553073237;0.2548581884720953;0.23076063222805132;0.3704678019619112;0.18991959970757266;0.19907851235599303;0.25875176147741596;0.3058194902210886;0.26364247017222964;0.20422709274430367;0.21111267011249907
0.22286154589680343;0.25913998170173835;0.22936234062630234;0.37637055243998785;0.1913605018304212;0.21443907311226765;0.25393087591782226;0.3269863336277073;0.2730804215177983;0.20648484360995495;0.21236933138926445
0.19328497371528616;0.24746569075937774;0.22782963747284324;0.3636254405008271;0.19236632217749627;0.1869743270985067;0.25393087591782226;0.2868746277615631;0.27423882538409783;0.20855872884917287;0.2136411134179398
0.23017931965221197;0.3011893870082343;0.2267001689745216;0.42740341562412176;0.19382630909667364;0.22075131466746575;0.30367870651932005;0.5162474205897374;0.31773044742371;0.2202679028850078;0.2233237499142089
0.29119724249871193;0.3036047575480332;0.22563676329668603;0.4309052244576106;0.19640060741232857;0.2764398374706997;0.30367870651932005;0.5247740753845327;0.3555811178572271;0.23838179403044166;0.23908535351850238
0.18528785523118238;0.2984446477584628;0.2245047802965443;0.4255565594685251;0.19867848961202506;0.17863260089488475;0.3007490914484898;0.5034192785714338;0.3829242157674925;0.25919136373231433;0.2579455498687738
0.1958883686151854;0.3005672461116191;0.22331107770633452;0.4287962911645489;0.2005898061741207;0.18807103923812424;0.3007490914484898;0.511946148805529;0.4071613441484843;0.2814397472819772;0.2788131911051974
