Volume;Close;mean_close;diff_to_mean;mean_volume;relative_volume;Close_Filtrado_Wavelet;RSI;MACD;MACD_Signal;TRIX
0.5157941586178594;0.43528275627005986;0.4698885153120447;0.47220103922104006;1.0000000000000002;0.33604992243498133;0.44199314783755517;0.5131539616373063;0.5662236446309983;0.42499630803941424;0.4132132357903089
0.3658060078493933;0.4549663419206409;0.4680273636312231;0.4930874463152831;0.9863676970945783;0.23500288533796254;0.4413910749867398;0.5938264440463283;0.588313636014782;0.4454597398479869;0.42924869838449775
0.46546671521961536;0.43303888431277837;0.4661378407357537;0.4717014988328336;0.9801254602454439;0.3050575526841928;0.4413910749867398;0.503124450700743;0.594969306387707;0.4634420278686156;0.4441672931813747
0.3682567757373979;0.42534155139602925;0.46409207350819415;0.46485061798880334;0.973122371615921;0.2387041272812807;0.41957310167863593;0.4738169517014629;0.5968515794945507;0.47828361451659923;0.4571309381480578
0.36496789147259934;0.41943363535660527;0.46193322672511616;0.45987185903878447;0.968964732910653;0.23704631094484324;0.41957310167863593;0.45129952597207557;0.5959024545602223;0.48992707148644804;0.4678250373692999
0.3156404076135647;0.3911722100718604;0.459588751137634;0.43226522900636233;0.9589539850309146;0.20402761158064026;0.39126134262245715;0.35484452184070636;0.5811295250795776;0.49566485631306767;0.47373017711055077
0.4569583889669204;0.39750617774874275;0.4571622016792105;0.4398539710285808;0.9543900838630279;0.3038389902990409;0.39126134262245715;0.3859028491984394;0.5736722735055495;0.49844945412937935;0.47703785777020535
0.4231909691515372;0.44590564376402453;0.4551306200589744;0.49000284214619927;0.9464194508737231;0.28152404100501344;0.4539772645823481;0.5803601541200015;0.5938915393383188;0.5055728387311751;0.4838155237627144
0.44276243157791306;0.4670378049819637;0.453223263828586;0.5123832521580193;0.9408406998922525;0.2963228045240977;0.4539772645823481;0.6457418272135191;0.6213944612132608;0.5179308499870274;0.49506525555630376
0.3442172860057685;0.4539722214332378;0.45135745116250003;0.49999162942723846;0.9320784396994892;0.228031260087723;0.4601270087013858;0.595515137198363;0.6365192290759666;0.5314794306383552;0.5075927934000444
0.2833526967116937;0.47115630414406207;0.4496140400224604;0.5182821006173628;0.9251106957698239;0.18577322494570647;0.4601270087013858;0.6481551461636407;0.6574932796779934;0.5473967581234312;0.5224074726020644
0.26145762888206836;0.4748487516687021;0.44783090918191704;0.5228810087483067;0.917718076294155;0.17110955816479534;0.46826932725526405;0.6592311750235327;0.6757999791443352;0.5645632352985729;0.5386164387649333
0.2405394001398787;0.46641292924702515;0.4459906306090131;0.515182102291478;0.9121768202604421;0.15682420929310875;0.46826932725526405;0.6233423649038644;0.6855056385477837;0.580646455796435;0.554230891429472
0.3736958620171438;0.467151418751953;0.4443992081188677;0.5166881318940564;0.9049973441078671;0.25333221238383113;0.48876847431872594;0.6258925467567854;0.6931295348993083;0.5953590120675374;0.5688924321547958
0.30237504840844587;0.5147271849348143;0.44324247316741605;0.5655845921423989;0.8984563571911177;0.2030136784112601;0.48876847431872594;0.7655237959789968;0.7233751323796456;0.6144524468074096;0.5873822214732755
0.26704121798539937;0.49498679239923904;0.44205513783445305;0.5460877963399233;0.8888843270782398;0.17878698732585718;0.5030318668558897;0.6807457468013784;0.7360178968106478;0.632788396850788;0.6055009034216619
0.25531914893617025;0.5151532365722722;0.44077762256921993;0.5671877973597858;0.8794729608006449;0.17148887739978197;0.5030318668558897;0.7334974713357607;0.7554632924238547;0.6521654854442446;0.6246815759507199
0.2823527371724843;0.5065753969381088;0.43950010730398503;0.5590773858489595;0.8750228883809672;0.19175716064681325;0.5122349804326323;0.6971047939748816;0.7650794475835245;0.6699955233455427;0.6427247606008111
0.3015253718057651;0.5217996421166244;0.4382428571920709;0.575145421864359;0.870059377079903;0.20644549200181417;0.5122349804326323;0.7374652257311807;0.7792541050011751;0.6876916743422206;0.6607144269290276
0.31047298664215894;0.5065753969381088;0.4367791051678376;0.5603692442450375;0.864671393404316;0.21377950649348276;0.4994911050903825;0.6720351801420018;0.7810157538073754;0.7022751445165831;0.6760880141814472
0.2438860855341113;0.4965489817365869;0.4354110046672659;0.5508297739156404;0.8592844848526793;0.16567791176055646;0.4994911050903825;0.6307369361902806;0.7757331544906902;0.7126628408305998;0.6877700825248911
0.26039986821342487;0.5137614678899083;0.43418030190620005;0.5689056890453443;0.8557977906874779;0.17826404984846456;0.49107642024684983;0.6826750680432496;0.7791468038373857;0.7217995474171541;0.698086426525683
0.26970006993936657;0.4726900900389124;0.4325941483559177;0.5279213443255302;0.8523376386447927;0.18557368664859664;0.49107642024684983;0.5301418720780087;0.7590468908224406;0.7242421053270012;0.7024148586833077
0.2557931181975296;0.4649927571221628;0.43097151752965956;0.5208695697352413;0.8476938423283691;0.17593230481592653;0.4579767485199038;0.5053237191496494;0.7380969822500717;0.7211235342190284;0.7014787827807015
0.2433427549174311;0.45587525208055224;0.42928180904591784;0.5124064396067017;0.8432193780340753;0.16730365396634678;0.4579767485199038;0.4759169646837931;0.7159818574031362;0.7132739251862598;0.695842658385548
0.2288866924459704;0.4575794586303856;0.4278227180069454;0.5148310193029249;0.837035533854477;0.15735824637663462;0.45614185983170596;0.48246065424110995;0.6988294798464401;0.7028411196225672;0.6872514217573886
0.3041206425173548;0.45965290993268404;0.4264076023506753;0.5176099532460215;0.8329595373741643;0.2138309182839644;0.45614185983170596;0.490878489561828;0.6859526460926508;0.6913769975354229;0.6770549983453134
0.2855838203078488;0.4580623171528386;0.4251009052646628;0.5166139513009692;0.8314559765300442;0.20025641554803664;0.4599119826832383;0.48476305756094595;0.6746682742146889;0.6794734062452825;0.665855074764616
0.3522054020935569;0.46664015678700244;0.42386574416986633;0.5259173137504258;0.8304961596236529;0.25002009956147736;0.4599119826832383;0.5228270271018419;0.6700443113535482;0.668830929537998;0.6551991919553001
0.2668793748229841;0.46808873235436144;0.422751768691918;0.5279182654941702;0.827306334059154;0.1869008260825778;0.45926690462879316;0.5293697226930124;0.6669864985033633;0.659576557600735;0.6453615667478546
0.19235637864363866;0.45533558667310503;0.42166697503474815;0.515473340495465;0.8232216021967471;0.13175307400177347;0.45926690462879316;0.4729259325165954;0.657810465769124;0.6499512602049325;0.6350017785309885
0.3216170443970475;0.43570880790751865;0.4205493518292025;0.4960589034318772;0.8127521795618262;0.2300546595775137;0.4307257844865897;0.39578613797458584;0.6403735541286215;0.6380290094948001;0.6225368970960744
0.28028923685168805;0.43116425710796147;0.419410044909605;0.49198156857606146;0.8041779316698252;0.20024429483647865;0.4307257844865897;0.37910967330071754;0.6245008291760028;0.6246479338560189;0.6086230599056557
0.4646748397463687;0.49865083648138153;0.41884667364733463;0.5608300106008013;0.7992890070927943;0.3404605427354561;0.5255522584899444;0.6529528243372557;0.6474663969037054;0.6195037438785825;0.6014286875113742
0.5754969452103094;0.557161928025677;0.41874473992614014;0.6203383366267206;0.7954480595860571;0.4253020271700585;0.5266130535128082;0.7933511685357952;0.6959348826942833;0.6271241035471762;0.6051937445954457
0.37588074470975164;0.544380378901923;0.4185226338457646;0.607454966799614;0.7891178641587606;0.2751536726303188;0.5687438180019777;0.7433813907814125;0.7267838008263658;0.6406898634973291;0.6147171931001463
0.5599484413925448;0.5959610304768939;0.4185893062001833;0.6598404164735179;0.7862826279120319;0.41585548023537466;0.5687438180019777;0.8402666714556253;0.7769233063202454;0.6636827883907971;0.6330727552946783
0.5808262093441305;0.6084017382906812;0.41865455999387;0.6724518870061196;0.7863187789548518;0.4317453577805733;0.6163935836236183;0.8601326816667636;0.8212655535981515;0.6928137506593015;0.6577460528166383
0.5917910835977734;0.6263527139489304;0.4186274046884222;0.6907068554221204;0.7841168579099389;0.4406878589932769;0.6163935836236183;0.8877960761907204;0.863423946354059;0.7263263644569232;0.6873084249357464
0.42419670880369;0.6464339477944732;0.41872447477282115;0.7110676482750752;0.7800876293214523;0.3137425914841065;0.6453647558021185;0.9168073936133059;0.904497920557219;0.7630817283816727;0.720749404342858
0.3827070580959152;0.645723861732042;0.4190162929806158;0.7102074997637956;0.7760737212492537;0.2828084097805379;0.6453647558021185;0.9137196729291936;0.9334497224305187;0.7994961415215025;0.7549471818349545
0.4293988104527563;0.6210412702019483;0.419063308136316;0.6851023239981239;0.7722968108127903;0.3193393479805755;0.6257973881506325;0.8089808713040489;0.9401165395507685;0.8302419135776187;0.7851729459540013
0.4079199107550562;0.6323458403158462;0.41910039336688953;0.6965726064443403;0.7729036510873366;0.3027437715373705;0.6257973881506325;0.830067055994238;0.947948827710821;0.8567349691638059;0.8121827205606814
0.3467027345714335;0.6150765472775297;0.41906087631791866;0.6790420293193252;0.7720024956314688;0.25596541846764437;0.610974927966283;0.7596760552958529;0.9417562013514074;0.8764299882612341;0.8335522573638605
0.2482096100157797;0.6089414036981284;0.4186594236306682;0.6729979947186489;0.7681340652687592;0.1809483046591176;0.610974927966283;0.7351513193955586;0.9304319695122715;0.8894440585957712;0.8490463572088143
0.22815261810215773;0.6157298264549667;0.41834004481435816;0.6800481336797793;0.764960836930239;0.16594871608778322;0.6165656044381365;0.7512539268548233;0.921932197823036;0.8977972586230777;0.8600981254607747
0.3038663175478449;0.619365467094612;0.41815644252528816;0.683829900725007;0.7617364058135982;0.22475804476900674;0.6165656044381365;0.7601290189009187;0.9141038019235304;0.9025843231396611;0.8675054746867694
0.29125989121827434;0.6285965859062119;0.41821176639385005;0.6931844487458277;0.7614568063913432;0.21508073706353348;0.6339253716366344;0.7829878385001547;0.909798387486012;0.9053715014519643;0.8725328001977679
0.3344777956961279;0.6408952765075129;0.4183921262583885;0.7055969498017713;0.7601620883745168;0.2486373205233166;0.6339253716366344;0.8125857756157089;0.9098963114515717;0.9076249545067174;0.8764370712272704
0.2899651459189513;0.6398443491351151;0.4184587986128081;0.7044973259387498;0.7567545502101363;0.2148190404282121;0.6310010177898193;0.8070871858856212;0.9065057275604114;0.9086067522716239;0.8786998819026828
0.21688717797545762;0.6238532110091741;0.41837003724127086;0.6882890106694975;0.753241381117665;0.1587731587747149;0.6310010177898193;0.7245734451052883;0.892656748431913;0.9060389265419296;0.8774857633042747
0.2935545960568069;0.6240804385491523;0.4183027569322517;0.6885518658968818;0.7494126631458597;0.218762193665827;0.6193322725383101;0.7252690296397399;0.8791997756311931;0.9007263188094554;0.8734218430552487
0.210500153172993;0.616496719402392;0.4179574387196956;0.681009113918107;0.7471681403144266;0.15459391421368235;0.6193322725383101;0.6852540598356255;0.8621442270620947;0.8923465595630546;0.8662478125349272
0.3228366482281063;0.6047092907660407;0.41751849549880404;0.6692389340547035;0.7451996555571645;0.24220965035382003;0.5986754397282072;0.6252693845655326;0.8402791349704655;0.8803485406424166;0.8555072039626379
0.2331986567017519;0.5949385065469937;0.4169764026475198;0.6595670739768127;0.7424693782860576;0.17286896136384955;0.5986754397282072;0.5779829085427974;0.815943032083274;0.8648576062426463;0.841285961289137
0.19899772841561322;0.6154457920299943;0.4164626810108816;0.6806508149185542;0.739149798699839;0.1466409376663894;0.6133545492337906;0.6577598732871022;0.8056826754765823;0.8499805107056844;0.8269591425669549
0.26418006207841305;0.6132871304002045;0.41600833627346834;0.6786728581965317;0.7374321537991688;0.19775036572112226;0.6133545492337906;0.6467171407815346;0.7947886010076366;0.8354410436667796;0.812460974261928
0.24915754853849845;0.6151617576050223;0.41538660136963923;0.6808730680573749;0.7357323156389208;0.1862645325059638;0.6185438438051003;0.6541856885857146;0.7856181234273982;0.8215890152633639;0.7982008599984882
0.22877109018710226;0.6238532110091741;0.41484876420055095;0.6899608160981314;0.7326471802690564;0.1707510078864542;0.6185438438051003;0.6890515759620065;0.7814450006702267;0.8094969511257275;0.7851725369532914
0.1782644632876126;0.6297043201636034;0.4143579421871637;0.69613983821126;0.7290244829241759;0.13163417040093334;0.6359179460714741;0.7120561598105174;0.7797587198806573;0.799414999354289;0.7737169588036491
0.2232915431167525;0.6437356207572362;0.4137149288723494;0.7107039613206421;0.7252880912215793;0.1674508139778184;0.6359179460714741;0.7641382866846942;0.7842909782650833;0.7924468371370057;0.7648571693451977
0.24036021663863308;0.6365495498054363;0.41339777922290644;0.703551932284183;0.7213470227969954;0.18142393281679087;0.6351868576097708;0.7175602312613428;0.7826177814353624;0.786467174931086;0.7569969517867958
0.2327998289086569;0.6354418155480448;0.4130048379000506;0.7026127925058164;0.7185681633623964;0.17585866525217736;0.6351868576097708;0.710246129891778;0.779260514440577;0.780870547533135;0.7496688267055597
0.22644748478385265;0.6308972647484876;0.4124479514868433;0.6982589401084552;0.7150744136962728;0.1713295782760742;0.6188162100947543;0.6792352733142155;0.7728360927253499;0.7748376954559111;0.7421997243721974
0.23990936782904734;0.6086573692731561;0.4117633946077257;0.6759834027898441;0.711926047599097;0.1824164879395856;0.6188162100947543;0.5445369635801127;0.7548862285737394;0.7656651994155788;0.7323473802364484
0.20346575572086675;0.6281137273837589;0.41139497412038395;0.6959301890383212;0.7076918735076354;0.15412349021521543;0.6223713069281382;0.636597561104155;0.7497790114477483;0.7570905881822292;0.7230124019667419
0.21485835833232178;0.6184849603771978;0.411060193787554;0.6863042227903945;0.7042874935198584;0.16361556424718354;0.6223713069281382;0.583466560698305;0.739677439291265;0.7477849977791557;0.7131477905194139
0.24443519626373497;0.6322322265458573;0.4107999892189378;0.7003979581960118;0.7015018473653247;0.18752432454461726;0.6311300334007082;0.6448599574176549;0.7379256852619657;0.7399163719095991;0.7044890755686017
0.21497396059118992;0.6317209645809077;0.4106607676156351;0.6999445040647313;0.6970957206371049;0.16467803074949905;0.6311300334007082;0.6418512383921037;0.7353261467501527;0.7329920429596665;0.6967014334399441
0.21192206095707108;0.6380833357002866;0.41064718996291205;0.7064164962244861;0.6910932364288278;0.1630520382767629;0.638641608968018;0.670681682230989;0.7356639859599248;0.72753438106678;0.6902411767696736
0.21847670903489455;0.6407532592950269;0.41048790585782413;0.7092053401560233;0.6860164339415289;0.16899796824375296;0.638641608968018;0.682895580625214;0.7363805115481299;0.7233417444428768;0.6849910400493293
0.22708907732057085;0.65518220808362;0.4102394550781323;0.7239862322358643;0.6809087888359129;0.1766358691992191;0.6705227999254579;0.7454996139924897;0.7434962921045246;0.7217105845492547;0.6820304595083092
0.27585589022409496;0.6868236430255346;0.41026174674678284;0.7561301937720244;0.6777891151091535;0.2163784645308619;0.6705227999254579;0.8525542065180371;0.764489332566026;0.725488717627615;0.6837420987939258
0.21519360488303937;0.7025875536114974;0.4102911312190951;0.7721357872388981;0.6725683132077971;0.168222165906662;0.6993219512894386;0.894497132514319;0.7878646731462197;0.734171113239052;0.6898919508531731
0.2121070245712601;0.6964808134745932;0.4101855497703042;0.7659801450014112;0.6679438691224737;0.16636702010429183;0.6993219512894386;0.8518924891694692;0.8014747371947738;0.7444124449782135;0.697888996679791
0.2055986173969839;0.6979009855994547;0.4099993130113022;0.767511767389672;0.659873652777297;0.16219454088526214;0.6995799825112168;0.8560757648438195;0.8111903000181899;0.7549579470499661;0.7066710526889095
0.22586947348951195;0.7016786434515865;0.4100062031634293;0.7713474139837058;0.653823795919972;0.17957152168292112;0.6995799825112168;0.8676361561098584;0.8189689946002683;0.7652778099945096;0.7157156060406453
0.27735871958938074;0.7128695997954955;0.41009536983803496;0.7826775133895484;0.6493104927729834;0.22236712142523019;0.7096288650926761;0.9007843658575039;0.8289939697698283;0.7759610552793276;0.7253967216723896
0.41429537533163396;0.7066208424461045;0.41007064635098356;0.776339161753525;0.646175431334689;0.33514357809367434;0.7096288650926761;0.8506090442044751;0.8316018348119527;0.785139095870642;0.7341441102886254
0.5762136792152919;0.7521231573266682;0.4105152638148031;0.8223682678706441;0.6457524372555983;0.46799024640780607;0.7524477128399205;0.9658818225278483;0.855261965649677;0.7982103739759956;0.7461844785680427
0.3208656297144046;0.75220836765416;0.4111580744780854;0.822149670844063;0.64280444738461;0.2592058882190765;0.7524477128399205;0.9660542824942573;0.8715448224643515;0.8126099770733752;0.7595613204482852
0.3858109787465247;0.6939813105348369;0.4112869608531948;0.7629171888653291;0.6404743850039023;0.31305053456784143;0.6865064006078061;0.6346164385964367;0.8515594832877434;0.8192905940432628;0.7669745072665671
0.3805048350644772;0.6796943789587298;0.4115163623887659;0.7482896610726222;0.6379378988247886;0.30924234995724914;0.6865064006078061;0.5755758387434192;0.8262206961696141;0.8184997876537948;0.7682514683820589
0.3361887091273763;0.659016672820746;0.4115611483776007;0.7272553738596055;0.6329033621477751;0.27375909095913165;0.6568471451712323;0.4980498281285879;0.793655325025505;0.8099820642422405;0.7629001564764197
0.24938875305623467;0.6558922941460503;0.4117960215045686;0.7239688175959826;0.6270722258190344;0.20303516126357452;0.6568471451712323;0.48682067583315614;0.7649210283386776;0.796210428210642;0.75266848297128
0.2665903691758137;0.6393614906126621;0.4120371768290658;0.7070554499452254;0.6216597158783375;0.21820383615393513;0.641694978425722;0.42889670564893334;0.7325489207375211;0.7773548361353144;0.7376035861457124
0.1829174542070552;0.6455250376345614;0.41230163707987977;0.7131933889023904;0.6135168614712871;0.1497745302152933;0.641694978425722;0.45612157930700026;0.7094890008501641;0.7566868463806576;0.7202655205196489
0.13520840197217454;0.6562899423410116;0.4127148435560555;0.7239366822936593;0.6084434187463317;0.11052805117136844;0.6682721942688397;0.50296375416948;0.6963789004225506;0.7369780959020416;0.70295773490488
0.2810348714213875;0.6812565682960776;0.41348187960918104;0.7489440089501626;0.6045657154395527;0.233263060912565;0.6682721942688397;0.5999654836953494;0.6985937528064949;0.7217473794261559;0.688678942518727
0.26848624622125117;0.6884426392478766;0.41417879823182346;0.7559157339250844;0.6012019885761359;0.2233281060241707;0.7085824051376877;0.6254013584365735;0.7035501997022027;0.7107629145349982;0.6775388196031839
0.22992133266284023;0.7289743516914249;0.4146955596414603;0.7968593803428542;0.595448059586057;0.19183280349953147;0.7085824051376877;0.7472870583850191;0.7279266278643504;0.7078776258750955;0.672849630066105
0.3384198327235314;0.6959127446246489;0.4150390539902178;0.7630985512751461;0.5925036982584;0.2839096467823807;0.6869794578477326;0.612739026174768;0.7289966306663838;0.705828475546559;0.6691580498856244
0.3767419815383193;0.6787002584713271;0.4151045104354383;0.7455758636554928;0.5916614730340435;0.3164591081765307;0.6869794578477326;0.5523176362254539;0.7200306196501483;0.7020182081574513;0.6643767065881454
0.2887860028784962;0.7051154599937512;0.41523319415901483;0.7723583290181584;0.588503699602305;0.24275069768635116;0.6981751458593148;0.631108035829061;0.7259755014214402;0.7004094330304897;0.6615476133989187
0.32369788505667396;0.6916806316925617;0.4152200218093567;0.7587118900811023;0.583769861655066;0.2732640326908309;0.6981751458593148;0.5838649962344175;0.722826377406333;0.6983599131150666;0.6586255700696225
0.3858803401018456;0.6846933848382424;0.415292368406706;0.7515769870440847;0.5802303520258192;0.32685952887935793;0.6802563110136326;0.5595963112444889;0.7159387762778526;0.6950525970371727;0.6549002152429279
0.32077892802025354;0.6765984037265316;0.4154861032724364;0.7432587544164384;0.5763727400978562;0.2723023069580709;0.6802563110136326;0.5312687700631059;0.7056250116707639;0.6899094644376;0.6498278711877343
0.25930164675417755;0.6745817593092283;0.41591309005286803;0.7410066854898718;0.5714984640846446;0.22078079698503356;0.663742312819851;0.5240104282459194;0.6959031526774674;0.6834409971810745;0.6437226410566377
0.2567352766073049;0.6539892634987359;0.4159532150564411;0.7200612033189022;0.5651337974957005;0.21971066395516076;0.663742312819851;0.4524337152523781;0.6771026473863493;0.6737140426055617;0.6349901389968304
0.37547035669076967;0.6628511375578721;0.41601340256179764;0.7290382096441695;0.5579877845760701;0.32321332901702754;0.6649894637251106;0.4879570848374857;0.6667098360134399;0.6634160595538393;0.6256447136061267
0.26534186478003774;0.6681909847473517;0.416555292761549;0.734207375071126;0.5478695914965759;0.23025065674506168;0.6649894637251106;0.5094539293107164;0.6611924191916407;0.6538417367443178;0.616725330230244
0.2636367314617327;0.6793251342062661;0.4170669878828548;0.7452791412831453;0.5423741626212328;0.22978829496831565;0.6687165813730127;0.5538005235621875;0.6625687162837979;0.6465155223675494;0.6095059614119002
0.26355580988052507;0.6591018831482378;0.4173802871531693;0.7245791959131587;0.5398225575115718;0.23019104701303078;0.6687165813730127;0.47588469333359507;0.6530351099352744;0.6383461714465778;0.6016415574795809
0.14828301745016095;0.6600107933081492;0.4178317947691177;0.7252884816877843;0.5352516680380097;0.13048251033096547;0.6648891182499748;0.47980924309841777;0.6460441032807034;0.6301179529048777;0.5937204548161457
0.21222262683012824;0.670832504899594;0.4183793592117979;0.736025713629813;0.5319522470258544;0.18679213459898747;0.6648891182499748;0.5270008003640505;0.646276146442924;0.6235915628604147;0.5871460459921296
0.2760466339512274;0.6972193029795211;0.41891496721402;0.7625861182806188;0.5294738175400424;0.24305716574740965;0.6949210854513392;0.6284090308633751;0.6602532275205824;0.6217547321896966;0.5843702006304442
0.20133867415769305;0.6931292072599202;0.4195652759840298;0.7581209468868875;0.5257208958067141;0.17825350563191872;0.6949210854513392;0.609914287826561;0.6690022195759602;0.6224036678119065;0.5838280881048382
0.2472154305895137;0.6776777345414264;0.42009906012245324;0.7421654806430981;0.5226150643008116;0.21905814907854304;0.6752677073925946;0.5422070132333143;0.6676513409865354;0.6225957270403937;0.5832402803436681
0.19984162490535065;0.6737296560343116;0.4207394389673347;0.737849343929901;0.5158650329710279;0.1784882334332556;0.6752677073925946;0.5254447324681247;0.6643807399209024;0.621957461277886;0.5822340557787296
0.18265734912460188;0.6652086232851424;0.4211526454435113;0.7289939514433657;0.5105213981583798;0.1641260969450617;0.6634842815980728;0.4891532391906598;0.6572669600209343;0.6197243836828548;0.5801222938601084
0.14930031732820057;0.6628511375578721;0.42162928184957504;0.7263719416861638;0.5047960943434706;0.13536559138321075;0.6634842815980728;0.47900300549393504;0.6504261778841861;0.616281557779663;0.5771129465810133
0.25498390238545254;0.6833584230408727;0.42231363607715977;0.7468868685340931;0.50021935888343;0.23008361420942458;0.6993362863573158;0.5743609017154266;0.6557592133662906;0.6148185890300116;0.5756768005558092
0.2570127220285884;0.7157383474877159;0.42329001116407206;0.7793283221504403;0.49622319035640694;0.232655334967796;0.6993362863573158;0.6939439037133425;0.6767391345659031;0.6187280984466019;0.5785917295154974
0.23692682955024938;0.657056835288437;0.4238647309122019;0.7194223458116432;0.4898060442796517;0.21589548310483525;0.6611189953984424;0.4680326095746866;0.6624176759920625;0.6183880402276574;0.5784173635674508
0.25947505014247974;0.6663163575425344;0.42446984839030755;0.728544730705204;0.4868123616407871;0.23668179169734294;0.6611189953984424;0.5010572079740259;0.6559080823626724;0.6165398207527166;0.5770985391188274
0.2403775569774633;0.657568097253387;0.4249087916111982;0.7194462067546863;0.4802074048490106;0.22076859211508326;0.6464972261643656;0.47251853326575344;0.6462351030104481;0.6127191192608911;0.5741886290919979
0.18429890120052947;0.6368335842304087;0.42530173293405404;0.6981888966950092;0.4744723577233041;0.17113549976930614;0.6464972261643656;0.40883596509255404;0.6279651103208318;0.6052388307203604;0.5682635343651442
0.2435277185316201;0.6249041383815719;0.4259617689776558;0.685752630909504;0.4671127311138519;0.22609315998796808;0.6280336587393744;0.37484663778271043;0.607743437479869;0.5943583107284491;0.5593905641293717
0.2172860057685527;0.6329139091657909;0.4268246592059821;0.6934826143203756;0.46106919060973306;0.2033329573260949;0.6280336587393744;0.4089238011749421;0.596584787652253;0.5829520422910021;0.5497521834162039
0.22889825267185718;0.6441332689521975;0.42748874828024697;0.704568620127437;0.45219148898283557;0.2155664787541015;0.6438595736750816;0.45581808325128514;0.5943218652448681;0.5732791044023813;0.5411827516328453
0.221210702457126;0.6450421791121084;0.4280938657583535;0.7052049760842152;0.4474139741251264;0.209394818969949;0.6438595736750816;0.4596757534175524;0.5936963601930767;0.5653893000733934;0.5338507836970918
0.2973636904865121;0.668901070809782;0.42901653818897145;0.7290127130719668;0.4429502610703331;0.2804039812595485;0.6692326438165681;0.5557820657145087;0.6062871137449406;0.5621260654276142;0.5301274443352652
0.20140225540007048;0.6705484704746216;0.4298919928123546;0.730271185390483;0.4375989659995412;0.1928892829397656;0.6692326438165681;0.562055497238091;0.617546513577325;0.5622417248308611;0.5292327959804785
0.141635887565243;0.6582497798733207;0.43062761787783455;0.7174237994049008;0.4316818197547978;0.13845730091448677;0.6567324646282198;0.5115020346372865;0.6203872523339361;0.5630220826080731;0.5291285923062997
0.22892137312363084;0.656431959553498;0.4314096501444178;0.7152052127693761;0.42487252221726846;0.2207739487025958;0.6567324646282198;0.5040428646799164;0.6220463201495798;0.5640480801929171;0.5294639558197433
0.24257399989595793;0.6352145880080666;0.43194302897977543;0.6933905380200072;0.4175975616188812;0.23496645536832045;0.6285927263865596;0.42161477483071663;0.6126794439880454;0.5626008693493301;0.5280407387992591
0.29180322183495466;0.6237111937966886;0.4324393225845604;0.6814649733863888;0.4108904680518519;0.2826139333034007;0.6285927263865596;0.3814973661641091;0.5998287461928609;0.5583315513579793;0.5244357381990351
0.30477379527995974;0.6450421791121084;0.43296540596472344;0.7028921002382815;0.4080957505389897;0.29548262867895075;0.6406915236743642;0.481513320332453;0.601457813430954;0.5553105442651137;0.521755830772653
0.3168253307669632;0.6378561081603094;0.43356728101829844;0.6953037430699834;0.40777603555434894;0.3069120589428088;0.6406915236743642;0.4543255833330574;0.5995936054732987;0.5524423564877736;0.5191917015907048
0.40195483419746025;0.6582781833158182;0.4342952053255189;0.7157113918877026;0.400437105080935;0.38930698507466144;0.6422253759371546;0.5423912146953324;0.6093606742397132;0.5525127141198197;0.5189690251415683
0.36662100377441376;0.6276592723038035;0.4346999004373;0.6844038141332599;0.39891775335379887;0.3562975375570895;0.6422253759371546;0.4306429513653356;0.6016051551678694;0.5506911504423891;0.5173615517639506
0.46518926979833186;0.6247337177265884;0.43499475841809154;0.6812908269875734;0.3994960356484223;0.44946612602004776;0.6137559311343335;0.420947074251813;0.594600704198639;0.5475379064132988;0.5147102427043719
0.5639771801140994;0.6047945010935325;0.43540999140960057;0.6608311266771689;0.39821576460967467;0.5435164890568113;0.6137559311343335;0.35762068459305596;0.5794231510841164;0.5413403586098603;0.5095855753535808
0.5969585045691793;0.5872979805152387;0.4356448645365676;0.6429393641482017;0.39590471848383335;0.575740866524636;0.5948193064694158;0.30811496738989974;0.5592845123972305;0.5315061363310548;0.5013884436866559
0.5962648910159705;0.6047092907660407;0.4358256297041745;0.6605472006976626;0.39484740127422335;0.575526985488416;0.5948193064694158;0.3897858148451031;0.5536287873540092;0.5222693334641009;0.4933686922391264
0.3881981653921517;0.621240094299429;0.43602503881283283;0.677251400242881;0.3941655039089156;0.3781388361380745;0.6316747659800162;0.4604389410267363;0.558926960475424;0.5161627418932987;0.4876262072887526
0.3270965914673972;0.6437924276422304;0.43650714681029434;0.6999405593120501;0.39284162315494453;0.3204327376066692;0.6316747659800162;0.5463453270801719;0.5758760350233078;0.5153813610606325;0.4860903464128704
0.5960799274017814;0.6707472945721022;0.43703059572052627;0.7270840176517093;0.3916476308131869;0.5766993953596591;0.6798405940452126;0.6340013519396483;0.6040479901296976;0.5215775534985426;0.4903241018313563
0.9166045304525251;0.6897207941602521;0.43776601813447336;0.7460160403265333;0.3955592677196387;0.8793008140856752;0.6798405940452126;0.6879293102947865;0.6365441321161865;0.534402823239802;0.5003207561051496
0.8238279375979006;0.6328286988382992;0.4379234783757635;0.6881266023152421;0.3976544155172641;0.790071089429129;0.6183861580584584;0.49670131618450897;0.6326333098794987;0.5437161086441729;0.5081735662203749
0.5887912049801453;0.6058738319084274;0.43782235526070146;0.6607826350832444;0.3979924076090553;0.56712363502484;0.6183861580584584;0.42681729435791493;0.6158003469158853;0.5470909587306768;0.5116654658758435
0.7472356609848156;0.5328201778055504;0.4372178457371927;0.5868313187192755;0.3967566870189869;0.7179214458039125;0.5020427471724078;0.2827216030620121;0.5650791997659471;0.5375096885261048;0.5048445836816191
0.864473691815938;0.4508762462010396;0.43598977744605794;0.5041416054604614;0.3995870852079406;0.8274838865464795;0.47732909015324143;0.17512993984955752;0.48376555252301146;0.5101561365699273;0.48327289734762824
0.9124312889073852;0.4509330530860338;0.4345456826205414;0.5048849508070096;0.40104468450319697;0.8720078358150641;0.41938674579624147;0.17530502888408298;0.4220228134543741;0.47332347822393195;0.45290020809814713
0.9980232013733549;0.388161445167154;0.43288231883611417;0.4418851338050481;0.4069218495760485;0.9491311748156863;0.4140254304104123;0.11150875072435398;0.3436674329938363;0.42488510316028394;0.4118018498620413
0.9535394521608952;0.2677024455363992;0.4303224246688515;0.3206880918692486;0.4138745417704133;0.9028795358735122;0.2422339769778814;0.02748565560776753;0.22321139301138815;0.35696828973193745;0.3533700912427663
0.9886594184050356;0.22569375408299486;0.4273298694782266;0.2794189552486081;0.41982313539069493;0.9320410719623817;0.2422339769778814;0.005647456297260517;0.11191093729177937;0.2756855742537557;0.2818844866595086
0.9107839567185142;0.27173573437100584;0.42443965331186284;0.327579767228803;0.42410259907855163;0.8567148969921081;0.25332931951432824;0.1223065692667519;0.05480870702575724;0.196833195046833;0.20976001484615514
0.9360141497164854;0.24364472974124496;0.4213599579619647;0.3004953839658696;0.427934206445973;0.8779402882903703;0.25332931951432824;0.10245246552680007;0.0022960511523179017;0.12103636202581414;0.13797172196804414
0.8826232464582358;0.3041156588178491;0.4184375202018247;0.3633344282427353;0.4303909318670436;0.8268809205239256;0.3182241717914529;0.23980168729748844;0.0;0.05984295098190828;0.07626563447419604
0.8709878791031577;0.3398471894793649;0.41585614497204215;0.4008709629064315;0.43541572523326;0.8132696794540472;0.3182241717914529;0.3118892901531487;0.02421746137726144;0.016752014650219693;0.028413479790961427
0.9690070343974521;0.430368960718039;0.41410219595227726;0.49369339881237917;0.43775539653427065;0.9025997492173999;0.4566292521395092;0.46643452509324135;0.0974040894892999;0.0;0.002111040187334212
0.9999999999999999;0.5033942113784193;0.4127709780307489;0.5685348822933906;0.44265809613691154;0.9281865171220438;0.47234048653220384;0.5660825647599025;0.19903054595825292;0.011205280154666042;0.0
0.6760073291832123;0.49174879995455445;0.41136477904193924;0.5573682495900819;0.44457853629265687;0.6286715977809941;0.4890408406083804;0.5499810444036795;0.2777805828886073;0.03923731113907636;0.014228295077317155
0.7760957649112463;0.49066946913966003;0.4100082296787626;0.5569154689531601;0.44817079419070227;0.7190481924196941;0.4890408406083804;0.5484094913244659;0.3432008626561422;0.07750319845857068;0.03987381258884937
0.5870687313230101;0.47723464083846956;0.40864722198185355;0.543908945871643;0.4503861542849905;0.5445230701827855;0.4793646697917118;0.527936728914818;0.3910113768291494;0.11969230479213644;0.07180580277352189
0.5708901951944141;0.486011304570114;0.4075247351395106;0.5533608619342333;0.4530649599969896;0.5286674364625523;0.4793646697917118;0.5418837924933103;0.4360227048544162;0.16434221724741072;0.10852564025610245
0.5092452906529793;0.4501377566961118;0.4061906800965174;0.5175389476977752;0.4544208256884741;0.4717364640044741;0.442007482905431;0.4847119115199554;0.4551249311693346;0.20468738392490238;0.14410756423990112
0.4283930708006034;0.43908881756468876;0.4047317917090787;0.5070034754233244;0.4541238226972777;0.39782534800489516;0.442007482905431;0.46756906653142527;0.4666107422008625;0.23974458550412203;0.17709670580043185
0.4898530117278491;0.46956571136421754;0.40351101887313856;0.53855418464175;0.4562017685117026;0.45339823841629534;0.4734442867586983;0.5226284938597121;0.4935778177911717;0.2743199054699027;0.21088831222476162
0.378400873953077;0.4819496122930098;0.4025421418929547;0.5515989044748307;0.45594642657356976;0.35157148949851236;0.4734442867586983;0.5444899412768369;0.5229645153821839;0.3090955850763487;0.24579161276476547
0.48285907506632675;0.5049279972732696;0.40166810583030443;0.5753648848122593;0.45732910316855846;0.4466358431139198;0.5007382559956426;0.5846776032222393;0.5594175971665947;0.3457425414215572;0.28301244652330565
0.0646216627072893;0.5006674808986853;0.4008633765920031;0.5714173419409762;0.4527585496712303;0.0649555719411993;0.5007382559956426;0.5760673476134385;0.5868365541894021;0.3816990795980729;0.32033671039660205
0.2016450201436936;0.5165166018121394;0.40026474396295875;0.5878076931144048;0.4494153845533584;0.19106609279862696;0.5318740234235002;0.6053080576836741;0.6173152585130981;0.4178441422011029;0.3583043450399881
0.36358066436618164;0.5507711534637996;0.39973075717300155;0.6228712527014336;0.4485067032298402;0.3399678997558316;0.5318740234235002;0.6649826148599559;0.6594084842286648;0.45695225732086975;0.399113442156364
0.37353401885472837;0.5217996421166244;0.39892035369177314;0.5938146855252778;0.4482761563378055;0.3491724496749691;0.510514772287447;0.599686247108279;0.677265473340219;0.4925624758905319;0.4373823071535987
0.39725560237447044;0.5031669838384412;0.3976912721429722;0.5754634074157885;0.447830383070023;0.37109062022970835;0.510514772287447;0.559764882150959;0.6813031776973445;0.5220283032000665;0.4706076235995543
0.3675227013935852;0.513505836907433;0.39656331370923326;0.586505443662485;0.4460146331089123;0.34425081341224445;0.5028885161771246;0.5803384158255868;0.6895232123960366;0.5475912883558769;0.5003114363182619
0.27746854173530544;0.4963501576391063;0.3953415276156278;0.569651632155853;0.44266414370913054;0.26212905124537694;0.5028885161771246;0.5417818474449116;0.6866384381758094;0.5673431838853203;0.5247089516787596
0.39836538405960453;0.4568125656829607;0.3937985388419145;0.5302054523409405;0.44179349489534503;0.3738236778937884;0.46008400349775647;0.46023205783507526;0.6634551408064042;0.5775313107300941;0.5404208587633275
0.2937164392192223;0.46823074956684785;0.39225413150746924;0.5425420409611571;0.43978899348575684;0.27775626617710364;0.46008400349775647;0.4868065227368453;0.6511124644416478;0.5826932705081467;0.5509026940588874
0.40316287780263227;0.47138353168404024;0.3904191218744284;0.5466171629069322;0.43606651119926365;0.3799011723523231;0.47188176436015405;0.4943864600811738;0.6431085869082696;0.5848848533226838;0.5578054513594672
0.3070106989890582;0.47703581674098894;0.3885066993557089;0.5532690742743044;0.4319446203653339;0.29187573568421094;0.47188176436015405;0.5086272915655494;0.6398941643637681;0.5858598089774391;0.5626408592186437
0.26001838075916006;0.49583889567415573;0.3868238810240934;0.5731760281420581;0.4285644978616794;0.24897881495589191;0.4926246075775169;0.5557489276404985;0.6473027748313551;0.5884336260378061;0.5678901695054118
0.30359465223950477;0.493680234044366;0.38523387709467993;0.5717372517620054;0.4259478477530414;0.2901149273004911;0.4926246075775169;0.5499745108128711;0.6520568073367954;0.5916437772240386;0.572975135138944
0.30992387591253534;0.5069162382480759;0.38379282204216203;0.5858720703235871;0.4256050176034749;0.29609189502952693;0.5225132241001158;0.584491262684701;0.6626769016642783;0.5967833497605038;0.579130583257459
0.42509262630991806;0.5418240690771721;0.3826058920122657;0.621909502755265;0.42602653338713425;0.4032504029082627;0.5225132241001158;0.6671637641850944;0.6890339304906371;0.6072768554010847;0.5894133701677974
0.2987566977058731;0.5134206265799413;0.38123414378409937;0.5936967277987869;0.4254848725020586;0.28571692916204805;0.5041356670823833;0.5842442610120586;0.6945195827867193;0.6169999051127107;0.5989888776116958
0.30338656817354204;0.4989064674638568;0.37993879518394547;0.5795621978776455;0.42480431904168836;0.29019086399905497;0.5041356670823833;0.5448200870551737;0.6908082474465234;0.6238797164086732;0.6060963764759209
0.3226227840492003;0.4967478058340675;0.37875936326077575;0.5779284929870955;0.42383449004351226;0.3083594230388826;0.4813572442265519;0.5388565885091087;0.6863542828362896;0.6283051235771895;0.6109536134837844
0.2906818799239337;0.4704462180816318;0.37712092561492927;0.5519782742265062;0.4220832475194034;0.27897312944262675;0.4813572442265519;0.46831117241357334;0.6688230610946059;0.6276006011413562;0.611246965183208
0.35045402787170454;0.4760985031385805;0.37568270768387624;0.5584050460506577;0.4195403105965896;0.33544923208962973;0.48026777906793416;0.48551019655400574;0.6578511526411951;0.6243803465809799;0.6089956536393494
0.22567294964943616;0.4889368591473291;0.3737962245614055;0.5723472452252617;0.4169331350177614;0.2192717909737194;0.48026777906793416;0.5247194616737212;0.655877677623816;0.6213263039126281;0.6064233705832857
0.3309750472524233;0.46808873235436144;0.37195756720076734;0.5520339818314306;0.41538717397286185;0.318290939939257;0.45515274014822404;0.46579551277079223;0.6434711323762472;0.6158790634585832;0.6014849795495258
0.40088551330293;0.44718379867639957;0.3698649874690414;0.5317835458400458;0.4156715442576453;0.3837476854384557;0.45515274014822404;0.41166892268111;0.623002393957603;0.6065651597579823;0.5929171250451251
0.4560277907830319;0.4405373931320473;0.36780503463415926;0.5260073695677141;0.4171831013361438;0.4349391355210934;0.4371335598274051;0.3950156029920695;0.6038600121944526;0.594479077214741;0.5815497103991523
0.40478708953972964;0.43903201067969455;0.3657124549024333;0.5254710756301451;0.4180567067407921;0.3866951724531727;0.4371335598274051;0.3910834117147931;0.5886465444165506;0.5811265625549831;0.5686217798688766
0.37836041316247315;0.40230635953077565;0.36350720091825295;0.48919686182416533;0.4172437786440739;0.3621904753895613;0.412663598962141;0.30293858656171424;0.5583819921982974;0.5631165715789525;0.5513409701473135
0.35814157808643576;0.42877836793819446;0.36166266666315394;0.5169738859296823;0.415511014812856;0.3437259414334996;0.412663598962141;0.4013439682920582;0.5495116527444767;0.546560796700658;0.5347172070099383
0.36058078574855346;0.4438889993467212;0.3597107270954627;0.5332562855785414;0.41370178279069236;0.34650551981208694;0.4397425421809378;0.45272839366016715;0.5516001614988074;0.5338218690250578;0.5209124979272078
0.3328131231684267;0.44084983099951724;0.35776405646763276;0.5310920595592225;0.4127994178203811;0.3206776996032412;0.4397425421809378;0.4443286411148921;0.5528190845620689;0.5239258656610691;0.5093682707421513
0.30277387620154095;0.43667452495242465;0.35577320780556754;0.5277942463184396;0.41124257114548746;0.2928433567299155;0.4256511704582926;0.43227225074713893;0.552752408844713;0.5159929187272798;0.49951609789737506
0.29473373909726197;0.420143721419036;0.35370373034862546;0.5119779047667429;0.4086237707889495;0.2859026355144241;0.4256511704582926;0.3853482394130333;0.5452585640486345;0.5078320707903341;0.48961720847130913
0.19605565092741908;0.4256255858210012;0.35197085708831466;0.5183713867268108;0.4051077123008626;0.19362681738998777;0.4448744964807405;0.4077927125978318;0.5434702784898671;0.5008703934864219;0.48084981230877455
0.33799788447866264;0.46928167693924516;0.35056911643323563;0.5634009310001175;0.40356746285194767;0.3279593281156458;0.4448744964807405;0.562840662403813;0.5660102683337396;0.5007586766773564;0.47800695076725613
0.46758801666984573;0.4472406055613942;0.34885772423544026;0.54181495569273;0.404458337435043;0.45004833859937676;0.4535902177496811;0.4940470254487157;0.5732136301761159;0.5024134587595736;0.4771168246338129
0.43095944094747607;0.4649359502371686;0.34721361234666315;0.5605778350696984;0.4040039631756609;0.4156181569232742;0.4535902177496811;0.5499900840718135;0.5889685661816318;0.5075520391678903;0.4796341555270814
0.5394868415728843;0.4717243729940068;0.34557112167015536;0.5682561518418046;0.40541163640248756;0.5175514452092004;0.48978626413796045;0.5708925840208714;0.6055759875710304;0.5156840711771316;0.4852324184268698
0.3915564110122711;0.5121708751100633;0.34438398898872435;0.6099221690674813;0.40536809388251105;0.3780127677653677;0.48978626413796045;0.6814382212150365;0.6401529066966765;0.530561832740577;0.4971140273373843
0.42334125208806583;0.5300650438833183;0.3434072085987463;0.6285702657627985;0.4064297787831681;0.407666251516706;0.5316159922017225;0.7230806707939373;0.6766948426861986;0.5513119689882395;0.5147494043169918
0.47072083788517227;0.5367114494276706;0.3424207009351754;0.6357928192801031;0.4084307860399188;0.4516535309891647;0.5316159922017225;0.7382036264043588;0.7085148444537988;0.5756166794273518;0.5363090530720057
0.4696457368776986;0.5426477689095921;0.3414960019892268;0.6422644265859394;0.4102937070643371;0.4500107204895778;0.551154689717456;0.7520175248657025;0.7359036986365423;0.6016921320552304;0.5602765607242848
0.4777841359020155;0.5628426165251228;0.34064506820135865;0.6631907622743867;0.41186580706027187;0.45712626792030553;0.551154689717456;0.7972832567992361;0.7669183600896123;0.6300620979302839;0.5869919304654507
0.3371193073112648;0.5789189649785556;0.3399785473086965;0.6798442573156392;0.412527344265776;0.324791829462467;0.578133287461116;0.8305087485389475;0.7982800791644814;0.6603517077313136;0.6160710836061835
0.3817591195731964;0.5800266992359471;0.3392822366406527;0.6813005445490533;0.4137226805124712;0.3663750467257079;0.578133287461116;0.8327993018706914;0.8217776778150059;0.6902728871612543;0.6455056119066878
0.5105920569687932;0.5851961257704437;0.3385660661223566;0.6868938189958893;0.41690565216178865;0.48613542692377654;0.5632534870052606;0.8439789800679078;0.8409568603579748;0.7188537008890196;0.6743025305655984
0.7036073684879802;0.5442667651319342;0.3376618349812608;0.6457300361358584;0.4217035271793015;0.6646594331195177;0.5632534870052606;0.6608927455665052;0.8325782737810039;0.739689638275117;0.6968843249255333
0.712809308293884;0.5271678927486017;0.3366528329975047;0.6288329285632228;0.42684329161292456;0.6708229453305388;0.5346120213879217;0.5973947730598833;0.8150881450718501;0.7521234899008427;0.7122709887428854
0.6620483564248846;0.5455449200443097;0.3358876208081769;0.6478712671334562;0.43009009874677506;0.6221398533527812;0.5346120213879217;0.6506486199610252;0.8090941696459196;0.7606192453328352;0.7238446995877859
0.660065777685296;0.535887749595251;0.33504377982397227;0.6384581251033086;0.43175049329710613;0.619569817383741;0.531673332473229;0.6142266831900243;0.7976071274021387;0.7646344833268354;0.7310472316610065
0.5290074968064876;0.5310023574857277;0.33418352406557705;0.6339019357574899;0.43684160837199015;0.4960998147291428;0.531673332473229;0.5956208610759138;0.784427022867173;0.7646553648989232;0.7341876325262233
0.5407989272110377;0.4929701479819357;0.33313784215431497;0.5957494423947763;0.4395122162638705;0.506028391181044;0.48075517137573653;0.4668019423531724;0.7528454750680111;0.7570252057579362;0.730149414275371
0.4394330865225107;0.4730309313488794;0.3320267037978306;0.5760144220157992;0.44049414040648416;0.4121020590860496;0.48075517137573653;0.41034767731661426;0.7166090025469036;0.7421471135522058;0.7190832852134779
0.37986324252775894;0.5068594313630816;0.33116036849344077;0.6108028110500026;0.4412273077451594;0.3569140931292981;0.5121489700253732;0.524459298309674;0.7050795469548689;0.7274530038594744;0.7070796884247232
0.5300132364586404;0.521345187036669;0.33036374531646917;0.6259016886812725;0.44327333581731754;0.49471466350472026;0.5121489700253732;0.5677488455902431;0.7029871243902999;0.7151910762243785;0.6962319062744341
0.5018756466501355;0.49274292044195755;0.3293296145425968;0.5973265737590814;0.44646927614928233;0.46769295027448177;0.4903453317851456;0.48265604442023957;0.6859209882086759;0.7012492974691364;0.6833780546316747
0.42787864074864024;0.49226006191950455;0.3280790519312786;0.5974296183961708;0.4475783336989876;0.39930636760691607;0.4903453317851456;0.48127624088075827;0.671930408476613;0.6867083246605433;0.6694740009937924
0.36098539365459203;0.46902604595677033;0.32663759157569316;0.5745031968853005;0.44896148066070385;0.33746510408495206;0.4610301179776086;0.41640246834881045;0.6486859575572081;0.6694473496789081;0.6528411096074436
0.33022941268272377;0.45789189649785556;0.32514891341287555;0.563895275860403;0.44912503389160285;0.3091822173181923;0.4610301179776086;0.3873305288411649;0.6247440681582779;0.6498415016447017;0.6337777799542291
0.351482887975631;0.48714744227000306;0.323579174636782;0.594370510799289;0.4492604995093068;0.32866247214657546;0.4955632964922092;0.48980561180666105;0.6215176199793361;0.6333756008443687;0.6168628332719329
0.37126821458091286;0.5081943931604513;0.32232354573713273;0.616354906127394;0.45007322602028443;0.34661089781864723;0.4955632964922092;0.5546121742290664;0.6302922849258192;0.6223274965597069;0.6042368628858875
0.32253030224210577;0.506319765955634;0.32109709865826463;0.6150321632042312;0.4501181124451983;0.30187487782783357;0.5064292779426305;0.5486048688332431;0.6364580419184187;0.6149819326030975;0.5947681501467741
0.2708098516245008;0.5105518788877212;0.3200358125789444;0.6198367757554339;0.44889764517617103;0.25467113954794623;0.5064292779426305;0.562257871154126;0.6436829638361177;0.6108548573248589;0.5882232163707087
0.2939938846405059;0.5131365921549689;0.31899884468360806;0.6229557281368812;0.44821090975308775;0.27611549084500137;0.5185137401625592;0.5709696409330327;0.6507992880769536;0.6092762781504993;0.5841605099857679
0.3751697908177125;0.5276791547135513;0.31806664763093107;0.6381767006742831;0.44864808202926953;0.3505749489189035;0.5185137401625592;0.6196379679992887;0.6639634813536559;0.6112008710289533;0.5834400883251815
0.3482518048402665;0.546595847416707;0.3173604070377616;0.6577354579578845;0.44938420595880735;0.32566449499399824;0.5444172078154796;0.6777946368234935;0.6839890873321842;0.6175893606713753;0.5869546085162937
0.38064355777511893;0.5455449200443097;0.31675528955965593;0.656954781781092;0.4507190395380194;0.355038726917282;0.5444172078154796;0.673149426824688;0.6987858010194904;0.6262828920227789;0.5930186815343774
0.3122012404122376;0.5503166983838441;0.3163120906565675;0.6620143600543181;0.45084778563103556;0.2922259911473224;0.538754856004243;0.6883611821619355;0.7123430247224395;0.636520338080492;0.6009919759163243
0.29839833070338195;0.5306047092907664;0.31582167394624605;0.6422155501380951;0.4516215388988243;0.27939081605108707;0.538754856004243;0.5983764937426492;0.7120513346725715;0.644639667791097;0.6077800182811006
0.39226158479136675;0.5308319368307437;0.31549114929561206;0.6426033866760107;0.45298936534425294;0.36506497557474493;0.5339382731977236;0.599224177494221;0.7112743509079272;0.650946999884529;0.6134388492416248
0.3575115457756044;0.540545914164797;0.3152220280595355;0.6526026612263714;0.4548990542604978;0.3327400380271805;0.5339382731977236;0.6361430092865296;0.7150559175028702;0.6569084991802078;0.6190378915176377
0.30105718265734915;0.5307467265032519;0.3149142003806187;0.6427907143215877;0.45454076920414965;0.28116667878069157;0.5307272179933764;0.5889941311482209;0.7122256356222663;0.6609924002935467;0.6232396693519674
0.21272549665620463;0.5342687533729089;0.3147233026363523;0.6464604888760864;0.4535681180056048;0.20050004163245116;0.5307272179933764;0.6035839499020439;0.711169925206255;0.6640039012112252;0.6265967841221839
0.3116001086661233;0.5611668134177861;0.31472999013694913;0.6737915635017621;0.4533926712160088;0.29108204193663445;0.569947963703608;0.7040939119240159;0.723664236162967;0.6694383590432221;0.6319569357638988
0.43098256139924973;0.5815604851307983;0.3147731549135182;0.6944954536244292;0.4546232177720677;0.400046638775676;0.569947963703608;0.7668596498138902;0.7432521862493955;0.6785287706915454;0.6404465771088321
0.4991011924373002;0.5821853608657368;0.31488805833283795;0.695075909549322;0.4578025608780538;0.4613163387863799;0.5816167089551167;0.7687053830455839;0.7579014968617213;0.6893481488280342;0.6505968279747684
0.5133665111816285;0.5836623398755934;0.31506659433357864;0.6964920757615727;0.45985839945625595;0.47364132254989144;0.5816167089551167;0.7733462160659947;0.7689573657737525;0.700680617359197;0.6614210186796087
0.4394619870872277;0.599057005709092;0.31540846747007034;0.7119740754702387;0.4614048980631307;0.40575805761836725;0.6100861537579378;0.820353924131787;0.7843043725399532;0.7134625747069827;0.6736628147073088
0.4910899558977382;0.623199931831738;0.3159566398673501;0.7362482554090739;0.4643449588949875;0.4518439052316954;0.6100861537579378;0.8831272869326097;0.8073846333688405;0.7292765818473849;0.6886460067821625
0.4925118636818163;0.6380833357002866;0.3165682421945206;0.7510826421837993;0.46625229597759166;0.4525108724647843;0.6464112157571069;0.9164172340209467;0.8314488585684939;0.7477544768698924;0.7061360510229079
0.48119440253862555;0.656147925128526;0.3172416532393125;0.7691204567754206;0.46800286654923173;0.4416636593494172;0.6464112157571069;0.9526370280185734;0.8576629038886998;0.7688840197932623;0.7261603484123664
0.5483130740374667;0.6842389297582869;0.3180421267954161;0.7972869530480136;0.4698755980796945;0.5019205927586472;0.6824065711951146;1.0;0.8904729014498644;0.7937319640139823;0.7496273285790614
0.7060581363759848;0.6813133751810718;0.3188588124741729;0.7939262161913048;0.47369873884600877;0.6432601234700813;0.6824065711951146;0.9813240166290684;0.9119586102782133;0.8188126705534666;0.7737068579794364
0.56742212742837;0.6790126963387961;0.3196380076192913;0.791218287796455;0.47557583806751835;0.517158694543131;0.6779196949497552;0.9659444398275241;0.9246518864605282;0.8419506684856339;0.796495288795102
0.45433421769061366;0.6776493310989289;0.32031466108861384;0.789511556874578;0.4766492821363788;0.414644605297512;0.6779196949497552;0.9563316816475715;0.93079893895264;0.8619494573674344;0.8168282570488915
0.45926465403133976;0.689692390717755;0.32118140169607123;0.8013384064777067;0.4780730822224559;0.41866157550662264;0.6934589085279321;0.980545479433772;0.9387139531788112;0.8798649569400276;0.8353871664740786
0.5961608489829892;0.6977589683869687;0.32203152487780695;0.8091321794258242;0.48020955509691077;0.5413682452211693;0.6934589085279321;0.9959836316006958;0.9458574929563244;0.8959270273651097;0.8522518623921129
0.5485095978775425;0.6718834322719913;0.3227663393371554;0.7824881652608906;0.48172998194799677;0.49789312926462115;0.6745796241345197;0.8192371094656827;0.9346767367321952;0.9060694786225089;0.8639996625084093
0.352818094065558;0.6781605930638794;0.3235757295607158;0.7884828423463237;0.48182069553128093;0.3216914552808673;0.6745796241345197;0.8365774148646359;0.9259753174322325;0.9120765582974113;0.871881848430168
0.5031761720624021;0.6708893117845887;0.3245024550219977;0.7806536628375624;0.48340596579560335;0.4565309441379293;0.6681431786579508;0.7903562273198159;0.9122749376225157;0.9135649385627791;0.8754883087704963
0.5125861959342686;0.6664015678700257;0.3255136861726182;0.775613038619898;0.48670122070245236;0.4639015302843218;0.6681431786579508;0.7617844906347708;0.896260624038071;0.910878084740344;0.875016910168738
0.4024692642494234;0.6764847899565432;0.32654741164342393;0.7853689892793165;0.4868498565885444;0.3650177754820802;0.6785791080720771;0.795728740808257;0.8861878888290585;0.9062896825782176;0.8722815155664041
0.36995034882981614;0.6814837958360558;0.32744272611706027;0.7900239898691053;0.48675921020050716;0.33585375756761204;0.6785791080720771;0.8121491310060549;0.8782429469628167;0.9006952459789122;0.8680716906498507
0.311368904148387;0.6871076774505069;0.32825616937128643;0.7953528696728757;0.4846973240500858;0.2837323927122206;0.705987757852033;0.8306590437925934;0.8723803450248037;0.8948001803943018;0.8630502505880846
0.4151045911437109;0.7251682903967964;0.3292546334753155;0.8335566448204342;0.48456642770916947;0.37699578200739436;0.705987757852033;0.9322136273911181;0.8850721814845856;0.8931572120260718;0.8610257666426525
0.5052454524961417;0.6856306984406513;0.32998458429787014;0.793031334613742;0.48705339099133504;0.457197180849198;0.7017302426926997;0.7044209444957027;0.8718314281715025;0.8886368435731988;0.8564646337568805
0.5741328385556653;0.7182094469849747;0.33104992340785167;0.8256325988203841;0.4897070656810021;0.5180552757091442;0.7017302426926997;0.7921922920199893;0.8759001957234567;0.8860057226199016;0.8531735021556317
0.5433421769061367;0.6827619507484308;0.3318684329504089;0.789221665659311;0.49098606001005907;0.49002396738685583;0.6786364483435827;0.6408662315230365;0.8581334717160738;0.8795989553423414;0.8466971139053583
0.3782390307906617;0.6753202488141565;0.3326648534758485;0.78128116715418;0.4908983702128846;0.34222419903992274;0.6786364483435827;0.6126497786745191;0.8380152103568488;0.8696022914622191;0.8370787908122873
0.42001768714560683;0.7002016644417304;0.33358671530033135;0.8061283945799482;0.491735152622244;0.3793978119149541;0.7086110752734411;0.6840682820169802;0.833080968717904;0.8604102286444266;0.8277924885702389
0.38036033224089194;0.7172721333825662;0.33474871919164606;0.822923996931175;0.49214114630387495;0.3438021084141111;0.7086110752734411;0.7279555469828508;0.8360402104510115;0.8537731018614243;0.8203598510295971
0.624142375742022;0.7138637202828981;0.33597617952818126;0.8188775466024422;0.49573676396426425;0.5605258018541719;0.7355466678134719;0.7134152037232775;0.8345079668862943;0.8480923971251271;0.8136494816369961
0.5830977937308894;0.7569801459936945;0.3375532137594712;0.8619444320970471;0.49951051622412446;0.5225073801667235;0.7355466678134719;0.8133567245017637;0.8536514465387014;0.8481830587516179;0.8116018043466803
0.43988393533209635;0.7613826795807657;0.33915112109867795;0.8656597156275899;0.5026587479308062;0.39402642752696243;0.7642598087701944;0.8222989588279206;0.8686575226591637;0.8518890207768443;0.8127210213898126
0.6090389406208997;0.7663532820177807;0.34090162504237753;0.8698798312877386;0.5066237378632785;0.5429471353107373;0.7642598087701944;0.8327367078627443;0.8805462381858498;0.8577324142087813;0.8159253307454375
0.5300190165715838;0.7571221632061809;0.342592549435321;0.8596962117096806;0.5106061313646917;0.4715296942413394;0.7473874338794997;0.7879496031924651;0.8824769858803019;0.8628746223749;0.8189615087683838
0.5928026033628697;0.737182946573125;0.344256115871282;0.838643836362422;0.5149217460953683;0.5255288512088095;0.7473874338794997;0.6970421975301816;0.8710193031526348;0.8642141313983631;0.8192509416942393
0.5747339703017796;0.7375521913255887;0.34583152889030533;0.8382711053408678;0.5176296473492652;0.5086261617097906;0.7210395791224076;0.6981079286229855;0.859756234819679;0.8625586032404055;0.8172419397283621
0.2602206847121793;0.7045473911438069;0.347128498702725;0.8041153199377227;0.51674844888172;0.23159212521421252;0.7210395791224076;0.5624129333103788;0.8314307439087671;0.8543757078678513;0.8099843512460436
0.559439791453525;0.652114636293919;0.34794822415448046;0.7504431111821808;0.5195355733316849;0.49449295988298414;0.6540374718674293;0.40371938258055906;0.7799640688479508;0.8353677260509869;0.7938113364175858
0.4915292444814372;0.6572272559434209;0.3489274363628576;0.7551737355672563;0.5230264336021926;0.4336345440466428;0.6540374718674293;0.4220837564997665;0.7408575462470853;0.8106924482767782;0.7724769649109975
0.5821151745305103;0.603374328968671;0.3497453379508153;0.7000591905329011;0.5266317945733792;0.5119531290927207;0.6002236270588743;0.29843844306567113;0.6812383563929322;0.7765165858768939;0.7428426931254345
0.4622760928748547;0.5993410401340644;0.3504819762739624;0.6956107602846919;0.5290531080993455;0.40618399331593624;0.6002236270588743;0.29047166363038135;0.6321168260807769;0.7372820621354044;0.70822044875141
0.3725745201061228;0.6135143579401827;0.3510870937520689;0.7097266247907119;0.5297910463005491;0.3274700648073801;0.6187015295517426;0.3446248684012162;0.6012410449590007;0.6984184665706303;0.6729182396540205
0.3857011566006;0.6258130485414832;0.35186446503338775;0.7218556809345487;0.5313763165648715;0.3385616386344021;0.6187015295517426;0.3902192405192254;0.5840380530611349;0.6631622164920735;0.6397172457796518
0.5225511106487021;0.6481381543443065;0.3528615105766857;0.7440694491989939;0.5351139177819118;0.4570230447118181;0.6482747745810582;0.4678299167881699;0.5829537617013638;0.634694676130395;0.6114485394430775
0.6075014305779535;0.6497855540091462;0.3539432644608578;0.7452299761948606;0.5392221679807259;0.529658244554285;0.6482747745810582;0.47343198355502214;0.5837650021533332;0.6121170701140888;0.5877822389866039
0.4650158664100297;0.633567188343227;0.3548195296903742;0.7283325799817842;0.5418887441577933;0.4048801890059692;0.618414828194211;0.42630609616314985;0.5767679259110184;0.5923607778621839;0.5665625598159805
0.5267243521938418;0.6051921492884937;0.35555292558899154;0.6991492034389768;0.5445547155776389;0.4576613794963851;0.618414828194211;0.35270467010655215;0.5574155894885835;0.571869947995165;0.5450682172549739
0.5320998572312103;0.5825830090606985;0.3562682855011525;0.6758337908284306;0.5483314244283615;0.4611234714844731;0.5797961553347957;0.3015157741576191;0.5316000689514674;0.5492265523076725;0.5221038682666571
0.5279439560249007;0.5796574544834834;0.35729917385049426;0.6723713563233512;0.5517840506033966;0.4564380211054636;0.5797961553347957;0.2950852139737685;0.51124382294496;0.5261829622943709;0.4989391584607911
0.5607807776563954;0.5847416706904882;0.3585051531245105;0.6769654537802953;0.5543535968439737;0.4839634787382613;0.5833082469645494;0.31719596142466344;0.4995591468916122;0.5049188707061965;0.47727632697829236
0.43807475998081;0.5844576362655154;0.35968499035074597;0.6761166584596565;0.5546996523653904;0.3779987746218057;0.5833082469645494;0.3164680207728642;0.4920119140202746;0.48608018015011967;0.45769660790749167
0.4494904830440387;0.6096230863180616;0.36110760411374354;0.7010147828163492;0.5544250253914038;0.38792177497706876;0.6115770008170989;0.4266013147269917;0.5010174284303113;0.4731897398185858;0.4430855388565825
0.42620240799505227;0.6155878092424802;0.36251299249642077;0.7064089915730455;0.5537958090996475;0.36799502877967444;0.6115770008170989;0.45086323240187587;0.512911087388358;0.4657572083219428;0.4332774625042797
0.5052685729479154;0.6302439855710515;0.364062871422262;0.7205669975833096;0.5542248507509575;0.43610603946340787;0.6268725182413735;0.5089925095848756;0.5314486230908624;0.4642996908666739;0.42884948871091827
0.5472842139335402;0.6252733831340356;0.3655183147336363;0.7148247846694208;0.5553676403145946;0.47199126598729846;0.6268725182413735;0.49086602780363864;0.544780912989999;0.4663618344845578;0.4280037688762578
0.6129289566318126;0.638850228647712;0.3671237201795732;0.7278595945140603;0.5574728002040048;0.5278507189296417;0.6449060336300692;0.5450174359262775;0.5635215041410276;0.47254922309245007;0.43124434108869847
0.34025790863953476;0.6523986707188913;0.36884179987796184;0.7408120456198141;0.5576579903043977;0.29296737497545167;0.6449060336300692;0.5956552501098688;0.5862710401476028;0.4830074965859718;0.43872901737743736
0.4511493754587964;0.6215525321668984;0.3705608928340176;0.7086495148820121;0.5594303321360259;0.38797871650836024;0.6269871987843865;0.4784434673998449;0.5888320177836681;0.4919942068606471;0.4459071952523178
0.42217366927349764;0.6341920640781664;0.3722704611680143;0.7206823575458401;0.5592208173562636;0.3631051966721737;0.6269871987843865;0.5266239349925228;0.5981444526422562;0.5014384020773985;0.4540928085859003
0.3658638089788274;0.638850228647712;0.3740436620834311;0.7245741928121983;0.5579984014250767;0.3149394958944473;0.6540088017316759;0.5442113397455304;0.6084927457872041;0.5114993984094203;0.46330721317404255
0.3285936407197396;0.6704348567046323;0.3760476830951527;0.7557195546393461;0.5564497525703023;0.2831810648574066;0.6540088017316759;0.6517918729118491;0.633527363104503;0.5256098465731747;0.47621522835867086
0.2579895611160242;0.6758883176641013;0.37801927986156336;0.7603253901408508;0.5535479258339182;0.2228579214702162;0.656746799696097;0.6684967164534976;0.6562036674306014;0.5423888360684074;0.4917915395695721
0.41214517331668665;0.6388218252052154;0.37961738985230387;0.7218990732140326;0.553788417622491;0.35586435659497195;0.656746799696097;0.5251439224522575;0.6546778297768264;0.5554425754228294;0.5049156417372287
0.40598935303195827;0.6606356690430881;0.3814149089517045;0.7432132454403948;0.5554277800605496;0.3501366413964683;0.6445619920010319;0.5959389477849145;0.6648055135556575;0.5683377907499132;0.5181664086966508
0.4457854306473148;0.6299315477035816;0.3828997367353928;0.7113062577054965;0.5565649924186962;0.384142295926656;0.6445619920010319;0.4949431738364066;0.6566563969483409;0.5766808111552724;0.5279453532386296
0.4482939996647535;0.6316357542534154;0.3844976440745995;0.7122794570557863;0.5585080773726387;0.3857735625732792;0.6365486890580425;0.5007532185385604;0.6511221222626247;0.582015209303892;0.5352379254943784
0.395232562844278;0.6430539381373026;0.38590303245727675;0.7232155622609934;0.5584960494234479;0.3401035076658412;0.6365486890580425;0.5403063097605518;0.6527475749924284;0.5866762999393376;0.5417782891539379
0.39287427676336795;0.6425710796148496;0.38724904394072723;0.7220858235787299;0.5582597237401816;0.3381315809069391;0.6703651141788156;0.5385643339092637;0.6537794471222114;0.5906550204381529;0.5475477357915194
0.45992936701983156;0.6991223336268355;0.3891314740325358;0.7786604081722186;0.5576102816791151;0.3960388606230591;0.6703651141788156;0.7066804666608522;0.6839730151616288;0.6011487886317475;0.5583136158205446
0.4082262567410567;0.6808305166586188;0.39074295902446643;0.7593068742414767;0.5581034275959456;0.3513873359778814;0.6747803150847913;0.6394469818743342;0.697776813713311;0.6128861275205146;0.5701494463813814
0.3446045535729768;0.6696111568722132;0.3924308436444113;0.7471042147854331;0.5566983749837471;0.2969235963446725;0.6747803150847913;0.6000790245650373;0.7022576099947834;0.623360937272925;0.5810673453394402
0.3731236308357465;0.6640440821427558;0.3941339271293449;0.7406382840749178;0.5567549533816176;0.32148367469261036;0.6668816926848149;0.5804653351685334;0.7023202792924519;0.6317559592399791;0.590323692198769
0.29789546087730556;0.6707472945721022;0.3959269878950149;0.7465989015884266;0.5559752197368566;0.25682074117906317;0.6668816926848149;0.6017353333532497;0.7052971516698777;0.6391927692062892;0.5987125591311314
0.47952973001092436;0.6524838810463831;0.3977913820003689;0.7271541572786356;0.5578804737668075;0.41284078882160824;0.6440315944895998;0.5349862183919895;0.6975490783762189;0.6432661702482544;0.6042663827589758
0.498771725999526;0.6370324083278893;0.3995003423797643;0.7106407490642753;0.558366564182716;0.4292647412141397;0.6440315944895998;0.4828403118032365;0.6829478282592085;0.6429894791886002;0.6060633186290878
0.47974937430277387;0.6426562899423414;0.40090410955017397;0.715689359000781;0.5590240696734077;0.41270036607448;0.6376811594202896;0.5039884142282307;0.6740957553976986;0.6406247671474177;0.6057720534403667
0.3500898807562699;0.6342772744056582;0.4020973217776014;0.7066079610497042;0.5579467282802284;0.30136961113872485;0.6376811594202896;0.4745599498348154;0.6625721161560275;0.6359427699037007;0.6031876181827895
0.31091805533880135;0.675433862584145;0.4036773957818873;0.7476817843059264;0.5575596164629699;0.2677207878988921;0.6637853180234812;0.6182468468892862;0.6748285073509136;0.6351648215121132;0.6032738210746384
0.874444386643315;0.6532223705513109;0.4049763921096394;0.724493373488991;0.5644312039943542;0.7497376090975977;0.6637853180234812;0.5399192652925121;0.6726462635045549;0.6340140744220597;0.6028465767682732
0.6263041379828562;0.700258471326725;0.4065846346770403;0.7715286801800425;0.5686726351724785;0.5353559614710621;0.6998810189366251;0.6714710879646102;0.6951619711250098;0.6385452223106952;0.6067808376635803
0.5723294433173224;0.699917630016758;0.4082506329314013;0.7703913406328569;0.572529776733713;0.48789575525663353;0.6998810189366251;0.6702486236123963;0.7121512982041833;0.646283779421863;0.6133667165714215
0.7028154930147335;0.7038941119663704;0.40993973346054435;0.7736303674373554;0.5763558740908903;0.59782373709619;0.7195200619274931;0.6807362564238755;0.726860782031737;0.6560362437153967;0.6217667985549993
0.6463437895576479;0.7351947055983188;0.41151271466116857;0.8046917348964557;0.5803545960372947;0.5482593208048666;0.7195200619274931;0.7573063128444211;0.7538157609987898;0.6703648448879588;0.6340786048757241
0.4526001838075916;0.7210781946771947;0.41312582086536587;0.789580445726264;0.5825117650477873;0.3829735657662286;0.7065038202955889;0.7010592476359695;0.7664560262762938;0.6848883229555353;0.6469342448933069
0.4139948094585768;0.6922202971000084;0.4143891505232755;0.7596547821851889;0.5843564089650553;0.34973507001417103;0.7065038202955889;0.5972582147078092;0.7600764599827535;0.6949624161284003;0.6565456107244348
0.3218366886888969;0.7140909478228763;0.4158697226247652;0.781177160382291;0.5848154196964723;0.2714711602690588;0.714144411473788;0.6555583936111171;0.7652297613512571;0.7042694634807724;0.6656082580297764
0.3514944482015179;0.7143465788053511;0.4172434973682648;0.780784705597334;0.5853963226057242;0.29649406665382066;0.714144411473788;0.6562304674946031;0.7681275347624026;0.7124167414619451;0.6737549192318391
0.3519221765593299;0.7280086346465189;0.4188233687210188;0.7939182304724633;0.5858781797210793;0.2967514262822638;0.730730085006952;0.6926765241273006;0.7761919549299982;0.7208872080892607;0.6821116559577506
0.31939748102677923;0.7332916749510039;0.42051246925016184;0.7984850033010839;0.5867560184262806;0.26900909754747276;0.730730085006952;0.7066611187296677;0.7838581521459173;0.7295198036046758;0.6905622714646205
0.36518753576444885;0.7319283097111375;0.42206903567659815;0.796360513449009;0.587974201056914;0.30752334803543074;0.735632678220731;0.7006694382967555;0.7876710970069627;0.7373491112815866;0.6983397876507457
0.31428208107186417;0.739085977220439;0.42396970440639326;0.8027318663086751;0.5884924779960763;0.2643287317145473;0.735632678220731;0.7214644196994714;0.7928497240138797;0.7448664623534547;0.7058005758739572
0.35399145699306966;0.7493112165194424;0.4259982462536307;0.8121598252147433;0.5896340580452701;0.2976831139227285;0.7551140354649579;0.7507724237568277;0.8006334174076081;0.7527650148641903;0.7134886508229061
0.36124549873704526;0.7603033487658708;0.4281702653863677;0.8222989941650369;0.5910047066910675;0.30351403550283695;0.7551140354649579;0.7811862733810977;0.8107679399686142;0.7615377365959001;0.7218179482230948
0.3642742779193905;0.7673474025051839;0.4303803830073445;0.8284079728647195;0.5925786209586679;0.30572292994552264;0.7632850241545892;0.8002761377786607;0.8205771172723241;0.770931017607628;0.7306234878842859
0.1898709300779737;0.7584571250035506;0.4325122771365084;0.8183613612821943;0.5912504397088967;0.15865929622876396;0.7632850241545892;0.7508999405477437;0.821739128490263;0.7787270010847301;0.7381607393932997
0.2864508372493598;0.7433464935950238;0.4345477091358756;0.8020393216795711;0.5912605189959284;0.24026113471576227;0.746383979128141;0.6717690786448615;0.8128805651671029;0.7828188571324938;0.742683592661169
0.3854121509534296;0.7489703752094758;0.4365620653757887;0.8067980404008098;0.5916465556892367;0.32378661763671673;0.746383979128141;0.691334303577552;0.8070470333901498;0.7846798644459393;0.7452220733879943
0.3659331703341483;0.7774022211492033;0.4387689405722348;0.8346431836501731;0.5927980806349682;0.3070745348160112;0.7692484123912324;0.7795219792746644;0.8155024719903006;0.7882159921321455;0.7488218108808381
0.4168270648008462;0.760218138438379;0.44094420212950247;0.8161476815341504;0.5954076080474371;0.3493946241598067;0.7692484123912324;0.6920431388682394;0.8113517097334737;0.7900398670313105;0.7509105132919077
0.3643783199523718;0.7859232538983729;0.4434428955337406;0.8410833291480474;0.5959047184838333;0.3050717756298841;0.7841568829828409;0.7661023220611178;0.8196595207478343;0.7935105436054819;0.7541077809622477
0.40638818082505335;0.7812366858863293;0.4459405756803152;0.8351349307464988;0.5973706499897022;0.3401209885950536;0.7841568829828409;0.7426994863250937;0.8218402165552574;0.7968150984137472;0.7570794946072213
0.418358794730849;0.765018320220411;0.44784104175857653;0.8177512716054585;0.5968322144764768;0.3503336862718916;0.7622098940638482;0.664369265873359;0.813202967564062;0.7973673985354371;0.757792756606569
0.46592334414214454;0.7586559491010312;0.4492786517350309;0.8106031873216799;0.5955583941814293;0.39074049610067557;0.7622098940638482;0.634934860191691;0.8013103454926447;0.7949296689263602;0.7559691426576649
0.3705283601241568;0.7727440565796577;0.4509079700618823;0.8241461967677274;0.5954961713828211;0.3103464242943743;0.7568199085422664;0.6830599240697868;0.797630100503214;0.7920883846962442;0.7535679704757036
0.4447739108822186;0.7402505183628256;0.4519374398504903;0.7906369659502417;0.5941572388935497;0.3732780373605237;0.7568199085422664;0.5432212840450482;0.7762192420519985;0.7846311297284851;0.7473067590043103
0.41989630477379525;0.7207373533672286;0.4527389266642592;0.770426843406981;0.5922863888299996;0.3527576376405232;0.7360770653249045;0.47349133441323477;0.7479062938421821;0.7718098898819292;0.736464876955529
0.36434363927471136;0.7511574402817622;0.4536293775010991;0.800917472502668;0.5896422558653889;0.306436145805246;0.7360770653249045;0.5816124845343569;0.7404568376129145;0.759749155452508;0.725726251517035
0.42156097730149644;0.7881387224131569;0.4546404060001876;0.8380184487423642;0.5896116148328132;0.35483242331741854;0.7956966126234604;0.6865743848079324;0.7528479257980234;0.7531008315979422;0.7188804351262645
0.39581635425156203;0.8018859885818164;0.4557545841296671;0.8514596643265627;0.5897640136527302;0.33302355581839277;0.7956966126234604;0.7204484144536669;0.768568535437977;0.7515886157876029;0.7160032703724802
0.36340148086493607;0.8233873945522201;0.45719827365211874;0.8726243208049911;0.5889967783238885;0.3057832720140672;0.8155793517682306;0.7697413412924083;0.790748130880877;0.7557492056005861;0.71774352846319
0.32027605819417704;0.8060328911864119;0.4584374877775774;0.8544000444891132;0.5879778967954923;0.2695054069988259;0.8155793517682306;0.7005209098163957;0.7975434526240243;0.7607230339181587;0.7204940891795166
0.593004907315889;0.7890760360155653;0.459678931069905;0.8365788064409916;0.5908412206554157;0.4994168121277005;0.7752834759672589;0.637310629553594;0.7924147719191421;0.7634602851783088;0.7218365374880379
0.48518268046957636;0.7605021728633514;0.46076027965100863;0.807028183044991;0.5935960913868796;0.40752196965470666;0.7752834759672589;0.5420858446387603;0.7719654427365652;0.7606986744222841;0.7190711674475158
0.4945117827602351;0.7987616099071206;0.4620661661308887;0.8452880506513938;0.5966925827534661;0.4145164819540357;0.8046990352499312;0.6451481007320116;0.7744765825139218;0.7590974100183565;0.7171616338361407
0.27952048183021494;0.8091004629761129;0.46341987837260135;0.8551518566219022;0.5964095563736203;0.23346759294453617;0.8046990352499312;0.6700619604971374;0.7804387856493566;0.7592600313147284;0.7166399105527164
0.3460033409052813;0.7873718294657315;0.46455270044313757;0.8325330296066195;0.5970459625567928;0.2893435415125262;0.794134090224917;0.5983057915713407;0.77237258559703;0.7574370531445931;0.7146488260908874
0.39796655626650945;0.7995569062970431;0.4656847119075396;0.8443782559844302;0.5977840351484898;0.33293158798813366;0.794134090224917;0.6303616564368507;0.771031090252091;0.7556538533113905;0.7126809920313845
0.3928280358598206;0.8347771749936093;0.46707550937982667;0.8795093574344248;0.598979841761913;0.3283252747541749;0.8407660660273226;0.7136860453333956;0.7869440600322197;0.7580803130264653;0.7139964731820564
0.3515233487662349;0.8445479592126568;0.46865011179271754;0.8886910098316705;0.6005450206474194;0.2932401457795073;0.8407660660273226;0.7346889118384416;0.8029689886187638;0.7639016090518567;0.7181283292930887
0.49128647973781403;0.8195813332575907;0.4700449622956677;0.8626572777704333;0.6028437028478353;0.41007458542133324;0.8285095829928748;0.6476315695188842;0.8008472713450405;0.768044912840856;0.7212279312857077
0.46758223655690234;0.8354588576135429;0.4716072029650329;0.8780505686505311;0.6058323458431845;0.389374809527112;0.8285095829928748;0.6853946240321745;0.8057574643730043;0.7725484646771223;0.7247653754905146
0.6235759246735681;0.8298349759990917;0.47321341901710223;0.8715728998954546;0.6093285145381957;0.5189216281045375;0.824667784801961;0.6655051353694128;0.8049475496736358;0.7759552008785934;0.7275909034910193
0.4894368435959239;0.817593092282785;0.4748020043857837;0.8583782794605195;0.6123073470275007;0.40589902235585923;0.824667784801961;0.6220961562466023;0.7962261688579289;0.7765688752116312;0.7283153965330843
0.5365389839717468;0.8175078819552932;0.47624366739290114;0.8576072246317286;0.6162313478593777;0.4440673366981037;0.810504737739933;0.6217866091599388;0.7877231067844798;0.7750009617344842;0.7272902817492959
0.44785471108105457;0.8018575851393188;0.47758907092175296;0.841064375092485;0.6183666112193889;0.3696267756035158;0.810504737739933;0.564674905287494;0.7713993954832871;0.7697941582115045;0.7233092710727392
0.39330778523412346;0.8465077967449655;0.4792396676595896;0.8856549934699909;0.6200423934812547;0.3238448828867448;0.8433177081093475;0.6896347174364872;0.7804703559559953;0.7678250740118147;0.7215868542167977
0.402249619957574;0.8378731502258074;0.4807666469621825;0.8761553555213156;0.6220591244257745;0.33081000587556936;0.8433177081093475;0.6580327825977013;0.7816438912054098;0.7665339556423652;0.7203132322527497
0.4568716872727693;0.8525293265543787;0.4823564482400622;0.890294407476018;0.6252980025204937;0.3753438626675225;0.8391175332215202;0.6957586000943402;0.788719987491551;0.7672144015695028;0.7205318162274036
0.4103880189818909;0.8235294117647061;0.4836392324451584;0.8602151872208482;0.6274730454666557;0.3362929189010272;0.8391175332215202;0.5921700005863305;0.7776535081087782;0.7650792231678201;0.718624320533599
0.2973347899217951;0.8235010083222085;0.48497308483661783;0.8595530460514271;0.6281353890151227;0.24255261661023048;0.8316489628578387;0.5920729460068361;0.7675542927811662;0.7609257496908628;0.7150902481121929
0.33577254099545106;0.8377595364558186;0.48641657170753394;0.8733574675226585;0.6293324723382367;0.2741307134722618;0.8316489628578387;0.6343017916774178;0.7657523841951452;0.7571666734009006;0.7117293958963576
0.37393862676076683;0.8445763626551539;0.4879411191917269;0.8795610240731896;0.6310470934527974;0.3053300304452469;0.8564056250806349;0.654132013791483;0.7666045728228457;0.7543657534551734;0.7090193911672995
0.3783950938401336;0.865736927315591;0.4897753182186353;0.9001939086476097;0.6326570243727241;0.30865985022763237;0.8564056250806349;0.7126006392096841;0.7769803792278032;0.7546373194639671;0.7086477001478436
0.32709081135445384;0.851194364757009;0.4913669433603145;0.8846598574462591;0.6340941963129296;0.2660144031423485;0.8514743617311029;0.6530821559007111;0.7761458768186805;0.7546525135624327;0.7081771475175724
0.3846549561578433;0.8493481409946888;0.4930140950220876;0.8820016714205744;0.6360681238851889;0.3130726715421923;0.8514743617311029;0.6455225593347956;0.7731356949081648;0.7539358111857355;0.7072161307827253
0.3391134462767402;0.8664186099355247;0.4946849569132432;0.8985556817234989;0.6371687820290346;0.2753167277087515;0.8610501870726357;0.6966371471606396;0.7782855278679255;0.7546093822899878;0.7073581172674297
0.463784702353084;0.8530973954043231;0.4962644229629314;0.884268557223063;0.6400612686261025;0.3772671884974414;0.8610501870726357;0.6392456973696701;0.7739764175636803;0.7541048709893801;0.7066774309347919
0.5150600842740467;0.8633226347033265;0.4978714496211314;0.8938966401675501;0.6435853233485678;0.4184549617693727;0.8609641766653766;0.6712471881771114;0.7745417789495139;0.7538381533350033;0.7062024926114665
0.5460183691989341;0.8560229499815382;0.49940734559118205;0.8857493788938802;0.6473930764033475;0.4427576500940905;0.8609641766653766;0.6387101001573993;0.7698126755134733;0.752479717768263;0.7049183017778284
0.4520915338685718;0.8457693072400376;0.5007671373788911;0.8746838665580611;0.6500087857785293;0.36517125185948796;0.847532218065052;0.5937143257621805;0.7594543176885852;0.7488848921875746;0.701899856616047
0.38811724381094403;0.8469622518249214;0.5019096867230202;0.8753537048058827;0.6513138518633745;0.31255713552307446;0.847532218065052;0.5982426385065652;0.7507519858678082;0.743901929442642;0.6977158629487232
0.33572051997896035;0.8399466015281059;0.5028897095375306;0.8677589975479029;0.652715007151254;0.26945523305251684;0.8450665863902871;0.5657393447861351;0.7391805801359894;0.737113765899018;0.6920135885684475
0.36773656557249124;0.8478995654273298;0.503970044860969;0.87532801580672;0.6545242391734176;0.29522516870470483;0.8450665863902871;0.5991224767093367;0.7332718255039719;0.7302525437717441;0.6860774823101262
0.3206806661002156;0.8671002925554583;0.5051772400441861;0.8942669658521037;0.6558620965387392;0.2565778397212539;0.8689774796083665;0.6731802763687801;0.7377120021439707;0.7258386694463674;0.6818704898914266
0.28810972966411763;0.8681228164853585;0.5063647780286828;0.8947422604433473;0.656585654957111;0.22989508189672608;0.8689774796083665;0.6769544288698618;0.7407631780947525;0.723046353559957;0.678886926959824
0.3047275543764125;0.888402874428381;0.5076171645037997;0.9147565885547901;0.6569038244510736;0.24338163952701541;0.8929887183015803;0.7479208665886736;0.7526987599879364;0.7237024724518618;0.6785943814451199
0.3096753310559688;0.8943960007952967;0.5089568937897226;0.9202108345230124;0.6556875904825996;0.24763656311757443;0.8929887183015803;0.7672222921209085;0.7640346527551066;0.7269721359782425;0.6804828452818935
0.24682816302230545;0.8891413639333092;0.509934484785834;0.9144068525549585;0.6518584021440659;0.1969862048546569;0.8957983916053842;0.7351602437773875;0.7689264746213429;0.7307723273809303;0.6830316456696608
0.25697804135092794;0.8992245860198258;0.5109834091216285;0.924155587203376;0.6511156930803341;0.2053994925455016;0.8957983916053842;0.7701411508268146;0.776684291681859;0.7356908866999083;0.6866638315054102
0.21730334610738292;0.9137103416934131;0.5125511213823906;0.9381319421633827;0.6491567500481283;0.17324814722585352;0.9154230995283754;0.8164428393372536;0.7888869716829421;0.7425803784259128;0.6920296795782076
0.35410127913899436;0.9135399210384301;0.514219551455148;0.937166632318454;0.6488498021603946;0.28525691695802263;0.9154230995283754;0.8152782865460857;0.7968167614819031;0.750012017894645;0.6980705566733789
0.3724011167178206;0.9028602266594712;0.5159593148675894;0.9254877590475785;0.649270780382079;0.300145196110849;0.9202253472670194;0.7422464411336217;0.7958471978599835;0.7557225682859852;0.7030297028364367
0.389082522672493;0.9339051893089447;0.51794286807446;0.9560944216001568;0.6508947551086026;0.3134381771763743;0.9202253472670194;0.8417792532306629;0.8095990109289671;0.7636207456481386;0.7097682376053474
0.3478298565953979;0.9425114323856052;0.520105767888202;0.9638133404608277;0.6518391843034592;0.27952163890706494;0.9528806318897916;0.8649322150795109;0.8230673806858326;0.7732003942403156;0.7179561624316749
0.41668256197726106;0.9589570255915016;0.5223420275569604;0.9794639061864683;0.6545567616729064;0.3351551177173309;0.9528806318897916;0.905881046426497;0.8402340130397181;0.7850206829765151;0.7280419879541717
0.3590201552538337;0.9742948845400066;0.5246109141225608;0.993973283825725;0.6571586288272313;0.2875723562554483;0.9801602660588591;0.9398878755964521;0.8595268650672054;0.7991483070287833;0.7401140540918545
0.518857618477865;0.9812253245093303;0.5267511169645864;1.0;0.6599233772599862;0.4170452500574744;0.9801602660588591;0.9543879053654956;0.8758966736000176;0.8144140405699185;0.7533147107426555
0.656060159415515;0.9440452182804555;0.5285747781117696;0.9613511412939207;0.6644290201488308;0.5271632885367648;0.9343453891254168;0.729331957260023;0.8668671843527997;0.8244403102437785;0.7627847538754784
0.8068401856572277;0.9206975885477324;0.5299426759608048;0.9369754561336767;0.6711358449348728;0.6468664604372654;0.9343453891254168;0.6200204388755612;0.8452290851096257;0.8272220764118993;0.7667471013952816
0.549440196061431;0.9202999403527712;0.531543623073012;0.935811273025569;0.6735890090078589;0.4380184181680594;0.9262890809787985;0.6182470944357542;0.8258852867922948;0.8247637606188404;0.7664378379747763
0.5279150554601837;0.9284801317919733;0.53332574065589;0.9432780163551364;0.6753464334946802;0.4201526500675671;0.9262890809787985;0.6481924568614761;0.8130170446824955;0.819681310649554;0.7636861455208128
0.5237071332373835;0.9265202942596642;0.5349054093571093;0.940536413242284;0.6780774499135029;0.41601523354908365;0.9206123940996855;0.6382949540317102;0.8000994940237919;0.8124876142225088;0.7588607738803566
0.6781575311981596;0.9110120146561762;0.5364702844964073;0.9240336847242046;0.682198131232989;0.53906018441146;0.9206123940996855;0.5621898667921339;0.7802498974432082;0.8019264590317765;0.75102214192516
0.6788511447513684;0.8914420427755849;0.5379453850065001;0.9034460204853896;0.6856039895161976;0.5384726676542566;0.8926016714689142;0.4778291930319818;0.7530847062764826;0.7869000063002694;0.7393065884243053
0.6231828769934165;0.8905899395006678;0.5394721616575593;0.9018552268069229;0.6891195104423093;0.49270881864223404;0.8926016714689142;0.47431103687809406;0.7302244802397133;0.7693436800459211;0.7251049172160999
0.5526886195356258;0.9096202459738123;0.5411491030947122;0.9203979697416296;0.692530206783293;0.4352928276850597;0.91810375722129;0.5619953485037623;0.7213297558328347;0.7531449325975801;0.711363560911056
0.5282618622367881;0.922941460505013;0.5430680104624921;0.9330241609366723;0.6956867707005878;0.41491593968910223;0.91810375722129;0.6166691508376339;0.7205112249786415;0.739987743135187;0.6995148849114972
0.4891362777228667;0.939245036498424;0.5450400125319694;0.9486558688202322;0.6970081652304241;0.383355940572932;0.9307186169526513;0.6774260905732284;0.7275793467283909;0.7311734013073551;0.690737991022543
0.495448161057067;0.918311699377965;0.5468245619332457;0.9265358124853156;0.6996832080085984;0.3877115580113619;0.9307186169526513;0.5775482467785037;0.7213952799094254;0.7226245750016638;0.6821852971082376
0.4599524874716052;0.9138239554634024;0.5484976529912675;0.9211809550419416;0.7019654273735294;0.35889770435141777;0.9142619590303758;0.557528362037074;0.7134450822888152;0.7138605265076688;0.673515717899336
0.42337593276572627;0.9111256284261655;0.5502957800452668;0.917585168653571;0.7038233759496786;0.32938864497101666;0.9142619590303758;0.5450848215059901;0.705131658024836;0.7048363519171967;0.6646924870019945
0.43850248833862215;0.9309796347317296;0.5522290756719057;0.9368432588121443;0.7071972492953738;0.34064090010799847;0.9279232787167242;0.6286309593344789;0.7083480048488227;0.6983957887689619;0.6578428348877856
0.5532666308299664;0.921038429857699;0.5540142330277815;0.9258932988658155;0.7111619704468584;0.43059275545978626;0.9279232787167242;0.5800173351816771;0.7050775293407621;0.6924514555064277;0.6515063638340157
0.4331154230753669;0.9030306473144547;0.5554826460372784;0.9068963320919873;0.7129879340854945;0.33506695972161915;0.9045857882137067;0.499417497868079;0.6925701550189367;0.6846675687559288;0.6439368629720719
0.2910575872652551;0.9027466128894823;0.5569782143522257;0.9058976361694948;0.7140309387075197;0.2225442537381408;0.9045857882137067;0.4981863429277652;0.6821788023289679;0.6759243931562372;0.6357053511024086
0.39481639471235264;0.8713324054875455;0.5583598925055195;0.8733180199958551;0.715746836531771;0.30420404692720604;0.8624406886566609;0.3762346442727156;0.6573865259831991;0.6629268797837126;0.6243056322891881
0.3548584739345807;0.8509387337745333;0.5596242354210954;0.8519933605001713;0.7175489458577657;0.27230429995832384;0.8624406886566609;0.31263385159893187;0.627320971069345;0.6452490732074576;0.6092580315465651
0.3807186992433832;0.8653676825631273;0.5610523207754898;0.8659782784598992;0.7198514581872537;0.29224518451739423;0.8749121977092558;0.3853075771089418;0.6115625807535096;0.6272912368091027;0.5937057643147136
0.28721381215788955;0.8816144516715427;0.562613142884123;0.8817474754063914;0.7214547367777391;0.21830006564045518;0.8749121977092558;0.460229299461578;0.6081377439682636;0.6120957093319984;0.5799741827144056
0.33667423861462253;0.8735762774448266;0.563970300201901;0.8729346092780195;0.7224044072018521;0.2570711861012236;0.8720308490660695;0.43120549554873355;0.6017949935901282;0.5984035123349618;0.567281873840982
0.31002791794551665;0.8676967648478997;0.5650544859044704;0.8664450100514216;0.7230207220062079;0.2359955068234869;0.8720308490660695;0.4100013423069776;0.5943601869481543;0.585649559300967;0.5552886585955288
0.33827532989994624;0.8797966313517205;0.5666436792277505;0.8779865866863252;0.7241989234649497;0.2580037508344791;0.8885161771240986;0.468728240027244;0.5954977237295375;0.5757218295273903;0.545452580096972
0.37752807689862256;0.8941403698128219;0.5682691471754708;0.8917912005845166;0.725571319187166;0.28859404540809525;0.8885161771240986;0.5332897533346114;0.6045045775716721;0.569960482139578;0.5388889381674438
0.3007392764454617;0.8918680944130428;0.5699408196727616;0.8886884120677101;0.7262730391503025;0.22814527782439226;0.9047864791639784;0.5232530843320906;0.6109394829419836;0.5669094928036401;0.5346535832646121
0.15903402752489784;0.914306813985855;0.5719205225005011;0.9105510973436028;0.7259793287262033;0.11688211786310854;0.9047864791639784;0.6180331633308761;0.6281273835215092;0.5686304208891393;0.5343506330396656
0.3354661950094504;0.8915272531030762;0.5738228124425602;0.8864989781166285;0.727048136323029;0.255279673705404;0.8807752404707636;0.5177046987554957;0.6300458600989359;0.5704716855631276;0.5346276284324957
0.3920246001606871;0.8670718891129607;0.5754934716821829;0.8608538523011473;0.7290795158313681;0.2992690445920247;0.8807752404707636;0.4276782488759959;0.6191083970935479;0.5692964009933656;0.533053141129289
0.2975370938748143;0.8661061720680547;0.577077193414067;0.8591205664587878;0.7298774593880326;0.2250358766706816;0.8630714316432289;0.42432643056252617;0.6104299577793724;0.5662548561681284;0.5302931208860485
0.2930921870213343;0.8574147186639021;0.5785924189277338;0.8495687808039476;0.7307130994781952;0.22141543726096302;0.8630714316432289;0.39352107200668296;0.5996055300104914;0.5612006933075246;0.5261215222705241
0.2619315981434277;0.8687192887778004;0.5800180724637292;0.8603798084851435;0.7303011926148391;0.1970603211575922;0.8710417293825885;0.44928562181396603;0.5976143187222551;0.5566752295021206;0.5223407807894789
0.32658794152837745;0.8705939159826173;0.5814453472119903;0.8616072038496163;0.7317565072717014;0.24747825481157226;0.8710417293825885;0.4585284414943259;0.5976660192156116;0.5530673767379194;0.5192606949851842
0.29457189593484656;0.8777515834919196;0.5830114382604865;0.8681374051647782;0.7335344263088206;0.22211500562996495;0.8797287805157752;0.4945083702453038;0.6020631023765236;0.5512457636458474;0.517563666476363
0.31291797441722013;0.8787741074218194;0.5845977944623026;0.868423351627364;0.7345109076364373;0.2363034371873911;0.8797287805157752;0.4997717313993558;0.6066263720376212;0.5508933811562704;0.5170726894332516
0.3167617495245857;0.8961002073451301;0.586459148794658;0.885146697655104;0.7353733586301041;0.23916145732427152;0.9185338092575868;0.5849977474390126;0.6197402049745482;0.5537867375948431;0.5191580632387551
0.258157184391383;0.937313602408612;0.5886966243726146;0.9259661324701827;0.734982215098033;0.19340888142740809;0.9185338092575868;0.7381149134553864;0.6518170923647988;0.5638682240995841;0.5268814980032569
0.18247238551041287;0.9236515465674442;0.5906844332616821;0.9111387692794972;0.7335604308693622;0.13440160023170267;0.9242678364082044;0.6690032358705611;0.6698687902827383;0.5763042847699005;0.5368563595253982
0.16084898298912761;0.9211236401851903;0.5927054770021902;0.9076103323271325;0.7317471671323856;0.11767965818676601;0.9242678364082044;0.6563915713743304;0.6825123787063088;0.589314535071587;0.5477465287541567
0.18989983064269075;0.8959581901326445;0.5944012650319301;0.8812316749400634;0.7292819751102086;0.14072837173858802;0.9030376008830401;0.5404673281296057;0.6790108666954369;0.5988749115233082;0.5564553740893988
0.1585658383764819;0.9067514982815923;0.5963925189970603;0.8912546180065066;0.7268632821988703;0.1164186624035553;0.9030376008830401;0.5835072075515042;0.6815863945812669;0.6071468272276818;0.5643820985520431
0.15968140017455942;0.9133695003834466;0.5984518638773428;0.8970022188752758;0.7233116774251855;0.11768116094268524;0.9161398529222029;0.6093428496505454;0.686724033752108;0.6150083403053243;0.5720880661288169
0.13807533799210436;0.9153009344732586;0.6006672504381827;0.8979131681039995;0.7183604628542994;0.1011828050493605;0.9161398529222029;0.617081209476754;0.6913750410456468;0.6224237027317762;0.5795007507326975
0.18905593415295333;0.9249297014798197;0.6030761692132192;0.9065543893840351;0.7136184942821884;0.14196771963980256;0.9265041069969469;0.6558219936433592;0.6995917993054048;0.6303455226544474;0.5872970442399725
0.20949441352084017;0.9242764223023836;0.6053562016131453;0.9048080185083947;0.7091221915326598;0.1587165493983543;0.9265041069969469;0.6521445464589282;0.7051654010969561;0.6380325190705605;0.5949264661567024
0.1991480113521418;0.8874655608259725;0.6072556544337404;0.866498408532827;0.7069244365930532;0.15079691274505563;0.9031379463581759;0.47454134498535716;0.6898148836330452;0.6404652836326654;0.5985952527453223
0.14324853907645355;0.9154429516857445;0.6091938136971757;0.8940093061526397;0.7047871573756357;0.10666844234222114;0.9031379463581759;0.5907603400203978;0.6919138098948396;0.6429197099084591;0.6020489964161445
0.2176385926581005;0.9089953702388729;0.610893654757577;0.8866501294937227;0.7003876829768567;0.16635427752934218;0.9137458965868199;0.5629020872191675;0.6897706531201404;0.6443643267349601;0.6045456275032353
0.14626575803291195;0.9149316897207944;0.612500478764245;0.8919198380072884;0.6914323036445693;0.11048498508830673;0.9137458965868199;0.5867668084578633;0.6907638040726843;0.6457604925982672;0.6067945839012776
0.1730623616385464;0.9108415940011931;0.6144840319711138;0.8868216781285788;0.6838669923844265;0.13282063484992715;0.9264897719290697;0.5674973058727963;0.6889925024226031;0.6464485386613978;0.6083300617984359
0.19561636234372018;0.9383361263385126;0.6168560681671105;0.9136358939396478;0.6792962373013582;0.15152690596395316;0.9264897719290697;0.6737853240804645;0.7014888636484996;0.650024729043007;0.6118505525575274
0.20652343546792903;0.9743800948674983;0.6200064889020922;0.9487686310188022;0.6730103235417539;0.1611564474351962;0.9801315959231065;0.7801490536627156;0.729464009180908;0.6596593247991929;0.6198765133462835
0.21691607854017467;0.9810833072968452;0.6237893850721612;0.953784528372104;0.6654823056436281;0.17060919820843717;0.9801315959231065;0.7972372143978628;0.7540003004899549;0.6733079924435742;0.6311138897147681
0.22715843867589172;0.9567415570767177;0.6273982035752175;0.9273346730098287;0.6575158387596294;0.18008088343278206;0.9582132771398673;0.6795342470688291;0.7594298022455429;0.6855415759847909;0.6416045835143465
0.25813984405255275;0.9552929815093587;0.6314445467384333;0.9239415122103565;0.6489145111831369;0.2067051244791534;0.9582132771398673;0.6729019839891166;0.7617244554881011;0.6958840489678925;0.650870909559749
0.20361025854445194;0.9674496548981737;0.6364370699101167;0.9339250077499957;0.640196398267572;0.16328142806756873;0.9765191588182169;0.7114498028491066;0.7686070237931945;0.7058245088985411;0.6599106862177415
0.1754957891877207;0.9808560797568666;0.6418249662230551;0.9449908087262544;0.6307431693511727;0.1413619221667472;0.9765191588182169;0.7514743890938406;0.7796551280673554;0.716451962807307;0.6695002600490811
0.18224118099267658;0.9949725906779903;0.6469850822126846;0.9568863547541104;0.622273678849053;0.14804959405369014;0.9865250361960456;0.7907247159536765;0.7942099299443175;0.7284780912795473;0.6801816345930168
0.28897674660562866;0.973158746840117;0.6521899841911534;0.9322476219395209;0.614751708523146;0.23805600789816372;0.9865250361960456;0.6814838301106829;0.7926746061616172;0.7377272449319007;0.6888643039024827
0.2097776390550671;0.9955122560854384;0.657122927812078;0.9526215960392375;0.6069297114199328;0.17315414913935306;0.9922160581430353;0.7464599036334837;0.8015026890315715;0.7472641183321814;0.6977085358419626
0.21872525389146105;0.9838952481040706;0.6617180513271732;0.9386345613829492;0.5993469965908493;0.18179941166894453;0.9922160581430353;0.6919310855236083;0.8006964283076518;0.7546983965247427;0.7049377374164439
0.2077603796378181;0.984974578918965;0.665675025164254;0.9378527306443966;0.5904973153818991;0.17388670004635004;0.9868117375535768;0.6952899746222385;0.7989488968253899;0.7602226879402477;0.7106142510937036
0.23129121943042766;0.9837248274490871;0.6691020652420372;0.934955646547851;0.5815608851092309;0.19521356134736445;0.9868117375535768;0.6889220612282018;0.7952734797797616;0.7637521895235344;0.7146173990212814
0.21103770367672983;0.9745789189649785;0.6725469386547465;0.9240258914323237;0.576155497864703;0.17883030845504294;0.9887756418526648;0.6416386951680598;0.7860261564837304;0.7643367293057493;0.7161908845016104
0.25144647326408753;0.9980117590251942;0.6761667003405956;0.9461201625545987;0.5700563196961701;0.2143192139688821;0.9887756418526648;0.7230433806552707;0.7894487284605449;0.7656330711101386;0.7179875787201457
0.27048616529966996;0.9948305734655043;0.6798596192299273;0.9411340913800992;0.5663759688294687;0.2312740861585718;1.0;0.70602553615794;0.7889285316990217;0.7665441889126761;0.7192711393478719
0.12145751327980947;1.0000000000000004;0.6835268013745432;0.9446462682543428;0.5611512024085463;0.1041516957804374;1.0;0.7239169318453813;0.7896647024076588;0.7674513327331945;0.7203515055092146
0.2573826492569664;0.983526003351606;0.6873323945163294;0.9260983297917145;0.5582232367211273;0.22149612372170008;0.989062343210195;0.634034457281533;0.7801295335763347;0.7658682900448932;0.7194174777530342
0.21826284485598849;0.9896327434885115;0.6912603891841629;0.9304391933692746;0.5557804207161601;0.18820809363383756;0.989062343210195;0.6580429646573189;0.7743900525482824;0.7632121509494758;0.7174609632129862
0.24182836532625848;0.9698071406254445;0.6948294879867154;0.9085975788455032;0.5528970726726674;0.2090194662105278;0.9802749466018721;0.5580988365109155;0.7582137321457082;0.757170454803244;0.7127704688637898
0.23230851930846727;0.985940295963871;0.6984253367916482;0.923285143849736;0.5511987128078508;0.20108340936576186;0.9802749466018721;0.6243537488207558;0.7527311782069189;0.7510096028947255;0.707688687700673
0.19747755871149722;0.9915073706933284;0.701896960206736;0.9272942633482245;0.5478810818837918;0.17147662219031107;0.9906678708123682;0.6460476745510503;0.7501986106972178;0.7454677088537462;0.702820910937811
0.1948822879999075;0.984832561706479;0.7053513582415034;0.9188711580273693;0.5493953939674125;0.16900252590149162;0.9906678708123682;0.6109755467862168;0.743644494739304;0.7394472404956138;0.6974305225499688
0.14167056824290344;0.9736700088050676;0.7086130346682031;0.905979032773583;0.5486981760858165;0.12304597200171599;0.9850341891368846;0.5544021526179186;0.7316821698142001;0.7317344188972381;0.6906412283434834
0.24711716866947578;0.9915073706933284;0.7117575785087231;0.9226127078379533;0.5473442590564914;0.21455994456798255;0.9850341891368846;0.6313507615779896;0.7306891461536883;0.7253237200377486;0.6846416714261923
0.2100088435728034;0.9719373988127367;0.7149692000067267;0.901200590288943;0.5454432383270935;0.18271290606624302;0.9740821972792046;0.5372448410329784;0.7188624181156726;0.7173315462165909;0.6773909475564756
0.1950499112752663;0.9715397506177754;0.7183109237890379;0.8992099333875596;0.543092547005595;0.17009358848554362;0.9740821972792046;0.5354143461379632;0.7086456675174201;0.7084640174987978;0.6693772067569832
0.18865132624691486;0.965148976055898;0.7215332858183041;0.8911856329413397;0.5410131228957389;0.16484391533074866;0.9531386631115693;0.5050579115870174;0.6966923201550598;0.6984757213568487;0.6604184360380685
0.24955059621865008;0.936830743886159;0.7246760057950228;0.8609161024227127;0.5406885698533228;0.21785112063596385;0.9531386631115693;0.3880131222581382;0.6721197259997127;0.6845353033678296;0.648414659033539
0.3229695908258047;0.92041355412276;0.7279836841197591;0.8426622885684719;0.5398120750530591;0.28188659384646375;0.9032382918333117;0.33208189408695266;0.6441248171079089;0.6666045402083427;0.6332223098479455
0.34203818342610415;0.882693782486438;0.7309407752920754;0.8029268910326532;0.5403738273169507;0.2983509926396968;0.9032382918333117;0.22913839576257813;0.602697476755889;0.6422290959773675;0.6129343274865597
0.312704110238314;0.9226574260800406;0.7341605028514069;0.8420099611740117;0.5393222217033256;0.2730580922414691;0.926618787539959;0.41324931963781364;0.5915874453491242;0.6200386601642112;0.593741205588673
0.26816255989642035;0.9267759252421399;0.7373692872279465;0.8446718033119374;0.5388706024490653;0.23437822755859122;0.926618787539959;0.42984506370832876;0.585729510386434;0.6008679252268355;0.5764474350430875
0.2415393596790881;0.930297952111796;0.7404690450796307;0.846779263378051;0.5386557792447995;0.21123936366151902;0.9265614472684529;0.4445875211322864;0.5837432583845779;0.5850504045558301;0.5614879760670096
0.2494812348633292;0.9190217854403957;0.7435037517891585;0.833879441045863;0.5380266973435368;0.21826643975001997;0.9265614472684529;0.40714346925896117;0.5771229397041052;0.5707934051776713;0.5477099162160223
0.22959764633800941;0.9068367086090836;0.7463570853764816;0.8201420803701986;0.5370928849976868;0.2011064766119211;0.9087429578979056;0.3684692903718595;0.5664750603579444;0.5568096264797752;0.5342323059395372
0.2135173721294514;0.9071775499190502;0.7489637920479124;0.8192508549048761;0.5346332701810006;0.18749021322619513;0.9087429578979056;0.37015954540698826;0.559302282810528;0.5438858533907923;0.5216400172162604
0.21298560173865796;0.8964410486550975;0.7516965479729878;0.8070428074939524;0.5336361599125925;0.18718697628318637;0.8967588411531127;0.3351523789481987;0.5491774206806168;0.5310952942840775;0.5092825648630166
0.2588334576057616;0.8938279319453519;0.7545142148904693;0.8030495632196644;0.5331182189496642;0.22731597880748083;0.8967588411531127;0.3266395951543756;0.5410764762242696;0.5189013591022706;0.4974912762275009
0.23230851930846727;0.8739171187547936;0.7572052245997059;0.7815382495727642;0.5320682932172109;0.2043279515625096;0.8854341375306412;0.2653765730440002;0.5256645699425301;0.5054145142644799;0.48487892207245586
0.2659776772038125;0.8939131422728437;0.7602265563080453;0.8004240897771827;0.5317811007320588;0.23380806539196403;0.8854341375306412;0.3748032868728498;0.5254384380607602;0.4945702849082211;0.4742824102677926
0.12578681787442125;0.8959865935751412;0.7632223539232017;0.8011088411144053;0.5291692886811958;0.11157180167392103;0.891125159477629;0.3855999962544262;0.5277988741865948;0.48646643563334;0.465873745751305
0.27962452386319625;0.8831198341238959;0.7660347519008193;0.786698178505639;0.5297964891155458;0.24612560386448962;0.891125159477629;0.34080436071367604;0.5243950512079133;0.4791591859441204;0.45830137926310405
0.2898553237730265;0.8842275683812884;0.7690037995135937;0.7864142525261332;0.5293184621292628;0.25517507909120246;0.884459352915036;0.34719456819922323;0.5237758864598656;0.47316346735726333;0.45193760170204555
0.311709930812048;0.8816712585565369;0.7721037600168108;0.7823447109621976;0.5282817738604442;0.27452636324690227;0.884459352915036;0.3377361019118392;0.5234414223101556;0.46828590842660023;0.44665190188696235
0.28665892131532245;0.9125742039935241;0.7754716258469054;0.8121498190128225;0.5263128187364539;0.25297833988913;0.9117676572198561;0.5060054791962288;0.5407213586846017;0.4685678655339552;0.4454410098073859
0.21871369366557422;0.9074331809015259;0.7788135522807513;0.8053387705495154;0.5241496693489889;0.19375574789778338;0.9117676572198561;0.4835300258320001;0.5528741164760681;0.4717359877877454;0.4467862246904239
0.24183992555214526;0.8876075780384589;0.7822760563768449;0.783547764316229;0.5225625848130007;0.21434352385776234;0.89589873708052;0.4031891004881608;0.5532403300326262;0.47435915716019394;0.44818507656769246
0.2667522123382291;0.9009571960121572;0.785644935464604;0.7955144121058111;0.5215001607646281;0.23644017781842758;0.89589873708052;0.47052489653942375;0.5616078290317459;0.47848372161053576;0.45105026826508077
0.28406943071667623;0.8915556565455733;0.7888389262792215;0.7844439928825112;0.520610697281717;0.2518465906982477;0.8845310282544188;0.4325739930404239;0.5643258533054879;0.4824414904735373;0.4541365914334454
0.22929708046495226;0.8744851876047379;0.7919328072364413;0.7656278112376189;0.5194072976053967;0.20386379688409106;0.8845310282544188;0.3690777765064832;0.5586014183319921;0.48422164373189575;0.4558742791243633
0.34579525683931867;0.8492913341096946;0.7948767260591021;0.7386277109831726;0.5199074318279022;0.3063180032946868;0.8437190900098912;0.28982616906376246;0.5421063353009955;0.481651799228903;0.454501508992335
0.3003231083135365;0.8358849092510017;0.7978429365504107;0.723595605507029;0.5199724096316323;0.2662803291846099;0.8437190900098912;0.25316452896568487;0.5234861776084502;0.47508741055862536;0.4500724024844793
0.2604923500205194;0.8586360666912829;0.8009323591739017;0.7452489302504224;0.5207215022438174;0.2310819671395064;0.8684040768933041;0.3719844826056513;0.5222030242509158;0.4695252087154804;0.4461495963041298
0.23825625552723298;0.8754509046496439;0.8038302760985276;0.7609605915358688;0.5195619810637073;0.21172448227763407;0.8684040768933041;0.4488419969000681;0.5314327319012504;0.46731024343557115;0.4445563551854671
0.2171241626061373;0.869713409265203;0.8068445150032035;0.75369897534568;0.5166502766260326;0.1936051859728245;0.8812913029143195;0.4286805760704061;0.537074219223443;0.4669042488652373;0.44430602804346286
0.23169004722352274;0.8899082568807346;0.8098765872428002;0.7727817645436779;0.5143337204899474;0.2068546649776296;0.8812913029143195;0.5163651839440514;0.5533162084001617;0.47051213850953433;0.447114886840309
0.21929170495991493;0.9066946913965972;0.8129799928220818;0.7883670013163926;0.5106113725939483;0.19653403495791555;0.9115239610659551;0.5810928614471682;0.5759071144122048;0.4788684036298994;0.45368166707288726
0.2073442115058928;0.9128298349759998;0.8158385953492688;0.7932444474719612;0.5084698600759776;0.18630967472356313;0.9115239610659551;0.6037214791656749;0.5976797162728946;0.4908252325191311;0.4633025732839531
0.1305091701491847;0.9304115658817853;0.8186949687095888;0.8097551617088821;0.5050656144786942;0.11864501039026157;0.9237231038288964;0.6653478941734283;0.6245114423615343;0.5068874820542392;0.4764333686118178
0.14741022039570653;0.9132842900559552;0.8213817227366293;0.7910745448573224;0.5013070483446282;0.13415058536738836;0.9237231038288964;0.588865602311146;0.636964112721766;0.5227524563106063;0.4899369929758791
0.1371909807117631;0.9092510012213486;0.8239973460755197;0.7857340232224703;0.497442179330003;0.12555159720611198;0.9148640318811907;0.5714974294560703;0.6448136893430599;0.5373450597253788;0.5028968422265182
0.14164744779112984;0.9168915272531031;0.8265233974367421;0.792299150030874;0.49353450694311696;0.13003817337522863;0.9148640318811907;0.6015430391115983;0.6550338478769544;0.5514937572841353;0.5157951925759485
0.13798863629795324;0.9096486494163099;0.8288830718892113;0.7838185090489744;0.4912195634929568;0.12706710064513918;0.9171289726056853;0.567758501198634;0.6592604783746508;0.56383611261631;0.5275301190706674
0.14195379377713038;0.9209816229727048;0.831315700893632;0.794180315992008;0.48843176709052316;0.13098480640704543;0.9171289726056853;0.614419385108429;0.6683963384972906;0.5759220697027738;0.5391403388737231
0.10356228360702169;0.9053597295992275;0.833599988975755;0.777220573443886;0.48369994500069047;0.09708949100645353;0.903195286629682;0.5410499460695037;0.6672669050093237;0.5853173647749778;0.5487632856549127
0.12176963937875346;0.8976623966824779;0.8361213793517122;0.7682013294008956;0.47693593705955606;0.1142916839576503;0.903195286629682;0.5070548812750756;0.6622258335115162;0.5916130023233578;0.5559637679684004
0.07907194506580659;0.8954753316101915;0.8387491617825953;0.7647311978174156;0.4695685829967131;0.07648089789719972;0.9008443354979287;0.4972420478903973;0.6570410181235916;0.5953941090342811;0.5610599707291002
0.10125601854260233;0.9028886301019687;0.8412987207216647;0.7710542515101189;0.463049232949458;0.09733915426791082;0.9008443354979287;0.5342386298937611;0.6567916216700309;0.5983586078483768;0.5652514113125279
0.08525088580230858;0.8866702644360496;0.8438014671565677;0.7533846459064915;0.45636686723327946;0.0834722432057469;0.897160223053656;0.45897948177364367;0.6481313499089465;0.5986332886537942;0.5671435609962727
0.05824619813071147;0.9043940125543215;0.8464655242118928;0.7701309869559527;0.4508941503513808;0.059285105720930154;0.897160223053656;0.5458707474880647;0.6506185101750926;0.5994552513215733;0.5690990482540725
0.07717606802036911;0.8962138211151194;0.8493425680285975;0.7604521995075024;0.44550441959937515;0.07720017058287831;0.8828394902449865;0.5077701534127355;0.6483497539492871;0.5995634857702034;0.5702507613129185
0.12895431976740826;0.8664754168205189;0.8521496970663547;0.7288987963116367;0.4418950269133761;0.1253255658824757;0.8828394902449865;0.3887283568867579;0.6311777041215878;0.5954921917295588;0.5680162321125886
0.09536608345327066;0.8709347572925843;0.8547472844187913;0.7321971868333005;0.4385876768620893;0.09472457457722405;0.8550151234966097;0.4117462016748049;0.6202962760636338;0.5896004279729039;0.5640412175045109
0.15679712381579933;0.8366233987559295;0.8569967164372061;0.6962614520499913;0.4342489469664874;0.15214322287067192;0.8550151234966097;0.3000659867869646;0.5943197096078483;0.5785972910018573;0.5558527575270349
0.11457339876421185;0.834237509586162;0.8594331958207553;0.692680097683622;0.42974646225424595;0.11358537311537498;0.8494961223641391;0.2932417326824788;0.57340297836408;0.564730197241198;0.5450018387965689
0.1032501575080777;0.8623853211009171;0.8620739479497628;0.7200306074322602;0.4259725756038919;0.10351714255828146;0.8494961223641391;0.4339487917845405;0.572556103611111;0.5534314677989937;0.5355431371588997
0.06940759622443021;0.863635072570796;0.8648893857003808;0.7199639314906142;0.4225829113751809;0.07234026172208241;0.870353646124514;0.4396958517181526;0.5734652030490869;0.544612605189628;0.527614286639872
0.0942216210904761;0.8743147669497549;0.8678604598284876;0.7294062262052036;0.4198392622499456;0.09581733602553136;0.870353646124514;0.4892020802131488;0.5806400969222395;0.5392947776603755;0.5221479129334443
0.1324108273075656;0.8559661430965435;0.8704918899869662;0.7095107217415716;0.41729249519805967;0.13187313165702375;0.8660817958973035;0.41961982998410563;0.5775573843813243;0.5342940960843181;0.5169338975353496
0.16803944349072578;0.8735194705598324;0.8730983940068642;0.72611120315534;0.41492991031786386;0.16561241926164738;0.8660817958973035;0.49899494960613433;0.5851301276544569;0.5321271449621681;0.513880455576062
0.07167340049824572;0.8722981225324515;0.8757095590120239;0.723630338573312;0.41201363660340107;0.07554640876841379;0.8734356857179724;0.49407584769898405;0.5912083615199016;0.5318653114936406;0.5124075779803886
0.15906870820255828;0.8717584571250039;0.8782866785596068;0.7218583749119888;0.4107146180907746;0.15785354177241326;0.8734356857179724;0.49175825953900687;0.5964006609871654;0.5329130601724716;0.512126136475271
0.13168831318963972;0.8758201494021076;0.8808743359869196;0.7247573832781354;0.40882777555846816;0.13237285457738965;0.8863945870783696;0.5120795849158283;0.603230835588777;0.5354050545320822;0.5131599262198411
0.10518071523117561;0.8939131422728437;0.8834873248558788;0.7419032026965942;0.4056890855768427;0.10781035657664395;0.8863945870783696;0.5968546480039539;0.6185579550195969;0.5411098172068525;0.516861159784811
0.12890229875091758;0.9001903030647318;0.8860101337925679;0.7470843948085508;0.4031390931531067;0.13053842806790722;0.8989951117418538;0.6240165106431818;0.634227307605562;0.5494676597101744;0.5228982164072631
0.06873710312299502;0.8945096145652855;0.8884999105293465;0.7401295071926309;0.399513103241129;0.0740757574918752;0.8989951117418538;0.5928566891399455;0.64377217306227;0.5584650393088919;0.5298052135208644
0.16287202251932;0.8797398244667254;0.8908502630112922;0.7240043203701054;0.39777711403806126;0.16348623233884935;0.8793704038188617;0.5165584603053474;0.6436866090604261;0.5656422253104528;0.5356874787350382
0.16524186882611683;0.8760757803845824;0.8933151136094866;0.7191106141364159;0.3962291371357556;0.1659831205914603;0.8793704038188617;0.49850555008411557;0.6418280558379953;0.5709339611940322;0.5403580663716456
0.18461680741241684;0.8949072627602468;0.895912700961925;0.737014210923424;0.39381521508694584;0.1847861132401079;0.8955260253157298;0.5926088679248003;0.6502916786504207;0.5772166533859425;0.5458647964362693
0.14152606541931828;0.8929190217854406;0.8984267958826875;0.7338001034102478;0.39130433029689216;0.14421129710646008;0.8955260253157298;0.5817130370765287;0.6559267874856576;0.5836072403651241;0.5515622956306208
0.15929991272029456;0.8966398727525782;0.9010373529332485;0.7363418711251223;0.38965636686723326;0.16139101319960059;0.8934331054057538;0.6002828082935233;0.6622484095111713;0.5902503691395922;0.5575392479280397
0.1737906558694157;0.8870395091885137;0.903554284975475;0.725390852830513;0.3892037396842696;0.1752736221856851;0.8934331054057538;0.5443273167963676;0.6621133160150247;0.5955321618672978;0.5625693588313966
0.16631696983359054;0.895446928167694;0.9059392908695942;0.732802273409076;0.3875147871540161;0.16842832917564682;0.8898780085723703;0.589242089718627;0.6662790579276561;0.6007662503348151;0.5675675495965999
0.15572202280832567;0.8811884000340844;0.9080770618932226;0.7172975673191282;0.38431481510723864;0.1588268295645755;0.8898780085723703;0.5085875344314958;0.6619882760412874;0.6039145907987019;0.570991112606369
0.15753697827255544;0.8644587724032156;0.9100910128300699;0.699340475837235;0.38034404638353503;0.161197979337103;0.854642411731819;0.4268247158214318;0.6498367716644686;0.6034910100921553;0.5716332507526254
0.15897622639546374;0.8423608941403695;0.911936762994368;0.6760079372272467;0.37622417140701137;0.1632443538867378;0.854642411731819;0.3373943722556043;0.6288753796756582;0.5980767476026344;0.5682952170217532
0.19686486673949607;0.8447467833101374;0.9136896987564684;0.6776002703213928;0.37340391970033626;0.20017732581347486;0.8396479307329514;0.35231205582782865;0.6139738354400823;0.5901372152724708;0.5626710073750933
0.22778847098672309;0.8323628823813447;0.9151820246468843;0.6643070310694483;0.3703429746193474;0.23057621668854567;0.8396479307329514;0.3056139056706876;0.5963145416831824;0.5795097310623897;0.5546047955999526
0.22935488159438636;0.8617888488084762;0.9167781081222932;0.6934524032876527;0.3672837094195305;0.23272178449540465;0.8555885262116716;0.47401766679800306;0.5984228995431699;0.5715182420005414;0.5480738000170472
0.16796430202246151;0.8469054449399267;0.9181391158192023;0.6776814744985199;0.36364233179601824;0.17401008831679904;0.8555885262116716;0.4142491644748839;0.5929687719046035;0.563804438641412;0.541490975374151
0.18892299155525497;0.8551424432641239;0.9193584700944077;0.6854731307500783;0.35946433293094593;0.19508250061364174;0.8331398099169998;0.4566746409529361;0.5936665900994853;0.5578023592090164;0.5359989030366094
0.24351615830573328;0.8090720595336154;0.9202699966907;0.6382228831446868;0.3540871676901063;0.24929156426666998;0.8331398099169998;0.30212531721747726;0.5709548259835061;0.5475014787927416;0.5271786792593127
0.27606975440300097;0.7781975175391258;0.9209776558446015;0.6065116898416069;0.35070012407602325;0.2818399077938471;0.7858054157886429;0.22766351249540692;0.5380577594246548;0.5312953824944864;0.5136665120406778
0.2274532244360055;0.7922288181327577;0.9217951521294916;0.6203824024005644;0.34806257624560666;0.23490628688711557;0.7858054157886429;0.29598654351846565;0.5208915498753773;0.5141740379674286;0.49903146510903684
0.3018490581305958;0.8123668588632942;0.9226704041013418;0.6404314635782905;0.346232580892158;0.3081801209042855;0.822101807652059;0.38596704607980004;0.5194191583313078;0.5001204510515662;0.48632148806785847
0.21991017704485946;0.8299769932115773;0.9236137469883436;0.6578792971104973;0.3418585734919457;0.22881510853196302;0.822101807652059;0.45707936230526325;0.5289456134251491;0.4911842293996504;0.47728423856509594
0.21745940915685494;0.8350612094185816;0.9247779800465237;0.6624932145443216;0.33801003292231124;0.22720663430323712;0.8298714144411474;0.4769825685018513;0.5404715802227293;0.4868260432617867;0.4717652174185597
0.27974012612206445;0.8226773084897894;0.9258090710473992;0.6494189571728775;0.3371604834160451;0.28876256453694116;0.8298714144411474;0.4355156438273142;0.5443552339159341;0.4842798463998545;0.46786248022773597
0.18240880426803538;0.8313403584514445;0.92695384955839;0.6576789806451192;0.3334314831906051;0.1935352833468268;0.8330107943061114;0.4718948385593841;0.5531443813094118;0.48437101191191534;0.46623915757945483
0.18983624940031327;0.83261851336382;0.928139766330621;0.6584148213402268;0.32967943499548613;0.20159368494927288;0.8330107943061114;0.47739441171217256;0.5618390471714537;0.48654919043747585;0.4665447099819909
0.16001086661233357;0.8261709319169488;0.9292077399105354;0.651355638311977;0.32686079597473605;0.17254423281669096;0.8258432603678383;0.45262056067896883;0.5663458261259888;0.48938296310388407;0.4677258788498085
0.22222222222222218;0.8235862186497007;0.9302216055310888;0.6482476542672502;0.32514341985505335;0.2346397890249372;0.8258432603678383;0.44245187712831746;0.5695275270024308;0.49242036891129326;0.4694036282791627
0.22726826082181642;0.8450592211776065;0.9313485507071606;0.6695338283709302;0.3241657290129927;0.23986569765551635;0.8481916311873734;0.5427534412931103;0.584136704463587;0.4983876249043671;0.47359195749755034
0.1696347546631061;0.8489788962422251;0.9322319087403406;0.6730976718839381;0.3213120812686192;0.18309575883789042;0.8481916311873734;0.5597665701621506;0.5984107340440514;0.5066176114324881;0.4798553359288388
0.16982549839023856;0.86923055074275;0.9335418482508837;0.6930558113230559;0.3174127410923462;0.18399518168289436;0.8680887054000199;0.6419882376991827;0.6207466398375152;0.518609810661346;0.48935907386761174
0.1606062182455045;0.8642315448632374;0.9345836797830165;0.6874811060778625;0.31260539154502376;0.17564065650405442;0.8680887054000199;0.6168427052291762;0.6360224592883911;0.531902315928012;0.5003189755428865
0.1575889992890461;0.8820120998665044;0.9360052802883478;0.7048750600612644;0.30812091515894524;0.17340759255890725;0.8881721354950618;0.6844228766930475;0.6574304808551285;0.5477198608279956;0.5136283149835228
0.16417254793158656;0.8912432186781043;0.937545837243662;0.7135244594871013;0.3056323391908551;0.1804725087321205;0.8881721354950618;0.7166684045746927;0.6789561435899504;0.5655859219809188;0.5289430719032877
0.16816660597548075;0.8826085721589454;0.9388472653898132;0.7041319071416756;0.30270450789392966;0.18503203620864866;0.8787970011038002;0.6689460524311408;0.6910444935731107;0.5828057323591235;0.544208573893498
0.22167889160554197;0.8720708949924734;0.9399517162457007;0.692898983350642;0.30085979678141483;0.2393951582752749;0.8787970011038002;0.6130732387698749;0.6946122441937168;0.59744544285671;0.5578360369551201
0.21995641794840667;0.8744851876047379;0.9410977106658942;0.6948083398614174;0.2961610347530459;0.2386953462052524;0.8758726472569847;0.6233901110486327;0.6981943113395795;0.6100245399210462;0.5700412887438827
0.2066563780656274;0.8743999772772466;0.9419354721041033;0.6943240012030534;0.291784809909686;0.22616014726349198;0.8758726472569847;0.6229003918244136;0.7004478749627256;0.6206334746615703;0.5807673178186612
0.2504002728213309;0.8671570994404525;0.9426901464137041;0.6866053709828226;0.2895820153265638;0.27112915726461495;0.8765607305150587;0.5803283243730625;0.6979153325008798;0.6285074160046815;0.5893345361011423
0.2976526961336824;0.8830914306813984;0.9435230442151186;0.7024026622654762;0.2859620729868051;0.320200937199332;0.8765607305150587;0.6560264708712931;0.703706187920239;0.6362087133447294;0.5975787967959325
0.2635442496546382;0.8544607606441903;0.944217531019361;0.6729779823148079;0.282864237715281;0.2862119785857156;0.851445691595349;0.5054291119256857;0.692793454462524;0.6397274426921662;0.6024693134467362
0.2149277196876427;0.8460249382225125;0.9449940916945474;0.664036671190624;0.278471348450696;0.23751281669030233;0.851445691595349;0.4677708562803937;0.6794127379246936;0.6393025430088357;0.6040414031200869
0.20325189154196074;0.8323628823813447;0.9456705425123397;0.6498319054290753;0.2741527771291572;0.22647976754576649;0.8433320431772242;0.4105394543198153;0.6615350236988764;0.6346338786005054;0.601960043351389
0.2378516476211945;0.8520464680319257;0.9467229119241969;0.669335051321232;0.27389273152374294;0.2621086949643015;0.8433320431772242;0.5104224301571777;0.6576662474048873;0.6299621973015688;0.599347273139353
0.2223204841422601;0.7996705200670324;0.9477756866391234;0.615609925151685;0.2699736359448879;0.24704583742100872;0.7995957510858811;0.3292820033651884;0.6273705586016317;0.6188893338889797;0.591440290639945
0.21186425982763704;0.798079927287187;0.9487806355922137;0.613516416040172;0.2667224611199903;0.23699714950052697;0.7995957510858811;0.32483821880020713;0.6031065377531816;0.604155977174992;0.5801422919153002
0.17507384094285203;0.818217968017724;0.9503134917892675;0.63325326447527;0.2619905046396638;0.19993116850748666;0.8177439470175889;0.4195987146365897;0.5951362600017568;0.59043944233688;0.5689687344214464
0.21084117983665399;0.8154912375379899;0.9518556699568483;0.6297501316681474;0.25906751140051365;0.23766716382866426;0.8177439470175889;0.41047118578661435;0.5881405919138678;0.577772347985042;0.5581066685962041
0.26959602790638526;0.7716931292072604;0.9529842363451868;0.5847059629458795;0.25787036088215265;0.2990141500775916;0.7669117963273551;0.2851487472635952;0.5606449591208873;0.5609811338401633;0.5437670036798322
0.16042125463131549;0.7612974692532739;0.9539508841585063;0.5736827845412644;0.2552514261351211;0.18602881569518803;0.7669117963273551;0.26058534288344637;0.5347594534771267;0.5412804851828172;0.5267752977869318
0.14995925020374898;0.7747038941119664;0.954853899390403;0.586877886043599;0.25091995332618144;0.1759338868772553;0.7750397798133566;0.32474437362854447;0.5227994949174661;0.5226240923149509;0.5101021255425325
0.16130561191165674;0.7743914562444973;0.9557429316665091;0.5861382930227721;0.24573281624351018;0.1887923994782717;0.7750397798133566;0.3238810154223388;0.5147569773831532;0.5057516370796814;0.49444561805217646
0.22893871346246106;0.7790496208140429;0.9567809128195117;0.5903791907946014;0.24298836077531227;0.2603625073964191;0.788758439771212;0.3475311607358116;0.5124583702232222;0.4916971093762905;0.4807351855496881
0.24207113006988154;0.7972278240122703;0.9581510398354132;0.6082016796179629;0.2396791964523597;0.2750005001487927;0.788758439771212;0.43552983715413196;0.5217120349051563;0.48269408414262616;0.47083101887266365
0.18908483471767037;0.7993012753145683;0.9596972710336589;0.609574645977689;0.23569156172169015;0.2200884142232727;0.7919694949755587;0.4452279936565886;0.5315421282037531;0.47787183198794403;0.4642991989799061
0.246296392631512;0.7833385406311248;0.9611504851781669;0.5926631063830525;0.23241733892711358;0.28133969673894027;0.7919694949755587;0.38744375823008803;0.5323390791606581;0.47420699661083165;0.4589915798952733
0.29137549347714253;0.7695912744624649;0.9624693413561713;0.5780667517578675;0.2292854356654228;0.32996450559504;0.7676858899926895;0.34201607754163155;0.5272009965302927;0.47003104041980337;0.4536356024824425
0.2619431583693145;0.7649331098929193;0.9637569891980649;0.5727217080894558;0.22723786210258634;0.2993166743653446;0.7676858899926895;0.32705459375796175;0.5221947811694488;0.465478116700783;0.4482594460539677
0.270856092528048;0.7505325645468228;0.9647623434542227;0.5576103227057843;0.2251611929978523;0.30936850701466306;0.7498100603506361;0.28241364609488584;0.5122861778585485;0.45943660000380365;0.44195806448630254
0.16604530452525043;0.7485727270145146;0.9657111579326214;0.5551682321561998;0.2221368021311647;0.19851884376080886;0.7498100603506361;0.27646273984578484;0.5051145649120763;0.4528669185012744;0.4353678068985316
0.33544885467062024;0.7517539125742045;0.9665781011916108;0.557989403817019;0.2201626057779178;0.37972685334864764;0.7493513381785859;0.296697722224068;0.5028406442832996;0.4470605871528043;0.42943432706814
0.1899518516591814;0.746442468827222;0.9674426126322002;0.5521813808828048;0.2160085284207336;0.22537128412095003;0.7493513381785859;0.27850314613354354;0.5000165564038637;0.441731723509079;0.423960007296469
0.3672510360852451;0.7430624591700514;0.9681861411074761;0.5483935523883362;0.21315246164747315;0.4161902867233236;0.7390444243753498;0.26674033442587886;0.49779730374541675;0.43693128324525055;0.41898838223565527
0.34607270226060216;0.7347118470758658;0.9687734252506646;0.5396286967864886;0.21322006006583138;0.39345059355816825;0.7390444243753498;0.23792995770338934;0.4934941778878547;0.43204901186884503;0.41405788778360486
0.17861127006421704;0.742437583435112;0.9696359101759233;0.5470702321842928;0.2100517369803332;0.21452617842858418;0.7327369945096689;0.2955847391568568;0.4959617078469305;0.428740659689854;0.41041452807902357
0.3168715716705104;0.7228392081120232;0.9702683856110097;0.5268537595513524;0.20882757397272766;0.3635531682598759;0.7327369945096689;0.22729376887330008;0.4895064361144583;0.4245309580494536;0.4062132827698393
0.23648754096655047;0.732382764791093;0.9709357171098079;0.5362352473465761;0.20732354276187936;0.2774610263284808;0.7293395834229273;0.2953127450173786;0.4912779099909326;0.4215921250659571;0.40305718555258185
0.20244267572988375;0.7261624108841995;0.9713333194179254;0.5297252508622176;0.20585700649878835;0.24113998093945438;0.7293395834229273;0.2727888020048337;0.49128273292162405;0.4192422264590684;0.4004632455216902
0.26585051471905763;0.7148010338853075;0.9716109520183975;0.5180478207935418;0.20594839203454107;0.30948191171596473;0.7170831003884799;0.23366200621479707;0.4872317737915768;0.4163814457314158;0.39759014326837416
0.2012057315599947;0.7194591984548526;0.972186279721126;0.5225083739402321;0.2034961686950112;0.24036669356445778;0.7170831003884799;0.26886009695132185;0.48837413351352416;0.41436942158521184;0.39543919988698495
0.189761107932049;0.7320703269236231;0.9726959483271012;0.5350820325751893;0.200982461704589;0.22858232770051312;0.7248240370418149;0.3593608166736728;0.4977051745696418;0.41501913439814286;0.39542837622315663
0.1544272775090025;0.7175277643650411;0.97332092565546;0.5200069196734816;0.19759535089525904;0.1910375984855902;0.7248240370418149;0.30110500545060914;0.4992347472251937;0.41590926124909766;0.3957884380933575
0.13495985711560804;0.7219587013946089;0.9739653575310063;0.5242037516714683;0.19395276375730308;0.17060899364683696;0.7264869049154945;0.33230144557325014;0.5044944507202648;0.41789489877248126;0.3971540816991545
0.20083002421867321;0.730934189223734;0.9745923613746976;0.5330271050691605;0.19169278601908823;0.24278808170611282;0.7264869049154945;0.3940117100229332;0.5149783161118475;0.42202187516190026;0.4003491311591344
0.28174004520048324;0.7490271820944701;0.9753518993210948;0.551052892975781;0.1904008230073837;0.3313168238184961;0.7366217979042129;0.504135564285961;0.5341737405146096;0.4299712591112208;0.4067318616526573
0.20125775257648534;0.7239469423694156;0.9755290167611053;0.5254818515399061;0.18739370131914357;0.24429721795951603;0.7366217979042129;0.3908075001510687;0.5375401827862006;0.4371458855207049;0.41286722392289954
0.20029825382787977;0.7168460817451074;0.975785978905189;0.5181438418465907;0.18497648670323663;0.24383637585922902;0.7253687696211242;0.3628815135718382;0.5378098527855123;0.4429508820521221;0.4181939985032985
0.1438612310484547;0.7338313403584515;0.9762441740217342;0.5351870014818798;0.18264279577919784;0.18252443238636823;0.7253687696211242;0.45965519527516674;0.548166865624453;0.45010263074207274;0.4247071259644657
0.14524267804192895;0.7565824977987337;0.9769044127168689;0.5579936372101397;0.17999362317107126;0.18457095370323479;0.7657936610329856;0.5685436857303826;0.5693053622500961;0.46094231009991177;0.43424878294190894
0.10196119232169795;0.7741926321470167;0.977642469600748;0.5755389349975957;0.17771583869243424;0.13740228834630291;0.7657936610329856;0.6398017393059378;0.595978396919425;0.47607241593479643;0.4474094792103376
0.1838364921650569;0.7687391711875478;0.978471922326098;0.5696032367754087;0.1742783314479468;0.22830151848758484;0.776473286601012;0.6122815520459118;0.6146983475573589;0.4927091766130179;0.4621531675707748
0.03718346656493668;0.7831965234186384;0.979514767115897;0.5837999206046358;0.168912253422842;0.06713769182086499;0.776473286601012;0.6689416397154593;0.6373208272020874;0.5114961835084286;0.47896157692717567
0.036582334818822365;0.7792484449115236;0.9804893183390115;0.5793251278629035;0.16376032664953422;0.06707111215294129;0.788099026648891;0.6475564117697963;0.6531784186422388;0.530365399806448;0.49623634075539724
0.07420508996745795;0.7957224415599171;0.9816411896536641;0.5955193959640754;0.16055309751609426;0.10937320129914341;0.788099026648891;0.7102149343745604;0.6741677650885567;0.5505429394033908;0.5148481207412952
0.08355153259694695;0.8000681682619937;0.9825304245813049;0.5995134099462031;0.15790990528493976;0.12020217744002121;0.8064479135308709;0.7258714648141833;0.6926359107913344;0.5711566773691192;0.5340994215512727
0.07954013421422254;0.8112591246059027;0.9836579777119789;0.6103505114804809;0.14866894615342496;0.11715000823329894;0.8064479135308709;0.7652260620009357;0.7124755053153872;0.5924514439851766;0.5541260024187614
0.1081921540746906;0.7929389041951889;0.984319229664778;0.5914192585134977;0.14264576580910981;0.15044955369213697;0.800914577330524;0.6573153472515627;0.717827641437689;0.6107831741035901;0.5720546041325586
0.14954308207182368;0.8074246598687762;0.9850862657179045;0.6057757529330197;0.1377307694762906;0.19821684337252282;0.800914577330524;0.7113420798161509;0.7288162597378337;0.6281092407780403;0.589226237172435
0.15297646916020738;0.815207203113018;0.9858804570764788;0.6133074403615932;0.13133875442186738;0.20352662337900468;0.8130563798219579;0.7386324062730755;0.7406122882345241;0.6448262755476722;0.6058812455614038
0.18650690434491088;0.8092140767461018;0.9864085669719733;0.6069663947481292;0.12599303655656624;0.24307058330448977;0.8130563798219579;0.7025582450763878;0.7457477712521755;0.6594433618064953;0.6208203284260878
0.14372250833781292;0.8254608458545176;0.9871533113564483;0.6231230433786166;0.12240225695395224;0.19491962884671665;0.8240513768832689;0.7608101076402158;0.7571636022866248;0.6739011547403974;0.6354617729061901
0.16113220852335455;0.8207458743999774;0.9880703095441357;0.6178962460771353;0.1194626664888232;0.2155716339179209;0.8240513768832689;0.7313393917665437;0.7624768004986107;0.6867538778469877;0.6486865503608245
0.17900431774436873;0.8373050813758631;0.9889494118951179;0.6343066096544063;0.11780220474324543;0.2365286016548872;0.8479622701013492;0.7885063528643803;0.7740035852381854;0.6998270455648515;0.6618617066120049
0.15909182865433188;0.856278580964013;0.9899620616064704;0.6531070122885777;0.11556547656045013;0.21413457175712391;0.8479622701013492;0.8449050138761667;0.7915218234317752;0.7145272841933277;0.6761124245309499
0.16770997705295163;0.8568182463714602;0.9908810863094901;0.6532191009927877;0.11342396404247967;0.22458721348116034;0.8553448300577706;0.8464360699041156;0.8039552029177177;0.7292979788101972;0.6903125972008155
0.2042229505164531;0.8513931888544897;0.9917237113844957;0.647306012938404;0.11208503155320826;0.26711642275680314;0.8553448300577706;0.808353603773124;0.8091633827178738;0.7423755950745329;0.7030995232995798
0.11145791788771553;0.8405714772630444;0.9924988534989501;0.6359407956123571;0.10913536180104777;0.16046055220757638;0.8349173583336911;0.73499633161632;0.805847000259903;0.7520346898570526;0.7130715828739858
0.28311571208101405;0.8271650524043515;0.9931272759033734;0.6220186088415953;0.10877304502988694;0.35945293409265966;0.8349173583336911;0.6518469328443727;0.7945464437005457;0.7570257532533199;0.7191439263496011
0.24858531735710113;0.8312835515664503;0.99371212822816;0.6259262231186756;0.10754767250783748;0.31982566744378677;0.8303301366131968;0.6697104955362494;0.7862263138365119;0.7590040445429718;0.7224592147569897
0.2393775974382539;0.8273638765018321;0.994190588498026;0.6217158250200069;0.10613092792268253;0.3095827760310032;0.8303301366131968;0.6448506399675382;0.7761589516411086;0.7581490594424223;0.7231118116218247
0.27319125815718437;0.8144687136080893;0.994526787391588;0.6084519308794659;0.10507206522239465;0.34920656193263694;0.8062758927163522;0.5668213227321577;0.7601731751481109;0.7535944230350999;0.7204069209357362
0.30316692388169264;0.79651773794984;0.9947983404460627;0.5900809290065746;0.106389159256431;0.383559919900907;0.8062758927163522;0.47279096121850595;0.7371053202469368;0.7443652765038637;0.7135419395866262
0.2896125590294034;0.7994432925270543;0.995198577224115;0.5928639039158301;0.10642591505647259;0.36781081964420287;0.7951088748405222;0.4894856860226111;0.7196004677743166;0.7327434959195781;0.70420491573009
0.2824683394313525;0.7894168773255319;0.9954871530073772;0.5825378883873595;0.1052291677095929;0.3599331468637659;0.7951088748405222;0.4393290941128336;0.6999229205728967;0.7186815318512302;0.6923912468298905
0.31677330975047246;0.7656147925128529;0.9954030526211044;0.5583897481073363;0.10465767213490396;0.40001220404288956;0.7680299316217254;0.3380130219142563;0.6716086610785392;0.7005762072218711;0.6768921309204896
0.28582658505147185;0.7695912744624649;0.9954699276270551;0.5623989638193057;0.10313475905968317;0.36457208597725577;0.7680299316217254;0.3633762518177671;0.6512859062758392;0.6811711833059493;0.6597836662629595
0.2496315177998578;0.7837361888260856;0.9954543234590014;0.576780666170589;0.10180079901868067;0.32287218613292196;0.7956679424877078;0.4492740158837215;0.6427400570883998;0.6635779511528969;0.643540402284141
0.21296826139982775;0.8062317152838929;0.9956326568082092;0.5995563211582868;0.09955224447243505;0.28080352823256904;0.7956679424877078;0.5646954848877103;0.6478580199778157;0.6507425817114809;0.6306189710939627
0.17225314582646942;0.8210299088249498;0.996032285631661;0.6144047551010938;0.09669120525090547;0.234005274405996;0.8251981823133927;0.6291319367946453;0.6596229061863187;0.6433229270822881;0.6217984911888272
0.2827515649655794;0.8274490868293238;0.9965231076450474;0.6206949999971131;0.0945617878773728;0.3640095984908209;0.8251981823133927;0.6555047973445032;0.6721071597296412;0.6404100252675676;0.6166297664152388
0.2903870941638199;0.8071406254438038;0.9967685186517423;0.5999406940109222;0.09363012577942298;0.3732925085757072;0.8091285712237846;0.5503444252313828;0.6711233874101384;0.6378415022692987;0.6120778562893483
0.23832561688255385;0.8094981111710742;0.9972625830896602;0.6021018411988812;0.09123011314671658;0.31300570353688306;0.8091285712237846;0.5612520232579974;0.6713776054046289;0.6358482378687311;0.6082884088203081
0.17266931395839472;0.8129917345982336;0.9979207952694624;0.60533961722814;0.08835603804729275;0.23661426165313015;0.8119095743918345;0.5780152819324015;0.6731892703480332;0.6346922861709721;0.6054434265355917
0.13011612246903304;0.8091572698611071;0.9983346097002395;0.6012465033616021;0.0856330850580953;0.18710707479108196;0.8119095743918345;0.556789820755955;0.6723923761073336;0.6335745721988697;0.6029205514493706
0.3015773928222557;0.8168546027778567;0.9985394904002947;0.608971387458033;0.08423824612342212;0.3899319094798675;0.8174715807279345;0.5965056320768759;0.6755534675091177;0.6334457985075594;0.6014099452243475
0.3807765003728173;0.8163149373704095;0.9986424373791545;0.608374094174139;0.08406340409104818;0.4835562837373567;0.8174715807279345;0.5931654626721286;0.6774990587101042;0.6338138670447058;0.6005361659165377
0.3433444889513141;0.8086744113386541;0.9985374638849622;0.6006595049200685;0.08383023658438504;0.43943470076265434;0.8105764130793158;0.5453797487995942;0.6747801092789494;0.6334499805626205;0.5993353777412704
0.27337622177137344;0.8108330729684439;0.9985717119940718;0.6028369121861491;0.08328501435122493;0.3569573713625039;0.8105764130793158;0.5584042414669684;0.6735298644792778;0.6328561486443929;0.5981264283193781
0.25320940771182665;0.8219672224273582;0.9988063824695059;0.6140402022253402;0.07933480737306575;0.3344394727776772;0.827893175074184;0.6232624258756198;0.678108789847601;0.6334897818222935;0.5979933599519733
0.31018976110793206;0.831851620416395;0.9993154431208806;0.6238432012764836;0.07730047127386408;0.40279284584515196;0.827893175074184;0.6754538995722039;0.686553097946858;0.6360413151633428;0.5994949864698793
0.26361939112290256;0.8263981594569261;0.9995126230626754;0.6182076891119239;0.07461628994211478;0.3484160757821213;0.8280938660244557;0.6355595609569676;0.6899590924284376;0.6389072378931597;0.6014492815691352
0.18973220736733196;0.827818331581788;0.9996461704230475;0.6195874866287318;0.07357247897712704;0.260770982575998;0.8280938660244557;0.6436231647138781;0.6929508474118189;0.6419243720064784;0.6037058395052898
0.3112070609859716;0.8237282358621867;0.9999055643855312;0.6153079110379375;0.07316796359092748;0.4056203974810918;0.8191631187373671;0.6117503958566957;0.6927204800498415;0.6442823002710351;0.6056139233855218
0.24063766205991663;0.812792910500753;0.9999999999999991;0.6041504186152297;0.07133897616618201;0.3221354402961346;0.8191631187373671;0.5317062353466094;0.6864110713799487;0.6446409409207244;0.6060877751451232
0.5818781898998306;0.7644218479279692;0.9994980321522862;0.5552332724686855;0.07353673110578862;0.7278848228872279;0.7694204332057515;0.2939714294456187;0.6559568201480153;0.637553942224528;0.6008450882820427
0.3230851930846729;0.7735393529695798;0.9989914033193097;0.5647391642935603;0.07320613049115376;0.4197577085583788;0.7694204332057515;0.3536154143701602;0.6368074010643874;0.6272476797330038;0.5928290357823944
0.3917298144005733;0.7765785213167837;0.9986845888980591;0.5679732842105787;0.07204875955894385;0.5020884054669403;0.7633997046976018;0.3733333930925071;0.6235745852528067;0.615798597894824;0.583557302391483
0.30887189535683524;0.7494532337319288;0.998070960055558;0.5406994566055073;0.07020371247019486;0.4039996484396642;0.7633997046976018;0.2720987726182821;0.5994527381102926;0.6007986910688606;0.5712042832193488
0.35522840116295873;0.7722896014997018;0.9976603880493142;0.5641010764941415;0.06708410593868241;0.4607289359929264;0.7647615361458739;0.40709938266742784;0.5930377091554702;0.5872454897255099;0.5595277358789821
0.2937800204615998;0.7564404805862472;0.9972240792983547;0.5482020875631181;0.06480954683189544;0.3880258333350006;0.7647615361458739;0.34983872463189747;0.5804652367447786;0.5733587462601559;0.5473014306075025
0.35240192593363273;0.7229528218820125;0.9965494523443637;0.5144916743589337;0.0626689078521343;0.45927760426775777;0.7046545965395143;0.2512970101130425;0.5540457391947806;0.5558523782764822;0.5320462574473286
0.4844312657869335;0.686681625813049;0.9957277003772758;0.47802243582897586;0.06309411937437193;0.6176679908875108;0.7046545965395143;0.17155871545404813;0.5156320086273473;0.5325461378354059;0.5119883644126869
0.4624379360372701;0.6856591018831484;0.9945800847448174;0.47752818718216994;0.06389777452702106;0.5908150829238988;0.697802434094525;0.16954716655434407;0.48657627673074055;0.506865858826234;0.4895844153385311
0.3054674088331686;0.7103985002982363;0.9936705846638576;0.5031005756067649;0.0627726573133125;0.40284570227264743;0.697802434094525;0.29916749782541874;0.47857094437922676;0.48438329835476035;0.4691119404333428
0.3122128006381244;0.6811429545260888;0.9924477853125859;0.473951162422401;0.061090961869721294;0.4116242054338092;0.6739202110121987;0.2313416361847375;0.4590901509759048;0.4616803505247493;0.4481736658675972
0.321524562589953;0.6675945124549099;0.9913352283953705;0.4607112254383815;0.06005790214423401;0.42325086235709064;0.6739202110121987;0.2035982284492133;0.43900301381918116;0.43865427832969706;0.4267370845631656
0.2716768685660118;0.6575965006958846;0.990151540790003;0.4511130648861784;0.05975962244334698;0.3633430399820149;0.6629252139508877;0.183810793378387;0.42051476109941155;0.4157568457580303;0.40518267878506786
0.318357060696966;0.6693555258897383;0.9889500198497165;0.4636332288262514;0.05955716316450643;0.41964176184467383;0.6629252139508877;0.2443876106335773;0.41479621243233683;0.39605426312454395;0.38591845769180144
0.3373967527325483;0.6992643508393219;0.9879132546059131;0.494519295324775;0.0591323548137499;0.44275604632256915;0.6993219512894386;0.38095186165424144;0.4285793635058586;0.38362952196191813;0.3722647412879372
0.28521389307947076;0.6998040162467691;0.9867293643490145;0.4956297913110366;0.058049100238845686;0.38029043779568344;0.6993219512894386;0.38325571236595657;0.44222248909347306;0.37699314949764745;0.3633943553380897
0.23122763818805017;0.7083818558809329;0.9857104324401336;0.5048304939773237;0.05693466706939021;0.31554980218483664;0.706561160567095;0.42097040079130965;0.4597775716554622;0.3759346771356042;0.359350060341966
0.2320715346777876;0.7050302496662595;0.98468075999999;0.5019133974769359;0.05516084694233081;0.31714898796714136;0.706561160567095;0.4098289223045939;0.47399822966868593;0.37853115808110765;0.3588056717009035
0.301097643447953;0.7319283097111375;0.9837212049903341;0.5297032179752946;0.054718903803620655;0.40075728076785977;0.7238349173583338;0.5239131841806755;0.5011640166943181;0.3871860156922058;0.36367230661426864
0.23612339385111583;0.7157099440452184;0.9827409795242916;0.5136872334525797;0.052072284614875564;0.3230736476968865;0.7238349173583338;0.4656889183221834;0.5157564112485643;0.3976431694701046;0.3707938209404946
0.2983231892351176;0.7104837106257276;0.9816505116241911;0.5088939740920184;0.04955266444272799;0.39943808130963093;0.7096288650926761;0.44752458224475555;0.526043765288129;0.4084997774187038;0.3790100329708478
0.2530822452270717;0.7090067316158724;0.9806015872883966;0.5078910447764065;0.046147209331000694;0.34570643836454884;0.7096288650926761;0.44218249827326195;0.5347893378770081;0.41930263597832074;0.38784451109068785
0.31473870999439324;0.683926491890817;0.9794468788522783;0.4829523183311496;0.04455044867946234;0.42143767016408773;0.683610716896744;0.3574383104611486;0.5299615589569602;0.4267759690121268;0.39462247358793556
0.39100152016970413;0.6840117022183088;0.978284267006365;0.48359088719796783;0.04458397910765388;0.5143944724061278;0.683610716896744;0.35787044872870954;0.5276319554963745;0.43219056676593787;0.40008282086009217
0.3398590808464397;0.6957991308546596;0.9772558104754205;0.496057748870117;0.044632090904418;0.45202641624795203;0.696669963732278;0.41809543583559494;0.5333673686642173;0.4379109649596495;0.4059158836142386
0.3452114654320345;0.698014599369444;0.9761864183347742;0.49881686283633075;0.04437023102733817;0.4586677460207401;0.696669963732278;0.4293584299523634;0.5403819738586116;0.4441857352520942;0.4122927156357971
0.26229574525886235;0.6896355838327608;0.9749202515553987;0.49090311167864226;0.0436914918386333;0.3578158550897528;0.689559770065511;0.39656832584777035;0.5428132964161734;0.44979424948227564;0.41825222377940535
0.21298560173865796;0.6900900389127163;0.973650031745362;0.49196800247538;0.042818155214972675;0.2979345135691546;0.689559770065511;0.3991697825850826;0.5462164474179318;0.45510506842944765;0.4240226081418573
0.21639586837526806;0.6778481551964095;0.9721477759298187;0.4802408300375405;0.04179127745219824;0.3024255636153161;0.6769162401983975;0.35038263807040937;0.5437444041430668;0.45875516585243703;0.4285046996985554
0.32205055286780304;0.6768256312665097;0.9705954651855793;0.47993871971031277;0.04193514247576191;0.4314584385806559;0.6769162401983975;0.3463611788088965;0.542527744677782;0.4613806531010518;0.4321099985241731
0.2777286468177588;0.6783878206038576;0.9690917908093075;0.48224014615212396;0.04229436826556654;0.3771736455642389;0.6725440444960502;0.35704487485051395;0.5436516926311109;0.46375318528020026;0.4354001028230817
0.2261411387978521;0.667622915897407;0.9674393702076705;0.4720851981911095;0.04193588162347761;0.3142852195990242;0.6725440444960502;0.3117172199459972;0.5401907081024961;0.4648132001842633;0.4375436408462857
0.2768327293115307;0.665407447382623;0.9656677905045177;0.47067490100113973;0.04262792547106398;0.37595302524533974;0.6609899797875545;0.3025991763484228;0.5376198060558712;0.4650387176225129;0.43886974096223375
0.313045136901975;0.6577101144658735;0.9638425081450697;0.4637193398908592;0.04215063763249649;0.42036703061940695;0.6609899797875545;0.2710344837480305;0.5329268386668486;0.4640828197786625;0.4390900210535821
0.258001121341911;0.6903740733376886;0.9623264720252704;0.49763276353786173;0.04082070930630666;0.35361114795997534;0.6848148625983743;0.48913824300974573;0.5475990307009706;0.46687069061762704;0.44204651364272285
0.26366563202644977;0.6799500099412055;0.9605145646670161;0.48789990411364537;0.039362706839568995;0.36107327981324794;0.6848148625983743;0.44005839341998076;0.5548849059853118;0.47086512186127727;0.44593865854456466
0.343072823642974;0.673559235379328;0.9585956572992336;0.4823165396552512;0.03930740515138931;0.4583131305836463;0.6664946458521483;0.41115687394416245;0.5583967015398792;0.4749109806081503;0.44990815883902624
0.1549301473350789;0.6604652483881046;0.9564659923369332;0.4700213228314391;0.03626446839656361;0.22875846970933594;0.6664946458521483;0.3554146382737856;0.5554281658847064;0.47742889378993697;0.45270312568099136
0.302646713716786;0.6570852387309345;0.9542027800142607;0.467661013739862;0.03560911315377213;0.4103269810029817;0.6663656302412582;0.3415941618638454;0.5524642705588819;0.4787255740861599;0.45448920190583164
0.29013854930725347;0.6766836140540233;0.9520299502753913;0.4886088050343505;0.03295019723484849;0.3960233870029067;0.6663656302412582;0.4640374133193763;0.5614788011137796;0.4819456135225383;0.4576958886374284
0.3072419035067945;0.665066606072656;0.9500395069163945;0.4777484198379106;0.02889509847631433;0.41876242762775584;0.6372797775197463;0.4114238771566684;0.5635539325979217;0.4850240982499821;0.46079179602339077
0.3237730265249382;0.6110716618854206;0.947830402553083;0.4239266953344349;0.023279322913814626;0.4416285946209877;0.6372797775197463;0.234780801568188;0.5381463243709372;0.4813349223586711;0.4585384178364139
0.39642904622356323;0.5839463743005653;0.9454306030970399;0.39750089334216193;0.02150053033848609;0.5326720904925814;0.5587809458277788;0.17440522391881244;0.5054593636366577;0.4704690627648883;0.4503158577590366
0.3779558052564347;0.5366546425426764;0.9426350251966769;0.35076952503445835;0.01975721685350873;0.5105882228644865;0.5587809458277788;0.09497937560960032;0.4569619550179138;0.45003366033274533;0.433969108640334
0.33683608177703794;0.5283040304484907;0.9397938507013448;0.3436324090874015;0.0175847945219747;0.46042127785394427;0.5133101105233733;0.08326102557202372;0.416866374761002;0.4239769647772289;0.4122938099092882
0.39674695243545055;0.5022012667935356;0.9368770871841337;0.3184911532667265;0.014313326732520393;0.5367913926958479;0.5133101105233733;0.04931808048825151;0.37458521905076064;0.3928940396616784;0.385660592656506
0.3108140133058199;0.5354901014002897;0.93433745817019;0.3535255601693116;0.010034803778119938;0.43125409196903497;0.52241287862498;0.2100408502009066;0.3619371634159659;0.3649652161545235;0.36048870957910006
0.2864219366846428;0.5130513818274776;0.9316438139910188;0.3320018349834907;0.006119874304571393;0.4022711804265688;0.52241287862498;0.17224200195764774;0.343690520181114;0.33820408362312565;0.33551905441726576
0.31528782072401695;0.5139602919873889;0.9288208781336751;0.334265738168099;0.003360031124838514;0.43981752902461246;0.5321463897131551;0.17642262423447833;0.3333983545957114;0.3143031276484419;0.31227015281392695
0.3323564942458975;0.5538671286959977;0.9261876241113987;0.37606991795106753;0.0010825826224358792;0.46240062606325816;0.5321463897131551;0.34394329703786297;0.34972139406850705;0.2991346729396317;0.29563562384557746
0.4344968700688412;0.4749907688811885;0.922875284801397;0.2974870770864327;0.00044738595370730216;0.5918303176226737;0.4695594833641543;0.2049315080281949;0.32498356666524064;0.2810101200440347;0.2767708987665754
0.5289207951123365;0.4688272218592897;0.9196683242886552;0.29274615785899616;0.0008365136283721153;0.7109468057697764;0.4695594833641543;0.1962322215442626;0.3061436066674613;0.2619487437588702;0.25712850568883233
0.4414676862785899;0.4669241912119748;0.9164798050654346;0.29232608980527747;0.0006216232288593915;0.6005421901391507;0.462592640376152;0.1934158477765057;0.2943532155631776;0.24384482628681536;0.23818038469940828
0.4702699890755865;0.4630897264748488;0.9132831797808878;0.28994711529857764;0.0011667782667725835;0.6366179822601047;0.462592640376152;0.18743008636855804;0.2872166598011851;0.2276337125872005;0.2207282339410258
0.4624668366019872;0.44351975459425663;0.9098052741682716;0.2717110047246582;0.0014453697603247218;0.6265907101368524;0.43342077724738015;0.15732039770830972;0.2756304406449442;0.2118594414940102;0.20369340902233085
0.5453536562104423;0.42869315761070226;0.9062925124919454;0.2583117382177452;0.0013533794673499244;0.7313588770940724;0.43342077724738015;0.135777529027331;0.26315501051880597;0.19621933915159634;0.1868362225953713
0.33515984902344986;0.4473826227738802;0.903041576596503;0.27884773581779526;0.00021462161852525696;0.4663491191803206;0.45331785146002623;0.21691977459201614;0.26754212864724675;0.18476951355599658;0.173408604763649
0.31850734363349453;0.4642542676172354;0.8999130422271078;0.297478321659751;0.0005337318459441853;0.4451477643179891;0.45331785146002623;0.2856315952575019;0.28414599559044385;0.1796299601213187;0.1653090035737808
0.36929141595426773;0.5133354162524495;0.8973588223027731;0.34856806439837534;0.00023699763573525878;0.5094982523289527;0.4897289238664544;0.45373408886415023;0.32687025502069333;0.18586317508839817;0.16689680233506138
0.3344720155831845;0.4704462180816318;0.8946441023641531;0.3062722337325607;0.0;0.4655796955465844;0.4897289238664544;0.3610134735511109;0.3417787480021243;0.1944595519057737;0.17135223669301258
0.4970030114388435;0.507143465788054;0.8920882612275536;0.34477802299386673;0.0013518339766720455;0.6702774226073396;0.5084218523774706;0.4647677597222656;0.3760824858673228;0.20964264372754382;0.1820627108415207
0.3888975590583039;0.513676257562417;0.8894631132666033;0.35266310253451233;0.00253393275973246;0.5330859897886048;0.5084218523774706;0.48208798187004254;0.40951565459109884;0.22988431597869774;0.19795850348147648
0.32934505540238257;0.5400914590848411;0.887083781615412;0.38063630592576825;0.0024487291866923666;0.4579656945345463;0.5308705686721424;0.549809765585095;0.45221789900836484;0.2564171809824584;0.22011248891080548
0.34934424618657045;0.5252080552162925;0.8846402094281993;0.36667168901032277;0.002905791255949808;0.4829878994257606;0.5308705686721424;0.5123030939486233;0.4802342522968307;0.2844270941019551;0.24470643365094724
0.3664765009508285;0.5371943079501236;0.8821958266348551;0.3800128425753108;0.0032336368654628522;0.504439645146309;0.5399446666379966;0.5436714758300162;0.5103884539728234;0.314136284584316;0.2717754678027208
0.31262896877004975;0.5460845854517569;0.8797125347471377;0.3902262883321713;0.0024791686335277063;0.43685381625094044;0.5399446666379966;0.566983150257944;0.5402651070585384;0.3451376939038629;0.30086882693287925
0.3145421861543174;0.5527593944386062;0.8772930780923742;0.3981580314106226;0.0026396308830700654;0.4391972004056407;0.5538496824782473;0.5848038224180259;0.5684325361176834;0.3767590225682518;0.33131186146482844
0.2269734750617027;0.5580708381855883;0.8747514225630999;0.40476231710539023;0.003429443814862543;0.3284112764942975;0.5538496824782473;0.5993980091329596;0.5942313428942585;0.40830277037797724;0.3623916927199261
0.4249596837122197;0.5443519754594259;0.8722744128729092;0.39199700121825487;0.0044698278222592425;0.5775137357240725;0.5257099442365853;0.5545996812449306;0.6079910441124445;0.4368694156384572;0.3915694475743281
0.36218765714682066;0.5107222995427043;0.8697319467375015;0.35902906743929874;0.004122965957880087;0.49859056461908724;0.5257099442365853;0.4566373244202613;0.6018146814388854;0.4582272444140534;0.4150944848876471
0.2780465530296462;0.5366262391001788;0.8673811889524901;0.3864691519378258;0.0038963835854106676;0.3926315601172522;0.5223268682177209;0.5353786162794919;0.611026691445127;0.4775440184849948;0.4368094199784776
0.2858034645996983;0.511744823472605;0.8649149197935619;0.3623551674432053;0.0038116503790988077;0.40244518510247096;0.5223268682177209;0.4676117833795862;0.6057988746990816;0.4917316224621339;0.45406558484041526
0.29480310045258284;0.5238162865339278;0.8624541222260271;0.3757907064320827;0.004193789748088372;0.4136296813702781;0.5304835218394754;0.5042167412055507;0.6085204189876142;0.5037406752504553;0.469075419372586
0.3831463466796141;0.5407163348197805;0.8601005273195534;0.39408223597048686;0.004851295238780029;0.5246312374115463;0.5304835218394754;0.5536839894161738;0.6199483168938585;0.5161149631688816;0.48389481538356555
0.39824978180073634;0.5255488965262587;0.8575876483079918;0.3798618836251766;0.006056576382013068;0.5430163296204239;0.5179403374474982;0.5090257051223998;0.6214029171460111;0.5263665969786772;0.49655129000805204
0.48176663372002293;0.5141307126423724;0.8549860079248903;0.36949372659246255;0.008019483933784599;0.6468991030286005;0.5179403374474982;0.47638153356328417;0.6169754519070461;0.5334958784713558;0.5061776842944751
0.4786164721658661;0.4623228335274234;0.8518911137100025;0.31831508259831004;0.009901085236834861;0.6417906541424188;0.43395117475881273;0.35089783314646816;0.5870009609085548;0.5319415571629568;0.5081015991818222
0.6123856260151324;0.4109410060499332;0.848135575496916;0.2678830552090262;0.014019078746445812;0.806500068519268;0.43395117475881273;0.2581480693525413;0.5375739867494809;0.5187303089416577;0.49955686477493433
0.6279977110752744;0.37251114835118004;0.8442033251468848;0.23069693003952246;0.01919842118047943;0.8220877763573852;0.3944723978268039;0.20245836199640707;0.48020039137965687;0.4942693976994605;0.4804965184656261
0.6320206696838856;0.422529610588803;0.8406459801332575;0.28321544295627804;0.024675908924906453;0.8229549225175189;0.3944723978268039;0.35287071670905557;0.46321794952183504;0.4705886970293717;0.460578392846718
0.7093123399631228;0.47328656233135424;0.8376303226678496;0.3362272423850393;0.03071420819976889;0.9137295715398412;0.4514112874324452;0.4761704429954505;0.4784582959910352;0.4553342932766114;0.44643461269062235
0.610050460385996;0.43457267020762913;0.8342614435800888;0.2984850033010842;0.03596282893333269;0.7875685382235522;0.4514112874324452;0.4075929914304579;0.4722760612540805;0.44163386103440017;0.4329743279476268
0.465489835671389;0.4436901752492406;0.8309103978272487;0.30934134753136455;0.03951792785985497;0.6080705476788986;0.445591249874568;0.4289260037552487;0.4742364073319746;0.4311481753404916;0.42176384128121486
0.4846046691752357;0.4526372596358681;0.8276094070031101;0.320000742768065;0.04354641730062592;0.6291097035072473;0.445591249874568;0.4503868576328216;0.4824653668787242;0.4247521110738549;0.4137644857416047
0.5799476321767327;0.44780867441133854;0.8242052665485717;0.316710049324803;0.04809063026117788;0.7423684410144653;0.44507518743101215;0.44072631286238073;0.4883531518173297;0.421060873544966;0.40806311744734
0.6457426578115336;0.44749623654386905;0.8208035579124369;0.3180075843162014;0.053162124323973936;0.8186247951807125;0.44507518743101215;0.44006331519436315;0.49468646002211103;0.4196413722965294;0.4044321975919012
0.5198749183559047;0.4509898599710285;0.817689411801898;0.3230363742758248;0.05689065418268591;0.6639760160205277;0.4474548086985193;0.45011995546286576;0.5032745192371934;0.42058520466447286;0.40303701918588397
0.4767552757980891;0.44903002243871937;0.8143616709753756;0.32262467679486667;0.060767752732242775;0.6097494979934995;0.4474548086985193;0.4453207346603413;0.5106972904193035;0.4231375518400624;0.40332596159175693
0.4966273040975221;0.42551197205101277;0.8109121365774046;0.3003629942173772;0.06401106571325577;0.6317874455601954;0.41375306412075874;0.38886733047276956;0.5059194936878001;0.42402257799230614;0.40259495268064016
0.5729825960799274;0.4077314170477462;0.8072933881492217;0.2840121867842309;0.06897175481395146;0.7202197007311579;0.41375306412075874;0.34940955667938267;0.4946188586511726;0.4219943674825911;0.3996705510239585
0.5152450478882358;0.4241202033686484;0.8038207514764677;0.3023154543671964;0.07294971342907086;0.6488586191760488;0.4088074657033496;0.40566774705037933;0.49609305823922295;0.4207287481521115;0.39745095574076295
0.4904252429092465;0.39932399806856633;0.7999750333311111;0.27894298716300453;0.0763769398007863;0.6173585593239763;0.4088074657033496;0.349445727564076;0.4861569200513655;0.4173104079250818;0.39352856354194543
0.3397954996040622;0.40230635953077565;0.7958934288011195;0.28391154748414205;0.07792626060802976;0.43769185984512127;0.37827377112630645;0.3601499034072313;0.4818297808769707;0.4135280022152871;0.3892858404328593
0.5815660638008867;0.36063850938733744;0.7914667087101028;0.24366968218955665;0.08216540714776022;0.7219612821418369;0.37827377112630645;0.27415131400058457;0.4587434111834689;0.4049121572412019;0.3809682129820712
0.6654066020450039;0.3509529354957821;0.7871445568102162;0.23587908428627874;0.0872601507659756;0.8175119419594199;0.3621324846973146;0.2563940035813551;0.43784273297073495;0.3929587840108323;0.3696067899123858
0.5718150132653592;0.380009657170449;0.7830400526569727;0.2673557091250974;0.09090670242349752;0.7049559104900371;0.3621324846973146;0.3623708370475256;0.43902560835128723;0.38368249594995735;0.36013352180684577
0.5697399527186761;0.38236714289771934;0.7788656337247817;0.2717333262520207;0.0951630509464283;0.6998896442390148;0.3590074399002279;0.37061497587237013;0.4436223312852496;0.3773744735519629;0.35298473377866824
0.5039911679874225;0.34240349930411584;0.7743104325617223;0.23328430294392077;0.0989818912169429;0.6207760175594321;0.3590074399002279;0.2870636777555676;0.4288486168630021;0.36875088482579543;0.3438904652286827
0.5632315455443999;0.34160820291419336;0.7696488393437404;0.23468930839248991;0.10341099871959458;0.6872727798931172;0.33825026161498917;0.2855257958403645;0.4194213313764339;0.35956937797718147;0.33422114682037746
0.5901032906182987;0.3420342545516517;0.765145922276246;0.2372601325783264;0.1069116694961465;0.716356509206105;0.33825026161498917;0.2872523451460933;0.41492496617493196;0.3511354641423421;0.3250700446608943
0.6451415260654193;0.32348680660095974;0.760351187000956;0.22068832278160033;0.11197288268617034;0.776841227274934;0.3259651084447883;0.24878823485136833;0.4044832748017865;0.3418600783311995;0.315152080705404
0.5153144092435566;0.3358139006447578;0.7557272869681482;0.23541062085211573;0.11542080519392384;0.6248676233517425;0.3259651084447883;0.3015834211905146;0.4055469113850303;0.3346973088242313;0.30693415533579016
0.4639927864190466;0.35907632004999046;0.7512616577827602;0.26117043313576865;0.11839957048798211;0.5642023833142371;0.36250519646210577;0.39402247701276416;0.421295255256411;0.33278025180270393;0.30318880012024546
0.3989318351280584;0.37262476212116935;0.746901610046165;0.2770086151474265;0.12034843423315622;0.488499365126263;0.36250519646210577;0.44372929547328355;0.44332124993431177;0.33657977717566145;0.30457154512581797
0.3777419410775287;0.36734172181668434;0.7425691229180833;0.27369685095204177;0.12228641234833626;0.46334095196840996;0.36702074284321684;0.42846981048379273;0.46022860114917136;0.3437131873953667;0.309297659702519
0.4415081470691937;0.37330644474110297;0.7381120050970909;0.28187441947191416;0.12449592645614627;0.5354194868868923;0.36702074284321684;0.4516936539767007;0.4787779878293018;0.3539112927994814;0.3172188836500507
0.4504384215667574;0.37481182719345574;0.7336883247790729;0.2855044578591686;0.12658791607716835;0.5446327790245533;0.37742800212159056;0.4577928678874752;0.49608512679872185;0.36626036795985006;0.3276094899050134
0.38135451166715795;0.3864572386173202;0.7293108490106244;0.29941702328192943;0.12960928315774667;0.46438504206493214;0.37742800212159056;0.5053808347437462;0.5174911590725587;0.3813226871057797;0.340945102373464
0.35809533718288855;0.380833357002869;0.7250107861278527;0.2957434964017121;0.1307800931393317;0.4373884104282114;0.39610659556473005;0.4842703978941423;0.5328904210507265;0.3971011775399439;0.35554277960740543
0.383799499442219;0.41744539438179906;0.7209283709917296;0.33488746967591587;0.13270449781464277;0.4658674770049853;0.39610659556473005;0.6202269841648712;0.56535647309201;0.4175849999766882;0.3747291096906532
0.44946158247932166;0.4237509586161843;0.7170323952661386;0.3431449915976768;0.13511828547295868;0.5394314573131964;0.4213649851632044;0.6405979999779771;0.5950748092419484;0.4411677814586182;0.3972528368205449
0.45323021611842296;0.42457465844860387;0.7130271903641612;0.34588361209264823;0.1376865550038453;0.5424840541307481;0.4213649851632044;0.6433659139681517;0.619452984592365;0.46593671294522165;0.42149473065561627
0.37121041345147887;0.44542278524157153;0.7091310119870391;0.36891962075725027;0.1397062425392277;0.44868602171003935;0.429664989463725;0.7107577339640957;0.6497754106914098;0.49309385042988696;0.4484029097978368
0.49148878369083326;0.41934842502911396;0.7050964226127485;0.3443379425363065;0.14315436663272196;0.5830776410582886;0.429664989463725;0.5958982223796093;0.6600255838687308;0.5173014427131983;0.4733838181835127
0.43102880230279694;0.4150595052120316;0.7011108749094896;0.3418717024032387;0.14651822788663216;0.5132969697253279;0.41382473946014153;0.5784075004676597;0.6657539065635436;0.5380545197088356;0.4957334926290204
0.3705283601241568;0.4183259010992133;0.6970213669697047;0.3471326554901234;0.14795291360270335;0.4445923846011405;0.41382473946014153;0.5906571934516714;0.6718004059941677;0.5561210248514873;0.5158638115341057
0.37272480304265143;0.39335927514414726;0.6928933552386107;0.3237210293995677;0.14984452699753836;0.4463035130127364;0.3912326724867041;0.48949754065557993;0.6633556297820447;0.5685294888223525;0.5310565067295555
0.29043333506736724;0.39526230579146215;0.6887817582817091;0.3276069956436456;0.15095338296150285;0.3534971492941439;0.3912326724867041;0.49757271791189595;0.6576166899251484;0.5770666860884557;0.5425741013338788
0.2732432791736751;0.39463743005652274;0.684711299586044;0.32890453063504466;0.15193678539954814;0.33389183202460565;0.411473788328387;0.495003595709148;0.6527494492403697;0.5827179351800805;0.5511263368366782
0.3396914575710809;0.43408981168517613;0.681124367448569;0.3706996663508933;0.15298469527459502;0.4080274118277113;0.411473788328387;0.6500475430757088;0.6694472938505208;0.5912819963797836;0.5616327493939032
0.3689272688388331;0.43017013662055836;0.6776266019856996;0.36837707294347977;0.15351896468251436;0.4405799127749065;0.41825427543399396;0.6321854638633462;0.6803117238498284;0.600763858110704;0.5725974318651833
0.32985948545434574;0.411991933422331;0.6742682607776649;0.35149853457248603;0.1533773842973445;0.39686627284554205;0.41825427543399396;0.5528068764510303;0.6790723758080213;0.608049263203223;0.5814344615603052
0.27214505771442776;0.3886727071321041;0.6704584119536827;0.32960996787047003;0.15290587525000832;0.33235439571832964;0.39174873493025997;0.46442768478359897;0.6656925355421552;0.6106379162883612;0.585929716107875
0.3081204806741924;0.40097139773340507;0.6667069267712593;0.34388920286554486;0.15337039599166902;0.37251334989065177;0.39174873493025997;0.5145130839407089;0.6614626996928459;0.6116846653570571;0.5886291500519975
0.40422641858421915;0.38716732467975135;0.6628318241535895;0.33170107164498236;0.15526167341026964;0.4793833615101806;0.36727877406499543;0.46393980572814497;0.6508852366505876;0.6099609353703335;0.5884887700012351
0.4093996196685683;0.35399210384298563;0.6588004772038287;0.2999018430076943;0.15712076430561606;0.48437591105904976;0.36727877406499543;0.3601115177054388;0.6253886358690732;0.6024084398721832;0.5828384343008959
0.37377678359835154;0.32496378561081585;0.654648957894886;0.27237381938843996;0.1587968825437165;0.44391116665557506;0.3119884172651557;0.2871223131169368;0.5906488028609865;0.5879548610542641;0.5705860344811973
0.33770887883149237;0.30664356520010205;0.6503642965286387;0.2557907526145527;0.1602406396181162;0.40313587638080606;0.3119884172651557;0.24698800445664518;0.5546276177254071;0.5676701608068191;0.5524631898029931
0.42212164825700693;0.32533303036328;0.6462895821507759;0.2767178580108396;0.16267189804062032;0.49616989327605454;0.3160165713384657;0.3292189332628549;0.5372455818469442;0.547233674925737;0.5332436405650814
0.3834931534562185;0.31425568778935986;0.642154477616022;0.2674241169093839;0.16412109793001695;0.45260737590103095;0.3160165713384657;0.3025085189744082;0.5191962488862846;0.5265141873832686;0.51298960912374
0.3960417786563549;0.32646916806316906;0.638248571965307;0.28169007444421745;0.16602453768830228;0.4657720753148189;0.3089923880789578;0.3557243107574235;0.5129331712975241;0.5084221135675586;0.49434219067383267
0.4236244776222927;0.2992018632658282;0.634005454163364;0.25599511004609166;0.16785722085162602;0.49559339421988235;0.3089923880789578;0.28875054322288773;0.4954590150104454;0.48971742364664994;0.47476766487515476
0.3903541475200425;0.28980032379924436;0.6296804651420098;0.24849449957156095;0.17093288169168086;0.45747409285770213;0.2783153428231486;0.267609089619101;0.4786845608009427;0.47069206024245214;0.4545737825419176
0.507436115301693;0.27508734058567885;0.6253423037710002;0.23560256674473334;0.1735812479568446;0.5856382113985298;0.2783153428231486;0.2356126898129365;0.45988930794317906;0.45092086052451935;0.4334536520838582
0.48767968926112815;0.2661686596415489;0.6209326064087728;0.22863286225289214;0.1758810052812103;0.5627294834257528;0.2506343267535369;0.21684644912033837;0.4427360830002802;0.430950577234424;0.4119049421421995
0.48918251862641393;0.24387195728122224;0.6163820662309778;0.20813506140440446;0.17794416814132252;0.5633969761613031;0.2506343267535369;0.1730754186158037;0.4201127643773157;0.40949654910707023;0.38886605210320324
0.45183720889906187;0.2349816797795894;0.6115476112551841;0.2013958844106643;0.17986440671132686;0.5214488037484482;0.23171203715649646;0.15679355605429782;0.40042839676831965;0.3875671355737486;0.36518009691588904
0.34231562884738764;0.23756639304683747;0.6067682774964185;0.20629161112743466;0.18130130987054516;0.4006030604639864;0.23171203715649646;0.17096627384886284;0.38923407613288646;0.3673131153031091;0.3427287546898408
0.5599484413925448;0.23708353452438446;0.6021269494317538;0.2080044997120329;0.1849994002824218;0.6374985501158518;0.23485141702145995;0.16996119499696535;0.3832249691173636;0.34965490939461213;0.32243232034032365
0.5302906818799239;0.24168489220893585;0.5974232046948682;0.21491368592494858;0.18806310036853247;0.6034881860657952;0.23485141702145995;0.19809323737511406;0.38398890969246136;0.33571331818537475;0.30541092988589674
0.5787858294751079;0.23205612520237429;0.5927178387457159;0.20736275580037317;0.19148925161629782;0.6545985207746204;0.23979701543886822;0.17519104370166025;0.38265579558390395;0.32423725727608577;0.2907612003959301
0.47710208257469355;0.2565114891924902;0.5883087493380881;0.23430801437121457;0.1943700462404092;0.5424988677736798;0.23979701543886822;0.31784058046544295;0.3974071397640897;0.3186281628325532;0.2815271979865993
0.4343119064546521;0.28318232169738966;0.584269701630066;0.2633289825597672;0.19539907425108383;0.4955424423177943;0.25180980231941374;0.4450993402465707;0.4257434577657708;0.32100198169570987;0.2797993525783957
0.44901651378267926;0.22918737751015428;0.5799410648811172;0.21051355484370354;0.197127671976995;0.5107662258689857;0.25180980231941374;0.2956426928805287;0.4224813429622945;0.3221111784261045;0.2778382871936402
0.5282156213332408;0.24276422302383072;0.5755469716869452;0.22639676476400622;0.20024002142184494;0.595158834221183;0.22762654281168038;0.3521462551459219;0.42961434718138525;0.3247256555945837;0.2778522724297685
0.3914061280757426;0.22168886869088533;0.5708825413474967;0.2071941897833986;0.20202042668309805;0.4463627392963777;0.22762654281168038;0.30181013077677354;0.4268029256627588;0.3261365056800787;0.2774385408974115
0.4467911702994677;0.20941858153208148;0.5661715011554165;0.19696159754401582;0.20469036262250961;0.5051017428567932;0.2061812812683672;0.2744458689453413;0.4208079929535523;0.32581362809215253;0.27596231185530823
0.2633072650239585;0.2125429602067772;0.5613386673918876;0.20243114145555952;0.20505792062292705;0.30699375778637755;0.2061812812683672;0.28862548370542207;0.42038721102092025;0.32545344176963037;0.2747390506517478
0.38943510956204086;0.19757434601073642;0.5562792692142517;0.18962185600805986;0.20703587990999872;0.4423101798850675;0.17619231927063206;0.25387373085834575;0.41493617969293384;0.32384543031401825;0.27264830727244854
0.49792782950978864;0.16496719402391546;0.5509434543453446;0.15901923442164184;0.21041398655624688;0.5576230247788032;0.17619231927063206;0.18808474808786516;0.39644009645159817;0.318080550323709;0.2670196267005935
0.5650985220251203;0.16110432584429235;0.545454637568878;0.15769966654332046;0.21546619558318914;0.6272216116033941;0.12683668057168251;0.18095050015172484;0.38287164981606414;0.3101833079375942;0.25939062277211394
0.5471454912228985;0.046183997500496954;0.5392680915636365;0.043852949626277504;0.22011321727146305;0.6056929543104175;0.06883699594317516;0.03540531574204439;0.3156060737402777;0.28757844848586817;0.2385607636287872
0.8700457206933823;0.0;0.5327808106831391;0.0;0.22863283542775314;0.9440793927464275;0.0;0.0;0.2427563760047292;0.251855407719916;0.20518176613626166
0.6589617761131052;0.013434828301190027;0.5263348707154138;0.016713051185378358;0.23464674282799947;0.716712697659252;0.0;0.05164211958537998;0.19734354086391714;0.21228113049280062;0.16689443981991348
0.7445479084661314;0.05774419859687008;0.520256743280429;0.06462669073543015;0.2416981448400266;0.8027056937654309;0.08050574119468479;0.20595634633581325;0.1899887017302821;0.1788408758688897;0.13256450420629423
0.6632217193523962;0.12230522339307504;0.5145583848186428;0.13294008959784065;0.24775801378913664;0.7138062663761016;0.08767327513295786;0.3835952429041174;0.22305922976327608;0.16009606449481378;0.11035303305504307
0.6811920904934482;0.1351719828443203;0.5090632858446478;0.1486244262549643;0.25447310359054454;0.7287888656841516;0.15248211700282477;0.41444130721133277;0.2605615911010023;0.15418069091887904;0.09954174706078173
0.541868248105568;0.18039026329991215;0.5039457266769851;0.1970056633178604;0.259356854133566;0.5813488984910473;0.15248211700282477;0.5144715022392095;0.3179206937406035;0.16333679558740127;0.10284868960333976
0.6160964585247996;0.22433038884312761;0.49915727359922624;0.24393176770910063;0.2655998973256628;0.6552151622733466;0.1987700511761923;0.5974632793082381;0.3895191976791283;0.18799788001277418;0.12140225520186959
0.5796008254001284;0.18294657312466267;0.4940206651874446;0.2043155786750126;0.27116077437146413;0.6147833498977435;0.1987700511761923;0.5169561509407128;0.4271183053147414;0.2168306483317317;0.14567065082724256
0.6461877265081759;0.13406424858692878;0.4886510075124946;0.1571899275262333;0.277681804299891;0.6799297598953031;0.11928209980074289;0.4346432248184334;0.43375453274851206;0.2415036978268938;0.16806131882725095
0.5829070500037571;0.11571562473371788;0.48302398239039146;0.1412153147999229;0.2837811168589177;0.6121159430146031;0.11928209980074289;0.4062844834614828;0.4319236976602032;0.2607988359184349;0.18693069367848125
0.5124127925459664;0.10503593035475856;0.47737912393336757;0.13304246074057002;0.2888408517535104;0.5379666975101091;0.08658380997434012;0.3897065461494167;0.4274652463211488;0.27515541814832234;0.20214809238823744
0.6324194974769807;0.07995569062970409;0.4717675003277879;0.11021975736114853;0.2946937593422394;0.6571392698622933;0.08658380997434012;0.35138485898361527;0.4135155009795696;0.2832630213901295;0.21210532215448424
0.6543087851936626;0.11756184849603724;0.46639237106144105;0.15098771796442234;0.30119160691049385;0.6759719696234022;0.14088504709069838;0.4370286834145062;0.4248643219815742;0.2924970027198514;0.2230728987826317
0.6233505002687753;0.1804754736274039;0.46171091799320507;0.21714420303199444;0.30661540565266576;0.642059689929507;0.1463897131552927;0.5576936330675373;0.46905597709429747;0.31058434714086575;0.24212681426300575
0.6766893825105342;0.14011418183883873;0.45675851982509386;0.178479661528674;0.31315014341145564;0.6922790753573955;0.1607964563712212;0.48794478372502526;0.4848074480588882;0.32886813842720264;0.2618422485474998
0.5995075343772217;0.19192206095378772;0.4519749303841314;0.23339879698513066;0.31891925852732883;0.612300466244503;0.1607964563712212;0.5760417363180335;0.5259941162962114;0.3534677310358774;0.28771920624098085
0.6448409601923621;0.18013463231743643;0.44709832388943305;0.2237354999069609;0.3256088141349234;0.6542138193210183;0.1603377341991714;0.5550574507844801;0.5535911611414206;0.3798294987642372;0.31585285934748597
0.5742195402498165;0.15099270031527823;0.44193759994520043;0.1965711632421403;0.3311889090213316;0.5816081119331251;0.1603377341991714;0.5041563373366063;0.5612080777196353;0.40276320280187117;0.341458097176331
0.7158727681538897;0.15670179225722158;0.43694852184958144;0.2047415157510129;0.33797179882683803;0.7181503545040856;0.15962098080534348;0.5148363032170251;0.5711950286457275;0.4235283141219176;0.3653815057790947
0.7329992428052043;0.17300536825063162;0.4319505270865047;0.22368239006599577;0.34453959664709166;0.7314845289535613;0.15962098080534348;0.5459517159093156;0.5884305927741408;0.4443136635438649;0.3894419183082658
0.711416301074523;0.1686880449910526;0.4269304433063068;0.22167845570437172;0.3519767665714397;0.706451519884557;0.19064206769019032;0.5372313159713813;0.6004329372369346;0.46384807995465716;0.4124297155888164
0.5978313016236337;0.22248416508080737;0.4222980319091043;0.27854629898492755;0.3570774905666272;0.5933231371137362;0.19064206769019032;0.6366521891396935;0.6383978012891187;0.4886680747437107;0.4402512932255713
0.6662389383088545;0.26827051438634353;0.41796331561415734;0.3271331442546024;0.3632917741930608;0.656868285936083;0.25411774824753763;0.7073920060330978;0.6921086421426016;0.5215291176789255;0.4756927683051859
0.7101446762269734;0.24867213906325425;0.41335968073466756;0.309402635518129;0.37032463031694984;0.6958477078990223;0.25411774824753763;0.6632273055798722;0.7235659708624909;0.5554347391647868;0.512656256145043
0.6215355448045454;0.26315789473684204;0.40881461214826853;0.32628117388912403;0.3760516140130312;0.6078128472420742;0.23787611634341133;0.6861128983897262;0.7549419813182858;0.590156333837491;0.5508479356251849
0.505233892270255;0.22160365836339402;0.40401359467545106;0.2863324710681255;0.38112599747144293;0.4941456964162614;0.23787611634341133;0.5940540663324237;0.7567748158641195;0.6183773952104273;0.5834449242946127
0.551087528250302;0.22606299883545855;0.39934977229060387;0.2930783830054659;0.3856390990326908;0.5362689574676901;0.2082311959747125;0.6021137380638901;0.7593519483638571;0.6415782473781696;0.611377632728783
0.6121717618362262;0.19996023518050343;0.3945258551945354;0.2688425922451542;0.3908347699117156;0.5923630791632815;0.2082311959747125;0.5459350198517138;0.7466008602139256;0.6570514983557101;0.6318774355988843
0.5772772199968788;0.13403584514443123;0.3890972259234262;0.2044265128174631;0.3953995446178118;0.557269547639944;0.15751372582749212;0.42548402022735965;0.7012919728867759;0.6584594234872618;0.6387649184961826
0.6689613715051992;0.19524526372596318;0.3841194963136667;0.26899181935264793;0.40153111089533966;0.641473978505053;0.16129818374689986;0.5423999488448611;0.6970579000331663;0.6585605642839866;0.6432013586122285
0.5639540596623258;0.2350384866645836;0.3793991341510585;0.3116714455902181;0.40623531573870597;0.540306883378245;0.23489442222508927;0.6072039384279909;0.7139239992724062;0.6627252784701995;0.6502731827198608
0.5015635205511916;0.24381515039622803;0.3748098875304242;0.3227692856553205;0.41004575660336084;0.48011727093693457;0.23489442222508927;0.6209948993946577;0.7310112116379713;0.6701943896589228;0.6596658776834083
0.6468582196096112;0.19087113358138996;0.3697829135980992;0.27135337921946606;0.4156321678429755;0.6143227648322488;0.21488266746943108;0.5230166773690511;0.716002988125587;0.6725357259362142;0.6639140499326173
0.6999832376724641;0.2917317578890559;0.36557728632979636;0.37584631782352673;0.4219593394841623;0.6611557549021789;0.2586906349001561;0.6707453540263077;0.7559463644487403;0.6840803153125943;0.6760130720547057
0.7160114908645314;0.32587269577072764;0.3617346079574357;0.41236529872265026;0.4284517442374196;0.6730436330035134;0.3113146690749584;0.7114972697597569;0.8038160489524486;0.7049067102492381;0.6965757673985069
0.6466501355436485;0.30439969324282146;0.35789638791880574;0.392366364768009;0.43412107441168035;0.6061006271146085;0.3113146690749584;0.671706864098059;0.8284497800721142;0.7275324104140888;0.7191771260073011
0.7068326715104013;0.3352458317948135;0.3542612247164332;0.4254385939592943;0.4400495766531458;0.65913254895445;0.33856563310827337;0.710044619425363;0.8617862936468399;0.7537047661543115;0.7454189433353527
0.664285260133983;0.34902150140597055;0.35081270357612926;0.44107492008989413;0.4451239601115575;0.6176420007724073;0.33856563310827337;0.7268588436713079;0.8926904341874136;0.7821254940059035;0.7741840338111774
0.6221829174542071;0.33473456982986294;0.34705230172624546;0.4283416432916012;0.44969068347981334;0.5770233386022624;0.33359136455511074;0.69716369581466;0.9067535932761944;0.8082671997869032;0.8013200460405009
0.536585224875294;0.33967676882438136;0.3434333506465279;0.435082167274062;0.45397599315414827;0.49691817410471917;0.33359136455511074;0.7040127241834836;0.9174546526731097;0.8317716201335622;0.8262812707185887
0.5624454501840966;0.32311756184849605;0.33963748477833633;0.4200566043145581;0.45831828439783484;0.5189818139699838;0.32818704396565357;0.6670134017713669;0.9142261564403952;0.8497934381410901;0.8462779055607428
0.522678273133457;0.34058567898429315;0.33629495038989;0.4393949365154595;0.46156361323625417;0.4815440105224985;0.32818704396565357;0.6941160237939915;0.9178037199141532;0.8650771307357975;0.8635326508925204
0.5138809412335917;0.3886727071321041;0.3335157872637149;0.4895812346768;0.4643282272785152;0.47258375202460723;0.39405668085838386;0.7623243239039293;0.9425844078650556;0.8833042517973949;0.8831141719353903
0.44917835694509467;0.40554435197545935;0.3307568892908588;0.5080363271312196;0.46690583694871757;0.41293468075564954;0.39405668085838386;0.7842487243575733;0.9674733533960174;0.9039123281234217;0.9046760817877709
0.49615333483616264;0.39923878774107413;0.3278093227406016;0.5030279344293583;0.4691646723677354;0.45486006287888003;0.3762381914878361;0.7677696839070711;0.9801191461992493;0.9234607246978153;0.9252040496467941
0.5886698226083338;0.35967279234243144;0.32445381865403267;0.46441342393564244;0.47345159472799536;0.5371596172682641;0.3762381914878361;0.6690349856191866;0.9657444022885036;0.9356188741856071;0.9389073462420366
0.6359627067112891;0.35992842332490715;0.3210638638068204;0.46628265942525515;0.47831679938287874;0.5779922415381565;0.37145027881707016;0.6694666450263429;0.9510573579915589;0.9417892084720033;0.9467457279377662
0.601813799441641;0.38949640696452414;0.3179732252741303;0.49779748101563737;0.48206098573411293;0.5457563402017388;0.37145027881707016;0.7189661322936783;0.9515255492221759;0.9468388394029961;0.9529294258816559
0.6094493286398817;0.44584883687902943;0.3152228386656697;0.5563695536675894;0.48702543776863405;0.5507238793988997;0.4484439283820003;0.7995321931549393;0.9777810474517947;0.9572358080779136;0.9633439245393748
0.5148982411116313;0.45613088306302707;0.3125366925932269;0.5680936472740695;0.4908043640625037;0.4646172156288857;0.4484439283820003;0.8127968741370712;1.0;0.9709332750452053;0.9764712812196701
0.5786008658609189;0.42863635072570805;0.30970038173469305;0.5414998565457004;0.4956705766460905;0.5198898649011792;0.4170644648002404;0.7383878262888603;0.9991721237411826;0.9816907943053268;0.9868907044055352
0.5349436727993665;0.4111682335899114;0.30675788147276517;0.5251454892137953;0.4993060410878776;0.4796799912483367;0.4170644648002404;0.6932985378417303;0.9855074055103092;0.9869881610043154;0.9922342630759917
0.5768726120908403;0.43284006021529775;0.30381679977157017;0.5485651010231911;0.5033702783999872;0.5155761579928433;0.4339368396909351;0.7286258424159686;0.9822806316296613;0.9904447531281342;0.9955437207374292
0.5033784760154213;0.44039537591956135;0.3009016574666248;0.5576269676378257;0.5072501319546661;0.4490183803494858;0.4339368396909351;0.7408459587535595;0.9799326800117605;0.9926415155005477;0.997337563028962
0.5495789187720728;0.4481779191638027;0.2978975511386066;0.5669619843222056;0.5116648596744859;0.48847952239017156;0.44583494602846896;0.7538022728364149;0.9784181033558645;0.9940321997907705;0.9980479477143283
0.4712468281630223;0.4486323742437581;0.2949323539049624;0.5688316046657375;0.5152761338273977;0.4181180509588073;0.44583494602846896;0.7545969281048154;0.9737655805358044;0.9940182283030115;0.9971900740754431
0.600704017756507;0.4770642201834865;0.292043150996264;0.5990962282968845;0.5204274558434834;0.5304969530142762;0.4836938602904284;0.8032685425596249;0.981246384590543;0.9958183839380128;0.9976264612146418
0.6202061188275618;0.49475956485926087;0.28921433824445675;0.6184215716779842;0.5257289592363394;0.5456838833299312;0.4836938602904284;0.831285415901378;0.9925687439315056;0.9999999999999998;1.0
0.6195009450484662;0.4240065895986591;0.28594232658956287;0.5480747009155861;0.5309758328934846;0.5431261041715109;0.4161756905918952;0.6227248668396312;0.9608085304296089;0.995655167987253;0.9948456856730037
0.5772194188674447;0.4140369812821314;0.2826743679653321;0.5394949600492762;0.5351090797241367;0.5047190076873432;0.4161756905918952;0.598018088492806;0.9272429636756603;0.9840520459466933;0.9829618979200858
0.4422826822036102;0.41466185701707037;0.2793936422945089;0.541687569045198;0.5376936777000143;0.38628071666845987;0.41735116615777157;0.5993804498114795;0.8981510200406652;0.9677254936819363;0.9663747579252898
0.6729091886455462;0.42571079614849294;0.27619235602469683;0.5544355665059318;0.5431139822893487;0.5850648364571952;0.41735116615777157;0.6243464660243885;0.8783125827079565;0.9498607558182839;0.9478195680539518
0.5035634396296104;0.39679609168631247;0.27283644663506035;0.5266452649401736;0.5460570669073155;0.43710767713777476;0.38760590031393827;0.5459504357573985;0.8451825004193526;0.927547153284707;0.9248465438551459
0.5052454524961417;0.3846394182974975;0.2692801148791011;0.5159799044677106;0.5484703841989034;0.4378307465075717;0.38760590031393827;0.5149864957785014;0.8107248136665524;0.9013530051277079;0.8979116999934285
0.45644973902790065;0.3880478313971656;0.26595237405257866;0.5210235113032553;0.5507129583681769;0.3949601038425504;0.381613841941542;0.5242798104835257;0.7837082588246111;0.8738561474505444;0.8692505577567629
0.39487419584178673;0.38151503962280264;0.26263821087877925;0.5159582564347094;0.5528048807939523;0.3412017627010764;0.381613841941542;0.5061854171704453;0.7576634564506302;0.8455524133278661;0.8393941126364554
0.4270809851624501;0.3786746953730793;0.2594012579391265;0.5146086699506245;0.5554069495340179;0.3683289400571672;0.38061038719018336;0.4980073499892227;0.7345956333813487;0.817323996331826;0.8092092679696106
0.34695705954094336;0.3888999346720823;0.2560968220389217;0.5265685827966056;0.5566753270140685;0.2989557764526597;0.38061038719018336;0.5309346959862478;0.7209127814519305;0.7914282232995439;0.7807695946714387
0.42852601339830176;0.39631323316385947;0.25321896761608187;0.5354684259109053;0.5590725174464057;0.36860976023253866;0.38822230823262904;0.5548172863738231;0.7132774958182373;0.768862867305276;0.7551283557279719
0.0;0.3863436248473313;0.2502813309909504;0.5267318570721808;0.5566095428673759;0.0;0.38822230823262904;0.5208505103672085;0.7014340923184315;0.7479429301339384;0.7310252054213402
0.5412728964723971;0.36410372937199975;0.24704133827830077;0.5056695717364812;0.5608666977332692;0.46505576104518576;0.3735145285912931;0.45010604547703703;0.6800522851778361;0.7260297870293314;0.7062672629965913
0.5663932673244435;0.38941119663703283;0.24400136262890815;0.5328307333564629;0.5650000789544152;0.4852887174051246;0.3735145285912931;0.5376184845046749;0.6761496365341984;0.7075543212353653;0.6846312194919576
0.5536943591877785;0.34811259124605876;0.24097922031443808;0.49229724500396943;0.5683027925336674;0.4733364758922193;0.37053283447297103;0.419395533832841;0.6513732563936997;0.6867748246677992;0.6613161140911968
0.5671793626847469;0.3994944187235494;0.23839784508465645;0.5457378679131311;0.5730314564468966;0.48333457940773705;0.37053283447297103;0.56929192323968;0.6586877456630801;0.6719222903123755;0.6432864515164223
0.5491858710919211;0.42590962024597356;0.2359092842570769;0.573762930370111;0.5776725649534455;0.466506554351385;0.41831161570550046;0.6321782088956082;0.6780870692420389;0.6647374359297903;0.6322960445506981
0.5404463403214899;0.41636606356690464;0.23335486168120845;0.5652773825007305;0.5820801699770966;0.45769737632618035;0.41831161570550046;0.6040894430822495;0.688047061099194;0.6614011728936162;0.625338923025108
0.4451264977717665;0.41542874996449575;0.23076051675330245;0.565556594019716;0.5845934066007905;0.3760791328038759;0.42172336186011794;0.6012248989640708;0.6949704060201864;0.6604085172821367;0.6211779502845367
0.5919413665343021;0.43360695316272313;0.22816617182539645;0.5852613071524906;0.5886607348942567;0.49924066981362636;0.42172336186011794;0.6477296928793479;0.7093693375940432;0.6631008171421026;0.6209444544370699
0.5245279092753472;0.4396284829721364;0.2255999954606045;0.5925988357784066;0.5925603438515172;0.44103134424633483;0.4316575638985647;0.6628517106205825;0.7231437479883621;0.6685898655868772;0.6239094879109635
0.3412752085175744;0.4290908058056635;0.22307252553865187;0.5830902499760904;0.5936644961482003;0.2860750091663233;0.4316575638985647;0.6252595384813476;0.7276666826414676;0.6740762459803465;0.627647791864369
0.4990029305172623;0.4552787797881104;0.22082998367236595;0.6107675969163187;0.5960782166112699;0.4184748317178605;0.4607720867558309;0.6932169950991552;0.7439747243106608;0.6824140289363658;0.6344715678486431
0.584213355528967;0.4711279007015654;0.2187337562130418;0.6278689657070142;0.5998246876008977;0.4890607478559539;0.4607720867558309;0.730573418675022;0.763957547145095;0.6939227115253366;0.6446608885213927
0.4758998190824648;0.4844775186752637;0.2168355193016449;0.6423362980555063;0.6022083717886133;0.39733097836709413;0.4833641537292679;0.7606779734456173;0.7852928486597903;0.7082955905211709;0.6579651217999292
0.398116839203038;0.4866929871900476;0.21496707216562871;0.645474781773395;0.6049062609507254;0.3313754908649553;0.4833641537292679;0.7657249446708276;0.8016586429578979;0.7237565560474302;0.6728487636327696
0.3859901622477703;0.4808418780356183;0.21303418184205647;0.6404464728811724;0.6054938161894179;0.3210723126172969;0.4729712295187718;0.7397493610211319;0.8097525429366138;0.7380851106800992;0.6873128349662752
0.3755686186108076;0.4697361320192006;0.2110599506057147;0.6300979433983788;0.6076516571523796;0.3118525108351685;0.4729712295187718;0.6906480090248296;0.8085427361326489;0.7492550229366005;0.699441781184702
0.3809903645517233;0.4872610560399919;0.20923487089780046;0.6487735571489787;0.6078113802542064;0.31635554234357244;0.4865465387978607;0.73865050132989;0.8149357837798262;0.7597389062734969;0.7111238413069656
0.3562919419445456;0.4902150140597037;0.20749044650009552;0.6526036233611711;0.6079301814506848;0.29565368035276784;0.4865465387978607;0.7465616561825721;0.8196406383785209;0.7692652029966621;0.7220434958561358
0.3049703191200356;0.486494163092567;0.20566435353451507;0.6496894132651833;0.6093991367426632;0.25241200216224186;0.47742943562837725;0.7281300823473739;0.8195005675695938;0.7768523249227635;0.731281199516221
0.37903668637685173;0.47291731757889055;0.2038812226939708;0.6367389826425108;0.6101218216228257;0.31419930006919655;0.47742943562837725;0.6619625202007229;0.8104444167710347;0.7807292497227147;0.737216484439522
0.3514135266203101;0.4637430056522849;0.20196454449305623;0.6283258835235751;0.6114578647164814;0.2908208479543278;0.46908642612422735;0.6192696157548654;0.7967937704966879;0.7805255481071972;0.7393750498027384
0.39020964469645736;0.479137671485784;0.20020208410889762;0.6448069640086529;0.6136407023112813;0.32273201529137774;0.46908642612422735;0.6731633098501857;0.7924665969348389;0.7793148449603515;0.7402437513199501
0.49333841983272353;0.4368733490499044;0.19821913885662745;0.6027987154345849;0.6162853056426201;0.4080556218374092;0.4097679152510785;0.5009823844175394;0.7655302150946172;0.7718241556417278;0.7353427673995774
0.44935754044634035;0.3884738830346235;0.1958576405403578;0.5547355601365992;0.6191701319815439;0.3706723962449378;0.4097679152510785;0.36168906415209123;0.7179988270191934;0.7543227927250179;0.7212887349537557
0.393273104556463;0.3794699917630018;0.19334192440732867;0.5467800523285876;0.6215360094288371;0.32347404186609846;0.38007998967875123;0.3399128716376919;0.6753458363575959;0.729994101038461;0.7004772891423726
0.44836336102007435;0.3870537109097625;0.19098407381865723;0.5556061959171997;0.624953089318274;0.3683770033067004;0.38007998967875123;0.3707443117972625;0.6456209912972173;0.7033338481492022;0.6766177148575547
0.3467547555879241;0.39361490612662253;0.1886414220949737;0.5633860179107165;0.6274152575543415;0.2836104769641969;0.39723906592697755;0.39773652608780186;0.6258324121837113;0.6772142219948163;0.6522529812404797
0.3765223372464698;0.4069077172153266;0.1863295734043362;0.5779919938839012;0.6294577242784154;0.3078134490985993;0.39723906592697755;0.4514987232761949;0.6175523385799625;0.6543136604969804;0.629869811015344
0.39166623315819593;0.38881472434459097;0.18375954666041316;0.5608257772076806;0.6307356434835225;0.3200516490562273;0.39792714918505157;0.3964538423289149;0.6020732228924051;0.6322452411413713;0.6077282369048482
0.32061708485783813;0.41307126423722584;0.1815415256296422;0.5865287273246477;0.632123225331533;0.26105338792250576;0.39792714918505157;0.4903119222561273;0.603137712397291;0.6148482513174013;0.5892283237237342
0.4949163906662736;0.4230976794387482;0.17944570347338473;0.5977127746678375;0.6355482342601013;0.4040907214655494;0.40004873923078055;0.5260837086366398;0.6097567174315736;0.6025333242254199;0.5750021703222401
0.42200604599813885;0.3829920186326583;0.17694255173541684;0.5581451734411531;0.6387817367350701;0.3432120775904248;0.40004873923078055;0.40456333148694446;0.5946003416308816;0.5890115576509142;0.559953776296391
0.4683683319172056;0.3699548385264295;0.17418405906562562;0.5462062351338144;0.6425381526212361;0.38039876419846413;0.3741882767814908;0.37073671828084565;0.5766226891314732;0.5738412015987842;0.5436303432114314
0.43965851092730357;0.3848950492799723;0.1714065171517163;0.5627074242362132;0.6464639677247792;0.3558624989459572;0.3741882767814908;0.427772654543224;0.5711783196940932;0.5603866674081693;0.5288074279404599
0.31146716606842495;0.38492345272246986;0.16866808698371116;0.5640364210355763;0.6479477059710705;0.2505298183286502;0.3918490804053958;0.4278822309017406;0.567866405390347;0.5488211237043392;0.5157129952357016
0.4642760119532736;0.40491947624051994;0.16596917386467958;0.5856380791402049;0.6529127627628131;0.37440307354591257;0.3918490804053958;0.5037073814141928;0.5766393916058958;0.5416928986244707;0.5065895988595726
0.4482130780835457;0.38625841451983955;0.16316528725145485;0.5680056119398613;0.6576980722691601;0.36011374429885107;0.3788328387734916;0.4444305748454844;0.5746919754364409;0.5355187891893659;0.4986495248810615
0.41934141393122826;0.37779418865566505;0.1601834725920881;0.5608198119719199;0.6617103676554337;0.3356699054720059;0.3788328387734916;0.4188157027916737;0.5696664934712907;0.5293626778374019;0.4910799236001551
0.48047188842069977;0.35615076547277535;0.15701623177985358;0.5403291309209529;0.6663246652584782;0.38417165822813076;0.37037514872632915;0.3573556291108625;0.5554379523139845;0.5209926211689677;0.48192062818684267
0.4068968307640731;0.39114380662936377;0.15401881295243225;0.5773127267150386;0.670130268065358;0.3236696901108241;0.37037514872632915;0.4901143868865049;0.5635930539186531;0.516271176842529;0.47601518908066054
0.3903483674070991;0.3797824296304717;0.1510710437506413;0.5671666303941847;0.6734104040416597;0.30957392701053676;0.37716997089981197;0.45613729621795784;0.5651035915161157;0.5128597690087687;0.47151439680489826
0.4841133595750461;0.380975374215355;0.14802843363131846;0.5698234694311487;0.6772998665166421;0.3843138962681786;0.37716997089981197;0.46059026503863787;0.567915074925641;0.5108113893767399;0.46847358784499116
0.431895819244308;0.35859346152753746;0.14477060758374716;0.548625330661677;0.6805423731546925;0.34147576004399655;0.36879829125990904;0.3936807935136768;0.5594627999582705;0.5071261298484991;0.46434093315713837
0.3527545128231805;0.38557673189990593;0.14174805996620865;0.5774811965185342;0.6824750428453694;0.2774180420359554;0.36879829125990904;0.49441403703486964;0.5679352184804244;0.5062293554228984;0.46276294299132825
0.3349691052963175;0.3808049535603715;0.13857555021410928;0.574138259155627;0.6846983319787892;0.26270272761775054;0.34895855731876857;0.4793159569944969;0.5730692526571037;0.5067550435165592;0.4626685258910819
0.4255781557971643;0.3240548754509045;0.13503178285320772;0.5181503843632305;0.6877725817186597;0.33474698851536155;0.34895855731876857;0.3297604082432153;0.5485180430898617;0.5012309907827528;0.45768096893743804
0.3436219343725976;0.32902547788792;0.13140533366676177;0.5249233322884548;0.6896863023497168;0.26869237812085245;0.33673074442007467;0.3485792278900044;0.5330628963776761;0.4930695820647634;0.4503786904071033
0.3399746831053079;0.3516062146732182;0.12780462122503167;0.549579768383365;0.6917891104054863;0.26537342039171297;0.33673074442007467;0.43101666393276505;0.53406175479313;0.4867823094448516;0.4445027233110539
0.570520267966036;0.3823103360127247;0.12441912471155003;0.582389142347266;0.6964718799650986;0.44841938337926346;0.4007654926246076;0.528812749099116;0.5521619661758872;0.48613510941790267;0.44339384980093005
0.7403226459045009;0.4251995341835433;0.12137833845602497;0.6274175320588125;0.7027041719176954;0.5816664144183468;0.4007654926246076;0.6403922490022821;0.5897865353737635;0.49472741520260805;0.4504138762493742
0.6039871219083621;0.4184111114267046;0.11836632871821529;0.6219490464955479;0.7084299460993329;0.47155355367099017;0.4006364770137183;0.6193309611882366;0.6164635805395087;0.50806059324356;0.46210140665156035
0.649199165351691;0.38884312778708763;0.11523901025801742;0.5933863431122782;0.7126857570602885;0.5060583269513604;0.4006364770137183;0.5327276247076052;0.6224218016192742;0.5201698043176413;0.473447558462434
0.5831729351991538;0.4047774590280344;0.11219599483562703;0.6110238134135829;0.7165754211210116;0.452719629661271;0.41134477271749903;0.5753674441580934;0.6357252897949521;0.5330783569756068;0.4859976572736744
0.45495846988850164;0.4236941517311896;0.10931591124592277;0.6316146526972386;0.7190816022437836;0.35092714188597424;0.41134477271749903;0.6234198333589708;0.6561818327063922;0.5483583575318282;0.5010364555323319
0.4668886230036935;0.45258045275087344;0.10673392806154158;0.6621952413967344;0.7213333821618795;0.3598006513457606;0.4412190541722216;0.68991256759931;0.6871903331524779;0.568090469980208;0.5203691034288658
0.2727461894605421;0.43508393217257924;0.10415518730169193;0.6456393068242101;0.7209797335775656;0.2069826249225662;0.4412190541722216;0.6341890391356073;0.7020092329296757;0.5874642715113448;0.5399639963106072
0.34818244348494565;0.449569687846167;0.10165892571585111;0.6615451269123148;0.7216606230141702;0.26626693549459163;0.44966240915150735;0.6681157677259612;0.7205950980649352;0.6074635225209323;0.5605265501387997
0.42221991017704485;0.4548243247081545;0.09927169065486563;0.6680183698473107;0.7232852696931629;0.32420326649474246;0.44966240915150735;0.6804454020846912;0.7371234148198812;0.6274649373453592;0.5814468080654924
0.3866953360268659;0.43854915215724155;0.09693815825017715;0.6525871708560895;0.7240981305946341;0.2960943156925256;0.44422941842629626;0.6244914607859309;0.7406630926001211;0.6443231341015476;0.5999267839243928
0.30449634985867624;0.4550799556906293;0.09469419782315835;0.670451416329774;0.7243151712420468;0.23142548082591413;0.44422941842629626;0.6668066735496926;0.7510341960790017;0.6603208547487744;0.6177110763922219
0.26283907587554256;0.47004856988667054;0.09245611429059952;0.6867253491923937;0.7244687123811608;0.198651247873033;0.46412649263894235;0.7032441935559368;0.7658275551362348;0.6767009586448687;0.635792872359483
0.3021438438907096;0.46300451614735705;0.09000727316352553;0.680729709972161;0.7255054006499795;0.2293767543048854;0.46412649263894235;0.6766461226810883;0.7724778926494642;0.6914152930861049;0.6524052506114468
0.29795904211968305;0.48379583605533005;0.08760119150995394;0.7030005328302519;0.7269667628790608;0.22584699009890413;0.4729855645866481;0.7281322119749112;0.7871375930841562;0.706736325152585;0.6694058469758174
0.2991902061766287;0.4668105774419864;0.08502812499303136;0.6869614570723361;0.7271578661611793;0.22678191599720243;0.4729855645866481;0.6628600777110487;0.7882742877153537;0.7192683795489176;0.6839015588936292
0.3187963492806649;0.4920328343795273;0.0827799088838157;0.7136601204939141;0.7274881307995797;0.24211605240888906;0.5016843704754939;0.7251068910316946;0.8007367600716888;0.7323115710591014;0.6985974377760289
0.3168195506540198;0.5154372709972446;0.08068185756069468;0.738440190910635;0.7284006422521696;0.2404067585233487;0.5016843704754939;0.7762065601172927;0.820986028785494;0.7476490952365987;0.715064948683944
0.28478616472165863;0.5044167353083195;0.0784802513041134;0.72828620508442;0.7297040284558429;0.2150677712145258;0.49904671798620903;0.7325540270735997;0.8292159227360956;0.7619118251150083;0.7305271031318877
0.20227505245452496;0.4978271366489615;0.07625898784881091;0.7226443428301805;0.7305428939178558;0.15027411104019955;0.49904671798620903;0.7063907312227912;0.8302377331586016;0.7735694207592924;0.7436188562137526
0.10520383568294925;0.4916067827420685;0.07393842514224414;0.7174248577531805;0.728260002600456;0.07440065553118178;0.48458263449877403;0.6812091398449425;0.8257924229197489;0.7818191508960481;0.7535461529551697
0.1794089256504072;0.48197801573550736;0.07155301394505909;0.7087724757094634;0.7259190545897545;0.13289401798753075;0.48458263449877403;0.6421059519907373;0.8153431890768666;0.7858888539981975;0.7595317950119366
0.2470535874270983;0.49421989945181366;0.06930945882110517;0.7222780581117876;0.7247996489720303;0.18619375937072924;0.5004085494344808;0.6784106748861685;0.8116744714083146;0.788256307056111;0.7635698374692915
0.2701971596524996;0.5107222995427043;0.06716824272141331;0.7400646593071051;0.724762691586248;0.2043903627115214;0.5004085494344808;0.7244929925213138;0.8155739649184786;0.7910944568578336;0.7675246950664452
0.2589895206552336;0.5219416593291109;0.06502763457632277;0.7524822596774882;0.7248298868331249;0.1955709059490633;0.5043936983041615;0.7541092296313504;0.8226131300006225;0.7950693751411507;0.772067648269489
0.28040483911055625;0.4908966966796373;0.0625950055719029;0.7220888061966095;0.7244836297259678;0.21245800159452705;0.5043936983041615;0.6225294316732143;0.8100687338155924;0.7952119254951913;0.7730817945368263
0.2507528597108787;0.4804442298406566;0.06012670989764057;0.71263871819014;0.7243340531064195;0.1891695163206769;0.48501268653507035;0.5830922402083558;0.7930252033788727;0.7911992026776157;0.7701809336350531
0.22308345905078983;0.4939926719118355;0.057744946428051946;0.7275376642099516;0.7247217696808999;0.16736368928565387;0.48501268653507035;0.6263378497679098;0.7851233199165563;0.7860757353183287;0.7658524508393925
0.2488569826654413;0.49819638140142564;0.05542235720615629;0.7329122454167256;0.7239969345528372;0.18772807119018625;0.4966240915150726;0.6396445665001297;0.7796176347902053;0.7806438656671751;0.7608273603781374
0.24414619061656465;0.49924730877382384;0.053185286931264564;0.735042315650643;0.7240377220676919;0.1840179643525796;0.4966240915150726;0.6431375119918753;0.7744136720487882;0.7750383304550803;0.7552970469695527
0.23753952152225052;0.4988496605788626;0.05129049509593386;0.7355378150726881;0.7200346996254872;0.17938848864863588;0.5031035421952721;0.6412485508764291;0.7687526349571774;0.7691831910311426;0.7492678298782667
0.25430762917107397;0.5114323856051355;0.049420426747651014;0.749212444559387;0.7192351433828976;0.19271990050698223;0.5031035421952721;0.686221330940678;0.769543422552121;0.7646905534990656;0.7441603216562189
0.23511765419896305;0.48987417274973755;0.04737486217162523;0.7282758140285794;0.717414488168765;0.17784892918181922;0.4959216731891223;0.5831662561944944;0.7576382686278811;0.7582138394198361;0.7372583957504041
0.30476223505407296;0.506177748743148;0.04563915178984779;0.7456678437423809;0.7173667123482355;0.2328097967849963;0.4959216731891223;0.6430043584962434;0.7555971894692022;0.7525382600938018;0.7308686466601828
0.28664736108943567;0.514755588377311;0.04380171033840874;0.7552571526544234;0.7165694407440395;0.2186453978435801;0.5226135695752516;0.6726629653659187;0.7572928557726956;0.7484083696159909;0.7256990410345167
0.3520435589311415;0.5341835430454176;0.04221596209119216;0.7757530292333112;0.7172467688325597;0.2701405658501517;0.5226135695752516;0.7348565302969868;0.7675352498461075;0.7475844559689235;0.7233304877516014
0.22069049229221935;0.5140739057573782;0.04072566271610878;0.7560248400114147;0.7157155907419732;0.16669474458048855;0.5081208159520636;0.6383140038357485;0.7638108568225614;0.7460235349110437;0.7205062031217104
0.29253729617876734;0.5061493453006505;0.03943760957115039;0.7485833046136092;0.7134847757409031;0.22380418138230374;0.5081208159520636;0.6029321280449976;0.7555183996766752;0.7427669390538539;0.7163699914694004
0.30099938152791506;0.5339847189479365;0.038355450383912526;0.7773838477194612;0.7116080124956279;0.23081221460640405;0.5332071847360194;0.6955284271548294;0.7623245861847456;0.7418096495291546;0.7142032338363291
0.37432011421503175;0.5359445564802452;0.03711076466705521;0.7799664099498591;0.7124084422764272;0.2886824719747499;0.5332071847360194;0.7015530112007448;0.767436075368247;0.7422814667070414;0.713375560307864
0.2501286075129908;0.5525605703411256;0.03619336117630301;0.7972874341154136;0.711686698129721;0.19053863269243143;0.5492337906219982;0.7514525306117134;0.7787778304452012;0.7454051083077734;0.7149590327566494
0.1669527822573653;0.5491237537989604;0.035348101631362816;0.7941961912162098;0.7098897628377359;0.12491542786758875;0.5492337906219982;0.7334508726409469;0.7844508856104313;0.7492776427880068;0.717441112107978
0.20965625668325558;0.5496918226489056;0.03457822845677416;0.7951389871068161;0.7091687578387456;0.15883868314502267;0.5486317177711837;0.7352833078289981;0.7876991917455312;0.7531621852288558;0.7201903802559739
0.21456357257220807;0.5507995569062971;0.033732360957236196;0.7966662798884765;0.7079621327905747;0.16288888555029185;0.5486317177711837;0.7390929513857456;0.7892911920804991;0.756655291444058;0.7228247267270228
0.27280977070291956;0.5188172806544151;0.03244491576687558;0.7647766105799803;0.7072112931019712;0.20919544291483883;0.5077194340515199;0.5701363043771318;0.7723717243259017;0.7553530527078176;0.7215999237038337
0.20719392856936422;0.5006106740136902;0.03102372056461089;0.7469495035095782;0.7063042916596252;0.15726177341971445;0.5077194340515199;0.4928175557553386;0.7483004881940816;0.7484828748462549;0.7156402130939667
0.15574514326009928;0.5233334280114748;0.029703445825873587;0.7706675695339626;0.7054267889306582;0.11652450062494599;0.5153313550939669;0.5851222863661603;0.7401698002254048;0.7410180428411095;0.708888838443275
0.21048281283416279;0.5111767546226607;0.028320349111848664;0.7589704157018856;0.7051758146835727;0.16002142687950055;0.5153313550939669;0.534469780003768;0.7264952594519674;0.7317351501881175;0.7003562688671862
0.2185518505031588;0.5116312097026161;0.026748583820422667;0.7601784721568767;0.7042161993629219;0.16655978751561562;0.4983873048638885;0.5363694769674614;0.7151866148179196;0.7215706652642453;0.6908021903601925
0.20962157600559514;0.4893061038997928;0.025133248449360934;0.7382582512199382;0.7039081091559907;0.15950503509933872;0.4983873048638885;0.44694779809544527;0.694022773751357;0.7083146602503444;0.6784038113941447
0.26167149306097437;0.5000994120487405;0.023632208543018507;0.749939241187374;0.7034820240955435;0.20093336936640105;0.4966670967187028;0.49554395595273926;0.6825892186783906;0.6949414407773357;0.6655689373208846
0.22527990196928446;0.49742948845400026;0.022122657272280577;0.7479427152637103;0.7031588149580652;0.1720523473918436;0.4966670967187028;0.48463669137387144;0.6719130621933627;0.6816578392382308;0.6525367146315095
0.25659655389666314;0.49109552077711793;0.02074685601344939;0.7421592267668978;0.7024828979697293;0.19705152972425605;0.4817729611949715;0.4582003466498128;0.6600479070622448;0.6681580388918458;0.6391163669140651
0.2870057280919269;0.47692220297099963;0.019269323684958373;0.7284575612923156;0.7012739210879178;0.22143465766859322;0.4817729611949715;0.4018509452094362;0.6433125964651456;0.6533060650201701;0.624400917155795
0.25886235817047865;0.46476552958218553;0.017620956113987063;0.7168863509055702;0.7003323140934303;0.19918319601778733;0.46577502544474525;0.3574002291905325;0.6240003280342357;0.6367483915508636;0.6080792163438348
0.24529065297935918;0.4715539523390233;0.016005215439856002;0.7245519674983167;0.6991707098606672;0.18854949763074352;0.46577502544474525;0.39544104093567134;0.6127342215962114;0.620774381779979;0.592028822996299
0.06504361095215799;0.47396824495128786;0.014466482348341358;0.7277359601922496;0.6968776048657424;0.045118043284282844;0.4799380725067728;0.409208243766055;0.6056274038397;0.6062743947273832;0.5770663862128628
0.2518395209442392;0.4904138381571843;0.013041842070010468;0.745124622434251;0.6973292913152496;0.19404457701888583;0.4799380725067728;0.49864995357596154;0.6091518234904604;0.595527775519356;0.5651911964138889
0.27269994855699475;0.4985940295963869;0.011762908244046244;0.7540446703793516;0.6979838402150786;0.21057499724778733;0.5087085537350018;0.5395344976597143;0.6166701733875932;0.5887509039817675;0.5567669789043359
0.259122463252932;0.5227937626040275;0.010663928979553816;0.7791586015717044;0.6972522855623282;0.1998641758027555;0.5087085537350018;0.6458042122550132;0.6355567528157684;0.5879024287188329;0.5535859049651629
0.22104307918176722;0.5013491635186185;0.009400801973176165;0.7579659469705937;0.6965933017762056;0.16958777966443273;0.4967817772617158;0.542224417788577;0.6394151680497998;0.5881578895493609;0.5518462545939475
0.22603131665192736;0.4964069645241005;0.008179218531103594;0.7535235781716242;0.696592025066515;0.17356734597075796;0.4967817772617158;0.5201944050327719;0.640031094777147;0.588511393024828;0.5506720986818067
0.20456397718011407;0.4936234271593718;0.006953582058367047;0.7512768009864574;0.6957518828948115;0.156551905913419;0.4935993921931221;0.507432531716483;0.6392213674921782;0.5885981359164519;0.5496807564157686
0.20537897310513445;0.4978271366489615;0.00581285657803754;0.7560902651778203;0.6945002370312334;0.15736719957593776;0.4935993921931221;0.5286495264361866;0.6409349152959344;0.5890824328741455;0.5493425959537666
0.22234360459403377;0.5324509330530862;0.004686114053498613;0.7918104817659096;0.6940857095532489;0.17097345808334125;0.5334508808899212;0.6765722512046822;0.6604140503837629;0.5941863683639299;0.5531363736449839
0.1842757807487558;0.5379612008975485;0.003673059039077664;0.7978910774889894;0.6931627828373934;0.14067775052194414;0.5334508808899212;0.6963955369796214;0.6784608883523456;0.6026392114790144;0.5601554929150041
0.16347893437837777;0.5188172806544151;0.0025690134862559333;0.7789608828702861;0.6910749593216774;0.12429542515755976;0.5311429349617964;0.5973526105866592;0.6823680278633865;0.6103475246585324;0.5670532820612495
0.25255625494922174;0.5470218990541653;0.0017596232626928554;0.8080071552040808;0.6922098870414302;0.19539292299021704;0.5311429349617964;0.6987296967878068;0.6997578081825221;0.6207247760526344;0.5765456721455134
0.2526776373210332;0.5613656375152667;0.001076687595839232;0.8229077368530534;0.6916289841321785;0.1955784219448562;0.5774595392709179;0.7427286827875977;0.7203097521530651;0.6340028351293994;0.5888675337722915
0.2276613085019681;0.5962450649018662;0.000502778453844499;0.8586252594637019;0.6909026707086847;0.17567181541445065;0.5774595392709179;0.8322672868821808;0.753776599824208;0.652728635893914;0.6061830554993257
0.24993208367291495;0.6070667764933115;8.896402307012607e-05;0.8698189281548927;0.6902364298358992;0.1935929730974693;0.6017144741180354;0.8560755496963595;0.7844786713436739;0.6751431926378271;0.6271657257200954
0.1407746507366754;0.5986025506291366;0.0;0.8612596807598245;0.6881090283197726;0.10644112644971529;0.6017144741180354;0.811130847662368;0.8026425407483991;0.6974728696676369;0.6487009680831644
0.29651401388383125;0.5905359729599224;4.7015155699270395e-05;0.8530399707357074;0.6869474912822566;0.2314435341020613;0.589701687237489;0.768705907914659;0.810982679771268;0.7173560155518269;0.6686765070769076
0.3209581115214991;0.5913312693498454;0.0004371193570902321;0.8536629530187653;0.6862848789528024;0.25116491932929785;0.589701687237489;0.770980380244537;0.8161363066104862;0.7345103838797329;0.6866345686853993
0.30543272815550815;0.585764194620388;0.0008470834087361823;0.8478109605241861;0.6859198071765196;0.23877559297880407;0.5799108358778078;0.739490941020571;0.815428359432138;0.7480624627486117;0.70165421403044
0.2990803840307039;0.5767034964637716;0.0013786383802951718;0.8383509625292748;0.6847844090900386;0.2338757692381639;0.5799108358778078;0.6888181150374973;0.808320572321277;0.757183111897314;0.7128527597209071
0.23682856763021146;0.5752833243389102;0.0016625531782938907;0.8367729652436504;0.6839243099300127;0.18402747062714364;0.5792227526197338;0.6807814798512177;0.8002501637883187;0.7625255370063989;0.7205848223512096
0.266850474258267;0.5858210015053822;0.002181746406328955;0.8472350266328531;0.6836967868240871;0.20817581782169553;0.5792227526197338;0.7209987228033005;0.7977315855480709;0.7661896518120479;0.726473205470957
0.2682897223811753;0.5538103218110035;0.002466066507396114;0.8145702615294051;0.6831504222717302;0.20941948288942347;0.5489040840608381;0.553465925931605;0.7774806319888541;0.7642175647343046;0.7272283261345636
0.2474639754460802;0.5472207231516459;0.0024186460486284034;0.8078963172751107;0.6821635256808474;0.19283595456561708;0.5489040840608381;0.5240008402972887;0.7567779640574787;0.7576271422023516;0.7235307280116816
0.2515678556358991;0.5715908768142701;0.0031078639130104335;0.8323344449838805;0.6800369305076837;0.19646158273775138;0.5691451999025219;0.6245575638825784;0.7520459507411681;0.7512090381620081;0.7192639844439166
0.20342529493026293;0.5695458289544693;0.0038264662497038415;0.8299150608155778;0.6762529645702979;0.15821986466210028;0.5691451999025219;0.6146123597352577;0.7461534849482058;0.7446478076664561;0.7143018086875166
0.10194385198286773;0.575879796631352;0.00460383753102267;0.8359826677188571;0.6723059157687423;0.07673494283240259;0.5732163591794608;0.6400773667810358;0.7437732466922338;0.7388224943549259;0.709472131273716
0.19354708190998052;0.5733234868066011;0.005390328131335664;0.8330114992427032;0.6690889433245049;0.1511831815870255;0.5732163591794608;0.6261710108254257;0.739551931671842;0.73314013346113;0.704406760875855
0.29130613212182166;0.5833214985656259;0.006387778977698488;0.8426980799830357;0.6670991576739826;0.23066896103410517;0.5964391691394653;0.6684317907235342;0.7404602986522302;0.7288141883399735;0.7001849213958381
0.24983382175287702;0.6118953617178402;0.007694881366779427;0.8711147313036512;0.6636636662869013;0.19759262932475213;0.5964391691394653;0.7705430091750245;0.7550304759249096;0.7288813204446372;0.699427775530586
0.21474853618639708;0.6178316811997617;0.008910993217455143;0.8765699394066745;0.6622638549039597;0.16930251446097777;0.627015868920139;0.7890119238505691;0.7683744176803384;0.7321660049833706;0.701386097546691
0.21968475264006657;0.6379697219302982;0.010150409994448495;0.896446104960825;0.6611150177681031;0.173477413324445;0.627015868920139;0.846734494431562;0.7879856732518637;0.73954224097207;0.7069096734516094
0.26920298022623357;0.6541028772687252;0.011154750992941054;0.9123640479474102;0.6599514648731806;0.2139295836303584;0.6745079487951373;0.8869490529161574;0.8102025370579589;0.7508226160416576;0.7159829558094015
0.28078632656482105;0.6957991308546596;0.012762588257275276;0.9539731067929216;0.6593273554201871;0.2234593624533452;0.6745079487951373;0.9686317614992042;0.8474918414337762;0.7688758039750047;0.7310677344898031
0.27077517094684034;0.6836140540233475;0.014021662232988064;0.9409926575644862;0.6566974006526676;0.21574818533656043;0.6805000071675336;0.8979209105933332;0.8681649613285264;0.7883239527026626;0.7479338422460353
0.21694497910489172;0.6781605930638794;0.015195217261692484;0.9348935888532455;0.654698409253323;0.17216199755499512;0.6805000071675336;0.8667316745224112;0.8790822828478121;0.8065258911202589;0.7643386987209048
0.28500002890056475;0.6671968642599486;0.01610208287272208;0.9233215125451795;0.6541828873192825;0.2277753205227777;0.6530913573875772;0.8047706453314067;0.8793682770149247;0.8211566898414396;0.778202109300351
0.3153051610628471;0.6402704007725739;0.016923024233675754;0.8955686380231446;0.653787174510424;0.2525810755316771;0.6530913573875772;0.6701982946509761;0.8630263837888347;0.8289044536736974;0.7865733516311995
0.24740039420370272;0.6197631152895733;0.01751213224066195;0.8744491056668393;0.6524028852295105;0.19736855172313655;0.6165512693702606;0.5833866087573719;0.8371789843884214;0.8288442140919978;0.7883739091496923
0.23022767864884078;0.6153037748175079;0.018005994027047834;0.8696829785076403;0.6514449497900316;0.18348305246727387;0.6165512693702606;0.5654175775897897;0.8125183296668232;0.8228249191787104;0.7848251242392642
0.2766651060361719;0.6073508109182835;0.01839549027384102;0.8614161238783187;0.6510046193372465;0.22151173656625678;0.6175547241216188;0.5330362414050588;0.7872529873536807;0.8118919665296823;0.7766253087005055
0.2449669666545284;0.6297043201636034;0.018906577440546357;0.8838894761118283;0.6512137981407746;0.1955656484552673;0.6175547241216188;0.6167276348994272;0.777550960193322;0.8007964451305172;0.7675740982646114
0.28664736108943567;0.6408952765075129;0.019595390001860835;0.8949348798303256;0.6496058830782547;0.22991613279958334;0.6191172465201622;0.6546729605602245;0.774352213592098;0.7911455130424833;0.7591131451861477
0.3534307860375592;0.5992558298065727;0.020227054830817437;0.8523202939052411;0.649504082279236;0.28457451310837967;0.6191172465201622;0.49280989191814006;0.7488310833918427;0.7772453165363055;0.7467784743933523
0.3452692665614686;0.6138267958076518;0.02077786169802831;0.8668660402399406;0.6502855630004156;0.2777403049671755;0.6111039435771728;0.5446117712490405;0.7353222102378003;0.7628542455102755;0.7335455536804679
0.2497066592681221;0.6104467861504816;0.02148207577586536;0.8630968771605941;0.6498659286836685;0.19965271164955978;0.6111039435771728;0.532321106196005;0.7220501411524343;0.7481278124191935;0.7196266280452461
0.23618119498054993;0.5938023688471041;0.021981409153647213;0.845945477360294;0.6491844344898419;0.1886922645782827;0.5831505612179071;0.47313837292835403;0.702221830695657;0.73154562192272;0.7038642020849465
0.31152496719785905;0.5750845002414295;0.0222266175088075;0.8268076540517326;0.6483518181857888;0.2505020672278278;0.5831505612179071;0.41267932797662177;0.6764053318709751;0.712028900858145;0.6853849678027254
0.3005196321536122;0.5746300451614741;0.022576799358160926;0.8261795724542347;0.6472156809515921;0.24169772055554622;0.5791940824839812;0.411237239468665;0.6556822556542338;0.6913978296629333;0.6656243791652977
0.2779251706578346;0.5864174737978245;0.023092547510131567;0.8379132874087145;0.6448459733752274;0.2235941900638671;0.5791940824839812;0.4633568573801924;0.6455475656637445;0.6724390524438135;0.6468836114867857
0.2015814389013161;0.5960178373618881;0.024046428276859544;0.8472164574312112;0.6416253723876588;0.16141598910050042;0.5897303573732415;0.504274167843826;0.6426875783766396;0.656579539752447;0.63046895690011
0.2375799823128544;0.585906211832874;0.025294761721313286;0.8363481827294102;0.6372681637991655;0.19166822979540155;0.5897303573732415;0.46546835406058595;0.6353161479202477;0.6421070794874267;0.615174676664776
0.200997647494032;0.5771011446587329;0.026754460714885298;0.8267073033920826;0.6323041821313726;0.16222485499182276;0.5696612623460768;0.4326179085077788;0.625173085774889;0.6280731638561783;0.6003091011817432
0.26870589051310056;0.5650580850399067;0.027771366108435558;0.8139861494922715;0.628080557693671;0.21886316495047486;0.5696612623460768;0.3894992817685704;0.6112914432940035;0.6134848586069865;0.5850893648488208
0.23855682140029014;0.5715624733717726;0.02847254041327396;0.8202631169280494;0.622607908007019;0.1947653623602964;0.5685574621195828;0.4225167565259589;0.6042773292250512;0.6001158815867378;0.570926612836398
0.26627246296392626;0.5684096912545802;0.029427434437669042;0.8166058501259524;0.6186114035037618;0.2184604043253664;0.5685574621195828;0.4103240977394146;0.5977052172775472;0.5878293894624232;0.5577627400764466
0.30095892073731123;0.5732382764791093;0.03035172808055009;0.8210739079240845;0.6166986908014076;0.24768296751822277;0.5758683467366215;0.43676963879195985;0.5957019194879836;0.5775151357322112;0.5463551038232495
0.24942921384683855;0.5812196438208312;0.03126913157130495;0.8287491458648307;0.6139647177917222;0.20520522332793256;0.5758683467366215;0.48014174490437;0.5989393903889546;0.5700476240611514;0.5374796579419043
0.292404353581069;0.5855937739654049;0.03225219415881231;0.8327274770497173;0.6106219558453312;0.24167560782125153;0.5820610960592898;0.5037487236091096;0.6043714351207806;0.5653888798828027;0.5311978193642273
0.25515730577375484;0.5811344334933395;0.03320566962247362;0.8277431377178582;0.6060813042328639;0.21130515142348605;0.5820610960592898;0.4811363977202554;0.6068705448819003;0.5622669959039548;0.5265512443033671
0.2505100949672556;0.588348907887636;0.03418569243698322;0.8346093165052105;0.6029498713379009;0.2079321357756111;0.5834659327111913;0.5226313550920095;0.6131097394864162;0.5612801896973127;0.5240279828811626
0.21596814001745593;0.581162836935837;0.03512842736938637;0.8268591282635368;0.5999181561893039;0.1793940683629679;0.5834659327111913;0.4836153188627772;0.61472466919698;0.560881768901827;0.5223997772877716
0.2614923095597288;0.5790893856335386;0.03622416420934638;0.824231826764935;0.5971846535463468;0.21814483239688182;0.5600711019366678;0.47230009459046285;0.6153550342393401;0.5607156630367747;0.5213297896697688
0.24288612599490192;0.5440679410344536;0.03719689156866224;0.7881806358056151;0.5933472001924471;0.20310749360716313;0.5600711019366678;0.31496828942710364;0.5980849839821302;0.5564011678259987;0.5172050409143653
0.2525909356268822;0.53733632516261;0.03800466057995866;0.7809563504456706;0.5902937809791087;0.21181622796397814;0.5392279132441695;0.29079090503255245;0.5816883753762279;0.5489794482357981;0.5106300069032537
0.18328160132248986;0.544522396114409;0.039040615217628805;0.7877671102685374;0.5867231599505578;0.1537136638346105;0.5392279132441695;0.33946887137009507;0.5733954483047369;0.5410340997693047;0.5035490672346097
0.2649141364222257;0.5561394040957768;0.04013817592138924;0.7990514120578969;0.5858526455272661;0.22301742808494335;0.5657047836121509;0.41385828931676283;0.5738486592605071;0.5347875573125439;0.49775451636272694
0.2571803453039472;0.5781804754736277;0.0416902840140958;0.8207130111605713;0.5820815810772808;0.21711727232482925;0.5657047836121509;0.5348646959945796;0.5865660915653444;0.5328696049881945;0.49547167875946474
0.24895524458547916;0.5643764024199736;0.04321300763448921;0.8059621376864932;0.5772402307350386;0.2109565390404184;0.5506242922060234;0.47002512822164033;0.5901199253176842;0.532195735621747;0.49438184030606025
0.251012964793332;0.540063055642344;0.04435494902401871;0.7807123530603683;0.5735108273381175;0.21335119494097637;0.5506242922060234;0.37299000768080404;0.5809925225375483;0.529446615090694;0.49180413838916237
0.0908864959221303;0.5519072911636895;0.04556457602563224;0.7921743611473039;0.5679440371105908;0.07722472011954587;0.541320833154145;0.43549851473085477;0.5808234473569343;0.5272063803626514;0.48970976474266276
0.2381637737201385;0.5340983327179258;0.04693227122313637;0.7734272607810575;0.5648537277067169;0.20383249897371614;0.541320833154145;0.36962677397090415;0.572265267523873;0.5233419939312176;0.4863672758540384
0.23312351523348765;0.517198284432073;0.048185063001322526;0.75565836286606;0.5610161399623237;0.20014639823872005;0.5101994007941628;0.31450623796742705;0.5577042833365881;0.5167248225133015;0.4807664811570905
0.2260659973295878;0.507143465788054;0.049363076363757585;0.7448812023298286;0.5567841161187623;0.1947709224224668;0.5101994007941628;0.28420180895216607;0.5421633961945713;0.5076681584519674;0.47303703764765015
0.21488147878409544;0.5045587525208055;0.05065497988784795;0.7416412133905298;0.5517822363317306;0.1859271848419144;0.5092102811106809;0.27639719254007367;0.5299138194162358;0.4974568277794218;0.46413657819137133
0.21970209297889678;0.5178231601670125;0.05195357091253339;0.7545041859598743;0.5483456698206997;0.1906482464313704;0.5092102811106809;0.35512957800982203;0.5286187007352041;0.488974175161504;0.456401040324372
0.1924546405636766;0.5133070128099528;0.05305396873775692;0.7493923637670044;0.545188971512911;0.16752711757575;0.5109591593916201;0.33898504458341605;0.5266809994657642;0.4817188759721539;0.44953810045944
0.2588276774928182;0.5125401198625279;0.054052230190254846;0.7481390869764084;0.5435602259238592;0.2253937085587034;0.5109591593916201;0.3361281432671708;0.5262102807084867;0.47580066112682873;0.44371261630286774
0.24257978000890137;0.48976055897974824;0.054925658298305535;0.7245754435874386;0.5419889322708868;0.21156184075648593;0.4837798706976879;0.2577381376384368;0.51545510513101;0.46846193033639083;0.43673794600556043
0.2078413012190258;0.4822336467179822;0.055702826928091476;0.7165574932309;0.5392724972206364;0.18180307353850916;0.4837798706976879;0.2348159031373113;0.5046911080978806;0.4599846508440377;0.42877536773173575
0.12939360835110716;0.48277331212542984;0.05647310540574857;0.7167402026294377;0.5355402716233464;0.11396984781693162;0.4814289195659338;0.23864182017713972;0.498234767281798;0.45163954849491295;0.4208200580545936
0.14522533770309873;0.484562729002755;0.05717306380138876;0.7182263160416542;0.5327952113979264;0.1281270795623549;0.4814289195659338;0.2520816954762731;0.4958763967765899;0.4443924325557942;0.41368395088498533
0.21804898067708242;0.4711279007015654;0.057817293025401284;0.704267760575449;0.5311671377613432;0.19201358498433463;0.46163219082842355;0.20701507557957285;0.48884408769749876;0.43689200141183937;0.4063205460045843
0.20863895680521596;0.45698298633794465;0.058099383959603124;0.6897595374979532;0.5291308529999823;0.18411062481921392;0.46163219082842355;0.16509414316642382;0.47786099583867114;0.42823231203843204;0.3979751393967521
0.18545492378921083;0.44036697247706424;0.05821793510652018;0.6728177868705926;0.5260617100988745;0.16426946849645963;0.4340228500981951;0.12229054005636561;0.46262358610531423;0.41761511483049835;0.38794021373594456
0.18307929736947057;0.43303888431277837;0.05827832526340959;0.6653421919008645;0.5229211386503365;0.16265013673593776;0.4340228500981951;0.10503387918145854;0.44905325725113043;0.4058355629272382;0.3767887129966423
0.18692885258977956;0.41781463913426276;0.058081347973149455;0.6499645838180079;0.5207788197894034;0.16635435618235633;0.4118751702289303;0.07191133117876877;0.4328403538244172;0.39248627865903;0.36415411280212784
0.20144849630361775;0.4117078989973586;0.05802683471072001;0.64378469578356;0.5174070294963615;0.179661292358327;0.4118751702289303;0.059533450800786675;0.41947984857208576;0.378571861857248;0.3508184007401026
0.24479934337916961;0.4311926605504586;0.05814194078157353;0.6635307807127372;0.515242065837231;0.21826624559557556;0.4283604982869593;0.2114470645833674;0.421805338148875;0.3680034009912162;0.3400170649590785
0.22652262625211697;0.4309938364529784;0.05823232336537654;0.6632858211926353;0.5135679634565369;0.20242330833117345;0.4283604982869593;0.21084970985758936;0.4261650947059241;0.3606042634984486;0.33179761909756933
0.21062731565774792;0.3979606328286991;0.058265152913753226;0.6297013514337827;0.5116835399531179;0.18868972202631057;0.3934976132111987;0.1248334132480576;0.4150061581250485;0.35198303162852973;0.32268201076529957
0.24748131578491042;0.3951486920214733;0.0582643423076199;0.6268441959314399;0.5111842120735746;0.22137664767914883;0.3934976132111987;0.11858992477519023;0.4075207371120978;0.34327359539975205;0.3135277846078703
0.22600819620015375;0.41179310932485036;0.058386743833667154;0.6437004127750717;0.5106350925160958;0.20247404212997466;0.41707879986811713;0.23684359953054604;0.41310947761461053;0.33765925244240586;0.30696062870446666
0.209008884033594;0.4280398784332662;0.05834357905709808;0.6602311394158336;0.5091158751794531;0.18767878021780265;0.41707879986811713;0.3380201002869214;0.428671174697171;0.33693574373039964;0.30461416204238156
0.2504811944025386;0.44084983099951724;0.05841977603357851;0.6732126469925488;0.5077389101804495;0.22466991942377423;0.43815134964664004;0.40991612097675256;0.450083114491194;0.3415414261708245;0.30706025234217105
0.1941308733172646;0.44073621722952794;0.058624859385166594;0.672999822774769;0.5061610313932834;0.17496262724067785;0.43815134964664004;0.40945699974499716;0.46911866936867497;0.34983506563013816;0.3131271408304106
0.24107117053067215;0.45442667651319324;0.05909399768450285;0.68668955777783;0.5057997897460724;0.21667935409977734;0.45582648833842265;0.4848812487601466;0.4932489191664232;0.3623126530943671;0.32331124138986567
0.2529608628552602;0.46218081631493746;0.0595307117385282;0.6943621017411367;0.5051585455051251;0.22735197219303083;0.45582648833842265;0.5249080284484405;0.5180108655798118;0.37829035214872464;0.33713281212685203
0.232233377840203;0.42304087255375356;0.05978666062494753;0.6544659314802228;0.5031590837390527;0.20930331260622181;0.41502888516177094;0.3650440569701835;0.5186164290644565;0.3912191369433491;0.3491555393730249
0.22172513250908923;0.4127304229272588;0.06020574399558498;0.6437893140305999;0.5009773212682029;0.2003379603600588;0.41502888516177094;0.33128970232337074;0.5152707684425604;0.40075207740580576;0.3588034374687097
0.19222921615888375;0.4349987218450875;0.06099081603516687;0.666045993507129;0.49886678575904253;0.17441656946092637;0.42741438380710717;0.44357432253444296;0.5257975128908529;0.41092727848538213;0.36920557025162837
0.24097290861063422;0.42531314795353214;0.06183749414083728;0.655801374582746;0.4977422061073089;0.21806056019896863;0.42741438380710717;0.4086966127224074;0.5304677463082212;0.42019824654949456;0.379045302881885
0.2687579115295913;0.4133268952197007;0.062465308590661905;0.6433226786525564;0.495959314621921;0.24319082885346333;0.4107426998666841;0.3674497957147188;0.5293007457314652;0.4273324542557866;0.3871973554323983
0.3183223800193056;0.4139517709546401;0.0631766154721598;0.6436199783057844;0.4952016882133825;0.2876067767786198;0.4107426998666841;0.3707991004675736;0.5301272481662935;0.4332399420894757;0.3942934822920111
0.26067731363470836;0.41988809043656117;0.06384313636482464;0.6493361173665901;0.49362804272676986;0.23643007382339476;0.4289482360698975;0.40372888479307767;0.5352663532568309;0.4392102678148313;0.4013524006220286
0.21951134925176438;0.4434629477092624;0.06487240350189882;0.6728046056238316;0.4912551769738016;0.20004080869932994;0.4289482360698975;0.5216454900000825;0.5528918061340827;0.44825419282291323;0.41091744058440904
0.2416434017120694;0.4189791802766494;0.06579406267484966;0.6474862207864597;0.4895263776621497;0.22017315790770858;0.40906549692512817;0.42473690811515397;0.5551248669547486;0.4560300255591392;0.419478301539277
0.21347113122590414;0.40497628312551504;0.0667207881361298;0.6328162628490697;0.48610896179647844;0.1955105992920536;0.40906549692512817;0.37653761848357536;0.5507194325951875;0.4611840005466949;0.42581153582509945
0.24485714450860366;0.40952083392507177;0.06774357042414358;0.6369489204558899;0.48328608947517493;0.22422418177639641;0.40503734285181814;0.39957008157430673;0.5508015226168423;0.465327057056664;0.4311467521020943
0.23004849514759515;0.4064532621353707;0.06890354780012586;0.6332808777440317;0.48027359216718457;0.21144896942834995;0.40503734285181814;0.3882927577281263;0.5504428062746146;0.4685546460014808;0.4355335930344587
0.18872068760223573;0.4214218763314115;0.070233752463988;0.6478606836506551;0.4772147973340959;0.17469601431080273;0.4154446021301914;0.4662874350436029;0.5591155531051056;0.4732366560013198;0.4409562468240474
0.23244724201910902;0.4151731189820209;0.07150093250102874;0.6409089710795748;0.47593755008145755;0.2144032051081678;0.4154446021301914;0.440357223950656;0.5637395175016908;0.47810186804814164;0.44643545664117457
0.2924505944846162;0.41647967733689306;0.07278087958466006;0.6416290327639608;0.472827821251236;0.2692840074669934;0.42109261887354954;0.44746506514113893;0.5690648812738555;0.4832834721014876;0.45210491728364804
0.2554983324374158;0.43130627432044744;0.07413378122024117;0.6560537425408087;0.4696332920194557;0.23646719126905896;0.42109261887354954;0.5256842517293203;0.5819049487727872;0.490537730738858;0.45947703371356563
0.2539088013779789;0.48106910557559557;0.07591042721172236;0.7057800440542277;0.4658565159734862;0.23576929998650853;0.47377399331985837;0.7183457067067401;0.6186413432141952;0.5052361490198084;0.4732090327011142
0.18933915968718026;0.47109949725906786;0.07744145954497839;0.6949218717678277;0.4625112006077139;0.1776232167175955;0.47377399331985837;0.669785344815358;0.6426405511989103;0.522805830286619;0.4897570397060856
0.20670839908211805;0.458346351577811;0.07869121155016323;0.68136856747942;0.4598652533714376;0.19389859518646158;0.4538339139035821;0.6104794468051055;0.6549404857547421;0.5398397678908466;0.506289518300683
0.2217944938644101;0.4543130627432044;0.08029742760223169;0.6765072851884926;0.45722374102145524;0.20813937554355655;0.4538339139035821;0.5920220107905576;0.6624655386200776;0.5552889647978958;0.5218041070556634
0.2767171270526626;0.43661771806742955;0.08168052431625838;0.6578683287737757;0.4543000086345894;0.25894247518861785;0.43443856706661466;0.514723279786448;0.6590641684424353;0.5668247459528178;0.5341810337246102
0.21093366164374852;0.4376118385548331;0.08322108127157257;0.658147155438842;0.4522019714413481;0.19910034544676714;0.43443856706661466;0.5191412779105593;0.6568531937510185;0.575518025878415;0.5441061219064883
0.1481211742877456;0.4523816286533924;0.08495456248648381;0.6723334482122285;0.44872985864471904;0.14202664494261355;0.47884860734815593;0.5836109282313857;0.6627587655287824;0.5839025704443253;0.553598110054061
0.21208968423242988;0.5148407987048031;0.08711138275423291;0.7347814809063382;0.44813444156214177;0.20088272860218692;0.4838945512407;0.7791697367516288;0.6997385554656271;0.5995641510061558;0.5691089362792597
0.23285763003809093;0.4916067827420685;0.08920923142582193;0.7101746909671122;0.44631418951949;0.22030928321657944;0.48916985621926923;0.6791940430328705;0.716111252896634;0.6160577492460774;0.5855110731276062
0.20338483413965905;0.4910671173346213;0.09153587367838156;0.7085216471670807;0.44289005412913096;0.1937968044736048;0.48916985621926923;0.6769459965579329;0.7279456204978676;0.6321180923448839;0.6017220817182851
0.2171183824931939;0.5046439628482977;0.09398694397232177;0.7211549581596441;0.4388446986813941;0.20719380487921507;0.5087372238707548;0.7158366115952489;0.7434252787088487;0.6487144683428825;0.6185008931706844
0.21138451045333426;0.5168006362371118;0.09734467722575602;0.7319146078425143;0.4349413939855551;0.20259926257556404;0.5087372238707548;0.7489865123239903;0.7608465167388195;0.6662097868714285;0.63614467203084
0.23431421849982945;0.5262021757036957;0.10109899952964518;0.7396861554767502;0.4275508575625393;0.22527549853390094;0.5180550179905099;0.7738436982971442;0.7781586620834922;0.6843978447288231;0.654483555793214
0.23900767020987587;0.5137046610049136;0.10466830098373059;0.7252913680921843;0.42266878690068976;0.23061314281386558;0.5180550179905099;0.712583785676033;0.783807920994763;0.7003161504091584;0.6709966285873141
0.11842295398452085;0.5248956173488226;0.10800131075011521;0.7350813783235259;0.4153899289779839;0.11902367329918462;0.532963488582118;0.745041432392817;0.7925652308792711;0.7151712091145601;0.6865720519547219
0.16339801279717006;0.5445507995569066;0.11101392844252711;0.7536249871795534;0.40957935439478743;0.16210359220564202;0.532963488582118;0.7975231239828011;0.8080563690190479;0.7308061372418015;0.7027149654977074
0.19440253862560472;0.551538046411225;0.11398459726756816;0.7593151486007569;0.4039203050932991;0.19227790234819836;0.5598130707148892;0.8150697066333374;0.8220637055741036;0.7467056868904018;0.7190214852070992
0.24375892304935634;0.5711080182918171;0.11677227175813787;0.7778789622875865;0.40045471023561685;0.23960102506717018;0.5598130707148892;0.8612529228237402;0.8412876668749056;0.764080039108084;0.736520048520822
0.26527828353766025;0.5705115459993748;0.1192421886446624;0.7761001674691832;0.39637636192166315;0.26086701602204926;0.5589529666422965;0.8578299335382529;0.853899898400766;0.7810333301779628;0.7536605545328253
0.28527747432184825;0.550430312153833;0.12186409418108202;0.75444847835495;0.3929547799506856;0.2806424333931563;0.5589529666422965;0.7467230592038347;0.8510627633275653;0.7939090053418805;0.767315846278046
0.2789944915523649;0.5755673587638825;0.12501410961299708;0.778497614964044;0.38868606750232937;0.2756573963770406;0.5627374245617056;0.8132970614341644;0.8596520175150608;0.8062892681792944;0.7803285689442054
0.29613830654250983;0.5528730082085951;0.1281331193603341;0.753954422135104;0.3853523097190197;0.2928119921475014;0.5627374245617056;0.7034017200396319;0.8522394861503777;0.8143986765428406;0.7895195872954635
0.27874016658285505;0.5423921379271164;0.13125354766840225;0.7418220947329461;0.38263580747352277;0.27682455184557203;0.5355868060035265;0.6569197704610281;0.8387213089355662;0.8176130366132173;0.7942147680048443
0.23112937626801225;0.5322521089556056;0.1344805706829293;0.7299855275683368;0.37797071026383877;0.23221875140763493;0.5355868060035265;0.6131610752811542;0.8207506819329583;0.8158332829659238;0.7941908540965487
0.2869479269624928;0.5417956656346754;0.13750737398266288;0.7382468018158177;0.3737000491533231;0.2868262911451673;0.5333505354147854;0.6456900100650842;0.8097252906169549;0.8117398935898265;0.7915894798887458
0.30410330217852455;0.5284176442184796;0.1399898552642478;0.7234732219604574;0.3699887212778117;0.30427630582580384;0.5333505354147854;0.5869351964266591;0.7923554754763377;0.8042594154224533;0.7855354927063024
0.1987376233331599;0.5311727781407107;0.1427799615732157;0.7249483670359529;0.36443241350879796;0.20367103070943104;0.530325836092834;0.5973323630849124;0.7785967064824344;0.794943611596036;0.7773124414782788
0.22267885114475136;0.5330474053455276;0.14521380648683468;0.7256978700452215;0.36005168658389786;0.22774988835495058;0.530325836092834;0.6047598778801974;0.767366333129361;0.7847717496187372;0.7677945142954032
0.2658736351708312;0.5490669469139662;0.14784604725144668;0.7407274739708856;0.35564609741765296;0.27071858724757975;0.5684427815765707;0.6663764121564743;0.765595464926206;0.77620547836022;0.7591290841202345
0.3925737108903108;0.5906779901724093;0.1509830929852365;0.7815239137642425;0.353534419589296;0.3947543176375845;0.5684427815765707;0.7921376247871861;0.7845550242304608;0.7739431539939291;0.7554184958285342
0.312149219395747;0.563723123242537;0.15388708945585705;0.7527531968371934;0.34884103318067705;0.31757746957817323;0.5588526211671607;0.6671724527726929;0.7839091497749828;0.7719769084234627;0.7519829070846493
0.240955568271804;0.5570199108131901;0.15662693818459328;0.7446404762028461;0.3431209033997771;0.24921182163400263;0.5588526211671607;0.6387175701552441;0.7784342862336757;0.7690782790573993;0.7478229252984676
0.24373580259758273;0.5812480472633283;0.1595704517041865;0.7678640049399852;0.337684001584464;0.253161590773996;0.5666222279562496;0.71098325151998;0.7853122921245681;0.7684247524078651;0.7455561633949547
0.255457871646812;0.5548896526258984;0.1619420825971165;0.7399521857489747;0.3337038255261975;0.2656391072819711;0.5666222279562496;0.6036100332527741;0.775502147818556;0.7655265933208683;0.7415488002846066
0.2886704006196281;0.5694038117419833;0.1640905941520021;0.7536816569192792;0.3293144976096971;0.29957006654014123;0.5689731790880028;0.6475091324490454;0.7739689874635828;0.7628368407582473;0.7377407406731965
0.3024155091990497;0.5713920527167891;0.16639312087211433;0.7546089624396036;0.3245745448949924;0.31445099294272055;0.5689731790880028;0.6535196904087807;0.7724288608149354;0.7603121266610952;0.7341143302347695
0.1464391614212142;0.5789757718635498;0.1686464032696593;0.7612458645040953;0.31905143157793603;0.16037227806269377;0.5883398557892172;0.6770862899969438;0.7738085898449671;0.758626430231973;0.731241752549473
0.182587987769281;0.6001931434089811;0.1713475455555571;0.7815248758990426;0.315300592897261;0.19714136760240886;0.5883398557892172;0.7387038314139706;0.784545134749314;0.759877520943674;0.7309009351407659
0.22082921500286115;0.58082199562587;0.17387866320510703;0.7606378915239191;0.31146125807644887;0.23621072122879533;0.5795237890451412;0.6523658225791107;0.7813978176757573;0.7601163312153248;0.7299324648018957
0.2452155115110949;0.5808788025108647;0.17659642291672561;0.7594053006315262;0.3071953006332142;0.2616572152964273;0.5795237890451412;0.6525470305407539;0.7775046846924967;0.7593647321565129;0.72828321791894
0.29010386862959303;0.549180560683955;0.17955837772583916;0.7257867713007503;0.30385683918262374;0.3076699690221768;0.5539930331570115;0.5248241878996026;0.7565696691336672;0.7536944415304074;0.722642908421875
0.32305051240701244;0.5619337063652114;0.18217460901932903;0.737504611031029;0.2998355396332686;0.3420290914590445;0.5539930331570115;0.570325302821769;0.7456210629879106;0.7465072146234437;0.7156157108976211
0.27930083753836543;0.5672167466696969;0.18454461869999328;0.7417481065668201;0.296526375310316;0.29869820996561963;0.570779397640448;0.5889405340680527;0.7387394007496821;0.7390911709403705;0.7082368307903963
0.3453155074650158;0.5771579515437271;0.18692293709351748;0.7507213605663661;0.29470995339673656;0.36609398482957384;0.570779397640448;0.6238863659454803;0.73754318929146;0.7328686963957732;0.7017112124678472
0.2781679354014577;0.5857925980628855;0.18974060401099813;0.7581582777171317;0.2904238373794392;0.29915280421243484;0.5790220616694621;0.6535929026062766;0.7401360529997145;0.7285185288390762;0.6966831764547461
0.28848543700543905;0.574914079586446;0.1917610397969085;0.7461441004684254;0.2856400733637705;0.3109406984521893;0.5790220616694621;0.6036038763243476;0.7355277495242682;0.7239225827376187;0.6915021815132544
0.25322096793771354;0.5841167949555488;0.19360354753667863;0.7546212777650453;0.2802600187273152;0.2763125398839578;0.5857452085035622;0.6375485536823186;0.7357654940350284;0.7203033911172458;0.6871662043965134
0.4177172021941309;0.5899110972249839;0.1956406007483107;0.7595424048405381;0.2775986165842572;0.4456726136414215;0.5857452085035622;0.658737228015175;0.7380260646827461;0.717955391526238;0.6839601175302107
0.3685342211586814;0.5864742806828191;0.19743305355937935;0.7551988472855392;0.27366581317503913;0.39654100026662986;0.5816453790908698;0.6408402388351367;0.7370486393494299;0.7158403271075741;0.6810748702661258
0.20713612743993018;0.5794302269435057;0.1990769627966218;0.747260080623048;0.26835134109953596;0.23175128007472207;0.5816453790908698;0.6037740347157617;0.731670914058517;0.7128461628220472;0.6775882405946311
0.42798846289456494;0.5538955321384953;0.20064062202672073;0.72056892185291;0.266093782390209;0.460529491954071;0.5581071976375807;0.4849154492080555;0.7132980451454494;0.7060021945476422;0.6710034984123494
0.4100758928829469;0.5653705229073767;0.20225089110945316;0.7314654833178335;0.2646230800218117;0.44255356395317336;0.5581071976375807;0.537246561166751;0.7041857331079643;0.6983206488233193;0.6636287287186718
0.3876259342107544;0.5738347487715512;0.20403969619292628;0.7392176920425871;0.26259075978001634;0.4200393145918708;0.5717971874596826;0.5742482385401305;0.7008681043752851;0.691372112253461;0.6567434971043491
0.2988665198517979;0.5725565938591757;0.20569475126449355;0.7371330345712349;0.25998889262569125;0.32882634294222796;0.5717971874596826;0.5679176885678661;0.6970655237700172;0.6848925612381986;0.6501883370382048
0.24897258492430943;0.5746868520464683;0.2070219161553588;0.7386677357908563;0.25690926726607066;0.27782104173837346;0.5700913143823736;0.5780582238118626;0.694697555134977;0.6791355623636298;0.6442073979104931
0.2641916223042998;0.5683244809270884;0.20818331209207486;0.7316507904803298;0.2547587505850186;0.29422416362968234;0.5700913143823736;0.5433979903769944;0.6890672514329642;0.6731666935089157;0.6380737785939484
0.31562306727473455;0.5791461925185337;0.2094669069033035;0.7420385750629668;0.25266004143930876;0.348440262396845;0.5754096245645721;0.5982127795784732;0.6898750801203783;0.6685871986050116;0.633094122908881
0.31113191951770736;0.5744028176214959;0.21099895249422485;0.7364909058056553;0.24943359446526214;0.3447293494750835;0.5754096245645721;0.570674699591119;0.6876292259331093;0.6643798122844569;0.6284957672338108
0.2536775968602426;0.5729542420541369;0.21251883899315338;0.7342972384614538;0.24498943522730987;0.2858192926758269;0.5724996057856333;0.5620127438616784;0.6847286638507812;0.6603115879056451;0.6240944559079231
0.2489610246984226;0.5748288692589538;0.21384114024722134;0.7355744724085711;0.24088743418645553;0.28193846584363813;0.5724996057856333;0.5729116610187637;0.683075153948448;0.6566566427813353;0.6201098503141123
0.25713410440039997;0.5721589456642144;0.21474233161531942;0.7324333909267227;0.23679168230356074;0.2916303613492195;0.5688011582734838;0.5550256311476369;0.6800558882920361;0.6530016295720545;0.6162100922093731
0.41933563381828476;0.5682960774845909;0.2155426025198901;0.7281279339098051;0.235680743286943;0.4631601855385704;0.5688011582734838;0.5286880570696458;0.6753810646436634;0.6489457003680237;0.6120541405946883
0.40466570716791805;0.5845996534780018;0.21665536208863845;0.7441675869486032;0.23365870391791965;0.44843862335325;0.5674823320288422;0.6302039359288321;0.6799421781966661;0.6468053429287725;0.6095117042455496
0.33289404474963435;0.5532422529610592;0.21766902505765806;0.7118204225426643;0.23130982686808665;0.3733297191413097;0.5674823320288422;0.44504266377225543;0.6669198060790438;0.6419399400254862;0.604857517989013
0.30488361742588443;0.5254068793137732;0.2183294664043265;0.6832200996887108;0.22814788733104163;0.3446380701758926;0.5324904313421923;0.3297082745644997;0.642099868475988;0.6320379471686365;0.5960613577794163
0.29307484668250416;0.5431022239895476;0.21906225434834425;0.7008544911586542;0.2257030554686683;0.33283631457993945;0.5324904313421923;0.43078832675982404;0.6319802965023119;0.6216660931572163;0.5866503183778218
0.2685671678024588;0.5517084670662089;0.21980091918682287;0.7092495983568278;0.22243622415124853;0.30770188777584845;0.5484883670924181;0.4757446359117322;0.6287701590539841;0.6125913369048296;0.5780935289618823
0.2643130046761114;0.5484988780640214;0.22051344197752076;0.705649674788816;0.22003056711780444;0.3038412421673038;0.5484883670924181;0.461301758141042;0.6248697296723508;0.6043871179442517;0.5701372858675567
0.2308866115243892;0.5524753600136338;0.22105148179814194;0.709435194159765;0.21573134802736593;0.26926064820275336;0.5504379363236285;0.48346697255092874;0.6242072569398024;0.597663337744794;0.5633416135606859
0.1745651910038322;0.5515948532962196;0.22145698751605636;0.7083478856221845;0.21055066168839498;0.21006936759075873;0.5504379363236285;0.47897311275801513;0.6235651976591047;0.5921288512789907;0.5575447256061292
0.27763038489772085;0.5416820518646861;0.22229657281806414;0.6978757218175808;0.20657633161660693;0.3219967007100808;0.5361745437864647;0.4286613420444899;0.6182527004568505;0.5864149430829037;0.5516760313887898
0.2843988971544503;0.5341267361604225;0.22315338350039493;0.6897910955193954;0.2031722204098172;0.33031786705186406;0.5361745437864647;0.3923923341105624;0.6105666673454266;0.5799827914318741;0.5452753286253658
0.25049275462842546;0.5437839066094812;0.2240746373702791;0.6991674840001791;0.200942614923191;0.2943054525340764;0.5421666021588609;0.4559844282910428;0.6100533065704332;0.5747127696727399;0.5398430788561239
0.2621570225482206;0.54389752037947;0.2249178703998842;0.6988825958858732;0.19616751909436947;0.3082973809660647;0.5421666021588609;0.45673286660063217;0.6102059789924832;0.570533718956117;0.5353704025134303
0.14751426242868784;0.5427045757945863;0.22595889132588542;0.6971760573909555;0.19202835908199223;0.18464521869765416;0.544732579308763;0.4498753701408952;0.6101997625615239;0.5671889731936212;0.5316842910189974
0.2859595276491702;0.5500610674013693;0.2271391338551867;0.7040914974800726;0.18947910580597171;0.3362025768712729;0.544732579308763;0.5024484698827218;0.614511956035828;0.5655572912979658;0.5295239510525349
0.2959995838318681;0.5545204078734343;0.22832687449121636;0.7080592451821579;0.18761383294791267;0.34774982873175003;0.5562436388136294;0.5333883866783267;0.6206528353864015;0.5657388416100113;0.5290253664220232
0.30658875074418956;0.5610531996477977;0.2296078348325139;0.7140898098956338;0.18658749274711317;0.3596543117136954;0.5562436388136294;0.5775895100676388;0.6292339599802641;0.5679618361411839;0.530423750398421
0.2932077892802025;0.564035561110007;0.23093033873811564;0.7164926453453748;0.18503118363419446;0.3455181039301859;0.5645866483177793;0.597498005175553;0.6377841401940657;0.5718104934611729;0.5334267414437935
0.22197945747859912;0.5680688499446136;0.2322086646094812;0.7199844249618566;0.18357828800621956;0.26793367685975467;0.5645866483177793;0.6246003773583523;0.6467587662290182;0.5770624524045341;0.5378722724978332
0.27797141156138194;0.5681824637146025;0.23343490903681818;0.7195176933703334;0.18182805341081387;0.32982125244139193;0.5631818116658782;0.6253898062227794;0.6539267507140334;0.5829996091420127;0.5431765045562482
0.2683417433976659;0.5611384099752894;0.23468202657207282;0.7117673127016998;0.1849475927470794;0.31832561158897915;0.5631818116658782;0.5631168434996755;0.6558780147524218;0.5882217955906623;0.5481615848076202
0.3725109388637454;0.5506859431363078;0.23601324449360295;0.7005133181585422;0.18298569312401125;0.4330997853612575;0.5532476096274315;0.48042434874482387;0.6519486422578481;0.5914481227727714;0.5516896628198223
0.3272873351945297;0.5589513449030021;0.23722287149521737;0.7083384567011428;0.18020602734644964;0.3844887245438209;0.5532476096274315;0.5469084781924073;0.6531836941238188;0.5943282285743247;0.5549868481982678
0.2676307895056269;0.5697446530519499;0.23880416140870242;0.7185560396376445;0.17688046738325913;0.31995850085768157;0.5702920053326448;0.6239837401333008;0.6597645318569989;0.5982257365048631;0.5591396784196445
0.3019126393729733;0.5736643281165681;0.24004682061022642;0.7219492966505977;0.17379667591833226;0.3587203820988054;0.5702920053326448;0.6499893845820861;0.6668866960962468;0.6030682379408214;0.5641214692851476
0.3269058477402649;0.5811912403783337;0.24115471654217924;0.7290722692160927;0.1712126155044298;0.3872083790627187;0.5908341575997365;0.6978720238903307;0.67622635954882;0.6092036589669513;0.5702415238171118
0.33850075430473914;0.6029198738887156;0.2424857318121756;0.7505213327414282;0.16886494796904072;0.40087686172782516;0.5908341575997365;0.8099710009248859;0.694577052384783;0.618555263123275;0.5791131751128393
0.37192714745646127;0.617093191694833;0.24392455769782995;0.7642413749906904;0.1680139873625901;0.4382307554542245;0.6096847718573946;0.8665736176604866;0.7158523267060766;0.6311879449425993;0.5909004218842119
0.36729727698879233;0.6043684494560746;0.24514289871537098;0.750731847835687;0.16540244409271487;0.4341093842487789;0.6096847718573946;0.755741173555751;0.7251985631875408;0.6435571018079503;0.6027845303012943
0.3924003075020086;0.5987445678416226;0.24627815260430364;0.7444777792081513;0.1638664279443529;0.4626114606218714;0.5980733668773923;0.7104827829037058;0.7287822312643929;0.654320143601147;0.6135827118435908
0.3449976012531285;0.5997102848865281;0.24749548036417934;0.7448812023298286;0.16390970168334174;0.40989920832676763;0.5980733668773923;0.7154164323407863;0.731234596838872;0.6635243701937608;0.6232088281784363
0.3745050778292207;0.5872411736302445;0.2484369993873825;0.731762879184541;0.16246238326085782;0.4432719091487798;0.5833655872360555;0.6163035382508403;0.7257910855494014;0.6695697099029527;0.6302497986516902
0.3447895171871658;0.5820717470957479;0.2492285562760257;0.726133813323142;0.15967902174471815;0.4112372556443582;0.5833655872360555;0.5784483708371441;0.7180167554479786;0.6725235771582148;0.634611717989928
0.21889287716681985;0.5803107336609199;0.24991230254901087;0.7240196183134275;0.1566912522875783;0.27165006884755294;0.5779325965108444;0.5653938840392894;0.7102761073727902;0.6730124219051864;0.6366912103632205
0.33307322825088004;0.5782372823586219;0.2505654484404847;0.7216024470551646;0.1559351041744712;0.3995328617143104;0.5779325965108444;0.5494333603559661;0.7024876985012304;0.6715176842872573;0.6368163729808368
0.34924020415358914;0.5967563268668163;0.25139246934743387;0.7400291565329823;0.15550787679482703;0.41777263409481125;0.577086827506128;0.6702227928876818;0.7054517826720466;0.6710395901673033;0.6374143547285426
0.4240290855283312;0.5601158860453888;0.25203730652604683;0.7024883884761648;0.15607124174464415;0.5011818708213126;0.577086827506128;0.43928414327889065;0.6881420690263742;0.6664659006259268;0.6344015078103222
0.33926950932621225;0.5438691169369729;0.2524411910316955;0.6857864018409869;0.15558622645268594;0.4065906617223032;0.547355896730171;0.36616142797605433;0.6657434216167877;0.657383547310816;0.6273102725209733
0.2456374597559636;0.5540943562359759;0.2528969543298407;0.6959610735654042;0.15429984064647218;0.30223795451026547;0.547355896730171;0.43019515267333475;0.6533694932015373;0.6471215558779974;0.6187447846972566
0.250799100614426;0.5516516601812138;0.253361836946981;0.6932580520580345;0.15367008679274052;0.3082038465663307;0.5518571080434067;0.4186853242602929;0.6424076470177033;0.6362577625050854;0.6092224815949437
0.2910460270393683;0.555230493935865;0.25394912109016765;0.6966160949373038;0.15264717354953183;0.3536232186917518;0.5518571080434067;0.44214310598392437;0.6358062199115696;0.6259683191967901;0.5997690437577482
0.28393648811897787;0.550430312153833;0.25456761356946345;0.6914444279598685;0.15186273623748958;0.34590895832648627;0.5484166917530349;0.41711545877317424;0.6283420421541448;0.61592945746307;0.5902234820195272
0.04457623101955413;0.5496350157639105;0.2550705946748435;0.6903974328704113;0.1478446620599847;0.07794436616441403;0.5484166917530349;0.4128439065172528;0.6223681722848444;0.6064519103813583;0.5809126000520978
0.26307606050622223;0.529837816343341;0.2557338731429759;0.6699642874804901;0.14516780501014503;0.32458497446419127;0.531816683151995;0.3161398226387667;0.6077554171958874;0.595331675115078;0.5701070039631787
0.26798915650811816;0.53733632516261;0.2567959698284268;0.6770801402484656;0.1430593525536379;0.3307892759308357;0.531816683151995;0.37270817897624375;0.600725398212497;0.584733303012023;0.5595427438493048
0.29164715878548264;0.5585252932655438;0.2580734850936617;0.698006187296472;0.14187792572304603;0.3578975529249238;0.5556415659628149;0.5107298519674313;0.606830807012773;0.5777329126465913;0.551801869223549
0.26953822677695116;0.5558553696708044;0.259277843155413;0.6947211704485298;0.1397990391751649;0.3335765906842691;0.5556415659628149;0.49598644373054834;0.6107593477123742;0.5730838209279019;0.5460524946518994
0.35124012323200793;0.5542931803334565;0.2604242428786714;0.6925893683719737;0.13985118268674168;0.4260258729925356;0.5552688541980251;0.48699320634497767;0.6135132436508526;0.5700313504893826;0.5417773377869469
0.28654909916939775;0.5593489930979634;0.2615118736573061;0.6972107904572387;0.13880522147385377;0.3531612947796684;0.5552688541980251;0.5204522256633569;0.6187545804655413;0.5688584630427745;0.5392566032646566
0.286069349795095;0.565654557332349;0.2627735821029509;0.7030195830992938;0.13757763150865765;0.35302810975798227;0.544546223426368;0.561274945432124;0.6265344860832707;0.5698039076016208;0.5387368957376641
0.3863774298149786;0.5267418411111429;0.2635845935387806;0.6630907964686565;0.13834211183237755;0.46642497899890034;0.544546223426368;0.355981773789701;0.6127163771522968;0.5672144739316891;0.5356402916550709
0.415786644471033;0.5304626920782796;0.26435061633423995;0.6665082992785715;0.13742220890263113;0.500155987172348;0.5137688326954226;0.380422162109082;0.6042893004758841;0.5631024724546486;0.5314064984792215
0.4032553596097268;0.5009515153236572;0.2651922281515793;0.6361189829773339;0.13720422752176198;0.48604254040968686;0.5137688326954226;0.2692640136895489;0.5829125508559251;0.5546369024868312;0.5236321211455679
0.4880496164895062;0.49973016729627684;0.26611814300672787;0.634438229695059;0.1374330273373785;0.5820836075664045;0.49500422884502404;0.2652411493709833;0.5663348296261806;0.543850470152433;0.5137873298720865
0.48218858196489156;0.49450393387678604;0.2669001752733111;0.6287559577792152;0.13792744996389938;0.5751901788994715;0.49500422884502404;0.24750711229186942;0.5516247605486407;0.5316595639732867;0.5025513197054601
0.43829440427265953;0.502485301218508;0.26773894996918557;0.6364685265502057;0.13940184807087475;0.5247574045987057;0.4978282372167029;0.30567371948142075;0.5454090876648924;0.5204018333858291;0.491822026621768
0.36894460917766325;0.49734427812650894;0.2683983780581878;0.6309310559217757;0.13829359686413234;0.44669264826989996;0.4978282372167029;0.2857734530203838;0.5391001831716689;0.509868069030591;0.48151701619148535
0.5524516349049461;0.47822876132587266;0.26905456372265935;0.6111940150597184;0.1395053959463124;0.6539402285363385;0.47317192046904344;0.21893674917347358;0.5255281046744154;0.4981548397670685;0.4701389500154375
0.31628778026322635;0.4727468969239075;0.26973202779811434;0.6053016129035363;0.1383073718897423;0.3870235641079972;0.47317192046904344;0.20164739167193838;0.5135050758616457;0.4858731111654869;0.4581570978298962
0.3614593629159514;0.5011787428636354;0.27076676652658627;0.6337032549212714;0.13692382175654427;0.43875759949977766;0.5010822976246794;0.3949039363707062;0.5204564009155435;0.4777308579527288;0.4494399377248093
0.29251995583993706;0.5050984179282532;0.27157980447774666;0.6373004845118425;0.1355941622113419;0.3610163929642864;0.5010822976246794;0.4179348242250831;0.5294563900464228;0.4733962296557683;0.4439294186023772
0.40127856098308157;0.5190729116368908;0.27257360759651217;0.6510297632551871;0.13572122842318635;0.48444382924791196;0.5141845496638426;0.4964192642639833;0.5451840099030005;0.473736667680643;0.44250295796447886
0.3811464276011953;0.5131649955974664;0.2735167478319829;0.644578264566672;0.13452421229531897;0.46208773994862673;0.5141845496638426;0.46798242168583004;0.555671183072782;0.4765482853861279;0.44352135047418073
0.3993306629211535;0.5328201778055504;0.27475981233657176;0.6639620095301381;0.13414563427441384;0.482914513655202;0.5209793718373259;0.5697793996746747;0.5752172744737409;0.4835302896576139;0.4484276963022504
0.3892328056090216;0.512880961172494;0.27566809650833335;0.6432682218228719;0.1345697034774549;0.47125697653209364;0.5209793718373259;0.474997058780952;0.5810623221304453;0.49053115894836746;0.4539109661567101
0.39297253868340587;0.5236742693214418;0.2766874337202827;0.6537526047394371;0.13524400777986578;0.4752180426661716;0.5225992345073749;0.528029501281026;0.5920768759047221;0.4987988167369397;0.4609006104263759
0.4494326819146046;0.5252364586587897;0.27812281452987;0.6546586470806813;0.13552132256372706;0.5392069543224949;0.5225992345073749;0.5356860002954928;0.6022190207696495;0.5078686682852152;0.46898512150218974
0.43408070193691584;0.5288152924134404;0.2795482654143342;0.6576187510066327;0.13657292817735245;0.5212898704153694;0.5291073553233279;0.5539397953203292;0.6126100496276151;0.5176405373134367;0.47803533377190194
0.2643765859184888;0.5329905984605334;0.280842398105289;0.6612473461916868;0.13569408154344798;0.32903124887677027;0.5291073553233279;0.5756708167727316;0.6233876212929057;0.5280676142321167;0.4879677633020812
0.2910460270393683;0.5176243360695318;0.28180783000940846;0.6451735373674872;0.13244512416169751;0.3604152657325749;0.5141845496638426;0.491834873732081;0.6241901908287334;0.5366036025445193;0.4966365761620707
0.2586484939915725;0.5146135711648254;0.2824457770358926;0.6418110686681372;0.12684554265369496;0.32530679429620085;0.5141845496638426;0.47632038722090064;0.6235891350685139;0.5432868591020766;0.5039235851324885
0.2993000283225534;0.5220552730990997;0.2831852524805045;0.6490223652082819;0.12330347960506671;0.3730165691124414;0.5201622729683626;0.5206452854950396;0.6273269815357707;0.5495385119809959;0.5108824952295324
0.26998329547359357;0.5220268696566026;0.2841354855196343;0.6485423561565176;0.11889500104320638;0.3408690076291423;0.5201622729683626;0.5204783452615107;0.6305397198122921;0.5553177370679077;0.5174431977665651
0.2588334576057616;0.5321384951856167;0.2850441749944608;0.6583865345771043;0.11512447415519622;0.3292587694916625;0.5350564084920939;0.5813816364738275;0.6385738327914213;0.5618864230770189;0.5246191575866616
0.3070685001184923;0.5414548243247079;0.2858843682510699;0.667455039921859;0.11340521656860081;0.38551066504281;0.5350564084920939;0.6330592501217955;0.6498805332378222;0.5698790719381398;0.532967153243167
0.3089990578415902;0.5682960774845909;0.286709970597288;0.6943395877868143;0.11156971120490833;0.38841502238522196;0.5645866483177793;0.754627343420653;0.6727294279105006;0.5818056114242981;0.5446204017852333
0.2757634084170004;0.5638083335700288;0.28762838734570906;0.6893430293429939;0.11160478712377819;0.3499714234696338;0.5645866483177793;0.7231674512131075;0.68808044914515;0.5950637975624058;0.5575788699368766
0.22985197130751936;0.5723577697616951;0.28850444992369173;0.6976151757137155;0.11022916602971167;0.29729397896006826;0.5716108315772872;0.758443490167768;0.7041570662580284;0.6095629901087614;0.5717781124787727
0.20922274821250006;0.5736643281165681;0.28935234393856035;0.6985403645374815;0.10775302118229368;0.2741102741925644;0.5716108315772872;0.7638383069488219;0.7168551061041366;0.6242369302759947;0.5863375798393482
0.2528972816128827;0.5746868520464683;0.29032365273714067;0.6991183189118952;0.10619758560758452;0.32526032545565325;0.5744635100847204;0.7683020039351933;0.7266138033251182;0.6383389632549811;0.6005924457732098
0.3045657112139971;0.5769875308887435;0.2911934331175958;0.7010433582199118;0.10619839195054714;0.38525393872875335;0.5744635100847204;0.7788145376254096;0.7346225962177277;0.6515597648057768;0.6142148364073703
0.3702624749287601;0.5717612974692532;0.29191912825795097;0.6953878336515112;0.10744721561375625;0.4610047348528139;0.5758253415329921;0.7319842244640299;0.737257656249243;0.6627744351535192;0.6262006868470544
0.30183171779176565;0.5826114125031956;0.29277249386421733;0.7060087434962091;0.10744358707042512;0.3816253904196202;0.5758253415329921;0.7850816743574118;0.7440067790757549;0.6733803417197692;0.6375995314350621
0.13226054437103701;0.5915869003323202;0.2935415564326753;0.7147646512444151;0.10551730092820155;0.18533006824927778;0.5893863157442047;0.8246382948816104;0.7529280832215368;0.6840251891902049;0.6489207868715566
0.30621304340286803;0.5896554662425082;0.29441802431372555;0.7123857729511955;0.10559894315315721;0.3873879440483464;0.5893863157442047;0.8060746332035926;0.7577816490913122;0.6937162647943629;0.6593499961995832
0.36629731744958294;0.5722157525492091;0.2949901095919225;0.6943916392794989;0.10615115369199257;0.4569524576121925;0.5753666193609428;0.6546033921421828;0.7513338519981276;0.6999079152206271;0.6667464404577369
0.35959816654817434;0.5812480472633283;0.29545965319432455;0.7033474786391638;0.10664846571412934;0.44896640059756;0.5753666193609428;0.70300111890864;0.7498617099932898;0.7045047846885479;0.6725495405424257
0.4119486494766108;0.5842872156105319;0.2960295093056553;0.7061653790416638;0.10812676114542374;0.5090470223454455;0.5922819994552668;0.7187885332606697;0.7491902444978055;0.7080196978073001;0.6771562635764353
0.3927413341656696;0.6026926463487374;0.29677769876619653;0.7245140593871926;0.1103409789205152;0.4857940903792992;0.5922819994552668;0.8042299000834867;0.7571390178508587;0.7127562708927475;0.682471088335497
0.4209136046518349;0.5918709347572926;0.2974930586783593;0.7131772250377484;0.11401118330493776;0.5166864168277853;0.5931851087314897;0.715663404294469;0.7565626943288294;0.7164059837045486;0.6866899542864385
0.32043790135659245;0.5968983440793023;0.29831298678164675;0.7178968810861036;0.11565068013349022;0.40010242600107393;0.5931851087314897;0.7395305560215755;0.7575499314577071;0.7195647944374342;0.6902914276485888
0.3012537064974249;0.5980060783366947;0.2990534754839258;0.718671014746255;0.11628076996345604;0.3777620969711978;0.5868203385943032;0.7449094325326956;0.7577140202953518;0.7221315739798941;0.6932082424306338
0.3818169207026305;0.5781520720311302;0.2995345702237211;0.6982666371868558;0.11757837737589805;0.47002729026370305;0.5868203385943032;0.5916867140457394;0.7463382839574824;0.7214305818466629;0.6932469106096363
0.3160334552937164;0.5808788025108647;0.29995507215509054;0.700837942440093;0.11824152726732717;0.3940627960717819;0.5807709399504009;0.6076921025417851;0.7377853827740147;0.7187988676145542;0.6914069261455857
0.3216748455264815;0.5832930951231292;0.300614297592559;0.7029784037298505;0.11872130133002923;0.40037269312296514;0.5807709399504009;0.6222921771106205;0.7313792111721806;0.7151423649839619;0.688409092848624
0.4147866849318236;0.5999375124265063;0.3014668525926929;0.71948796340501;0.12062823524115207;0.5065825304231052;0.5938445218538111;0.7139929052228726;0.7341228225915472;0.7128814756174171;0.6862632521884415
0.3601241568260244;0.5901383247649612;0.3021528280325434;0.7092041855942626;0.12222136734935929;0.4431616517282624;0.5938445218538111;0.6390066840604872;0.7302620412988612;0.7101379501877084;0.6835448971341113
0.4456351477107863;0.5684949015820715;0.3026543905771888;0.6869716557012162;0.12450896233404052;0.5401385144068299;0.5695179116673112;0.5008258746119244;0.7151158662202424;0.7042757748516826;0.6781090497349445
0.2761044350806614;0.5733802936915957;0.3031833110788167;0.6916851540868502;0.12488048485402348;0.34590959961131273;0.5695179116673112;0.5304119066187898;0.705086504937541;0.6971576176407387;0.6713915446722425
0.39315750229759483;0.5745164313914848;0.3037231747632356;0.692583403136213;0.1266895824856933;0.4791081120120213;0.5745781906277321;0.5374808597609452;0.697231989724652;0.6895612720773328;0.6640334659866897
0.20707832631049608;0.5773851790837052;0.3041937316233039;0.6952752638799011;0.12614053012346127;0.2665573481933553;0.5745781906277321;0.556060523147907;0.6920712969831856;0.6822346331337218;0.6566841243665528
0.3204552416954227;0.559888658505411;0.3046932676526195;0.6772578465460417;0.12713260074835353;0.3958411880013787;0.5557705815737042;0.447035610498588;0.6784968862706406;0.6730865394984232;0.647691356713761
0.27812747461085385;0.554747635413412;0.30503980177437473;0.6718689295307454;0.1268229650507442;0.34757734049478056;0.5557705815737042;0.4185542432528587;0.6649059188220218;0.6624772732145662;0.6373131409209315
0.32103903310270676;0.5682676740420942;0.30542159726290663;0.685426948279674;0.12722277676966232;0.3964748988516039;0.5667942487707682;0.5118820339312532;0.6611543234639471;0.6530814835251249;0.6277248375638494
0.31602189506782963;0.5682108671570996;0.3056643737996678;0.6852539564426181;0.126804015991125;0.39089552312733455;0.5667942487707682;0.5115248113878295;0.658099008449734;0.6448250660050767;0.6189670077345305
0.37377100348540804;0.5499758570738775;0.30592052533762093;0.6666016263541809;0.12858361490941572;0.45616108709559544;0.5509539987671843;0.4056629418729196;0.646177493206065;0.6353333663566444;0.6091758348293174
0.3408417000468189;0.5551168801658761;0.3062698965808428;0.6716601462791258;0.12914516558756706;0.41835803261174265;0.5509539987671843;0.44261981584153076;0.6395930392309863;0.6261457077451773;0.599574862573515
0.3993248828082101;0.5562246144232685;0.3064285727313303;0.6727105088403831;0.13028822393219208;0.4845846858971251;0.5555412204876791;0.4507619402523353;0.6351691295367747;0.617724416207625;0.5905779250984886
0.3494945291230991;0.5579572244155995;0.3065856276695529;0.6743966500775381;0.1299996203468552;0.4278942310187036;0.5555412204876791;0.46413169775460283;0.632813093614937;0.6104169141922269;0.5825178081547211
0.3174091221742472;0.5679836396171218;0.3066956674520753;0.6845334136908319;0.13078177302050364;0.3910250093367836;0.5747358763743744;0.53879321907421;0.6364140188280718;0.6054428073644724;0.5764465786065336
0.2611570630090112;0.5842304087255377;0.3069461447470996;0.7009247269990608;0.1318769211541051;0.3265784663792009;0.5747358763743744;0.6413804837286831;0.6478735296729317;0.6042382220551192;0.5736357677271283
0.14709231418381916;0.5887749595250948;0.3072249932567699;0.7054105842909939;0.13114959980190855;0.19686554822620056;0.5955934001347498;0.6670612478482525;0.6592782508709597;0.6060359877012639;0.5735981923286637
0.30581999572271645;0.6047660976510358;0.30761003116983154;0.7214782354524736;0.13221047835960298;0.3773124055934594;0.5955934001347498;0.7484967753710299;0.6764584439077543;0.6116340535391941;0.5770670304486274
0.2526256163045426;0.6024370153662626;0.30820663728354347;0.7188281313591098;0.13197583255750844;0.316834256444362;0.5984317435743058;0.729030147889466;0.6884474550970155;0.6190154146870227;0.5824898709024153
0.27081563173744416;0.5967279234243192;0.3088924100718602;0.7127008720982256;0.13271545063988377;0.33730378647768045;0.5984317435743058;0.6811703084307947;0.6944762085610556;0.6263802503069236;0.5883838249012944
0.24351615830573328;0.614224444002613;0.30954089497807136;0.7301732400678336;0.13373581046371097;0.3059347956485974;0.622629338149916;0.7681977944372866;0.7078256361188359;0.635504425939379;0.5961121526311038
0.33322929130035195;0.6328855057232934;0.31040925679779274;0.7487246422157419;0.1351627687263912;0.40739924576720177;0.622629338149916;0.8420747079846278;0.7273636731228007;0.6475345263351177;0.6066128979085434
0.3657771072846763;0.654046070383731;0.31142535158521056;0.7697459406089581;0.1368742988595959;0.4436749321465373;0.6504680399661695;0.9084073582364227;0.7528265789644343;0.6633239595788352;0.6206299028376032
0.35659250781760277;0.6482233646717983;0.3125591869134112;0.7632904971677638;0.13858287240193778;0.4325827688562246;0.6504680399661695;0.8612439915027876;0.7686190965095598;0.6797793605633713;0.6357033591967596
0.3169813938164352;0.6497287471241511;0.31362675519025984;0.7643134388872173;0.139225863719304;0.38747862144840756;0.6540804770710587;0.8662127040247389;0.7804632626959441;0.6958115183968098;0.6508633639577747
0.38280532001595313;0.6596983554406797;0.3147845033993777;0.7738950507208598;0.1410571357824435;0.461248917403683;0.6540804770710587;0.8986163702987617;0.7934775589424237;0.7117884061985701;0.6662959440676745
0.40246348413648003;0.6412077143749824;0.31585551675228984;0.7545960698332828;0.14275287503263168;0.4827459056721275;0.6360326266144867;0.7511493898110271;0.7924705775346944;0.7243260952591469;0.6791569566013488
0.3415642141647448;0.6324594540858355;0.31696523654804043;0.7451790792639362;0.1433871309679038;0.4137331667531322;0.6360326266144867;0.6898818356135112;0.7855524938527493;0.7326811655979957;0.688631903743228
0.36036692156964745;0.638537790780243;0.31820505862809956;0.7507673506098111;0.14456714669831117;0.43449161121115465;0.6339253716366344;0.7169600244953634;0.7817868753306993;0.7384534497672668;0.6958274870579817
0.331084869398348;0.6309540716334818;0.31934233903236553;0.742520700811291;0.14556452574770673;0.4011010663068719;0.6339253716366344;0.6633604394878235;0.7734343866699602;0.741048882615049;0.7001669624638361
0.3771234689925841;0.6308404578634934;0.32046158345017783;0.7418738575851918;0.14919253151709055;0.4515085540676932;0.6218265743488298;0.6625452546855419;0.7654653178614748;0.7411956721486344;0.7021471940982262
0.5158288392955198;0.6146788990825693;0.32134818390788755;0.7250292825726403;0.15226147283245783;0.6057961940052695;0.6218265743488298;0.5530469274914358;0.7495479435031411;0.7374590177099656;0.7005554235727942
0.3370904067465478;0.6190530292271426;0.32220762906014766;0.7290663039803321;0.15301002788266782;0.40510310981273834;0.6175117189179891;0.5786965406747917;0.7382562940504467;0.7317356384138523;0.6968434319074112
0.35466195009450485;0.6179168915272535;0.32288630904480264;0.7275895232756763;0.15412069811829787;0.42436860135160825;0.6175117189179891;0.5709588991874588;0.7278539861521087;0.7246382161846614;0.6915168019656658
0.35871380926783303;0.6107024171329569;0.32366651744758723;0.7198876342009667;0.15572115450841473;0.4282872867700923;0.612494445161198;0.5217603904069367;0.7151083146936897;0.7158741591923271;0.6843726171088895
0.5171640453854468;0.6163262987474081;0.32452211222071625;0.7251965016008961;0.15910564470311628;0.6037508115011383;0.612494445161198;0.5597144933344733;0.7073435415056153;0.7069828231091293;0.6766802905190976
0.5099446843191315;0.5831510779106428;0.3251608698533337;0.6911800333168036;0.16265577118136965;0.5938946534923323;0.5913502200432919;0.3719857286808492;0.6834072156257475;0.694074033292812;0.6653644561384473
0.5554399532966874;0.6019825602863067;0.32590399302554296;0.7099640796593731;0.1667253169179823;0.6423095092251742;0.5913502200432919;0.48916354929669115;0.6740996016292149;0.6814933417217751;0.6538580754445463
0.883449802609143;0.5938307722896017;0.3263419229887683;0.7014721817003116;0.17441084047478816;1.0;0.5805129087286223;0.4489704561327569;0.6623370948259528;0.6685807236682222;0.641732555744696
0.720508418734502;0.5698298633794416;0.3265692980090078;0.6769741129934953;0.18064467791806305;0.8161180512107683;0.5805129087286223;0.3466966287620229;0.6405490848042745;0.6529750816425987;0.6271351633646266
0.553601877380684;0.5700286874769223;0.3269346787233509;0.677002688397058;0.18517995391078035;0.6304569594895103;0.5766281053340783;0.347968841966644;0.6237303351474909;0.6364182312639944;0.6114289131808914
0.5518216025941147;0.5859346152753715;0.327212311323823;0.6930347405709338;0.18865898781783774;0.6266928776585323;0.5766281053340783;0.4461177269929991;0.6191589460524217;0.6220658770122535;0.5972040358524093
0.4069199512158468;0.5886329423126084;0.3274068567956858;0.6956844598103777;0.19045209298075094;0.46777996390534116;0.5884258661964763;0.4618980406834722;0.6173716631254268;0.6101512374245053;0.5848111270244213
0.36918159380834303;0.5907063936149064;0.3273673397467123;0.6978102966511746;0.19209730140528802;0.42601911879177323;0.5884258661964763;0.47452123243099187;0.6174613031324707;0.6006412303579861;0.5743666549375471
0.39663135017658246;0.6184565569347003;0.3274486030115229;0.7259718860362867;0.19380271677102634;0.4552368915335476;0.6121073983285306;0.6216827743772618;0.632363679375958;0.5966415484980315;0.5685025474198747
0.38882819770298305;0.6078052659982389;0.3275142621082763;0.7151166963677678;0.1966864007907536;0.44563175098881325;0.6121073983285306;0.5629307026154822;0.638745837794021;0.5949871199243634;0.5648832553918672
0.34441380984584435;0.6157298264549667;0.3276940140182161;0.7230844232877414;0.1972432478016235;0.39723011460411367;0.6278759729927321;0.6013257423990498;0.6480330611540798;0.5959122995829583;0.5637486769611766
0.23707133237383457;0.6417757832249271;0.32805392314116233;0.7493818764976828;0.1962680431836974;0.2810332150191045;0.6278759729927321;0.7100254020777467;0.6689075122350217;0.6017067901653929;0.5670026285709687
0.3237903668637685;0.6547561564461613;0.32854616371528156;0.7623390420639561;0.19648145528777894;0.3751112035334126;0.6602875614616028;0.7554544643205438;0.6918326913783565;0.6118932738460092;0.5743941797500265
0.35134416526498924;0.6669696367199704;0.329190190287763;0.7744448145456301;0.1970890347100409;0.4048041382467122;0.6602875614616028;0.7948449392819352;0.7157047848968027;0.62582262910931;0.5854841548988357
0.4148329258353708;0.6832164058283867;0.3299602661138863;0.7905894364911173;0.1991583795328653;0.4728510926063657;0.6829656388423002;0.8422442032898612;0.7421426667379195;0.6433675379338546;0.600207229057807
0.3833833313102938;0.683443633368364;0.33065677943346206;0.7904896631123478;0.200513102905153;0.438261580944901;0.6829656388423002;0.8428899291403795;0.7619647340893937;0.6622029973692213;0.6166991575720944
0.4084690214846798;0.7188627261624108;0.33183438749283223;0.825924029451331;0.20214272203241435;0.46476232256124006;0.7146174687137146;0.9303272438754304;0.7946654845354425;0.6851892227117391;0.6371864935806235
0.33915390706734405;0.7105121140682251;0.3329994311571447;0.8168848692179786;0.20320864023362462;0.3894575057995813;0.7146174687137146;0.8762333911460287;0.8143382222977502;0.7083415780734906;0.6584833097523306
0.37336639557936957;0.7315022580736787;0.334140359289008;0.8376737158434928;0.20462457847581694;0.4258912002578167;0.7214839662265802;0.9233933076799747;0.8388269386796559;0.7327929340487153;0.6813649573373065
0.39712843988971547;0.7114778311131311;0.33515300900036227;0.8168437860620145;0.20687642558915953;0.45066017209864184;0.7214839662265802;0.8042705863140163;0.8454960339341839;0.7539688119795479;0.7020574996047118
0.42012750929153153;0.7051722668787463;0.33607547877944466;0.8099980045324249;0.21057538953924548;0.47394435798668977;0.6994939721039577;0.7692619479840042;0.8452570701899185;0.7708516538494768;0.7194866511249345
0.3903079066164953;0.6942369415173117;0.3369381663562372;0.7984757668070034;0.21286278293818595;0.44103143749866414;0.6994939721039577;0.7098354886978793;0.8372026177431338;0.78240769659493;0.7325720621747299
0.1709873010918633;0.6989235095293549;0.33776295809632284;0.8028467452038054;0.21146404667919416;0.2060308117903607;0.6942043320575118;0.7255089000672184;0.8312348258908832;0.7902075447714881;0.7423434955112487
0.4065326836486385;0.6900048285852245;0.3383202498125959;0.7935188483169475;0.2132857098220302;0.45827250050173995;0.6942043320575118;0.6758971811537957;0.819899748254894;0.793702852268216;0.7482341375907958
0.3837012375221811;0.699434771494305;0.33890246766745413;0.8028252895977636;0.21524982688824545;0.43305182424599853;0.7038518327384282;0.7105364653512598;0.8140238055686989;0.7950763517548396;0.7518846639619121
0.37248781841197176;0.7086090834209107;0.33940646203049774;0.8119090928858408;0.21702620043468612;0.4203955683237881;0.7038518327384282;0.742918011404069;0.8123590832917148;0.7957720708620014;0.7544545583891298
0.4982226152699024;0.6946629931547705;0.3396958484198951;0.7975994544310825;0.21968861050644728;0.5536703490883885;0.6860190083000042;0.6621831221688744;0.8019979066345214;0.7938198864944059;0.7544202864171596
0.3145479662672609;0.6780469792938906;0.3395691912116501;0.7807741221145336;0.22008109794345598;0.3574454641145407;0.6860190083000042;0.5762929352514271;0.7835538844717242;0.787792273763399;0.7506107721871844
0.3372464697960198;0.6798932030562104;0.3395426438608027;0.782662888940587;0.22085384328254154;0.3814138654650139;0.6743215929127424;0.584489447164467;0.7685814764497848;0.7793449029370861;0.7442829649140938
0.44460628760685983;0.6696395603147103;0.3394818484008457;0.7722718330996308;0.22350046247128685;0.49484280996248264;0.6743215929127424;0.5325270652546679;0.7502117682976442;0.7681391347475208;0.735177526400354
0.39021542480940075;0.6930724003749256;0.3396664639475828;0.7959970189215346;0.22472361755018921;0.4364726384266162;0.6924267836408204;0.6361341108617925;0.7468953138280656;0.7583715045306939;0.7266564897278901
0.36855734161045506;0.6923339108699977;0.34003792420792056;0.7950701944686097;0.2253426873596669;0.41321107486322706;0.6924267836408204;0.632162323164596;0.7428495707057678;0.7495778014710489;0.7185193515280252
0.3218020080112365;0.7185502882949417;0.3407427462403563;0.8213770765995928;0.2262076245774678;0.3632146483199774;0.7104889691652687;0.731234686367976;0.7522859966908428;0.7448276880869291;0.7133443282554286
0.38694966099637584;0.7026443604964925;0.34136589970491915;0.8049173555070761;0.2280295565012913;0.4317767473792674;0.7104889691652687;0.6458435025017131;0.7502884396294264;0.7405439273557834;0.7084970480711671
0.485390764535539;0.7176981850200241;0.3421532009113628;0.8198415094586509;0.2304560440612673;0.5351875417005048;0.7280064221104081;0.6998584451749408;0.7554440319724647;0.7383652463003688;0.7053257695869137
0.5767454496060853;0.7382054705030248;0.3429273297681519;0.8403138137349352;0.23431305123200818;0.6300250792567024;0.7280064221104081;0.7646599601591426;0.7689791516870127;0.739899570376957;0.7052111681156875
0.464281792066217;0.7484307098020282;0.3436945684728112;0.8503406053405786;0.23637809555903266;0.5103144812859215;0.752605398586562;0.7939793354859743;0.7835819840662211;0.7446628246458139;0.7079096381948042
0.4047466287491257;0.7562132530462691;0.3448144208452213;0.8577176777067783;0.23697465496080672;0.447270461626611;0.752605398586562;0.8157101318501347;0.7975855509516004;0.7518641224546956;0.7128847219283957
0.43899957805175516;0.7747038941119664;0.3459622391292134;0.8759632172017381;0.23806429308416455;0.4829592941203046;0.7622385641996012;0.8636261587816483;0.8165246239770919;0.7622108929839295;0.7207409174401095
0.47676105591103246;0.7490271820944701;0.3469509759596505;0.8494006958543724;0.24070385677198725;0.5216241691149491;0.7622385641996012;0.7218220989539571;0.8161625827577643;0.7704006480891149;0.7273159711360384
0.4997716855387354;0.7753287698469058;0.34824612190827064;0.8755139002500973;0.24376816161532022;0.5444695141614123;0.7695207786808864;0.7937713343449178;0.8276939047007055;0.7797445400023871;0.7350746871359208
0.48722306033859897;0.7628312551481242;0.34958564854265983;0.8621777497860696;0.24581069553464086;0.5304117512131058;0.7695207786808864;0.7321289344526442;0.8282495242787895;0.7873541861277297;0.7417146477568047
0.46020103232817167;0.7642230238304881;0.35093834752670894;0.8629498629631398;0.24766703142486501;0.5013208150121912;0.7514872632921916;0.7361757388948121;0.8274173599994016;0.7932404104525811;0.7471221305728595
0.5958718433358188;0.7382054705030248;0.35202131732007835;0.8359962338195379;0.25136324036982916;0.6414674379580912;0.7514872632921916;0.614262644035088;0.8112637768218328;0.7940381104242994;0.7485291178758409
0.4456640482755033;0.7331212542960208;0.3529995162707893;0.8303651474750594;0.2542007612549517;0.4834916234158563;0.7126535644146275;0.5924150548197458;0.7941685976371726;0.7905370015499011;0.7463497482101273
0.5891437918696931;0.6923623143124948;0.35375905421718734;0.7885846362081728;0.2582877777557526;0.6309736278936734;0.7126535644146275;0.4421464298011296;0.7579916879490676;0.7789765715518945;0.7374690785244705
0.5071008687509754;0.691425000710086;0.3545747266382788;0.7872448634990492;0.2618463036398657;0.5441545737428167;0.6857896472139786;0.43911674991910166;0.7279707980200752;0.7624592464423066;0.7240844178115574
0.4319883010514025;0.6808305166586188;0.35540073428756536;0.7760864089415411;0.26374450216889445;0.4655617653826628;0.6857896472139786;0.4043072065052855;0.6980966458931978;0.74201193498006;0.7069239845315114
0.40152132572670474;0.6871928877779987;0.3562257286791839;0.7821602697210206;0.26563900495934534;0.4333362381602952;0.6821772101090895;0.4332966906871645;0.6774897536479446;0.7206645231808664;0.6883560013322143
0.3429398810452756;0.6779049620814046;0.35700695033963203;0.7723508243667184;0.2665302827139222;0.37248246821227055;0.6821772101090895;0.400997192625988;0.6562454931661355;0.6984427046519952;0.6685035348995543
0.409451640685059;0.6740704973442786;0.35772636328245877;0.768112620572328;0.2677915374978037;0.44074943211683826;0.675124356713829;0.38762231029834926;0.6375779311670151;0.6761452587198942;0.6480835244417567
0.2547469177547729;0.6770528588064879;0.35841010955544483;0.7708187209110569;0.26785335712493064;0.281013684623063;0.675124356713829;0.4034449241744835;0.6246843373129664;0.6551853662020886;0.6283145812527512
0.25753293219349505;0.674354531769251;0.3590433955966654;0.7677759696057763;0.2674479682005215;0.2839941664123616;0.6759701257185449;0.392856920029508;0.6135094002732274;0.6357116561087588;0.6094574186070042
0.3140450964411844;0.6784446274888518;0.35973767974937587;0.7716027645596488;0.2681325533757044;0.3421486567899138;0.6759701257185449;0.4168105370258729;0.6073360302560259;0.618637925215487;0.5923564398859597
0.31699873415526536;0.6543017013662058;0.360208236609445;0.7468449194568089;0.26890550030053073;0.34496623605959137;0.6567611347639732;0.32332913544523667;0.5904799652417809;0.600897568546633;0.5747344484289569
0.34601490113116806;0.6604368449456075;0.360773837038578;0.7528110211386787;0.2704173261600169;0.3744178906689849;0.6567611347639732;0.36028215637063954;0.5811807481977866;0.5844536566541272;0.5581249110553506
0.2825781615772772;0.6714005737495383;0.3614324545214478;0.7636398483136757;0.270662454420624;0.30897527235962746;0.6615633825026159;0.4240480383435773;0.5804173490240271;0.5711136847124837;0.5440217440017586
0.25000144502823585;0.6528531257988468;0.3622086098935684;0.7444231299515062;0.2707451717695297;0.27538783677181367;0.6615633825026159;0.35169153941682885;0.5710143930532591;0.5581649622158158;0.5304189509442909
0.2875837393862676;0.6531087567813216;0.36303461754285316;0.7442907402030138;0.2711519717941233;0.3139972402566789;0.6432288306885132;0.3532372637831648;0.5647209718914546;0.546282153324125;0.5178416932018579
0.27997133063980073;0.6348169398131054;0.3636788467668648;0.7253964332123545;0.272276013883882;0.3058508451728862;0.6432288306885132;0.2877695338996098;0.5512970956361395;0.5335255727539848;0.5047815028501496
0.32321235556942784;0.6508932882665377;0.36435489228158957;0.7414125139485489;0.2729537451438837;0.3501522930725541;0.6479737381556498;0.3844369139305319;0.5502995189503357;0.5230787642895767;0.49368305345272834
0.24822695035460993;0.6464339477944732;0.3648418639158475;0.7366496580476705;0.2728496597064709;0.27303507768309104;0.6479737381556498;0.3672963316918434;0.5483773802067216;0.5142559085893524;0.484084897727372
0.2750697948637916;0.6487914335217426;0.36544414427249006;0.7387594272373043;0.27315324783186123;0.3005710307649305;0.6544961940394787;0.3817918755273818;0.5492952257287965;0.5074198626696239;0.47630920225440676
0.32027605819417704;0.6614593688755082;0.36631027692534524;0.7512215744489326;0.2739584484751887;0.34683082518429925;0.6544961940394787;0.4575400862505632;0.5577856283145664;0.504006813625954;0.47153486694619934
0.39940580438941775;0.646689578776948;0.366986525091602;0.7358912071847609;0.2775450619724964;0.42691282779480466;0.6369357358907095;0.3926571455300655;0.5578538218326146;0.5012928861398627;0.4677066485966912
0.42992480073060624;0.628767006561195;0.36766196265172724;0.7173573158902133;0.27977433148288844;0.45737877632361845;0.6369357358907095;0.32425177956671747;0.549684257534486;0.49714364127961735;0.46309748710091003
0.35260422988665197;0.634532905388133;0.3684991161353368;0.7228192589368369;0.28116332443108316;0.3777594656630313;0.6389856505970557;0.3598254038944989;0.5474637290032599;0.49328658711451784;0.4589476210986007
0.38262035640176406;0.6449853722271142;0.36948258402591083;0.7329743031113323;0.28298330769274704;0.4078498636776125;0.6389856505970557;0.42228129336789444;0.5523648665280166;0.4913876599715662;0.45654547802699147
0.23944695879357483;0.6692135086772519;0.37065735496381524;0.7570375831019882;0.28326888749197443;0.2614912644257978;0.6454077610057483;0.547064748632805;0.5699485076667355;0.49412605877667254;0.4580609164037857
0.8266139520366228;0.623029511176755;0.3714079762427538;0.7097482728237137;0.29032438841406116;0.8567855080820342;0.6454077610057483;0.3706668151411284;0.5606776275901204;0.49407201251498717;0.4577588411843781
0.4605304987659459;0.653733632516261;0.37240988542284814;0.7404746249454227;0.2934408367689705;0.48337831304187795;0.6434151865709081;0.49996573678328715;0.570428432772;0.4963897454453559;0.45953817441764655
0.3704300982041189;0.6345613088306306;0.37328047640943574;0.7205780621335102;0.29473824259567194;0.3915434348226039;0.6434151865709081;0.43718676306154336;0.5690522103759487;0.4979107060050274;0.4609453440089248
0.27198899466495574;0.620274377254523;0.37421166020444563;0.7056173470595327;0.29508013201178196;0.2916675412555587;0.6018148195931703;0.39409101162741356;0.5615126717088125;0.4973019201707939;0.4608328916185151
0.3974521262145463;0.5855937739654049;0.37494910913372603;0.6700242284785358;0.2972844048903358;0.4180621549540342;0.6018148195931703;0.3038680673296692;0.5386324104955321;0.4912748763016045;0.45645468910525483
0.563260446109117;0.5744596245064901;0.37560326828286694;0.6583989461160243;0.30232821451141856;0.5835633583998029;0.5670952851961757;0.27843416863037196;0.5162300263884192;0.4810289347548043;0.44850995083734085
0.6351188102215517;0.5626153889851451;0.37616015469607245;0.6460982451238524;0.3080233476604799;0.6531942154275594;0.5670952851961757;0.2521099775174982;0.4940883398780034;0.4674709979750167;0.43756197696650173
0.6379741860155947;0.549010140028972;0.3767158252000815;0.6320085506843952;0.31290508234609526;0.6536363757006728;0.5558135867773335;0.22307585912722197;0.4714880972204468;0.4511524344571176;0.42395849597882784
0.47833324663163923;0.5657113642173432;0.37749157526913457;0.6486123033564841;0.31604034537013015;0.4925503732147609;0.5558135867773335;0.3019899933896446;0.46453528865752547;0.43641409477111326;0.4111076652243418
0.5533186518464571;0.5672735535546911;0.3783970223194313;0.6497699439479502;0.3203168524671238;0.5656218927235791;0.5615332788600753;0.3093014595767626;0.46205390562006204;0.424022603843678;0.3997730130826449
0.46054783910477615;0.5587809242480186;0.3792941606568654;0.6407136577151563;0.32354249309820826;0.47197233820157325;0.5615332788600753;0.2869826016024093;0.4578789380571688;0.4130985230026011;0.3894149516120475
0.5199558399371124;0.5407163348197805;0.3801710338409805;0.6219398100014681;0.32741401444227436;0.5294598661906222;0.530956579079402;0.2421921335969158;0.4474504736479439;0.40183420624139066;0.37868550072531576
0.6407081794378262;0.5247536001363367;0.3809775869430796;0.605335287621539;0.33252051722869336;0.6467454646271658;0.530956579079402;0.20620005090503882;0.4333336446862528;0.3894046342051916;0.36692315490600635
0.5744045038640055;0.5347516118953619;0.3817164544330929;0.6151446367623622;0.33635225898660837;0.5795152053396239;0.5330925041930068;0.2593393707449405;0.429978783216739;0.3786486613946968;0.35636191509824644
0.7105608443588988;0.5349504359928425;0.38245815904457015;0.6149945437335486;0.34197932335058345;0.7108151423932639;0.5330925041930068;0.26042088040621914;0.4300016206203382;0.37004941278435577;0.3474861084062753
0.5867855057887831;0.5662510296247909;0.3836588693787242;0.6462326553554248;0.3463522556268459;0.5872796274723746;0.565819464155163;0.416100108024688;0.4488329781602143;0.3677296649450378;0.3437091388905471
0.3235591623460322;0.5682960774845909;0.38489423312505355;0.6477243491494822;0.34723667946624137;0.32917489565486613;0.565819464155163;0.4253128550342563;0.4669827322210537;0.370268480549218;0.34416757587624075
0.5631968648667395;0.5815036782458032;0.3861050760358671;0.660571254067665;0.35115658138805905;0.562129241725582;0.568872833612867;0.4844235164611588;0.49019239604377873;0.37791930674091445;0.3492327589569857
0.6737068442317363;0.5590933621154885;0.38704011021000895;0.6373535943528069;0.3565588104559836;0.667391592352662;0.568872833612867;0.40547605888823557;0.498592569776659;0.38607390820500886;0.35534261234930814
0.516996422110088;0.5643764024199736;0.3879214417278547;0.6423038741127428;0.3596571160942361;0.5136761018451457;0.5668229189065208;0.42975288782828536;0.5096853475369232;0.395283492165996;0.36285175063693786
0.5696301305727514;0.5721589456642144;0.38885911037192766;0.64976744239747;0.36402238811235454;0.5629525214557136;0.5668229189065208;0.4656685798967094;0.5240602008208979;0.40613175358913267;0.37218016314296165
0.4196015190136815;0.5893714318175363;0.38982190780611603;0.6668019428195584;0.36609784770264486;0.4169736890306045;0.5854155019424017;0.5403171893258701;0.5457430560931185;0.42006044911026014;0.38447580946196114
0.4861942002346725;0.5840031811855595;0.39069108023196986;0.6609339788872984;0.36880924310937924;0.48038607640384234;0.5854155019424017;0.5177209276079363;0.561170085178922;0.4349387639156579;0.39806448690503854
0.39719780124503634;0.5866731047802993;0.3918585557146814;0.6630929131652169;0.3707269954552497;0.39386261154404795;0.5883971960607228;0.5297532891305897;0.5756971601090973;0.45035886755830534;0.4125571488845545
0.41468842301178566;0.5926094242622209;0.3931419478743772;0.6685161783928767;0.372970241576992;0.41000915130796356;0.5883971960607228;0.5571092995745344;0.5910510167336844;0.4664125915567453;0.42795876054019255
0.5139965434924598;0.5865310875678134;0.3942230938039488;0.6618259740604605;0.37671086658014175;0.5042124297825819;0.5742198139308186;0.52727953984257;0.600634093241576;0.48157592842269653;0.44297779177128166
0.5463882964273121;0.5646604368449455;0.3952173022257819;0.6391286368454903;0.3802613962298764;0.5339130895547619;0.5742198139308186;0.4302659576578439;0.5973800150417268;0.49291868546432893;0.45511941144396123
0.41291392833815976;0.549322577896441;0.39618759776669865;0.6230813829417726;0.38193724568698917;0.40545225518492795;0.5568027064608145;0.37197837307602233;0.5875002698979417;0.49960070082601604;0.4634728313024275
0.3614998237065552;0.5673587638821824;0.39728211869746044;0.6408904018779329;0.38243919418116046;0.35608322279582494;0.5568027064608145;0.4647907724002702;0.5898853171408582;0.505523806434153;0.47098422360818215
0.3951747617148439;0.5757661828613632;0.39839427031160923;0.6489061393244315;0.3840027603807419;0.38783876916840504;0.5542797345145432;0.5047032654294581;0.5968486393917731;0.5119483254796878;0.47866953728212774
0.5500413278075453;0.5359161530377485;0.3990539010521461;0.608096710711273;0.3878452533781571;0.5343939835244341;0.5542797345145432;0.3598863633142282;0.5822419703290915;0.5135512167294164;0.4822487484407701
0.6886484361904431;0.5155508847672339;0.3997429162649935;0.5870740653293374;0.3930417977953913;0.6641190650736196;0.52315830215456;0.3020970051595542;0.5610277004888335;0.5096969022967313;0.4810105820297685
0.5480876496326739;0.5344675774703895;0.40066680460480963;0.6058588813797472;0.3969317978323488;0.5289602348266293;0.52315830215456;0.39065988000125984;0.5552916704738997;0.5052245814022609;0.47870966624911876
0.345488910853318;0.5254920896412645;0.4014942308148264;0.5963450038360311;0.39810166708047734;0.336500476082007;0.5241330867701661;0.363580931907857;0.5472533035393227;0.49970038873360656;0.47505711504256476
0.22444178559249048;0.5264578066861705;0.40235043354255584;0.5969198793790843;0.3980364876910065;0.22179680489621306;0.5241330867701661;0.36826324803578536;0.5426687918567;0.49417098326763326;0.4709425935534535
0.22560936840705867;0.5229641832590111;0.40307491277371366;0.5930256387757249;0.39846532775657595;0.22281862966400728;0.5276021731962901;0.3567622378969144;0.5385251835596411;0.4887441638388218;0.4665330430273316
0.3421711260238025;0.5358593461527534;0.4039359791382404;0.605721103676374;0.3997408951280421;0.3329186549700192;0.5276021731962901;0.4233359074908374;0.5432908768900091;0.48555662927819765;0.46364414565161743
0.3460611420347154;0.5300082369983241;0.40474597731640216;0.5993905453322314;0.40036413104282653;0.3364338620451815;0.5225275591679925;0.4014305207483556;0.5452407406811013;0.4834787236454131;0.4615105091868484
0.36871918477287047;0.5187604737694209;0.4053699413870966;0.5876641426022315;0.4016803515386538;0.35750518549675575;0.5225275591679925;0.36043312963165897;0.542157808750602;0.4810699264655617;0.45903507283535616
0.4795066095591508;0.48143835032806015;0.40537257585702857;0.5497355380074991;0.4043029820242634;0.4613523883159526;0.48511303201020706;0.24914031579311305;0.5216170592616421;0.47416934128861166;0.45281728617958206
0.3381828480928517;0.493197375521913;0.40553023874984984;0.5616103981371522;0.40603332682659365;0.32748647783131335;0.48511303201020706;0.31195397350707277;0.5131382661382293;0.4665958964629663;0.44579372320265614
0.5554168328449138;0.5210327491691991;0.40597749068360045;0.589684818109378;0.4100871488754372;0.5307570413488066;0.5129947390300891;0.4425486057973681;0.5225606296842866;0.46281858471689785;0.4416403739953996
0.48086493610085146;0.5088476723378874;0.406366581627327;0.5771174133506208;0.41309890703571184;0.4595970206179153;0.5129947390300891;0.4028853930310541;0.5251035960713949;0.4604124657223724;0.4385894218205816
0.5390995740056761;0.47649615133354173;0.40665110437992613;0.5441061835056611;0.4161491680724474;0.5131202756263264;0.4661620722774118;0.3115024080752171;0.511747989252973;0.45525376720109734;0.43333143574677035
0.44809169571173424;0.4605902235350925;0.40681504947027847;0.5278644821588451;0.4189061890518113;0.42695209181055127;0.4661620722774118;0.2730110644175666;0.49463460030776685;0.4469831303890125;0.4254414882313384
0.6106747125838838;0.43198795694038106;0.40666954566944735;0.49886747112681507;0.4242834886831446;0.5768078252266748;0.42877621525537934;0.21209799984860908;0.4681742884613395;0.43395976533104597;0.4134467060541791
0.5898836463264492;0.43102223989547506;0.40607152099500166;0.49817001961023105;0.42867543721427315;0.5556643383206432;0.42877621525537934;0.21015866929903113;0.44905411981167476;0.4189114921801227;0.3994070188830216
0.6107729745039218;0.43457267020762913;0.40566459671635435;0.5019712217784212;0.4330687968455864;0.573284276398323;0.4358720738542696;0.2286343583929937;0.43824954340454847;0.40425675328442195;0.3852850903791646
0.5196610541769986;0.4424972306643564;0.4053180625946;0.5101888151059774;0.43674558636420313;0.48748725727896147;0.4358720738542696;0.27057729457660573;0.4363562342877705;0.3920745337788282;0.3728826476809363
0.5780517551312953;0.4409066378845119;0.4048633125541192;0.5087883316909692;0.44094152636019146;0.5398823561127231;0.42847517882997144;0.26634940821199315;0.43652159153344616;0.38236879625111436;0.36237598436073004
0.46448409601923624;0.42150708665890324;0.404183416660266;0.4893969858625829;0.4438838718304421;0.4341339424274526;0.42847517882997144;0.21676118715439505;0.4290433249765895;0.3727934878100438;0.3519746159997639
0.5224066078251169;0.4662425085920412;0.40375561927370107;0.5350609618230673;0.44723301732528653;0.4863056441552235;0.46766725440444956;0.4308831329854439;0.4489902515257065;0.3699630056862383;0.3471525910403731
0.6747472645615495;0.47382622773880234;0.40347109652110014;0.5429027452977105;0.4522985982063572;0.6241338526923789;0.46766725440444956;0.46113746817924406;0.47089047647181764;0.3730013382557218;0.3475088339555212
0.4998988480234904;0.4630897264748488;0.40303012678487704;0.5322014971972049;0.4567333501097466;0.46240397038342884;0.46584670078412804;0.426108577071719;0.4845511497010919;0.37873967360107663;0.3506483407959786
0.39867751015854846;0.473371772658846;0.40252228204270146;0.542891392107069;0.45946853263387566;0.36912774528132636;0.46584670078412804;0.46927718752402425;0.5025232154000434;0.3876819319336049;0.35702755635865424
