Time;Volume;Close;Open;High;Low;mean_close;diff_to_mean;mean_volume;relative_volume;relative_change
2019-06-26;111887;122.53;121.798;122.63;121.767;127.12877;-4.598770000000002;190031.13;0.5887824800073236;0.5886071273180971
2019-06-27;101880;122.539;122.532;122.896;122.404;127.09794999999998;-4.558949999999982;189827.12666666668;0.5366988469403229;0.007345139965719838
2019-06-28;101361;122.705;122.532;122.783;122.282;127.06929333333333;-4.364293333333336;189398.99;0.535171808466321;0.13546707578810935
2019-07-01;112313;122.367;122.868;123.359;122.358;127.04080666666665;-4.67380666666665;188823.45666666667;0.5948042789951787;-0.27545739782404155
2019-07-02;94105;121.798;122.375;122.536;121.724;127.01197666666667;-5.213976666666667;188345.29333333333;0.4996408369677072;-0.46499464724967243
2019-07-03;85000;121.602;121.701;121.826;121.315;126.98374666666668;-5.381746666666672;188016.98666666666;0.4520868114469416;-0.16092218263025204
2019-07-04;50072;121.656;121.592;121.719;121.537;126.95769666666666;-5.301696666666658;187318.29666666666;0.2673097123507404;0.04440716435585301
2019-07-05;82940;121.762;121.654;121.932;121.608;126.93004666666666;-5.168046666666655;186714.61666666667;0.4442073228153565;0.08713092654697441
2019-07-08;71054;121.929;121.679;121.973;121.518;126.90198333333333;-4.972983333333332;186003.02;0.38200455024867974;0.13715280629424953
2019-07-09;66096;122.002;121.92;122.134;121.85;126.87339333333334;-4.871393333333344;185508.01666666666;0.35629727053123633;0.059870908479520146
2019-07-10;87404;122.026;121.999;122.322;121.977;126.84423999999999;-4.818239999999989;185235.90333333332;0.47185237001657915;0.01967180865887208
2019-07-11;80335;122.113;122.026;122.147;121.623;126.81584333333332;-4.70284333333332;184747.88;0.4348358422299387;0.0712962811204143
2019-07-12;79004;121.614;122.105;122.233;121.515;126.78668333333333;-5.172683333333325;184191.9;0.42892222730747503;-0.4086379009605845
2019-07-15;70249;121.482;121.59;121.853;121.42;126.75612333333333;-5.2741233333333355;183660.13;0.38249455665743115;-0.1085401351818116
2019-07-16;78513;121.324;121.484;121.681;121.098;126.72604333333334;-5.402043333333339;183235.84333333332;0.42848057766279307;-0.13006042047382094
2019-07-17;69470;121.169;121.311;121.484;121.164;126.69351999999999;-5.524519999999995;182841.64333333334;0.3799462678934002;-0.12775708021496301
2019-07-18;96964;121.004;121.155;121.228;120.781;126.66149;-5.657489999999996;182457.06666666668;0.531434609639645;-0.13617344370259188
2019-07-19;96921;120.888;120.987;121.282;120.81;126.63525666666666;-5.747256666666658;181665.05;0.5335148395356986;-0.09586459951737014
2019-07-22;78168;120.903;120.795;121.168;120.795;126.61145333333334;-5.708453333333338;180888.21;0.4321342999634729;0.012408179471901093
2019-07-23;76335;120.677;120.898;121.093;120.493;126.58878333333334;-5.911783333333332;180225.42333333334;0.4235528960795473;-0.18692670984177262
2019-07-24;70573;120.504;120.686;120.709;120.207;126.56654999999999;-6.0625499999999874;179712.91;0.3926985546002013;-0.14335788924153547
2019-07-25;90919;121.091;120.523;121.376;120.052;126.55188333333334;-5.460883333333342;178497.38;0.5093576163414549;0.4871207594768556
2019-07-26;66454;120.945;121.075;121.197;120.796;126.53161666666666;-5.5866166666666714;177483.68;0.3744231582306399;-0.12057048005219562
2019-07-29;55658;121.239;120.879;121.305;120.736;126.51163333333332;-5.272633333333317;176517.8;0.31531097713656553;0.24308570011162267
2019-07-30;86516;121.145;121.235;121.381;120.882;126.48978666666667;-5.344786666666678;175801.78333333333;0.4921224253792367;-0.07753280710003363
2019-07-31;106946;120.473;121.127;121.191;120.35;126.46324666666668;-5.990246666666678;175434.71666666667;0.60960568142961;-0.5547071690948813
2019-08-01;140615;118.978;120.46;120.711;118.919;126.43099;-7.45299;175119.11666666667;0.802967732344424;-1.2409419537987798
2019-08-02;173606;118.414;118.99;119.125;118.264;126.39322666666666;-7.979226666666662;174951.48;0.9923094105862382;-0.47403721696447354
2019-08-05;168665;118.696;118.322;118.932;117.674;126.35743666666667;-7.661436666666674;174691.72;0.9655008262554764;0.23814751634096964
2019-08-06;169887;119.252;118.69;119.872;118.371;126.32532666666665;-7.073326666666659;174455.73333333334;0.9738115036631465;0.46842353575520246
2019-08-07;172199;119.022;119.222;119.279;118.437;126.28981;-7.267809999999997;174334.84;0.9877486336063985;-0.1928688827021685
2019-08-08;126758;118.591;118.995;119.166;118.492;126.25302333333333;-7.662023333333337;173882.87666666668;0.7289849491217452;-0.3621179277780717
2019-08-09;105397;118.355;118.587;118.742;118.087;126.21379333333333;-7.858793333333324;173508.65666666668;0.6074451962502115;-0.19900329704614084
2019-08-12;98704;118.076;118.18;118.408;117.52;126.18089333333334;-8.10489333333335;172855.94333333333;0.5710188385576923;-0.23573148578430736
2019-08-13;137292;119.244;118.04;119.585;117.687;126.15019666666667;-6.906196666666673;172336.71;0.7966497677714286;0.9891934008604775
2019-08-14;143766;117.97;119.242;119.277;117.785;126.11510666666666;-8.145106666666663;172138.99333333335;0.8351739325069731;-1.0683975713662752
2019-08-15;177757;117.893;117.941;118.978;117.625;126.08289999999998;-8.18989999999998;171490.93;1.0365387837128741;-0.06527083156734337
2019-08-16;131364;117.962;117.866;118.165;117.579;126.05030333333333;-8.088303333333329;170937.54;0.7684912278484428;0.05852764795195586
2019-08-19;90396;118.121;117.832;118.477;117.826;126.01873333333332;-7.897733333333321;169999.44;0.53174292809432;0.13478916939353436
2019-08-20;96512;117.923;118.116;118.268;117.579;125.98439666666665;-8.061396666666653;169197.87;0.5704090719345006;-0.1676247238001638
2019-08-21;80537;118.173;117.903;118.331;117.872;125.95012666666666;-7.7771266666666605;168284.91333333333;0.47857528286252327;0.21200274755561743
2019-08-22;102408;117.935;118.181;118.304;117.733;125.91606666666667;-7.981066666666663;167358.59333333332;0.611907628764689;-0.2013996428964271
2019-08-23;136075;117.457;117.908;118.165;117.263;125.88291;-8.425910000000002;166404.28333333333;0.817737363931989;-0.4053080086488414
2019-08-26;188545;117.788;117.09;118.197;116.555;125.84943333333334;-8.06143333333334;165706.14;1.1378274818301155;0.2818052563916984
2019-08-27;126520;117.293;117.76;117.836;117.214;125.80928666666667;-8.516286666666659;164718.33333333334;0.768099078224397;-0.42024654463951316
2019-08-28;115939;117.553;117.238;117.68;117.104;125.77094333333335;-8.217943333333352;164102.27;0.7065045474385756;0.22166710715898486
2019-08-29;111430;117.761;117.545;117.939;117.28;125.73373;-7.9727299999999985;163572.12666666668;0.681228533679637;0.17694146470101924
2019-08-30;111671;116.785;117.764;117.82;116.624;125.69374666666668;-8.908746666666687;163195.88666666666;0.6842758250891771;-0.8287973098054513
2019-09-02;76156;116.476;116.548;116.779;116.35;125.65072;-9.174720000000008;162466.11333333334;0.46875005770431205;-0.26458877424326843
2019-09-03;114639;116.251;116.506;116.557;115.866;125.60584999999999;-9.354849999999985;161975.88;0.7077535247840167;-0.19317284247397648
2019-09-04;96764;117.423;116.251;117.434;116.133;125.56314666666668;-8.14014666666668;161491.34;0.5991900246786855;1.0081633706376714
2019-09-05;115503;118.016;117.374;118.613;117.277;125.52179;-7.50578999999999;161079.57333333333;0.7170555372714721;0.5050117949635169
2019-09-06;105185;117.885;117.987;118.267;117.792;125.47892;-7.593919999999997;160211.52;0.6565383063589524;-0.11100189804772453
2019-09-09;83644;118.452;117.772;118.511;117.738;125.43601;-6.984009999999998;159455.62333333332;0.524559738010252;0.48097722356532646
2019-09-10;91922;118.747;118.465;118.786;118.271;125.39423666666667;-6.647236666666672;158842.43333333332;0.578699268646272;0.24904602708271106
2019-09-11;86508;118.741;118.754;119.173;118.299;125.35174999999998;-6.610749999999982;158347.09666666668;0.5463188263066219;-0.005052759227597292
2019-09-12;133552;119.624;118.707;119.824;117.552;125.31172666666666;-5.687726666666663;157783.58333333334;0.8464251931574516;0.743635307096957
2019-09-13;97843;119.715;119.592;120.012;119.538;125.27297000000002;-5.557970000000012;157162.75333333333;0.622558449281391;0.07607169129941749
2019-09-16;110090;119.007;118.967;119.512;118.688;125.23321000000001;-6.226210000000009;156351.22333333333;0.7041198505066144;-0.5914045858914863
2019-09-17;101833;119.695;118.979;119.774;118.873;125.19674666666666;-5.501746666666662;155290.21;0.6557593038221369;0.5781172536069246
2019-09-18;94978;119.611;119.697;119.823;119.411;125.16148666666665;-5.550486666666643;154677.03;0.6140407531744944;-0.07017837002379901
2019-09-19;103522;119.308;119.61;119.667;118.955;125.12617333333336;-5.818173333333348;154098.54;0.6717909202773321;-0.253321182834354
2019-09-20;91446;118.537;119.263;119.38;118.46;125.08748666666666;-6.550486666666657;153434.05;0.5959954781874951;-0.6462265732390171
2019-09-23;86150;118.219;118.634;118.791;117.755;125.04986999999998;-6.83086999999999;152818.54333333333;0.5637404867292896;-0.26827066654294685
2019-09-24;108653;118.01;118.199;118.56;117.89;125.01192666666667;-7.001926666666662;152454.21333333335;0.7126926676826479;-0.1767905328246666
2019-09-25;109701;117.925;117.984;118.201;117.792;124.97166666666666;-7.046666666666667;152216.82;0.7206890802211791;-0.07202779425472539
2019-09-26;94401;117.763;117.911;118.055;117.519;124.92830333333335;-7.165303333333341;151611.03;0.6226525866884076;-0.13737545049818944
2019-09-27;104775;118.095;117.726;118.475;117.447;124.88771333333332;-6.7927133333333245;151154.73333333334;0.6931638704885175;0.2819221657056836
2019-09-30;90829;117.788;118.119;118.19;117.546;124.84921666666666;-7.061216666666667;150688.16333333333;0.602761344957623;-0.25996020153266075
2019-10-01;101591;117.793;117.787;118.172;117.676;124.81284333333335;-7.019843333333341;150309.10333333333;0.6758805537858856;0.004244914592321791
2019-10-02;104050;117.462;117.79;118.004;117.326;124.77539333333334;-7.313393333333337;150151.18333333332;0.6929682316855517;-0.28100141774130005
2019-10-03;121982;117.21;117.455;117.653;117.073;124.73548666666667;-7.52548666666668;150023.46333333335;0.8130861485910582;-0.2145374674362821
2019-10-04;98867;117.36;117.191;117.489;117.085;124.69731666666667;-7.337316666666666;149785.31333333332;0.6600580377328052;0.12797542871769707
2019-10-07;84562;117.668;117.118;117.905;117.084;124.66271333333333;-6.994713333333323;149442.85333333333;0.5658484036796206;0.262440354464899
2019-10-08;108283;117.317;117.669;117.97;117.131;124.63195333333334;-7.314953333333349;148628.26333333334;0.7285491841961644;-0.2982969031512517
2019-10-09;89768;117.91;117.332;118.095;117.208;124.60390333333334;-6.693903333333338;147820.56666666668;0.607276795267735;0.5054680907285336
2019-10-10;145217;118.802;117.893;118.944;117.575;124.57966666666667;-5.777666666666661;147457.30333333334;0.9848071049537716;0.7565092019336861
2019-10-11;131821;119.642;118.805;119.997;118.72;124.55967;-4.917670000000001;146984.77333333335;0.896834393186063;0.7070588037238368
2019-10-14;84259;119.523;119.51;119.711;119.189;124.53754333333333;-5.014543333333336;146280.22666666665;0.5760108657200667;-0.09946339914076452
2019-10-15;109131;120.103;119.545;120.226;119.119;124.51657333333334;-4.413573333333346;145860.88333333333;0.7481855142108069;0.4852622507801829
2019-10-16;116520;120.421;120.083;120.472;119.746;124.49664333333331;-4.0756433333333035;145629.36333333334;0.8001133654157886;0.2647727367343089
2019-10-17;111009;120.873;120.418;121.355;120.335;124.47423666666667;-3.601236666666665;145188.92666666667;0.76458310250377;0.3753498144011491
2019-10-18;95101;121.075;120.848;121.123;120.673;124.45047666666667;-3.375476666666671;144732.68666666668;0.6570803195204977;0.16711755313427723
2019-10-21;88611;121.098;120.99;121.476;120.784;124.42593000000001;-3.327930000000009;144260.02666666667;0.6142449994463274;0.018996489779055103
2019-10-22;84309;120.69;121.096;121.287;120.579;124.39720000000001;-3.7072000000000145;143767.14333333334;0.5864274551558579;-0.33691720755091303
2019-10-23;94528;120.977;120.685;121.052;120.387;124.36807;-3.391069999999999;143451.96333333335;0.6589522917880366;0.23779932057337305
2019-10-24;96203;120.637;120.974;121.388;120.429;124.33674333333332;-3.6997433333333163;143051.13333333333;0.6725077792695567;-0.28104515734396207
2019-10-25;73446;120.405;120.606;120.803;120.354;124.30229333333334;-3.8972933333333373;142486.53;0.515459250779669;-0.19231247461392043
2019-10-28;67048;120.947;120.496;120.99;120.367;124.27367666666667;-3.326676666666671;141901.03666666665;0.4724983099136528;0.45014741912712264
2019-10-29;75132;120.987;120.91;121.065;120.576;124.24713333333334;-3.260133333333343;141260.41333333333;0.531868753793783;0.03307233747011917
2019-10-30;91632;121.36;120.99;121.398;120.878;124.22142666666667;-2.8614266666666737;140982.44333333333;0.649953269595012;0.3082975856910197
2019-10-31;116090;120.475;121.362;121.471;120.285;124.19260666666666;-3.7176066666666685;140603.95666666667;0.8256524407432517;-0.7292353328938739
2019-11-01;86330;120.791;120.488;120.942;120.363;124.16288333333333;-3.3718833333333293;140033.38;0.6164958669139731;0.2622950819672232
2019-11-04;68335;120.827;120.78;121.107;120.771;124.13659999999999;-3.309599999999989;139332.85;0.49044428503396786;0.02980354496608939
2019-11-05;99711;120.895;120.823;121.3;120.694;124.11190666666667;-3.2169066666666737;138759.85666666666;0.7185867901227495;0.056278811854970634
2019-11-06;75216;120.605;120.881;120.915;120.474;124.08444666666665;-3.4794466666666466;138396.06666666668;0.543483653918834;-0.23987757971792867
2019-11-07;106558;120.762;120.59;121.113;120.14;124.05532;-3.2933199999999943;138120.88666666666;0.7714836081030488;0.13017702416979748
2019-11-08;84897;120.394;120.751;120.876;120.217;124.02547000000001;-3.6314700000000073;137726.00333333333;0.6164195427534527;-0.3047316208741102
2019-11-11;55821;120.309;120.35;120.413;120.07;123.99031666666667;-3.6813166666666746;137193.2;0.4068787665860693;-0.07060152499294148
2019-11-12;82363;120.024;120.315;120.637;119.948;123.95630666666666;-3.932306666666662;136825.29666666666;0.6019574012007914;-0.23689000822880724
2019-11-13;84637;119.771;120.002;120.18;119.58;123.91990999999999;-4.1489099999999866;136743.17333333334;0.6189486314880055;-0.2107911750983127
2019-11-14;83703;119.472;119.776;119.812;119.25;123.88119000000002;-4.409190000000024;136440.12333333332;0.6134778975206673;-0.24964306885640886
2019-11-15;72498;120.227;119.509;120.317;119.439;123.84497333333333;-3.6179733333333246;136233.73;0.5321589594588262;0.6319472344984645
2019-11-18;76438;120.33;120.182;120.688;120.094;123.80441333333333;-3.474413333333331;135911.4;0.5624105115538092;0.08567127184408996
2019-11-19;71345;120.245;120.326;120.497;120.002;123.76420333333333;-3.519203333333323;135657.01333333334;0.5259219427504822;-0.07063907587466778
2019-11-20;93274;120.259;120.231;120.408;119.85;123.72337333333334;-3.4643733333333415;135556.96333333335;0.6880797393685575;0.011642895754504501
2019-11-21;92362;120.106;120.255;120.578;119.942;123.68063666666669;-3.5746366666666916;135407.44666666666;0.6821042880112884;-0.12722540516718617
2019-11-22;77401;119.719;120.132;120.495;119.663;123.63848666666668;-3.9194866666666854;135160.22333333333;0.5726610839426274;-0.32221537641750064
2019-11-25;65857;119.945;119.698;120.118;119.644;123.59824333333333;-3.653243333333336;134796.4;0.48856646023183936;0.18877538235366753
2019-11-26;71054;120.214;119.948;120.252;119.918;123.55924666666665;-3.345246666666654;134513.3;0.5282302939560231;0.2242694568343806
2019-11-27;65389;120.469;120.171;120.596;120.061;123.52091333333333;-3.0519133333333315;134296.88;0.48689887657848135;0.21212171627265075
2019-11-28;51758;120.568;120.46;120.587;120.325;123.48527000000001;-2.9172700000000162;133995.67333333334;0.38626620332166045;0.08217881778715963
2019-11-29;74505;120.615;120.572;120.762;120.413;123.44907000000002;-2.8340700000000254;133667.25333333333;0.5573915685556674;0.038982151151212285
2019-12-02;77592;120.726;120.612;121.018;120.522;123.41417666666666;-2.6881766666666636;133299.00333333333;0.582089873590159;0.09202835468224979
2019-12-03;86300;120.389;120.736;120.96;120.247;123.37872333333333;-2.9897233333333304;132973.32;0.6490023713027057;-0.2791445090535638
2019-12-04;91223;120.599;120.383;120.812;120.101;123.34698666666668;-2.7479866666666766;132798.19666666666;0.6869295087565808;0.17443454136176761
2019-12-05;71483;120.764;120.593;120.89;120.557;123.31682666666666;-2.552826666666661;132318.66666666666;0.5402336782917597;0.13681705486778828
2019-12-06;74495;120.083;120.761;120.787;120.004;123.28609000000002;-3.2030900000000173;131918.51;0.5647046801847166;-0.5639097744360888
2019-12-09;54617;120.1;120.112;120.271;119.992;123.25296666666667;-3.1529666666666714;130993.71;0.41694368378447966;0.014156874828241683
2019-12-10;64393;120.635;120.105;120.689;120.088;123.22274333333333;-2.5877433333333215;130443.2;0.4936478099279615;0.44546211490426035
2019-12-11;68620;120.821;120.581;120.929;120.374;123.19409333333334;-2.373093333333344;129969.95333333334;0.5279681821844263;0.15418410908940583
2019-12-12;88709;121.674;120.812;121.73;120.759;123.16662;-1.492619999999988;129658.26333333334;0.68417544489189;0.7060030954883834
2019-12-13;126568;121.584;121.594;122.65;121.351;123.14002333333335;-1.5560233333333429;129393.96333333333;0.9781600063824993;-0.07396814438581645
2019-12-16;65289;122.097;121.739;122.231;121.638;123.11877666666668;-1.0217766666666819;128790.09;0.5069411784710682;0.42193051717329677
2019-12-17;61630;122.092;122.073;122.462;121.928;123.09378333333333;-1.0017833333333357;128196.24333333333;0.48074731675050797;-0.004095104711820952
2019-12-18;57892;121.776;122.074;122.16;121.749;123.06855999999999;-1.2925599999999946;127672.31333333334;0.45344208535524927;-0.2588212167873416
2019-12-19;64210;121.604;121.746;122.052;121.424;123.04398666666665;-1.4399866666666554;127009.64666666667;0.505552150448165;-0.14124293785310327
2019-12-20;56841;121.234;121.611;121.697;121.193;123.02183666666666;-1.7878366666666636;126242.91;0.45025102795868294;-0.3042663070293772
2019-12-23;53256;121.3;121.25;121.353;121.084;123.00006666666665;-1.7000666666666575;125533.75666666667;0.42423648757208726;0.054440173548675475
2019-12-24;62201;121.209;121.279;121.374;121.064;122.97882;-1.7698199999999957;124643.99;0.4990292752983518;-0.07502061005770777
2019-12-26;30257;121.666;121.213;121.784;121.213;122.95837333333331;-1.292373333333316;123862.92333333334;0.24427810345289142;0.377034708643742
2019-12-27;85398;122.395;121.609;122.504;121.602;122.93872333333333;-0.5437233333333324;123332.99666666667;0.6924181063304503;0.5991813653773548
2019-12-30;85198;121.965;122.302;122.487;121.873;122.91921999999998;-0.9542199999999781;122945.11666666667;0.692975876634328;-0.35132154091260803
2019-12-31;61174;121.941;121.928;122.096;121.727;122.8971533333333;-0.9561533333333045;122451.26;0.4995783628522484;-0.019677776411264336
2020-01-02;76128;121.293;121.92;122.023;120.982;122.87185666666667;-1.5788566666666668;121914.47;0.6244377718247371;-0.5314045316997529
2020-01-03;103203;120.62;121.292;121.378;120.168;122.84348333333332;-2.22348333333332;121712.30333333333;0.8479257821401145;-0.5548547731526132
2020-01-06;88951;121.344;120.495;121.399;120.283;122.81584333333335;-1.4718433333333536;121488.16666666667;0.7321783054316072;0.6002321339744654
2020-01-07;83819;120.95;121.307;121.447;120.784;122.78653666666665;-1.836536666666646;120891.53;0.6933405508226512;-0.3246967299577963
2020-01-08;144869;121.174;120.936;121.382;120.17;122.75845333333334;-1.5844533333333288;120769.46;1.1995499524464877;0.18520049607275713
2020-01-09;80382;121.652;121.132;121.691;121.075;122.73392666666666;-1.0819266666666607;120433.88666666667;0.6674367341682846;0.39447406209252023
2020-01-10;65148;121.788;121.636;121.838;121.523;122.71423;-0.9262300000000039;119842.98666666666;0.5436112851659675;0.11179429849077493
2020-01-13;55306;122.419;121.656;122.493;121.653;122.69397333333335;-0.2749733333333495;119109.84666666666;0.4643276903442858;0.5181134430321643
2020-01-14;80757;122.389;122.41;122.767;122.188;122.67358;-0.2845800000000054;118410.16666666667;0.6820106944645224;-0.02450599988563784
2020-01-15;66373;122.537;122.378;122.721;122.199;122.65293333333335;-0.11593333333334499;117599.82666666666;0.564397090381151;0.12092590020345018
2020-01-16;60985;122.673;122.528;122.874;122.482;122.63238999999999;0.040610000000015134;116958.80333333333;0.521422913555187;0.11098688559374459
2020-01-17;59049;122.158;122.662;122.842;122.125;122.60988;-0.4518800000000027;116366.10666666667;0.507441571188268;-0.4198152812762368
2020-01-20;43239;122.248;122.108;122.318;122.036;122.58997666666667;-0.3419766666666675;115802.8;0.3733847540819071;0.07367507654021388
2020-01-21;73072;121.765;122.239;122.372;121.718;122.56675;-0.8017499999999984;115445.67;0.6329557444639862;-0.39509848831883465
2020-01-22;69889;121.859;121.744;122.015;121.614;122.54366666666668;-0.6846666666666863;115195.59333333334;0.6066985548462872;0.07719788116453685
2020-01-23;82059;121.075;121.841;121.868;120.635;122.52076000000001;-1.445760000000007;114954.78333333334;0.7138371942474732;-0.6433665137576927
2020-01-24;71398;120.505;121.019;121.269;120.419;122.49351999999999;-1.988519999999994;114527.39;0.623414189391671;-0.4707825727854664
2020-01-27;103785;120.005;120.112;120.401;119.906;122.46532000000002;-2.4603200000000243;114199.1;0.9088075124934514;-0.4149205427160685
2020-01-28;75137;120.296;119.986;120.335;119.809;122.43559666666665;-2.139596666666648;113837.74666666667;0.6600359037324005;0.2424898962543276
2020-01-29;70579;120.033;120.303;120.425;119.889;122.40475666666666;-2.3717566666666556;113473.39333333333;0.6219872159164634;-0.21862738578174445
2020-01-30;99925;120.167;120.022;120.246;119.776;122.37696666666668;-2.2099666666666735;113269.82333333333;0.882185537677845;0.11163596677581378
2020-01-31;99269;120.219;120.18;120.406;120.026;122.34762666666667;-2.128626666666676;113020.53333333334;0.87832712403874;0.0432731115863616
2020-02-03;92915;120.199;120.27;120.38;119.919;122.32189666666665;-2.122896666666648;112576.31;0.8253512661766206;-0.016636305409289953
2020-02-04;78384;120.963;120.167;120.983;120.064;122.29709;-1.3340900000000033;112415.71666666666;0.6972690503091845;0.6356126090899306
2020-02-05;86624;120.798;120.96;121.151;120.658;122.27243333333332;-1.474433333333323;111763.32;0.7750664529292101;-0.1364053470895965
2020-02-06;69950;120.786;120.788;121.022;120.569;122.24682666666665;-1.460826666666648;111241.13666666667;0.6288141428255846;-0.00993393930363018
2020-02-07;79877;120.145;120.806;120.806;120.092;122.21840333333334;-2.0734033333333457;110685.63333333333;0.7216564390018047;-0.5306906429553115
2020-02-10;74194;119.779;120.017;120.339;119.679;122.18988;-2.410880000000006;110234.61333333333;0.6730553839350031;-0.30463190311706967
2020-02-11;68365;119.845;119.77;120.025;119.593;122.16012333333332;-2.315123333333318;109746.96;0.6229329723574464;0.055101478556340844
2020-02-12;68620;119.713;119.834;120.304;119.615;122.12903666666668;-2.4160366666666846;109349.17333333334;0.6275310357474465;-0.11014226709500363
2020-02-13;91478;119.046;119.698;119.716;118.875;122.09861000000002;-3.0526100000000156;109042.58333333333;0.8389199632252992;-0.5571658884164554
2020-02-14;61452;118.89;119.044;119.229;118.867;122.06813666666669;-3.1781366666666884;108637.49666666667;0.5656610460065001;-0.1310417821682397
2020-02-17;43653;119.039;118.974;119.195;118.906;122.03869666666665;-2.999696666666651;108108.97333333333;0.4037870183578591;0.1253259315333599
2020-02-18;76215;118.565;119.042;119.06;118.465;122.00736333333334;-3.442363333333347;107563.53;0.7085580028843691;-0.39818882887121543
2020-02-19;82217;120.338;118.561;120.496;118.558;121.98383666666666;-1.6458366666666677;106901.64;0.7690901655015986;1.4953822797621585
2020-02-20;112931;120.908;120.311;121.399;120.095;121.96557000000001;-1.0575700000000126;106384.17666666667;1.0615394463580412;0.47366584121391053
2020-02-21;99362;121.05;120.892;121.354;120.359;121.94939666666666;-0.8993966666666608;105952.04666666666;0.9378016105020714;0.11744466867369407
2020-02-24;141396;120.176;120.236;121.072;119.901;121.92854333333334;-1.7525433333333353;105948.37666666666;1.3345744828620152;-0.7220156959933832
2020-02-25;160682;119.914;120.156;120.534;119.413;121.90517666666666;-1.9911766666666608;105096.52;1.5288993393880663;-0.21801358008254335
2020-02-26;171758;120.138;119.907;120.588;119.751;121.88488333333332;-1.7468833333333151;104496.28666666667;1.643675631727235;0.18680054038728855
2020-02-27;209666;120.541;120.142;121.041;119.952;121.86808666666667;-1.3270866666666734;104495.32333333333;2.0064630005608857;0.33544756862939895
2020-02-28;261538;119.209;120.545;120.662;118.378;121.85363333333332;-2.644633333333317;104450.37;2.503945175110198;-1.1050182095718397
2020-03-02;228210;120.614;118.655;120.749;118.6;121.84684000000001;-1.2328400000000101;103969.98;2.1949605068691755;1.1786022867400936
2020-03-03;219015;119.655;120.561;120.95;119.531;121.83346666666667;-2.178466666666665;103743.01666666666;2.111130050359813;-0.7950984131195438
2020-03-04;172607;119.746;119.635;120.132;119.024;121.81683666666666;-2.070836666666665;103690.08333333333;1.6646432759158103;0.0760519827838424
2020-03-05;157980;119.298;119.736;120.0;119.001;121.79978;-2.5017799999999966;103574.14333333333;1.5252841579539471;-0.3741252317405075
2020-03-06;232713;118.892;119.315;119.433;118.71;121.78002666666667;-2.8880266666666756;103576.11;2.24678258335805;-0.340324230079303
2020-03-09;319795;117.051;118.325;118.69;116.12;121.75451666666667;-4.703516666666673;103868.04333333333;3.078858422062338;-1.5484641523399345
2020-03-10;313720;119.169;117.096;119.487;116.806;121.73686666666669;-2.5678666666666885;104307.06333333334;3.0076582541435104;1.8094676679396127
2020-03-11;252598;117.739;119.167;119.224;117.542;121.71582999999998;-3.9768299999999783;104643.77333333333;2.413884667512396;-1.1999765039565569
2020-03-12;318601;117.014;117.798;118.338;116.31;121.69238;-4.678380000000004;105007.87;3.0340678274873083;-0.61576877670102
2020-03-13;362634;119.885;117.01;120.322;116.877;121.67775333333334;-1.7927533333333372;105636.03666666667;3.432862604872741;2.453552566359596
2020-03-16;364898;118.381;118.31;119.95;117.136;121.65765000000002;-3.276650000000018;106095.47666666667;3.4393360722287056;-1.2545355966134264
2020-03-17;386041;118.361;118.37;119.686;117.3;121.63640666666666;-3.2754066666666546;106824.78666666667;3.613777401723781;-0.01689460301905754
2020-03-18;348086;117.972;118.413;118.52;116.896;121.61417333333334;-3.6421733333333464;107590.64333333333;3.235281333168913;-0.32865555377193933
2020-03-19;382520;118.389;117.948;119.328;117.407;121.59468666666665;-3.205686666666651;108390.73;3.529084083112686;0.35347370562506253
2020-03-20;423317;118.502;118.377;119.298;117.845;121.57389666666664;-3.071896666666646;109271.26;3.874001269866947;0.09544805682959456
2020-03-23;365275;119.326;118.592;119.937;117.726;121.55842;-2.2324200000000047;109841.63;3.32546958744118;0.6953469139761248
2020-03-24;328673;119.979;119.281;120.541;118.81;121.54187999999999;-1.5628799999999927;110310.20333333334;2.9795339875024274;0.5472403332048348
2020-03-25;330765;121.002;119.995;121.147;119.512;121.52883999999999;-0.5268399999999929;110901.92666666667;2.982500033512825;0.8526492136123887
2020-03-26;298863;120.929;121.006;121.086;119.954;121.51519666666667;-0.586196666666666;111340.82666666666;2.684217541286202;-0.06032958132923261
2020-03-27;248030;120.271;120.884;120.985;118.803;121.49883666666669;-1.2278366666666898;111583.65666666666;2.2228165612184285;-0.5441209304633321
2020-03-30;196562;119.071;119.664;120.11;118.798;121.48036666666667;-2.4093666666666707;111683.55333333333;1.7599905638148787;-0.9977467552444108
2020-03-31;197527;118.7;119.008;119.703;118.196;121.45798333333335;-2.7579833333333426;111852.33333333333;1.7659622657251886;-0.31157880592250775
2020-04-01;163062;117.491;118.616;118.873;116.946;121.43067333333333;-3.9396733333333316;111977.18;1.4562074165467058;-1.0185341196293218
2020-04-02;166313;117.129;117.481;117.717;116.351;121.40308666666667;-4.274086666666662;112139.63333333333;1.483088494730693;-0.30810870619877306
2020-04-03;141699;117.202;117.127;117.384;116.732;121.37724000000001;-4.1752400000000165;112191.44666666667;1.26301072149458;0.06232444569662654
2020-04-06;149942;117.892;117.17;118.307;117.128;121.35514333333334;-3.463143333333349;112259.05333333333;1.3356784646558573;0.5887271548267181
2020-04-07;150125;118.477;117.852;119.037;117.508;121.33575333333334;-2.8587533333333397;112389.11666666667;1.3357610100739585;0.496216876463218
2020-04-08;137685;118.128;118.443;118.694;117.916;121.31465333333334;-3.1866533333333393;112434.79666666666;1.2245764130136678;-0.29457194223351246
2020-04-09;139700;118.575;118.128;119.001;118.074;121.29276;-2.7177599999999984;112480.33;1.2419949336918517;0.37840308817553847
2020-04-10;105111;118.54;118.527;118.734;118.389;121.27122666666665;-2.731226666666643;112436.50333333333;0.9348476418585766;-0.02951718321736463
2020-04-13;105604;117.545;118.552;118.69;117.307;121.24706;-3.702060000000003;112291.41666666667;0.9404458785436162;-0.8393791125358541
2020-04-14;100083;117.736;117.576;117.94;117.305;121.22381666666665;-3.487816666666646;112152.75;0.8923811498156851;0.16249096090859005
2020-04-15;100857;117.217;117.709;117.755;116.796;121.1975633333333;-3.9805633333333077;112157.59;0.899243644589644;-0.4408167425426379
2020-04-16;111207;116.953;117.183;117.503;116.553;121.16932333333332;-4.216323333333321;112094.22666666667;0.9920849923045999;-0.22522330378699218
2020-04-17;120129;116.914;116.982;117.414;116.624;121.14012;-4.2261199999999945;112071.69;1.071894249118482;-0.033346729027905475
2020-04-20;84207;116.898;116.867;117.291;116.786;121.11158;-4.213580000000007;111859.98666666666;0.7527892905165655;-0.013685272935670678
2020-04-21;110843;117.014;116.894;117.162;116.22;121.08365333333333;-4.069653333333335;111822.86;0.991237390994919;0.09923180892743577
2020-04-22;87975;116.612;117.012;117.221;116.443;121.05193666666666;-4.439936666666668;111641.87666666666;0.7880107592840129;-0.34354863520604795
2020-04-23;110758;115.974;116.583;116.836;115.638;121.01873333333334;-5.04473333333334;111590.69333333333;0.9925379679212503;-0.5471135046135833
2020-04-24;92017;116.414;115.908;116.428;115.545;120.98614666666666;-4.572146666666654;111459.78666666667;0.8255623193966735;0.37939538172349074
2020-04-27;88959;116.15;116.292;116.511;116.049;120.95116666666667;-4.80116666666666;111305.74333333333;0.7992309950581946;-0.22677684814540466
2020-04-28;92384;115.623;116.133;116.269;115.607;120.91266999999999;-5.289669999999987;111192.86;0.830844714309819;-0.4537236332328942
2020-04-29;84737;115.959;115.585;116.078;115.448;120.87681666666668;-4.917816666666681;111141.89666666667;0.7624217558040508;0.29059962118263005
2020-04-30;110984;117.359;115.918;117.777;115.549;120.84632;-3.487320000000011;111226.4;0.9978206612817643;1.2073232780551724
2020-05-01;82499;117.372;117.377;117.767;117.02;120.81631333333334;-3.4443133333333407;111243.00666666667;0.7416106636455462;0.011077122334035572
2020-05-04;80293;116.367;117.22;117.338;116.268;120.78785666666668;-4.42085666666668;111210.66666666667;0.7219900968731366;-0.8562519169818983
2020-05-05;88634;115.462;116.38;116.569;115.41;120.75644333333332;-5.294443333333319;111174.17333333334;0.7972535107973401;-0.7777118942655536
2020-05-06;81093;114.552;115.542;115.615;114.425;120.72144;-6.1694399999999945;111174.69;0.7294196187998608;-0.7881380887218237
2020-05-07;92262;115.11;114.508;115.139;114.426;120.68623333333332;-5.57623333333332;111169.03333333334;0.8299253599098043;0.4871150219987408
2020-05-08;76344;115.596;115.122;115.745;115.033;120.65186000000001;-5.05586000000001;111150.43666666666;0.6868529021522795;0.42220484753714427
2020-05-11;86277;116.344;115.295;116.514;115.226;120.61872000000001;-4.274720000000016;111123.53333333334;0.7764061977870175;0.6470812138828164
2020-05-12;82681;116.237;116.311;116.854;115.959;120.58524;-4.348240000000004;111132.32333333333;0.7439869654483593;-0.09196864470879529
2020-05-13;94811;115.795;116.207;116.411;115.691;120.55004333333333;-4.755043333333333;111225.06;0.8524248042661562;-0.38025757719142295
2020-05-14;95693;115.855;115.78;115.927;115.327;120.51464;-4.659639999999996;111342.77333333333;0.8594450913622361;0.05181570879571051
2020-05-15;89064;115.879;115.868;116.198;115.476;120.47970000000001;-4.600700000000003;111367.02;0.7997340684880677;0.020715549609429118
2020-05-18;82692;117.137;115.881;117.242;115.795;120.44999666666665;-3.312996666666649;111313.98666666666;0.7428716055927136;1.0856151675454617
2020-05-19;94580;117.639;117.116;118.2;117.027;120.42798666666667;-2.7889866666666734;111214.72666666667;0.8504269428586301;0.4285580132665112
2020-05-20;83177;118.067;117.623;118.204;117.528;120.40687666666668;-2.339876666666683;111108.98;0.7486073582890647;0.3638249220071499
2020-05-21;79421;117.82;117.983;118.521;117.729;120.38418;-2.5641800000000075;111006.07;0.715465379505759;-0.20920324900268739
2020-05-22;76776;117.329;117.804;117.979;116.996;120.36108333333333;-3.0320833333333326;110840.17666666667;0.692673020820637;-0.4167373960278442
2020-05-25;49901;117.369;117.194;117.557;117.085;120.33832666666666;-2.9693266666666602;110605.34;0.451162665383023;0.03409216817666927
2020-05-26;83368;118.106;117.342;118.335;117.305;120.3176;-2.2116000000000042;110522.15666666666;0.7543102895777651;0.6279341222980461
2020-05-27;119948;118.585;118.101;118.91;117.706;120.29670333333333;-1.7117033333333325;110577.56333333334;1.0847408496279562;0.40556787970127406
2020-05-28;117864;119.211;118.485;119.395;118.474;120.27832666666667;-1.0673266666666734;110677.79666666666;1.064929042226651;0.5278913859257051
2020-05-29;131313;119.669;119.23;119.9;118.858;120.25976333333334;-0.5907633333333422;110813.38333333333;1.1849922459725892;0.38419273389200814
2020-06-01;104998;119.787;119.832;119.976;119.424;120.24145333333334;-0.4544533333333334;110890.73333333334;0.9468600021281357;0.09860531967345043
2020-06-02;114928;121.381;119.789;121.632;119.624;120.22841666666667;1.1525833333333253;111014.92666666667;1.0352481729332883;1.3306953175219238
2020-06-03;125454;122.336;121.377;122.626;121.268;120.21774666666664;2.1182533333333566;111165.96333333333;1.1285288791481294;0.7867788204084736
2020-06-04;134945;123.735;122.331;123.972;121.846;120.21291666666667;3.5220833333333275;111333.39;1.2120802213961857;1.1435718022495323
2020-06-05;133843;123.72;123.715;124.431;123.541;120.20813666666666;3.5118633333333378;111472.07666666666;1.200686342286569;-0.012122681537152236
2020-06-08;103874;122.455;123.712;124.12;122.224;120.19743;2.257570000000001;111539.31666666667;0.9312769981406319;-1.0224700937601083
2020-06-09;124296;122.171;122.454;122.604;121.325;120.18282333333333;1.988176666666675;111653.07333333333;1.113234022935588;-0.2319219305050746
2020-06-10;127328;121.863;122.229;122.363;121.587;120.16688666666666;1.6961133333333436;111838.49666666667;1.1384988514240157;-0.25210565518822836
2020-06-11;163870;120.727;121.842;121.905;120.654;120.14810333333332;0.5788966666666795;112092.07333333333;1.46192317732118;-0.9321943493923457
2020-06-12;160242;120.87;120.666;121.817;120.254;120.12903333333333;0.7409666666666794;112393.3;1.4257255548149734;0.11844906276143874
2020-06-15;149253;121.527;120.762;121.637;120.336;120.11503000000002;1.4119699999999824;112626.47;1.3252035689299926;0.5435591958302233
2020-06-16;137538;120.872;121.528;122.12;120.473;120.09866;0.7733400000000046;112915.47;1.2180616172433043;-0.5389748780106451
2020-06-17;117874;120.301;120.869;121.234;120.156;120.07962999999998;0.2213700000000216;113128.39;1.0419488865702904;-0.4724005559600175
2020-06-18;115685;119.861;120.308;120.542;119.592;120.06051333333335;-0.19951333333334276;113256.55333333333;1.0214419969104052;-0.36574924564217737
2020-06-19;103802;119.455;119.853;120.212;119.376;120.0416233333333;-0.5866233333333071;113280.82;0.9163245816899175;-0.3387256905916014
2020-06-22;94388;120.387;119.41;120.442;119.313;120.02842333333334;0.3585766666666643;113291.04666666666;0.8331461556508262;0.7802101209660517
2020-06-23;128594;120.474;120.377;121.1;119.906;120.01520333333333;0.4587966666666716;113433.53;1.1336506939349298;0.07226693912134596
2020-06-24;112503;120.438;120.446;120.75;120.037;120.00023000000002;0.4377699999999862;113629.24666666667;0.9900884085768831;-0.029881966233380464
2020-06-25;121659;120.249;120.424;120.626;120.141;119.98429333333334;0.26470666666665466;113773.2;1.0693115777704179;-0.15692721566283874
2020-06-26;90711;120.242;120.238;120.381;119.813;119.96926999999998;0.2727300000000241;113858.45666666667;0.7966997152048056;-0.005821254230797823
2020-06-29;94772;120.942;120.11;121.36;120.092;119.95709333333335;0.984906666666646;113909.31333333334;0.8319951830686569;0.5821593120540092
2020-06-30;103046;121.244;120.924;121.426;120.588;119.9463;1.297700000000006;113992.56;0.9039712767218402;0.2497064708703478
2020-07-01;94205;120.91;121.239;121.482;120.26;119.93548333333335;0.9745166666666449;113939.86;0.8267958201808545;-0.2754775494045125
2020-07-02;88493;120.822;120.905;121.437;120.75;119.92693666666669;0.8950633333333116;113859.85;0.7772098768792707;-0.07278140765858421
2020-07-03;84371;120.851;120.815;120.969;120.61;119.91901999999999;0.93198000000001;113750.16;0.7417220336216896;0.024002251245636153
2020-07-06;77723;121.446;120.805;121.966;120.732;119.91361666666667;1.5323833333333283;113588.80333333333;0.6842487790976214;0.49234180933546146
2020-07-07;80867;121.223;121.368;121.718;121.184;119.90589999999999;1.3171000000000106;113395.32;0.713142306049252;-0.18362070385191664
2020-07-08;77874;121.514;121.205;121.881;121.137;119.90196666666668;1.612033333333315;113243.72;0.6876672719687513;0.24005345520239363
2020-07-09;92137;120.969;121.512;121.968;120.904;119.89589;1.0731099999999998;113205.09333333334;0.8138944749481696;-0.4485079908487899
2020-07-10;90329;120.802;120.926;121.067;120.27;119.88937;0.9126300000000072;113121.98666666666;0.7985096678522975;-0.13805189759358294
2020-07-13;82874;121.692;120.795;121.965;120.79;119.88591666666667;1.8060833333333193;113063.20333333334;0.7329882539738702;0.7367427691594486
2020-07-14;98613;122.242;121.668;122.317;121.469;119.88415333333333;2.357846666666674;112959.56666666667;0.8729937880426649;0.4519606876376425
2020-07-15;89964;122.039;122.234;122.499;121.822;119.88132333333334;2.15767666666666;112891.15666666666;0.7969091880742123;-0.16606403691039606
2020-07-16;90493;122.103;122.014;122.504;121.815;119.87726333333332;2.225736666666677;112857.27;0.8018358055266797;0.05244225206695319
2020-07-17;68028;122.276;122.086;122.576;121.931;119.87468333333335;2.401316666666645;112787.31666666667;0.6031529254397012;0.14168366051612313
2020-07-20;94390;122.798;122.201;122.975;122.182;119.87549333333334;2.9225066666666635;112678.96333333333;0.8376896379563038;0.4269030717393374
2020-07-21;93219;123.125;122.786;123.175;122.47;119.87769333333333;3.247306666666674;112658.60666666667;0.8274467682332279;0.2662909819378223
2020-07-22;105460;123.996;123.116;124.292;123.055;119.88236999999998;4.113630000000015;112799.00666666667;0.9349373112090997;0.7074111675126948
2020-07-23;90407;123.915;123.983;124.243;123.709;119.88856;4.026440000000008;112726.74666666667;0.8020013233179323;-0.06532468789315349
2020-07-24;107147;123.687;123.915;123.968;122.842;119.89424000000001;3.792759999999987;112672.04666666666;0.9509634658273167;-0.18399709478271742
2020-07-27;111151;123.834;123.428;123.905;123.222;119.90032666666666;3.9336733333333456;112701.50333333333;0.9862423899638915;0.11884838341944537
2020-07-28;109687;123.117;123.827;123.986;123.014;119.90756666666665;3.209433333333351;112588.63333333333;0.9742280082150708;-0.579000920587236
2020-07-29;98888;123.707;123.098;123.79;123.019;119.91498666666666;3.7920133333333297;112452.02;0.8793794900259791;0.4792189543279868
2020-07-30;109425;124.072;123.714;124.198;123.336;119.92293333333332;4.149066666666684;112375.41;0.9737450568588828;0.2950520180749816
2020-07-31;141496;124.59;124.063;125.21;123.841;119.93259666666667;4.657403333333335;112405.32333333333;1.2588015923444025;0.41749951640983607
2020-08-03;116892;124.629;124.522;125.055;123.993;119.94065;4.68835;112360.28333333334;1.040332015301281;0.03130267276667542
2020-08-04;99578;124.77;124.62;125.001;124.265;119.94783666666667;4.822163333333322;112304.83;0.8866760227497885;0.11313578701586113
2020-08-05;100278;125.28;124.766;125.515;124.637;119.95651666666667;5.3234833333333285;112323.5;0.8927606422519871;0.40875210387112393
2020-08-06;114026;125.357;125.271;125.587;124.659;119.96468666666668;5.39231333333332;112365.46;1.014778028764265;0.061462324393346535
2020-08-07;111235;124.834;125.355;125.395;124.458;119.97255999999999;4.861440000000016;112369.15666666666;0.9899068685721213;-0.41720845265920126
2020-08-10;75806;124.361;124.766;124.888;124.341;119.97966000000001;4.3813399999999945;112291.56333333334;0.6750818828211159;-0.37890318342759244
2020-08-11;108005;125.016;124.373;125.502;124.316;119.99074333333333;5.025256666666678;112307.13666666667;0.9616931141300018;0.5266924518136706
2020-08-12;108147;125.952;125.015;126.213;124.951;120.00475666666668;5.947243333333319;112421.41666666667;0.9619786265516465;0.7487041658667648
2020-08-13;97678;126.331;125.982;126.755;125.89;120.02123;6.30977;112371.30666666667;0.8692432516579971;0.3009082825203402
2020-08-14;78704;126.196;126.312;126.471;125.74;120.03735333333333;6.1586466666666695;112289.77666666667;0.7009008507838306;-0.10686213201827055
2020-08-17;78257;125.824;126.206;126.461;125.676;120.05289333333332;5.771106666666682;112088.23;0.6981732158674735;-0.29477954927256134
2020-08-18;101931;125.763;125.828;126.094;125.344;120.06534666666667;5.697653333333335;112005.62666666666;0.9100524949817185;-0.04848041709053508
2020-08-19;109048;125.63;125.754;126.063;125.375;120.07645333333333;5.553546666666662;112043.45666666667;0.9732652244424412;-0.10575447468652577
2020-08-20;107448;125.484;125.595;125.784;125.082;120.08868999999999;5.395310000000009;111970.7;0.9596081832121297;-0.11621428002865919
2020-08-21;95391;124.807;125.478;125.559;124.441;120.09628;4.710720000000009;111915.71333333333;0.8523467988438396;-0.5395110133562753
2020-08-24;77109;124.922;124.768;125.345;124.69;120.10422333333334;4.81777666666666;111833.14333333333;0.6895004262748802;0.09214226766125488
2020-08-25;93228;125.9;124.913;126.031;124.882;120.11487333333334;5.78512666666667;111806.03333333334;0.8338369336656996;0.7828885224380189
2020-08-26;83446;125.389;125.899;126.141;125.262;120.12494666666667;5.264053333333322;111709.81;0.7469890066055302;-0.4058776806989739
2020-08-27;136370;125.987;125.374;126.094;125.134;120.13891000000001;5.848089999999985;111850.69333333333;1.2192146149115317;0.4769158379124061
2020-08-28;127627;125.435;125.974;126.775;125.197;120.15168666666668;5.283313333333325;111992.78333333334;1.1396002153113907;-0.4381404430615743
2020-08-31;98789;126.413;125.4;126.846;125.4;120.16754333333333;6.245456666666669;112155.17333333334;0.8808242817866555;0.7796866903176936
2020-09-01;114098;126.212;126.412;127.075;126.138;120.18237666666668;6.029623333333319;112259.03333333334;1.0163814582403896;-0.15900263422273797
2020-09-02;99547;125.876;126.208;126.314;125.554;120.19553333333332;5.680466666666689;112354.01;0.8860119901371669;-0.2662187430672147
2020-09-03;109318;125.847;125.883;126.022;125.286;120.20835;5.638649999999998;112498.08333333333;0.9717321109914343;-0.023038545870546212
2020-09-04;109903;125.767;125.838;125.987;125.303;120.22082;5.546179999999993;112573.08;0.9762813631819458;-0.0635692547299449
2020-09-07;60397;125.533;125.822;125.943;125.519;120.23222000000001;5.300779999999989;112506.62;0.5368306327218313;-0.18605834598900417
2020-09-08;102062;124.828;125.565;125.651;124.693;120.24293333333335;4.585066666666648;112583.48;0.9065450810366755;-0.5616053149371081
2020-09-09;102790;125.319;124.838;125.647;124.426;120.25572333333332;5.063276666666681;112691.95;0.9121325879975534;0.39334123754286576
2020-09-10;106281;125.39;125.319;126.463;125.264;120.26927666666666;5.120723333333345;112784.51;0.9423368510444439;0.05665541537995811
2020-09-11;92534;125.734;125.388;126.125;125.337;120.28449333333334;5.44950666666665;112861.39;0.819890664114555;0.2743440465746927
2020-09-14;67968;125.437;125.564;125.9;125.287;120.29927;5.137729999999991;112764.73666666666;0.6027416194914537;-0.23621295751348192
2020-09-15;74293;124.912;125.43;125.768;124.757;120.31268333333334;4.599316666666667;112689.31;0.6592728272095499;-0.41853679536340005
2020-09-16;98020;124.007;124.904;125.015;123.836;120.32303;3.683970000000002;112755.48333333334;0.8693147073851809;-0.7245100550787753
2020-09-17;110071;124.097;124.003;124.134;123.312;120.33443;3.7625699999999966;112867.93666666666;0.975219386928844;0.07257654809809111
2020-09-18;81511;123.822;124.102;124.311;123.434;120.34548999999998;3.476510000000019;112904.39666666667;0.721947084493457;-0.22160084450066897
2020-09-21;100784;123.182;123.778;123.94;122.519;120.35246;2.8295400000000086;112937.28;0.8923891207579205;-0.5168709922307779
2020-09-22;95395;122.842;123.179;123.276;122.657;120.35878333333334;2.4832166666666637;113033.75;0.8439514746701013;-0.27601435274634545
2020-09-23;100274;122.856;122.835;123.191;122.577;120.36417333333334;2.491826666666654;113182.47;0.8859499178626438;0.011396753553349903
2020-09-24;97994;122.99;122.857;123.161;122.582;120.37032333333333;2.6196766666666633;113220.73;0.8655128791343365;0.1090707820537773
2020-09-25;87555;122.784;123.031;123.155;122.611;120.37802666666666;2.4059733333333497;113156.09333333334;0.7737541781517165;-0.16749329213756603
2020-09-28;78143;123.073;122.737;123.209;122.378;120.39167666666668;2.68132333333331;112947.85333333333;0.6918502449920525;0.2353726869950279
2020-09-29;95347;124.102;123.028;124.121;123.016;120.41063666666666;3.691363333333342;112686.99;0.8461225204435004;0.836089150341679
2020-09-30;111466;123.581;124.077;124.25;123.532;120.42692000000001;3.1540799999999933;112496.32666666666;0.9908412416902332;-0.4198159578411298
2020-10-01;120325;123.971;123.573;124.205;123.566;120.44265;3.528350000000003;112331.12;1.071163538652417;0.315582492454336
2020-10-02;118763;123.434;123.972;124.013;123.021;120.45735666666667;2.976643333333328;112153.0;1.0589373445203376;-0.43316582103879453
2020-10-05;80632;124.6;123.32;124.714;123.276;120.47738666666667;4.1226133333333195;111999.24666666667;0.7199334138377788;0.9446343795064482
2020-10-06;96819;123.942;124.561;124.732;123.853;120.49601;3.445989999999995;111970.65333333334;0.8646819243946362;-0.5280898876404483
2020-10-07;89532;124.653;123.936;124.877;123.866;120.51793333333332;4.135066666666688;111940.08;0.7998207612500545;0.5736554194704091
2020-10-08;81493;124.689;124.629;124.876;124.365;120.53608333333332;4.15291666666667;111754.08333333333;0.7292172023542112;0.02888017135567189
2020-10-09;82703;124.938;124.667;125.087;124.514;120.55931;4.378690000000006;111550.54;0.741394887017065;0.19969684575222857
2020-10-12;67476;124.398;124.885;124.979;124.288;120.58099333333334;3.817006666666657;111182.93666666666;0.6068916870067137;-0.4322143783316523
2020-10-13;84633;123.887;124.408;124.469;123.809;120.60074333333336;3.2862566666666453;111027.16666666667;0.7622728971737461;-0.4107783083329264
2020-10-14;79925;123.527;123.88;123.948;123.473;120.61876333333333;2.9082366666666672;110992.26333333334;0.7200952354666473;-0.2905873901216438
2020-10-15;83315;123.419;123.509;123.774;123.017;120.63708333333334;2.7819166666666604;110948.27333333333;0.750935526050781;-0.08743027840067974
2020-10-16;79775;123.47;123.43;123.714;123.116;120.65473999999999;2.815260000000009;110945.73333333334;0.7190452269156766;0.041322648862829325
2020-10-19;72269;124.102;123.44;124.34;123.364;120.67529666666667;3.426703333333336;110845.27;0.6519809099656979;0.5118652304203497
2020-10-20;76104;124.732;124.085;125.001;124.006;120.69954666666668;4.032453333333322;110645.36666666667;0.6878191314532507;0.5076469355852486
2020-10-21;86214;124.044;124.719;124.838;123.914;120.72039999999998;3.323600000000013;110304.26333333334;0.7816017023699101;-0.5515825930795692
2020-10-22;71406;123.96;124.038;124.094;123.649;120.74262333333333;3.2173766666666666;110120.55;0.6484348289215184;-0.06771790654929166
2020-10-23;73324;124.19;123.925;124.231;123.413;120.76474666666667;3.4252533333333304;109978.5;0.6667121300980949;0.185543723781878
2020-10-26;71269;123.8;124.062;124.204;123.776;120.78487666666668;3.015123333333321;109844.63;0.6488164237067712;-0.31403494645301233
2020-10-27;64872;123.158;123.782;123.997;123.152;120.80611999999998;2.3518800000000226;109688.63333333333;0.5914195302520932;-0.5185783521809317
2020-10-28;91075;122.539;123.147;123.2;122.186;120.82633000000001;1.7126699999999886;109738.36333333333;0.8299285430688342;-0.5026064080287163
2020-10-29;91264;122.11;122.527;122.89;121.894;120.84586;1.2641399999999976;109660.44666666667;0.8322417314002521;-0.35009262357290627
2020-10-30;100629;121.905;122.087;122.463;121.618;120.8608;1.0442000000000036;109673.33;0.9175339164042053;-0.16788141839324533
2020-11-02;86337;121.934;121.722;122.154;121.702;120.87386000000001;1.0601399999999899;109576.11;0.7879180963806082;0.023789016037079058
2020-11-03;83993;122.48;121.906;122.754;121.791;120.88917666666666;1.590823333333347;109505.47;0.7670210447020804;0.4477832269916604
2020-11-04;182938;122.529;122.35;123.073;121.96;120.90276666666668;1.6262333333333174;109836.45;1.665549095951147;0.04000653167863799
2020-11-05;121717;122.437;122.536;123.186;122.213;120.91506666666666;1.5219333333333367;109935.76666666666;1.1071646989013488;-0.07508426576565697
2020-11-06;123991;122.75;122.338;122.992;122.221;120.92843;1.8215699999999941;110060.71;1.126569145337957;0.2556416769440739
2020-11-09;147278;124.497;122.813;125.135;122.667;120.94467333333334;3.5523266666666586;110106.46333333333;1.3375963185205686;1.4232179226069341
2020-11-10;130678;124.369;124.438;124.606;123.992;120.96018666666666;3.4088133333333417;110215.91333333333;1.1856545579291256;-0.1028137224190151
2020-11-11;91084;124.186;124.387;124.674;123.92;120.97745;3.2085500000000025;110152.56;0.8268895430119076;-0.14714277673696374
2020-11-12;89101;124.106;124.161;124.502;123.685;120.99215333333333;3.11384666666666;110110.12;0.8091990091373247;-0.06441949978259753
2020-11-13;80891;123.782;124.093;124.302;123.661;121.00605666666668;2.7759433333333163;110063.16333333333;0.7349507096666764;-0.26106715227305344
2020-11-16;90459;123.951;123.995;124.441;123.625;121.02153333333332;2.92946666666667;110019.62;0.8222078934647455;0.13653035174743255
2020-11-17;80586;123.57;123.927;124.025;123.518;121.03831000000001;2.5316899999999833;109983.42;0.73271043944617;-0.30737952900743437
2020-11-18;87119;123.044;123.586;123.632;123.019;121.05439333333335;1.9896066666666457;109986.65;0.7920870396542861;-0.4256696609209354
2020-11-19;95393;123.184;123.062;123.321;122.845;121.07163999999999;2.1123600000000096;109942.45;0.8676630364339828;0.1137804362667083
2020-11-20;80588;123.127;123.161;123.481;123.011;121.08897999999999;2.038020000000003;109845.40666666666;0.7336492480249304;-0.04627224314845968
2020-11-23;82992;123.8;122.997;123.827;122.997;121.10910333333334;2.69089666666666;109807.37666666666;0.7557962180621483;0.5465901061505685
2020-11-24;85831;124.215;123.682;124.35;123.552;121.12950333333332;3.0854966666666854;109744.23;0.7821003436808677;0.3352180936995186
2020-11-25;87633;124.455;124.179;124.512;124.146;121.15172666666666;3.303273333333337;109733.57666666666;0.7985978645915398;0.19321338002655786
2020-11-26;58894;124.177;124.461;124.57;123.914;121.17300666666667;3.003993333333341;109591.25333333333;0.5373969017478277;-0.22337391024868092
2020-11-27;66485;124.515;124.192;124.535;123.902;121.19651666666667;3.318483333333333;109466.03666666667;0.6073573322330685;0.272192112871128
2020-11-30;87501;124.39;124.388;125.126;124.304;121.22045000000001;3.1695499999999868;109351.1;0.8001839944910659;-0.10038951130385554
2020-12-01;86372;125.923;124.368;125.95;124.33;121.24899333333335;4.674006666666656;109309.45;0.790160411565442;1.2324141812042777
2020-12-02;95767;126.476;125.907;126.55;125.779;121.27835333333334;5.197646666666657;109346.8;0.8758098087917638;0.4391572627716833
2020-12-03;93118;126.145;126.485;126.656;126.03;121.30778000000001;4.837219999999988;109296.25;0.851977995585315;-0.261709731490567
2020-12-04;89543;126.286;126.041;126.682;125.977;121.3357;4.950299999999999;109295.5;0.8192743525578986;0.11177613064330405
2020-12-07;85161;125.991;126.248;126.486;125.964;121.35966333333333;4.6313366666666695;109095.31333333334;0.7806109849997729;-0.2335967565684216
2020-12-08;89257;126.087;125.99;126.259;125.862;121.38114666666665;4.705853333333351;108953.43333333333;0.819221545106504;0.07619591875609455
2020-12-09;84679;125.928;126.044;126.518;125.787;121.40249666666665;4.525503333333347;108954.83333333333;0.7771936077487054;-0.12610340479193294
2020-12-10;99716;126.533;125.878;126.744;125.792;121.42392999999998;5.109070000000017;108923.45;0.9154686158030327;0.4804332634521291
2020-12-11;89223;126.013;126.516;126.61;125.786;121.44257;4.570430000000002;108832.46;0.8198197486300668;-0.4109599867228253
2020-12-14;85530;126.318;126.18;126.514;125.92;121.46072;4.857280000000003;108747.53;0.7865006221290004;0.2420385198352415
2020-12-15;81646;125.935;126.323;126.589;125.933;121.47692;4.458079999999995;108702.68;0.7510946372250665;-0.3032030272803521
2020-12-16;93648;126.162;125.941;126.346;125.706;121.4938;4.668200000000013;108719.47;0.8613728525349819;0.18025171715567723
2020-12-17;91029;126.441;126.184;126.52;126.015;121.51296999999998;4.928030000000021;108741.87;0.8371108571150343;0.22114424311598935
2020-12-18;85558;126.556;126.465;127.014;126.387;121.53156666666668;5.02443333333332;108711.97;0.787015450092498;0.09095151098139631
2020-12-21;126321;126.459;126.526;126.617;125.912;121.55097333333333;4.908026666666672;108812.36333333333;1.160906684960233;-0.07664591169126433
2020-12-22;98874;126.016;126.464;126.659;125.993;121.56967666666667;4.446323333333339;108897.12333333334;0.9079578686145666;-0.3503111680465576
2020-12-23;92645;126.179;126.027;126.381;125.937;121.58711666666665;4.591883333333357;108982.44666666667;0.8500910268912862;0.12934865413916086
2020-12-24;56203;126.277;126.17;126.5;126.159;121.60475000000001;4.672249999999991;108919.35;0.5160056500520325;0.07766744069932496
2020-12-28;79590;126.764;126.206;126.958;126.048;121.62276333333335;5.141236666666643;108879.21;0.7309935478039626;0.38566009645462085
2020-12-29;77613;126.866;126.768;127.233;126.665;121.64406666666665;5.221933333333354;108750.95333333334;0.7136765023300595;0.08046448518506111
2020-12-30;83963;126.949;126.855;127.135;126.465;121.66459333333333;5.284406666666669;108743.06333333334;0.7721228134121807;0.06542336008070748
2020-12-31;69683;126.143;126.73;126.98;126.124;121.68231333333334;4.4606866666666605;108747.55666666667;0.6407776150188471;-0.6349006293866033
2021-01-04;108393;126.358;126.172;126.796;126.094;121.70052333333334;4.657476666666668;108776.49666666667;0.9964744528604206;0.17044148307872042
2021-01-05;95782;126.325;126.29;126.555;126.05;121.71959;4.605410000000006;108845.05;0.8799848959598181;-0.026116272812171104
2021-01-06;139367;127.035;126.234;127.245;126.138;121.74050000000001;5.294499999999985;108954.41333333333;1.2791312966241222;0.5620423510785733
2021-01-07;106283;127.385;126.965;127.493;126.907;121.76380333333331;5.621196666666691;109025.7;0.9748435460629031;0.27551462195458676
2021-01-08;115426;127.037;127.352;127.466;126.818;121.78622999999999;5.250770000000017;109224.38333333333;1.0567786832701072;-0.27318758095536966
2021-01-11;92354;126.656;126.836;127.017;126.557;121.80833666666668;4.84766333333333;109257.68666666666;0.845286064693586;-0.29991262388122664
2021-01-12;93396;126.658;126.662;126.867;126.54;121.83129333333333;4.8267066666666665;109286.88333333333;0.8545947798248261;0.0015790803435944412
2021-01-13;90082;126.291;126.654;126.713;126.215;121.85402333333332;4.436976666666681;109308.14666666667;0.8241105786442001;-0.28975666756146934
2021-01-14;96184;126.167;126.264;126.528;125.929;121.87382333333332;4.293176666666682;109387.1;0.8792992958035382;-0.09818593565653622
2021-01-15;87243;125.443;126.146;126.199;125.405;121.89086666666665;3.5521333333333445;109423.11666666667;0.7972995346655912;-0.5738426054356593
2021-01-18;77230;125.225;125.408;125.491;125.089;121.90746666666668;3.3175333333333157;109442.73333333334;0.7056658550803093;-0.17378410911729203
2021-01-19;79969;126.018;125.221;126.211;125.128;121.92666333333332;4.0913366666666775;109398.38333333333;0.7309888643996661;0.6332601317628361
2021-01-20;81652;125.337;126.012;126.187;125.27;121.94409999999999;3.3929000000000116;109362.68333333333;0.7466166475736548;-0.5403989906203832
2021-01-21;84571;125.927;125.318;125.969;125.3;121.96479333333333;3.962206666666674;109386.58333333333;0.7731386923593672;0.4707309094680756
2021-01-22;76924;126.292;125.856;126.404;125.856;121.98595000000002;4.306049999999985;109423.47333333333;0.7029935868116869;0.28985046892247013
2021-01-25;76348;125.98;126.218;126.369;125.81;122.00516999999999;3.9748300000000114;109441.12;0.6976171296491943;-0.24704652709593988
2021-01-26;75838;125.999;125.872;126.161;125.692;122.02360333333336;3.97539666666664;109475.95;0.6927366238885625;0.015081759009349938
2021-01-27;98427;126.095;125.975;126.189;125.599;122.04202666666667;4.052973333333327;109631.51333333334;0.8977984249904941;0.07619108088159354
2021-01-28;105145;126.386;126.024;126.664;125.985;122.06126333333333;4.3247366666666665;109733.64666666667;0.9581837767534056;0.23077838137912643
2021-01-29;117765;127.097;126.303;127.344;126.259;122.0825;5.014499999999998;109867.55666666667;1.071881486882275;0.56256230911651
2021-02-01;86950;126.56;127.154;127.154;126.521;122.10307;4.45693;109869.72333333333;0.7913918171632672;-0.422511939699588
2021-02-02;83553;126.429;126.514;126.824;126.268;122.12250333333333;4.306496666666675;109844.15666666666;0.7606503844673552;-0.1035082174462687
2021-02-03;72493;126.402;126.397;126.526;126.144;122.14129666666668;4.260703333333325;109847.52333333333;0.6599420524030635;-0.021355859810645583
2021-02-04;69598;126.267;126.399;126.465;126.099;122.16190999999999;4.105090000000004;109831.2;0.6336815039805963;-0.1068021075615988
2021-02-05;71040;126.967;126.192;126.997;126.165;122.18479999999998;4.782200000000017;109885.94333333333;0.6464885120428676;0.5543807962492098
2021-02-08;70125;126.805;126.878;127.126;126.65;122.20536666666666;4.599633333333344;109905.05;0.6380507538097078;-0.12759220899918322
2021-02-09;78287;126.724;126.732;126.851;126.435;122.22504333333333;4.498956666666672;109937.27333333333;0.7121060730933738;-0.06387760734987147
2021-02-10;72460;126.758;126.712;127.078;126.645;122.24199;4.516009999999994;109883.11;0.6594280049044244;0.02682996117546743
2021-02-11;53936;127.067;126.75;127.162;126.698;122.26026666666667;4.806733333333327;109641.00333333333;0.49193274742312876;0.24377159627004819
2021-02-12;59811;127.153;127.017;127.306;126.939;122.27712;4.875880000000009;109622.74333333333;0.5456075827086844;0.06768082979846657
2021-02-15;53022;127.76;127.177;127.975;126.908;122.29601333333332;5.463986666666685;109594.05;0.4838036371499654;0.47737764740116706
2021-02-16;79322;128.339;127.768;128.387;127.686;122.31788999999999;6.021110000000007;109665.48333333334;0.7233087165529546;0.4531934877896049
2021-02-17;85866;127.477;128.365;128.453;127.311;122.33746666666669;5.139533333333318;109737.67;0.7824660392369565;-0.6716586540334579
2021-02-18;79212;127.782;127.377;127.809;127.328;122.35929333333334;5.422706666666656;109812.24;0.7213403533157395;0.23925884669391273
2021-02-19;77834;127.743;127.698;128.184;127.652;122.38077;5.362229999999997;109894.16666666667;0.7082632532815019;-0.030520730619332248
2021-02-22;91326;127.752;127.664;128.245;127.503;122.40257999999999;5.349420000000009;109991.25;0.8303024104189352;0.007045395833826795
2021-02-23;83638;127.872;127.661;128.056;127.656;122.42326666666668;5.4487333333333225;110169.18666666666;0.7591777930888396;0.09393199323690649
2021-02-24;112022;128.79;127.856;128.877;127.758;122.44458333333333;6.345416666666665;110257.93333333333;1.0159994534028074;0.7179054054053946
2021-02-25;148594;129.375;128.756;129.976;128.723;122.46928333333335;6.905716666666649;110469.25333333333;1.3451163605823826;0.4542278127183774
2021-02-26;166320;128.593;129.188;129.522;128.541;122.49145666666668;6.101543333333311;110819.74;1.500815648908624;-0.6044444444444519
2021-03-01;107227;128.637;128.712;128.939;128.085;122.51593666666665;6.121063333333353;110923.40333333334;0.9666760735583002;0.03421648145700562
2021-03-02;106507;128.992;128.63;129.077;128.185;122.54384333333336;6.448156666666634;110934.41666666667;0.9600897827769747;0.2759703662243318
2021-03-03;106526;129.09;128.973;129.458;128.739;122.56966333333332;6.5203366666666795;110993.0;0.9597542187344283;0.07597370379559543
2021-03-04;123762;129.264;129.037;129.639;128.914;122.59737666666668;6.666623333333334;111126.14333333333;1.113707326535693;0.1347896816174865
2021-03-05;143889;129.099;129.133;129.578;128.847;122.62379333333332;6.475206666666665;111122.87666666666;1.2948638868629037;-0.12764574823618258
2021-03-08;111675;129.025;129.141;129.39;128.78;122.64837;6.376630000000006;111227.18666666666;1.004026113999137;-0.057320351048406604
2021-03-09;110653;129.111;128.962;129.546;128.932;122.67278;6.438219999999987;111378.87;0.9934828751628569;0.06665374927339318
2021-03-10;94133;129.306;129.084;129.428;128.952;122.69573666666666;6.61026333333335;111508.29333333333;0.8441793626829032;0.15103283221415964
2021-03-11;98512;130.049;129.272;130.057;129.217;122.72127;7.3277300000000025;111567.47666666667;0.8829813395737028;0.5746059734273778
2021-03-12;94143;130.316;130.035;130.39;129.816;122.74719999999999;7.56880000000001;111660.04333333333;0.8431216502303427;0.20530723035163678
2021-03-15;89194;130.181;130.274;130.487;129.99;122.77222666666668;7.408773333333329;111754.07333333333;0.7981275074775084;-0.10359433991220524
2021-03-16;79898;129.74;130.129;130.396;129.491;122.7975;6.94250000000001;111823.57;0.714500529718313;-0.3387591123128586
2021-03-17;79958;130.397;129.728;130.444;129.684;122.82466333333332;7.572336666666672;111945.96666666666;0.7142552999526813;0.5063974102050173
2021-03-18;101107;129.752;130.366;130.664;129.594;122.85128666666667;6.900713333333343;112039.41666666667;0.9024234774516794;-0.49464328167058147
2021-03-19;85271;129.638;129.723;129.996;129.321;122.87721666666667;6.760783333333336;112090.69;0.7607322249509963;-0.0878599173808503
2021-03-22;70853;129.883;128.982;129.94;128.949;122.90657666666667;6.976423333333344;112053.33666666667;0.6323149502523546;0.18898779678797606
2021-03-23;78973;128.666;129.874;129.92;128.6;122.93378000000001;5.732219999999984;112078.58666666667;0.704621661895745;-0.9369971435830848
2021-03-24;76150;128.417;128.648;128.859;128.292;122.96181999999999;5.455180000000013;111986.47;0.6799928598516696;-0.19352431877884824
2021-03-25;90286;128.452;128.438;128.944;128.384;122.98900666666668;5.462993333333316;112036.96666666666;0.805859018556006;0.027254958455658063
2021-03-26;76711;129.338;128.568;129.459;128.403;123.02002333333333;6.317976666666667;112057.40666666666;0.684568760619124;0.6897518139071357
2021-03-29;81455;129.214;129.34;129.431;128.832;123.05017999999998;6.163820000000015;111995.84;0.7273037998553583;-0.0958728293309008
2021-03-30;71382;129.285;129.117;129.549;129.074;123.08040000000001;6.204599999999985;111902.88333333333;0.6378924105767929;0.054947606296540386
2021-03-31;88722;129.867;129.292;130.047;129.208;123.11262666666667;6.754373333333319;111888.90666666666;0.7929472424313504;0.4501682329736578
2021-04-01;78034;130.264;129.827;130.267;129.649;123.14363;7.120370000000008;111887.74;0.6974311930868656;0.3056973673065677
2021-04-02;46624;130.12;130.234;130.319;130.006;123.17470333333334;6.945296666666664;111754.40666666666;0.4172005506598293;-0.110544739912799
2021-04-05;59621;130.144;130.014;130.264;129.836;123.20589666666666;6.938103333333345;111719.97666666667;0.5336646298976849;0.018444512757453957
2021-04-06;79696;130.328;130.113;130.564;129.814;123.23983999999999;7.088160000000016;111719.37333333334;0.7133588170263594;0.14138185394638736
2021-04-07;91175;130.394;130.269;130.686;130.14;123.27522333333334;7.118776666666662;111775.97666666667;0.8156940580522939;0.050641458473998924
2021-04-08;77706;130.204;130.402;130.479;129.573;123.30975333333333;6.894246666666675;111807.11333333333;0.695000502949452;-0.1457122260226651
2021-04-09;76355;130.512;130.182;130.552;130.051;123.34575;7.166250000000005;111832.89666666667;0.6827597449038609;0.23655187244631115
2021-04-12;70667;130.281;130.369;130.611;129.894;123.3832;6.897800000000004;111763.52666666667;0.6322903554283602;-0.17699521883044467
2021-04-13;86042;130.308;130.242;130.5;129.798;123.42125999999999;6.886740000000003;111845.49333333333;0.7692934014208438;0.020724434107810552
2021-04-14;77057;130.497;130.306;130.582;130.031;123.45945333333334;7.037546666666671;111956.84;0.6882741599351422;0.1450409798324115
2021-04-15;71368;130.135;130.436;130.55;130.023;123.49801999999998;6.636980000000008;111940.68333333333;0.6375519415713795;-0.277401013050127
2021-04-16;69034;130.367;130.11;130.542;129.977;123.53145000000002;6.835549999999969;111896.74;0.6169438001499761;0.17827640527143807
2021-04-19;74205;130.16;130.193;130.325;129.699;123.56228999999999;6.597710000000006;111767.65333333334;0.663921964780687;-0.1587825139797605
2021-04-20;67676;130.087;130.148;130.974;129.994;123.59241333333334;6.494586666666649;111662.03333333334;0.6060788790937349;-0.0560848186846985
2021-04-21;55417;130.045;129.99;130.143;129.638;123.62530999999998;6.419690000000003;111375.43666666666;0.4975693174236566;-0.03228608546588241
2021-04-22;63275;129.738;130.022;130.467;129.673;123.65805666666667;6.079943333333333;111050.74666666667;0.5697845525516589;-0.23607212887845064
2021-04-23;57588;130.488;129.744;130.562;129.589;123.69255666666666;6.795443333333338;110670.18;0.5203569742092657;0.5780881468806287
2021-04-26;56562;130.64;130.462;130.761;130.209;123.72622000000001;6.913779999999974;110159.83333333333;0.5134539358719212;0.11648580712402268
2021-04-27;54869;131.483;130.557;131.498;130.557;123.76713333333333;7.71586666666667;109470.93666666666;0.5012197910306391;0.6452847519902161
2021-04-28;61298;131.702;131.401;131.818;131.334;123.80409333333331;7.897906666666685;108914.56333333334;0.5628081142132634;0.166561456614156
2021-04-29;57647;132.017;131.659;132.366;131.595;123.8453;8.171700000000001;108376.67;0.5319133721306872;0.23917632230336938
2021-04-30;61486;131.446;131.969;132.19;131.377;123.8843;7.561700000000002;108006.26666666666;0.5692817824150418;-0.43252005423544126
2021-05-03;50722;131.575;131.496;132.166;131.426;123.92522333333332;7.649776666666668;107648.74;0.4711806194851448;0.09813915980705357
2021-05-04;61135;131.304;131.564;131.64;131.145;123.96659666666666;7.3374033333333415;107076.81333333334;0.5709452690722052;-0.20596617898536174
2021-05-05;51417;131.089;131.309;131.458;130.984;124.01339;7.0756099999999975;106182.22;0.48423361274604315;-0.16374215560835959
2021-05-06;62069;131.594;131.037;131.851;131.037;124.05480666666665;7.539193333333344;105343.38333333333;0.5892064412208213;0.385234459031647
2021-05-07;66018;132.084;131.611;132.173;131.479;124.10262333333334;7.981376666666662;104721.45;0.630415258764978;0.3723574023131837
2021-05-10;62015;132.0;132.031;132.528;131.986;124.15257666666668;7.8474233333333245;103866.16333333333;0.5970664363616849;-0.06359589352230577
2021-05-11;70405;131.959;131.933;132.471;131.784;124.19282333333334;7.7661766666666665;102892.06666666667;0.6842607236968042;-0.031060606060606677
2021-05-12;76710;132.421;131.906;132.446;131.661;124.23962333333331;8.18137666666668;101931.44;0.7525646650335998;0.3501087458983365
2021-05-13;74800;132.212;132.324;132.732;132.035;124.28579333333333;7.926206666666658;100893.97;0.7413723535707099;-0.15782995144274503
2021-05-14;60366;132.817;132.202;132.844;132.158;124.33527666666666;8.481723333333349;99934.90333333334;0.6040532185100824;0.4575984025655844
2021-05-17;55021;132.742;132.523;132.953;132.337;124.38312;8.358879999999985;98843.24;0.5566490940603974;-0.056468674943732644
2021-05-18;57134;133.098;132.735;133.188;132.656;124.43177333333333;8.666226666666688;97622.63;0.5852536445698517;0.2681894200780688
2021-05-19;76208;132.98;133.08;133.439;132.637;124.47728666666667;8.502713333333318;96659.07333333333;0.788420552483317;-0.0886564786849009
2021-05-20;62453;133.028;132.899;133.089;132.708;124.52078333333334;8.50721666666665;95771.67333333334;0.652103047031723;0.03609565348172694
2021-05-21;61178;132.724;132.954;133.208;132.536;124.55985666666668;8.164143333333314;94873.05;0.6448406581214955;-0.22852331839913198
2021-05-24;52822;132.872;132.682;133.046;132.521;124.59966666666668;8.272333333333336;94052.91333333333;0.5616200299164334;0.11150959886683243
2021-05-25;62593;133.274;132.749;133.611;132.744;124.64300999999999;8.630990000000011;93434.79;0.6699110684574056;0.30254681196939526
2021-05-26;62441;133.076;133.212;133.413;132.996;124.68969333333334;8.386306666666655;92987.72;0.671497268671533;-0.14856611191981228
2021-05-27;67809;133.943;133.07;134.056;132.933;124.74050333333332;9.20249666666669;92555.32666666666;0.7326320638919397;0.6515074092999562
2021-05-28;63732;133.945;133.842;134.006;133.607;124.79535000000001;9.14964999999998;92224.22666666667;0.6910548594822563;0.0014931724688693748
2021-05-31;47688;133.958;133.998;134.022;133.663;124.85144666666667;9.106553333333324;91828.81;0.5193141455279101;0.009705476128263335
2021-06-01;58501;133.731;133.952;134.127;133.712;124.90654333333332;8.824456666666677;91551.48333333334;0.638995654357615;-0.16945609818003193
2021-06-02;57396;133.785;133.634;134.072;133.632;124.95952;8.825479999999999;91242.99666666667;0.6290455388009181;0.040379567938630956
2021-06-03;60835;133.773;133.715;133.917;133.627;125.01050666666664;8.762493333333353;90945.36333333333;0.6689181039061949;-0.008969615427734112
2021-06-04;59033;133.253;133.691;133.813;133.14;125.06092333333333;8.192076666666651;90683.19;0.6509806282729301;-0.38871820172979854
2021-06-07;49835;133.178;133.243;133.385;132.888;125.10959999999999;8.068400000000011;90383.64;0.5513719075708224;-0.056283911056398406
2021-06-08;53625;133.27;133.141;133.424;133.134;125.1587;8.111300000000014;90212.02;0.5944329813254825;0.0690804787577548
2021-06-09;45060;133.526;133.261;133.628;133.203;125.21197000000001;8.314030000000002;90010.20666666667;0.5006098937964332;0.19209124334058636
2021-06-10;48020;133.116;133.458;133.758;133.043;125.26323666666666;7.852763333333357;89836.66333333333;0.5345256404038454;-0.3070563036412399
2021-06-11;56956;132.804;132.967;133.414;132.664;125.31519333333335;7.4888066666666475;89690.32666666666;0.6350294632292972;-0.2343820427296528
2021-06-14;40376;133.412;132.712;133.438;132.649;125.37005666666667;8.041943333333336;89454.22333333333;0.45135934889896;0.4578175356164005
2021-06-15;36372;133.459;133.373;133.652;133.278;125.42520666666665;8.03379333333335;89175.03333333334;0.40787200901892107;0.03522921476328822
2021-06-16;56515;132.798;133.408;133.587;132.685;125.47820666666667;7.319793333333337;89082.72666666667;0.6344103073030506;-0.4952831955881587
2021-06-17;80619;131.248;132.767;132.877;131.024;125.52565333333335;5.722346666666638;88981.98;0.9060149032421053;-1.1671862528050192
2021-06-18;80543;130.746;131.152;131.431;130.612;125.57276666666667;5.173233333333343;88957.20666666667;0.905412872301569;-0.3824820187736
2021-06-21;76083;131.487;130.643;131.494;130.041;125.62447666666667;5.862523333333328;88841.62333333334;0.8563891242118392;0.5667477398926035
2021-06-22;64953;132.151;131.302;132.196;131.218;125.67693333333334;6.474066666666673;88751.41;0.7318531615440552;0.5049928890308752
2021-06-23;64404;132.335;132.012;132.696;132.012;125.73088333333334;6.60411666666667;88669.56;0.7263372007258493;0.13923466337750767
2021-06-24;58207;132.297;132.296;132.577;132.114;125.78646333333333;6.510536666666667;88555.63666666667;0.6572929989661876;-0.028715003589385724
2021-06-25;55048;132.241;132.239;132.454;132.127;125.84073666666666;6.400263333333356;88456.67333333334;0.6223159647046088;-0.042329002169350094
2021-06-28;58022;131.894;132.15;132.346;131.778;125.88918666666667;6.004813333333331;88280.13333333333;0.657248667499295;-0.26239970962107506
2021-06-29;57219;131.499;131.896;131.966;131.278;125.93627666666664;5.562723333333352;88195.86666666667;0.6487719001192064;-0.2994829181009018
2021-06-30;67058;131.743;131.406;131.783;131.28;125.98752999999999;5.7554700000000025;88151.75;0.7607109331351039;0.18555274184595127
2021-07-01;63301;132.156;131.721;132.432;131.562;126.04317666666667;6.112823333333338;88067.30666666667;0.7187797878228078;0.31348914173809916
2021-07-02;60975;131.753;132.134;132.23;131.677;126.10051333333331;5.652486666666675;88000.24666666667;0.6928957850647661;-0.304942643542494
2021-07-05;51227;131.648;131.482;131.867;131.426;126.15564;5.492359999999991;87863.46333333333;0.5830296013446564;-0.07969458000955942
2021-07-06;67326;130.786;131.514;131.863;130.62;126.20627333333333;4.579726666666673;87833.40333333334;0.7665193132103273;-0.654776373359256
2021-07-07;72292;130.427;130.75;131.039;130.422;126.25321666666667;4.1737833333333185;87786.78666666667;0.8234952291224666;-0.2744942119187188
2021-07-08;84470;130.026;130.393;130.527;129.625;126.29918;3.7268200000000036;87792.75;0.9621523417365373;-0.3074516779500991
2021-07-09;72568;130.774;129.813;130.878;129.813;126.34911;4.424890000000005;87718.60666666667;0.8272817222890042;0.5752695614723136
2021-07-12;60115;130.879;130.661;130.992;130.451;126.39918999999999;4.4798100000000005;87600.01333333334;0.6862441877861944;0.080291189380155
2021-07-13;65570;130.286;130.863;131.088;130.213;126.44721333333332;3.838786666666678;87521.7;0.7491856305349703;-0.4530902589414576
2021-07-14;68142;130.14;130.253;130.43;130.019;126.49055666666668;3.649443333333309;87473.2;0.7790043121778123;-0.11206115776063452
2021-07-15;73644;129.734;130.112;130.203;129.61;126.53087333333335;3.2031266666666625;87403.41333333333;0.8425757895647963;-0.3119717227600849
2021-07-16;67574;129.957;129.7;130.283;129.637;126.57050666666665;3.3864933333333482;87351.40333333334;0.7735880297438336;0.17189017528171924
2021-07-19;81544;129.141;129.964;129.97;128.891;126.60824333333333;2.532756666666657;87358.48;0.9334411496169653;-0.62789999769155
2021-07-20;85206;129.428;129.058;129.484;128.597;126.64857333333333;2.779426666666666;87386.58;0.9750467405863721;0.22223770917060293
2021-07-21;74420;130.092;129.345;130.189;129.161;126.69098333333332;3.401016666666692;87468.31;0.8508224292888646;0.5130265475785878
2021-07-22;67138;129.665;130.029;130.297;129.484;126.72951333333333;2.9354866666666624;87414.21;0.7680444632513674;-0.32822925314394125
2021-07-23;66343;130.141;129.578;130.186;129.506;126.76803333333335;3.372966666666642;87235.52666666667;0.7605043786059074;0.36709983418810044
2021-07-26;67370;130.276;130.088;130.349;129.676;126.80491666666666;3.471083333333354;87067.21333333333;0.7737700268649799;0.10373364274134378
2021-07-27;69227;129.729;130.265;130.299;129.545;126.83844999999998;2.890550000000033;86860.26;0.7969927789761628;-0.41987779790597646
2021-07-28;76232;130.174;129.641;130.237;129.625;126.87307333333332;3.300926666666683;86764.37333333334;0.8786094692013897;0.3430227628363758
2021-07-29;63356;130.136;130.153;130.564;129.898;126.90225666666666;3.2337433333333365;86592.46666666666;0.7316571803396988;-0.029191697266739425
2021-07-30;68468;130.195;130.095;130.5;130.018;126.92845333333334;3.266546666666656;86402.51333333334;0.7924306522872607;0.04533718571340106
2021-08-02;57807;129.777;130.129;130.422;129.602;126.94859333333333;2.828406666666652;86145.38666666667;0.6710399968796157;-0.32105687622413503
2021-08-03;64841;129.36;129.695;129.867;129.166;126.96739333333333;2.39260666666668;85915.38;0.7547077135664471;-0.32132041887235063
2021-08-04;59392;129.595;129.318;129.82;129.135;126.99119333333333;2.603806666666671;85767.10666666667;0.6924799297569838;0.18166357452069626
2021-08-05;60924;129.894;129.551;130.015;129.54;127.01693666666667;2.8770633333333393;85555.86666666667;0.7120961118582113;0.23071877773062077
2021-08-06;56434;129.631;129.861;129.964;129.58;127.04283000000001;2.588169999999991;85319.55333333333;0.6614427501690319;-0.20247278550202807
2021-08-09;54162;129.491;129.703;129.703;129.393;127.07204333333335;2.4189566666666593;84953.86;0.6375460750105248;-0.10799885829777534
2021-08-10;52686;129.606;129.348;129.688;129.348;127.10116333333335;2.504836666666648;84595.34;0.6228002629931362;0.08880926087526664
2021-08-11;55467;129.643;129.54;129.808;129.464;127.12821666666666;2.514783333333341;84282.72;0.6581064303571766;0.02854806104655161
2021-08-12;46049;129.546;129.589;129.708;129.394;127.15713000000001;2.388869999999983;83977.75666666667;0.5483475842630215;-0.07482085419190376
2021-08-13;46277;129.279;129.415;129.698;129.234;127.18705666666666;2.091943333333333;83739.1;0.5526331188177861;-0.20610439534991531
2021-08-16;51830;128.67;129.27;129.435;128.499;127.21642;1.453579999999988;83526.25;0.6205234881249164;-0.4710741883832692
2021-08-17;57955;128.307;128.552;128.874;128.255;127.24592666666669;1.0610733333332973;83373.42666666667;0.695125561189917;-0.2821170435999054
2021-08-18;59930;128.526;128.229;128.954;128.221;127.27305666666668;1.2529433333333344;83258.56666666667;0.7198058097724415;0.1706843741962727
2021-08-19;75222;128.17;128.472;128.706;127.933;127.29870999999999;0.8712900000000019;83080.66;0.9054092733494287;-0.27698675754324054
2021-08-20;53939;128.454;128.028;128.525;127.948;127.32542999999998;1.1285700000000247;82885.44666666667;0.6507656309908707;0.22158071311539906
2021-08-23;56021;128.843;128.322;129.145;128.211;127.35407666666666;1.4889233333333323;82666.65333333334;0.6776734963988691;0.3028321422454683
2021-08-24;47602;128.956;128.791;129.035;128.594;127.38312333333334;1.5728766666666445;82522.95666666667;0.5768334282092199;0.08770363931296377
2021-08-25;54027;129.483;128.781;129.534;128.768;127.41159333333331;2.0714066666666895;82387.14;0.6557698203869371;0.40866652191446917
2021-08-26;60772;129.367;129.409;129.766;129.229;127.43867;1.9283299999999883;82246.22666666667;0.7389031991253979;-0.08958705003746514
2021-08-27;62019;129.562;129.343;129.751;129.157;127.46750999999999;2.0944900000000217;82138.94;0.755049919076049;0.1507339584283729
2021-08-30;43509;129.67;129.42;129.708;129.417;127.49700333333331;2.172996666666677;81988.99333333333;0.5306687913962439;0.08335777465613425
2021-08-31;65365;129.89;129.649;130.178;129.567;127.52713333333332;2.362866666666662;81925.64;0.7978576670257568;0.1696614482918246
2021-09-01;58243;130.27;129.89;130.454;129.864;127.55654666666666;2.713453333333348;81860.70666666667;0.7114890937498979;0.29255523904845315
2021-09-02;48383;130.548;130.11;130.592;130.11;127.58762999999999;2.9603700000000117;81752.42666666667;0.5918234109094835;0.21340293237122054
2021-09-03;61452;130.3;130.545;130.743;130.188;127.61691666666665;2.6830833333333572;81697.68666666666;0.7521877608447072;-0.1899684407267732
2021-09-06;37069;130.347;130.306;130.501;130.226;127.64817666666667;2.698823333333337;81514.12666666666;0.4547555315360322;0.03607060629315928
2021-09-07;63814;130.602;130.326;130.658;130.226;127.68084333333333;2.9211566666666755;81425.74333333333;0.7837079207095008;0.19563166010725386
2021-09-08;64884;130.287;130.509;130.695;130.175;127.70949333333333;2.577506666666679;81365.77666666667;0.7974360063667065;-0.24119079340285676
2021-09-09;63664;129.752;130.196;130.333;129.666;127.73452666666667;2.017473333333342;81249.28;0.7835638666581681;-0.41063191262367127
2021-09-10;61105;129.808;129.667;130.277;129.65;127.76042333333334;2.0475766666666573;81153.08333333333;0.7529596842181081;0.04315925766076312
2021-09-13;54107;129.921;129.805;129.946;129.592;127.78648333333334;2.1345166666666557;81031.79666666666;0.6677255376993368;0.087051645507219
2021-09-14;58963;129.481;129.834;130.195;129.364;127.81049999999998;1.6705000000000183;81001.58;0.7279240725920744;-0.33866734400135323
2021-09-15;62862;129.229;129.407;129.536;129.062;127.83193666666669;1.3970633333333211;80896.48666666666;0.7770671210854262;-0.19462314934235447
2021-09-16;63128;129.156;129.202;129.361;128.609;127.85204;1.3039600000000036;80796.18333333333;0.7813240353142777;-0.05648886859761504
2021-09-17;63167;128.964;129.026;129.674;128.906;127.8686;1.095399999999998;80655.20666666667;0.7831732458519376;-0.14865743751742988
2021-09-20;61961;128.278;128.919;129.029;128.143;127.88314333333334;0.3948566666666551;80560.38666666667;0.7691249082054097;-0.5319313917062196
2021-09-21;68575;128.066;128.28;128.705;127.996;127.89774;0.16826000000000363;80431.81333333334;0.8525855275175296;-0.16526606276990874
2021-09-22;80376;128.346;127.963;128.774;127.929;127.91278000000001;0.4332199999999915;80329.23;1.0005822289095763;0.2186372651601598
2021-09-23;68843;129.511;128.286;129.544;128.286;127.93409333333334;1.576906666666659;80193.08333333333;0.8584655576072096;0.9077026163651247
2021-09-24;63120;129.793;129.48;129.846;129.369;127.95438;1.838620000000006;80073.85666666667;0.7882722604800907;0.21774212229077605
2021-09-27;67264;129.828;129.734;129.938;129.484;127.97356666666667;1.8544333333333327;79933.32;0.8415013914096346;0.02696601511638086
2021-09-28;80011;130.28;129.819;130.383;129.665;127.99253333333331;2.2874666666666883;79728.37;1.0035449113030903;0.34815294081400605
2021-09-29;76474;129.863;130.238;130.474;129.676;128.00998;1.8530199999999866;79593.64333333333;0.960805370847543;-0.320079828062636
2021-09-30;77695;128.816;129.803;129.963;128.789;128.02346666666668;0.7925333333333242;79520.7;0.9770411980778619;-0.8062342622609964
2021-10-01;83389;128.762;128.8;129.046;128.556;128.03507333333332;0.7269266666666852;79464.40333333334;1.0493881096696023;-0.04192025835300095
2021-10-04;75886;128.885;128.553;129.378;128.545;128.04683333333332;0.8381666666666661;79337.27;0.9564987552507218;0.09552507727434989
2021-10-05;68698;129.272;128.874;129.388;128.758;128.06162666666668;1.2103733333333082;79195.48;0.8674484957978831;0.30026768049036257
2021-10-06;79105;128.771;129.263;129.499;128.333;128.07632666666666;0.694673333333327;79206.47666666667;0.9987188337248769;-0.3875549229531594
2021-10-07;58680;128.959;128.688;129.03;128.632;128.08947;0.8695299999999975;79042.06;0.7423895581667859;0.14599560460042404
2021-10-08;65318;129.882;128.909;129.905;128.909;128.10257;1.7794300000000192;78899.29666666666;0.8278654279511118;0.7157313564776446
2021-10-11;55010;130.936;129.714;131.227;129.706;128.11792;2.818080000000009;78757.07;0.6984769748289648;0.8115058283672871
2021-10-12;68600;130.991;130.82;131.274;130.706;128.13390333333334;2.8570966666666777;78723.39;0.8714055632003562;0.04200525447546344
2021-10-13;67168;131.324;130.92;131.466;130.875;128.15223666666668;3.171763333333331;78686.42666666667;0.8536160916866916;0.25421593849959123
2021-10-14;52521;131.835;131.237;131.859;131.222;128.17247666666668;3.6625233333333256;78521.72666666667;0.6688721991933609;0.389113947184061
2021-10-15;61298;132.525;131.79;132.776;131.79;128.19546;4.329540000000009;78362.56;0.782235802403497;0.5233814996017827
2021-10-18;63519;132.73;132.39;132.786;132.149;128.2196133333333;4.510386666666676;78216.13;0.8120959193454327;0.1546877947556924
2021-10-19;60936;133.051;132.641;133.189;132.621;128.2470933333333;4.803906666666677;78101.28;0.7802176865730267;0.24184434566412172
2021-10-20;57991;133.207;133.013;133.48;132.738;128.27471;4.932289999999995;78037.55333333333;0.743116583272249;0.11724827321855091
2021-10-21;61111;132.524;133.009;133.372;132.261;128.29679;4.227210000000014;77930.49666666667;0.7841731108346863;-0.5127358171867824
2021-10-22;63457;132.158;132.372;132.792;131.92;128.3193533333333;3.8386466666666763;77863.86666666667;0.8149736548744713;-0.2761763906915071
2021-10-25;58438;132.011;131.998;132.599;131.864;128.33943333333332;3.6715666666666777;77604.09333333334;0.7530272887666295;-0.11123049682955077
2021-10-26;49738;132.371;131.978;132.667;131.935;128.36255333333332;4.008446666666686;77344.46333333333;0.6430712407381571;0.2727045473483347
2021-10-27;65409;132.047;132.287;132.524;131.58;128.38133333333334;3.6656666666666524;77233.19666666667;0.8469026639191489;-0.24476660295684738
2021-10-28;72594;132.678;132.014;132.702;131.556;128.40288666666666;4.275113333333337;77094.85;0.9416193169840862;0.4778601558536044
2021-10-29;71619;131.825;132.603;132.918;131.606;128.42271666666667;3.4022833333333153;77001.75666666667;0.9300956640511798;-0.6429099021691642
2021-11-01;58087;132.315;131.768;132.444;131.761;128.44427666666667;3.8707233333333306;76830.98666666666;0.7560361062653598;0.3717049118149074
2021-11-02;61418;131.961;132.302;132.393;131.476;128.46492333333333;3.4960766666666814;76669.37;0.8010761011860668;-0.26754336243055565
2021-11-03;60058;132.409;131.873;132.411;131.751;128.48784333333333;3.9211566666666613;76668.24;0.783349141704468;0.3394942445116289
2021-11-04;64125;131.44;132.313;132.562;131.019;128.50988333333333;2.930116666666663;76541.78333333334;0.8377777105183503;-0.731823365481199
2021-11-05;66023;131.167;131.387;131.589;130.837;128.52937666666668;2.637623333333323;76419.22666666667;0.8639579707862963;-0.20769933049299416
2021-11-08;58617;131.196;131.026;131.431;130.899;128.54873;2.647269999999992;76260.34666666666;0.7686432407160005;0.022109219544552694
2021-11-09;65194;130.875;131.133;131.266;130.677;128.56586666666664;2.3091333333333637;76169.21333333333;0.8559101131147052;-0.2446720936613911
2021-11-10;77114;130.725;130.802;131.419;130.644;128.58349333333334;2.1415066666666576;76199.7;1.011998734903023;-0.11461318051576574
2021-11-11;52755;130.597;130.664;130.998;130.44;128.60244333333333;1.994556666666682;76127.90666666666;0.6929784662408478;-0.09791547140943768
2021-11-12;58628;130.376;130.606;130.762;130.235;128.62367333333333;1.7523266666666757;75996.6;0.7714555651172853;-0.16922287648262202
2021-11-15;54830;129.74;130.378;130.602;129.68;128.64248333333333;1.097516666666678;75812.46333333333;0.7232320068392374;-0.4878198441430892
2021-11-16;68644;129.968;129.69;130.112;129.611;128.66297;1.305029999999988;75769.57333333333;0.9059573253501794;0.17573608755971915
2021-11-17;69824;129.166;129.978;130.083;129.037;128.68291666666667;0.483083333333326;75666.37333333334;0.9227877182958785;-0.6170749723008684
2021-11-18;64408;129.941;128.88;129.946;128.88;128.70657999999997;1.2344200000000285;75563.08333333333;0.852373899512105;0.6000030967901804
2021-11-19;80562;128.639;129.859;129.986;127.979;128.72585666666666;-0.08685666666664815;75497.37666666666;1.0670834346428197;-1.001993212304042
2021-11-22;76416;129.044;128.629;129.325;128.521;128.74603666666667;0.29796333333334246;75425.45;1.0131328351370774;0.31483453696001806
2021-11-23;77317;129.5;129.068;129.598;128.901;128.76842333333335;0.7315766666666548;75391.32333333333;1.0255424176352799;0.35336784352621997
2021-11-24;76775;129.265;129.483;129.561;128.69;128.78906333333333;0.47593666666665513;75386.76333333334;1.0184148596553775;-0.18146718146718754
2021-11-25;42682;129.252;129.201;129.528;129.181;128.80623;0.4457700000000102;75211.21333333333;0.56749516605761;-0.01005685993886729
2021-11-26;112331;128.272;129.25;129.331;127.797;128.82186666666666;-0.5498666666666736;75214.09666666666;1.4934833359471542;-0.7582087704639195
2021-11-29;91219;128.206;128.473;128.57;127.49;128.83598333333333;-0.6299833333333424;75117.07666666666;1.2143576939871312;-0.05145316203069017
2021-11-30;109919;128.289;128.13;128.606;127.645;128.85216666666668;-0.5631666666666888;75087.59666666666;1.4638769234810423;0.06473955977099877
2021-12-01;93087;127.649;128.274;128.785;127.567;128.86233000000001;-1.2133300000000133;75129.11333333333;1.239027001250216;-0.4988736368667479
2021-12-02;89306;127.917;127.648;128.224;127.457;128.87557999999999;-0.9585799999999836;75104.07;1.1890966761187256;0.20995072425165073
2021-12-03;83984;127.597;127.799;128.34;127.384;128.88539333333335;-1.2883933333333601;75085.57666666666;1.1185104214198904;-0.2501622145610116
2021-12-06;70628;128.071;127.495;128.087;127.492;128.89666666666668;-0.8256666666666774;75049.36;0.9410873057410561;0.37148208813686523
2021-12-07;63759;127.977;127.997;128.466;127.601;128.90679666666665;-0.9297966666666468;74986.21333333333;0.8502762996787965;-0.07339678771930425
2021-12-08;75152;128.948;127.926;129.105;127.825;128.92196333333334;0.026036666666669817;75011.8;1.001869039271021;0.7587300843120204
2021-12-09;56601;128.132;128.854;129.068;127.936;128.9361133333333;-0.804113333333305;74918.36;0.7555023895343204;-0.6328132270372544
2021-12-10;62676;128.303;128.036;128.401;127.811;128.95203333333333;-0.6490333333333353;74860.86333333333;0.8372331978181163;0.13345612337276602
2021-12-13;55346;128.184;128.157;128.454;128.011;128.96791666666667;-0.7839166666666699;74767.63333333333;0.7402400949786107;-0.09274919526433001
2021-12-14;59051;128.064;128.074;128.56;127.994;128.98323;-0.9192299999999989;74698.55333333333;0.7905240110405365;-0.0936154278225132
2021-12-15;66667;128.82;127.934;128.827;127.924;128.99895666666666;-0.17895666666666443;74679.88;0.8927036304824147;0.5903298350824482
2021-12-16;75105;128.833;128.69;129.636;128.452;129.01262666666668;-0.17962666666667815;74676.55;1.0057374102042735;0.010091600683126423
2021-12-17;72581;127.755;128.762;128.979;127.754;129.02499666666668;-1.2699966666666853;74631.10666666667;0.972530131760835;-0.8367421390482299
2021-12-20;73811;128.13;127.618;128.313;127.516;129.03889666666666;-0.9088966666666636;74639.12333333334;0.9889049697215108;0.2935305858870585
2021-12-21;59618;128.753;128.122;128.757;128.054;129.05410666666668;-0.3011066666666977;74593.43666666666;0.7992392181420074;0.4862249278076769
2021-12-22;54764;129.259;128.644;129.501;128.563;129.07230333333334;0.18669666666664853;74538.42;0.7347083557713278;0.39300055144346757
2021-12-23;48029;129.584;129.198;129.728;129.049;129.09372333333334;0.49027666666665937;74482.27666666667;0.644837968835721;0.2514331690636862
2021-12-24;42249;129.448;129.506;129.752;129.284;129.11675333333332;0.33124666666668645;74319.52333333333;0.5684778118194019;-0.10495122854673467
2021-12-27;38779;130.129;129.462;130.154;129.375;129.14348333333334;0.9855166666666548;74144.57333333333;0.5230187221612996;0.5260799703355579
2021-12-28;41126;129.847;130.053;130.228;129.61;129.16995666666668;0.6770433333333301;73946.23;0.5561608752737556;-0.21670803587208187
2021-12-29;46219;130.486;129.852;130.564;129.652;129.19846333333334;1.2875366666666537;73812.50333333333;0.6261676262525768;0.49211764615275655
2021-12-30;47387;130.321;130.439;130.594;130.125;129.2246;1.0963999999999885;73690.48333333334;0.6430545418686162;-0.12645034716367576
2021-12-31;38026;130.99;130.238;131.013;130.164;129.25280333333333;1.7371966666666765;73207.44333333333;0.5194280563364592;0.5133478104066169
2022-01-03;50668;130.295;130.941;131.001;130.025;129.27899666666667;1.016003333333316;72970.61333333333;0.6943617120023257;-0.5305748530422316
2022-01-04;63740;131.068;130.19;131.464;130.188;129.30672333333334;1.7612766666666744;72769.77666666667;0.8759130908421262;0.5932691200736917
2022-01-05;61844;131.343;131.062;131.6;130.841;129.32954333333333;2.013456666666656;72484.99666666667;0.8531972524519874;0.20981475264745253
2022-01-06;70835;130.892;131.295;131.427;130.64;129.35128666666665;1.5407133333333434;72285.52;0.9799334638526527;-0.34337574137943694
2022-01-07;59902;131.277;130.729;131.348;130.722;129.37492333333333;1.9020766666666589;72181.58;0.8298793126998841;0.2941356232619263
2022-01-10;65076;130.488;131.206;131.368;130.158;129.39619666666667;1.0918033333333312;72101.49666666667;0.9025610147989666;-0.6010192189035313
2022-01-11;65305;131.07;130.372;131.198;130.367;129.42049;1.6495099999999923;72049.54333333333;0.9063902001135645;0.4460180246459444
2022-01-12;64293;131.149;131.074;131.474;130.948;129.44448333333332;1.7045166666666773;71962.32333333333;0.8934258514998529;0.06027313649195065
2022-01-13;63300;130.764;131.162;131.44;130.62;129.46846333333332;1.2955366666666919;71904.70333333334;0.8803318429191933;-0.2935592341535176
2022-01-14;76504;130.365;130.788;130.857;129.781;129.49286666666666;0.8721333333333519;71869.32;1.0644876005504067;-0.30512985225291667
2022-01-17;42015;130.712;130.232;130.828;130.226;129.51796;1.194040000000001;71691.39333333333;0.5860536118281722;0.26617573735279176
2022-01-18;77777;129.801;130.685;131.177;129.697;129.54020666666668;0.2607933333333108;71682.02333333333;1.0850279663328304;-0.6969520778505434
2022-01-19;64284;129.668;129.705;129.986;129.392;129.55976666666666;0.10823333333334517;71619.66333333333;0.8975747302915884;-0.10246454187562426
2022-01-20;67201;129.064;129.641;130.088;129.049;129.57593;-0.5119300000000067;71557.56333333334;0.9391180592183003;-0.4658049788691221
2022-01-21;76151;128.955;129.019;129.31;128.56;129.59093000000001;-0.6359300000000019;71519.29;1.0647616887694127;-0.0844542242608215
2022-01-24;81869;129.071;128.886;129.156;128.408;129.60724333333332;-0.5362433333333172;71595.87333333334;1.1434876926331494;0.08995385987358162
2022-01-25;73644;128.678;128.978;129.197;128.246;129.62112;-0.9431199999999933;71619.73666666666;1.0282640432307704;-0.30448357880545895
2022-01-26;69539;128.899;128.614;129.242;128.593;129.63615000000001;-0.737150000000014;71559.86333333333;0.9717598212292602;0.17174653009839336
2022-01-27;87068;128.56;128.766;129.015;128.327;129.64494;-1.084939999999989;71562.18333333333;1.216676126194042;-0.2629966097487224
2022-01-28;75834;128.466;128.516;128.852;128.353;129.65157333333335;-1.1855733333333376;71495.74;1.06067858029009;-0.07311761045425413
2022-01-31;68603;129.339;128.438;129.376;128.401;129.66222;-0.32321999999999207;71414.02333333333;0.9606376562734443;0.6795572369342695
2022-02-01;64999;129.289;129.274;129.538;128.87;129.67222999999998;-0.3832299999999975;71332.21;0.9112152840910283;-0.038658100031707665
2022-02-02;57179;129.363;129.215;129.474;129.046;129.68347000000003;-0.3204700000000287;71238.93666666666;0.8026369100305022;0.05723611444130583
2022-02-03;76547;131.524;129.272;131.539;129.186;129.70159333333334;1.8224066666666658;71196.57;1.075150109057069;1.670493108539528
2022-02-04;73664;131.893;131.452;132.092;131.401;129.7214766666667;2.1715233333333117;71159.85333333333;1.035190441651505;0.2805571606703028
2022-02-07;68744;131.688;132.098;132.153;131.258;129.73865999999998;1.9493400000000065;71056.61333333333;0.9674539325073894;-0.1554290220102783
2022-02-08;58821;131.923;131.631;132.034;131.479;129.75836;2.1646399999999915;70955.27333333333;0.8289870116300265;0.178452098900439
2022-02-09;56533;131.979;131.86;132.159;131.629;129.77723;2.2017700000000104;70858.61666666667;0.7978281634530736;0.04244900434344778
2022-02-10;77277;132.57;131.93;133.153;131.865;129.79934666666665;2.7706533333333425;70844.05333333333;1.09080432815423;0.4477985133998441
2022-02-11;83586;131.036;132.524;132.619;130.387;129.81559333333334;1.220406666666662;70810.51333333334;1.1804179360558447;-1.1571245379799255
2022-02-14;93743;130.631;130.768;131.388;130.045;129.82956000000001;0.8014399999999853;70819.56;1.3236879754687374;-0.30907536860099727
2022-02-15;72226;131.292;130.59;131.539;130.434;129.84534666666667;1.4466533333333302;70775.12;1.0204998592724364;0.5060054657776591
2022-02-16;69013;131.303;131.31;131.905;131.108;129.86149333333336;1.4415066666666405;70584.09333333334;0.9777415383672405;0.008378271334130716
2022-02-17;95816;130.565;131.291;131.498;130.4;129.87665666666666;0.6883433333333357;70573.9;1.3576690532900468;-0.562058749609684
2022-02-18;77917;130.263;130.527;131.12;130.21;129.89027000000002;0.37272999999999;70524.80666666667;1.1048169244654757;-0.23130241642093097
2022-02-21;56512;129.76;130.189;130.903;129.736;129.90188;-0.14188000000001466;70525.83666666667;0.8012949958621592;-0.3861418821921925
2022-02-22;101379;130.319;129.727;130.766;129.357;129.91373;0.4052700000000016;70598.46666666666;1.435994360594975;0.4307953144266241
2022-02-23;61647;130.021;130.258;130.71;129.946;129.92424666666668;0.09675333333331082;70545.24666666667;0.873864688449946;-0.2286696490918505
2022-02-24;164280;129.315;129.912;130.027;127.918;129.93213333333333;-0.617133333333328;70812.97;2.3199139931565758;-0.542989209435385
2022-02-25;107763;130.235;129.229;130.29;128.724;129.94577333333334;0.2892266666666785;70939.90333333334;1.5190745255688698;0.7114410547887084
2022-02-28;127858;128.994;128.429;129.784;128.428;129.95456000000001;-0.9605600000000152;71004.78666666667;1.800695502406251;-0.9528928475448284
2022-03-01;104547;127.817;128.973;129.245;127.373;129.95953333333333;-2.1425333333333327;71034.00333333333;1.4717880887184307;-0.9124455401026466
2022-03-02;109192;128.457;127.75;128.771;127.298;129.96427333333332;-1.5072733333333304;70933.42;1.5393590214596253;0.5007158672164058
2022-03-03;88059;127.77;128.388;128.509;127.585;129.96555666666666;-2.1955566666666613;70872.67333333334;1.2424958147948264;-0.534809313622453
2022-03-04;117054;125.579;127.737;127.82;125.072;129.96069666666668;-4.381696666666684;70878.1;1.651483321364194;-1.7148000313062517
2022-03-07;138754;125.161;125.583;125.957;124.392;129.95571333333334;-4.794713333333334;71032.76666666666;1.953380200592597;-0.33285820081382367
2022-03-08;127404;126.043;125.078;126.731;125.045;129.95366333333334;-3.910663333333332;71146.12666666666;1.7907369799187303;0.7046923562451513
2022-03-09;99855;128.317;126.013;128.465;125.981;129.96041666666667;-1.643416666666667;71178.70333333334;1.4028774805345938;1.8041462040732092
2022-03-10;103227;127.611;128.197;128.874;127.423;129.96523000000002;-2.3542300000000154;71202.18;1.449773026612184;-0.550199895571124
2022-03-11;102077;127.991;127.526;129.041;127.463;129.97372333333334;-1.9827233333333396;71251.62666666666;1.4326269416630724;0.2977799719459995
2022-03-14;91768;129.303;128.118;129.71;127.952;129.98731666666666;-0.6843166666666605;71300.08666666667;1.2870671592449743;1.0250720753802955
2022-03-15;99849;129.568;129.253;130.031;129.176;129.99915000000001;-0.43115000000000236;71366.35333333333;1.399104694807899;0.20494497420788793
2022-03-16;103321;131.045;129.564;131.095;129.512;130.01817666666668;1.0268233333333114;71438.58333333333;1.4462912781723072;1.139941960977997
2022-03-17;88625;131.537;130.956;131.908;130.717;130.03687666666664;1.500123333333363;71452.09666666666;1.2403414893958222;0.3754435499256026
2022-03-18;81935;131.665;131.497;131.92;131.186;130.05478666666664;1.6102133333333484;71468.8;1.1464443225573753;0.09731102275405412
2022-03-21;65574;131.617;131.717;131.973;131.381;130.07357666666667;1.5434233333333225;71432.88666666667;0.9179805417354101;-0.036456157672881684
2022-03-22;93067;133.146;131.593;133.341;131.555;130.0974;3.0485999999999933;71490.31666666667;1.3018126697343437;1.161704035193023
2022-03-23;93157;133.321;133.145;133.894;132.326;130.12148666666667;3.1995133333333285;71472.75;1.3033918521392693;0.13143466570533224
2022-03-24;90000;134.56;133.27;134.611;132.952;130.14873333333333;4.411266666666677;71422.26666666666;1.260111225817356;0.9293359635766274
2022-03-25;102210;134.096;134.459;134.746;133.724;130.17206333333334;3.9239366666666626;71370.41666666667;1.4321059729461063;-0.34482758620689724
2022-03-28;124864;136.129;134.074;137.534;133.962;130.20396;5.925039999999996;71496.79666666666;1.7464278935757804;1.5160780336475277
2022-03-29;128903;136.237;135.936;137.309;135.312;130.23665333333332;6.0003466666666725;71647.96333333333;1.7991160390739465;0.07933651169111933
2022-03-30;122559;135.939;136.17;136.671;134.877;130.26844333333335;5.670556666666641;71814.85;1.7065968946531662;-0.21873646659864576
2022-03-31;121269;134.669;135.886;136.841;134.514;130.29645;4.372550000000018;71987.08666666667;1.6845938016843829;-0.9342425646797325
2022-04-01;101291;135.406;134.563;135.882;134.562;130.32458;5.0814200000000085;72087.92333333334;1.4051035917849664;0.5472677453608465
2022-04-04;80822;134.676;135.223;135.679;134.569;130.35081666666667;4.325183333333314;72123.58;1.1206043848626037;-0.5391193890965096
2022-04-05;86787;134.778;134.702;135.128;134.295;130.37766333333332;4.400336666666675;72151.91333333333;1.2028371250398069;0.07573732513588283
2022-04-06;101779;134.886;134.757;135.475;134.657;130.40475666666666;4.481243333333339;72249.64333333333;1.4087128365522164;0.08013177224770462
2022-04-07;95804;134.882;134.806;135.506;134.416;130.43080666666665;4.45119333333335;72389.20333333334;1.3234570293422683;-0.0029654671352075113
2022-04-08;89294;135.166;134.742;135.369;134.354;130.45751666666666;4.708483333333334;72487.48;1.2318541077712688;0.21055441052177937
2022-04-11;99564;136.471;135.494;137.13;135.213;130.48655333333335;5.984446666666656;72642.62;1.3706003445358428;0.9654794844857539
2022-04-12;103409;135.757;136.386;136.644;135.54;130.51128000000003;5.245719999999977;72722.91;1.4219590497683023;-0.5231880765876995
2022-04-13;96119;136.85;135.649;136.872;135.64;130.54252333333332;6.307476666666673;72757.08666666667;1.321094678245594;0.8051150216931591
2022-04-14;103432;136.317;136.739;136.938;135.517;130.57097333333334;5.7460266666666655;72837.82;1.4200315165937942;-0.3894775301424791
2022-04-15;125615;136.628;136.26;136.898;136.247;130.60059;6.027409999999975;72997.09;1.720822021809127;0.22814469215137745
2022-04-18;74733;136.912;136.584;137.023;136.453;130.63112333333333;6.280876666666671;72941.78;1.0245568451988663;0.20786368826304358
2022-04-19;111476;139.059;136.898;139.093;136.799;130.66841333333332;8.390586666666678;73034.57333333333;1.5263456047206967;1.56816057029332
2022-04-20;126961;138.805;139.024;139.685;138.395;130.70179666666667;8.10320333333334;73084.37;1.7371840244361776;-0.18265628258508082
2022-04-21;116927;139.066;138.693;140.001;138.461;130.73409999999998;8.331900000000019;72978.81333333334;1.6022047311993926;0.18803357227765716
2022-04-22;121474;138.811;139.153;139.488;138.257;130.76816;8.042840000000012;72829.32666666666;1.6679269953429474;-0.1833661714581547
2022-04-25;136567;137.247;138.843;139.181;136.485;130.79686;6.450140000000005;72927.12666666666;1.8726502227929263;-1.126711860011087
2022-04-26;126141;135.316;137.254;137.539;135.295;130.81794;4.4980600000000095;72992.57333333333;1.728134716170888;-1.4069524288326973
2022-04-27;133319;135.607;135.322;136.156;134.781;130.83966333333333;4.767336666666665;73081.88333333333;1.8242414387694592;0.21505217417008282
2022-04-28;147712;137.383;135.601;137.994;135.43;130.86672666666666;6.516273333333345;73161.71666666666;2.0189794161470127;1.3096669051007703
2022-04-29;135304;136.928;137.342;137.985;136.498;130.89282333333333;6.035176666666672;73133.1;1.8501061762728708;-0.3311909042603589
2022-05-02;111920;136.82;137.018;137.637;136.519;130.91880666666665;5.901193333333339;73133.91666666667;1.530343308565014;-0.0788735685907982
2022-05-03;100142;136.917;136.623;137.372;136.54;130.94482666666664;5.972173333333359;73098.88;1.3699525902446974;0.07089606782635371
2022-05-04;94300;137.076;136.916;137.432;136.597;130.97072666666668;6.105273333333315;73099.43666666666;1.2900236212488885;0.11612874953439434
2022-05-05;130915;137.199;137.044;137.572;136.824;130.99456;6.204440000000005;73207.44666666667;1.788274362252703;0.08973124398146126
2022-05-06;143964;137.651;137.152;138.155;136.739;131.01901;6.631990000000002;73373.51666666666;1.962070329189806;0.3294484653678209
2022-05-09;118932;137.603;137.582;138.319;137.063;131.04375;6.55925000000002;73472.64333333333;1.6187249376670558;-0.03487079643446078
2022-05-10;134518;137.346;137.514;138.082;137.034;131.06910333333335;6.276896666666659;73654.71;1.8263326269288376;-0.18676918381140828
2022-05-11;124525;136.649;137.326;137.707;136.184;131.08994333333334;5.559056666666663;73803.26666666666;1.6872559389871153;-0.5074774656706471
2022-05-12;151859;133.186;136.562;136.746;132.661;131.10139;2.084609999999998;73972.44;2.0529132201125107;-2.5342300346142266
2022-05-13;120640;134.519;133.215;134.751;133.052;131.11765999999997;3.401340000000033;74090.33666666667;1.6282825187142091;1.0008559458201338
2022-05-16;99413;134.752;134.606;135.05;133.746;131.13389;3.6181100000000015;74185.53666666667;1.3400590528403529;0.17320973245416038
2022-05-17;107293;136.468;134.748;136.695;134.49;131.15989666666667;5.308103333333321;74279.93666666666;1.4444411884930108;1.2734504868202157
2022-05-18;103472;134.149;136.505;136.668;134.075;131.17900333333333;2.969996666666674;74371.01;1.3912948069413889;-1.6992994694726926
2022-05-19;146129;135.284;134.123;135.458;133.924;131.20177666666666;4.0822233333333315;74557.15333333334;1.9599594870080483;0.8460741414397344
2022-05-20;120746;135.09;135.202;135.794;134.579;131.22095000000002;3.869049999999987;74703.93666666666;1.616327135994982;-0.1434020283255899
2022-05-23;109528;136.742;135.112;136.799;134.659;131.24604333333335;5.495956666666643;74797.51333333334;1.46432675524755;1.2228884447405441
2022-05-24;122933;136.186;136.732;136.787;135.549;131.26904666666667;4.916953333333339;74969.35;1.6397767887807964;-0.40660513960596445
2022-05-25;118970;135.932;136.15;136.234;134.988;131.28926333333334;4.64273666666665;75070.17666666667;1.5847838020715659;-0.18650962654018777
2022-05-26;104559;136.349;135.825;136.636;135.232;131.30954666666665;5.039453333333341;75158.59333333334;1.3911782453971697;0.30677103257510385
2022-05-27;101761;136.409;136.204;136.727;135.846;131.33051000000003;5.0784899999999595;75342.38333333333;1.3506474775263038;0.04400472317362958
2022-05-30;72371;137.566;136.328;137.665;136.257;131.35525;6.21074999999999;75384.88333333333;0.9600200570714386;0.8481845039550295
2022-05-31;126622;138.119;137.434;138.233;136.8;131.38122;6.737779999999987;75541.30333333333;1.6761955964838386;0.4019888635273139
2022-06-01;114175;138.651;138.119;138.973;138.091;131.40874333333332;7.242256666666691;75617.97;1.5098924237186597;0.38517510262889854
2022-06-02;94444;139.612;138.561;139.612;138.391;131.44010333333335;8.17189666666664;75673.76333333334;1.2480415383066608;0.6931071539332478
2022-06-03;89227;140.215;139.542;140.371;139.47;131.47244666666666;8.742553333333348;75716.67;1.1784327018077818;0.43191129702317976
2022-06-06;95833;141.063;140.213;141.124;139.838;131.50838666666667;9.554613333333322;75800.55666666667;1.264278314226813;0.604785507969896
2022-06-07;120301;141.977;141.022;142.058;140.906;131.54728333333333;10.429716666666678;75914.75333333333;1.584685383508469;0.647937446389224
2022-06-08;121362;143.881;141.897;144.25;141.894;131.59189666666666;12.289103333333344;76062.43666666666;1.5955576144876424;1.3410622847362497
2022-06-09;132417;142.667;143.868;144.186;142.343;131.63367;11.033330000000007;76265.93333333333;1.7362535828576495;-0.8437528235138769
2022-06-10;131694;141.325;142.616;142.788;140.801;131.67019666666664;9.654803333333348;76474.8;1.7220574620657103;-0.9406520078224179
2022-06-13;153181;139.896;141.296;141.778;139.389;131.70265;8.193349999999981;76738.05333333333;1.996154363397717;-1.0111445250309603
2022-06-14;147612;141.115;139.863;141.116;139.481;131.73941000000002;9.375589999999988;77004.50666666667;1.9169267668833516;0.8713615828901622
2022-06-15;154446;139.808;141.068;141.494;139.53;131.77195333333336;8.036046666666635;77334.60333333333;1.997113754295415;-0.926194947383352
2022-06-16;167640;139.522;139.85;140.606;137.837;131.80456666666666;7.717433333333332;77682.48666666666;2.1580153673416365;-0.20456626230258568
2022-06-17;161706;141.616;139.342;141.972;139.342;131.84166;9.774340000000024;78029.54666666666;2.072368825757362;1.5008385774286648
2022-06-20;120653;141.998;141.423;142.354;141.423;131.87951999999999;10.118480000000005;78243.18333333333;1.5420257057535096;0.26974353180428956
2022-06-21;130672;143.965;141.883;143.99;141.841;131.92112666666668;12.043873333333323;78495.86;1.6646992592983039;1.3852307778982942
2022-06-22;151947;143.965;143.968;144.246;142.668;131.96200333333334;12.002996666666661;78798.02333333333;1.9283097922039338;0.0
2022-06-23;166437;141.993;143.958;143.985;141.401;131.99525666666668;9.997743333333318;79160.65666666666;2.102521719859141;-1.3697773764456689
2022-06-24;136079;142.707;141.998;142.769;141.398;132.03279333333333;10.674206666666663;79409.3;1.7136405937337675;0.5028416893790633
2022-06-27;125377;143.349;142.591;143.483;142.034;132.07204000000002;11.276959999999974;79658.15;1.57393813439032;0.4498728163299548
2022-06-28;125012;143.252;143.344;144.278;142.865;132.11186666666666;11.140133333333353;79871.07333333333;1.5651724057627248;-0.06766702244171974
2022-06-29;142538;142.602;143.152;143.856;142.484;132.15024333333332;10.451756666666682;80174.81;1.7778401969394406;-0.45374584648033567
2022-06-30;135408;142.269;142.593;142.859;141.374;132.18582666666666;10.083173333333349;80419.27333333333;1.6837754730601044;-0.23351706147178852
2022-07-01;137675;141.003;142.259;142.431;139.793;132.21555666666666;8.787443333333329;80658.13;1.7068955107189185;-0.8898635683107448
2022-07-04;97240;141.392;140.966;141.66;140.612;132.24686333333332;9.145136666666673;80775.54666666666;1.203829673864846;0.27588065502153203
2022-07-05;146499;139.451;141.276;142.372;138.948;132.27183666666667;7.179163333333321;81029.19333333333;1.8079780135206653;-1.3727792237184566
2022-07-06;158331;138.392;139.283;139.502;137.267;132.29174;6.100259999999992;81301.26333333334;1.9474605130159788;-0.7594065298922148
2022-07-07;131813;138.178;138.373;139.068;137.983;132.31162666666668;5.866373333333314;81491.30666666667;1.6175099577081737;-0.15463321579282097
2022-07-08;141417;138.613;138.215;138.714;136.863;132.33094666666668;6.282053333333323;81761.47666666667;1.7296287416202818;0.3148113303130806
2022-07-11;122799;137.972;138.378;139.17;137.885;132.34838000000002;5.623619999999988;81987.40333333334;1.4977788661109976;-0.46243858801121585
2022-07-12;131875;137.346;137.882;138.074;137.021;132.36254;4.983460000000008;82236.54;1.6036058910064064;-0.4537152465717731
2022-07-13;138842;138.232;137.37;138.802;137.124;132.3800466666667;5.851953333333313;82445.32;1.6840495009296241;0.6450861328324065
2022-07-14;142615;139.245;138.031;139.767;137.993;132.40077;6.84423000000001;82712.52666666667;1.724224923931104;0.7328259737253262
2022-07-15;114495;139.73;139.298;139.892;138.745;132.42412333333334;7.305876666666649;82890.25;1.381284288562119;0.3483069410032513
2022-07-18;108358;140.116;139.635;140.798;139.378;132.44827;7.667730000000006;83075.37;1.3043336430519294;0.2762470478780754
2022-07-19;118380;141.3;139.981;141.447;139.695;132.47502333333333;8.824976666666686;83261.32666666666;1.4217885390406437;0.8450141311484805
2022-07-20;103467;140.781;141.234;141.932;140.426;132.50070666666667;8.280293333333333;83398.08;1.2406400722892852;-0.36730360934182915
2022-07-21;124455;140.477;140.596;142.323;140.137;132.52248666666665;7.954513333333352;83586.9;1.4889294853617627;-0.2159382303009605
2022-07-22;120915;138.986;140.424;140.693;138.784;132.53929;6.446709999999996;83777.51;1.443287106527582;-1.0613837140599602
2022-07-25;111505;139.652;138.942;140.075;138.718;132.55827;7.093729999999994;83990.23333333334;1.3275948354311045;0.4791849538802406
2022-07-26;99507;138.542;139.639;139.838;138.133;132.57430666666667;5.9676933333333295;84126.92;1.1828199582248842;-0.7948328702775398
2022-07-27;102122;139.323;138.368;139.509;138.368;132.59276666666665;6.730233333333359;84276.00666666667;1.2117565133799792;0.5637279669703066
2022-07-28;127403;136.864;139.18;139.332;136.375;132.60307;4.260930000000002;84497.9;1.5077652817405514;-1.7649634303022466
2022-07-29;130684;136.237;136.805;137.328;135.546;132.61301666666665;3.623983333333342;84736.73666666666;1.5422354593859695;-0.4581190086509257
2022-08-01;114822;135.037;136.11;136.343;134.996;132.6192133333333;2.4177866666667;84953.36;1.35158868348452;-0.8808179863032728
2022-08-02;146594;135.365;135.025;135.406;133.397;132.6261966666667;2.7388033333333226;85263.25666666667;1.7193103539674337;0.2428963913594151
2022-08-03;138882;136.109;135.375;136.419;134.825;132.63480666666666;3.4741933333333463;85575.99666666667;1.6229083552593984;0.5496250877257802
2022-08-04;117765;136.194;135.896;136.919;135.635;132.64506666666668;3.5489333333333093;85808.48;1.3724168054251316;0.06244994820325811
2022-08-05;108150;137.409;136.047;137.758;135.799;132.66041666666666;4.748583333333329;85979.12666666666;1.2578634395680157;0.892109784572015
2022-08-08;102390;137.657;137.422;137.926;137.069;132.67456666666666;4.982433333333347;86185.84;1.1880141795913126;0.18048308334972507
2022-08-09;87115;138.032;137.476;138.312;137.259;132.68981;5.342190000000016;86354.98333333334;1.0088010747882712;0.2724162229309046
2022-08-10;110223;136.859;137.875;138.397;136.612;132.70334666666665;4.155653333333362;86534.01;1.2737535218810185;-0.8498029442448152
2022-08-11;111114;137.247;136.868;137.392;136.297;132.72334333333333;4.523656666666682;86635.66;1.2825434699751486;0.28350345976515534
2022-08-12;100123;136.894;137.207;137.72;136.852;132.74383666666665;4.150163333333353;86700.92666666667;1.1548088797819285;-0.2572005216871842
2022-08-15;89865;135.425;136.84;137.067;135.277;132.75696333333335;2.6680366666666657;86746.86666666667;1.0359451984047414;-1.0730930500971514
2022-08-16;95340;136.523;135.428;136.918;134.948;132.77153666666666;3.7514633333333336;86848.15666666666;1.097778049175126;0.810780875023065
2022-08-17;104910;137.48;136.428;137.88;136.262;132.78868666666668;4.691313333333312;86983.17666666667;1.2060952935993554;0.700980787120109
2022-08-18;101813;137.062;137.467;137.66;136.561;132.80456999999998;4.257430000000028;87128.53;1.1685380207836435;-0.3040442246144748
2022-08-19;98629;137.427;136.98;137.965;136.94;132.82185666666666;4.605143333333331;87273.8;1.1301100673969589;0.26630284105002566
2022-08-22;96450;136.683;137.382;137.944;136.398;132.83782;3.845179999999999;87401.89333333333;1.103523005298615;-0.5413783317688714
2022-08-23;115302;136.312;136.591;137.063;135.726;132.85386333333332;3.4581366666666895;87595.50333333333;1.3163004447981768;-0.27143097532245086
2022-08-24;114718;136.71;136.36;136.783;135.515;132.87042000000002;3.839579999999984;87754.37;1.3072625329084686;0.29197722871059373
2022-08-25;103639;136.14;136.568;136.982;136.014;132.8837;3.2562999999999818;87888.83;1.1792055941578492;-0.41694096993637464
2022-08-26;105934;137.032;136.069;137.969;136.051;132.90129666666667;4.130703333333344;88038.69333333333;1.2032663819634304;0.6552078742471101
2022-08-29;107297;138.666;137.016;138.973;136.957;132.92469;5.741309999999999;88225.59333333334;1.2161663747003553;1.1924222079514157
2022-08-30;110087;139.009;138.608;139.217;138.261;132.9521;6.056899999999985;88368.13;1.2457771823392385;0.2473569584469093
2022-08-31;116880;139.686;138.94;139.729;138.266;132.98296333333332;6.703036666666691;88516.75666666667;1.3204279551286482;0.4870188261191899
2022-09-01;118044;139.447;139.674;140.001;138.922;133.01436666666666;6.432633333333342;88628.67;1.3318940699435824;-0.17109803416234248
2022-09-02;109613;139.616;139.422;140.751;139.259;133.04384000000002;6.572159999999997;88752.15333333334;1.235046090524763;0.12119299805661843
2022-09-05;89699;139.609;139.044;139.644;138.691;133.07294;6.53606000000002;88850.76666666666;1.0095467193491474;-0.005013752005500471
2022-09-06;144631;141.454;139.491;141.76;139.49;133.1101666666667;8.343833333333322;89114.30333333333;1.6229830071048128;1.3215480377339661
2022-09-07;152835;143.847;141.415;144.013;141.262;133.15585666666666;10.691143333333343;89396.61333333333;1.7096285228401968;1.6917160348947302
2022-09-08;145123;144.078;143.842;144.329;143.177;133.20367;10.874330000000015;89634.87666666666;1.6190461279895085;0.1605872906629946
2022-09-09;146930;143.21;144.001;144.724;142.64;133.24784666666667;9.962153333333333;89899.39666666667;1.6343824925185853;-0.6024514499090694
2022-09-12;127917;144.567;143.636;145.635;143.385;133.29926666666665;11.267733333333354;90053.97333333333;1.4204481519821794;0.9475595279659244
2022-09-13;127898;144.055;144.562;145.163;144.029;133.34802333333334;10.706976666666662;90196.28;1.4179963963035485;-0.3541610464352196
2022-09-14;140249;142.875;144.102;144.476;142.295;133.39063333333334;9.48436666666666;90415.71;1.5511574260710277;-0.81913158168756
2022-09-15;120482;143.467;142.712;143.68;142.564;133.43663999999998;10.03036000000003;90593.52333333333;1.3299184706248872;0.414348206474191
2022-09-16;117245;143.146;143.436;143.531;142.511;133.47999;9.66601;90763.19666666667;1.2917680767742947;-0.2237448333066272
2022-09-19;103152;143.565;143.042;143.613;142.799;133.52428666666665;10.040713333333343;90882.47;1.1350043633275884;0.2927081441325807
2022-09-20;121957;143.286;143.496;144.04;143.018;133.56947666666667;9.716523333333328;91058.23666666666;1.3393296912439656;-0.1943370598683547
2022-09-21;151647;141.732;143.304;143.593;141.641;133.60800333333333;8.12399666666667;91309.62;1.6607998149590744;-1.0845441983166504
2022-09-22;176838;140.019;141.586;143.7;138.709;133.64094666666668;6.378053333333327;91687.89333333333;1.9286952025070783;-1.2086190839048272
2022-09-23;153375;138.897;139.954;140.258;138.668;133.66995333333335;5.227046666666638;91970.91666666667;1.6676467470240137;-0.8013198208814631
2022-09-26;168673;139.061;138.75;139.521;137.376;133.70090000000002;5.3600999999999885;92340.47;1.826642207907126;0.11807310453071374
2022-09-27;141445;138.931;139.093;139.545;138.614;133.73280333333332;5.198196666666689;92595.81666666667;1.5275528106109697;-0.09348415443581892
2022-09-28;155546;140.332;138.83;140.397;138.056;133.76859333333334;6.563406666666651;92916.33;1.6740437337546936;1.0084142487997605
2022-09-29;155583;141.721;140.236;141.75;139.411;133.80801666666667;7.9129833333333295;93231.86;1.6687750303381625;0.9897956275119135
2022-09-30;149794;141.888;141.731;142.296;140.771;133.84887333333333;8.039126666666675;93543.06;1.6013373947782337;0.11783715892492719
2022-10-03;143785;142.02;141.667;142.461;141.372;133.89063666666667;8.129363333333345;93841.80333333333;1.532206275802792;0.09303112313938655
2022-10-04;148729;143.956;141.993;144.078;141.947;133.93847;10.017529999999994;94161.94666666667;1.5795021796489077;1.3631882833403663
2022-10-05;141529;143.036;143.816;144.087;142.442;133.98311333333334;9.052886666666666;94448.82;1.4984729295716455;-0.6390841646058409
2022-10-06;146427;142.107;142.858;143.455;141.959;134.02498333333332;8.082016666666675;94783.41333333333;1.5448589035829676;-0.6494868424732236
2022-10-07;130261;141.599;142.085;142.216;141.194;134.06605000000002;7.532949999999971;95063.36;1.370254533397371;-0.35747711231678414
2022-10-10;109016;141.411;141.372;141.811;140.897;134.10852;7.302480000000003;95253.98;1.144477112662259;-0.13276929921820502
2022-10-11;136719;141.546;141.276;142.199;140.978;134.15265;7.393349999999998;95516.52666666667;1.4313648618851824;0.09546640643229853
2022-10-12;140813;142.532;141.547;142.633;141.367;134.19933666666665;8.332663333333358;95786.13666666667;1.4700770372440322;0.6965933336159358
2022-10-13;140398;143.948;142.527;144.091;141.734;134.25193;9.69607000000002;96003.39;1.4624275246945486;0.9934611175034247
2022-10-14;142756;144.656;143.812;144.843;143.475;134.30593666666667;10.350063333333338;96299.44666666667;1.4824176559822237;0.49184427710007306
2022-10-17;121162;146.693;144.451;146.713;144.276;134.36543666666668;12.32756333333333;96516.58333333333;1.2553490376004897;1.4081683442097148
2022-10-18;129377;147.146;146.541;147.198;145.828;134.42606999999998;12.719930000000005;96789.16666666667;1.3366888511970516;0.3088081912565599
2022-10-19;122190;146.498;147.021;147.255;146.076;134.48278666666667;12.015213333333321;97016.37666666666;1.2594780819305738;-0.44037894336237393
2022-10-20;126889;146.948;146.475;147.3;146.238;134.54139;12.40661;97236.76666666666;1.3049487796624284;0.30717142896150573
2022-10-21;150507;145.538;146.822;148.402;144.093;134.59464333333332;10.943356666666688;97531.72666666667;1.5431593917574231;-0.9595230966055968
2022-10-24;152245;147.113;145.684;147.388;143.73;134.65278666666669;12.460213333333314;97894.18;1.5551997064583867;1.0821915925737446
2022-10-25;120357;147.449;146.944;147.488;146.63;134.71131666666668;12.737683333333337;98077.48666666666;1.2271623599923789;0.2283958589655688
2022-10-26;138565;147.603;147.312;147.722;146.958;134.76909333333333;12.833906666666678;98345.22666666667;1.408965180075704;0.10444289211863911
2022-10-27;147987;145.748;147.36;147.695;145.554;134.81976;10.928239999999988;98677.24;1.4997075313414219;-1.2567495240611737
2022-10-28;135763;146.959;145.671;147.366;145.516;134.87529;12.083709999999996;98924.94333333333;1.3723839046591615;0.8308861871175077
2022-10-31;110487;146.999;146.95;147.755;146.709;134.93079666666668;12.068203333333315;99169.67;1.1141208799019788;0.027218475901436
2022-11-01;121422;146.364;146.746;147.118;145.972;134.98333666666664;11.38066333333336;99361.69666666667;1.2220201956426715;-0.43197572772603055
2022-11-02;125340;145.184;146.413;146.5;145.034;135.03299333333334;10.15100666666666;99563.21666666666;1.2588986595282503;-0.8062091771200652
2022-11-03;116864;144.551;145.164;145.358;144.034;135.08232333333333;9.468676666666653;99740.55;1.1716799235615634;-0.4359984571302711
2022-11-04;127127;146.019;144.462;146.139;144.235;135.13636;10.88264000000001;99960.62333333334;1.2717707809410481;1.0155585225975816
2022-11-07;117644;146.938;145.53;147.002;145.373;135.19308333333333;11.744916666666654;100172.41333333333;1.1744151516896828;0.6293701504598515
2022-11-08;110039;146.733;146.832;146.998;145.986;135.25059000000002;11.482409999999987;100342.66666666667;1.0966322069706709;-0.13951462521606395
2022-11-09;130019;146.565;146.718;147.109;146.315;135.30837666666667;11.256623333333323;100566.52333333333;1.2928656146243802;-0.11449367218008266
2022-11-10;138643;143.876;146.59;146.746;143.203;135.35744333333332;8.518556666666683;100818.24;1.3751777456141492;-1.8346808583222463
2022-11-11;160467;143.677;143.855;145.03;142.571;135.40648666666667;8.270513333333326;101142.57333333333;1.5865425874733936;-0.1383135477772579
2022-11-14;135550;144.468;143.8;145.249;143.469;135.46045333333336;9.007546666666627;101387.87;1.336944942230137;0.5505404483668208
2022-11-15;145898;144.136;144.408;145.358;143.351;135.51402;8.621980000000008;101645.61333333333;1.4353595321574033;-0.22980867735414856
2022-11-16;138355;145.031;144.033;145.499;143.566;135.56963666666664;9.461363333333367;101838.87666666666;1.3585676170883374;0.620941333185332
2022-11-17;120068;145.332;144.878;145.474;144.443;135.62237333333334;9.70962666666665;102009.62666666666;1.1770261682491034;0.2075418358833625
2022-11-18;113937;144.888;145.207;145.546;144.556;135.67269;9.215310000000017;102179.01666666666;1.1150723868451353;-0.3055073899760452
2022-11-21;109692;145.552;144.793;145.645;144.33;135.72510333333335;9.826896666666642;102320.44333333333;1.0720438304068067;0.4582850201534816
2022-11-22;96457;145.49;145.49;145.711;144.892;135.77580333333333;9.71419666666668;102375.26333333334;0.9421904946503247;-0.04259646037153564
2022-11-23;107912;145.089;145.484;146.135;144.636;135.82655666666665;9.262443333333351;102480.05666666667;1.0530048822181188;-0.2756203175476091
2022-11-24;88294;144.328;145.085;145.202;143.651;135.87826333333334;8.449736666666666;102515.38666666667;0.8612755886790268;-0.5245056482572785
2022-11-25;98106;144.608;144.294;145.151;144.11;135.93108333333336;8.676916666666642;102564.44333333333;0.9565303219279122;0.19400254974779596
2022-11-28;122427;143.623;144.402;145.004;143.039;135.98021;7.642789999999991;102719.58;1.1918565087589736;-0.6811518034963604
2022-11-29;119402;143.26;143.57;144.024;143.017;136.02683666666667;7.233163333333323;102888.59333333334;1.1604979340436286;-0.25274503387340275
2022-11-30;134946;143.724;143.147;144.848;143.104;136.07668;7.647319999999979;103074.73;1.3092054667520052;0.32388663967610754
2022-12-01;149664;142.446;143.564;143.758;141.903;136.12163666666666;6.324363333333338;103378.01;1.4477353549365628;-0.8892043082574852
2022-12-02;135187;141.567;142.242;142.479;140.761;136.1605866666667;5.406413333333319;103610.90666666666;1.3047564619321959;-0.617075944568457
2022-12-05;118334;143.505;141.534;143.622;141.485;136.20248333333333;7.302516666666662;103821.98666666666;1.13977784281777;1.3689631058085405
2022-12-06;127714;143.438;143.374;144.006;143.097;136.24397333333334;7.194026666666645;104019.03333333334;1.227794528629418;-0.04668826870144471
2022-12-07;124437;143.503;143.258;144.581;143.165;136.28457;7.218429999999984;104209.93;1.1940992571436146;0.045315746176055605
2022-12-08;110901;144.259;143.506;144.363;143.246;136.32598333333334;7.933016666666646;104404.53;1.0622240241873546;0.5268182546706246
2022-12-09;121447;143.872;144.186;144.464;143.125;136.36380666666668;7.508193333333338;104605.02666666667;1.1610053920925825;-0.26826749110971937
2022-12-12;105056;145.062;143.648;145.102;143.622;136.40491333333333;8.657086666666686;104743.48333333334;1.0029836382819357;0.8271241103202875
2022-12-13;125454;144.162;144.971;145.345;143.521;136.44195000000002;7.720049999999986;104958.54333333333;1.1952719237114797;-0.620424370269268
2022-12-14;132553;144.686;144.079;144.749;143.477;136.48021333333332;8.205786666666683;105207.08333333333;1.2599246723722253;0.36347997391823483
2022-12-15;127923;146.42;144.626;146.727;144.3;136.52653333333336;9.893466666666626;105429.79;1.2133477644220658;1.1984573490178674
2022-12-16;115688;144.739;146.416;146.597;144.613;136.56847;8.170530000000014;105603.89333333333;1.0954899137556013;-1.148067203933878
2022-12-19;109064;145.21;143.923;145.494;143.918;136.61246666666668;8.597533333333331;105772.64666666667;1.0311172447418797;0.32541333020126295
2022-12-20;167486;139.922;145.195;145.833;138.803;136.63763666666668;3.2843633333333173;106165.14;1.577598823869909;-3.6416224777907957
2022-12-21;119698;140.447;139.892;140.768;139.662;136.66563666666667;3.7813633333333314;106346.10333333333;1.1255513483630422;0.3752090450393819
2022-12-22;112177;140.289;140.474;140.655;139.959;136.69100666666665;3.597993333333335;106478.04666666666;1.05352233170809;-0.11249795296447429
2022-12-23;113797;140.982;140.123;141.215;140.065;136.72153;4.260469999999998;106618.64;1.0673274391793905;0.4939802835575158
2022-12-27;93517;142.026;141.256;142.27;141.128;136.7539;5.272100000000023;106736.74;0.876146301638885;0.7405200663914702
2022-12-28;104030;142.716;142.01;142.944;141.877;136.78975;5.92625000000001;106878.78;0.973345691258735;0.4858265388027583
2022-12-29;95225;141.827;142.672;142.672;141.575;136.82114333333334;5.005856666666659;106996.00333333333;0.889986513826399;-0.622915440455174
2022-12-30;109722;140.257;141.815;141.883;139.999;136.85053333333332;3.406466666666688;107147.99333333333;1.0240229106171759;-1.106982450450189
2023-01-02;41305;139.246;140.091;140.316;139.24;136.87746333333334;2.368536666666671;107065.6;0.38579151473485546;-0.7208196382355259
2023-01-03;133756;138.17;139.42;140.008;137.387;136.90071;1.2692899999999838;107316.06333333334;1.2463744554673923;-0.7727331485285149
2023-01-04;139886;140.657;138.18;140.758;137.872;136.93331666666668;3.7236833333333266;107565.03666666667;1.3004783369663115;1.799956575233419
2023-01-05;134644;140.392;140.537;141.363;139.967;136.96553999999998;3.42646000000002;107756.80333333333;1.2495173931940216;-0.18840157261993395
2023-01-06;126309;140.61;140.352;141.443;140.225;136.99891666666667;3.6110833333333403;108001.98333333334;1.1695063007329491;0.15527950310560978
2023-01-09;124753;141.545;140.33;141.917;140.164;137.03614666666667;4.50885333333332;108222.4;1.1527465663299694;0.664959817936106
2023-01-10;124009;141.95;141.469;142.051;141.088;137.07684666666668;4.873153333333306;108452.99666666667;1.1434354403422684;0.2861280864742577
2023-01-11;109008;142.515;141.936;142.854;141.773;137.11867;5.396329999999978;108587.54333333333;1.0038720524818021;0.3980274744628476
2023-01-12;142728;140.327;142.354;142.499;140.008;137.15587333333335;3.1711266666666518;108830.55666666667;1.3114699067206237;-1.5352769883871797
2023-01-13;132610;138.493;140.204;140.4;138.013;137.18438000000003;1.3086199999999621;109057.89666666667;1.215959632939811;-1.3069473444169755
2023-01-16;95914;139.045;138.29;139.294;138.233;137.21906666666666;1.8259333333333245;109109.07;0.8790653242667288;0.3985761013191924
2023-01-17;118911;138.25;138.986;139.615;138.201;137.24975333333333;1.0002466666666692;109250.72;1.0884230328183568;-0.5717573447444946
2023-01-18;156658;139.144;138.087;141.687;138.053;137.2819;1.862099999999998;109515.19;1.4304682300234852;0.6466546112115834
2023-01-19;122052;139.093;139.073;139.426;137.916;137.31466;1.7783399999999858;109666.11333333333;1.1129417856636197;-0.03665267636406844
2023-01-20;112691;140.666;139.04;141.198;138.983;137.35270666666665;3.3132933333333483;109899.47666666667;1.0254006972370757;1.1308980322518147
2023-01-23;112428;142.061;140.698;142.08;140.47;137.39867;4.662329999999997;109899.8;1.0230045914550323;0.9917108611889214
2023-01-24;94622;141.739;142.044;142.203;141.256;137.44378000000003;4.295219999999972;109911.14333333333;0.8608954208858174;-0.22666319398004786
2023-01-25;103387;141.45;141.681;142.3;140.759;137.48765;3.9623499999999865;109889.37;0.9408280345950714;-0.20389589315573664
2023-01-26;105231;141.836;141.449;141.912;140.873;137.53494;4.301060000000007;109929.85;0.9572559227542876;0.2728879462707834
2023-01-27;101466;141.091;141.82;141.82;140.82;137.57885333333334;3.5121466666666663;109970.38333333333;0.9226666028110063;-0.5252545193039859
2023-01-30;110529;141.548;140.854;141.976;140.555;137.62535666666665;3.9226433333333546;110058.86666666667;1.0042716534120524;0.32390443047394246
2023-01-31;101429;141.307;141.459;141.616;140.741;137.66947666666667;3.63752333333332;110161.53666666667;0.9207297126482603;-0.17026026506909986
2023-02-01;108190;141.727;141.214;141.838;140.904;137.71531000000002;4.011689999999987;110309.64;0.980784634960192;0.2972251905425827
2023-02-02;122814;140.411;141.579;141.933;140.086;137.75351999999998;2.657480000000021;110468.51333333334;1.1117557057132077;-0.9285457252323104
2023-02-03;108976;141.607;140.259;142.345;139.934;137.79843666666667;3.808563333333325;110643.09666666666;0.9849326644237104;0.8517851165506851
2023-02-06;111688;142.255;142.742;142.802;141.972;137.84494333333333;4.410056666666662;110806.47;1.007955582377003;0.4576044969528237
2023-02-07;119735;140.612;142.274;142.341;140.286;137.88637;2.7256299999999953;111021.1;1.0784886836825542;-1.1549681909247433
2023-02-08;103291;140.823;140.519;141.031;140.291;137.92890000000003;2.8940999999999804;111168.56666666667;0.9291385424596106;0.15005831650216628
2023-02-09;110846;141.23;140.695;141.332;140.4;137.97026666666667;3.2597333333333154;111315.83;0.9957793065010614;0.28901528869571536
2023-02-10;123816;140.322;141.186;141.509;139.553;138.0085633333333;2.3134366666666892;111478.2;1.110674553410343;-0.6429228917368746
2023-02-13;99559;142.011;140.069;142.383;140.069;138.05608333333333;3.954916666666662;111568.12666666666;0.8923605959383419;1.2036601530764912
2023-02-14;126148;142.883;141.906;142.944;141.519;138.10526000000002;4.777739999999994;111742.58333333333;1.1289160876447912;0.6140369408003776
2023-02-15;105027;143.383;142.902;143.437;142.346;138.15402666666665;5.228973333333357;111893.94666666667;0.9386298645168647;0.3499366614642785
2023-02-16;107976;142.955;143.395;143.44;142.855;138.19968;4.755320000000012;112071.32;0.9634579123364512;-0.29850121702014176
2023-02-17;100887;143.441;142.941;143.676;142.905;138.24587;5.195130000000006;112247.51333333334;0.8987905121817191;0.33996712252106764
2023-02-20;77124;143.44;143.374;143.655;143.028;138.29251;5.147490000000005;112363.76333333334;0.6863778651770546;-0.0006971507449105019
2023-02-21;100706;143.754;143.382;144.164;143.168;138.33792666666665;5.416073333333344;112570.18666666666;0.8946063161305148;0.21890686001115878
2023-02-22;102598;143.095;143.715;143.888;143.044;138.38208666666665;4.712913333333347;112775.09333333334;0.9097576155112402;-0.4584220265175132
2023-02-23;87672;142.68;143.051;143.516;142.561;138.42273333333333;4.2572666666666805;112913.27;0.7764543529736783;-0.29001712149271386
2023-02-24;117432;143.924;142.691;144.01;142.152;138.46807666666666;5.455923333333345;113146.75333333333;1.0378733506743392;0.8718811326044351
2023-02-27;90177;144.519;143.896;144.55;143.563;138.51317333333333;6.005826666666678;113320.59;0.7957688889547084;0.4134126344459643
2023-02-28;99026;144.07;144.412;145.472;143.876;138.55909;5.5109099999999955;113481.78333333334;0.8726158251242786;-0.310685792179588
2023-03-01;110022;145.302;143.976;145.358;143.97;138.60653666666667;6.695463333333322;113636.05666666667;0.9681962154206247;0.8551398625668005
2023-03-02;110950;144.919;145.227;145.568;144.772;138.65179;6.267210000000006;113799.74333333333;0.9749582622080629;-0.2635889388996615
2023-03-03;93783;144.44;144.936;145.04;144.293;138.69695;5.743050000000011;113876.23666666666;0.8235519784036164;-0.33052946818568074
2023-03-06;102336;145.205;144.44;145.383;144.116;138.74337666666668;6.4616233333333355;114017.68333333333;0.8975449860773733;0.529631680974818
2023-03-07;101873;144.685;145.091;145.439;144.56;138.7907;5.894300000000015;114140.34;0.8925240629210591;-0.3581143900003525
2023-03-08;96677;144.808;144.664;145.232;144.235;138.83649333333335;5.971506666666642;114244.91333333333;0.8462258596837152;0.08501226803054873
2023-03-09;91745;144.078;144.8;144.829;143.62;138.87958999999998;5.198410000000024;114336.42;0.8024127395277199;-0.5041157947074715
2023-03-10;143670;143.726;144.02;145.108;143.35;138.92279666666667;4.803203333333329;114604.32;1.2536176646743111;-0.24431210871889153
2023-03-13;176890;143.002;143.705;144.388;141.369;138.96492;4.037080000000003;114938.94;1.538991050378441;-0.5037362759695463
2023-03-14;145366;144.036;142.906;144.411;142.536;139.00933333333333;5.026666666666671;115283.44333333333;1.2609442934461337;0.7230668102544024
2023-03-15;161175;141.112;144.036;144.965;139.476;139.04703666666666;2.0649633333333384;115561.43666666666;1.3947126710174977;-2.0300480435446744
2023-03-16;159855;141.949;141.065;142.005;139.119;139.08797333333334;2.8610266666666746;115880.00666666667;1.379487321396307;0.593145869947298
2023-03-17;138019;140.617;141.742;142.208;140.158;139.12648333333334;1.4905166666666503;116116.06666666667;1.1886296527439049;-0.9383651874969368
2023-03-20;148784;140.813;140.899;141.749;138.825;139.16601;1.6469899999999882;116358.17666666667;1.278672494380961;0.13938570727578536
2023-03-21;113176;142.656;140.76;142.789;140.421;139.21129333333332;3.44470666666669;116462.53333333334;0.9717803379397861;1.308828020140207
2023-03-22;114651;142.752;142.588;143.628;142.302;139.25820666666667;3.4937933333333433;116599.22333333333;0.9832912837869118;0.06729475100941684
2023-03-23;134727;141.736;142.665;143.2;141.163;139.30099666666666;2.435003333333327;116816.51666666666;1.153321498058609;-0.7117238287379646
2023-03-24;138227;140.622;141.613;141.844;139.069;139.3412033333333;1.2807966666667028;116987.04666666666;1.181558163390866;-0.7859682790539946
2023-03-27;100873;142.072;140.619;142.222;140.547;139.38655666666665;2.685443333333353;117070.51;0.8616431243016828;1.0311331086174214
2023-03-28;100566;141.973;142.031;142.151;141.045;139.42867;2.544330000000002;117177.05333333333;0.8582397076833083;-0.06968297764513576
2023-03-29;102390;144.083;141.873;144.099;141.787;139.47798333333336;4.605016666666643;117301.69;0.8728774495916578;1.4861980799165897
2023-03-30;97680;144.7;144.011;145.082;143.129;139.52910666666665;5.170893333333339;117436.69333333333;0.8317672886338507;0.4282253978609374
2023-03-31;106760;143.998;144.66;145.669;143.879;139.57068666666666;4.4273133333333305;117537.40333333334;0.9083066068528165;-0.48514167242570405
2023-04-03;105615;144.352;144.547;144.94;143.624;139.61221666666665;4.7397833333333494;117643.90666666666;0.897751553756554;0.24583674773261954
2023-04-04;99912;144.303;144.254;145.436;143.961;139.65426666666667;4.648733333333325;117747.8;0.8485254076933201;-0.033944801596097474
2023-04-05;100589;143.154;144.114;144.442;142.675;139.69170333333332;3.462296666666674;117887.02666666667;0.8532660704422844;-0.796241242385809
2023-04-06;84075;143.859;143.073;144.0;142.547;139.73130333333336;4.127696666666651;117978.83333333333;0.712627830133311;0.492476633555472
2023-04-07;66334;143.948;143.847;144.234;143.541;139.76923;4.178770000000014;117942.35666666667;0.5624272896926261;0.06186613281060627
2023-04-10;83372;145.098;143.99;145.151;143.803;139.81610333333333;5.2818966666666824;117941.64333333333;0.7068919649047307;0.7988996026342843
2023-04-11;89762;145.896;145.072;145.966;144.875;139.86698666666666;6.0290133333333245;117928.37333333334;0.7611569418181782;0.5499731216143333
2023-04-12;104909;146.343;145.836;146.666;145.771;139.91715666666667;6.425843333333319;118037.31666666667;0.888778252188251;0.3063826287218241
2023-04-13;92487;146.457;146.268;146.886;146.074;139.96767;6.489329999999995;118115.56333333334;0.7830212834779874;0.07789918205858282
2023-04-14;100899;147.031;146.447;147.157;146.241;140.02255666666667;7.008443333333332;118132.50666666667;0.8541171507068513;0.39192390940685495
2023-04-17;84723;146.94;146.975;147.456;146.663;140.07814666666664;6.861853333333357;118155.19333333333;0.717048464903076;-0.061891709911521264
2023-04-18;91758;147.156;146.844;147.383;146.725;140.13613333333333;7.0198666666666725;118272.68;0.7758173738854336;0.14699877501020975
2023-04-19;89082;147.587;147.093;147.857;147.037;140.19369333333333;7.3933066666666605;118231.69;0.7534528179373269;0.2928864606267956
2023-04-20;94296;147.272;147.518;147.83;147.021;140.25119666666666;7.020803333333333;118340.52;0.7968192128950594;-0.21343343248388935
2023-04-21;86696;147.386;147.218;147.564;146.401;140.31143333333333;7.074566666666669;118081.90666666666;0.7342022367976048;0.07740778966809359
2023-04-24;91863;148.296;147.166;148.47;147.086;140.37163666666666;7.924363333333332;118028.90666666666;0.7783093361987048;0.6174263498568422
2023-04-25;88325;146.754;148.253;148.625;146.287;140.4308366666667;6.323163333333298;117897.13;0.7491700603737556;-1.0398122673571764
2023-04-26;106070;147.542;146.689;147.912;146.459;140.49658666666667;7.045413333333329;117902.20666666667;0.8996438913130125;0.53695299617047
2023-04-27;97469;147.747;147.554;147.992;147.14;140.56088666666665;7.186113333333367;117863.13;0.8269676870111267;0.13894348727820915
2023-04-28;125401;150.041;147.635;150.434;146.875;140.63512333333335;9.405876666666643;117987.60333333333;1.0628319963895871;1.552654199408443
2023-05-01;87413;150.931;150.129;150.963;149.951;140.71963;10.211370000000016;117888.8;0.7414868927327497;0.5931711998720557
2023-05-02;105460;150.249;150.901;151.612;149.831;140.80325666666667;9.445743333333326;117777.82;0.8954147733417976;-0.4518621091757269
2023-05-03;108584;149.117;150.233;150.393;149.062;140.88017;8.236829999999998;117715.08666666667;0.9224306167948348;-0.753415996113127
2023-05-04;130578;147.87;148.987;149.201;147.131;140.9453466666667;6.9246533333333105;117817.49666666667;1.1083073710980695;-0.8362560942078989
2023-05-05;95373;148.557;147.849;148.707;147.684;141.01516666666666;7.541833333333329;117791.31666666667;0.8096776799760586;0.4645972813958066
2023-05-08;87698;148.684;148.531;149.267;148.443;141.08414333333332;7.599856666666682;117743.38666666667;0.7448231487367264;0.08548907153482777
2023-05-09;97627;148.236;148.625;148.693;147.891;141.14725333333334;7.088746666666651;117762.91666666667;0.8290130948126005;-0.30131016114713915
2023-05-10;106809;147.547;148.203;148.667;147.042;141.20718333333332;6.339816666666678;117786.11666666667;0.9068046644432566;-0.4647993739712253
2023-05-11;111528;146.884;147.517;147.6;146.131;141.25997999999998;5.624020000000002;117813.47333333333;0.9466489429815967;-0.449348343239786
2023-05-12;95148;147.254;146.845;147.468;146.663;141.31237000000002;5.941629999999975;117835.21666666666;0.8074665850460263;0.251899458075755
2023-05-15;89629;148.011;147.349;148.177;147.204;141.36685666666668;6.644143333333318;117860.86333333333;0.7604644787515619;0.5140777160552501
2023-05-16;88069;148.146;148.008;148.5;147.607;141.4219533333333;6.7240466666666805;117935.84666666666;0.7467534468032467;0.09120943713643026
2023-05-17;92048;149.245;148.101;149.253;148.05;141.4756166666667;7.769383333333309;117932.45;0.7805146081506167;0.7418357566184808
2023-05-18;93222;149.382;149.222;149.451;148.774;141.52915333333334;7.8528466666666645;117932.66666666667;0.7904680071678649;0.09179537002914628
2023-05-19;103242;149.082;149.39;149.798;148.713;141.57756;7.504439999999988;117976.80666666667;0.8751042083355642;-0.20082740892477524
2023-05-22;92206;149.844;148.978;149.924;148.841;141.6300533333333;8.213946666666686;117943.46;0.7817813721930167;0.5111281039964499
2023-05-23;104345;149.251;149.86;150.053;149.103;141.67379333333335;7.577206666666655;117875.06333333334;0.8852169156840141;-0.39574490803768736
2023-05-24;108687;149.917;149.25;149.939;148.839;141.71939333333333;8.197606666666672;117807.67666666667;0.9225799461907515;0.44622816597543746
2023-05-25;111036;150.19;149.901;150.316;149.287;141.76689666666664;8.423103333333358;117769.26666666666;0.9428266231313651;0.18210076242186624
2023-05-26;98152;150.782;150.187;150.932;149.798;141.82060666666666;8.961393333333348;117692.21;0.8339719340812077;0.39416738797524165
2023-05-29;57785;150.392;150.572;151.066;150.094;141.87055999999998;8.521440000000013;117547.19;0.4915898032100562;-0.25865156318394256
2023-05-30;103738;150.048;150.218;150.625;149.733;141.9218;8.126200000000011;117623.57666666666;0.8819490355575074;-0.2287355710410055
2023-05-31;105186;148.93;150.05;150.1;148.592;141.96897333333334;6.961026666666669;117684.90666666666;0.8937934606849987;-0.7450949029643827
2023-06-01;98888;149.38;148.943;149.681;148.62;142.01728666666668;7.362713333333318;117675.27;0.8403464891135716;0.30215537500839496
2023-06-02;88789;149.869;149.36;149.962;149.247;142.06724333333332;7.801756666666677;117651.88666666667;0.7546755306317439;0.327353059311819
2023-06-05;85770;149.525;149.834;150.198;149.232;142.11510666666666;7.409893333333343;117640.14;0.7290878776580231;-0.2295337928457486
2023-06-06;87480;149.307;149.522;149.695;148.825;142.15789333333333;7.149106666666654;117599.86;0.7438784365899123;-0.14579501755560553
2023-06-07;92542;149.967;149.299;150.021;148.633;142.20526;7.761740000000003;117563.63666666667;0.7871651696381298;0.44204223512629426
2023-06-08;88584;149.797;149.786;150.045;149.588;142.24841666666669;7.548583333333312;117538.52;0.7536593110070848;-0.11335827215321892
2023-06-09;87440;149.809;149.769;150.44;149.63;142.29339;7.5156100000000094;117485.21333333333;0.7442638738877257;0.008010841338612629
2023-06-12;82224;150.185;149.7;150.348;149.666;142.33858;7.846419999999995;117340.57666666666;0.7007294691721986;0.2509862558324194
2023-06-13;96191;151.348;150.105;151.375;150.031;142.38670000000002;8.961299999999994;117412.10333333333;0.8192596612199788;0.7743782668042876
2023-06-14;93797;151.721;151.331;151.782;150.92;142.42890666666665;9.292093333333355;117353.17333333334;0.7992711005229344;0.2464518857203224
2023-06-15;106204;153.539;151.597;153.689;151.574;142.47802000000001;11.060979999999972;117283.98333333334;0.9055285895103689;1.1982520547583864
2023-06-16;110063;155.233;153.532;155.254;153.091;142.53191;12.701089999999994;117261.10333333333;0.9386147398521318;1.1033027439282694
2023-06-19;70016;155.074;155.041;155.327;154.65;142.58612000000002;12.48787999999999;117089.57666666666;0.5979695374535106;-0.10242667474054112
2023-06-20;101731;154.413;155.04;155.376;154.047;142.64334;11.769660000000016;116973.45666666667;0.8696930303589214;-0.42624811380372885
2023-06-21;102866;155.888;154.438;155.909;154.28;142.71191333333334;13.176086666666663;116895.87333333334;0.8799797380927608;0.9552304533944733
2023-06-22;101217;156.78;155.864;156.929;155.609;142.78249000000002;13.997509999999977;116788.86666666667;0.8666665144450812;0.5722056861336311
2023-06-23;109224;156.52;156.786;156.825;155.053;142.84628;13.673720000000003;116660.57333333333;0.936254613526592;-0.16583747927031434
2023-06-26;98796;156.494;156.466;156.723;155.749;142.91150000000002;13.582499999999982;116538.88;0.8477514113743972;-0.016611295681068228
2023-06-27;98579;157.913;156.487;157.939;156.39;142.98181000000002;14.931189999999987;116494.41;0.8462122774817395;0.9067440285250639
2023-06-28;103209;157.663;157.906;157.999;157.229;143.05096333333333;14.612036666666683;116504.63333333333;0.8858789307091175;-0.1583150215625051
2023-06-29;104683;157.282;157.646;157.918;157.243;143.1183166666667;14.163683333333324;116539.24333333333;0.8982639410191613;-0.24165466850180062
2023-06-30;98659;157.423;157.189;157.88;156.688;143.18572999999998;14.237270000000024;116431.72333333333;0.8473549748769059;0.08964789359240388
2023-07-03;88849;157.875;157.416;157.955;157.258;143.25314333333333;14.621856666666673;116248.00666666667;0.7643055786303578;0.2871244989613997
2023-07-04;64899;157.174;157.733;157.909;157.133;143.31838;13.855620000000016;116067.89666666667;0.5591468602759012;-0.444022169437841
2023-07-05;94059;157.004;157.136;157.721;156.783;143.38390666666666;13.62009333333333;115933.03333333334;0.8113218234319055;-0.10816038276051376
2023-07-06;107958;156.914;157.006;157.126;155.84;143.45145666666667;13.462543333333315;115877.81;0.9316537825489685;-0.05732338029604822
2023-07-07;101423;155.835;156.854;156.936;155.382;143.52695333333335;12.308046666666655;115709.69;0.8765298740320818;-0.6876378143441553
2023-07-10;98800;155.47;155.732;156.672;155.325;143.59679000000003;11.873209999999972;115636.89;0.8543986265973726;-0.2342220938813533
2023-07-11;99885;154.502;155.456;155.669;154.176;143.66262333333336;10.839376666666652;115638.46333333333;0.8637696932383833;-0.6226281597735861
2023-07-12;111645;154.189;154.523;154.524;153.432;143.72169333333335;10.467306666666644;115652.97;0.9653448588478994;-0.20258637428642867
2023-07-13;108276;154.982;154.069;155.126;153.878;143.79113666666666;11.19086333333334;115668.98333333334;0.9360849977211463;0.5143038738172123
2023-07-14;112079;155.807;154.974;156.13;154.172;143.85954666666666;11.947453333333328;115555.48333333334;0.9699150292737324;0.532319882308907
2023-07-17;93897;155.887;155.71;156.339;155.094;143.92887;11.958130000000011;115465.98666666666;0.8132005165387683;0.051345574974170916
2023-07-18;110155;155.884;155.859;156.141;154.871;143.99267666666665;11.891323333333332;115468.07666666666;0.953986618465864;-0.0019244709308807728
2023-07-19;108942;156.465;155.871;157.202;155.758;144.06027333333333;12.404726666666676;115421.44;0.9438627693432915;0.3727130430320136
2023-07-20;108250;155.89;156.196;156.618;155.866;144.1268;11.763199999999983;115385.70666666667;0.9381577937786514;-0.3674943278049514
2023-07-21;104082;157.784;155.888;158.047;155.583;144.19825000000003;13.585749999999962;115384.11666666667;0.9020478988513958;1.214959266149207
2023-07-24;102144;156.534;157.5;157.782;156.239;144.26533333333333;12.268666666666661;115385.39333333333;0.8852420315014266;-0.7922222785580302
2023-07-25;97460;155.766;156.497;156.886;155.61;144.326;11.439999999999998;115469.02333333333;0.8440358910687784;-0.49062823412165946
2023-07-26;107884;155.475;155.808;155.988;155.145;144.38385333333332;11.091146666666674;115406.56333333334;0.9348168499601278;-0.18681868957282077
2023-07-27;129094;153.089;155.461;156.231;152.189;144.43197999999998;8.657020000000017;115456.29333333333;1.118120080533697;-1.534651873291526
2023-07-28;147084;155.496;153.001;155.601;151.409;144.48492666666667;11.011073333333343;115631.76;1.2720034703267276;1.5722880154681373
2023-07-31;110636;156.437;155.273;157.281;155.107;144.53900000000002;11.897999999999996;115703.12333333334;0.956205820660996;0.605160261357196
2023-08-01;101972;157.432;156.434;157.49;156.326;144.59356333333335;12.838436666666638;115723.58666666667;0.8811686790672508;0.636038788777582
2023-08-02;118535;156.777;157.43;157.496;156.251;144.6428966666667;12.134103333333286;115717.7;1.024346318670262;-0.4160526449514701
2023-08-03;127261;156.041;156.755;157.234;155.531;144.68343000000002;11.357569999999981;115737.36333333333;1.0995671262483027;-0.46945661672310735
2023-08-04;117914;156.059;156.025;156.628;155.9;144.72807;11.330929999999995;115689.02;1.019232421538274;0.011535429790887619
2023-08-07;97761;156.767;155.99;156.85;155.801;144.77954333333335;11.987456666666645;115575.91;0.8458596605468349;0.45367457179656956
2023-08-08;109336;157.099;156.77;157.743;156.34;144.83688666666666;12.262113333333332;115429.76;0.9472080683524815;0.2117792647687189
2023-08-09;99206;157.74;157.076;157.893;156.909;144.89230333333333;12.847696666666678;115268.40666666666;0.8606521324344791;0.4080229664097379
2023-08-10;109850;158.951;157.742;159.206;157.61;144.95611333333335;13.994886666666645;115119.75333333333;0.9542237263305794;0.7677190313173377
2023-08-11;99222;158.687;158.953;159.22;158.48;145.01999666666669;13.667003333333327;114891.69333333333;0.8636133485483607;-0.1660889204849192
2023-08-14;104821;158.742;158.564;158.834;158.187;145.07708333333332;13.66491666666667;114702.07666666666;0.9138544222229648;0.0346594238973541
2023-08-15;103663;158.753;158.714;159.33;158.531;145.13293333333334;13.620066666666645;114645.44333333333;0.9042051475049842;0.006929483060558184
2023-08-16;109603;159.214;158.688;159.255;158.627;145.18376333333333;14.030236666666667;114575.21333333333;0.9566030628380569;0.29038821313613905
2023-08-17;112761;158.575;159.188;159.298;158.253;145.23246333333333;13.34253666666666;114444.59333333334;0.9852890094297463;-0.401346615247411
2023-08-18;109930;158.035;158.54;158.582;157.654;145.28593666666666;12.74906333333334;114256.23666666666;0.9621356628496549;-0.3405328708812827
2023-08-21;97506;159.326;157.882;159.393;157.792;145.34133333333332;13.98466666666667;114127.66;0.85435905721708;0.8169076470402103
2023-08-22;97007;158.22;159.301;159.492;158.086;145.39090333333334;12.829096666666658;114033.09333333334;0.8506916471732255;-0.694174208854792
2023-08-23;102217;157.355;158.22;158.368;156.868;145.43791333333334;11.917086666666648;113957.11;0.8969778191109886;-0.5467071166729953
2023-08-24;99955;157.662;157.248;158.046;157.111;145.48811333333333;12.173886666666675;113815.16666666667;0.8782221467261208;0.19510025102476014
2023-08-25;104447;158.076;157.64;158.246;157.23;145.54080333333334;12.53519666666665;113711.96333333333;0.9185225277820298;0.2625870533165875
2023-08-28;82165;158.547;158.014;158.565;157.909;145.59928333333332;12.947716666666679;113526.93;0.7237489818494411;0.2979579442799585
2023-08-29;99340;158.704;158.512;159.054;158.244;145.65699;13.04701;113533.93;0.8749807216220847;0.0990242640983574
2023-08-30;102008;159.747;158.711;159.763;158.523;145.72464333333332;14.022356666666695;113385.62666666666;0.8996554766141229;0.6571983062808817
2023-08-31;99242;157.814;159.705;159.738;157.613;145.78938333333332;12.024616666666674;113188.66333333333;0.8767839205568665;-1.210038373177602
2023-09-01;91996;157.444;157.8;157.967;157.05;145.85360333333333;11.590396666666663;113055.94;0.8137210658722741;-0.23445321707833422
2023-09-04;64337;158.152;157.336;158.246;157.328;145.91873333333334;12.233266666666651;112799.00666666667;0.5703684979258472;0.44968369706053224
2023-09-05;92888;158.388;158.082;158.501;157.799;145.98678666666666;12.401213333333345;112699.30333333333;0.8242109512004239;0.1492235317922086
2023-09-06;90976;158.38;158.381;158.464;157.767;146.0569;12.323099999999982;112562.97333333333;0.8082231421746848;-0.005050887693514028
2023-09-07;86263;157.535;158.329;158.526;157.358;146.12124333333333;11.413756666666671;112387.71;0.7675483378030598;-0.5335269604748061
2023-09-08;93096;158.11;157.533;158.389;157.0;146.18412666666669;11.925873333333328;112222.64666666667;0.829565179268258;0.3649982543561858
2023-09-11;109157;157.575;157.431;157.729;156.579;146.24361;11.331389999999999;112204.85333333333;0.9728367067662517;-0.3383720194801265
2023-09-12;90009;158.18;157.546;158.288;157.178;146.30382333333333;11.87617666666668;112143.69;0.8026220646029391;0.38394415357767553
2023-09-13;95418;158.234;158.152;158.65;158.005;146.36026999999999;11.873730000000023;112067.15;0.8514359471084211;0.03413832342900047
2023-09-14;97223;156.964;158.209;158.389;156.636;146.41421333333332;10.549786666666677;112046.33666666667;0.867703513495723;-0.80260879457007
2023-09-15;89668;157.613;156.947;157.902;156.719;146.47133333333335;11.141666666666652;111930.38;0.8011051155190574;0.4134706047246528
2023-09-18;73802;157.82;157.399;157.937;157.347;146.53411333333335;11.285886666666642;111773.33666666667;0.660282695327309;0.1313343442482573
2023-09-19;80558;157.912;157.798;158.279;157.65;146.59498;11.317020000000014;111670.18;0.7213922284354946;0.0582942592827429
2023-09-20;88959;158.15;157.853;158.449;157.626;146.66034;11.489660000000015;111635.02;0.7968735975502313;0.15071685495720022
2023-09-21;97183;157.315;157.991;158.079;157.031;146.72031333333334;10.59468666666666;111618.55666666667;0.870670638487244;-0.5279797660448948
2023-09-22;95287;157.934;157.332;158.28;157.116;146.79054666666667;11.143453333333326;111511.50333333333;0.8545037700295087;0.3934780535867599
2023-09-25;84995;157.705;157.87;158.18;157.483;146.86210666666665;10.842893333333365;111359.20666666667;0.7632507678903397;-0.14499727734369472
2023-09-26;91376;157.579;157.707;157.924;157.319;146.93724666666668;10.641753333333327;111281.05333333333;0.8211281009920208;-0.07989600837006172
2023-09-27;93185;157.166;157.538;157.618;156.955;147.00991666666667;10.156083333333328;111103.02333333333;0.8387260508691673;-0.26209076082474025
2023-09-28;101025;157.751;157.118;157.869;156.706;147.08205666666666;10.668943333333345;110976.83333333333;0.9103251279170058;0.37221790972603586
2023-09-29;102491;157.923;157.741;158.337;157.398;147.15448666666666;10.768513333333345;110925.92;0.9239589809125835;0.10903258933381288
2023-10-02;98013;157.021;157.935;158.475;156.999;147.21985999999998;9.801140000000004;110892.13;0.8838589357061782;-0.5711644282340278
2023-10-03;101080;155.991;157.007;157.211;154.381;147.28097333333335;8.710026666666664;110887.76333333334;0.9115523387025141;-0.6559632151113326
2023-10-04;105484;156.631;155.868;156.766;155.823;147.34297;9.288029999999992;110948.99333333333;0.9507431913607012;0.41028008026102736
2023-10-05;105157;156.677;156.623;156.788;156.086;147.40903;9.267969999999991;110932.10666666667;0.9479401695306353;0.02936838812239717
2023-10-06;104866;157.922;156.332;158.26;156.327;147.47794666666667;10.44405333333333;110911.28;0.9454944528635009;0.794628439400813
2023-10-09;97010;156.922;157.287;157.701;156.507;147.54470666666666;9.377293333333341;110900.90333333334;0.8747449036407722;-0.6332239966565734
2023-10-10;105230;157.706;156.919;157.974;156.765;147.61897666666667;10.08702333333332;110952.12;0.9484271233392433;0.4996112718420598
2023-10-11;100649;158.407;157.706;158.466;157.484;147.69192333333334;10.715076666666675;110969.81666666667;0.9069943794024856;0.4444979899306478
2023-10-12;96798;157.714;158.396;158.609;157.644;147.75937000000002;9.95462999999998;110942.77666666667;0.8725038520608321;-0.4374806668897335
2023-10-13;97668;157.169;157.688;158.045;157.046;147.82639333333336;9.342606666666654;110928.96;0.8804553833371483;-0.34556222022140703
2023-10-16;84698;157.88;156.893;157.985;156.893;147.89457;9.985430000000008;110882.52333333333;0.7638534681013215;0.452379285991511
2023-10-17;93466;158.44;157.871;158.619;157.152;147.96709333333334;10.47290666666666;110872.57666666666;0.8430037689210816;0.35469977197872815
2023-10-18;99021;157.948;158.36;158.545;157.688;148.03921333333335;9.908786666666657;110818.30666666667;0.893543702105456;-0.31052764453419757
2023-10-19;114706;158.493;157.93;158.931;157.682;148.11182333333332;10.381176666666676;110818.26666666666;1.0350820622832606;0.345050269709013
2023-10-20;99046;158.745;158.495;158.931;158.151;148.1871733333333;10.557826666666699;110802.95666666667;0.8938931142239772;0.1589975582517944
2023-10-23;86829;159.709;158.642;159.777;158.507;148.26276333333334;11.446236666666664;110739.27333333333;0.7840849717211933;0.6072632208888429
2023-10-24;91820;158.748;159.693;159.916;158.537;148.32970333333333;10.418296666666663;110687.68333333333;0.8295412573003083;-0.6017193771171381
2023-10-25;91270;158.719;158.75;158.94;158.408;148.39540333333335;10.323596666666646;110624.96;0.8250398463420168;-0.018267946682792857
2023-10-26;104754;158.855;158.635;158.906;157.992;148.4593;10.395699999999977;110584.54;0.9472752701235683;0.08568602372747147
2023-10-27;97696;158.081;158.726;158.886;157.884;148.52141333333333;9.559586666666661;110516.71333333333;0.8839929912259228;-0.48723678826603223
2023-10-30;87904;158.204;157.93;158.928;157.697;148.58337333333336;9.620626666666652;110444.35;0.7959121494217861;0.07780821224563361
2023-10-31;109810;160.413;158.081;160.845;157.865;148.65272000000002;11.760279999999995;110511.38666666667;0.993653263361972;1.3962984501024067
2023-11-01;113580;159.548;160.279;160.43;159.06;148.71303333333333;10.834966666666674;110407.88333333333;1.0287308892344165;-0.5392331045488863
2023-11-02;105659;159.828;159.553;160.084;159.072;148.76630333333335;11.061696666666649;110250.63;0.9583528003421877;0.1754957755659703
2023-11-03;101188;160.23;159.668;160.402;159.593;148.82014333333336;11.409856666666627;110104.18;0.9190205131175839;0.25152038441322855
2023-11-06;86654;160.832;160.03;160.981;160.03;148.87888333333333;11.95311666666666;109903.26;0.7884570484987626;0.37570991699431566
2023-11-07;91138;160.939;160.809;161.03;160.432;148.93345666666664;12.00554333333335;109780.66333333333;0.8301826317378331;0.06652904894548506
2023-11-08;97017;161.678;160.84;161.733;160.697;148.9922;12.6858;109677.72666666667;0.8845642861913606;0.45918018628177126
2023-11-09;105959;161.455;161.663;161.799;161.364;149.05413333333334;12.400866666666673;109563.42666666667;0.9671019173428889;-0.1379284751171994
2023-11-10;90882;161.893;161.447;161.946;161.142;149.11555333333334;12.777446666666663;109464.76;0.8302397958940549;0.27128302003653904
2023-11-13;83051;162.316;161.802;162.365;161.539;149.17945333333336;13.136546666666646;109350.78;0.7594916103935647;0.26128368737377006
2023-11-14;93354;163.597;162.255;163.817;162.089;149.24622666666667;14.350773333333336;109318.12;0.8539663872740536;0.7892013110229357
2023-11-15;102268;164.206;163.575;164.209;163.066;149.31596;14.890039999999999;109252.49;0.9360701984915002;0.37225621496725925
2023-11-16;95397;163.59;164.164;164.302;163.255;149.38882;14.201179999999994;109064.99;0.8746803167541779;-0.3751385454855427
2023-11-17;97945;163.294;163.509;163.607;162.154;149.46640333333335;13.827596666666665;108802.01333333334;0.900213121056133;-0.1809401552662071
2023-11-20;113211;162.341;163.179;163.557;161.779;149.54455;12.796450000000021;108668.13333333333;1.0418049572336103;-0.5836099305547071
2023-11-21;115121;161.908;162.18;162.424;161.246;149.62070666666668;12.28729333333331;108489.62666666666;1.0611244921479688;-0.2667225161850806
2023-11-22;108245;162.843;161.851;162.939;161.591;149.70041333333336;13.142586666666631;108378.96;0.9987639667329342;0.5774884502310007
2023-11-23;72206;163.097;162.652;163.191;162.437;149.77629666666664;13.32070333333337;108101.16;0.6679484290454729;0.15597845777837183
2023-11-24;81605;163.354;163.03;163.654;162.687;149.84840666666665;13.505593333333366;107854.56666666667;0.756620721051148;0.15757494006634065
2023-11-27;109227;162.861;163.46;163.719;162.538;149.91831666666667;12.94268333333332;107719.34333333334;1.0139961553793653;-0.3017985479388474
2023-11-28;118566;162.124;162.764;162.924;161.922;149.98532999999998;12.138670000000019;107635.28;1.1015533196921028;-0.4525331417589151
2023-11-29;125134;161.497;162.089;162.254;161.484;150.0438;11.45320000000001;107556.63;1.1634243281886794;-0.3867410130517279
2023-11-30;120397;161.377;161.506;161.943;160.593;150.10493666666667;11.272063333333335;107486.19;1.1201159888539058;-0.07430478584742328
2023-12-01;123081;159.778;161.371;161.774;159.646;150.16384;9.614159999999998;107408.37;1.1459162819432838;-0.9908475185435472
2023-12-04;122036;159.525;159.629;159.843;158.711;150.22359333333333;9.30140666666668;107380.95333333334;1.1364771517828018;-0.1583447032757812
2023-12-05;114584;158.89;159.497;159.716;158.579;150.28185666666667;8.608143333333317;107399.51333333334;1.066894964825005;-0.39805673091992677
2023-12-06;105084;158.559;158.831;159.119;158.38;150.33856666666668;8.220433333333318;107294.06333333334;0.9794018115757527;-0.2083202215369062
2023-12-07;139833;155.572;158.559;158.585;153.101;150.38203333333334;5.189966666666663;107290.79666666666;1.3033084322639819;-1.883841346123527
2023-12-08;145407;156.017;155.552;156.093;153.865;150.42226333333335;5.594736666666648;107307.49333333333;1.3550498244172304;0.28604118993134087
2023-12-11;118888;157.328;155.869;157.686;155.836;150.46450333333334;6.863496666666663;107227.93333333333;1.1087409437465199;0.8402930449886936
2023-12-12;111664;157.018;157.248;157.34;156.496;150.49892;6.519080000000002;107196.27333333333;1.0416780036071178;-0.19704057764670102
2023-12-13;127380;155.399;156.977;157.481;155.383;150.52642999999998;4.8725700000000245;107189.61666666667;1.1883613726888171;-1.0310919767160476
2023-12-14;169256;155.95;155.344;156.064;153.856;150.55793666666668;5.3920633333333114;107346.50333333333;1.5767257874661178;0.35457113623638126
2023-12-15;135133;154.894;155.899;156.495;154.405;150.58442333333332;4.309576666666686;107373.98333333334;1.2585264680036932;-0.6771401090092888
2023-12-18;109214;155.986;154.746;156.307;154.713;150.61925;5.366749999999996;107236.34;1.0184420691716056;0.7049982568724245
2023-12-19;123189;157.939;155.902;158.569;155.382;150.65533666666664;7.283663333333351;107139.48666666666;1.1498001701581344;1.2520354390778587
2023-12-20;111425;157.089;157.923;158.126;156.785;150.68747;6.401530000000008;107109.71333333333;1.0402884718141927;-0.538182462849579
2023-12-21;115942;156.453;156.974;157.119;156.132;150.71697;5.7360299999999995;107034.30333333333;1.083222820995199;-0.4048660313580199
2023-12-22;105957;156.85;156.444;156.99;156.131;150.75397666666666;6.096023333333335;106894.20333333334;0.9912324213650695;0.2537503275744202
2023-12-26;57388;157.201;156.567;157.366;156.541;150.78811666666667;6.412883333333326;106632.95333333334;0.5381825993377527;0.22378068218043
2023-12-27;75422;157.526;157.037;158.385;156.922;150.82320666666666;6.7027933333333465;106516.07;0.7080809496632097;0.20674168739385212
2023-12-28;95785;156.442;157.479;157.485;155.835;150.8568;5.585200000000015;106430.61333333333;0.8999760219364611;-0.6881403704785294
2023-12-29;94214;155.651;156.362;156.946;155.632;150.89169;4.759309999999999;106326.86;0.886079020860685;-0.505618695746668
2024-01-02;96713;155.365;155.495;156.34;155.07;150.92773666666668;4.437263333333334;106259.69;0.9101569936820906;-0.18374440254158575
2024-01-03;103695;156.502;155.33;156.789;155.084;150.96268;5.539320000000004;106181.58333333333;0.9765817832501422;0.7318250571235474
2024-01-04;103309;158.302;156.486;158.59;156.07;151.00055999999998;7.301440000000014;106133.8;0.9733845391382412;1.150145046069695
2024-01-05;109618;158.196;158.271;158.995;158.045;151.03877;7.157229999999998;106132.39666666667;1.032842029792942;-0.06696061957524035
2024-01-08;99312;157.931;158.109;158.486;157.684;151.07665666666665;6.854343333333361;106030.04;0.9366402200733928;-0.16751371716098307
2024-01-09;99804;157.928;157.882;158.002;157.202;151.12349666666665;6.804503333333344;105900.57666666666;0.942431128719292;-0.0018995637335428306
2024-01-10;92792;159.939;157.922;159.952;157.765;151.1777033333333;8.76129666666668;105674.99333333333;0.8780885342220467;1.2733650777569494
2024-01-11;114295;159.432;159.924;160.178;159.277;151.2275833333333;8.204416666666674;105604.14333333333;1.08229655004372;-0.31699585466959945
2024-01-12;104967;158.651;159.382;159.57;158.541;151.27596666666668;7.375033333333334;105467.70666666667;0.9952525120484594;-0.4898640172612656
2024-01-15;71597;159.612;158.518;159.833;158.518;151.32457;8.28743;105245.18;0.6802876863338844;0.6057320785875842
2024-01-16;106711;160.064;159.408;160.145;159.236;151.37367666666668;8.69032333333331;105200.65666666666;1.0143567861758582;0.2831867278149547
2024-01-17;107658;161.22;159.82;161.293;159.82;151.42811666666668;9.791883333333317;105179.72666666667;1.0235622720448512;0.7222111155537725
2024-01-18;103115;161.132;161.119;161.388;160.643;151.48005;9.65195;105157.80333333333;0.9805739253903224;-0.05458379853615636
2024-01-19;95909;161.438;160.791;161.865;160.791;151.53321000000003;9.904789999999963;105155.97666666667;0.9120641835129569;0.18990641213414428
2024-01-22;91361;161.188;161.265;161.559;160.753;151.58687333333333;9.601126666666659;105100.80666666667;0.8692702073138986;-0.1548582118212516
2024-01-23;101977;161.036;161.149;161.712;160.422;151.64256666666665;9.393433333333348;105146.41666666667;0.9698571119477709;-0.09429982380821933
2024-01-24;100426;160.563;160.7;161.063;159.979;151.69575;8.867249999999984;105154.15;0.955036011417433;-0.2937231426513365
2024-01-25;95141;160.152;160.352;160.969;159.697;151.75084666666666;8.401153333333326;105063.19666666667;0.9055597299389642;-0.25597429046542164
2024-01-26;88579;160.793;160.25;160.926;159.827;151.80928999999998;8.98371000000003;104960.45333333334;0.843927376329849;0.4002447674709142
2024-01-29;82846;159.789;160.483;160.837;159.418;151.86284;7.926159999999982;104786.78666666667;0.7906149490348474;-0.6244052912751319
2024-01-30;87395;160.097;159.74;160.341;159.216;151.92167666666666;8.175323333333353;104579.22333333333;0.8356822437037126;0.19275419459412468
2024-01-31;122582;158.978;160.076;160.269;158.566;151.97971333333334;6.998286666666672;104537.20666666667;1.1726159891650854;-0.6989512607981418
2024-02-01;114688;159.196;158.902;159.203;158.077;152.03201666666666;7.163983333333334;104525.05333333333;1.0972297678169634;0.13712589163279443
2024-02-02;103387;160.063;159.195;160.261;159.042;152.0874333333333;7.97556666666668;104443.96333333333;0.9898800916816042;0.5446116736601336
2024-02-05;91855;159.719;160.034;160.272;159.381;152.14148666666668;7.5775133333333144;104335.35666666667;0.8803822877938872;-0.2149153770702794
2024-02-06;97135;159.097;159.647;159.868;158.961;152.19094666666666;6.906053333333347;104289.47;0.931397963763654;-0.3894339433630267
2024-02-07;98038;159.631;159.09;159.734;158.907;152.24347666666665;7.387523333333348;104211.44;0.9407604385851552;0.3356442924756564
2024-02-08;100080;160.939;159.596;160.994;159.434;152.2964;8.642599999999987;104194.85333333333;0.9605080941936838;0.8193897175360565
2024-02-09;97104;160.962;160.881;161.264;160.717;152.3524;8.6096;104100.35333333333;0.9327922229914046;0.014291128937049535
2024-02-12;81004;160.879;160.886;161.1;160.382;152.40637666666666;8.472623333333331;103928.52333333333;0.7794202919653294;-0.05156496564406865
2024-02-13;94669;161.488;160.855;161.633;160.772;152.45660333333333;9.031396666666666;103817.67666666667;0.9118774667241885;0.3785453663933902
2024-02-14;90158;161.548;161.44;161.588;160.954;152.51263333333333;9.035366666666675;103732.57666666666;0.869138730542713;0.03715446348955265
2024-02-15;90343;161.512;161.438;161.647;160.915;152.56697333333332;8.945026666666678;103670.17333333334;0.8714464063787097;-0.02228439844504937
2024-02-16;90513;161.836;161.484;161.954;161.386;152.64002;9.19598000000002;103413.59666666666;0.8752524128112675;0.20060428946455655
2024-02-19;64190;161.816;161.593;161.921;161.476;152.71125;9.104749999999996;103228.57;0.6218239776061393;-0.01235818977236569
2024-02-20;89749;162.106;161.797;162.363;161.733;152.78397333333334;9.322026666666659;103153.81;0.8700502676536263;0.17921589954021933
2024-02-21;89830;162.621;162.111;162.627;161.944;152.85610333333332;9.764896666666687;103073.92;0.8715104654988506;0.31769336113407487
2024-02-22;99927;162.924;162.618;163.46;162.432;152.92576333333332;9.998236666666685;103095.28666666667;0.9692683655178124;0.18632279963841647
2024-02-23;83367;162.877;162.906;163.208;162.686;152.99296666666666;9.884033333333349;103026.41;0.8091808692547077;-0.028847806339149518
2024-02-26;88060;163.541;162.915;163.72;162.561;153.06534666666667;10.475653333333327;103002.52666666667;0.8549304842294624;0.4076695911638728
2024-02-27;80202;163.242;163.509;163.51;162.89;153.14196333333334;10.100036666666654;102904.12666666666;0.7793856534032637;-0.1828287707669629
2024-02-28;82864;163.342;163.186;163.41;162.753;153.22228333333334;10.119716666666676;103042.65666666666;0.8041718127284823;0.061258744685810385
2024-02-29;104429;162.063;163.313;163.313;161.681;153.30192666666667;8.761073333333314;102944.9;1.014416449964883;-0.7830196765069797
2024-03-01;94412;162.666;162.044;163.006;161.9;153.37529;9.29070999999999;102793.32;0.9184643515745071;0.37207752540679984
2024-03-04;82686;163.392;162.532;163.524;162.498;153.45195666666666;9.940043333333335;102620.12666666666;0.8057483720379214;0.4463133045627288
2024-03-05;92820;162.917;163.373;163.427;162.607;153.52631333333332;9.390686666666682;102508.49666666667;0.9054859159804048;-0.2907119075597264
2024-03-06;97410;162.831;162.888;162.961;162.21;153.59726666666666;9.233733333333333;102417.35333333333;0.9511083505834639;-0.052787615779825714
2024-03-07;113018;162.065;162.764;162.797;160.555;153.66431666666665;8.400683333333347;102380.71666666666;1.1038992857215035;-0.4704263930086938
2024-03-08;114471;160.822;162.046;162.172;160.616;153.72534;7.096660000000014;102398.92666666667;1.1178925768686978;-0.766976213247772
2024-03-11;133413;160.546;160.82;160.93;160.212;153.79273666666666;6.7532633333333365;102367.87666666666;1.303270169746808;-0.1716183109276126
2024-03-12;153039;161.343;160.533;161.608;160.278;153.86890333333332;7.474096666666668;102435.97333333333;1.493996640242644;0.49643092945323986
2024-03-13;130872;161.756;161.339;161.949;160.896;153.94460666666666;7.811393333333342;102552.5;1.2761463640573096;0.2559763981083929
2024-03-14;136681;161.409;161.745;161.916;161.102;154.02180333333334;7.387196666666654;102611.73333333334;1.332021159373457;-0.2145206360196883
2024-03-15;133145;162.289;161.355;162.404;161.066;154.09895333333333;8.19004666666666;102533.35666666667;1.2985530204852067;0.5451988426915522
2024-03-18;110900;162.172;162.061;162.683;161.95;154.17588333333333;7.996116666666666;102496.18333333333;1.0819915083015856;-0.0720936107807657
2024-03-19;159032;163.91;162.165;163.996;162.011;154.25336333333334;9.656636666666657;102650.65333333334;1.5492546304948134;1.0717016500998877
2024-03-20;147320;165.182;163.906;165.353;163.712;154.33043333333333;10.851566666666656;102766.96;1.4335346691191961;0.7760356293087689
2024-03-21;170748;164.673;165.191;165.339;164.342;154.40688;10.26612;103020.71333333333;1.6574142662700462;-0.3081449552614579
2024-03-22;147069;163.667;164.633;164.815;163.483;154.48093666666668;9.186063333333323;103166.32;1.4255524477366812;-0.6109076776399269
2024-03-25;114798;164.09;163.499;164.21;163.313;154.55511666666666;9.53488333333334;103198.21;1.1124030155173126;0.2584516121148406
2024-03-26;118989;164.153;164.079;164.409;163.959;154.63198999999997;9.521010000000018;103256.62;1.152361950255475;0.03839356450727749
2024-03-27;130498;163.741;164.14;164.417;163.435;154.70596666666668;9.035033333333331;103323.18333333333;1.2630079309401911;-0.2509853612178703
2024-03-28;130699;163.246;163.735;163.866;163.134;154.77909666666667;8.466903333333335;103420.75;1.2637599321218167;-0.3023066916654993
2024-03-29;104595;163.262;163.252;163.418;162.93;154.85088000000002;8.411119999999983;103408.76666666666;1.0114713033677984;0.009801158987055025
2024-04-01;100814;162.917;163.093;163.428;162.792;154.9259;7.991099999999989;103335.43333333333;0.9755995281385273;-0.21131677916477187
2024-04-02;125890;163.215;162.903;163.335;162.611;154.99792666666664;8.21707333333336;103391.81333333334;1.2176012388342656;0.18291522677191807
2024-04-03;113287;164.365;163.193;164.374;163.066;155.07162666666667;9.293373333333335;103397.14333333333;1.0956492253830712;0.7045921024415591
2024-04-04;109293;164.014;164.356;164.917;163.792;155.14963333333333;8.864366666666683;103362.33666666667;1.0573774115851169;-0.21354911325404125
2024-04-05;149726;164.289;163.999;164.439;163.479;155.22785333333334;9.061146666666644;103517.12;1.4463887712485195;0.16766861365491437
2024-04-08;109484;164.885;164.201;164.905;164.126;155.30670333333333;9.57829666666666;103512.58;1.0576878675035384;0.36277535318858245
2024-04-09;108198;164.783;164.843;165.173;164.543;155.38824;9.394759999999991;103460.52;1.0457902202694278;-0.061861297267795656
2024-04-10;141264;164.494;164.688;164.992;163.895;155.46318333333335;9.030816666666652;103599.53666666667;1.3635582218336146;-0.17538216927716066
2024-04-11;161889;164.399;164.445;164.699;163.933;155.53490333333332;8.864096666666683;103718.67333333334;1.5608471917077265;-0.057752866365945454
2024-04-12;147655;163.057;164.395;164.412;162.27;155.60048333333333;7.4565166666666585;103860.76666666666;1.421662912174271;-0.8163066685320519
2024-04-15;164537;163.901;162.73;164.434;162.656;155.67030333333332;8.230696666666688;104049.30333333333;1.5813368732789292;0.5176104061769937
2024-04-16;161270;164.3;163.899;164.679;163.676;155.73983333333334;8.560166666666674;104250.58;1.546945829941517;0.24343963734205776
2024-04-17;148019;164.771;164.264;164.812;163.924;155.81093666666666;8.960063333333323;104486.89666666667;1.4166273927360955;0.2866707242848321
2024-04-18;130160;164.606;164.759;164.953;164.359;155.88044333333335;8.725556666666648;104585.07666666666;1.2445370233349184;-0.10013898076723926
2024-04-19;185352;164.788;164.582;165.026;163.018;155.95275333333333;8.835246666666677;104860.92333333334;1.767598397076696;0.11056705101881725
2024-04-22;112938;164.954;164.682;165.101;164.4;156.027;8.927000000000021;104945.14333333333;1.0761622349808844;0.10073549044833374
2024-04-23;120775;165.708;164.973;165.74;164.623;156.09961333333334;9.60838666666666;104956.28666666667;1.1507171588831155;0.45709713010899655
2024-04-24;107714;166.2;165.685;166.228;165.4;156.17188333333334;10.028116666666648;105014.74333333333;1.0257035972376616;0.29690781374465125
2024-04-25;137189;167.012;166.196;167.088;165.924;156.2483566666667;10.763643333333306;105141.95333333334;1.3047979008441504;0.48856799037304555
2024-04-26;155330;169.25;167.009;169.396;166.458;156.32818333333333;12.921816666666672;105292.98;1.4752170562556521;1.3400234713673242
2024-04-29;230573;167.562;168.706;171.601;165.634;156.40366;11.15834000000001;105691.72333333333;2.1815615521074534;-0.9973412112259883
2024-04-30;142899;168.223;167.557;168.6;167.214;156.48293666666666;11.740063333333353;105855.44333333333;1.3499447501249882;0.39448084887980794
2024-05-01;137794;165.417;168.204;168.664;164.056;156.55031;8.866690000000006;105973.63666666667;1.300266786478313;-1.6680239919630524
2024-05-02;193808;164.806;165.526;167.383;164.224;156.61738;8.188620000000014;106280.08666666667;1.8235589194411812;-0.36936953275660267
2024-05-03;155356;164.596;164.744;164.915;164.015;156.68334000000002;7.912659999999988;106475.68333333333;1.4590749280624675;-0.12742254529568564
2024-05-06;111457;165.743;164.512;165.989;164.408;156.75555666666668;8.987443333333317;106541.39;1.0461380314259983;0.696857760820424
2024-05-07;117212;166.369;165.708;166.568;165.595;156.83103333333332;9.537966666666676;106453.19666666667;1.101066042826417;0.37769317557905246
2024-05-08;118282;167.152;166.351;167.342;166.089;156.91153333333332;10.240466666666663;106257.83666666667;1.1131602497333188;0.4706405640473754
2024-05-09;116967;167.616;167.116;167.749;166.737;156.99013333333335;10.625866666666667;106163.17333333334;1.1017662370804757;0.2775916531061684
2024-05-10;118495;167.75;167.539;167.965;167.415;157.07892666666666;10.67107333333334;106020.90666666666;1.1176569199935362;0.0799446353569877
2024-05-13;128086;168.556;167.66;168.658;167.511;157.16761666666665;11.388383333333365;105915.01;1.2093281207261173;0.48047690014902944
2024-05-14;121420;169.247;168.528;169.359;168.35;157.26305;11.983950000000021;105859.68;1.1469900532477384;0.4099527753387511
2024-05-15;161255;168.581;169.1;169.397;168.035;157.35560999999998;11.225390000000004;105901.25;1.5226921306404295;-0.3935077135783893
2024-05-16;173173;168.864;168.554;168.907;167.326;157.44297;11.421030000000002;106101.24;1.632148691193276;0.16787182422692837
2024-05-17;135782;169.127;168.786;169.323;168.67;157.53088666666667;11.596113333333335;106171.67666666667;1.2788909835745008;0.15574663634640995
2024-05-20;116940;169.659;169.076;169.78;169.008;157.62396333333334;12.035036666666656;106112.38666666667;1.102039108472184;0.31455651670044826
2024-05-21;133784;169.522;169.616;169.942;169.216;157.72029666666666;11.801703333333336;106097.57666666666;1.2609524571923532;-0.08075021071679567
2024-05-22;132748;169.7;169.473;169.926;169.381;157.81239000000002;11.887609999999967;106203.82666666666;1.2499361291060904;0.10500112079847579
2024-05-23;153912;169.738;169.67;170.32;169.286;157.90493999999998;11.833060000000017;106381.64666666667;1.4467909157511838;0.022392457277553568
2024-05-24;127307;170.183;169.686;170.497;169.606;157.99193999999997;12.191060000000022;106464.70333333334;1.1957671980862894;0.26216875419764474
2024-05-27;87310;170.361;170.132;170.499;169.964;158.07747666666668;12.283523333333306;106430.13666666667;0.8203503512679112;0.10459329075171997
2024-05-28;124995;170.656;170.292;170.798;170.146;158.1663366666667;12.489663333333311;106490.92;1.1737620446887704;0.1731616978064343
2024-05-29;138720;170.291;170.63;170.798;170.171;158.2528;12.03819999999999;106601.27;1.3012978175587118;-0.2138805550346956
2024-05-30;154511;169.859;170.244;170.329;169.064;158.33798666666667;11.521013333333343;106783.26666666666;1.4469589180325901;-0.2536834007669131
2024-05-31;167799;170.608;169.816;170.745;169.441;158.4295;12.178500000000014;107007.3;1.5681079702037555;0.4409539677026286
2024-06-03;159327;170.182;170.334;170.891;169.717;158.5172433333333;11.664756666666676;107258.14;1.4854536914399705;-0.24969520772766263
2024-06-04;189614;168.511;170.159;170.722;168.008;158.59912;9.911879999999996;107669.07333333333;1.76108137768545;-0.9818899766132705
2024-06-05;148854;169.678;168.459;170.017;168.378;158.68105333333332;10.996946666666673;107887.34666666666;1.3797169417827269;0.6925363922829941
2024-06-06;150301;169.453;169.628;170.288;169.204;158.75957666666667;10.693423333333328;108089.14333333333;1.3905281822474689;-0.13260410895932218
2024-06-07;162798;169.321;169.408;169.974;168.937;158.83617;10.484829999999988;108282.10666666667;1.5034616984423739;-0.0778977061486108
2024-06-10;135383;169.052;168.795;169.214;168.3;158.91148666666666;10.140513333333331;108425.09333333334;1.2486316205767698;-0.15886983894496387
2024-06-11;126610;168.772;169.008;169.422;168.294;158.98395666666667;9.78804333333332;108510.79666666666;1.1667963363030174;-0.16562951044648555
2024-06-12;166947;169.409;168.722;169.589;168.548;159.05885333333333;10.35014666666666;108784.87666666666;1.534652656835155;0.37743227549593694
2024-06-13;153065;168.592;169.382;170.137;168.276;159.13030666666666;9.461693333333358;108989.23333333334;1.4044047775971689;-0.48226481473828686
2024-06-14;197835;168.492;168.533;169.801;167.507;159.19998999999999;9.292010000000005;109351.74333333333;1.809161829244258;-0.05931479548260121
2024-06-17;141449;169.291;168.272;169.332;167.957;159.27338666666668;10.017613333333315;109508.92;1.2916664688135642;0.4742064905158827
2024-06-18;134320;169.526;169.281;169.912;168.965;159.3471866666667;10.178813333333323;109667.66666666667;1.2247912633014388;0.138814231116835
2024-06-19;88373;169.835;169.525;169.9;169.127;159.41898333333333;10.416016666666678;109656.03333333334;0.8059109682670624;0.18227292568691045
2024-06-20;126860;170.088;169.709;170.318;169.494;159.49676333333335;10.591236666666646;109784.48333333334;1.1555367038054871;0.148968116112691
2024-06-21;132937;170.829;170.085;170.907;169.325;159.57438666666667;11.254613333333339;109874.04;1.2099036314673413;0.4356568364611402
2024-06-24;138122;171.339;170.556;171.45;170.277;159.65302666666668;11.685973333333322;110009.55;1.255545541273348;0.2985441581932813
2024-06-25;131543;171.067;171.236;171.392;170.701;159.72311333333334;11.343886666666663;110030.02333333333;1.1955191502730274;-0.1587496133396371
2024-06-26;152513;171.743;171.046;171.797;170.848;159.79248666666666;11.950513333333333;110247.02333333333;1.3833752185658663;0.3951668059883007
2024-06-27;143086;172.082;171.735;172.165;171.381;159.86526333333333;12.216736666666662;110372.44333333333;1.2963924298373666;0.19738795758779126
2024-06-28;175678;172.356;172.051;172.445;171.45;159.94272666666666;12.413273333333336;110596.09;1.5884648363245402;0.15922641531362913
2024-07-01;158888;173.398;172.661;173.673;172.585;160.02782;13.370180000000005;110690.45666666667;1.4354263663258804;0.6045626494000755
2024-07-02;127987;173.499;173.392;173.599;173.084;160.11096;13.38803999999999;110799.17;1.1551259815392882;0.05824749997116463
2024-07-03;137195;174.441;173.432;174.514;173.31;160.19681666666668;14.244183333333325;110964.16;1.2363902002230958;0.5429426106202451
2024-07-04;103862;174.336;174.301;174.432;173.799;160.28381666666667;14.052183333333346;110984.94333333333;0.9358206336876745;-0.06019227131235372
2024-07-05;160227;174.229;174.286;174.501;173.711;160.37275666666665;13.856243333333367;111163.00333333333;1.4413698370448753;-0.061375734214386135
2024-07-08;149042;174.097;173.627;174.631;173.507;160.46346666666668;13.633533333333332;111288.05;1.3392453187919693;-0.07576235873477666
2024-07-09;124319;174.413;174.055;174.588;173.938;160.55399666666668;13.859003333333334;111385.28666666667;1.11611689227885;0.18150800990253124
2024-07-10;112190;175.126;174.412;175.157;174.308;160.64437999999998;14.48162000000002;111460.49;1.0065450098056266;0.40879980276700145
2024-07-11;168635;172.7;175.091;175.424;171.564;160.72622666666666;11.973773333333327;111729.04333333333;1.5093210768562466;-1.3852883067048904
2024-07-12;218534;172.2;172.575;173.429;171.459;160.80274333333332;11.397256666666664;112150.66333333333;1.9485751889889003;-0.2895193977996535
2024-07-15;160893;172.224;172.04;172.561;171.547;160.87888333333333;11.345116666666655;112376.23333333334;1.4317351207415951;0.013937282229958825
2024-07-16;144135;172.639;172.185;172.916;172.036;160.95740666666669;11.681593333333325;112512.54333333333;1.2810571668704362;0.24096525455221673
2024-07-17;205351;170.871;172.564;172.828;170.699;161.02749666666668;9.84350333333333;112889.69333333333;1.8190411713993657;-1.0241023175528108
2024-07-18;210953;171.463;170.836;171.574;169.985;161.10153666666665;10.361463333333347;113245.05333333333;1.8628010124119745;0.346460195117948
2024-07-19;174377;171.379;171.479;171.875;170.912;161.17307666666667;10.205923333333317;113464.02;1.5368484211998186;-0.04899016114263688
2024-07-22;177657;171.048;171.288;171.661;170.059;161.24260333333334;9.805396666666667;113686.09;1.562697775954687;-0.19313918274700415
2024-07-23;186050;168.867;170.838;171.091;168.831;161.30288666666667;7.564113333333324;113979.08333333333;1.632317040626463;-1.2750806791076208
2024-07-24;230143;166.812;168.836;169.206;166.139;161.35762;5.454380000000015;114553.61;2.0090418800418415;-1.2169340368455517
2024-07-25;275609;166.948;166.77;167.594;164.821;161.41395333333332;5.534046666666683;115126.51333333334;2.3939663594430876;0.08152890679327118
2024-07-26;228329;166.926;166.951;168.016;166.319;161.47394;5.452059999999989;115536.99;1.9762415482693485;-0.01317775594796844
2024-07-29;238845;166.678;166.836;167.515;166.226;161.5316;5.1464;116003.51333333334;2.058946260650434;-0.14856882690532647
2024-07-30;243800;165.196;166.665;167.956;165.086;161.58269;3.6133099999999843;116520.21666666666;2.0923407711936033;-0.8891395385113854
2024-07-31;347988;162.345;165.12;166.55;162.014;161.62542333333334;0.7195766666666543;117394.27666666667;2.964267167709201;-1.7258287125596294
2024-08-01;324692;161.148;162.345;162.892;160.885;161.66489333333334;-0.5168933333333428;118184.98333333334;2.747320267281327;-0.7373186731959747
2024-08-02;377735;159.839;161.156;161.599;159.7;161.6978;-1.8588000000000022;119135.62666666666;3.1706300673336365;-0.8122967706704398
2024-08-05;438634;157.886;159.877;159.964;154.405;161.72476333333333;-3.8387633333333326;120302.46;3.646093355031672;-1.2218544910816531
2024-08-06;400463;157.798;157.894;160.223;157.292;161.75139333333334;-3.953393333333338;121345.87;3.3001782425719726;-0.055736417415097605
2024-08-07;351319;160.262;157.698;161.443;157.508;161.78498333333332;-1.5229833333333147;122242.85333333333;2.87394306022938;1.5614900062104642
2024-08-08;368801;160.813;160.185;160.883;158.958;161.81653333333333;-1.003533333333337;123151.55333333333;2.994692230976083;0.34381200783715204
2024-08-09;299870;160.01;160.726;161.384;159.813;161.84416333333334;-1.8341633333333505;123838.46333333333;2.421460925212082;-0.4993377401080745
2024-08-12;263960;160.913;160.06;161.958;159.986;161.86874333333333;-0.9557433333333165;124364.31666666667;2.122473769606036;0.5643397287669716
2024-08-13;276532;161.426;160.907;161.799;160.638;161.88938666666667;-0.46338666666667905;124919.21333333333;2.213686690950273;0.3188058143220207
2024-08-14;269549;162.224;161.408;162.588;160.585;161.91322;0.31077999999999406;125584.32333333333;2.146358660423926;0.4943441576945595
2024-08-15;241545;163.782;162.239;163.89;161.939;161.94445;1.8375500000000216;126050.37;1.9162577626704376;0.9604004339678562
2024-08-16;228253;162.775;163.791;163.858;162.293;161.96740666666668;0.8075933333333296;126468.32666666666;1.804823436951054;-0.614841679793876
2024-08-19;265287;162.508;162.721;163.211;160.417;161.98649999999998;0.5215000000000316;127015.22666666667;2.088623600193912;-0.16403010290277908
2024-08-20;256770;161.677;162.248;163.191;161.536;162.00369;-0.32669000000001347;127507.04666666666;2.013771055894949;-0.5113594407660016
2024-08-21;290188;161.981;161.621;163.063;161.345;162.02197999999999;-0.04097999999999047;128145.02;2.2645281104172237;0.18802921875096246
2024-08-22;222737;162.56;161.783;162.909;161.473;162.03746999999998;0.5225300000000175;128558.88;1.7325679875243365;0.3574493304770332
2024-08-23;240474;161.6;162.549;162.712;161.202;162.05059333333332;-0.4505933333333303;129016.43;1.8639021402156406;-0.5905511811023723
2024-08-26;217809;161.295;161.402;161.494;160.501;162.06396999999998;-0.7689699999999959;129393.51666666666;1.6833069044802722;-0.18873762376238057
2024-08-27;199882;160.999;161.295;162.175;160.873;162.07589;-1.0768899999999917;129730.92666666667;1.540742867840338;-0.18351467807432575
2024-08-28;204830;160.775;160.909;161.372;160.446;162.08555666666666;-1.3105566666666562;130117.53;1.574192193780379;-0.13913129895215537
2024-08-29;233328;160.608;160.762;161.269;160.024;162.09700333333333;-1.4890033333333292;130678.96;1.7855054861163735;-0.10387187062664838
2024-08-30;196112;161.445;160.601;161.635;160.187;162.11180666666667;-0.6668066666666732;131019.13666666667;1.4968195104118633;0.5211446503287531
2024-09-02;148345;162.662;161.384;162.894;161.022;162.13096666666664;0.5310333333333688;131153.76;1.1310769893290795;0.7538170894112683
2024-09-03;229794;160.644;162.619;162.797;160.497;162.14699666666664;-1.5029966666666326;131581.66333333333;1.7463983520093505;-1.2406093617439828
2024-09-04;244639;159.295;160.623;160.888;159.252;162.15974666666668;-2.86474666666669;132067.79333333333;1.852374404276774;-0.8397450262692785
2024-09-05;234398;159.377;159.283;159.791;158.55;162.17599666666666;-2.7989966666666533;132516.17;1.768825645956884;0.05147681973698415
2024-09-06;273496;157.723;159.364;159.598;157.465;162.18777666666665;-4.464776666666637;133055.67333333334;2.055500476968108;-1.037790898310298
2024-09-09;224765;157.979;157.587;158.73;157.404;162.19776666666667;-4.218766666666653;133443.97;1.6843398768785367;0.16230987237118022
2024-09-10;206817;156.97;157.907;158.637;156.789;162.20164333333335;-5.231643333333352;133759.76333333334;1.546182460599832;-0.6386924844441477
2024-09-11;276361;156.75;156.958;157.013;155.456;162.20452;-5.454520000000002;134367.97666666665;2.0567474993358124;-0.14015416958654825
2024-09-12;262734;157.049;156.763;157.511;156.483;162.20840333333334;-5.15940333333333;134876.57333333333;1.947958741142251;0.1907496012759191
2024-09-13;245325;155.994;157.032;157.105;155.612;162.20683333333332;-6.212833333333322;135331.18333333332;1.8127751044319438;-0.6717648631955675
2024-09-16;211310;156.532;156.024;156.668;155.147;162.20897333333332;-5.676973333333308;135674.71666666667;1.5574751522727908;0.3448850596817987
2024-09-17;215253;158.261;156.383;158.32;156.042;162.2105633333333;-3.949563333333316;136045.28666666665;1.5822157847143168;1.104566478419744
2024-09-18;239797;158.173;158.253;158.373;157.04;162.21602666666666;-4.0430266666666625;136504.13;1.7567014272753683;-0.05560434977662787
2024-09-19;280799;159.2;158.067;159.969;157.78;162.22747333333334;-3.0274733333333472;137115.26;2.0479048065108105;0.6492890695630749
2024-09-20;264078;160.625;159.193;161.161;158.422;162.24464;-1.619640000000004;137635.90666666668;1.9186708352169883;0.8951005025125802
2024-09-23;231241;159.545;160.424;161.191;159.046;162.26616;-2.721160000000026;137976.39666666667;1.6759460718388806;-0.6723735408560416
2024-09-24;225760;160.113;159.543;161.106;159.23;162.28154999999998;-2.168549999999982;138238.65;1.633117800267752;0.3560124102917728
2024-09-25;225889;161.141;159.93;161.669;159.856;162.29723;-1.156230000000022;138622.82666666666;1.6295223913097503;0.6420465546207899
2024-09-26;237049;161.834;161.034;161.921;160.745;162.31190333333333;-0.47790333333333024;139073.08333333334;1.7044923023085554;0.4300581478332788
2024-09-27;282276;158.704;161.783;163.491;158.564;162.31832666666668;-3.6143266666666705;139618.88666666666;2.0217608572821533;-1.9340806011097778
2024-09-30;254782;159.923;158.734;160.13;158.097;162.33126666666666;-2.4082666666666626;140043.95666666667;1.8193002116215211;0.7680965823167574
2024-10-01;264177;158.88;159.472;160.903;158.371;162.34067000000002;-3.4606700000000217;140531.5;1.879841885982724;-0.6521888658917119
2024-10-02;233491;161.77;158.856;161.88;158.705;162.35734666666667;-0.5873466666666616;140983.93333333332;1.6561532543423396;1.8189828801611352
2024-10-03;237205;162.088;161.658;162.489;161.369;162.3739766666667;-0.2859766666666985;141410.16333333333;1.6774254014602996;0.19657538480557513
2024-10-04;217500;163.187;162.064;163.368;161.003;162.39213333333333;0.7948666666666782;141804.47666666665;1.5338020710816629;0.678026750900762
2024-10-07;220943;162.615;162.682;163.571;162.289;162.40434666666667;0.21065333333334024;142174.78666666665;1.5540237842451798;-0.35051811725198556
2024-10-08;209457;162.724;162.527;162.821;161.9;162.41780333333332;0.3061966666666649;142542.23666666666;1.4694381461811772;0.0670294868246879
2024-10-09;174918;163.346;162.684;163.465;162.386;162.43315;0.9128499999999917;142775.89333333334;1.2251227844998558;0.3822423244266515
2024-10-10;207645;162.501;163.315;163.608;162.179;162.44564333333332;0.055356666666682486;143122.5;1.450820101661063;-0.5173068211036691
2024-10-11;153045;163.103;162.32;163.409;162.23;162.45860666666664;0.6443933333333689;143267.30666666667;1.0682479035923522;0.3704592587122635
2024-10-14;118617;163.358;162.687;163.6;162.678;162.47455;0.8834500000000105;143286.82666666666;0.8278290667706302;0.15634292440973585
2024-10-15;162551;162.517;163.34;163.428;162.339;162.48949000000002;0.027509999999978163;143462.23;1.1330578090134849;-0.5148202108253064
2024-10-16;147287;162.546;162.584;162.881;162.103;162.50022333333334;0.045776666666654364;143628.16666666666;1.0254743440526852;0.017844287059198827
2024-10-17;163541;162.706;162.358;162.761;161.844;162.51517666666666;0.19082333333332713;143849.94666666666;1.1368860662767617;0.09843367415993676
2024-10-18;139071;162.468;162.687;162.853;162.176;162.53222;-0.06422000000000594;143972.79333333333;0.9659533359056658;-0.14627610536795954
2024-10-21;159961;163.128;162.355;163.154;161.994;162.55043999999998;0.5775600000000054;144172.81333333332;1.1095087645279742;0.40623384297215903
2024-10-22;187056;163.154;163.128;163.666;162.774;162.56736666666666;0.5866333333333387;144448.17666666667;1.2949696169003475;0.015938404197934908
2024-10-23;189197;164.71;163.016;165.02;162.968;162.58791;2.1220900000000142;144804.95;1.3065644510079726;0.9537001851011917
2024-10-24;206874;164.393;164.5;164.762;163.797;162.60687333333334;1.7861266666666609;145163.39666666667;1.4251113211068134;-0.19245947422743548
2024-10-25;158600;164.434;164.338;164.79;163.932;162.62249666666668;1.8115033333333201;145352.03666666665;1.0911439814476336;0.024940234681514184
2024-10-28;182611;165.745;165.328;166.071;164.692;162.64893333333333;3.0960666666666725;145629.93333333332;1.2539386362418221;0.7972803678071516
2024-10-29;182424;165.911;165.784;166.078;165.154;162.67715666666666;3.23384333333334;145931.36;1.250067154859569;0.10015385079489292
2024-10-30;186979;166.548;165.754;166.597;165.505;162.70514333333333;3.842856666666677;146340.16666666666;1.277701155185149;0.38394078753065664
2024-10-31;218746;165.474;166.536;166.688;164.936;162.72876333333335;2.745236666666642;146759.69333333333;1.4905046135736344;-0.6448591397074765
2024-11-01;194461;165.663;165.464;166.113;165.227;162.75304000000003;2.909959999999984;147104.64333333334;1.3219229223060334;0.11421733927989841
2024-11-04;181433;165.472;165.743;165.915;165.21;162.77949666666666;2.692503333333349;147421.87666666668;1.2307060804158871;-0.11529430228838233
2024-11-05;151922;165.711;165.214;166.036;165.214;162.80483333333333;2.906166666666678;147617.96333333335;1.0291565915791527;0.14443531231871365
2024-11-06;379346;165.893;165.628;166.102;164.913;162.83256;3.06044;148518.59333333332;2.554198713346112;0.10982976386599841
2024-11-07;230898;165.179;165.814;165.959;165.002;162.85589;2.323110000000014;148988.22333333333;1.54977349775756;-0.4303979070846897
2024-11-08;208835;163.599;165.224;165.421;163.203;162.87377333333336;0.7252266666666287;149366.28;1.398140196033442;-0.9565380587120753
2024-11-11;161123;163.809;163.296;164.653;163.233;162.89659000000003;0.9124099999999657;149579.28;1.077174592630672;0.1283626428034479
2024-11-12;187785;164.268;163.708;164.332;163.239;162.91877333333332;1.3492266666666808;149906.33666666667;1.252682202604605;0.2802043843744828
2024-11-13;217123;164.243;164.112;164.799;163.628;162.94018333333332;1.302816666666672;150384.07333333333;1.4437898587752858;-0.015219032313051883
2024-11-14;224675;164.555;164.117;164.981;163.804;162.96232666666668;1.5926733333333232;150864.46333333335;1.4892506494625457;0.18996243371103283
