Time;Volume;Close;Open;High;Low;mean_close;diff_to_mean;mean_volume;relative_volume;relative_change;Close_Filtrado_Wavelet;RSI;MACD;MACD_Signal;MACD_Hist;Stochastic_K;Stochastic_D;BB_Middle;BB_Upper;BB_Lower;Donchian_Upper;Donchian_Lower;Donchian_Middle;ADX;ADX_Pos;ADX_Neg;Momentum;TRIX
2019-06-26;111887;122.53;121.798;122.63;121.767;127.12877;-4.598770000000002;190031.13;0.5887824800073236;0.5886071273180971;122.53450000000002;;;;;;;;;;;;;0.0;0.0;0.0;;
2019-06-27;101880;122.539;122.532;122.896;122.404;127.09794999999998;-4.558949999999982;189827.12666666668;0.5366988469403229;0.0073451399657198;122.53450000000002;;;;;;;;;;;;;0.0;0.0;0.0;;
2019-06-28;101361;122.705;122.532;122.783;122.282;127.06929333333332;-4.364293333333336;189398.99;0.535171808466321;0.1354670757881093;122.53600000000004;;;;;;;;;;;;;0.0;0.0;0.0;;
2019-07-01;112313;122.367;122.868;123.359;122.358;127.04080666666664;-4.67380666666665;188823.4566666667;0.5948042789951787;-0.2754573978240415;122.53600000000004;;;;;;;;;;;;;0.0;0.0;0.0;;
2019-07-02;94105;121.798;122.375;122.536;121.724;127.01197666666668;-5.213976666666667;188345.2933333333;0.4996408369677072;-0.4649946472496724;121.70000000000005;;;;;;;;;;;;;0.0;0.0;0.0;;
2019-07-03;85000;121.602;121.701;121.826;121.315;126.98374666666668;-5.381746666666672;188016.98666666663;0.4520868114469416;-0.160922182630252;121.70000000000005;;;;;;;;;;;;;0.0;0.0;0.0;;
2019-07-04;50072;121.656;121.592;121.719;121.537;126.95769666666666;-5.301696666666658;187318.29666666663;0.2673097123507404;0.044407164355853;121.70900000000005;;;;;;;;;;;;;0.0;0.0;0.0;;
2019-07-05;82940;121.762;121.654;121.932;121.608;126.93004666666666;-5.168046666666655;186714.61666666667;0.4442073228153565;0.0871309265469744;121.70900000000005;;;;;;;;;;;;;0.0;0.0;0.0;;
2019-07-08;71054;121.929;121.679;121.973;121.518;126.90198333333332;-4.972983333333332;186003.02;0.3820045502486797;0.1371528062942495;121.9655;;;;;;;;;;;;;0.0;0.0;0.0;;
2019-07-09;66096;122.002;121.92;122.134;121.85;126.87339333333334;-4.871393333333344;185508.01666666663;0.3562972705312363;0.0598709084795201;121.9655;;;;;;;;;;;;;0.0;0.0;0.0;;
2019-07-10;87404;122.026;121.999;122.322;121.977;126.84424;-4.818239999999989;185235.9033333333;0.4718523700165791;0.019671808658872;122.06950000000002;;;;;;;;;;;;;0.0;0.0;0.0;-0.5040000000000049;
2019-07-11;80335;122.113;122.026;122.147;121.623;126.81584333333332;-4.70284333333332;184747.88;0.4348358422299387;0.0712962811204143;122.06950000000002;;;;;;;;;;;;;0.0;0.0;0.0;-0.42600000000000193;
2019-07-12;79004;121.614;122.105;122.233;121.515;126.78668333333331;-5.172683333333325;184191.9;0.428922227307475;-0.4086379009605845;121.54800000000002;;;;;;;;;;;;;0.0;0.0;0.0;-1.090999999999994;
2019-07-15;70249;121.482;121.59;121.853;121.42;126.75612333333332;-5.274123333333336;183660.13;0.3824945566574311;-0.1085401351818116;121.54800000000002;27.602314384493866;;;;8.170254403131205;;;;;;;;0.0;0.0;0.0;-0.8850000000000051;
2019-07-16;78513;121.324;121.484;121.681;121.098;126.72604333333334;-5.402043333333339;183235.8433333333;0.428480577662793;-0.1300604204738209;121.2465;24.945899155139557;;;;9.995577178239696;;;;;;;;0.0;0.0;0.0;-0.47400000000000375;
2019-07-17;69470;121.169;121.311;121.484;121.164;126.69352;-5.524519999999995;182841.6433333333;0.3799462678934002;-0.127757080214963;121.2465;22.643631382437064;;;;3.1402034498008886;7.102011677057263;;;;;;;0.0;18.696030729833762;28.41690140845101;-0.43300000000000693;
2019-07-18;96964;121.004;121.155;121.228;120.781;126.66149;-5.657489999999996;182457.06666666668;0.531434609639645;-0.1361734437025918;120.946;20.477113225924512;;;;8.650116369278509;7.2619656657730305;;;;;;;0.0;17.488724786012547;32.114846134512725;-0.652000000000001;
2019-07-19;96921;120.888;120.987;121.282;120.81;126.63525666666666;-5.747256666666658;181665.05;0.5335148395356986;-0.0958645995173701;120.946;19.093957922796463;;;;6.096866096866074;5.962395305315158;;;;;;;0.0;17.074984726201397;29.917905740999647;-0.8739999999999952;
2019-07-22;78168;120.903;120.795;121.168;120.795;126.61145333333334;-5.708453333333338;180888.21;0.4321342999634729;0.012408179471901;120.79;19.847894997643962;;;;7.9169370538611386;7.554639840001907;;;;;;;0.0;16.135588615618733;28.493188101026796;-1.0259999999999962;
2019-07-23;76335;120.677;120.898;121.093;120.493;126.58878333333334;-5.911783333333332;180225.4233333333;0.4235528960795473;-0.1869267098417726;120.79;17.24102648346333;;;;10.060142154183211;8.02464843497014;121.70450000000001;122.85311333789923;120.55588666210079;123.359;120.493;121.92599999999999;0.0;14.731594487551009;30.393548626618283;-1.3249999999999886;
2019-07-24;70573;120.504;120.686;120.709;120.207;126.56655;-6.0625499999999874;179712.91;0.3926985546002013;-0.1433578892415354;120.79750000000004;15.556636240362664;;;;14.042553191489834;10.67321079984473;121.60319999999999;122.79911631814268;120.4072836818573;123.359;120.207;121.78299999999999;0.0;13.660599615628458;32.32582449954705;-1.5219999999999914;
2019-07-25;90919;121.091;120.523;121.376;120.052;126.55188333333334;-5.460883333333342;178497.38;0.5093576163414549;0.4871207594768556;120.79750000000004;37.771573809045286;;;;45.77092511013168;23.29120681860157;121.5308;122.66507255983734;120.39652744016266;123.359;120.052;121.7055;0.0;19.94478914413203;26.793200238319674;-1.0220000000000056;
2019-07-26;66454;120.945;121.075;121.197;120.796;126.53161666666666;-5.586616666666672;177483.68;0.3744231582306399;-0.1205704800521956;121.09200000000004;35.2851723435717;;;;39.339207048457624;33.05089511669305;121.4428;122.466753827084;120.418846172916;123.359;120.052;121.7055;0.0;18.8902554337129;25.376572934960556;-0.6690000000000111;
2019-07-29;55658;121.239;120.879;121.305;120.736;126.51163333333332;-5.272633333333317;176517.8;0.3153109771365655;0.2430857001116226;121.09200000000004;43.369366743171554;;;;52.2907488986784;45.800293685755896;121.38640000000001;122.32087063089214;120.45192936910787;122.536;120.052;121.29400000000001;0.0;18.897014214405594;23.479546835972524;-0.242999999999995;
2019-07-30;86516;121.145;121.235;121.381;120.882;126.48978666666667;-5.344786666666678;175801.78333333333;0.4921224253792367;-0.0775328071000336;120.80900000000004;41.580855887600045;;;;50.11462631820223;47.24819408844608;121.35375000000002;122.27393647566674;120.4335635243333;122.322;120.052;121.18700000000001;0.0;18.65522134266407;21.931175217271523;-0.17900000000000205;
2019-07-31;106946;120.473;121.127;121.191;120.35;126.46324666666668;-5.990246666666678;175434.71666666667;0.60960568142961;-0.5547071690948813;120.80900000000004;31.560581765919792;-0.3631914933692144;;;19.3030719853275;40.56948240073604;121.29729999999999;122.28563963797872;120.30896036202127;122.322;120.052;121.18700000000001;0.0;16.66102735495212;26.348906648377735;-0.695999999999998;
2019-08-01;140615;118.978;120.46;120.711;118.919;126.43099;-7.45299;175119.11666666667;0.802967732344424;-1.2409419537987798;118.696;20.00854960385591;-0.501058141797941;;;2.0109066121335224;23.809534971887746;121.1634;122.56168314729167;119.76511685270832;122.322;118.919;120.62049999999999;0.0;13.37915082058529;36.88847875582317;-2.0260000000000105;
2019-08-02;173606;118.414;118.99;119.125;118.264;126.39322666666666;-7.979226666666662;174951.48;0.9923094105862382;-0.4740372169644735;118.696;17.418299303000225;-0.6483547108882703;;;4.389815627743799;8.567931408401604;120.99600000000001;122.80798245024612;119.1840175497539;122.322;118.264;120.293;26.60241911368923;12.14164352302636;40.512982299713975;-2.4740000000000038;
2019-08-05;168665;118.696;118.322;118.932;117.674;126.35743666666669;-7.661436666666674;174691.72;0.9655008262554764;0.2381475163409696;118.974;22.79975177459812;-0.7338736215899502;;;26.824146981627155;11.074956407168157;120.83435;122.84995405586014;118.81874594413986;122.322;117.674;119.998;28.928983000771606;10.59905983051031;41.32442632586716;-2.207000000000008;
2019-08-06;169887;119.252;118.69;119.872;118.371;126.32532666666664;-7.073326666666659;174455.73333333334;0.9738115036631464;0.4684235357552024;118.974;32.18321678508396;-0.7481591086458081;;;42.56811437820317;24.594025662524704;120.69685000000001;122.74992567079245;118.64377432920757;122.322;117.674;119.998;29.218994101160707;17.90038650463236;35.52494210297243;-1.4250000000000114;
2019-08-07;172199;119.022;119.222;119.279;118.437;126.28981;-7.267809999999997;174334.84;0.9877486336063984;-0.1928688827021685;118.8065;30.530074863349682;-0.7691729904286433;;;36.363636363636395;35.25196590782224;120.54665;122.62813411235824;118.46516588764176;122.233;117.674;119.9535;29.488290122950588;16.50138251705674;32.74849168121255;-1.4819999999999993;
2019-08-08;126758;118.591;118.995;119.166;118.492;126.25302333333332;-7.662023333333337;173882.87666666668;0.7289849491217452;-0.3621179277780717;118.8065;27.662551042152046;-0.8112531201396393;;;24.736984084164796;34.556244942001456;120.37055000000001;122.48780156511923;118.25329843488079;122.233;117.674;119.9535;29.73835071461262;15.459801748123054;30.68138008547337;-2.5;
2019-08-09;105397;118.355;118.587;118.742;118.087;126.21379333333331;-7.858793333333324;173508.65666666668;0.6074451962502115;-0.1990032970461408;118.2155;26.210842088952603;-0.8538030437577788;;;18.37065012139192;26.49042352306437;120.2076;122.41662651862754;117.99857348137246;121.853;117.674;119.7635;30.35981241452438;14.501811757908348;32.61167913176793;-2.589999999999989;
2019-08-12;98704;118.076;118.18;118.408;117.52;126.18089333333334;-8.10489333333335;172855.94333333333;0.5710188385576923;-0.2357314857843073;118.2155;24.569282385736642;-0.8996663395411417;-0.724471586838178;-0.1751947527029637;14.400414400414316;19.169349535323676;120.0373;122.34981258158732;117.72478741841269;121.681;117.52;119.6005;31.41715558140337;13.29865778234277;35.20350258485204;-3.163000000000011;
2019-08-13;137292;119.244;118.04;119.585;117.687;126.15019666666667;-6.906196666666673;172336.71;0.7966497677714286;0.9891934008604776;118.607;41.178081031097214;-0.8321727241059875;-0.74601181429174;-0.08616090981424751;44.6516446516447;25.807569724483642;119.9333;122.19143995137583;117.67516004862418;121.484;117.52;119.502;30.364115336548082;21.109888238422442;29.558662408920682;-1.9009999999999962;
2019-08-14;143766;117.97;119.242;119.277;117.785;126.11510666666666;-8.145106666666663;172138.99333333335;0.8351739325069731;-1.0683975713662752;118.607;32.71624352254416;-0.8714392906555872;-0.7710973095645095;-0.10034198109107773;11.655011655011716;23.569023569023575;119.77335000000001;122.11052318784886;117.43617681215116;121.381;117.52;119.4505;29.3862922520396;18.58682424952322;26.025796870190092;-2.503;
2019-08-15;177757;117.893;117.941;118.978;117.625;126.08289999999998;-8.18989999999998;171490.93;1.036538783712874;-0.0652708315673433;117.92750000000002;32.284428584490726;-0.8984152127026448;-0.7965608901921366;-0.10185432251050819;9.66070966070977;21.989121989122058;119.61780000000002;122.01984884213448;117.21575115786555;121.381;117.52;119.4505;28.656936292291697;16.644079398003594;24.541551265339248;-1.0849999999999937;
2019-08-16;131364;117.962;117.866;118.165;117.579;126.05030333333332;-8.088303333333329;170937.54;0.7684912278484428;0.0585276479519558;117.92750000000002;33.136094020026675;-0.9038075708568698;-0.8180102263250834;-0.08579734453178645;11.447811447811624;10.921177587844369;119.47149999999999;121.90252385837724;117.04047614162275;121.381;117.52;119.4505;28.032827858355798;15.87036276867865;23.765619926155324;-0.4519999999999982;
2019-08-19;90396;118.121;117.832;118.477;117.826;126.01873333333332;-7.897733333333321;169999.44;0.53174292809432;0.1347891693935343;118.022;35.15984573930962;-0.885048790825465;-0.8314179392251597;-0.05363085160030523;16.371560882593243;12.493360663704877;119.3324;121.73810433761079;116.92669566238922;121.381;117.52;119.4505;26.913575955663678;17.5592193962748;22.513534691572104;-0.5750000000000028;
2019-08-20;96512;117.923;118.116;118.268;117.579;125.98439666666664;-8.061396666666653;169197.87;0.5704090719345006;-0.1676247238001638;118.022;33.788378046252035;-0.8760605866319224;-0.8403464687065123;-0.03571411792541013;12.629269821372782;13.482880717259214;119.19469999999998;121.59204437242529;116.79735562757467;121.381;117.52;119.4505;26.193401581413617;16.564531527588528;23.26896017885091;-1.3289999999999935;
2019-08-21;80537;118.173;117.903;118.331;117.872;125.95012666666666;-7.77712666666666;168284.91333333333;0.4785752828625232;0.2120027475556174;118.05400000000002;37.12331595517301;-0.8390919299374673;-0.8400955609527033;0.0010036310152360395;27.76360544217707;18.92147871538103;119.07815000000001;121.43587036297761;116.7204296370224;121.381;117.52;119.4505;25.409421051048888;16.453657269662767;22.360227831808157;-0.8490000000000038;
2019-08-22;102408;117.935;118.181;118.304;117.733;125.91606666666668;-7.981066666666663;167358.59333333332;0.611907628764689;-0.2013996428964271;118.05400000000002;35.3004473446058;-0.819551336459611;-0.8359867160540848;0.01643537959447383;17.64455782312949;19.345811028893113;118.92035000000001;121.13626681026145;116.70443318973858;121.381;117.52;119.4505;24.873843035352877;15.635603651168568;22.45882138596432;-0.6559999999999917;
2019-08-23;136075;117.457;117.908;118.165;117.263;125.88291;-8.425910000000002;166404.28333333333;0.817737363931989;-0.4053080086488414;117.62250000000002;31.91131217440814;-0.833033192436119;-0.8353960113304917;0.0023628188943727313;7.435799156764615;17.61465414069039;118.74595;120.84286749718464;116.64903250281534;121.381;117.263;119.322;24.98453672096134;14.416257616042788;24.770896762794354;-0.8980000000000103;
2019-08-26;188545;117.788;117.09;118.197;116.555;125.84943333333334;-8.06143333333334;165706.14;1.1378274818301155;0.2818052563916984;117.62250000000002;36.460533104230024;-0.807698085951202;-0.8298564262546337;0.02215834030343178;40.69306930693053;21.924475428941545;118.57339999999999;120.36740193979801;116.77939806020197;121.381;116.555;118.968;25.844096981796117;12.504511004033638;27.203934342465985;-0.2879999999999967;-0.09356010482487839
2019-08-27;126520;117.293;117.76;117.836;117.214;125.80928666666668;-8.516286666666659;164718.33333333334;0.768099078224397;-0.4202465446395131;117.42300000000004;32.91841624663448;-0.818131286443645;-0.827511398292436;0.009380111848791062;24.356435643564446;24.161768035753198;118.3808;119.82139829237681;116.94020170762317;121.191;116.555;118.873;26.64226008114269;11.862761545789068;25.807789373600997;-1.9509999999999934;-0.09447622750502317
2019-08-28;115939;117.553;117.238;117.68;117.104;125.77094333333336;-8.217943333333352;164102.27;0.7065045474385756;0.2216671071589848;117.42300000000004;36.412737513203396;-0.7962412721691408;-0.821257373067777;0.025016100898636262;32.93729372937276;32.66226622662258;118.23479999999999;119.35357157632777;117.11602842367222;120.711;116.555;118.63300000000001;27.497185983874935;11.285166384556081;25.481053385458214;-0.4170000000000016;-0.0948065884726772
2019-08-29;111430;117.761;117.545;117.939;117.28;125.73373;-7.9727299999999985;163572.12666666668;0.681228533679637;0.1769414647010192;117.273;39.14384446348383;-0.7534244088809032;-0.8076907802304023;0.054266371349499076;39.801980198019606;32.36523652365227;118.17394999999999;119.25620089050501;117.09169910949497;119.872;116.555;118.21350000000001;27.694385596600547;12.87079637642862;24.038936034967417;-0.132000000000005;-0.09420834707936253
2019-08-30;111671;116.785;117.764;117.82;116.624;125.69374666666668;-8.908746666666687;163195.88666666666;0.6842758250891771;-0.8287973098054513;117.273;32.16315407606669;-0.7891499500780981;-0.8039826141999414;0.014832664121843364;7.590759075907286;26.776677667766545;118.0925;119.3249943001892;116.8600056998108;119.872;116.555;118.21350000000001;28.58076238073558;11.588892111552695;27.107603276000663;-1.1770000000000067;-0.0944239930015197
2019-09-02;76156;116.476;116.548;116.779;116.35;125.65072;-9.174720000000008;162466.11333333334;0.468750057704312;-0.2645887742432684;116.36350000000004;30.319616683955488;-0.8327964572829814;-0.8097453828165495;-0.023051074466431842;4.304748889648257;17.232496054525047;117.98150000000001;119.3669711112105;116.59602888878952;119.872;116.35;118.11099999999999;29.65928296018253;11.153766658806328;28.454815225375263;-1.644999999999996;-0.09550204118782733
2019-09-03;114639;116.251;116.506;116.557;115.866;125.60585;-9.354849999999985;161975.88;0.7077535247840167;-0.1931728424739764;116.36350000000004;29.015455027907038;-0.8754505987422618;-0.822886426001692;-0.05256417274056979;12.371465295630005;8.088991087061848;117.83144999999999;119.28250554338858;116.3803944566114;119.585;115.866;117.7255;31.071097609399885;10.480586031375287;30.964876693901246;-1.671999999999997;-0.0972998432476682
2019-09-04;96764;117.423;116.251;117.434;116.133;125.56314666666668;-8.14014666666668;161491.34;0.5991900246786855;1.0081633706376714;117.7195;42.81384448743902;-0.8053995631477733;-0.8193890534309084;0.01398949028313512;59.632324779777846;25.4361796550187;117.7515;119.10423005437104;116.39876994562894;119.585;115.866;117.7255;30.61032782524001;16.687706468356595;27.5886996084122;-0.75;-0.09740079046388218
2019-09-05;115503;118.016;117.374;118.613;117.277;125.52179;-7.50578999999999;161079.57333333333;0.7170555372714721;0.5050117949635169;117.7195;48.29085663524926;-0.6940330872472771;-0.7943178601941822;0.10028477294690508;78.2672005824538;50.09033021928722;117.72274999999999;119.02644181557555;116.41905818442443;119.585;115.866;117.7255;28.45770921532923;24.387917125576124;24.620051842349934;0.08100000000000307;-0.09519803124799406
2019-09-06;105185;117.885;117.987;118.267;117.792;125.47892;-7.593919999999997;160211.52;0.6565383063589524;-0.1110018980477245;118.16850000000002;47.2150492146383;-0.6093210837668579;-0.7573185049087173;0.14799742114185943;73.49836184929033;70.46596240384066;117.69925;118.97311041228964;116.42538958771037;119.585;115.866;117.7255;26.458849077554937;23.422889502105825;23.645838669621792;0.4280000000000115;-0.09157154754248743
2019-09-09;83644;118.452;117.772;118.511;117.738;125.43601;-6.984009999999998;159455.62333333332;0.524559738010252;0.4809772235653264;118.16850000000002;52.180628664559016;-0.4907766812250287;-0.7040101401719796;0.2132334589469509;94.13906079359296;81.96820774177903;117.71804999999999;119.0242831300341;116.41181686996588;119.585;115.866;117.7255;24.854028198648223;23.950934606101402;22.11238324908401;0.6640000000000015;-0.08603435178554295
2019-09-10;91922;118.747;118.465;118.786;118.271;125.39423666666669;-6.647236666666672;158842.43333333332;0.578699268646272;0.249046027082711;118.744;54.574931319758264;-0.3687743523820046;-0.6369629826139847;0.26818863023198003;98.66438356164379;88.76726873484235;117.6932;118.89728381767995;116.48911618232006;119.277;115.866;117.5715;23.71480424656278;25.260177530944006;21.129248812322725;1.4539999999999935;-0.07879691203852789
2019-09-11;86508;118.741;118.754;119.173;118.299;125.35174999999998;-6.610749999999982;158347.09666666668;0.5463188263066219;-0.0050527592275972;118.744;54.515144387567936;-0.2694645579621806;-0.5634632976836239;0.2939987397214433;86.93680072573324;93.24674836032331;117.73174999999999;119.01554388922003;116.44795611077996;119.173;115.866;117.5195;23.125304680877033;26.68948133136757;19.54135682332422;1.1880000000000024;-0.070581942349395
2019-09-12;133552;119.624;118.707;119.824;117.552;125.31172666666666;-5.687726666666663;157783.58333333334;0.8464251931574516;0.743635307096957;119.6695;61.244065294987124;-0.11814817136017552;-0.4744002724189343;0.35625210105875876;94.9469429004547;93.5160423959439;117.8183;119.34443395218072;116.29216604781926;119.824;115.866;117.845;21.50453151504228;22.050373844510325;21.859593659976408;1.8629999999999995;-0.06046999919010881
2019-09-13;97843;119.715;119.592;120.012;119.538;125.27297000000002;-5.557970000000012;157162.75333333333;0.622558449281391;0.0760716912994174;119.6695;61.870115929615025;0.009010230352046733;-0.3777181718647381;0.38672840221678484;92.83646888567301;91.57340417062032;117.90595;119.64195662153081;116.1699433784692;120.012;115.866;117.939;20.24184863581366;22.71231897030652;21.03800660796414;2.930000000000007;-0.04924806205085005
2019-09-16;110090;119.007;118.967;119.512;118.688;125.23321;-6.226210000000009;156351.22333333333;0.7041198505066144;-0.5914045858914863;119.351;54.49446751202851;0.052054445592659704;-0.2917636483732586;0.3438180939659183;75.75976845151965;87.84772674588244;117.95024999999998;119.74999496804374;116.15050503195623;120.012;115.866;117.939;19.57794501881714;20.881094645128588;26.014891052496854;2.531000000000006;-0.038831643605089027
2019-09-17;101833;119.695;118.979;119.774;118.873;125.19674666666666;-5.501746666666662;155290.21;0.6557593038221369;0.5781172536069246;119.351;59.5418390921673;0.14006852368041223;-0.20539721396252442;0.34546573764293664;92.35407621804131;86.98343785174465;118.03885;119.99240166555657;116.08529833444342;120.012;115.866;117.939;18.604022170988628;21.46136195818196;24.173450329220728;3.4439999999999884;-0.028192663438769364
2019-09-18;94978;119.611;119.697;119.823;119.411;125.16148666666663;-5.550486666666643;154677.03;0.6140407531744944;-0.070178370023799;119.4595;58.685963099130014;0.2007283452741575;-0.12417210211518806;0.32490044738934554;90.32802701398948;86.14729056118347;118.11074999999998;120.18111652552123;116.04038347447873;120.012;115.866;117.939;17.631539335789316;21.139076474325012;23.359212931068367;2.1880000000000024;-0.017944616239936203
2019-09-19;103522;119.308;119.61;119.667;118.955;125.12617333333336;-5.818173333333348;154098.54;0.6717909202773321;-0.253321182834354;119.4595;55.58230969878897;0.22179540384162522;-0.054978600923825414;0.2767740047654506;83.01977809937306;88.56729377713462;118.17939999999999;120.31202049132023;116.04677950867975;120.012;115.866;117.939;17.290149651516487;19.89209395354651;25.759241869205603;1.2920000000000016;-0.008864128584769908
2019-09-20;91446;118.537;119.263;119.38;118.46;125.08748666666666;-6.550486666666657;153434.05;0.5959954781874951;-0.6462265732390171;118.37800000000004;48.546793568553746;0.17426907760427923;-0.009129065218204488;0.18339814282248373;64.42354076218056;79.2571152918477;118.2334;120.34470513190278;116.12209486809722;120.012;115.866;117.939;17.522248008273888;18.383106026428305;27.886706499249765;0.652000000000001;-0.0022116651571696846
2019-09-23;86150;118.219;118.634;118.791;117.755;125.04986999999998;-6.83086999999999;152818.5433333333;0.5637404867292896;-0.2682706665429468;118.37800000000004;45.96262058999548;0.10967985815787529;0.014632719457011467;0.09504713870086381;53.77674658417107;67.07335514857489;118.25495000000001;120.35640592149801;116.153494078502;120.012;115.866;117.939;18.41417240332805;16.834430929401613;31.270258296306825;-0.2330000000000041;0.0020068428700402837
2019-09-24;108653;118.01;118.199;118.56;117.89;125.01192666666668;-7.001926666666662;152454.21333333335;0.7126926676826479;-0.1767905328246666;117.96750000000002;44.29380677458433;0.04115349126217893;0.019936873818044962;0.02121661744413397;26.800731261426115;48.33367286925924;118.29079999999999;120.3494176526978;116.23218234730219;120.012;115.866;117.939;19.242387913021197;15.901439620866675;29.537210156548067;-0.7369999999999948;0.0040642763171166935
2019-09-25;109701;117.925;117.984;118.201;117.792;124.97166666666666;-7.046666666666667;152216.82;0.7206890802211791;-0.0720277942547253;117.96750000000002;43.60045843042945;-0.019784870166219548;0.011992525021192062;-0.031777395187411614;15.16260162601591;31.91335982387103;118.30940000000001;120.34763820001469;116.27116179998534;120.012;115.866;117.939;20.10568572642785;15.342445878093628;29.34118176980264;-0.8160000000000025;0.004437336559448284
2019-09-26;94401;117.763;117.911;118.055;117.519;124.92830333333336;-7.165303333333341;151611.03;0.6226525866884076;-0.1373754504981894;117.92900000000002;42.243249930617935;-0.08022620894725208;-0.006451221772496766;-0.07377498717475531;9.787404733253119;17.250245873565046;118.3095;120.34763076126117;116.27136923873883;120.012;115.866;117.939;21.169864233643604;14.617238839913025;30.361776504711894;-1.86099999999999;0.0033902784628741215
2019-09-27;104775;118.095;117.726;118.475;117.447;124.88771333333332;-6.7927133333333245;151154.73333333334;0.6931638704885175;0.2819221657056836;117.92900000000002;45.95612029799971;-0.10018194492728583;-0.02519736640345458;-0.07498457852383125;25.263157894736715;16.73772141800191;118.375;120.29364483425127;116.45635516574873;120.012;115.866;117.939;21.37253119665502;16.951065233916722;27.661228606148015;-1.6200000000000045;0.001977885421311248
2019-09-30;90829;117.788;118.119;118.19;117.546;124.84921666666666;-7.061216666666667;150688.16333333333;0.602761344957623;-0.2599602015326607;117.79050000000004;43.19117207329172;-0.13916513471305336;-0.04799092006537434;-0.09117421464767902;13.294346978557282;16.114969868849034;118.44059999999999;120.17601296526188;116.7051870347381;120.012;115.866;117.939;21.560721948022767;15.991464899278471;26.09532558703542;-1.2190000000000083;-0.00012865909572498763
2019-10-01;101591;117.793;117.787;118.172;117.676;124.81284333333336;-7.019843333333341;150309.10333333333;0.6758805537858856;0.0042449145923217;117.79050000000004;43.25105702925227;-0.16772273201286225;-0.07193728245487192;-0.09578544955799033;13.489278752436801;17.348927875243593;118.51769999999999;119.97127766906316;117.06412233093683;120.012;116.133;118.07249999999999;21.735470502864242;15.274274481004474;24.92499393883185;-1.9019999999999868;-0.0026012542126212495
2019-10-02;104050;117.462;117.79;118.004;117.326;124.77539333333334;-7.313393333333337;150151.18333333332;0.6929682316855517;-0.2810014177413;117.33600000000004;40.227827263301165;-0.2145901061706752;-0.10046784719803259;-0.11412225897264261;5.063291139240861;10.615638956744977;118.51965;119.96744132128877;117.07185867871122;120.012;117.277;118.6445;22.321967056128575;14.328311901090968;26.57841224062481;-2.149000000000001;-0.005753756342427476
2019-10-03;121982;117.21;117.455;117.653;117.073;124.73548666666667;-7.52548666666668;150023.46333333335;0.8130861485910582;-0.2145374674362821;117.33600000000004;38.04732858140142;-0.2689666516655933;-0.13416760809154474;-0.13479904357404857;4.981818181818198;7.844796024498616;118.47935;120.02269290097797;116.93600709902202;120.012;117.073;118.54249999999999;23.153547467501898;13.554930633038618;27.49828181132829;-2.098000000000013;-0.00963101657367296
2019-10-04;98867;117.36;117.191;117.489;117.085;124.69731666666668;-7.337316666666666;149785.31333333332;0.6600580377328052;0.127975428717697;117.51400000000002;40.12765239616534;-0.29653839925660463;-0.16664176632455674;-0.1298966329320479;10.43636363636386;6.827157652474301;118.45309999999999;120.05281546219916;116.85338453780082;120.012;117.073;118.54249999999999;23.92572927806284;13.027462170953521;26.428230122413638;-1.1770000000000067;-0.013561710875847701
2019-10-07;84562;117.668;117.118;117.905;117.084;124.66271333333331;-6.994713333333323;149442.85333333333;0.5658484036796206;0.262440354464899;117.51400000000002;44.26607353522237;-0.2901910402551664;-0.19135162111067866;-0.09883941914448774;21.636363636364113;12.351515151515386;118.41390000000001;120.04981538900981;116.77798461099022;120.012;117.073;118.54249999999999;23.69940857660223;15.981588220430082;24.354180273858518;-0.5509999999999877;-0.016825565092318334
2019-10-08;108283;117.317;117.669;117.97;117.131;124.63195333333334;-7.314953333333349;148628.26333333334;0.7285491841961644;-0.2982969031512517;117.6135;40.80461771200647;-0.3099110177867601;-0.21506350044589495;-0.09484751734086516;9.40632228218963;13.826349851639195;118.34240000000003;120.03775157415775;116.6470484258423;120.012;117.073;118.54249999999999;23.34850135049952;15.326948130929608;22.41797672644919;-0.693000000000012;-0.020049223742504216
2019-10-09;89768;117.91;117.332;118.095;117.208;124.60390333333334;-6.693903333333338;147820.56666666668;0.607276795267735;0.5054680907285336;117.6135;48.17751653326484;-0.2745245498381621;-0.2269557103243484;-0.047568839513813715;36.280884265279695;22.44119006127781;118.30085000000001;119.99582165462999;116.60587834537003;120.012;117.073;118.54249999999999;22.74529046792832;15.224481228561269;20.55722540824723;-0.015000000000000568;-0.022090611216920075
2019-10-10;145217;118.802;117.893;118.944;117.575;124.57966666666668;-5.777666666666661;147457.30333333334;0.9848071049537716;0.7565092019336861;119.22200000000002;56.878013303277875;-0.17251492908255273;-0.21606755407598927;0.04355262499343654;92.41047568145403;46.032560742974454;118.25975000000001;119.86170416601072;116.6577958339893;120.012;117.073;118.54249999999999;21.639867472507625;20.897272909298678;18.064964298347803;1.0390000000000015;-0.02173688046433606
2019-10-11;131821;119.642;118.805;119.997;118.72;124.55967;-4.917670000000001;146984.77333333337;0.896834393186063;0.7070588037238368;119.22200000000002;63.15194161870784;-0.023618332432633338;-0.1775777097473181;0.15395937731468476;87.85909712722287;72.18348569131886;118.25609999999999;119.84505448644668;116.6671455135533;119.997;117.073;118.535;21.970767554475685;27.58072364832139;16.10373734263089;1.546999999999997;-0.018363344904183326
2019-10-14;84259;119.523;119.51;119.711;119.189;124.53754333333332;-5.014543333333336;146280.22666666663;0.5760108657200667;-0.0994633991407645;119.813;61.78060118969133;0.08381482257722439;-0.12529920328240962;0.209114025859634;83.78932968536243;88.01963416467977;118.28190000000002;119.934277305581;116.62952269441904;119.997;117.073;118.535;22.27803191630317;26.322709221823782;15.36921223894345;1.7349999999999994;-0.013270393261650025
2019-10-15;109131;120.103;119.545;120.226;119.119;124.51657333333334;-4.413573333333346;145860.88333333333;0.7481855142108069;0.4852622507801829;119.813;65.69109130079977;0.21329874946441407;-0.05757961273304488;0.270878362197459;96.09895337773536;89.24912673010688;118.30230000000002;120.03221237928375;116.57238762071628;120.226;117.073;118.64949999999999;23.11174469707755;28.22836679073106;13.919247251560465;2.309999999999988;-0.006259716907033232
2019-10-16;116520;120.421;120.083;120.472;119.746;124.49664333333332;-4.075643333333304;145629.36333333334;0.8001133654157886;0.2647727367343089;120.647;67.64571413856716;0.3376830369177384;0.021472917197111772;0.3162101197206266;98.49955869373382;92.79594725227719;118.34280000000001;120.22462747349462;116.4609725265054;120.472;117.073;118.7725;24.12578281110856;28.581687641256753;13.049724530644808;2.959000000000003;0.0022721167129728017
2019-10-17;111009;120.873;120.418;121.355;120.335;124.47423666666668;-3.601236666666665;145188.92666666667;0.76458310250377;0.3753498144011491;120.647;70.24091862719162;0.46734385430232805;0.11064710461815504;0.35669674968417303;88.74357776739845;94.44736327962255;118.42105000000001;120.56833726303658;116.27376273696343;121.355;117.073;119.214;25.80293157592204;33.589185783844734;11.922807477202872;3.663000000000011;0.012197340233422652
2019-10-18;95101;121.075;120.848;121.123;120.673;124.45047666666667;-3.375476666666671;144732.68666666668;0.6570803195204977;0.1671175531342772;121.08650000000002;71.34705003693651;0.5797180690133104;0.2044612974971861;0.37525677151612424;93.46099953292853;93.56804533135359;118.54794999999999;120.9877101091089;116.10818989089107;121.355;117.073;119.214;27.360284000391697;32.265379583227826;11.452909618747665;3.7150000000000034;0.02293648185488051
2019-10-21;88611;121.098;120.99;121.476;120.784;124.42593;-3.327930000000009;144260.02666666667;0.6142449994463274;0.0189964897790551;121.08650000000002;71.47704987051758;0.6629888290402732;0.29616680380580357;0.36682202523446966;91.41494435612084;91.20650721881593;118.69189999999999;121.36555898349044;116.01824101650953;121.476;117.073;119.27449999999999;29.07123949960786;33.41394820774409;10.751195889960163;3.4299999999999926;0.033748075089721136
2019-10-22;84309;120.69;121.096;121.287;120.579;124.3972;-3.707200000000016;143767.14333333334;0.5864274551558579;-0.336917207550913;120.83350000000002;65.7759627351524;0.688127016194855;0.37455884628361386;0.3135681699112411;82.14853508971156;89.00815965958697;118.8259;121.61554362598508;116.03625637401493;121.476;117.073;119.27449999999999;30.201906337350227;31.30088447458875;11.9023732424173;3.3730000000000047;0.043398726666474846
2019-10-23;94528;120.977;120.685;121.052;120.387;124.36807;-3.391069999999999;143451.96333333335;0.6589522917880366;0.237799320573373;120.83350000000002;67.72603116686682;0.7228748606470674;0.4442220491563046;0.2786528114907628;88.63843351548279;87.40063765377174;118.97849999999998;121.88574725470662;116.07125274529335;121.476;117.073;119.27449999999999;30.82750107311562;29.419029245748575;12.92262302015265;3.0670000000000073;0.052240620585369185
2019-10-24;96203;120.637;120.974;121.388;120.429;124.33674333333332;-3.699743333333316;143051.13333333333;0.6725077792695567;-0.281045157343962;120.52100000000002;63.136376902898036;0.7147385580310299;0.49832535093124963;0.2164132070997803;80.89708561020038;83.8946847384649;119.12219999999999;122.0588859280487;116.18551407195129;121.476;117.073;119.27449999999999;31.72111036862959;29.89874535001844;11.819066869893831;1.8349999999999937;0.05949260927313458
2019-10-25;73446;120.405;120.606;120.803;120.354;124.30229333333334;-3.897293333333337;142486.53;0.515459250779669;-0.1923124746139204;120.52100000000002;60.141412134247425;0.6817116707047148;0.5350026148859427;0.14670905581877214;75.35097813578831;81.62883242049048;119.23770000000002;122.18538560738749;116.29001439261255;121.476;117.073;119.27449999999999;32.37736651422859;28.664502592626423;12.020711767499135;0.7630000000000052;0.06486544089486664
2019-10-28;67048;120.947;120.496;120.99;120.367;124.27367666666667;-3.326676666666671;141901.03666666665;0.4724983099136528;0.4501474191271226;120.96700000000004;64.39118367848351;0.6913035775492915;0.5662628074186125;0.12504077013067905;87.60543580131218;81.28449984910029;119.39565;122.35420926254643;116.43709073745357;121.476;117.073;119.27449999999999;33.17046830458957;28.743028032120492;11.322304359411698;1.4240000000000066;0.06951201747272566
2019-10-29;75132;120.987;120.91;121.065;120.576;124.24713333333334;-3.260133333333343;141260.41333333333;0.531868753793783;0.0330723374701191;120.96700000000004;64.69039766517278;0.6941313840223984;0.5918365227393696;0.10229486128302878;87.46475262753128;83.47372218821059;119.55535;122.49539049461897;116.61530950538103;121.476;117.073;119.27449999999999;33.981418328145445;28.11547726210267;10.792278227212742;0.8840000000000003;0.07339854640344105
2019-10-30;91632;121.36;120.99;121.398;120.878;124.22142666666667;-2.8614266666666737;140982.44333333333;0.649953269595012;0.3082975856910197;120.91750000000002;67.43808793720373;0.7181915585067884;0.6171075298928533;0.10108402861393506;95.79100145137882;90.28706329340741;119.75025000000001;122.62545843592241;116.8750415640776;121.476;117.073;119.27449999999999;35.05573698412562;29.94330120622275;10.24314833300495;0.938999999999993;0.07707534595324715
2019-10-31;116090;120.475;121.362;121.471;120.285;124.19260666666666;-3.717606666666669;140603.9566666667;0.8256524407432517;-0.7292353328938739;120.91750000000002;56.25299231718443;0.658259312777929;0.6253378864698684;0.03292142630806061;57.53075943996584;80.26217117295865;119.9135;122.55446569458965;117.27253430541035;121.476;117.084;119.28;34.62089316847636;26.616826289365715;14.659834687413356;-0.39800000000001035;0.07884425329303393
2019-11-01;86330;120.791;120.488;120.942;120.363;124.16288333333333;-3.3718833333333293;140033.38;0.6164958669139731;0.2622950819672232;120.80900000000004;58.875765730701644;0.6290102961780946;0.6260723684115137;0.002937927766580861;70.93763258379285;74.75313115837916;120.08505;122.47396418640339;117.6961358135966;121.476;117.084;119.28;34.21710962537347;25.1480123128593;13.850851307950526;-0.284000000000006;0.07962389967222203
2019-11-04;68335;120.827;120.78;121.107;120.771;124.1366;-3.309599999999989;139332.85;0.4904442850339678;0.0298035449660893;120.80900000000004;59.17604654296207;0.6017979863499932;0.6212174919992096;-0.019419505649216462;62.48554913294801;63.65131371890222;120.24299999999998;122.37578925353615;118.1102107464638;121.476;117.131;119.3035;34.05332866547185;25.946745855156518;13.389100848826713;-0.2710000000000008;0.07960977593776897
2019-11-05;99711;120.895;120.823;121.3;120.694;124.11190666666668;-3.2169066666666737;138759.85666666666;0.7185867901227495;0.0562788118549706;120.75;59.77353934186083;0.5790442053011873;0.6127828346596051;-0.03373862935841787;51.21746431570094;61.54688201081393;120.42189999999998;122.09327511050014;118.75052488949981;121.476;117.208;119.342;34.143471066431;26.305633588878568;12.574861459065417;0.2049999999999983;0.079019556617128
2019-11-06;75216;120.605;120.881;120.915;120.474;124.08444666666664;-3.4794466666666466;138396.06666666668;0.543483653918834;-0.2398775797179286;120.75;56.00869652189292;0.5314844713706464;0.5965231620018134;-0.06503869063116707;26.868178001679826;46.85706381677625;120.55664999999999;121.76728673742349;119.34601326257649;121.476;117.575;119.5255;33.670187290504465;25.108948525522578;14.2722326915998;-0.3719999999999999;0.07743848249119527
2019-11-07;106558;120.762;120.59;121.113;120.14;124.05532;-3.2933199999999943;138120.88666666666;0.7714836081030488;0.1301770241697974;120.57800000000005;57.56691663409185;0.5006899849991697;0.5773565266012848;-0.07666654160211506;46.55688622754495;41.547509514975225;120.65464999999999;121.56013313623137;119.74916686376861;121.476;118.72;120.098;32.44642662870221;22.659642292285742;16.22850083524737;0.125;0.07536789524074247
2019-11-08;84897;120.394;120.751;120.876;120.217;124.02547;-3.6314700000000073;137726.00333333333;0.6164195427534527;-0.3047316208741102;120.57800000000005;52.8422005145294;0.4415012565314953;0.5501854725873269;-0.10868421605583156;19.0833959429004;30.83615339070838;120.69224999999999;121.48138899282661;119.90311100717337;121.476;119.119;120.2975;31.310077442742987;21.154509625386844;15.150547069391033;-0.01099999999999568;0.07230926400785924
2019-11-11;55821;120.309;120.35;120.413;120.07;123.99031666666669;-3.6813166666666746;137193.2;0.4068787665860693;-0.0706015249929414;120.1665;51.78498769994948;0.3833163409909446;0.5168116462680504;-0.13349530527710585;17.059243397573344;27.566508522672887;120.73155;121.34188547332546;120.12121452667454;121.476;119.119;120.2975;29.90444384714633;20.395159234065872;16.145087464142325;-0.6380000000000052;0.06844160806624186
2019-11-12;82363;120.024;120.315;120.637;119.948;123.95630666666666;-3.932306666666662;136825.29666666666;0.6019574012007914;-0.2368900082288072;120.1665;48.29597103390133;0.3106265485760815;0.47557462672965667;-0.16494807815357515;4.990151017728635;13.710930119400784;120.72760000000001;121.35494150189464;120.10025849810538;121.476;119.746;120.61099999999999;29.007121902602446;21.268171229330086;14.981735396235068;-0.9629999999999939;0.0636007275938846
2019-11-13;84637;119.771;120.002;120.18;119.58;123.91991;-4.1489099999999866;136743.17333333334;0.6189486314880055;-0.2107911750983127;119.6215;45.37342681084699;0.22995361664334268;0.4264504247123939;-0.19649680806905123;10.1004759386569;10.716623451319615;120.6951;121.43910830640485;119.95109169359515;121.476;119.58;120.52799999999999;27.31391744220012;19.92194161801887;17.91569210561392;-1.5889999999999986;0.057781132745648264
2019-11-14;83703;119.472;119.776;119.812;119.25;123.88119000000002;-4.409190000000024;136440.12333333332;0.6134778975206673;-0.2496430688564088;119.6215;42.12880086040378;0.14027592220439544;0.36921552421079423;-0.2289396020063988;9.995497523637724;8.362041493341076;120.62504999999999;121.53432739991678;119.7157726000832;121.476;119.25;120.363;25.662285243237267;18.72627491745977;20.364599521908485;-1.0030000000000001;0.050958019702009354
2019-11-15;72498;120.227;119.509;120.317;119.439;123.84497333333331;-3.6179733333333246;136233.73;0.5321589594588262;0.6319472344984645;120.27850000000002;51.55020161734579;0.12864495451341895;0.32110141027131917;-0.1924564557579002;43.98919405673131;21.361722506341966;120.58265000000002;121.48308995357795;119.68221004642209;121.476;119.25;120.363;24.49259260223794;22.283997261873118;18.496848063762968;-0.563999999999993;0.044889873404023145
2019-11-18;76438;120.33;120.182;120.688;120.094;123.80441333333331;-3.474413333333331;135911.4;0.5624105115538092;0.0856712718440899;120.27850000000002;52.68196249400995;0.12628285783800663;0.28213769978465664;-0.15585484194665;48.62674470959012;34.203812096653046;120.54425;121.41863158146168;119.66986841853833;121.471;119.25;120.3605;24.008008724848317;24.800352759107806;17.338269292447382;-0.4969999999999999;0.03966822970323554
2019-11-19;71345;120.245;120.326;120.497;120.002;123.76420333333331;-3.519203333333323;135657.01333333334;0.5259219427504822;-0.0706390758746677;120.25200000000002;51.610523733530144;0.11621246462691204;0.24895265275310774;-0.1327401881261957;44.799639801891175;45.80519285607085;120.522;121.40303598110374;119.64096401889627;121.471;119.25;120.3605;23.354625872555033;23.48046221781791;17.404666787829086;-0.6499999999999915;0.03502172865181002
2019-11-20;93274;120.259;120.231;120.408;119.85;123.72337333333334;-3.464373333333341;135556.96333333335;0.6880797393685575;0.0116428957545045;120.25200000000002;51.78445844098094;0.10811500596150836;0.22078512339478787;-0.11267011743327951;49.219512195122036;47.548632235534434;120.4861;121.3483632776591;119.62383672234088;121.471;119.25;120.3605;22.40932073401049;22.05547750127041;18.00156320657777;-0.34600000000000364;0.03091447457858194
2019-11-21;92362;120.106;120.255;120.578;119.942;123.68063666666669;-3.574636666666692;135407.44666666666;0.6821042880112884;-0.1272254051671861;119.9125;49.682673083350224;0.08833363514432335;0.19429482574469498;-0.10596119060037162;41.7560975609754;45.25841651932952;120.45955000000001;121.33420386868146;119.58489613131856;121.471;119.25;120.3605;21.83554819842593;22.379521678790404;16.753553129969127;-0.6560000000000059;0.027035407508172377
2019-11-22;77401;119.719;120.132;120.495;119.663;123.63848666666668;-3.919486666666685;135160.22333333333;0.5726610839426274;-0.3222153764175006;119.9125;44.73664526351931;0.04095696416054295;0.16362725342786458;-0.12267028926732162;22.87804878048755;37.95121951219498;120.42524999999998;121.35766683275206;119.4928331672479;121.471;119.25;120.3605;20.67180543530065;20.388215749415604;18.246628564343183;-0.6750000000000114;0.022793428848604167
2019-11-25;65857;119.945;119.698;120.118;119.644;123.59824333333331;-3.653243333333336;134796.4;0.4885664602318393;0.1887753823536675;120.0795;47.992744935041806;0.021400233741232455;0.13518184949053816;-0.1137816157493057;37.30542136339202;33.979855901618315;120.37515;121.29767073689399;119.45262926310602;121.471;119.25;120.3605;19.548727927580558;19.332804440243606;17.509577972740374;-0.3640000000000043;0.01881437322237887
2019-11-26;71054;120.214;119.948;120.252;119.918;123.55924666666664;-3.345246666666654;134513.3;0.5282302939560231;0.2242694568343806;120.0795;51.644759628267956;0.027292821204838447;0.11360404383339823;-0.08631122262855978;51.744498121309654;37.30932275506307;120.3365;121.21706288815703;119.45593711184297;121.471;119.25;120.3605;18.784382698986047;20.118497211852354;16.847761551835674;0.18999999999999773;0.015583331833934273
2019-11-27;65389;120.469;120.171;120.596;120.061;123.52091333333333;-3.0519133333333315;134296.88;0.4868988765784813;0.2121217162726507;120.5185;54.87933071816554;0.051940371824983345;0.10127130943171525;-0.049330937606731906;74.96924969249635;54.67305639239933;120.29195;121.04125166822145;119.54264833177855;121.471;119.25;120.3605;18.73782116267035;22.82278940597354;15.81651021441938;0.6979999999999933;0.013376306722843288
2019-11-28;51758;120.568;120.46;120.587;120.325;123.48527;-2.917270000000016;133995.67333333334;0.3862662033216604;0.0821788177871596;120.5185;56.106908506963194;0.07855665368606424;0.09672837828258504;-0.018171724596520805;91.65507649513182;72.78960810297927;120.29660000000001;121.05152102898215;119.54167897101787;121.3;119.25;120.275;18.694585450377208;22.109074012546547;15.32189552865394;1.0960000000000036;0.012084646539996708
2019-11-29;74505;120.615;120.572;120.762;120.413;123.44907000000002;-2.8340700000000254;133667.25333333333;0.5573915685556674;0.0389821511512122;120.67050000000002;56.70907652505277;0.10226392119903949;0.09783548686587594;0.004428434333163547;90.27777777777742;85.63403465513518;120.28779999999999;121.02331712420543;119.55228287579455;121.3;119.25;120.275;18.985938989779633;23.312709140160035;14.664057008632783;0.387999999999991;0.011514236492943036
2019-12-02;77592;120.726;120.612;121.018;120.522;123.41417666666666;-2.688176666666664;133299.00333333333;0.582089873590159;0.0920283546822497;120.67050000000002;58.16867350567725;0.12852729123116546;0.10397384773893385;0.02455344349223161;83.48416289592751;88.4723390562789;120.28275000000001;121.00465023548927;119.56084976451075;121.3;119.25;120.275;19.708728527860536;25.05771586977733;13.759862567912192;0.3960000000000008;0.011609257044105899
2019-12-03;86300;120.389;120.736;120.96;120.247;123.37872333333333;-2.9897233333333304;132973.32;0.6490023713027057;-0.2791445090535638;120.494;52.39301984494308;0.12075611628502259;0.1073303014481516;0.013425814836870983;64.42307692307666;79.39500586559386;120.25745000000002;120.92518302299608;119.58971697700396;121.113;119.25;120.1815;19.581018110429277;22.874246858477182;15.921708083255432;0.14399999999999125;0.011575179870142534
2019-12-04;91223;120.599;120.383;120.812;120.101;123.34698666666668;-2.747986666666677;132798.19666666666;0.6869295087565808;0.1744345413617676;120.494;55.367026145467385;0.13004358758038848;0.11187295867459898;0.018170628905789493;73.46421785940501;73.79048589280303;120.25715;120.92426326624454;119.59003673375545;121.113;119.25;120.1815;19.064932154043365;20.916900686643352;16.3164205056401;0.3400000000000034;0.011774815564605294
2019-12-05;71483;120.764;120.593;120.89;120.557;123.31682666666666;-2.552826666666661;132318.66666666666;0.5402336782917597;0.1368170548677882;120.42350000000002;57.60784170519031;0.14900051138639014;0.11929846921695722;0.029702042169432924;81.51382823871865;73.13370767373341;120.25725;120.92466647417444;119.58983352582555;121.018;119.25;120.134;18.751194689542;21.020605981140164;15.641342171483716;0.6580000000000013;0.012367469074741589
2019-12-06;74495;120.083;120.761;120.787;120.004;123.28609000000002;-3.2030900000000173;131918.51;0.5647046801847166;-0.5639097744360888;120.42350000000002;47.097912381928516;0.10783000426701506;0.1170047762269688;-0.00917477195995374;31.95050946142609;62.309518519849895;120.24170000000001;120.91013850876462;119.5732614912354;121.018;119.25;120.134;17.739306887859414;19.027155881708204;20.85569086626113;0.3640000000000043;0.012066844725492866
2019-12-09;54617;120.1;120.112;120.271;119.992;123.25296666666668;-3.152966666666672;130993.71;0.4169436837844796;0.0141568748282416;120.36750000000002;47.356110251610566;0.07570120234424849;0.10874406145042474;-0.033042859106176256;33.1877729257635;48.88403687530273;120.23125;120.90168504532465;119.56081495467535;121.018;119.25;120.134;16.8263387855847;18.35906162066091;20.274414098295576;0.15500000000000114;0.011185029094400084
2019-12-10;64393;120.635;120.105;120.689;120.088;123.22274333333333;-2.587743333333321;130443.2;0.4936478099279615;0.4454621149042603;120.36750000000002;54.82812183328189;0.09234443499913425;0.10546413616016664;-0.013119701161032393;72.12518195050968;45.75448811256641;120.2618;120.94719203380214;119.57640796619785;121.018;119.25;120.134;16.229104955464607;22.21481924960753;18.74734532575752;0.4210000000000065;0.01079934095339751
2019-12-11;68620;120.821;120.581;120.929;120.374;123.19409333333334;-2.373093333333344;129969.95333333334;0.5279681821844263;0.1541841090894058;121.24750000000002;57.107491961200964;0.11916925334698192;0.10820515959752972;0.010964093749452203;85.66229985443934;63.65841824357083;120.3143;121.00212355295484;119.62647644704516;121.018;119.25;120.134;16.153662866879625;23.680198150572224;17.440924820931432;0.35200000000000387;0.011043499050948615
2019-12-12;88709;121.674;120.812;121.73;120.759;123.16662;-1.492619999999988;129658.26333333334;0.68417544489189;0.7060030954883834;121.24750000000002;65.6643250946085;0.20687337879503787;0.12793880343703135;0.07893457535800652;97.31543624161087;85.03430601551995;120.42440000000002;121.23215996434547;119.61664003565457;121.73;119.439;120.58449999999999;17.34680585910386;30.505849551676402;15.416754322535015;1.1060000000000088;0.013062871340707277
2019-12-13;126568;121.584;121.594;122.65;121.351;123.14002333333336;-1.5560233333333429;129393.96333333332;0.9781600063824992;-0.0739681443858164;121.84050000000002;64.20885033931809;0.26605041863274437;0.15556112647617396;0.11048929215657041;60.980966325036505;81.31956747369556;120.49224999999998;121.43840154705751;119.54609845294246;122.65;119.644;121.147;19.43791169379216;36.28151607904548;13.208253432256969;0.9690000000000083;0.01601215137221049
2019-12-16;65289;122.097;121.739;122.231;121.638;123.11877666666668;-1.021776666666682;128790.09;0.5069411784710682;0.4219305171732967;121.84050000000002;68.49540731313503;0.3503053596037944;0.19450997310169804;0.15579538650209634;79.19488337095518;79.16376197920084;120.5806;121.75267480989879;119.40852519010122;122.65;119.644;121.147;21.37965282600272;33.6925945017468;12.26575885086463;1.3709999999999951;0.02025847967413984
2019-12-17;61630;122.092;122.073;122.462;121.928;123.09378333333332;-1.0017833333333357;128196.24333333332;0.4807473167505079;-0.0040951047118209;121.934;68.40940975544221;0.4119261212238001;0.23799320272611846;0.17393291849768167;79.00677200902909;73.06087390167357;120.67294999999999;122.00486057882998;119.34103942117;122.65;119.644;121.147;23.397486704151486;34.26311513010972;11.534210554061483;1.703000000000003;0.025141833558768676
2019-12-18;57892;121.776;122.074;122.16;121.749;123.06856;-1.2925599999999946;127672.31333333334;0.4534420853552492;-0.2588212167873416;121.934;63.02384420202231;0.43030220373263717;0.2764550029274222;0.15384720080521497;67.11813393528935;75.10659643842452;120.7488;122.14881637133256;119.34878362866745;122.65;119.644;121.147;24.791299127693208;32.64910905802505;13.042462475787248;1.1769999999999925;0.029678034575292826
2019-12-19;64210;121.604;121.746;122.052;121.424;123.04398666666664;-1.4399866666666554;127009.64666666668;0.505552150448165;-0.1412429378531032;121.41900000000004;60.24378667421381;0.42607489283523137;0.3063789809089841;0.11969591192624729;60.64710308502611;68.9240030097815;120.82369999999999;122.238352197538;119.40904780246197;122.65;119.644;121.147;25.261683511039376;30.30040018587637;15.827116618197156;0.8400000000000034;0.03344803634778817
2019-12-20;56841;121.234;121.611;121.697;121.193;123.02183666666666;-1.7878366666666636;126242.91;0.4502510279586829;-0.3042663070293772;121.41900000000004;54.65827720495625;0.3883916732678898;0.32278151938076527;0.06561015388712454;46.72686230248268;58.16403310759936;120.89945;122.22906851295743;119.56983148704258;122.65;119.644;121.147;25.152470737927114;28.5267586234487;17.58353807701296;1.1509999999999962;0.03587602898066944
2019-12-23;53256;121.3;121.25;121.353;121.084;123.00006666666664;-1.7000666666666575;125533.75666666668;0.4242364875720872;0.0544401735486754;121.25450000000002;55.451706977590696;0.3597066246237688;0.330166540429366;0.029540084194402794;49.20993227990941;52.19463255580606;120.9672;122.2318810823283;119.70251891767171;122.65;119.918;121.284;24.797252646242207;27.59820961897766;18.330136854266758;1.2000000000000028;0.03733739123392741
2019-12-24;62201;121.209;121.279;121.374;121.064;122.97882;-1.7698199999999955;124643.99;0.4990292752983518;-0.0750206100577077;121.25450000000002;54.047383080289045;0.32587410361057323;0.32930805306560745;-0.0034339494550342242;45.7863054928517;47.241033358414576;121.01695;122.23668332741178;119.7972166725882;122.65;119.992;121.321;24.50117720558774;26.78965009107263;17.618410223290322;0.5739999999999981;0.03786779554496938
2019-12-26;30257;121.666;121.213;121.784;121.213;122.95837333333333;-1.292373333333316;123862.92333333334;0.2442781034528914;0.377034708643742;122.0305;59.583111032680236;0.33210931816023503;0.329868306084533;0.0022410120757020424;62.979683972911644;52.6586405818909;121.0768;122.3005747505154;119.85302524948462;122.65;119.992;121.321;24.853912713913058;29.993707368632492;16.35028085552504;0.8449999999999989;0.03841842565162379
2019-12-27;85398;122.395;121.609;122.504;121.602;122.93872333333331;-0.5437233333333324;123332.99666666667;0.6924181063304503;0.5991813653773548;122.0305;66.51313839277992;0.39136358234404156;0.34216736133643477;0.04919622100760679;90.40632054176037;66.39077000250789;121.16815;122.49479995759957;119.84150004240043;122.65;119.992;121.321;26.05423005152743;35.39583753932437;14.577688454612408;0.7209999999999894;0.04006386400681541
2019-12-30;85198;121.965;122.302;122.487;121.873;122.91921999999998;-0.954219999999978;122945.11666666668;0.692975876634328;-0.351321540912608;121.95300000000002;59.980240350149835;0.3990258852533657;0.35353906611982094;0.04548681913354474;73.26307572209215;75.54969341225471;121.23565;122.58011052749752;119.89118947250249;122.65;119.992;121.321;27.16881043645506;32.78986512976284;13.504425140368237;0.3810000000000002;0.041595192587119745
2019-12-31;61174;121.941;121.928;122.096;121.727;122.8971533333333;-0.9561533333333044;122451.26;0.4995783628522484;-0.0196777764112643;121.95300000000002;59.62821195475741;0.39856728057829116;0.362544709011515;0.036022571566776185;68.84885764499121;77.50608463628123;121.29639999999999;122.65300125313183;119.93979874686815;122.65;119.992;121.321;27.807830442809827;31.298500529663592;14.6897883644588;-0.1559999999999917;0.04286301550803712
2020-01-02;76128;121.293;121.92;122.023;120.982;122.87185666666667;-1.5788566666666668;121914.47;0.6244377718247371;-0.5314045316997529;120.95650000000002;50.93578678301786;0.34197358995733396;0.3584304852006788;-0.016456895243344816;28.239026969857456;56.78365344564693;121.3416;122.6329257373718;120.0502742626282;122.65;119.992;121.321;26.680524347280762;27.498664556750885;21.594896257218593;-0.7989999999999924;0.042766888841737835
2020-01-03;103203;120.62;121.292;121.378;120.168;122.84348333333332;-2.22348333333332;121712.30333333332;0.8479257821401145;-0.5548547731526132;120.95650000000002;43.79510771092618;0.24005005924338718;0.33475440000922047;-0.09470434076583328;18.211120064464072;38.4330015597709;121.34265;122.6315906929719;120.05370930702811;122.65;119.992;121.321;25.294947374389007;23.87097002821626;27.620833164384113;-1.1559999999999917;0.040590216678196664
2020-01-06;88951;121.344;120.495;121.399;120.283;122.81584333333336;-1.4718433333333536;121488.16666666669;0.7321783054316072;0.6002321339744654;121.14700000000002;51.648147517269436;0.21521481370690765;0.3108464827487579;-0.09563166904185028;50.342465753424165;32.264204262581885;121.37165;122.63301327439753;120.11028672560248;122.65;119.992;121.321;23.97182062064967;21.32345049167745;24.42087803231813;-0.2600000000000051;0.03820661482802902
2020-01-07;83819;120.95;121.307;121.447;120.784;122.78653666666663;-1.836536666666646;120891.53;0.6933405508226512;-0.3246967299577963;121.14700000000002;47.73902266307986;0.1618742103525932;0.281052028269525;-0.11917781791693183;33.47602739726015;34.00987107171611;121.41499999999999;122.54944012622914;120.28055987377084;122.65;119.992;121.321;22.65477436260408;20.351593001182557;22.73568673333949;-0.2839999999999918;0.03507590179996896
2020-01-08;144869;121.174;120.936;121.382;120.17;122.75845333333334;-1.5844533333333288;120769.46;1.1995499524464877;0.1852004960727571;121.41300000000004;50.05356825206378;0.13610736487154895;0.2520630955899298;-0.11595573071838083;43.06506849315072;42.29452054794499;121.46869999999998;122.43884990594172;120.49855009405825;122.65;120.088;121.369;22.36114127698907;17.917490359043263;26.075514007066698;-0.12599999999999056;0.03187354333618789
2020-01-09;80382;121.652;121.132;121.691;121.075;122.73392666666666;-1.0819266666666607;120433.88666666669;0.6674367341682846;0.3944740620925202;121.41300000000004;54.667415899550804;0.15249963847047354;0.23215040416603855;-0.079650765695565;63.52739726027379;46.68949771689487;121.51955000000001;122.41316993598998;120.62593006401003;122.65;120.168;121.409;21.500337774821983;19.898674098836377;24.47338564616512;0.44299999999999784;0.029470693782364273
2020-01-10;65148;121.788;121.636;121.838;121.523;122.71423;-0.926230000000004;119842.98666666666;0.5436112851659675;0.1117942984907749;122.1035;55.91521091154706;0.17445370310245778;0.2206110639533224;-0.04615736085086461;69.34931506849279;58.64726027397242;121.56789999999998;122.40815255726993;120.72764744273003;122.65;120.168;121.409;20.430265224744385;20.7747527742102;23.67240622178445;0.12199999999999989;0.027868122723936663
2020-01-13;55306;122.419;121.656;122.493;121.653;122.69397333333336;-0.2749733333333495;119109.84666666666;0.4643276903442858;0.5181134430321643;122.1035;61.24527642497556;0.24000228703803828;0.22448930857026558;0.015512978467772692;96.36130136986267;76.4126712328764;121.60515000000001;122.5233530875567;120.68694691244332;122.65;120.168;121.409;19.582289353072515;25.689196811106598;21.63859867656591;0.02400000000000091;0.027833743538371744
2020-01-14;80757;122.389;122.41;122.767;122.188;122.67358;-0.2845800000000054;118410.16666666669;0.6820106944645224;-0.0245059998856378;122.46300000000002;60.868474790362086;0.2862297840013781;0.2368374036564881;0.04939238034489002;85.45594459407458;83.72218701081;121.6454;122.62489546195917;120.66590453804082;122.767;120.168;121.4675;19.186421953326455;26.98617854369003;20.341327686056555;0.4239999999999924;0.02874714944330742
2020-01-15;66373;122.537;122.378;122.721;122.199;122.65293333333337;-0.1159333333333449;117599.82666666666;0.564397090381151;0.1209259002034501;122.46300000000002;62.10705374649837;0.3309922983287663;0.25566838259094377;0.07532391573782254;91.15044247787647;90.98922948060458;121.6674;122.7045484753875;120.6302515246125;122.767;120.168;121.4675;18.8188307964194;25.501785903903112;19.222439472529327;0.5960000000000036;0.03043751186087292
2020-01-16;60985;122.673;122.528;122.874;122.482;122.63239;0.0406100000000151;116958.80333333332;0.521422913555187;0.1109868855937445;122.4155;63.257914040469615;0.3731396551570185;0.27916263710415873;0.0939770180528598;92.57206208425742;89.72614971873615;121.69645;122.80932492109338;120.58357507890662;122.874;120.168;121.521;18.706950857877693;26.077976038604973;18.403759439996524;1.3799999999999955;0.032734102372200896
2020-01-17;59049;122.158;122.662;122.842;122.125;122.60988;-0.4518800000000027;116366.10666666667;0.507441571188268;-0.4198152812762368;122.4155;56.28649136831017;0.3608261637243686;0.29549534242820075;0.06533082129616785;73.54028085735415;85.754261806496;121.71554999999998;122.84620087007374;120.58489912992621;122.874;120.168;121.521;17.884101666696548;24.05955802617278;20.83309512905268;1.5379999999999967;0.03444246315315457
2020-01-20;43239;122.248;122.108;122.318;122.036;122.58997666666669;-0.3419766666666675;115802.8;0.3733847540819071;0.0736750765402138;122.00650000000002;57.174723915736045;0.3542463494825654;0.30724554383907365;0.04700080564349174;76.86622320768687;80.99285538309947;121.74775;122.90032795831715;120.59517204168284;122.874;120.168;121.521;16.947548440227333;23.29584476647012;21.173604133118484;0.9040000000000106;0.03576055235890743
2020-01-21;73072;121.765;122.239;122.372;121.718;122.56675;-0.8017499999999984;115445.67;0.6329557444639862;-0.3950984883188346;122.00650000000002;51.16600571932765;0.30652431439871464;0.30710129795100183;-0.0005769835522871913;59.01699926090173;69.8078344419809;121.77430000000001;122.90252339986306;120.64607660013696;122.874;120.168;121.521;15.993105121402378;21.584644243541803;23.189967181871594;0.8149999999999977;0.03591215235672072
2020-01-22;69889;121.859;121.744;122.015;121.614;122.54366666666668;-0.6846666666666863;115195.59333333334;0.6066985548462872;0.0771978811645368;121.467;52.21846016740185;0.2731406764908826;0.30030917365897797;-0.027168497168095385;62.4907612712489;66.12466124661249;121.80225;122.90959183972181;120.69490816027819;122.874;120.168;121.521;15.295033292881955;20.586142729370714;23.31695937346341;0.6849999999999881;0.035357517710688416
2020-01-23;82059;121.075;121.841;121.868;120.635;122.52076;-1.445760000000007;114954.78333333334;0.7138371942474732;-0.6433665137576927;121.467;43.749549729972564;0.18133137982243852;0.2765136148916701;-0.09518223506923157;33.46893491124273;51.65889848113111;121.79555;122.91867768196609;120.67242231803392;122.874;120.168;121.521;16.099976302710132;17.85160189357049;30.76667558529993;-0.5769999999999982;0.03302300392849572
2020-01-24;71398;120.505;121.019;121.269;120.419;122.49352;-1.988519999999994;114527.39;0.623414189391671;-0.4707825727854664;120.255;38.82004800004946;0.06186447924378058;0.2335837877620922;-0.17171930851831163;12.389053254437668;36.11624981230975;121.7375;122.99355883620098;120.48144116379902;122.874;120.168;121.521;17.10454406496775;16.249164732920523;30.285995574827762;-1.2830000000000013;0.02861661691736324
2020-01-27;103785;120.005;120.112;120.401;119.906;122.46532000000002;-2.4603200000000243;114199.1;0.9088075124934514;-0.4149205427160685;120.255;35.08550861139406;-0.07232599248303018;0.17240183171306772;-0.2447278241960979;3.3355795148244574;16.397855893501607;121.61800000000001;123.04432843342573;120.19167156657429;122.874;119.906;121.39;18.593083131578656;15.212815807040672;33.81657092366636;-2.4140000000000015;0.02215370116885437
2020-01-28;75137;120.296;119.986;120.335;119.809;122.43559666666664;-2.139596666666648;113837.74666666667;0.6600359037324005;0.2424898962543276;120.16450000000002;38.77701115440216;-0.1534230744059215;0.10723685048926988;-0.2606599248951914;15.889070146819229;10.537900972027108;121.53455;123.0616427247547;120.00745727524529;122.874;119.809;121.3415;20.073622334470368;14.347462113281317;32.94196287438698;-2.0929999999999893;0.015017433493100073
2020-01-29;70579;120.033;120.303;120.425;119.889;122.40475666666666;-2.371756666666656;113473.39333333333;0.6219872159164634;-0.2186273857817444;120.16450000000002;36.7433095657878;-0.23619232007877144;0.03855101637566162;-0.27474333645443305;7.3083197389887085;8.844323133544123;121.43915;123.08641977450533;119.79188022549467;122.874;119.809;121.3415;21.232620389154004;14.491036563050796;31.006434248348054;-2.504000000000005;0.007284877153236738
2020-01-30;99925;120.167;120.022;120.246;119.776;122.37696666666668;-2.209966666666673;113269.82333333332;0.882185537677845;0.1116359667758137;120.193;38.512733176757244;-0.2876589106192853;-0.026690969023327762;-0.26096794159595754;12.621045836023418;11.939478573943775;121.38284999999999;123.12072804808015;119.64497195191983;122.874;119.776;121.32499999999999;22.438438846018425;13.729280939495789;30.64036136365488;-2.5060000000000002;-0.00031396700884841724
2020-01-31;99269;120.219;120.18;120.406;120.026;122.34762666666668;-2.128626666666676;113020.53333333334;0.87832712403874;0.0432731115863616;120.193;39.22320421768043;-0.3205554255941223;-0.08546386033748668;-0.23509156525663563;14.299548095545449;11.409637890185849;121.3628;123.1441291217512;119.58147087824878;122.874;119.776;121.32499999999999;23.147468053029367;14.971222362274473;29.299314076073955;-1.9390000000000072;-0.007413550133297114
2020-02-03;92915;120.199;120.27;120.38;119.919;122.32189666666665;-2.122896666666648;112576.31;0.8253512661766206;-0.0166363054092899;120.58100000000002;39.036376193006355;-0.3442714367499775;-0.13722537561998485;-0.20704606112999266;13.653970303421625;13.524854744996821;121.30555;123.15780230192838;119.45329769807161;122.874;119.776;121.32499999999999;23.946468810143376;14.16145530084489;28.969976089988446;-2.0490000000000066;-0.013892651683853539
2020-02-04;78384;120.963;120.167;120.983;120.064;122.29709;-1.334090000000003;112415.71666666666;0.6972690503091845;0.6356126090899306;120.58100000000002;49.02497262792054;-0.2979831670088231;-0.16937693389775252;-0.12860623311107058;38.31504196255642;22.089520120507824;121.30620000000002;123.15796182053715;119.45443817946288;122.874;119.776;121.32499999999999;23.24787735732147;19.514555053618825;25.95599951203274;-0.8020000000000067;-0.01842339884332135
2020-02-05;86624;120.798;120.96;121.151;120.658;122.27243333333332;-1.474433333333323;111763.32;0.7750664529292101;-0.1364053470895965;120.79200000000004;47.225339216644755;-0.27148400220298186;-0.1897983475587984;-0.08168565464418345;33.333333333333485;28.434115199770503;121.2874;123.15174067702205;119.42305932297796;122.874;119.776;121.32499999999999;22.24769389653693;20.340204620955795;24.484375521053554;-1.0609999999999928;-0.02168420237347807
2020-02-06;69950;120.786;120.788;121.022;120.569;122.24682666666664;-1.460826666666648;111241.13666666669;0.6288141428255846;-0.0099339393036301;120.79200000000004;47.08995222980615;-0.24858597846959185;-0.20155587374095713;-0.047030104728634725;38.90600924499244;36.851461513627434;121.2441;123.11277877389321;119.3754212261068;122.874;119.776;121.32499999999999;21.47453480505398;19.25965769510997;24.227385564002585;-0.2890000000000015;-0.023931479914537073
2020-02-07;79877;120.145;120.806;120.806;120.092;122.21840333333334;-2.0734033333333457;110685.63333333332;0.7216564390018047;-0.5306906429553115;119.96200000000002;40.423467775587675;-0.27894694587540414;-0.21703408816784656;-0.061912857707557584;14.214175654853593;28.817839411059825;121.16195;123.07176794682088;119.25213205317912;122.874;119.776;121.32499999999999;21.526406388333847;17.666618576808975;27.749283551254468;-0.35999999999999943;-0.02638817631629887
2020-02-10;74194;119.779;120.017;120.339;119.679;122.18988;-2.410880000000006;110234.61333333331;0.6730553839350031;-0.3046319031170696;119.96200000000002;37.186340317483044;-0.3287517272232634;-0.23937761597892993;-0.08937411124433348;4.2808219178079785;19.133668939217994;121.02994999999999;122.93892453885566;119.12097546114431;122.874;119.679;121.2765;22.140789960875317;16.322621873619315;30.39872470317334;-0.2259999999999991;-0.029418262566316102
2020-02-11;68365;119.845;119.77;120.025;119.593;122.16012333333332;-2.315123333333318;109746.96;0.6229329723574464;0.0551014785563408;119.77900000000002;38.148231377699574;-0.35876115161573807;-0.2632543231062916;-0.09550682850944647;11.076923076922913;9.857306883194816;120.90275000000001;122.77114030986553;119.0343596901345;122.874;119.593;121.23349999999999;22.822778395675005;15.491866768620053;29.864759298037587;-0.4510000000000076;-0.03254022931740901
2020-02-12;68620;119.713;119.834;120.304;119.615;122.12903666666668;-2.4160366666666846;109349.17333333334;0.6275310357474465;-0.1101422670950036;119.77900000000002;36.930173789589176;-0.3887142772609735;-0.288346313937228;-0.10036796332374553;7.15990453460562;7.505883176445493;120.76154999999999;122.53921110099745;118.98388889900252;122.874;119.593;121.23349999999999;22.77507915160199;17.501766467987522;27.463906317871682;-0.3200000000000074;-0.035740193621321845
2020-02-13;91478;119.046;119.698;119.716;118.875;122.09861000000002;-3.052610000000016;109042.58333333331;0.8389199632252992;-0.5571658884164554;118.96800000000005;31.463351228627815;-0.46096001071794035;-0.32286905329337046;-0.1380909574245699;7.513181019332459;8.583336210286985;120.58020000000002;122.27914727404935;118.88125272595069;122.842;118.875;120.85849999999999;23.68357188657084;15.82904817813732;33.24868921824329;-1.1209999999999951;-0.039861516987890255
2020-02-14;61452;118.89;119.044;119.229;118.867;122.06813666666667;-3.1781366666666884;108637.49666666667;0.5656610460065001;-0.1310417821682397;118.96800000000005;30.33240006977354;-0.5247541322501235;-0.36324606908472107;-0.1615080631654024;1.0070052539402896;5.226696935959445;120.41680000000001;122.10590871171748;118.72769128828254;122.372;118.867;120.6195;24.536345924585966;15.157516908186505;31.931902052335243;-1.3289999999999935;-0.04459980174674458
2020-02-17;43653;119.039;118.974;119.195;118.906;122.03869666666664;-2.999696666666651;108108.97333333331;0.4037870183578591;0.1253259315333599;118.802;32.816382996609065;-0.5568691376414279;-0.4019706827960624;-0.15489845484536546;7.53064798598939;5.350278086420701;120.25635;121.82450793528584;118.68819206471416;122.372;118.867;120.6195;25.328207531314302;14.595678181947536;30.748292673296262;-1.1599999999999966;-0.04922408804620954
2020-02-18;76215;118.565;119.042;119.06;118.465;122.00736333333334;-3.442363333333347;107563.53;0.7085580028843691;-0.3981888288712154;118.802;29.244195892780624;-0.613496345425034;-0.4442758153218567;-0.16922053010317722;3.7230081906178176;4.0868871435158205;120.09634999999999;121.66913330039458;118.5235666996054;122.015;118.465;120.24000000000001;26.58273701918;13.541188796570367;33.88158482184222;-2.397999999999996;-0.05424507274437951
2020-02-19;82217;120.338;118.561;120.496;118.558;121.98383666666666;-1.6458366666666675;106901.64;0.7690901655015986;1.4953822797621583;120.62300000000002;50.81240731196894;-0.5094350826295653;-0.45730766878339846;-0.052127413846166815;69.73194341027533;26.995199862294168;120.02029999999999;121.37706263215057;118.66353736784941;121.868;118.465;120.1665;24.852591893088064;25.784502502346427;27.031328602116673;-0.46000000000000796;-0.056352609221126886
2020-02-20;112931;120.908;120.311;121.399;120.095;121.96557;-1.0575700000000126;106384.17666666668;1.0615394463580412;0.4736658412139105;120.62300000000002;55.50794499273269;-0.3766299897541501;-0.4411721329775488;0.06454214322339874;83.26516700749829;52.24003953613047;120.01195;121.34448509897496;118.67941490102504;121.399;118.465;119.932;24.086919734850763;31.338492409190078;23.577163053160167;0.12199999999999989;-0.055385372953887665
2020-02-21;99362;121.05;120.892;121.354;120.359;121.94939666666666;-0.8993966666666608;105952.04666666666;0.9378016105020714;0.117444668673694;120.61300000000004;56.618979875286726;-0.256960700581061;-0.4043298464982513;0.1473691459171903;88.10497614178583;80.36736218651981;120.03920000000001;121.43188425710933;118.64651574289068;121.399;118.465;119.932;23.37593844505898;28.360523420142226;21.336721505900353;0.9050000000000011;-0.052058393794107455
2020-02-24;141396;120.176;120.236;121.072;119.901;121.92854333333334;-1.7525433333333351;105948.37666666666;1.3345744828620152;-0.7220156959933832;120.61300000000004;48.57825963053156;-0.2299951811368146;-0.36946291342596405;0.13946773228914944;58.31629175187457;76.56214496705289;120.04775;121.44158856669276;118.65391143330723;121.399;118.465;119.932;22.0099245100252;25.31201569703861;23.247394213155733;0.39700000000000557;-0.04860127646349659
2020-02-25;160682;119.914;120.156;120.534;119.413;121.90517666666666;-1.9911766666666608;105096.52;1.5288993393880663;-0.2180135800825433;120.026;46.44874120160096;-0.2271476068584377;-0.3409998521124588;0.1138522452540211;49.38650306748464;65.26925698704832;120.02865;121.41882225911041;118.63847774088958;121.399;118.465;119.932;20.807018842986963;22.786845440648754;25.271077290971363;0.06900000000000261;-0.04553396704450756
2020-02-26;171758;120.138;119.907;120.588;119.751;121.88488333333332;-1.7468833333333151;104496.28666666668;1.643675631727235;0.1868005403872885;120.026;48.526313448310944;-0.20445907878438163;-0.3136916974468434;0.10923261866246176;57.02113156100897;54.907975460122714;120.03389999999999;121.4248911430344;118.64290885696558;121.399;118.465;119.932;19.60999988649365;21.573784485599486;23.394436901342534;0.42500000000001137;-0.042408471371098135
2020-02-27;209666;120.541;120.142;121.041;119.952;121.86808666666668;-1.3270866666666734;104495.32333333332;2.0064630005608857;0.3354475686293989;119.87500000000004;52.12494549954758;-0.15220500033566964;-0.2813943580246086;0.12918935768893897;70.75664621676876;59.05476028175411;120.05260000000001;121.46020241545693;118.64499758454309;121.399;118.465;119.932;18.57262952543741;23.46093498606015;21.189642774113096;1.4949999999999903;-0.03864267062926404
2020-02-28;261538;119.209;120.545;120.662;118.378;121.85363333333332;-2.644633333333317;104450.37;2.503945175110198;-1.1050182095718395;119.87500000000004;41.73838657492884;-0.21578707562130717;-0.26827290154394834;0.05248582592264117;27.507447864945476;51.76174188090772;120.0021;121.45397394769662;118.55022605230337;121.399;118.378;119.8885;18.73891315041343;19.343369787388912;29.56564811834408;0.3190000000000026;-0.036690553983506055
2020-03-02;228210;120.614;118.655;120.749;118.6;121.84684;-1.23284000000001;103969.98;2.1949605068691755;1.1786022867400936;120.13450000000005;52.49190279588018;-0.15106320781808336;-0.24483096279877534;0.09376775498069198;74.01522674611068;57.42644027594162;120.02284999999999;121.49707729251637;118.54862270748362;121.399;118.378;119.8885;18.768043288492176;17.03405015872107;25.101663658936317;1.5750000000000028;-0.03369109702076241
2020-03-03;219015;119.655;120.561;120.95;119.531;121.83346666666668;-2.178466666666665;103743.01666666666;2.111130050359813;-0.7950984131195438;120.13450000000005;46.22094632057438;-0.1751335312449811;-0.2308914764880165;0.0557579452430354;42.27077126779214;47.931148626282756;119.95745;121.3739681926118;118.54093180738819;121.399;118.378;119.8885;18.498620218005147;16.755869217722214;22.667905972746283;1.0900000000000034;-0.031606174646831
2020-03-04;172607;119.746;119.635;120.132;119.024;121.81683666666666;-2.070836666666665;103690.08333333331;1.6646432759158103;0.0760519827838424;119.52200000000002;46.86956921853905;-0.18473696377321858;-0.22166057394505695;0.03692361017183837;45.28301886792435;53.856338960609044;119.90485000000001;121.26980205410311;118.53989794589691;121.399;118.378;119.8885;18.773334196822358;15.492747180511257;24.40853555563297;-0.5919999999999987;-0.030014993345263745
2020-03-05;157980;119.298;119.736;120.0;119.001;121.79978;-2.501779999999997;103574.14333333333;1.5252841579539471;-0.3741252317405075;119.52200000000002;44.05266175840039;-0.22589364779082644;-0.22250718871421085;-0.0033864590766155833;30.453492221118882;39.335760785611775;119.83045;121.15684397993218;118.50405602006782;121.399;118.378;119.8885;19.05175374514129;14.4360804016472;22.900802807370056;-1.6099999999999994;-0.029491338599163298
2020-03-06;232713;118.892;119.315;119.433;118.71;121.78002666666669;-2.888026666666676;103576.11;2.24678258335805;-0.340324230079303;117.9715;41.61186561580815;-0.2879520908497142;-0.23559616914131154;-0.05235592170840264;17.014233697451033;30.916914928831407;119.76780000000001;121.14619408008029;118.38940591991972;121.399;118.378;119.8885;19.60964849401633;13.707423722713743;23.77644579278716;-2.1580000000000013;-0.03030750302144484
2020-03-09;319795;117.051;118.325;118.69;116.12;121.75451666666667;-4.703516666666673;103868.04333333332;3.078858422062338;-1.5484641523399345;117.9715;32.750675506551175;-0.4801522716981452;-0.2845073896526783;-0.19564488204546693;17.635915893161545;21.701213937243807;119.63140000000001;121.44846515018051;117.81433484981952;121.399;116.12;118.7595;21.913735096665327;11.34337888997593;35.789964620984506;-3.125;-0.03491623341590511
2020-03-10;313720;119.169;117.096;119.487;116.806;121.73686666666669;-2.5678666666666885;104307.06333333334;3.0076582541435104;1.809467667939613;118.45400000000002;46.78945683966518;-0.4563073732551999;-0.3188673863731826;-0.13743998688201725;57.75715097556345;30.802433522058664;119.59759999999999;121.4226462350309;117.77255376496908;121.399;116.12;118.7595;22.949305181629743;14.142932819906537;30.339893241429404;-0.7450000000000045;-0.03836646218215557
2020-03-11;252598;117.739;119.167;119.224;117.542;121.71582999999998;-3.9768299999999774;104643.77333333332;2.413884667512396;-1.1999765039565569;118.45400000000002;40.6233384437993;-0.5464994628140971;-0.36439380166136554;-0.18210566115273158;30.932365303782984;35.441810724169315;119.4989;121.49390435087261;117.5038956491274;121.399;116.12;118.7595;23.910905974810987;12.823571411675106;27.509554952877163;-2.399000000000001;-0.04314061479592566
2020-03-12;318601;117.014;117.798;118.338;116.31;121.69238;-4.678380000000004;105007.87;3.0340678274873083;-0.61576877670102;118.33600000000004;37.89655739079546;-0.6687696245731871;-0.4252689662437299;-0.24350065832945722;18.053311793214693;35.580942690853696;119.3973;121.66284056242671;117.1317594375733;121.399;116.12;118.7595;25.50463045322014;11.43807933838337;31.100885984266252;-3.527000000000001;-0.04969446055588312
2020-03-13;362634;119.885;117.01;120.322;116.877;121.67775333333334;-1.7927533333333372;105636.03666666668;3.432862604872741;2.453552566359596;118.56300000000005;51.71766357902204;-0.5279183880645064;-0.4457988506078852;-0.0821195374566212;76.50883966673453;41.83150558791072;119.44704999999999;121.70954273811003;117.18455726188995;121.399;116.12;118.7595;24.779681776700894;19.05477969798662;25.968218137809167;0.6760000000000019;-0.05240161619677647
2020-03-16;364898;118.381;118.31;119.95;117.136;121.65765000000002;-3.276650000000018;106095.47666666668;3.4393360722287056;-1.2545355966134264;118.37100000000002;45.94867772964235;-0.5315258991979874;-0.4629442603259057;-0.06858163887208174;45.94594594594593;46.83603246863171;119.41415000000002;121.71817589178177;117.11012410821827;121.399;116.12;118.7595;24.10651514850445;16.639195043328915;22.676213179645107;-2.233000000000004;-0.0547566748343111
2020-03-17;386041;118.361;118.37;119.686;117.3;121.63640666666666;-3.2754066666666546;106824.78666666668;3.613777401723781;-0.0168946030190575;118.37100000000002;45.87539405676544;-0.5298904632006014;-0.4763335009008448;-0.053556962299756594;45.53952448689297;55.99810336652447;119.40395000000001;121.72466820564254;117.08323179435747;121.399;116.12;118.7595;23.481431850893465;14.912912676559491;20.323602560249782;-1.293999999999997;-0.05670220250029476
2020-03-18;348086;117.972;118.413;118.52;116.896;121.61417333333334;-3.6421733333333455;107590.64333333333;3.235281333168913;-0.3286555537719393;118.1805;44.39237451405539;-0.5536018399753004;-0.49178716871573597;-0.06181467125956447;38.343685300206836;43.27638524434857;119.28564999999999;121.64475146242182;116.92654853757816;121.399;116.12;118.7595;23.209061662291493;13.858984084047854;20.64539045736557;-1.774000000000001;-0.058814125809770135
2020-03-19;382520;118.389;117.948;119.328;117.407;121.59468666666665;-3.205686666666651;108390.73;3.529084083112686;0.3534737056250625;118.1805;46.39297295478539;-0.5326053193289795;-0.4999507988383847;-0.03265452049059475;46.97722567287768;43.620145153325815;119.1597;121.42604031866377;116.89335968133624;121.354;116.12;118.737;22.110843714844886;16.1882766297287;18.940248978559808;-0.909000000000006;-0.06015536520754273
2020-03-20;423317;118.502;118.377;119.298;117.845;121.57389666666664;-3.071896666666646;109271.26;3.874001269866947;0.0954480568295945;118.91400000000002;46.949951456956526;-0.5010712325624382;-0.5001748855831954;-0.0008963469792427903;49.31677018633523;44.87922705313991;119.03229999999999;121.14020000711633;116.92439999288365;121.072;116.12;118.596;21.09106990650161;15.167844513029113;17.74634558797184;-0.39000000000000057;-0.060621979868306745
2020-03-23;365275;119.326;118.592;119.937;117.726;121.55842;-2.2324200000000047;109841.63;3.32546958744118;0.6953469139761248;118.91400000000002;50.95190724375958;-0.4049226320181418;-0.48112443487018475;0.07620180285204292;76.29700142789125;57.53033242903471;118.98979999999999;121.03715425366522;116.94244574633476;121.041;116.12;118.5805;19.66552585463341;16.453626354924616;16.084818318933376;2.2749999999999915;-0.05902052933284585
2020-03-24;328673;119.979;119.281;120.541;118.81;121.54188;-1.5628799999999927;110310.20333333334;2.979533987502428;0.5472403332048348;120.49050000000004;53.91866576683286;-0.2728868608564454;-0.43947692006743694;0.16659005921099151;87.28794390409413;70.96723850610685;118.99305000000001;121.04645969852614;116.93964030147389;121.041;116.12;118.5805;18.89295120950036;17.802725224358674;14.907996204520105;0.8100000000000023;-0.05491873339642721
2020-03-25;330765;121.002;119.995;121.147;119.512;121.52884;-0.5268399999999929;110901.92666666668;2.982500033512825;0.8526492136123887;120.49050000000004;58.18575272419589;-0.08472337221573412;-0.36852621049709644;0.2838028382813623;97.11557589019276;86.90017374072603;119.03625000000002;121.2166216082359;116.85587839176415;121.147;116.12;118.6335;18.681892919175574;19.136907671926355;13.875366758743334;3.262999999999991;-0.047535967006233915
2020-03-26;298863;120.929;121.006;121.086;119.954;121.51519666666668;-0.586196666666666;111340.82666666666;2.684217541286202;-0.0603295813292326;120.60000000000002;57.77462619468424;0.05784031116050414;-0.28325290616557636;0.3410932173260805;95.66341754525556;93.35564577984746;119.05564999999999;121.29532875151794;116.81597124848203;121.147;116.12;118.6335;18.485910221016844;18.197096336474242;13.193949092578164;3.9150000000000063;-0.038292776114433484
2020-03-27;248030;120.271;120.884;120.985;118.803;121.49883666666668;-1.2278366666666898;111583.65666666666;2.2228165612184285;-0.5441209304633321;120.60000000000002;54.06633769137964;0.11638632735373733;-0.20332505946171364;0.31971138681545097;81.88960099235054;91.5561981425996;119.10875000000001;121.40996584168045;116.80753415831958;121.147;116.12;118.6335;17.23821680866014;16.513629882562178;16.853373528121683;0.3859999999999957;-0.02919760112790224
2020-03-30;196562;119.071;119.664;120.11;118.798;121.48036666666668;-2.4093666666666707;111683.55333333332;1.7599905638148787;-0.9977467552444108;118.88550000000002;48.01373833170735;0.06520287762074872;-0.14961947204522116;0.2148223496659699;57.080835228447256;78.21128458868442;119.0316;121.2268028061209;116.8363971938791;121.147;116.12;118.6335;16.084478451376917;15.472970163731311;15.812694882862521;0.6899999999999977;-0.02249682954120434
2020-03-31;197527;118.7;119.008;119.703;118.196;121.45798333333336;-2.7579833333333426;111852.33333333331;1.7659622657251886;-0.3115788059225077;118.88550000000002;46.28843745671511;-0.005236610091657212;-0.12074289965450838;0.11550628956285117;49.410791813107274;62.793742677968346;118.98385;121.16423100110993;116.80346899889008;121.147;116.12;118.6335;15.588509817261764;14.468396499345227;17.379595166411526;0.33899999999999864;-0.018252473823644273
2020-04-01;163062;117.491;118.616;118.873;116.946;121.43067333333332;-3.939673333333332;111977.18;1.4562074165467058;-1.0185341196293218;117.31000000000002;41.10486024580408;-0.15680901089091037;-0.1279561219017888;-0.028852888989121583;14.379391100702643;40.29033938075238;118.8711;121.11448065428077;116.62771934571923;121.147;116.12;118.6335;16.127723389409883;13.281009389421602;21.276829243428036;-0.48099999999999454;-0.017779151248070578
2020-04-02;166313;117.129;117.481;117.717;116.351;121.40308666666668;-4.274086666666662;112139.63333333332;1.483088494730693;-0.308108706198773;117.31000000000002;39.672304812054335;-0.30265281196280114;-0.16289545991399126;-0.13975735204880987;16.22185154295256;26.670678152254144;118.76265000000001;121.1198188335801;116.40548116641992;121.147;116.12;118.6335;17.030234374697738;12.498001447940887;22.590449499534873;-1.259999999999991;-0.020411912029317036
2020-04-03;141699;117.202;117.127;117.384;116.732;121.37724;-4.1752400000000165;112191.44666666668;1.26301072149458;0.0623244456966265;117.547;40.12547291066363;-0.4076455015551659;-0.21184546824222622;-0.19580003331293966;17.743953294411966;16.115065312689044;118.67814999999999;121.12997856456184;116.22632143543814;121.147;116.12;118.6335;17.86828028960789;12.1303880288203;21.925979070835798;-1.2999999999999972;-0.024855318068138402
2020-04-06;149942;117.892;117.17;118.307;117.128;121.35514333333334;-3.463143333333349;112259.05333333332;1.3356784646558573;0.5887271548267181;117.547;44.378482331526804;-0.4302164634687813;-0.2555196672875373;-0.174696796181244;32.13094245204326;22.032249096469247;118.7202;121.08630934658595;116.35409065341406;121.147;116.31;118.7285;17.576343086126574;15.714511087592587;20.73810410807401;-1.4339999999999975;-0.02914553297295324
2020-04-07;150125;118.477;117.852;119.037;117.508;121.33575333333334;-2.85875333333334;112389.11666666668;1.3357610100739583;0.496216876463218;118.3025;47.76612762482139;-0.3963308471507503;-0.2836819032601799;-0.1126489438905704;44.328607172643906;31.401167639699697;118.6856;121.04467391999518;116.32652608000481;121.147;116.31;118.7285;16.572465036865808;17.967496125360928;19.279348773806802;-1.5019999999999953;-0.032135841280337286
2020-04-08;137685;118.128;118.443;118.694;117.916;121.31465333333334;-3.18665333333334;112434.79666666666;1.2245764130136678;-0.2945719422335124;118.3025;45.967424409697365;-0.3931061523471584;-0.30556675307757564;-0.08753939926958276;37.05170975813175;37.837086460939624;118.70505;121.0388644292127;116.3712355707873;121.147;116.31;118.7285;15.640292562552238;17.300639665494895;18.563803425577873;-2.8739999999999952;-0.034635986485558615
2020-04-09;139700;118.575;118.128;119.001;118.074;121.29276;-2.7177599999999984;112480.33;1.2419949336918517;0.3784030881755384;118.55750000000002;48.63533175791223;-0.3504417202093322;-0.31454174650392697;-0.03589997370540521;46.37197664720602;42.58409785932721;118.78309999999999;120.98622849375639;116.5799715062436;121.147;116.351;118.749;14.583039493060665;18.019668966770897;17.71990344977721;-2.353999999999999;-0.03590138055518397
2020-04-10;105111;118.54;118.527;118.734;118.389;121.27122666666664;-2.731226666666643;112436.50333333333;0.9348476418585766;-0.0295171832173646;118.55750000000002;48.43367734869004;-0.3158135557684858;-0.31479610835683874;-0.0010174474116470544;45.642201834862476;43.0219627467334;118.71585;120.86169894855192;116.57000105144809;121.147;116.351;118.749;13.601304499961348;17.69722574743532;17.402824222339788;-1.7309999999999945;-0.03627226977332362
2020-04-13;105604;117.545;118.552;118.69;117.307;121.24706;-3.702060000000003;112291.41666666669;0.9404458785436162;-0.8393791125358541;117.64050000000002;42.97807710433389;-0.3644574319955183;-0.32472837308457464;-0.03972905891094364;24.895746455379502;38.96997497914932;118.67405;120.8761925453411;116.47190745465889;121.147;116.351;118.749;13.627895685125825;16.428162685420606;21.76513396462348;-1.5259999999999962;-0.03758802895947
2020-04-14;100083;117.736;117.576;117.94;117.305;121.22381666666664;-3.487816666666646;112152.75;0.8923811498156851;0.16249096090859;117.64050000000002;44.27565966993082;-0.38317890274893784;-0.3364184790174473;-0.04676042373149053;29.250263991552384;33.262737427264774;118.6428;120.87929570533936;116.40630429466063;121.147;116.351;118.749;13.654383722716371;15.865600225436404;21.030598855048076;-0.9639999999999986;-0.039095554410528637
2020-04-15;100857;117.217;117.709;117.755;116.796;121.1975633333333;-3.980563333333308;112157.59;0.899243644589644;-0.4408167425426379;117.08500000000002;41.51139785085936;-0.4348817199745696;-0.3561111272088718;-0.07877059276569781;18.687958567112638;24.277989671348163;118.60505;120.9100010602183;116.3000989397817;121.147;116.351;118.749;14.134633131810805;15.028592206621868;22.721197293636138;-0.2740000000000009;-0.041443222521774244
2020-04-16;111207;116.953;117.183;117.503;116.553;121.16932333333332;-4.216323333333321;112094.22666666668;0.9920849923046;-0.2252233037869921;117.08500000000002;40.138627455763825;-0.4914935372314204;-0.3831876092133815;-0.1083059280180389;16.01489757914349;21.317706712602824;118.53325;120.94751940294606;116.11898059705393;121.147;116.351;118.749;14.78950023321163;14.227833677900922;22.873464898869937;-0.17600000000000193;-0.044607692895455485
2020-04-17;120129;116.914;116.982;117.414;116.624;121.14012;-4.2261199999999945;112071.69;1.071894249118482;-0.0333467290279054;116.906;39.92855962343698;-0.5333575702704678;-0.4132216014247988;-0.12013596884566902;16.795942720763776;17.166266289006618;118.45385000000002;120.96933764854882;115.93836235145122;121.147;116.351;118.749;15.397591113083823;13.579846655692386;21.83172455083426;-0.2879999999999967;-0.048163392333903425
2020-04-20;84207;116.898;116.867;117.291;116.786;121.11158;-4.213580000000007;111859.98666666666;0.7527892905165655;-0.0136852729356706;116.906;39.83644730879297;-0.5613552306825937;-0.4428483272763578;-0.11850690340623593;20.3648548026804;17.72523170086254;118.33245;120.90163878053009;115.7632612194699;121.147;116.351;118.749;15.962246930108007;13.16702344486358;21.16804676009665;-0.9939999999999998;-0.05176371586176053
2020-04-21;110843;117.014;116.894;117.162;116.22;121.08365333333332;-4.069653333333335;111822.86;0.991237390994919;0.0992318089274357;116.813;40.90092707325124;-0.5676399477498535;-0.4678066513710569;-0.09983329637879657;28.186013489527685;21.78227033765727;118.18419999999999;120.69781401969391;115.67058598030607;121.147;116.22;118.68350000000001;17.0154993076848;12.409217766059013;23.407841652081217;-1.463000000000008;-0.05495045265881641
2020-04-22;87975;116.612;117.012;117.221;116.443;121.05193666666666;-4.439936666666668;111641.87666666666;0.7880107592840129;-0.3435486352060479;116.813;38.36743554843518;-0.5981634161330192;-0.4938780043234494;-0.10428541180956974;13.915512957046323;20.82212708308479;117.9647;120.20788916723534;115.72151083276465;121.086;116.22;118.65299999999999;17.893413910824346;12.174221958079006;22.267949279674507;-1.5160000000000053;-0.058279307667428906
2020-04-23;110758;115.974;116.583;116.836;115.638;121.01873333333334;-5.04473333333334;111590.69333333331;0.9925379679212504;-0.5471135046135833;116.19400000000002;34.69440105127963;-0.6661557242265701;-0.5283335483040736;-0.13782217592249646;9.885260370697218;17.328928939090396;117.71695000000003;119.6718259014327;115.76207409856735;120.985;115.638;118.3115;19.395889024110858;11.264562750576854;25.624927789445806;-2.600999999999999;-0.06249977053152378
2020-04-24;92017;116.414;115.908;116.428;115.545;120.98614666666666;-4.572146666666654;111459.78666666668;0.8255623193966735;0.3793953817234907;116.19400000000002;39.029496812798875;-0.6767348177559995;-0.5580138021944588;-0.11872101556154069;24.88545246277201;16.228741930171836;117.5241;119.16960197812168;115.87859802187833;120.11;115.545;117.8275;20.863682969422374;10.633870574619895;24.779904560382217;-2.1260000000000048;-0.0662952114164035
2020-04-27;88959;116.15;116.292;116.511;116.049;120.95116666666668;-4.80116666666666;111305.74333333332;0.7992309950581946;-0.2267768481454046;115.8865;37.42426594326515;-0.6983710327120178;-0.5860852482979707;-0.11228578441404713;17.505787037037138;17.42549995683544;117.37805;118.96594312927616;115.79015687072385;119.703;115.545;117.624;22.06917572958294;10.858089562498865;24.022061404456412;-1.394999999999996;-0.06995182340793901
2020-04-28;92384;115.623;116.133;116.269;115.607;120.91267;-5.289669999999987;111192.86;0.830844714309819;-0.4537236332328942;115.8865;34.384123835279766;-0.7494037249685874;-0.6187489436320941;-0.13065478133649333;2.256944444444528;14.882727981417878;117.2242;118.86531396313677;115.58308603686322;119.037;115.545;117.291;23.557015243016348;10.368753793021165;25.94844165176367;-2.1129999999999995;-0.07409475901680401
2020-04-29;84737;115.959;115.585;116.078;115.448;120.87681666666668;-4.917816666666681;111141.89666666668;0.7624217558040508;0.29059962118263;116.659;37.85062012127499;-0.7540429713238268;-0.6458077491704407;-0.1082352221533861;15.550821667681365;11.771184383054328;117.14759999999998;118.87262016220174;115.42257983779822;119.037;115.448;117.2425;25.065421822453366;9.910993641423692;25.91708125026333;-1.2579999999999956;-0.07769245098674211
2020-04-30;110984;117.359;115.918;117.777;115.549;120.84632;-3.487320000000011;111226.4;0.9978206612817644;1.2073232780551724;116.659;49.7603487204367;-0.6374037145215254;-0.6441269422406577;0.006723227719132252;58.945095619987626;25.584287244037824;117.1591;118.88653577594148;115.43166422405851;119.037;115.448;117.2425;23.742557349814614;19.460675974669524;22.18662474740857;0.4059999999999917;-0.07831081517616058
2020-05-01;82499;117.372;117.377;117.767;117.02;120.81631333333334;-3.4443133333333407;111243.00666666668;0.7416106636455462;0.0110771223340355;116.8695;49.856439172444;-0.5377187843827187;-0.6228453106690699;0.0851265262863512;77.20706260032115;50.56765996266336;117.16760000000002;118.89746778685615;115.43773221314389;119.037;115.448;117.2425;22.514183196650063;18.49924103685221;21.090517078170066;0.4579999999999984;-0.07672904197502392
2020-05-04;80293;116.367;117.22;117.338;116.268;120.78785666666668;-4.42085666666668;111210.66666666669;0.7219900968731366;-0.8562519169818983;116.8695;43.00801826626195;-0.5336611464177707;-0.6050084778188101;0.07134733140103933;39.45899527694324;58.537051165750654;117.09134999999999;118.8212133789992;115.36148662100078;119.037;115.448;117.2425;22.169027400281987;17.150663102621834;24.518628010404655;-0.5309999999999917;-0.0752503209870004
2020-05-05;88634;115.462;116.38;116.569;115.41;120.75644333333332;-5.294443333333319;111174.17333333334;0.7972535107973401;-0.7777118942655536;115.00700000000003;37.95238604728732;-0.59659420902166;-0.6033256240593801;0.006731415037720012;2.196873679763693;39.62097718567602;116.94059999999999;118.68658859102878;115.1946114089712;119.001;115.41;117.2055;22.5995098678199;15.844771401250338;28.288489375416138;-1.5519999999999925;-0.07525663538452117
2020-05-06;81093;114.552;115.542;115.615;114.425;120.72144;-6.1694399999999945;111174.69;0.7294196187998608;-0.7881380887218237;115.00700000000003;33.666842389260026;-0.7116945377395467;-0.6249994067954134;-0.08669513094413328;3.7887828162293973;15.14821725764543;116.7618;118.705944192184;114.81765580781598;119.001;114.425;116.713;23.698677122083172;14.614349784316142;32.51947841140095;-2.059999999999988;-0.07762311772819563
2020-05-07;92262;115.11;114.508;115.139;114.426;120.68623333333332;-5.57623333333332;111169.03333333334;0.8299253599098043;0.4871150219987408;115.35300000000002;38.26984968505096;-0.7492495583847472;-0.6498494371132801;-0.09940012127146702;20.435560859188588;8.807072451727212;116.58855000000001;118.47210626143819;114.70499373856184;118.734;114.425;116.5795;24.719332429613356;13.917015011144645;30.967786859170133;-0.8640000000000043;-0.08040140494661306
2020-05-08;76344;115.596;115.122;115.745;115.033;120.65186;-5.05586000000001;111150.43666666666;0.6868529021522795;0.4222048475371442;115.35300000000002;42.04218060198859;-0.731365320333154;-0.6661526137572549;-0.06521270657589917;34.934367541766264;19.719570405728067;116.44135000000001;118.14326436623676;114.73943563376326;118.69;114.425;116.5575;24.79307423273927;17.392025070909686;29.456264279141113;-0.8179999999999978;-0.08237846280897494
2020-05-11;86277;116.344;115.295;116.514;115.226;120.61872;-4.274720000000016;111123.53333333334;0.7764061977870175;0.6470812138828164;116.29050000000002;47.37274482383424;-0.6493492897191402;-0.6627919489496319;0.013442659230491705;57.24940334128863;37.539777247414484;116.38130000000001;118.00622314895293;114.7563768510471;117.94;114.425;116.1825;23.89070098486389;21.0661109609589;26.89853997411757;0.1939999999999884;-0.0823335369945415
2020-05-12;82681;116.237;116.311;116.854;115.959;120.58524;-4.348240000000004;111132.32333333332;0.7439869654483593;-0.0919686447087952;116.29050000000002;46.710914929636594;-0.5862273365062123;-0.647479026460948;0.06125168995473573;54.05727923627671;48.74701670644385;116.30635;117.80802483497696;114.80467516502303;117.777;114.425;116.101;22.660664287502488;22.098628049602183;25.257361192808446;0.6139999999999901;-0.0809512494147845
2020-05-13;94811;115.795;116.207;116.411;115.691;120.55004333333332;-4.755043333333333;111225.06;0.8524248042661562;-0.3802575771914229;115.825;43.97770157558123;-0.5653514206099857;-0.6310535052907555;0.06570208468076988;40.871121718377175;50.72593476531416;116.23525;117.69169963867728;114.77880036132271;117.777;114.425;116.101;21.784413990681486;20.989156145674183;25.858062608151595;-0.16400000000000148;-0.07930815866201396
2020-05-14;95693;115.855;115.78;115.927;115.327;120.51464;-4.659639999999996;111342.77333333332;0.8594450913622361;0.0518157087957105;115.825;44.452851423366695;-0.5377665700290635;-0.6123961182384171;0.07462954820935364;42.661097852028796;45.86316626889422;116.18035;117.60691037727227;114.75378962272774;117.777;114.425;116.101;21.32361563720378;20.08423701085502;27.358788585426574;-1.5039999999999907;-0.07730711838841528
2020-05-15;89064;115.879;115.868;116.198;115.476;120.4797;-4.600700000000003;111367.02;0.7997340684880677;0.0207155496094291;116.50800000000002;44.65505661134451;-0.5081115837331396;-0.5915392113373616;0.08342762760422207;43.377088305489444;42.30310262529846;116.1286;117.51959826024452;114.73760173975549;117.777;114.425;116.101;20.547003364141148;21.0076154490212;25.91111223656673;-1.492999999999995;-0.07496171029568668
2020-05-18;82692;117.137;115.881;117.242;115.795;120.44999666666664;-3.312996666666649;111313.98666666666;0.7428716055927136;1.0856151675454615;116.50800000000002;54.089145841170556;-0.37873389835903026;-0.5489781487416954;0.1702442503826651;80.90692124105013;55.64836913285611;116.14055;117.56156505621976;114.71953494378025;117.777;114.425;116.101;19.511414805557795;26.249648753602578;23.255216510984656;0.769999999999996;-0.07024321814582456
2020-05-19;94580;117.639;117.116;118.2;117.027;120.42798666666668;-2.7889866666666734;111214.72666666668;0.8504269428586301;0.4285580132665112;117.853;57.22274003920933;-0.23300797507893378;-0.48578411400914306;0.2527761389302093;85.13907284768196;69.80769413140716;116.1718;117.69228184468056;114.65131815531944;118.2;114.425;116.3125;19.41304043826232;30.801576314943397;21.34519097476719;2.1769999999999925;-0.06315788372826328
2020-05-20;83177;118.067;117.623;118.204;117.528;120.40687666666668;-2.339876666666683;111108.98;0.7486073582890647;0.3638249220071499;117.853;59.74544874820522;-0.08203743148250453;-0.4050347775038154;0.32299734602131086;96.37470230219633;87.47356546364279;116.24455;117.96800472525483;114.52109527474518;118.204;114.425;116.3145;19.32507316050977;29.336336429503735;20.309905646467286;3.5149999999999864;-0.0539477854809299
2020-05-21;79421;117.82;117.983;118.521;117.729;120.38418;-2.5641800000000075;111006.07;0.715465379505759;-0.2092032490026873;117.5745;57.6331076491122;0.017475529243824894;-0.32053271615428736;0.33800824539811225;82.88574218749983;88.1331724457927;116.33684999999998;118.18563016811167;114.4880698318883;118.521;114.425;116.473;19.518165685225362;29.952734454925917;19.13869374576097;2.7099999999999937;-0.044011809077655735
2020-05-22;76776;117.329;117.804;117.979;116.996;120.36108333333333;-3.032083333333333;110840.17666666668;0.692673020820637;-0.4167373960278442;117.5745;53.57789102678347;0.0560742816163895;-0.245211316600152;0.3012855982165415;70.89843749999984;83.38629399656531;116.3826;118.28136216520213;114.48383783479787;118.521;114.425;116.473;18.783913211898096;27.809206336579045;23.10539423480666;1.7329999999999899;-0.034748493699495474
2020-05-25;49901;117.369;117.194;117.557;117.085;120.33832666666666;-2.96932666666666;110605.34;0.451162665383023;0.0340921681766692;117.7375;53.86270241844451;0.08886732941122943;-0.17839558739787573;0.2672629168091052;71.875;75.21972656249987;116.44355;118.38628379288131;114.50081620711869;118.521;114.425;116.473;18.10210734380849;26.816836804901794;22.280879900290994;1.0250000000000057;-0.02619916695420526
2020-05-26;83368;118.106;117.342;118.335;117.305;120.3176;-2.211600000000004;110522.15666666666;0.7543102895777651;0.6279341222980461;117.7375;58.869794193764456;0.1723391779181611;-0.10824863433466836;0.28058781225282947;89.86568986568972;77.54637578856317;116.56769999999999;118.60009987207313;114.53530012792685;118.521;114.425;116.473;18.209831727566623;30.58624006512458;20.556936031164447;1.8689999999999998;-0.0172125903222339
2020-05-27;119948;118.585;118.101;118.91;117.706;120.29670333333333;-1.7117033333333325;110577.56333333334;1.0847408496279562;0.405567879701274;118.898;61.77348776363867;0.2739841968005976;-0.03180206810761516;0.30578626490821276;91.61722981686863;84.4526398941861;116.699;118.89022960914708;114.50777039085291;118.91;114.425;116.66749999999999;18.788585166344962;32.110295602915684;18.732378149008916;2.789999999999992;-0.0074845618510596765
2020-05-28;117864;119.211;118.485;119.395;118.474;120.27832666666669;-1.0673266666666734;110677.79666666666;1.064929042226651;0.5278913859257051;118.898;65.22840766136679;0.4004356025142073;0.05464546601674933;0.34579013649745793;95.58647157591754;92.35646375282528;116.79160000000002;119.22924167998558;114.35395832001446;119.395;114.425;116.91;19.696537990702147;33.510459551548394;17.456048035625162;3.3559999999999945;0.0033829275287553485
2020-05-29;131313;119.669;119.23;119.9;118.858;120.25976333333334;-0.5907633333333422;110813.38333333332;1.1849922459725892;0.3841927338920081;119.72800000000002;67.53993244969934;0.5314794605232578;0.15001226491805103;0.38146719560520675;94.94861141482598;94.05077093587072;116.90644999999999;119.64101544811103;114.17188455188895;119.9;114.425;117.1625;20.897623866524196;34.65672768058306;16.11799340428974;3.789999999999992;0.015303965239491828
2020-06-01;104998;119.787;119.832;119.976;119.424;120.24145333333334;-0.4544533333333334;110890.73333333334;0.9468600021281356;0.0986053196734504;119.72800000000002;68.12781029022588;0.6375055092708237;0.24751091378860557;0.38999459548221815;95.93460959346112;95.4898975280682;117.07745;120.07114280154171;114.08375719845829;119.976;114.425;117.2005;22.066062201433247;33.781531965682674;15.442678120690012;2.6500000000000057;0.02758181921022669
2020-06-02;114928;121.381;119.789;121.632;119.624;120.22841666666667;1.1525833333333253;111014.92666666668;1.0352481729332883;1.3306953175219238;121.8585;74.7740523464641;0.8404660259901959;0.3661019362289236;0.4743640897612723;96.0190325138778;95.6340845073883;117.37340000000002;120.80764282193363;113.93915717806641;121.632;114.425;118.02850000000001;24.117671308265187;40.6463372617024;13.265351074075435;3.7420000000000044;0.04217551915434282
2020-06-03;125454;122.336;121.377;122.626;121.268;120.21774666666664;2.1182533333333566;111165.96333333332;1.1285288791481294;0.7867788204084736;121.8585;77.76556041166634;1.0660850516137543;0.5060985593058898;0.5599864923078646;95.94405594405586;95.96589935046491;117.76259999999999;121.57331349749653;113.95188650250346;122.626;114.426;118.52600000000001;26.452846732664682;43.67753167311279;12.030007679263205;4.2690000000000055;0.05919548598353008
2020-06-04;134945;123.735;122.331;123.972;121.846;120.21291666666669;3.5220833333333275;111333.39;1.2120802213961857;1.1435718022495325;123.72750000000002;81.26973432156038;1.3423041166850425;0.6733396707817203;0.6689644459033222;97.10162651339128;96.35490499044164;118.19385;122.61021571289132;113.77748428710868;123.972;115.033;119.5025;29.088348213089933;46.341854762967245;10.39752982784932;5.915000000000006;0.07931220521979196
2020-06-05;133843;123.72;123.715;124.431;123.541;120.20813666666666;3.5118633333333378;111472.07666666666;1.200686342286569;-0.0121226815371522;123.72750000000002;81.12211033403193;1.542221570895478;0.8471160508044719;0.6951055200910061;90.4371217215871;94.49426805967806;118.60004999999998;123.45825894877954;113.74184105122042;124.431;115.226;119.82849999999999;31.67350333225794;46.643435989355254;9.798104759443497;6.391000000000005;0.10043132765857508
2020-06-08;103874;122.455;123.712;124.12;122.224;120.19743;2.257570000000001;111539.31666666668;0.931276998140632;-1.0224700937601083;122.31300000000005;69.63434542527514;1.5803651994546897;0.9937658805345155;0.5865993189201741;73.42299932750507;86.98724918749447;118.90559999999998;123.92385931573902;113.88734068426093;124.431;115.327;119.87899999999999;32.42134091945301;41.19488487134676;16.76761534888346;5.0859999999999985;0.11897788876131202
2020-06-09;124296;122.171;122.454;122.604;121.325;120.18282333333332;1.988176666666675;111653.07333333332;1.113234022935588;-0.2319219305050746;122.31300000000005;67.32912854746851;1.5695846782466134;1.1089296400769353;0.4606550381696781;69.60322797579032;77.82111634162747;119.20230000000001;124.25592100280598;114.14867899719404;124.431;115.327;119.87899999999999;32.16841634443608;37.97250567505561;20.954230426772153;4.065000000000012;0.1342747023729521
2020-06-10;127328;121.863;122.229;122.363;121.587;120.16688666666666;1.6961133333333436;111838.49666666667;1.1384988514240155;-0.2521056551882283;121.29500000000002;64.82282701163152;1.51868159549673;1.1908800311608942;0.32780156433583585;65.4606590450572;69.49562878278418;119.5057;124.4316319158918;114.57976808410821;124.431;115.327;119.87899999999999;31.933557810491795;36.126087197392;19.935327998359885;3.278000000000006;0.14594357748952155
2020-06-11;163870;120.727;121.842;121.905;120.654;120.14810333333332;0.5788966666666795;112092.07333333332;1.46192317732118;-0.9321943493923456;121.29500000000002;56.47289939515998;1.3708722674676608;1.2268784784222475;0.14399378904541327;49.57800163354218;61.54729621812988;119.74929999999999;124.40335565501759;115.09524434498239;124.431;115.476;119.95349999999999;30.78600326454265;33.31376621306077;24.189298296801415;1.5160000000000053;0.15249652841226438
2020-06-12;160242;120.87;120.666;121.817;120.254;120.12903333333333;0.7409666666666794;112393.3;1.4257255548149734;0.1184490627614387;121.19850000000002;57.21993038731991;1.2508521698099315;1.2316732166997844;0.019178953110147168;50.02806623631774;55.02224230497236;119.99885000000002;124.31932248689323;115.67837751310681;124.431;115.795;120.113;29.35178965353091;30.15518327174232;24.322274900905867;1.2010000000000076;0.15528035726254197
2020-06-15;149253;121.527;120.762;121.637;120.336;120.11503000000002;1.4119699999999824;112626.47;1.3252035689299926;0.5435591958302233;121.19850000000002;60.56833556891189;1.194974860593078;1.2243335454784432;-0.029358684885365305;56.817843866171025;52.1413039120103;120.21835000000002;124.37801019165042;116.05868980834961;124.431;116.996;120.7135;28.020019871877157;27.793033128238378;22.417034775857285;1.7399999999999949;0.15620490454336453
2020-06-16;137538;120.872;121.528;122.12;120.473;120.09866;0.7733400000000046;112915.47;1.2180616172433043;-0.5389748780106451;120.58650000000002;55.873074931588135;1.0853276825959028;1.196532372901935;-0.1112046903060322;40.25516199429241;49.033690698927046;120.38;124.37413224618327;116.38586775381673;124.431;116.996;120.7135;27.157849742674;27.940952800408823;20.25402782595493;-0.5090000000000003;0.15445306298962996
2020-06-17;117874;120.301;120.869;121.234;120.156;120.07962999999998;0.2213700000000216;113128.39;1.0419488865702904;-0.4724005559600175;120.58650000000002;52.082660324772405;0.9415035097195386;1.1455266002654558;-0.20402309054591727;25.89269693163466;40.98856759736602;120.4917;124.34325023854043;116.64014976145955;124.431;116.996;120.7135;26.02726530455752;26.1616313438075;20.836858646622314;-2.0349999999999966;0.14974336039728608
2020-06-18;115685;119.861;120.308;120.542;119.592;120.06051333333336;-0.1995133333333427;113256.55333333332;1.0214419969104052;-0.3657492456421773;119.65800000000002;49.30683265239078;0.7829916533665937;1.0730196108856833;-0.2900279575190896;8.727781106450937;24.95854667745932;120.59375;124.26045734447145;116.92704265552855;124.431;116.996;120.7135;24.413401773177668;24.67061401609282;23.032869532039786;-3.8739999999999952;0.1422458547672441
2020-06-19;103802;119.455;119.853;120.212;119.376;120.0416233333333;-0.5866233333333071;113280.82;0.9163245816899176;-0.3387256905916014;119.65800000000002;46.82683002507689;0.6174910063280663;0.98191388997416;-0.36442288364609365;1.562809099900962;12.061095712662173;120.70005;124.09521947883326;117.30488052116675;124.431;117.085;120.758;22.70482743524133;23.406402081807236;23.176579796983244;-4.265000000000001;0.13226831768209799
2020-06-22;94388;120.387;119.41;120.442;119.313;120.02842333333334;0.3585766666666643;113291.04666666666;0.8331461556508262;0.7802101209660517;120.4305;52.70732011065846;0.5551359010263468;0.8965582921845974;-0.34142239115825057;20.984759671746758;10.425116626032873;120.85094999999998;123.89011333717039;117.81178666282958;124.431;117.305;120.868;21.34263783322751;23.19594349809295;21.56910421742356;-2.067999999999998;0.12234289435196051
2020-06-23;128594;120.474;120.377;121.1;119.906;120.01520333333332;0.4587966666666716;113433.53;1.1336506939349298;0.0722669391213459;120.4305;53.22731762869632;0.506896021932107;0.8186258381340994;-0.31172981620199236;22.68464243845257;15.077403736700083;120.96935;123.74458110929535;118.19411889070466;124.431;117.706;121.0685;20.68779485090241;25.532294585857603;19.990026601212875;-1.6970000000000027;0.11278510740828306
2020-06-24;112503;120.438;120.446;120.75;120.037;120.00023000000002;0.4377699999999862;113629.24666666667;0.9900884085768832;-0.0298819662333804;120.3435;52.96778789947834;0.46045285714963313;0.7469912419372061;-0.286538384787573;21.98124267291913;21.883548261039476;121.06200000000001;123.62851771862199;118.49548228137803;124.431;118.474;121.4525;20.079726367314816;24.384270443069063;19.09120283603945;-1.4249999999999972;0.10360627999385587
2020-06-25;121659;120.249;120.424;120.626;120.141;119.98429333333334;0.2647066666666546;113773.2;1.069311577770418;-0.1569272156628387;120.3435;51.546775004804346;0.4037415131502655;0.6783412961798181;-0.27459978302955257;19.471603910963022;21.37916300744489;121.11389999999999;123.568119297455;118.65968070254497;124.431;118.858;121.6445;19.515091346840624;23.606711086432885;18.48242746056698;-0.47800000000000864;0.09456509975989474
2020-06-26;90711;120.242;120.238;120.381;119.813;119.96926999999998;0.2727300000000241;113858.45666666668;0.7966997152048056;-0.0058212542307978;120.592;51.49167595242116;0.3541501010350885;0.6135030571508722;-0.2593529561157837;28.22850197508365;23.227116186321922;121.14255;123.54138383959801;118.74371616040199;124.431;119.313;121.872;18.571789372814994;22.69401456542556;20.000477264022877;-0.6280000000000001;0.085810378590321
2020-06-29;94772;120.942;120.11;121.36;120.092;119.95709333333336;0.984906666666646;113909.31333333334;0.8319951830686569;0.5821593120540092;120.592;56.499215658451746;0.367100987827655;0.5642226432862287;-0.19712165545857374;53.409836065573515;33.70331398387338;121.20030000000001;123.52012853676744;118.88047146323258;124.431;119.313;121.872;18.65888057246491;27.33014882490871;18.29954577451899;-0.585000000000008;0.07860158391728907
2020-06-30;103046;121.244;120.924;121.426;120.588;119.9463;1.297700000000006;113992.56;0.9039712767218402;0.2497064708703478;121.07700000000004;58.490132257369964;0.39715537505455245;0.5308091896398935;-0.1336538145853411;68.7923049519058;50.14354766418764;121.19344999999998;123.51191246249545;118.87498753750452;124.431;119.313;121.872;18.798987454675718;26.219828286929285;17.25512835920466;0.3719999999999999;0.07307567615390018
2020-07-01;94205;120.91;121.239;121.482;120.26;119.93548333333337;0.9745166666666448;113939.86;0.8267958201808545;-0.2754775494045125;121.07700000000004;55.46661897421632;0.3895323978100578;0.5025538312739264;-0.11302143346386861;56.8934805842534;59.698540533910894;121.12215;123.38266279801744;118.86163720198257;124.431;119.313;121.872;18.47732338314038;24.06309176410734;18.043643264479446;0.6089999999999947;0.06822398411038717
2020-07-02;88493;120.822;120.905;121.437;120.75;119.92693666666668;0.8950633333333116;113859.85;0.7772098768792707;-0.0727814076585842;120.83650000000002;54.66483347827415;0.37210092107650894;0.4764632492344429;-0.10436232815793395;53.75846099038116;59.81474884218011;120.97649999999999;122.89422870865526;119.05877129134471;124.431;119.313;121.872;18.178635316714708;22.921575935967017;17.187680756185163;0.9609999999999985;0.0637548712187688
2020-07-03;84371;120.851;120.815;120.969;120.61;119.91902;0.93198000000001;113750.16;0.7417220336216896;0.0240022512456361;120.83650000000002;54.89622073868113;0.35651670516188005;0.45247394041993033;-0.09595723525805028;54.791592447452636;55.14784467402905;120.83305;122.27982689710637;119.38627310289363;124.12;119.313;121.7165;17.6947370299852;22.325563482303696;17.754777614930223;1.3960000000000008;0.05965656097656096
2020-07-06;77723;121.446;120.805;121.966;120.732;119.91361666666668;1.5323833333333283;113588.80333333332;0.6842487790976214;0.4923418093354614;121.3345;59.46724951443831;0.38770836841780465;0.43952082601950526;-0.05181245760170061;80.39954768186966;62.98320037323447;120.7826;122.06008963205217;119.50511036794784;122.604;119.313;120.9585;18.273741300541204;27.459234038588715;16.19586947934086;1.0589999999999975;0.056835060683235086
2020-07-07;80867;121.223;121.368;121.718;121.184;119.9059;1.3171000000000106;113395.32;0.713142306049252;-0.1836207038519166;121.3345;57.130347677578364;0.3899387784511532;0.42960441650583486;-0.03966563805468165;71.99396909159452;69.06170307363892;120.73519999999999;121.86491334417222;119.60548665582776;122.363;119.313;120.838;18.81138812320035;26.37982039867562;15.559215070055988;0.7489999999999952;0.0545139930963825
2020-07-08;77874;121.514;121.205;121.881;121.137;119.90196666666668;1.612033333333315;113243.72;0.6876672719687513;0.2400534552023936;121.24150000000002;59.37392133632891;0.41045617915021637;0.42577476903471123;-0.01531858988449486;82.9626837542405;78.45206684256821;120.71775;121.78637226722111;119.64912773277888;122.12;119.313;120.7165;19.46904942746225;26.130789440821683;14.692622115448017;1.0759999999999934;0.05299388144425338
2020-07-09;92137;120.969;121.512;121.968;120.904;119.89589;1.0731099999999998;113205.09333333334;0.8138944749481696;-0.4485079908487899;121.24150000000002;53.70508432388391;0.3783777189668456;0.4162953590211381;-0.037917640054292545;62.37288135593187;72.4431780672556;120.72984999999998;121.80408280065392;119.65561719934605;122.12;119.313;120.7165;19.677487081440113;24.06639847909876;15.261902329846802;0.7199999999999989;0.05108426879907783
2020-07-10;90329;120.802;120.926;121.067;120.27;119.88937;0.9126300000000072;113121.98666666666;0.7985096678522975;-0.1380518975935829;121.247;52.064697619881024;0.3356110881227181;0.40015850484145415;-0.06454741671873604;45.89327146171711;63.74294552396314;120.72645;121.7993165294438;119.6535834705562;122.12;119.313;120.7165;18.872836713069525;22.624546499519095;19.113391728472145;0.5600000000000023;0.04862484611625065
2020-07-13;82874;121.692;120.795;121.965;120.79;119.88591666666667;1.8060833333333195;113063.20333333334;0.7329882539738702;0.7367427691594486;121.247;59.214511335486904;0.36927699172777295;0.39398220221871794;-0.024705210490944984;87.192575406032;65.15290940789363;120.7347;121.83426884277465;119.63513115722536;122.12;119.313;120.7165;19.09607715993372;27.29761505949609;17.45323273191738;0.75;0.04725428073110911
2020-07-14;98613;122.242;121.668;122.317;121.469;119.88415333333332;2.357846666666674;112959.56666666668;0.8729937880426649;0.4519606876376425;122.14050000000002;62.89749547272147;0.4353197709997829;0.402249715974931;0.03307005502485194;97.0047923322688;76.69687973333929;120.80319999999999;122.0841773768497;119.52222262315028;122.317;119.313;120.815;19.631693482193345;28.19635317192318;16.349511558114614;0.9980000000000047;0.04747096411652498
2020-07-15;89964;122.039;122.234;122.499;121.822;119.88132333333334;2.15767666666666;112891.15666666666;0.7969091880742123;-0.166064036910396;122.14050000000002;60.71812742513533;0.4659080479678863;0.4149813823735221;0.05092666559436421;82.8741623231573;89.02384335381934;120.8901;122.25600481366774;119.52419518633226;122.499;119.313;120.906;20.295628204856374;28.128644031775064;15.506424057507198;1.1290000000000049;0.04831646200610322
2020-07-16;90493;122.103;122.014;122.504;121.815;119.87726333333332;2.225736666666677;112857.27;0.8018358055266797;0.0524422520669531;122.1895;61.17487755577037;0.4896691419119179;0.42991893428120126;0.059750207630716645;83.37479270315052;87.75124911952553;121.00220000000002;122.3798234028212;119.62457659717883;122.504;119.313;120.9085;20.900036653756136;26.623925748421627;14.731269080174009;1.2809999999999917;0.04955421208893405
2020-07-17;68028;122.276;122.086;122.576;121.931;119.87468333333337;2.401316666666645;112787.31666666668;0.6031529254397012;0.1416836605161231;122.1895;62.446017340372265;0.5165056782850286;0.4472362830819667;0.06926939520306186;87.04663212435239;84.43186238355338;121.14325;122.43321649181307;119.85328350818692;122.576;119.313;120.9445;21.534287694514752;25.8327715726744;13.977462518845824;1.4249999999999972;0.051183190056616396
2020-07-20;94390;122.798;122.201;122.975;122.182;119.87549333333334;2.9225066666666635;112678.96333333332;0.8376896379563038;0.4269030717393374;122.96150000000002;66.05710808424627;0.5732863756909126;0.47244630160375595;0.10084007408715662;93.48066298342566;87.96736260364283;121.26380000000002;122.69178495790415;119.83581504209589;122.975;119.813;121.394;22.518853828603543;27.38624315195507;13.090559532751417;1.3520000000000039;0.053747841422563045
2020-07-21;93219;123.125;122.786;123.175;122.47;119.87769333333333;3.247306666666674;112658.60666666667;0.8274467682332279;0.2662909819378223;122.96150000000002;68.12485106995659;0.6373249690922052;0.5054220351014458;0.13190293399075936;98.2788296041309;92.93537490396962;121.39635000000001;122.98912095340178;119.80357904659824;123.175;119.813;121.494;23.621774986933957;27.442514900652025;12.340849293114847;1.902000000000001;0.05725000193850248
2020-07-22;105460;123.996;123.116;124.292;123.055;119.88236999999998;4.113630000000015;112799.00666666668;0.9349373112090996;0.7074111675126948;123.9555;72.86630690141158;0.7497161751007155;0.5542808631012998;0.19543531199941577;92.64047737444042;94.79998998733231;121.57424999999998;123.46588282642277;119.68261717357719;124.292;119.813;122.05250000000001;25.519769706604386;33.58050323267582;11.135757163280777;2.4819999999999993;0.06252319034868153
2020-07-23;90407;123.915;123.983;124.243;123.709;119.88856;4.026440000000008;112726.74666666667;0.8020013233179323;-0.0653246878931534;123.9555;71.79672106204666;0.8227666507472691;0.6079780206304937;0.2147886301167754;90.62655395325721;93.84862031060949;121.75755;123.80411878457583;119.71098121542416;124.292;119.813;122.05250000000001;27.282193374869784;32.122235699838036;10.652175573920417;2.946000000000012;0.06849549543397845
2020-07-24;107147;123.687;123.915;123.968;122.842;119.89424;3.792759999999987;112672.04666666666;0.9509634658273168;-0.1839970947827174;123.7605;68.73813205385417;0.8524356370715083;0.6568695439186967;0.1955660931528116;84.95773247140718;89.40825459970158;121.9298;124.0166494531231;119.8429505468769;124.292;120.092;122.19200000000001;27.301444055764517;29.238914236688444;16.60745797194637;2.884999999999991;0.07416995109888301
2020-07-27;111151;123.834;123.428;123.905;123.222;119.90032666666666;3.9336733333333456;112701.50333333333;0.9862423899638916;0.1188483834194453;123.7605;69.63626148206856;0.8776926988688984;0.701034174908737;0.17665852396016146;88.61263053207365;88.06563898557933;122.0744;124.26559824753491;119.88320175246508;124.292;120.26;122.27600000000001;27.319319688023914;27.61945718157881;15.687619951888914;2.14200000000001;0.07948772857868765
2020-07-28;109687;123.117;123.827;123.986;123.014;119.90756666666664;3.209433333333351;112588.63333333332;0.9742280082150708;-0.579000920587236;123.412;60.505529905881474;0.8302822179537941;0.7268837835177484;0.10339843443604568;70.78567876678281;81.45201392342119;122.16805000000002;124.36935838139506;119.96674161860498;124.292;120.26;122.27600000000001;26.969151526043635;25.458384926412357;16.134518212470176;0.875;0.08301945613783597
2020-07-29;98888;123.707;123.098;123.79;123.019;119.91498666666666;3.7920133333333297;112452.02;0.8793794900259791;0.4792189543279868;123.412;64.6168743436224;0.8307408757216876;0.7476552019585363;0.08308567376315135;85.45499751367461;81.61776893751033;122.30789999999999;124.52705793939951;120.08874206060047;124.292;120.27;122.281;26.643995375633377;23.863390763104572;15.123673948348207;1.6679999999999922;0.0859904477563058
2020-07-30;109425;124.072;123.714;124.198;123.336;119.92293333333332;4.149066666666684;112375.41;0.9737450568588828;0.2950520180749816;124.331;66.91168945213202;0.8507498996056881;0.7682741414879667;0.08247575811772145;93.71787549971447;83.31951726005728;122.47040000000001;124.70643822865351;120.23436177134651;124.292;120.27;122.281;26.80698821144454;25.509526161539675;14.06285942679593;1.9690000000000083;0.08887416024176148
2020-07-31;141496;124.59;124.063;125.21;123.841;119.93259666666668;4.657403333333335;112405.32333333332;1.2588015923444025;0.417499516409836;124.331;69.89570789980127;0.8980532670406802;0.7942299665985095;0.1038233004421707;83.42689120556027;87.53325473964976;122.65735;124.94516889798992;120.36953110201007;125.21;120.27;122.74;27.887761276483896;30.695377452942346;12.556490686069143;2.314000000000007;0.09223045108124964
2020-08-03;116892;124.629;124.522;125.055;123.993;119.94065;4.68835;112360.28333333334;1.040332015301281;0.0313026727666754;124.6995;70.1142377551717;0.9279911957485325;0.8209822124285142;0.10700898332001829;82.88659793814463;86.67712154780644;122.81649999999999;125.18648046405444;120.44651953594554;125.21;120.27;122.74;28.891336265449013;28.174138243206208;11.525132896026086;1.831000000000003;0.09563422158014884
2020-08-04;99578;124.77;124.62;125.001;124.265;119.94783666666667;4.822163333333322;112304.83;0.8866760227497885;0.1131357870158611;124.6995;70.935688609994;0.9521193029042792;0.8472096305236673;0.10490967238061188;87.03976435935203;84.45108450101895;122.99385000000002;125.39101067671731;120.59668932328273;125.21;120.27;122.74;29.823227326630906;26.546752679417196;10.859421855147474;1.644999999999996;0.0989564373063989
2020-08-05;100278;125.28;124.766;125.515;124.637;119.95651666666669;5.3234833333333285;112323.5;0.8927606422519871;0.4087521038711239;125.3185;73.74654969714996;1.0008564888194087;0.8779390021828156;0.12291748663659308;93.44308035714288;87.78981421821317;123.18215000000001;125.67450970718507;120.68979029281495;125.515;120.27;122.8925;31.120088522289347;28.756999970525044;10.10925100785989;1.284000000000006;0.10269985376473031
2020-08-06;114026;125.357;125.271;125.587;124.659;119.96468666666668;5.39231333333332;112365.46;1.014778028764265;0.0614623243933465;125.3185;74.15298827007912;1.0337775719287663;0.9091067161320058;0.12467085579676052;93.24522760646097;91.2426907743186;123.40155;125.84811890154344;120.95498109845656;125.587;120.27;122.9285;32.38174003144368;27.226248593501996;9.37230127978962;1.441999999999993;0.10647847291240674
2020-08-07;111235;124.834;125.355;125.395;124.458;119.97256;4.861440000000016;112369.15666666666;0.9899068685721212;-0.4172084526592012;124.5975;66.60999721541346;1.0060687045993006;0.9284991138254648;0.07756959077383585;75.84215591915306;87.51015462758562;123.60315;125.8126702443063;121.3936297556937;125.587;120.79;123.1885;33.08143804161584;25.226599061742117;10.259461533966101;1.1470000000000056;0.10906401225419812
2020-08-10;75806;124.361;124.766;124.888;124.341;119.97966;4.3813399999999945;112291.56333333334;0.6750818828211159;-0.3789031834275924;124.5975;60.605569671662074;0.9351621139041555;0.929831713841203;0.0053304000629524895;55.336976320582984;74.80811994873231;123.7366;125.78479739283091;121.68840260716908;125.587;121.469;123.52799999999999;33.456165581123535;24.11319388267086;10.750694118930927;0.527000000000001;0.10976515800726905
2020-08-11;108005;125.016;124.373;125.502;124.316;119.99074333333331;5.025256666666678;112307.13666666669;0.9616931141300018;0.5266924518136706;125.484;65.27381915898081;0.921202111349217;0.9281057933428059;-0.006903681993588817;79.19854280510029;70.12589168161209;123.87530000000001;125.87499218631251;121.87560781368751;125.587;121.815;123.701;34.38878963735175;26.697185268797675;9.74627443645568;1.899000000000001;0.1100062164041698
2020-08-12;108147;125.952;125.015;126.213;124.951;120.00475666666668;5.947243333333319;112421.41666666669;0.9619786265516465;0.7487041658667648;125.484;70.62986628343543;0.9744334243178798;0.9373713195378207;0.03706210478005911;92.25749035894405;75.59766982820908;124.07095;126.07937978219283;122.06252021780716;126.213;121.815;124.014;35.7973393138437;29.563822613399974;8.803724238592801;2.2450000000000045;0.11120449958956298
2020-08-13;97678;126.331;125.982;126.755;125.89;120.02123;6.30977;112371.30666666669;0.8692432516579971;0.3009082825203402;126.2635;72.48072153009954;1.0352678327768672;0.9569506221856301;0.07831721059123709;88.66613205025415;86.70738840476615;124.28235;126.30769691102513;122.25700308897486;126.755;121.931;124.34299999999999;37.447526127086014;31.76891041927584;8.21714304361864;2.2590000000000003;0.11337075818711985
2020-08-14;78704;126.196;126.312;126.471;125.74;120.03735333333331;6.1586466666666695;112289.77666666669;0.7009008507838306;-0.1068621320182705;126.2635;70.76993981916434;1.0603629638170844;0.977633090511921;0.08272987330516335;85.05747126436788;88.66036455785535;124.47835;126.44702704563215;122.50967295436786;126.755;122.182;124.4685;38.63731110261874;29.952631107887033;8.920507625781578;1.6059999999999945;0.11564552231204848
2020-08-17;78257;125.824;126.206;126.461;125.676;120.05289333333332;5.771106666666682;112088.23;0.6981732158674735;-0.2947795492725613;125.79350000000002;66.13746078361866;1.0382652691754544;0.9897595262446278;0.048505742930826545;75.08029978586724;82.93463436682974;124.62965;126.5221515482157;122.7371484517843;126.755;122.47;124.6125;39.59156017793759;28.095052796381815;8.872900656620141;1.1949999999999932;0.11706918324107432
2020-08-18;101931;125.763;125.828;126.094;125.344;120.06534666666668;5.697653333333335;112005.62666666666;0.9100524949817184;-0.048480417090535;125.79350000000002;65.38168611572638;1.004254080847403;0.992658437165183;0.011595643682219992;70.98566832407163;77.04114645810223;124.76154999999999;126.5825590032723;122.94054099672768;126.755;122.842;124.79849999999999;39.706977156155794;26.409841948433975;10.995906399379981;0.9930000000000092;0.1175313729738441
2020-08-19;109048;125.63;125.754;126.063;125.375;120.07645333333332;5.553546666666662;112043.45666666668;0.9732652244424412;-0.1057544746865257;125.55700000000004;63.67321330850122;0.9555529608656315;0.9852373419052728;-0.029684381039641328;61.393273850377504;69.15308065343878;124.84325000000001;126.66616029675045;123.02033970324958;126.755;122.842;124.79849999999999;39.81415006450128;24.932432398669594;10.380777495750833;0.3499999999999943;0.11688570982911796
2020-08-20;107448;125.484;125.595;125.784;125.082;120.08869;5.395310000000009;111970.7;0.9596081832121296;-0.1162142800286591;125.55700000000004;61.76519869990111;0.8948605966535155;0.9671619928549214;-0.07230139620140597;53.98262128892105;62.12052115445672;124.92170000000002;126.7128356285884;123.13056437141164;126.755;122.842;124.79849999999999;39.23049369314434;23.488572418273066;12.196696682094057;0.12699999999999534;0.11506428352289387
2020-08-21;95391;124.807;125.478;125.559;124.441;120.09628;4.710720000000009;111915.71333333332;0.8523467988438396;-0.5395110133562753;124.86450000000004;53.72572354422103;0.783106059488432;0.9303508061816236;-0.14724474669319154;21.767068273092477;45.714321137463656;124.97769999999998;126.6786871369292;123.27671286307077;126.755;123.014;124.8845;37.3944917222459;21.366397810341773;16.27486513783205;-0.027000000000001023;0.11123637454940286
2020-08-24;77109;124.922;124.768;125.345;124.69;120.10422333333334;4.81777666666666;111833.14333333333;0.6895004262748802;0.0921422676612548;124.86450000000004;54.801934858112325;0.6957985895216154;0.883440362849622;-0.18764177332800658;24.84624846248447;33.531979341499316;125.03209999999999;126.65090522608453;123.41329477391544;126.755;123.014;124.8845;35.68963274926878;20.214104155003675;15.397158750154007;0.5609999999999928;0.10619796011469446
2020-08-25;93228;125.9;124.913;126.031;124.882;120.11487333333334;5.78512666666667;111806.03333333334;0.8338369336656996;0.7828885224380189;125.6445;62.7386711922845;0.6974830664476457;0.8462489035692268;-0.1487658371215811;64.94464944649478;37.18598872735723;125.17124999999999;126.57132426588683;123.77117573411314;126.755;123.019;124.887;35.007665879394516;23.8654029190923;13.973516153659887;0.8840000000000003;0.10190653895357643
2020-08-26;83446;125.389;125.899;126.141;125.262;120.12494666666667;5.264053333333322;111709.81;0.7469890066055302;-0.4058776806989739;125.6445;57.097066713951186;0.6500907555897157;0.8070172739733246;-0.15692651838360883;43.9934399343992;44.59477928112613;125.25534999999999;126.48522564818501;124.02547435181498;126.755;123.336;125.0455;34.50405191730516;23.061928582842057;12.98442432117671;-0.5630000000000024;0.09729113908206106
2020-08-27;136370;125.987;125.374;126.094;125.134;120.13891;5.848089999999985;111850.69333333331;1.2192146149115315;0.4769158379124061;125.71100000000004;61.464201977439494;0.6532552897541422;0.7762648771294881;-0.12300958737534595;68.51168511685105;59.149924832581654;125.3511;126.49255554446876;124.20964445553125;126.755;123.841;125.298;33.76336209415808;21.289520071358037;13.011239481090966;-0.3440000000000083;0.09341073592924631
2020-08-28;127627;125.435;125.974;126.775;125.197;120.15168666666668;5.283313333333325;111992.78333333334;1.1396002153113909;-0.4381404430615743;125.71100000000004;55.81622762742831;0.6042559328772228;0.7418630882790351;-0.13760715540181234;45.50630337535577;52.670476142201984;125.39335000000001;126.4802417655399;124.30645823446012;126.775;123.993;125.384;33.86757355301955;23.90812000942789;11.45308302893398;-0.7609999999999957;0.08913448388115916
2020-08-31;98789;126.413;125.4;126.846;125.4;120.16754333333331;6.245456666666669;112155.17333333334;0.8808242817866555;0.7796866903176936;126.31250000000004;62.40733056892343;0.6369971098781804;0.7208898925988643;-0.0838927827206839;81.99584199584172;65.33794349601617;125.48255000000002;126.5963714354188;124.36872856458123;126.846;124.265;125.5555;34.039042938556264;21.900249706820198;10.242625232543153;0.5889999999999986;0.08614321172389135
2020-09-01;114098;126.212;126.412;127.075;126.138;120.18237666666668;6.029623333333319;112259.03333333334;1.0163814582403896;-0.1590026342227379;126.31250000000004;60.41268682581798;0.6393556148233444;0.7045830370437602;-0.06522742222041589;67.23614274867124;64.9127627066229;125.55465;126.66130193715021;124.44799806284978;127.075;124.316;125.69550000000001;34.439992436723806;22.074678633491406;9.539083483969934;0.44899999999999807;0.08365277914537464
2020-09-02;99547;125.876;126.208;126.314;125.554;120.19553333333332;5.680466666666689;112354.01;0.8860119901371669;-0.2662187430672147;125.86150000000002;57.12576292605449;0.6071139236570389;0.685089214366416;-0.07797529070937714;54.47987851176925;67.90395441876072;125.58444999999999;126.69201173191307;124.47688826808691;127.075;124.316;125.69550000000001;33.54272694535912;20.825206451624574;13.348572848000334;0.24600000000000932;0.08091102197707824
2020-09-03;109318;125.847;125.883;126.022;125.286;120.20835;5.638649999999998;112498.08333333331;0.9717321109914344;-0.0230385458705462;125.86150000000002;56.83832361563042;0.5726212719038699;0.6625956258739067;-0.08997435397003684;53.37889141989338;58.3649708934446;125.60895000000001;126.71698059073219;124.50091940926782;127.075;124.316;125.69550000000001;32.19438101661406;19.664394968151196;14.634202473331232;0.36299999999999955;0.07791478700686541
2020-09-04;109903;125.767;125.838;125.987;125.303;120.22082;5.546179999999993;112573.08;0.9762813631819458;-0.0635692547299449;125.65000000000002;56.001202732803144;0.5326897496254048;0.6366144506242064;-0.10392470099880158;50.341685649202475;52.73348519362168;125.65559999999998;126.70627281300995;124.60492718699001;127.075;124.316;125.69550000000001;30.942345511350787;18.625337649630303;13.860938144311245;0.9599999999999937;0.07459901077186759
2020-09-07;60397;125.533;125.822;125.943;125.519;120.23222;5.300779999999989;112506.62;0.5368306327218313;-0.1860583459890041;125.65000000000002;53.51829960355683;0.4766671637989788;0.604624993259161;-0.1279578294601822;41.45785876993161;48.392811946342476;125.7142;126.58482382232413;124.84357617767589;127.075;124.316;125.69550000000001;29.77974111360632;17.990734462649545;13.38866775188173;0.6110000000000042;0.0706993267323377
2020-09-08;102062;124.828;125.565;125.651;124.693;120.24293333333335;4.585066666666648;112583.48;0.9065450810366756;-0.5616053149371081;125.07350000000002;46.78772296022042;0.37110340380621665;0.5579206753685721;-0.1868172715623555;14.692482915717555;35.497342444950526;125.7048;126.60879438051255;124.80080561948746;127.075;124.441;125.75800000000001;28.124660044471625;16.613395497173435;18.96460545459665;-1.0720000000000027;0.06533444579491572
2020-09-09;102790;125.319;124.838;125.647;124.426;120.25572333333332;5.063276666666681;112691.95;0.9121325879975534;0.3933412375428657;125.07350000000002;51.37434053105795;0.32333574678843036;0.5110036896525438;-0.18766794286411348;33.71083427708571;29.953725320911605;125.67315;126.58460252756151;124.7616974724385;127.075;124.426;125.7505;26.99250422532081;15.03363654472646;19.240623216299667;-0.06999999999999318;0.05986339492457278
2020-09-10;106281;125.39;125.319;126.463;125.264;120.26927666666666;5.120723333333345;112784.51;0.942336851044444;0.0566554153799581;125.56200000000004;52.018386805378796;0.2878900240903022;0.4663809565400955;-0.1784909324497933;36.39109097772738;28.264802723510197;125.6261;126.492917374075;124.75928262592498;127.075;124.426;125.7505;25.52250974915331;19.878396384660423;17.482592501119868;-0.5969999999999942;0.0545515268282561
2020-09-11;92534;125.734;125.388;126.125;125.337;120.28449333333334;5.44950666666665;112861.39;0.819890664114555;0.2743440465746927;125.56200000000004;55.12001040658567;0.2842799561747853;0.42996075646703347;-0.14568080029224817;49.37712344280831;39.826349565873784;125.603;126.43161885085864;124.77438114914135;127.075;124.426;125.7505;24.157514878426348;18.670956262789687;16.420676679959463;0.2989999999999924;0.050006610674665476
2020-09-14;67968;125.437;125.564;125.9;125.287;120.29927;5.137729999999991;112764.73666666666;0.6027416194914537;-0.2362129575134819;125.17450000000002;51.994952132531225;0.25451959007374114;0.39487252318837507;-0.14035293311463393;38.165345413363355;41.31118661129966;125.58364999999999;126.4087890852446;124.75851091475538;127.075;124.426;125.7505;22.80116759706124;17.766861578739224;16.020509623953995;-0.9759999999999991;0.04560820851583645
2020-09-15;74293;124.912;125.43;125.768;124.757;120.31268333333334;4.599316666666667;112689.31;0.6592728272095499;-0.4185367953634;125.17450000000002;46.92987814854137;0.18642221389686142;0.35318246133007236;-0.16676024743321094;18.346545866364817;35.29633824084548;125.5411;126.41138843494461;124.67081156505539;127.075;124.426;125.7505;21.687729814366207;16.359836979762736;18.9033869470796;-1.2999999999999972;0.04058779781792007
2020-09-16;98020;124.007;124.904;125.015;123.836;120.32303;3.683970000000002;112755.48333333334;0.8693147073851809;-0.7245100550787753;124.052;39.74273463860074;0.058751366876279576;0.2942962424393138;-0.23554487556303422;5.279407224452185;20.597099501393433;125.45995;126.55547388837414;124.36442611162587;127.075;123.836;125.4555;21.850414553194422;14.879915203468515;24.259894292896025;-1.8689999999999998;0.033874890643332406
2020-09-17;110071;124.097;124.003;124.134;123.312;120.33443;3.7625699999999966;112867.93666666666;0.975219386928844;0.0725765480980911;124.052;40.715100255227384;-0.034765694087141696;0.2284838551340227;-0.2632495492211644;20.861015147488587;14.828989412768513;125.39059999999999;126.63653168351976;124.14466831648022;127.075;123.312;125.1935;22.542433169709685;13.93353877397736;26.771308266330102;-1.75;0.026393575131548646
2020-09-18;81511;123.822;124.102;124.311;123.434;120.34548999999998;3.476510000000019;112904.39666666668;0.721947084493457;-0.2216008445006689;123.50200000000002;38.66213824714337;-0.12957517838513866;0.15687204843019042;-0.2864472268153291;13.553016210470487;13.231146194137068;125.34135;126.743714756402;123.93898524359801;127.075;123.312;125.1935;22.856494556610375;14.359087238190504;24.948189536142387;-1.9449999999999932;0.01823927403143905
2020-09-21;100784;123.182;123.778;123.94;122.519;120.35246;2.8295400000000086;112937.28;0.8923891207579205;-0.5168709922307779;123.50200000000002;34.324426778919815;-0.25343360422107253;0.07481091789993784;-0.32824452212101035;16.810344827586174;17.074792061848395;125.25435;126.93772117416168;123.57097882583832;127.075;122.519;124.797;23.99845747952954;12.834025504838026;29.137393026828544;-2.350999999999999;0.008950453451881446
2020-09-22;95395;122.842;123.179;123.276;122.657;120.35878333333334;2.483216666666664;113033.75;0.8439514746701013;-0.2760143527463454;122.84900000000002;32.25408008313559;-0.3747080563236267;-0.015092876944775069;-0.3596151793788516;8.189655172413648;12.851005403490083;125.10145;127.05612096719591;123.14677903280409;127.075;122.519;124.797;25.058851622240194;12.224926217965468;27.75454044427162;-1.9860000000000042;-0.0012475830770313381
2020-09-23;100274;122.856;122.835;123.191;122.577;120.36417333333334;2.491826666666654;113182.47;0.8859499178626438;0.0113967535533499;122.84900000000002;32.434796113400594;-0.4643366663034101;-0.10494163481650208;-0.359395031486908;8.544624746450053;11.181541582149938;124.9748;127.15389381165627;122.79570618834373;127.075;122.519;124.797;26.11450465721302;11.635056508236957;27.044027862287933;-2.463000000000008;-0.011593866202296734
2020-09-24;97994;122.99;122.857;123.161;122.582;120.37032333333332;2.619676666666664;113220.73;0.8655128791343365;0.1090707820537773;122.88700000000004;34.24287670885609;-0.5185774670989218;-0.18766880127298602;-0.3309086658259358;11.942190669370964;9.558823529411535;124.82494999999999;127.11440543525063;122.53549456474934;127.075;122.519;124.797;27.0947539039735;11.091559285058619;25.78074615529274;-2.4000000000000057;-0.02136601832248285
2020-09-25;87555;122.784;123.031;123.155;122.611;120.37802666666666;2.4059733333333497;113156.09333333334;0.7737541781517165;-0.167493292137566;122.88700000000004;32.790145896264406;-0.5715971547068079;-0.2644544719597504;-0.3071426827470575;6.71906693711971;9.068627450980223;124.69239999999999;127.12755735836491;122.25724264163507;127.075;122.519;124.797;28.004985347393948;10.590983162881585;24.617228420267743;-2.9499999999999886;-0.030617027080792652
2020-09-28;78143;123.073;122.737;123.209;122.378;120.39167666666668;2.68132333333331;112947.85333333332;0.6918502449920525;0.2353726869950279;123.5875;36.83853639356512;-0.5835687372519516;-0.3282773250181906;-0.25529141223376095;17.01346389228872;11.891573832926445;124.52539999999999;126.92348960633227;122.12731039366771;127.075;122.378;124.7265;29.090095751300435;9.859006107472226;24.85368409049462;-2.3640000000000043;-0.03861430554188161
2020-09-29;95347;124.102;123.028;124.121;123.016;120.41063666666666;3.691363333333342;112686.99;0.8461225204435004;0.836089150341679;123.5875;48.689594031082926;-0.5042123562004122;-0.36346433125463495;-0.1407480249457772;42.20318237454116;21.97857106798318;124.41990000000001;126.69437628257563;122.14542371742439;126.463;122.378;124.4205;28.14929962506608;16.403944995257827;22.615417850805773;-0.8100000000000023;-0.043748425770669626
2020-09-30;111466;123.581;124.077;124.25;123.532;120.42692;3.1540799999999933;112496.32666666666;0.9908412416902332;-0.4198159578411298;123.776;44.17056707421122;-0.477853797186242;-0.3863422244409564;-0.0915115727452856;32.10568454763819;30.440776938156006;124.30515;126.50453111976961;122.10576888023039;126.463;122.378;124.4205;27.042219421313497;16.496581645322873;21.2747177936323;-0.42600000000000193;-0.04747308352092404
2020-10-01;120325;123.971;123.573;124.205;123.566;120.44265;3.528350000000003;112331.12;1.071163538652417;0.315582492454336;123.776;48.056968343272594;-0.4206457660818472;-0.3932029327691346;-0.027442833312712633;45.2299829642249;39.84628329546806;124.21135;126.29676470935617;122.12593529064382;126.463;122.378;124.4205;26.014216374971813;15.609667152820478;20.13091382619515;-0.12599999999999056;-0.04939196352044726
2020-10-02;118763;123.434;123.972;124.013;123.021;120.45735666666668;2.976643333333328;112153.0;1.0589373445203376;-0.4331658210387945;124.01700000000002;43.560499056021186;-0.41386858198487175;-0.39733606261228205;-0.016532519372589705;31.150442477876023;36.162036663246354;124.09470000000002;126.07746847866795;122.11193152133208;126.463;122.378;124.4205;25.817057726080517;14.322317323620823;23.001625148258107;-0.38800000000000523;-0.05076196029097286
2020-10-05;80632;124.6;123.32;124.714;123.276;120.47738666666667;4.12261333333332;111999.24666666667;0.7199334138377788;0.9446343795064482;124.01700000000002;53.69212336009932;-0.3108281262737478;-0.38003447534457524;0.06920634907082746;84.2624194160028;53.547614952701224;124.04804999999999;125.9348436267645;122.16125637323547;126.463;122.378;124.4205;24.366681845296547;18.24898679246799;20.37802886261111;1.4179999999999922;-0.04978204753160969
2020-10-06;96819;123.942;124.561;124.732;123.853;120.49601;3.445989999999995;111970.65333333334;0.8646819243946362;-0.5280898876404483;124.2975;48.41071843009055;-0.27904625212657663;-0.35983683070097555;0.08079057857439892;66.44010195412037;60.61765461599972;124.00375;125.856511493015;122.15098850698499;126.463;122.378;124.4205;22.9900233674125;17.11747865680557;18.95480724853127;1.0999999999999943;-0.04820067345010031
2020-10-07;89532;124.653;123.936;124.877;123.866;120.51793333333332;4.135066666666688;111940.08;0.7998207612500545;0.5736554194704091;124.2975;53.709315340388024;-0.19424796039160697;-0.32671905663910183;0.13247109624749487;91.03641456582673;80.57964531198327;123.97044999999999;125.74994942118539;122.19095057881458;126.463;122.378;124.4205;21.462087864317166;16.896512702619454;17.44561807182122;1.7970000000000113;-0.04507567766760503
2020-10-08;81493;124.689;124.629;124.876;124.365;120.53608333333332;4.15291666666667;111754.08333333331;0.7292172023542112;0.0288801713556718;124.81350000000003;53.96711785699394;-0.12272510549507842;-0.28592026641029716;0.16319516091521874;92.47699079631842;83.31783577208849;123.9354;125.62712768494201;122.24367231505799;126.125;122.378;124.2515;20.04329061144293;16.194652881848935;16.720949106773713;1.698999999999998;-0.04090415823607922
2020-10-09;82703;124.938;124.667;125.087;124.514;120.55931;4.378690000000006;111550.54;0.741394887017065;0.1996968457522285;124.81350000000003;55.80065986175519;-0.04542685615453479;-0.23782158435914472;0.19239472820460993;94.49981543004796;92.67107359739767;123.89560000000002;125.44790646458723;122.3432935354128;125.9;122.378;124.13900000000001;18.883026485785248;17.180014080373223;15.922262351153723;2.1539999999999964;-0.03573865301674455
2020-10-12;67476;124.398;124.885;124.979;124.288;120.58099333333334;3.817006666666657;111182.93666666666;0.6068916870067137;-0.4322143783316523;124.1425;51.05156491877283;-0.027424787797656336;-0.19574222504684705;0.1683174372491907;74.56626061277201;87.18102227971279;123.84365;125.24869751165193;122.43860248834807;125.768;122.378;124.07300000000001;17.69102233005348;16.17653316144819;16.902609866659578;1.3250000000000028;-0.030904812488771343
2020-10-13;84633;123.887;124.408;124.469;123.809;120.60074333333336;3.2862566666666453;111027.16666666669;0.7622728971737461;-0.4107783083329264;124.1425;46.97710896560195;-0.05377160275682513;-0.16734810058884267;0.11357649783201754;55.70321151716495;74.92309585332829;123.7924;125.10988007954553;122.47491992045447;125.087;122.378;123.7325;17.39779743014633;15.259716215265565;20.057926568798994;-0.2150000000000034;-0.02724222433463398
2020-10-14;79925;123.527;123.88;123.948;123.473;120.61876333333332;2.9082366666666672;110992.26333333334;0.7200952354666473;-0.2905873901216438;123.473;44.294970068570045;-0.10251886116921582;-0.15438225270491732;0.05186339153570149;42.41417497231449;57.561215700750466;123.7684;125.08685612744577;122.44994387255423;125.087;122.378;123.7325;17.62465577737267;14.61760853537086;22.190424999021786;-0.054000000000002046;-0.025034218833527692
2020-10-15;83315;123.419;123.509;123.774;123.017;120.63708333333334;2.7819166666666604;110948.27333333332;0.750935526050781;-0.0874302784006797;123.473;43.49270599307064;-0.14815823615134605;-0.15313744939420307;0.004979213242857022;38.4274640088592;45.51495016611286;123.7345;125.05228230372065;122.41671769627935;125.087;122.378;123.7325;18.434956606766484;13.633050324750617;24.753076500481825;-0.5520000000000067;-0.024017180226084928
2020-10-16;79775;123.47;123.43;123.714;123.116;120.65474;2.815260000000009;110945.73333333334;0.7190452269156766;0.0413226488628293;123.78600000000004;44.00842921614015;-0.17815879220682973;-0.1581417179567284;-0.020017074250101324;21.921776919362337;34.25447196684532;123.71689999999998;125.03893326735725;122.39486673264271;125.087;122.378;123.7325;19.187378805489313;12.894211275190454;23.411590986993815;0.036000000000001364;-0.023715557312951104
2020-10-19;72269;124.102;123.44;124.34;123.364;120.67529666666668;3.426703333333336;110845.27;0.6519809099656979;0.5118652304203497;123.78600000000004;50.087698227529394;-0.14921724732488428;-0.1563568238303596;0.007139576505475309;52.41545893719827;37.58823328847325;123.76290000000002;125.07123663863676;122.45456336136327;125.087;122.378;123.7325;18.55912773745212;17.351053877091378;21.375460529192694;-0.49799999999999045;-0.02286773174492468
2020-10-20;76104;124.732;124.085;125.001;124.006;120.69954666666668;4.032453333333322;110645.36666666668;0.6878191314532507;0.5076469355852486;124.388;55.29801011464404;-0.07458535606609473;-0.14000253027750661;0.06541717421141188;82.8502415458936;52.395825800818045;123.85740000000001;125.15903103835123;122.5557689616488;125.087;122.378;123.7325;17.600974561351002;21.629053609324934;19.512335996235507;0.7900000000000063;-0.020655633951283888
2020-10-21;86214;124.044;124.719;124.838;123.914;120.72039999999998;3.323600000000013;110304.26333333334;0.7816017023699101;-0.5515825930795692;124.388;49.251458177599815;-0.07014629190531707;-0.1260312826030687;0.05588499069775163;49.61352657004818;61.62640901771332;123.9168;125.1360347764066;122.69756522359339;125.087;122.378;123.7325;16.556096925167292;19.894847938035408;18.746171134388632;-0.6090000000000089;-0.01866449803432162
2020-10-22;71406;123.96;124.038;124.094;123.649;120.74262333333331;3.2173766666666666;110120.55;0.6484348289215184;-0.0677179065492916;124.07500000000002;48.55339707919627;-0.07256985939297067;-0.1153389979610491;0.04276913856807843;45.55555555555529;59.33977455716567;123.9653;125.10797494940567;122.82262505059433;125.087;122.378;123.7325;15.604169520110375;19.10055307988686;20.375272185813717;-0.7289999999999992;-0.017002538809427127
2020-10-23;73324;124.19;123.925;124.231;123.413;120.76474666666668;3.4252533333333304;109978.5;0.6667121300980949;0.185543723781878;124.07500000000002;50.61726871715272;-0.05529408053695306;-0.1033300144762299;0.04803593393927684;56.66666666666655;50.611916264089984;124.0356;125.0440353028327;123.02716469716731;125.087;122.378;123.7325;15.097700523346953;17.701514984924977;20.996074328440177;-0.7480000000000047;-0.015237825774870093
2020-10-26;71269;123.8;124.062;124.204;123.776;120.78487666666668;3.015123333333321;109844.63;0.6488164237067712;-0.3140349464530123;123.479;47.16231266522195;-0.07223990530174262;-0.09711199264133245;0.02487208733958983;37.826086956521664;46.68276972624781;124.07195000000002;124.98706648985213;123.1568335101479;125.087;123.016;124.0515;14.627407883495206;16.999890292745803;20.16386509661971;-0.597999999999999;-0.014063406043209652
2020-10-27;64872;123.158;123.782;123.997;123.152;120.80611999999998;2.3518800000000226;109688.63333333332;0.5914195302520932;-0.5185783521809317;123.479;42.0715020368303;-0.13590697706558785;-0.10487098952618354;-0.031035987539404314;6.811594202898784;33.76811594202898;124.02475;125.02245093214312;123.02704906785688;125.087;123.017;124.05199999999999;15.128028595653104;15.678596950153413;24.336247948416624;-0.7289999999999992;-0.014317198226237261
2020-10-28;91075;122.539;123.147;123.2;122.186;120.82633;1.7126699999999886;109738.36333333331;0.8299285430688342;-0.5026064080287163;122.3245;37.83132749481376;-0.23361870591686795;-0.13062053280432043;-0.10299817311254753;12.168217855911578;18.935299671777326;123.97265;125.15021414262633;122.79508585737368;125.087;122.186;123.63650000000001;16.673099341832476;14.247533935817646;30.810381738567045;-0.9879999999999995;-0.016463105010076105
2020-10-29;91264;122.11;122.527;122.89;121.894;120.84586;1.2641399999999976;109660.44666666668;0.8322417314002521;-0.3500926235729062;122.3245;35.18465422826954;-0.34173338002065634;-0.17284310224758762;-0.16889027777306873;6.952043772127261;8.643951943645856;123.87960000000001;125.30995539639605;122.44924460360397;125.087;121.894;123.4905;18.37481336984397;12.993040427553565;30.67891336303259;-1.3089999999999975;-0.020428253799063247
2020-10-30;100629;121.905;122.087;122.463;121.618;120.8608;1.0442000000000036;109673.33;0.9175339164042052;-0.1678814183932453;121.9195;33.96194672194598;-0.4388974878795153;-0.22605397937397315;-0.21284350850554218;8.483594442802403;9.201285356947063;123.80315;125.46526771845416;122.14103228154585;125.087;121.618;123.35249999999999;20.19618691686623;12.025613825222536;30.82662237363708;-1.5649999999999977;-0.025726323183171747
2020-11-02;86337;121.934;121.722;122.154;121.702;120.87386;1.06013999999999;109576.11;0.7879180963806082;0.023789016037079;121.9195;34.309722401839835;-0.5077081423230112;-0.28238481196378074;-0.22532333035923047;9.34082175583806;8.258819990255889;123.66985;125.47631342614493;121.86338657385507;125.087;121.618;123.35249999999999;21.887462353386898;11.531027993138885;29.55879431108813;-2.1680000000000064;-0.03159643212161306
2020-11-03;83993;122.48;121.906;122.754;121.791;120.88917666666666;1.590823333333347;109505.47;0.7670210447020804;0.4477832269916604;122.50450000000002;40.64731930798378;-0.5122782203932985;-0.3283634936496843;-0.1839147267436142;25.480342890925407;14.434919696521938;123.59675;125.47032176270332;121.72317823729668;125.087;121.618;123.35249999999999;22.171541095059496;15.909159207994792;27.01001743543856;-2.2519999999999953;-0.03667926775285651
2020-11-04;182938;122.529;122.35;123.073;121.96;120.90276666666668;1.6262333333333174;109836.45;1.665549095951147;0.0400065316786379;122.50450000000002;41.195623149601246;-0.5061120055435993;-0.3639131960284673;-0.14219880951513197;26.928761454330438;20.583308700364615;123.49055000000001;125.35335503273942;121.62774496726061;125.087;121.618;123.35249999999999;21.8340761179353;17.145123861093598;24.39214404104579;-1.5150000000000006;-0.04086944903620558
2020-11-05;121717;122.437;122.536;123.186;122.213;120.91506666666666;1.5219333333333367;109935.76666666666;1.1071646989013488;-0.0750842657656569;122.5935;40.440233490984596;-0.502852298689362;-0.39170101656064626;-0.11115128212871572;24.209281702630808;25.539462015962197;123.37794999999998;125.20936054654581;121.54653945345416;125.087;121.618;123.35249999999999;21.312013671926;16.682583241584314;22.352509223809196;-1.5229999999999961;-0.04434830490940818
2020-11-06;123991;122.75;122.338;122.992;122.221;120.92843;1.821569999999994;110060.71;1.126569145337957;0.2556416769440739;122.5935;44.189748784192254;-0.4695992258127859;-0.40728065841107425;-0.062318567401711655;33.46142477091344;28.199822642624877;123.26854999999998;124.9709906568216;121.56610934317835;125.001;121.618;123.3095;20.827241400631646;15.571470114168251;20.863760984426552;-1.4399999999999977;-0.04662277650968974
2020-11-09;147278;124.497;122.813;125.135;122.667;120.94467333333334;3.552326666666658;110106.46333333332;1.3375963185205686;1.423217922606934;124.43300000000002;59.51095420478661;-0.29883286699708833;-0.3855911001282771;0.08675823313118874;81.85953938015345;46.51008195123254;123.27350000000001;124.98956893800899;121.55743106199104;125.135;121.618;123.3765;21.195141467992478;28.877622831344134;16.96793587026048;0.6970000000000027;-0.045147291589469826
2020-11-10;130678;124.369;124.438;124.606;123.992;120.96018666666666;3.4088133333333417;110215.91333333332;1.1856545579291256;-0.1028137224190151;124.43300000000002;58.249211629207956;-0.17184688368568857;-0.3428422568397594;0.17099537315407082;78.22007392664193;64.51367935923626;123.29759999999999;125.0603583385136;121.53484166148638;125.135;121.618;123.3765;21.536762959113258;27.501759690375255;16.15950514593937;1.2109999999999985;-0.04133244700485822
2020-11-11;91084;124.186;124.387;124.674;123.92;120.97745;3.2085500000000025;110152.56;0.8268895430119076;-0.1471427767369637;124.14600000000004;56.4078495674421;-0.08499636247378817;-0.29127307796656515;0.20627671549277699;73.01677566107492;77.69879632262342;123.33054999999999;125.13340889353528;121.5276911064647;125.135;121.618;123.3765;21.73166545035415;25.871619094242444;15.767677998397184;1.6470000000000056;-0.0363191616989283
2020-11-12;89101;124.106;124.161;124.502;123.685;120.99215333333332;3.11384666666666;110110.12;0.8091990091373247;-0.0644194997825975;124.14600000000004;55.580676194384004;-0.022364229188383433;-0.23749130821092881;0.21512707902254538;70.74210975262987;73.99298644678221;123.3649;125.19909747028484;121.53070252971517;125.135;121.618;123.3765;21.50788908564206;24.19791773056745;16.608428499628694;1.9959999999999951;-0.03077184659115186
2020-11-13;80891;123.782;124.093;124.302;123.661;121.00605666666668;2.7759433333333163;110063.16333333332;0.7349507096666764;-0.2610671522730534;123.8665;52.23952644946396;0.001115239672685675;-0.1897699986342059;0.19088523830689158;61.52971282342892;68.42953274571121;123.38050000000001;125.2232946711447;121.53770532885532;125.135;121.618;123.3765;21.2578220917624;22.94379436454811;15.94170201818187;1.8769999999999953;-0.025555639078424366
2020-11-16;90459;123.951;123.995;124.441;123.625;121.02153333333332;2.92946666666667;110019.62;0.8222078934647455;0.1365303517474325;123.8665;53.799597059926185;0.032979607131665034;-0.14522007748103175;0.17819968461269678;66.33494455501824;66.202255710359;123.37294999999999;125.20506511374128;121.5408348862587;125.135;121.618;123.3765;21.202405338834154;22.551765856209887;14.884146871752618;2.016999999999996;-0.0204683731492624
2020-11-17;80586;123.57;123.927;124.025;123.518;121.03831;2.531689999999984;109983.42;0.73271043944617;-0.3073795290074343;123.307;49.846535610596156;0.02717556901967555;-0.1107409481808903;0.13791651720056586;55.5018481660504;61.1221685148325;123.31485;125.04155371227935;121.58814628772066;125.135;121.618;123.3765;20.94085070988702;21.59327212291077;15.148525479839043;1.0899999999999892;-0.016247910301840807
2020-11-18;87119;123.044;123.586;123.632;123.019;121.05439333333337;1.9896066666666457;109986.65;0.7920870396542861;-0.4256696609209354;123.307;44.93737038351136;-0.01964156134178552;-0.09252107081306934;0.07287950947128383;40.54591981802667;54.12757084636508;123.26485;124.96186081611145;121.56783918388854;125.135;121.618;123.3765;19.781005156411993;20.460945740486437;18.622830670153302;0.5150000000000006;-0.013589312803616185
2020-11-19;95393;123.184;123.062;123.321;122.845;121.07164;2.1123600000000096;109942.45;0.8676630364339828;0.1137804362667083;123.15550000000002;46.44907392370226;-0.04492972260685235;-0.08300280117182594;0.03807307856497359;43.16923973201271;46.40566923869657;123.22605000000001;124.89292869684608;121.55917130315395;125.135;121.618;123.3765;18.40935685845789;19.601395395107456;19.376132961079197;0.7469999999999999;-0.011844078808598798
2020-11-20;80588;123.127;123.161;123.481;123.011;121.08898;2.038020000000003;109845.40666666666;0.7336492480249304;-0.0462722431484596;123.15550000000002;45.896587536466214;-0.06877737348281698;-0.08015771563402416;0.011380342151207173;39.9521531100477;41.22243755336235;123.1729;124.7801669846666;121.5656330153334;125.135;121.618;123.3765;17.40234602211517;20.2189052171488;18.547601579776526;0.37699999999999534;-0.010852964849630704
2020-11-23;82992;123.8;122.997;123.827;122.997;121.10910333333334;2.69089666666666;109807.37666666666;0.7557962180621483;0.5465901061505685;124.00750000000002;53.0042671100683;-0.03299103301831963;-0.07072437911088325;0.037733346092563624;57.95275590551171;47.02471624919068;123.17289999999998;124.78016698466658;121.56563301533339;125.135;121.618;123.3765;17.016897536701684;21.833413274786114;17.152712772596963;-0.6970000000000027;-0.009324743849555466
2020-11-24;85831;124.215;123.682;124.35;123.552;121.12950333333332;3.085496666666685;109744.23;0.7821003436808677;0.3352180936995186;124.00750000000002;56.775240629727676;0.028528077408495278;-0.05087388780700755;0.07940196521550283;68.5147159479809;55.47320832118009;123.22574999999999;124.89586519063783;121.55563480936215;125.135;121.618;123.3765;17.386508420747198;24.99082345422669;15.913549923699147;-0.15399999999999636;-0.0068278315401512175
2020-11-25;87633;124.455;124.179;124.512;124.146;121.15172666666666;3.303273333333337;109733.57666666666;0.7985978645915398;0.1932133800265578;124.316;58.8325375791252;0.09554700349892187;-0.02158970954582167;0.11713671304474355;76.66437886067239;67.71061690472165;123.32155;125.04214878821278;121.60095121178722;125.135;121.618;123.3765;17.9363367256277;25.65479058314757;15.365274511323934;0.26899999999999125;-0.0033961852424743144
2020-11-26;58894;124.177;124.461;124.57;123.914;121.17300666666668;3.003993333333341;109591.25333333333;0.5373969017478277;-0.2233739102486809;124.316;55.53528912987526;0.12478921620795802;0.007686075604934266;0.11710314060302375;61.18314424635344;68.78741301833556;123.42490000000001;125.08938897863558;121.76041102136443;125.135;121.618;123.3765;17.962397995227022;24.055064374131526;16.612427574359025;0.07100000000001216;8.135368303788375e-05
2020-11-27;66485;124.515;124.192;124.535;123.902;121.19651666666668;3.318483333333333;109466.03666666668;0.6073573322330685;0.272192112871128;124.45250000000004;58.57513641657084;0.1732406453537152;0.04079698955469046;0.13244365579902473;91.30672498633103;76.38474936445228;123.55539999999999;125.12958136185107;121.98121863814892;125.135;121.702;123.4185;17.961150362214195;22.591199369894017;15.716846856204638;0.7330000000000041;0.003974282008775427
2020-11-30;87501;124.39;124.388;125.126;124.304;121.22045;3.1695499999999868;109351.1;0.8001839944910659;-0.1003895113038555;124.45250000000004;57.02253210363988;0.1992554044239796;0.07248867252854829;0.1267667318954313;67.73345024112221;73.40777315793555;123.67819999999999;125.103419786559;122.25298021344098;125.135;121.791;123.463;18.76721815422948;26.45826277805325;14.48419179590658;0.43900000000000716;0.007772422044035536
2020-12-01;86372;125.923;124.368;125.95;124.33;121.24899333333336;4.674006666666656;109309.45;0.790160411565442;1.2324141812042777;126.19950000000004;68.16666807616254;0.33965721959955886;0.1259223819427504;0.21373483765680845;99.13043478260866;86.05687000335395;123.85035;125.47312469477416;122.22757530522586;125.95;121.96;123.955;20.3817354076999;29.941078165316355;12.417245105694526;2.3530000000000086;0.013751805859277917
2020-12-02;95767;126.476;125.907;126.55;125.779;121.27835333333334;5.197646666666657;109346.8;0.8758098087917638;0.4391572627716833;126.19950000000004;71.07988761415103;0.48990186431431937;0.1987182784170642;0.2911835858972552;98.00269905533068;88.28886135968717;124.0477;125.92045840406587;122.17494159593414;126.55;122.213;124.38149999999999;22.377007042635277;33.204370131345016;11.570938663205602;3.432000000000002;0.021781029753298913
2020-12-03;93118;126.145;126.485;126.656;126.03;121.30778;4.837219999999988;109296.25;0.851977995585315;-0.261709731490567;126.21550000000003;67.12044985227442;0.5756274194120579;0.27410010661606293;0.30152731279599493;86.59144581474655;94.5748598842286;124.23310000000001;126.16457455587677;122.30162544412325;126.656;122.221;124.4385;24.311127120981244;32.289216756459524;10.920156142335797;2.9609999999999985;0.030269335828976448
2020-12-04;89543;126.286;126.041;126.682;125.977;121.3357;4.950299999999999;109295.5;0.8192743525578986;0.111776130643304;126.21550000000003;67.93972509706308;0.6474793224725346;0.34877594978735726;0.2987033726851773;89.67943706020327;91.42452731009348;124.40990000000002;126.41202975603467;122.40777024396537;126.682;122.667;124.6745;25.98188743792965;30.227322294157734;10.702887242611409;3.159000000000006;0.038860037764408724
2020-12-07;85161;125.991;126.248;126.486;125.964;121.35966333333332;4.6313366666666695;109095.31333333334;0.7806109849997729;-0.2335967565684216;126.039;64.32818177751889;0.6728621032467288;0.4135931804792316;0.2592689227674972;81.99113891060719;86.08734059518565;124.4846;126.60230190536802;122.36689809463198;126.682;122.845;124.7635;27.500722703577292;28.762767380876024;10.304982095705537;2.1910000000000025;0.0466035597958052
2020-12-08;89257;126.087;125.99;126.259;125.862;121.38114666666664;4.705853333333351;108953.43333333332;0.819221545106504;0.0761959187560945;126.039;64.9805787073629;0.6927390727621372;0.46942235893581274;0.22331671382632445;84.49309356267922;85.38788984449654;124.57050000000001;126.7989547561033;122.34204524389672;126.682;122.845;124.7635;28.64356746729127;27.664924573003862;10.892313973509085;1.8719999999999999;0.05350312753758857
2020-12-09;84679;125.928;126.044;126.518;125.787;121.40249666666664;4.525503333333347;108954.83333333331;0.7771936077487054;-0.1261034047919329;126.23050000000003;62.927810750064836;0.6877339739749431;0.5130846819436389;0.1746492920313042;79.53867028493882;82.00763425274174;124.6576;126.95426239573852;122.36093760426148;126.682;122.845;124.7635;29.967209919942785;28.21135148507671;10.125914329335101;1.472999999999999;0.05918131534496745
2020-12-10;99716;126.533;125.878;126.744;125.792;121.42392999999998;5.109070000000017;108923.45;0.9154686158030328;0.4804332634521291;126.23050000000003;67.17675240590097;0.7242372843385283;0.5553152024226168;0.16892208191591152;94.36882839605022;86.1335307478894;124.77894999999998;127.19934818831516;122.3585518116848;126.744;122.845;124.7945;31.41359947274492;27.809694765046057;9.216416836185628;2.3559999999999945;0.06463247303878622
2020-12-11;89223;126.013;126.516;126.61;125.786;121.44257;4.570430000000002;108832.46;0.8198197486300668;-0.4109599867228253;126.16550000000002;60.733656239336206;0.7031018461978817;0.5848725311776698;0.11822931502021194;77.09899749373446;83.66883205824115;124.8905;127.32244321479746;122.45855678520255;126.744;122.845;124.7945;32.739038119477286;25.661269084005234;8.560659944918573;1.4980000000000047;0.06874674009580357
2020-12-14;85530;126.318;126.18;126.514;125.92;121.46072;4.857280000000003;108747.53;0.7865006221290004;0.2420385198352415;126.16550000000002;62.97667159813602;0.7028606699201987;0.6084701589261756;0.09439051099402307;85.01055594651646;85.49279394543369;125.00885000000001;127.47650883176736;122.54119116823266;126.744;122.845;124.7945;33.969802577157346;24.2093224176823;8.07628710942634;1.9279999999999973;0.07213221265894942
2020-12-15;81646;125.935;126.323;126.589;125.933;121.47692;4.458079999999995;108702.68;0.7510946372250665;-0.3032030272803521;126.04850000000002;58.46062074665683;0.6641091993901398;0.6195979670189685;0.04451123237117127;71.53413089373689;77.88122811132926;125.1271;127.53352904736445;122.72067095263554;126.744;122.845;124.7945;35.19583165287958;23.40376036025483;7.567070686435764;0.012000000000000455;0.07413728903243216
2020-12-16;93648;126.162;125.941;126.346;125.706;121.4938;4.668200000000013;108719.47;0.8613728525349819;0.1802517171556772;126.04850000000002;60.278706120402255;0.6442884267596014;0.6245360589670952;0.01975236779250622;79.52146375791718;78.68871686605682;125.28299999999999;127.5279997772827;123.03800022271727;126.744;122.845;124.7945;35.57304784674391;21.949707460862594;9.300574921622676;-0.31399999999999295;0.07534260678261065
2020-12-17;91029;126.441;126.184;126.52;126.015;121.51296999999998;4.928030000000021;108741.87;0.8371108571150343;0.2211442431159893;126.4985;62.45382501011725;0.6436734233965495;0.6283635318529861;0.015309891543563436;87.58196721311485;79.54585395492296;125.44585;127.52454577139113;123.36715422860885;126.744;122.997;124.87049999999999;36.157193351908106;22.57683558006552;8.834176855465365;0.2960000000000065;0.07625000522755244
2020-12-18;85558;126.556;126.465;127.014;126.387;121.53156666666668;5.02443333333332;108711.97;0.787015450092498;0.0909515109813963;126.4985;63.34481605078885;0.6450300626602825;0.6316968380144454;0.013333224645837083;82.93591654247396;83.34644917116863;125.6173;127.45427284683237;123.78032715316763;127.014;122.997;125.0055;37.27805647403222;26.10902593722605;8.279054720710397;0.269999999999996;0.07694805036168946
2020-12-21;126321;126.459;126.526;126.617;125.912;121.55097333333332;4.908026666666672;108812.36333333331;1.160906684960233;-0.0766459116912643;126.23750000000004;62.008173888454884;0.6310042949875765;0.6315583294090716;-0.0005540344214951531;57.56880733944987;76.02889703167953;125.75025000000001;127.41906465417806;124.08143534582196;127.014;123.552;125.283;36.9116478748219;24.262860105383734;12.457784019505327;0.4680000000000035;0.07717089970833176
2020-12-22;98874;126.016;126.464;126.659;125.993;121.56967666666668;4.446323333333339;108897.12333333334;0.9079578686145666;-0.3503111680465576;126.23750000000004;56.177932889609934;0.577485482195712;0.6207437599663997;-0.04325827777068769;23.700305810397857;54.735009897440555;125.8403;127.35530245544335;124.32529754455665;127.014;123.902;125.458;36.63055584818104;23.057813812326096;11.621754644359362;-0.07099999999999795;0.0762190235527457
2020-12-23;92645;126.179;126.027;126.381;125.937;121.58711666666665;4.591883333333357;108982.44666666668;0.8500910268912862;0.1293486541391608;126.228;57.75196169250707;0.5419766062796612;0.604990329229052;-0.0630137229493909;36.162079510703485;39.143730886850385;125.9265;127.30658804066965;124.54641195933036;127.014;123.902;125.458;36.205970278488046;21.99793530638446;11.667300552203862;0.2510000000000048;0.07462817541254715
2020-12-24;56203;126.277;126.17;126.5;126.159;121.60475;4.672249999999991;108919.35;0.5160056500520325;0.0776674406993249;126.228;58.712169068848105;0.5157975541370945;0.5871517742106606;-0.07135422007356607;43.65443425076461;34.5056065239553;126.03150000000001;127.15975661974542;124.9032433802546;127.014;123.902;125.458;35.999431503125635;22.470389115202515;11.239974495834508;-0.2560000000000002;0.07268525280624309
2020-12-28;79590;126.764;126.206;126.958;126.048;121.62276333333337;5.141236666666643;108879.21;0.7309935478039626;0.3856600964546208;126.815;63.18948694516557;0.5282578687930624;0.575372993127141;-0.047115124334078606;80.8868501529051;53.56778797145771;126.14394999999999;127.07654840767574;125.21135159232423;127.014;124.304;125.65899999999999;36.454541667730204;25.123567164128392;10.16953576580195;0.7509999999999906;0.07120939869140719
2020-12-29;77613;126.866;126.768;127.233;126.665;121.64406666666665;5.221933333333354;108750.95333333334;0.7136765023300595;0.0804644851850611;126.815;64.0683652256819;0.5401369430244642;0.5683257831066056;-0.028188840082141398;75.96594629993423;66.83574356786796;126.26775;126.8131279881874;125.72237201181261;127.233;124.33;125.7815;37.20945113093048;26.524913168098756;9.557691196404246;0.5480000000000018;0.07012807191627818
2020-12-30;83963;126.949;126.855;127.135;126.465;121.66459333333331;5.284406666666669;108743.06333333334;0.7721228134121807;0.0654233600807074;126.54600000000002;64.80474787334066;0.5499095858778418;0.5646425436608529;-0.014732957783011091;81.40144073346393;79.41807906210107;126.31904999999999;126.91567399381798;125.722426006182;127.233;125.706;126.46950000000001;37.28592739666463;24.641610101596946;10.998524295614091;1.0139999999999958;0.06934803378146488
2020-12-31;69683;126.143;126.73;126.98;126.124;121.68231333333334;4.4606866666666605;108747.55666666669;0.6407776150188471;-0.6349006293866033;126.54600000000002;53.36698973966145;0.4870031426902841;0.5491146634667392;-0.0621115207764551;28.618205631957913;61.99519755511867;126.30239999999999;126.89916072256752;125.70563927743247;127.233;125.706;126.46950000000001;36.38460563312436;22.448606820207186;13.564982508496515;-0.019000000000005457;0.06740778941898827
2021-01-04;108393;126.358;126.172;126.796;126.094;121.70052333333334;4.657476666666668;108776.49666666667;0.9964744528604206;0.1704414830787204;126.34150000000002;55.61726796123874;0.4493185716152368;0.5291554450964387;-0.07983687348120194;42.69810085134254;50.90591573892144;126.31305;126.90578348985807;125.72031651014194;127.233;125.706;126.46950000000001;35.46537740360207;20.812741585981957;12.887897897370355;-0.08299999999999841;0.06497871432286968
2021-01-05;95782;126.325;126.29;126.555;126.05;121.71959;4.605410000000006;108845.05;0.8799848959598181;-0.0261162728121711;126.34150000000002;55.177156935614214;0.4120407045722203;0.5057324969915951;-0.09369179241937475;40.5370006548788;37.2844357127264;126.31499999999998;126.90762129560058;125.72237870439939;127.233;125.706;126.46950000000001;34.48489115872276;19.70056012184611;12.664794795407419;-0.23099999999999454;0.06214859440082487
2021-01-06;139367;127.035;126.234;127.245;126.138;121.7405;5.294499999999985;108954.41333333332;1.2791312966241222;0.5620423510785733;127.21000000000002;62.12208503649488;0.4347769545576483;0.4915413885048057;-0.05676443394715741;86.35477582845954;56.52995911156027;126.3672;127.01757330818485;125.71682669181514;127.245;125.706;126.47550000000001;34.66707722492971;24.475930030781424;11.246099268092804;0.5759999999999934;0.06015655603724582
2021-01-07;106283;127.385;126.965;127.493;126.907;121.76380333333331;5.621196666666691;109025.7;0.9748435460629032;0.2755146219545867;127.21000000000002;65.0009358817618;0.4755557606196419;0.488344262927773;-0.012788502308131111;93.16888045540856;73.35355231291561;126.43209999999999;127.20515779861489;125.65904220138509;127.493;125.706;126.5995;35.15257825829272;25.547092345376775;10.57103776073745;1.3689999999999998;0.059237035832448166
2021-01-08;115426;127.037;127.352;127.466;126.818;121.78623;5.250770000000017;109224.38333333332;1.0567786832701072;-0.2731875809553696;126.84650000000002;60.10912781280774;0.47432484502012073;0.48554037934624256;-0.011215534326121823;71.15749525616748;83.5603838466785;126.48755000000001;127.26708639427504;125.70801360572499;127.493;125.706;126.5995;35.335999223388264;23.842738953565174;10.782090089204493;0.8580000000000041;0.058415637045919844
2021-01-11;92354;126.656;126.836;127.017;126.557;121.80833666666668;4.84766333333333;109257.68666666666;0.845286064693586;-0.2999126238812266;126.84650000000002;55.210215594488965;0.4375618787239688;0.47594467922178785;-0.03838280049781906;47.05882352941208;70.46173308032935;126.49370000000002;127.27650753700979;125.71089246299024;127.493;125.706;126.5995;34.74758062406091;22.637962627878913;12.984844811746354;0.3790000000000049;0.05698754959109673
2021-01-12;93396;126.658;126.662;126.867;126.54;121.83129333333332;4.8267066666666665;109286.88333333332;0.8545947798248261;0.0015790803435944;126.47450000000002;55.23084220457502;0.4039320689053483;0.46154215715849994;-0.05761008825315167;46.336760925450186;54.85102657034323;126.52595000000001;127.27948287254063;125.77241712745939;127.493;125.706;126.5995;34.15233992257833;21.828736173885233;12.706520638103774;-0.10599999999999454;0.05510647783354682
2021-01-13;90082;126.291;126.654;126.713;126.215;121.85402333333332;4.436976666666681;109308.14666666668;0.8241105786442001;-0.2897566675614693;126.47450000000002;50.623778707047016;0.34370435957274026;0.43797459764134805;-0.09427023806860779;22.75064267352184;38.71540904279468;126.52459999999999;127.27971334248528;125.7694866575147;127.493;125.706;126.5995;32.699026133445294;20.619852372834067;15.617010355496966;-0.5750000000000028;0.05232536237425422
2021-01-14;96184;126.167;126.264;126.528;125.929;121.87382333333332;4.293176666666682;109387.1;0.8792992958035382;-0.0981859356565362;125.805;49.13252372000188;0.282708811126156;0.4069214403383097;-0.1242126292121537;15.217391304347865;28.10159830110661;126.53620000000001;127.26125712878319;125.81114287121683;127.493;125.706;126.5995;30.64751627938687;19.239672160393514;17.767565624069015;-0.7819999999999965;0.04876741877178249
2021-01-15;87243;125.443;126.146;126.199;125.405;121.89086666666664;3.5521333333333445;109423.11666666668;0.7972995346655912;-0.5738426054356593;125.805;41.45418456611118;0.17394353743009106;0.360325859756666;-0.18638232232657492;1.819923371647357;13.262652449839;126.50025000000001;127.35555716704546;125.64494283295456;127.493;125.405;126.449;29.255542278147654;17.56166328188998;21.97377033456368;-0.7000000000000028;0.04362465257657805
2021-01-18;77230;125.225;125.408;125.491;125.089;121.90746666666668;3.317533333333316;109442.73333333334;0.7056658550803093;-0.173784109117292;125.6215;39.45478098202007;0.06935600348099058;0.30213188850153094;-0.23277588502054036;5.6572379367718755;7.5648508709223465;126.43945;127.45989803395338;125.41900196604661;127.493;125.089;126.291;28.511154377024162;16.76444718716577;24.54464837140162;-1.1330000000000098;0.03722063020176923
2021-01-19;79969;126.018;125.221;126.211;125.128;121.92666333333332;4.0913366666666775;109398.38333333332;0.7309888643996661;0.6332601317628361;125.6215;49.0764821466629;0.049883080831619964;0.25168212696754877;-0.2017990461359288;38.64392678868567;15.373696032368281;126.41254999999998;127.44755096135187;125.3775490386481;127.493;125.089;126.291;26.613850045015113;22.550395024349076;21.688231211880808;-0.30700000000000216;0.03140595551981859
2021-01-20;81652;125.337;126.012;126.187;125.27;121.9441;3.392900000000012;109362.68333333332;0.7466166475736548;-0.5403989906203832;125.63200000000002;42.787914500647474;-0.020266736980076416;0.19729235417802374;-0.21755909115810015;10.316139767055118;18.20576816417087;126.35645;127.49204155949633;125.22085844050366;127.493;125.089;126.291;24.852067451006707;20.38696452365617;19.607514627572677;-1.6979999999999933;0.025119048755236795
2021-01-21;84571;125.927;125.318;125.969;125.3;121.96479333333332;3.962206666666674;109386.58333333331;0.7731386923593672;0.4707309094680756;125.63200000000002;48.89747858399519;-0.027930933419668236;0.15224769665848534;-0.18017863007815357;34.858569051581085;27.93954520244061;126.352;127.49357487708838;125.21042512291163;127.493;125.089;126.291;23.216126470856047;18.957995925187955;18.233179440777402;-1.4579999999999984;0.019651957519201513
2021-01-22;76924;126.292;125.856;126.404;125.856;121.98595000000002;4.306049999999985;109423.47333333331;0.7029935868116869;0.2898504689224701;126.136;52.29171279697909;-0.004500535377516712;0.12089805025128494;-0.12539858562880166;50.04159733777058;31.738768718802245;126.35764999999999;127.49686012548139;125.2184398745186;127.493;125.089;126.291;22.513559219591436;22.476399446992875;17.171444585507313;-0.7450000000000045;0.015495765392791324
2021-01-25;76348;125.98;126.218;126.369;125.81;122.00517;3.9748300000000114;109441.12;0.6976171296491943;-0.2470465270959398;126.136;49.27867282222387;-0.010980986650736213;0.09452224287088072;-0.10550322952161693;37.06322795341126;40.654464780920954;126.34279999999998;127.49351310064641;125.19208689935355;127.493;125.089;126.291;21.755060279294746;21.12505093919274;16.633796828933008;-0.6760000000000019;0.01188221438870384
2021-01-26;75838;125.999;125.872;126.161;125.692;122.02360333333336;3.97539666666664;109475.95;0.6927366238885625;0.0150817590093499;126.047;49.46961782617738;-0.014417454324615164;0.07273430343178154;-0.0871517577563967;37.85357737104817;41.65280088740999;126.30455000000002;127.44754877077771;125.16155122922233;127.493;125.089;126.291;20.771539915088173;20.036596404088765;17.073099517647794;-0.659000000000006;0.008793528109315385
2021-01-27;98427;126.095;125.975;126.189;125.599;122.04202666666669;4.052973333333327;109631.51333333334;0.8977984249904941;0.0761910808815935;126.047;50.48391749610023;-0.00928742239590008;0.05632995826624522;-0.0656173806621453;42.32225494320581;39.079686755888396;126.266;127.38235066175434;125.14964933824567;127.493;125.089;126.291;19.63616057690312;18.729232861537888;16.98759831724888;-0.19599999999999795;0.006320537938825787
2021-01-28;105145;126.386;126.024;126.664;125.985;122.06126333333332;4.3247366666666665;109733.64666666668;0.9581837767534056;0.2307783813791264;126.7415;53.52902036404668;0.018051348173841575;0.04867423624776449;-0.030622888073922917;67.27178423236509;49.14920551553968;126.23785000000001;127.31146599745875;125.16423400254126;127.493;125.089;126.291;19.51091518500246;22.561870359701615;15.716631163604774;0.2189999999999941;0.0048044374644098916
2021-01-29;117765;127.097;126.303;127.344;126.259;122.0825;5.014499999999998;109867.55666666669;1.071881486882275;0.56256230911651;126.7415;60.001371696051145;0.09598284821369418;0.05813595864095043;0.03784688957274375;89.04656319290464;66.21353412282515;126.28555000000001;127.42105807570857;125.15004192429146;127.493;125.089;126.291;20.41580272965381;27.137091636200743;13.923926628648687;1.6539999999999964;0.00508599452572867
2021-02-01;86950;126.56;127.154;127.154;126.521;122.10307;4.45693;109869.72333333331;0.7913918171632672;-0.422511939699588;126.49450000000002;53.89582258500295;0.11310886279518684;0.06913053947179772;0.04397832332338912;65.23281596452358;73.85038779659776;126.29565;127.43713381942072;125.15416618057927;127.493;125.089;126.291;21.256055449687203;25.322361250126928;12.992796163924773;1.335000000000008;0.005718006870601321
2021-02-02;83553;126.429;126.514;126.824;126.268;122.12250333333331;4.306496666666675;109844.15666666666;0.7606503844673552;-0.1035082174462687;126.49450000000002;52.49254725209904;0.11478754814770298;0.07826194120697877;0.03652560694072421;59.42350332594262;71.2342941611236;126.30085000000001;127.44376789293867;125.15793210706136;127.493;125.089;126.291;21.376574735581162;23.81585560474689;14.926964336309458;0.41100000000000136;0.0063435354452117555
2021-02-03;72493;126.402;126.397;126.526;126.144;122.14129666666668;4.260703333333325;109847.52333333332;0.6599420524030635;-0.0213558598106455;126.3345;52.19092737948877;0.11264079110881653;0.08513771118734632;0.027503079921470205;58.22616407982284;60.960827790096324;126.2692;127.36304891095587;125.17535108904413;127.493;125.089;126.291;21.17612596742315;22.811707855752495;15.666240498017107;1.0649999999999977;0.006883592350980983
2021-02-04;69598;126.267;126.399;126.465;126.099;122.16191;4.105090000000004;109831.2;0.6336815039805963;-0.1068021075615988;126.3345;50.624613792902714;0.09890597244748278;0.08789136343937362;0.01101460900810916;52.23946784922393;56.62971175166311;126.2133;127.18025668982605;125.24634331017396;127.466;125.089;126.2775;20.87387536087823;21.86067104824439;15.52569442987471;0.3399999999999892;0.0071206934754177095
2021-02-05;71040;126.967;126.192;126.997;126.165;122.18479999999998;4.782200000000017;109885.94333333331;0.6464885120428676;0.5543807962492098;126.886;57.71149269631665;0.14285839688720614;0.09888477012894013;0.04397362675826601;82.98736462093879;64.4843321833285;126.20980000000002;127.16524368750825;125.25435631249178;127.344;125.089;126.2165;21.474885024851233;25.75787220855197;14.087852198155701;0.6749999999999972;0.008214408257554286
2021-02-08;70125;126.805;126.878;127.126;126.65;122.20536666666666;4.599633333333344;109905.05;0.6380507538097078;-0.1275922089991832;126.886;55.71832333186185;0.16274296421875079;0.11165640894690226;0.05108655527184852;74.01157184185209;69.74613477067159;126.21724999999999;127.1886841717272;125.24581582827278;127.344;125.089;126.2165;22.221659807557394;25.83036498832707;13.327396647551751;0.8250000000000028;0.009567893813230664
2021-02-09;78287;126.724;126.732;126.851;126.435;122.22504333333332;4.498956666666672;109937.27333333332;0.7121060730933738;-0.0638776073498714;126.741;54.70106244771041;0.17000588205151246;0.12332630356782431;0.046679578483688144;69.6673189823879;75.55541848172624;126.22055;127.19837809838916;125.24272190161085;127.344;125.089;126.2165;22.322911187134082;24.581519158457642;15.181797507168845;0.7250000000000085;0.010892953476733053
2021-02-10;72460;126.758;126.712;127.078;126.645;122.24199;4.516009999999994;109883.11;0.6594280049044244;0.0268299611754674;126.741;55.071855315836416;0.17647106403386204;0.13395525566103186;0.04251580837283017;66.41833810888242;70.03240964437411;126.24390000000001;127.24925802577955;125.23854197422047;127.344;125.089;126.2165;22.780663426902635;26.012913499035044;14.40132094903364;0.6629999999999967;0.01217318151557024
2021-02-11;53936;127.067;126.75;127.162;126.698;122.26026666666668;4.806733333333327;109641.00333333333;0.4919327474231287;0.2437715962700481;127.11;58.40425091093227;0.20417488394556926;0.14799918131793935;0.056175702627629914;84.12607449856719;73.40391052994582;126.28889999999998;127.35518362080606;125.22261637919391;127.344;125.089;126.2165;23.337501505241015;25.56994935964282;13.59478491147571;0.6809999999999974;0.013822537291193841
2021-02-12;59811;127.153;127.017;127.306;126.939;122.27712;4.875880000000009;109622.74333333332;0.5456075827086844;0.0676808297984665;127.11;59.308863326253515;0.23041377551234632;0.16448210015682074;0.06593167535552558;89.05444126074559;79.86628462273171;126.37440000000001;127.42983553095361;125.3189644690464;127.344;125.089;126.2165;24.080748187954182;26.192238556378527;12.975788715033964;0.056000000000011596;0.015753934077630254
2021-02-15;53022;127.76;127.177;127.975;126.908;122.29601333333332;5.463986666666685;109594.05;0.4838036371499654;0.477377647401167;128.04950000000002;65.08115636494563;0.2967671660502873;0.19093911333551405;0.10582805271477325;90.95117845117888;88.04389807016388;126.50115000000001;127.58255432309072;125.4197456769093;127.975;125.128;126.5515;25.65025465013186;30.74730491832909;11.356764650474334;1.2000000000000028;0.018699003255182724
2021-02-16;79322;128.339;127.768;128.387;127.686;122.31789;6.021110000000007;109665.48333333334;0.7233087165529546;0.4531934877896049;128.04950000000002;69.52239349954799;0.39155951287001756;0.23106319324241475;0.1604963196276028;98.00166527893414;92.66909499695286;126.6172;127.93796365788859;125.2964363421114;128.387;125.27;126.82849999999999;27.530397209074028;33.020709537380746;10.435525971539047;1.9099999999999966;0.02305443708102891
2021-02-17;85866;127.477;128.365;128.453;127.311;122.33746666666669;5.139533333333318;109737.67;0.7824660392369565;-0.6716586540334579;127.6295;57.74674116011277;0.3926012716277114;0.2633708089194741;0.1292304627082373;58.53865760407819;82.49716711139705;126.72420000000002;127.95655118371319;125.49184881628686;128.453;125.3;126.8765;28.22224327833053;28.906836590993894;13.226421297463922;1.0750000000000028;0.026787502241798933
2021-02-18;79212;127.782;127.377;127.809;127.328;122.35929333333334;5.422706666666656;109812.24;0.7213403533157395;0.2392588466939127;127.6295;60.308482185413816;0.41327386015152;0.2933514191658833;0.1199224409856367;71.49532710280346;76.01188332860524;126.81694999999999;128.07431303031353;125.55958696968646;128.453;125.599;127.02600000000001;28.86467177121157;27.360674809740416;12.518969721137955;1.5150000000000006;0.030361379312541733
2021-02-19;77834;127.743;127.698;128.184;127.652;122.38077;5.362229999999997;109894.16666666669;0.7082632532815019;-0.0305207306193322;127.74750000000002;59.80914711018903;0.4216495479106044;0.31901104491482757;0.10263850299577681;69.83857264231061;66.62418578306408;126.8895;128.18422275024392;125.59477724975606;128.453;125.599;127.02600000000001;29.91510247574728;29.943781091477373;11.769159989863391;0.7759999999999962;0.033554052154696805
2021-02-22;91326;127.752;127.664;128.245;127.503;122.40258;5.349420000000009;109991.25;0.8303024104189352;0.0070453958338267;127.74750000000002;59.891676905067555;0.4241245221046199;0.34003374035278605;0.08409078175183388;70.22090059473204;70.51826677994869;126.9781;128.25412913759803;125.70207086240195;128.453;125.599;127.02600000000001;30.464809795062973;27.472314785677042;12.45518199617427;0.9469999999999885;0.0363012712211353
2021-02-23;83638;127.872;127.661;128.056;127.656;122.42326666666668;5.4487333333333225;110169.18666666666;0.7591777930888396;0.0939319932369064;128.33100000000002;61.04041567257405;0.4308029261357831;0.3581875775093855;0.07261534862639757;75.3186066270177;71.79269328802009;127.07175;128.3212511604633;125.82224883953668;128.453;125.599;127.02600000000001;30.97525230585612;26.21611929839918;11.885657966660169;1.1479999999999961;0.03874530944619504
2021-02-24;112022;128.79;127.856;128.877;127.758;122.44458333333333;6.345416666666665;110257.93333333332;1.0159994534028074;0.7179054054053946;128.33100000000002;68.47820443084426;0.504356628141565;0.38742138763582146;0.11693524050574355;96.79203539822944;80.77718087332637;127.2065;128.58065115616847;125.83234884383154;128.877;125.985;127.43100000000001;32.383525448155176;31.92532679465466;10.44656088303564;2.0319999999999965;0.042221483822547104
2021-02-25;148594;129.375;128.756;129.976;128.723;122.46928333333337;6.905716666666649;110469.25333333333;1.3451163605823826;0.4542278127183774;128.984;72.12968705718075;0.6029031852328046;0.4305177471552181;0.1723854380775865;83.02739339169727;85.04601180564812;127.35595;128.96988450610584;125.74201549389417;129.976;126.099;128.0375;34.508637059277;39.03249161079431;9.115620055034464;2.308000000000007;0.04705674352531437
2021-02-26;166320;128.593;129.188;129.522;128.541;122.49145666666668;6.101543333333311;110819.74;1.500815648908624;-0.6044444444444519;128.984;61.82046024025599;0.610859568307319;0.4665861113856383;0.1442734569216807;60.943236373905364;80.25422172127735;127.43074999999999;129.12634781493108;125.73515218506891;129.976;126.099;128.0375;36.02164955472723;35.24630809034502;10.031004859048023;1.4399999999999835;0.05129187990425046
2021-03-01;107227;128.637;128.712;128.939;128.085;122.51593666666663;6.121063333333353;110923.40333333334;0.9666760735583002;0.0342164814570056;128.8145;62.148274869940224;0.6136418106784447;0.49599725124419963;0.11764455943424507;59.801861302912116;67.9241636895049;127.5346;129.25833993398047;125.81086006601952;129.976;126.099;128.0375;36.34946337138628;32.30823766570936;13.645816836933353;0.8769999999999953;0.05490812563550833
2021-03-02;106507;128.992;128.63;129.077;128.185;122.54384333333336;6.448156666666634;110934.41666666669;0.9600897827769748;0.2759703662243318;128.8145;64.77609425909154;0.6371476494515207;0.5242273308856639;0.11292031856585683;69.98169615619258;63.575597944336664;127.66274999999999;129.4194293532113;125.90607064678865;129.976;126.099;128.0375;36.78367274832677;30.864823652070406;12.47600558107565;0.6529999999999916;0.05839175813633648
2021-03-03;106526;129.09;128.973;129.458;128.739;122.56966333333332;6.52033666666668;110993.0;0.9597542187344285;0.0759737037955954;129.17700000000002;65.48838536157143;0.6561206268440856;0.5506059900773482;0.10551463676673734;71.12125162972633;66.96826969627699;127.79714999999999;129.55873431816332;126.03556568183666;129.976;126.099;128.0375;37.52981326904295;32.39726736427686;11.611897306420419;1.6129999999999995;0.0616705477601325
2021-03-04;123762;129.264;129.037;129.639;128.914;122.59737666666668;6.666623333333334;111126.14333333333;1.113707326535693;0.1347896816174865;129.17700000000002;66.77313137694189;0.6773886789112424;0.5759625278441272;0.10142615106711528;76.79269882659747;72.6318822041721;127.947;129.67193976706406;126.22206023293596;129.976;126.165;128.0705;38.376899302625375;31.877410897511037;10.799636424886597;1.4820000000000135;0.06481536377077472
2021-03-05;143889;129.099;129.133;129.578;128.847;122.62379333333332;6.475206666666665;111122.87666666666;1.2948638868629037;-0.1276457482361825;129.062;64.32762446805563;0.6731697604007678;0.5954039743554553;0.07776578604531248;67.09193245778566;71.66862763803647;128.0536;129.7866042585057;126.32059574149427;129.976;126.435;128.2055;38.99220857773874;29.627085429612997;10.684279541055304;1.3559999999999945;0.06735151100616021
2021-03-08;111675;129.025;129.141;129.39;128.78;122.64837;6.376630000000006;111227.18666666666;1.004026113999137;-0.0573203510484066;129.062;63.20952071050656;0.6562897557512315;0.6075811306346106;0.048708625116620885;64.31519699812397;69.39994276083569;128.1646;129.8471406265523;126.48205937344773;129.976;126.435;128.2055;39.385166094666964;27.85968239123623;10.702135886708163;1.2730000000000103;0.06912323815125691
2021-03-09;110653;129.111;128.962;129.546;128.932;122.67278;6.438219999999987;111378.87;0.9934828751628568;0.0666537492733931;129.20850000000002;63.992815384376705;0.6424459942081739;0.6145541033493234;0.027891890858850577;67.33383685800565;66.24698877130508;128.28395;129.8770708962282;126.6908291037718;129.976;126.645;128.3105;39.91207326567587;27.710722697837582;10.052114966745908;1.23899999999999;0.07030209439909005
2021-03-10;94133;129.306;129.084;129.428;128.952;122.69573666666666;6.61026333333335;111508.29333333332;0.8441793626829032;0.1510328322141596;129.20850000000002;65.77227682712461;0.639833975971186;0.6196100778736959;0.020223898097490034;72.90739991912706;68.18547792508554;128.41135;129.9000822492641;126.92261775073591;129.976;126.698;128.337;40.40134421018415;26.373370564197423;9.566988052339491;0.5160000000000196;0.07119339899588346
2021-03-11;98512;130.049;129.272;130.057;129.217;122.72127;7.327730000000002;111567.47666666668;0.8829813395737028;0.5746059734273778;130.1825;71.54296879263548;0.6897666229254469;0.6336413868840461;0.05612523604140074;99.68676585747919;79.97600087820395;128.56045;130.07779128988798;127.04310871011204;130.057;126.908;128.4825;41.465756163997035;30.448618749476907;8.763240488790169;0.6740000000000066;0.07285210653279635
2021-03-12;94143;130.316;130.035;130.39;129.816;122.7472;7.56880000000001;111660.04333333332;0.8431216502303427;0.2053072303516367;130.1825;73.28596523103197;0.7423261996226529;0.6553783494317675;0.08694785019088536;97.2933430870525;89.9625029545529;128.71859999999998;130.27503405256977;127.16216594743018;130.39;126.908;128.649;42.72169442300257;32.053607290933414;8.253001488510767;1.7230000000000132;0.07521580414066066
2021-03-15;89194;130.181;130.274;130.487;129.99;122.77222666666668;7.408773333333329;111754.07333333332;0.7981275074775084;-0.1035943399122052;129.96050000000002;70.9206617058262;0.7642765665549689;0.6771579928564079;0.08711857369856102;88.78710150238244;95.25573681563803;128.83965;130.45452290831162;127.22477709168838;130.487;127.311;128.899;43.96285096421833;31.408022129044323;7.828001423496203;1.5440000000000111;0.07759125609213519
2021-03-16;79898;129.74;130.129;130.396;129.491;122.7975;6.94250000000001;111823.57;0.714500529718313;-0.3387591123128586;129.96050000000002;63.68927066567536;0.7375849558431753;0.6892433854537614;0.04834157038941389;68.90091590341424;84.9937868309497;128.9097;130.55292318630148;127.2664768136985;130.487;127.311;128.899;43.69418478915127;28.527220187101467;12.167373236380822;0.7480000000000189;0.07904196148841533
2021-03-17;79958;130.397;129.728;130.444;129.684;122.82466333333332;7.572336666666672;111945.96666666666;0.7142552999526813;0.5063974102050173;130.07450000000003;68.79426179720382;0.7606774550764897;0.7035301993783072;0.057147255698182464;96.25312239800151;84.64704660126604;129.05569999999997;130.6826003780191;127.42879962198086;130.487;127.328;128.9075;43.4989990867958;26.825883884994063;11.235384925702558;1.306999999999988;0.08065928957696412
2021-03-18;101107;129.752;130.366;130.664;129.594;122.85128666666668;6.900713333333343;112039.41666666669;0.9024234774516794;-0.4946432816705814;130.07450000000003;59.89186611606999;0.7186481886059823;0.7065537972238423;0.01209439138214008;64.63745637844184;76.59716489328584;129.1542;130.6970869822507;127.6113130177493;130.664;127.503;129.0835;43.56670111833182;26.173982752988877;10.066318541078454;0.48799999999999955;0.0811716088004278
2021-03-19;85271;129.638;129.723;129.996;129.321;122.87721666666668;6.760783333333336;112090.69;0.7607322249509963;-0.0878599173808503;129.76050000000004;58.452123720245126;0.6684355360879977;0.6989301449966734;-0.030494608908675724;58.61234368697102;73.16764082113811;129.24895;130.6607238452028;127.83717615479722;130.664;127.503;129.0835;42.87512556369914;24.44590969742085;12.071959843270538;0.5390000000000157;0.08058837686496055
2021-03-22;70853;129.883;128.982;129.94;128.949;122.90657666666668;6.976423333333344;112053.33666666668;0.6323149502523546;0.188987796787976;129.76050000000004;60.64188682920148;0.6410217993734477;0.6873484758720283;-0.04632667649858058;59.42857142857224;60.892790497995016;129.3555;130.61245099347533;128.09854900652468;130.664;127.656;129.16;41.30623138957941;22.13527267297802;14.479004931147847;0.8580000000000041;0.07951266419229444
2021-03-23;78973;128.666;129.874;129.92;128.6;122.93378;5.732219999999984;112078.58666666668;0.704621661895745;-0.9369971435830848;128.5415;47.3047589277019;0.5151560877096699;0.6529099982395566;-0.13775391052988673;3.1976744186047834;40.41286317804933;129.3952;130.5035993143261;128.28680068567388;130.664;127.758;129.21099999999998;39.07923831301694;19.492402361237062;15.907031479262542;-0.4449999999999932;0.07614233641047732
2021-03-24;76150;128.417;128.648;128.859;128.292;122.96182;5.455180000000013;111986.47;0.6799928598516696;-0.1935243187788482;128.5415;45.11832656977551;0.39080937814162553;0.6004898742199705;-0.20968049607834494;5.269814502529543;22.63202011656884;129.37655;130.53641179780118;128.21668820219884;130.664;128.085;129.3745;36.39671101619515;18.472161965548974;17.91763382173837;-0.88900000000001;0.07085622194190129
2021-03-25;90286;128.452;128.438;128.944;128.384;122.98900666666668;5.462993333333316;112036.96666666666;0.805859018556006;0.027254958455658;128.895;45.49964162372007;0.2917250971052283;0.538736918797022;-0.2470118216917937;6.745362563237671;5.0709504947906465;129.3304;130.55829175418626;128.10250824581374;130.664;128.085;129.3745;34.06542177686744;18.298474718673514;16.97274876268891;-1.5970000000000084;0.06443332065292902
2021-03-26;76711;129.338;128.568;129.459;128.403;123.02002333333331;6.317976666666667;112057.40666666666;0.684568760619124;0.6897518139071357;128.895;54.17872963425354;0.28144852253706176;0.48727923954502994;-0.20583071700796818;44.09780775716689;18.704328274311347;129.36765;130.54808539001445;128.18721460998555;130.664;128.085;129.3745;32.78728856452524;21.24597654878697;15.330922536104014;-0.9780000000000086;0.05874982121303519
2021-03-29;81455;129.214;129.34;129.431;128.832;123.05017999999998;6.163820000000015;111995.84;0.7273037998553583;-0.0958728293309008;129.2495;52.908812465021384;0.260297946763842;0.44188298098879236;-0.18158503422495037;38.870151770657785;29.90444069702076;129.3965;130.5314229929817;128.2615770070183;130.664;128.185;129.4245;31.60045058163606;20.06057376163824;14.475545600987488;-0.967000000000013;0.05350225498568498
2021-03-30;71382;129.285;129.117;129.549;129.074;123.0804;6.204599999999985;111902.88333333332;0.6378924105767929;0.0549476062965403;129.2495;53.5797398127513;0.2464244421351225;0.4027912732180584;-0.15636683108293592;41.86340640809448;41.61045531197303;129.41115000000002;130.53228964785777;128.29001035214227;130.664;128.292;129.478;30.69680591605521;20.278040344365248;13.817190127651024;-0.4550000000000125;0.048775643467337954
2021-03-31;88722;129.867;129.292;130.047;129.208;123.11262666666669;6.754373333333319;111888.90666666666;0.7929472424313504;0.4501682329736578;130.0655;58.765855070008925;0.2791739819030852;0.3780678149550638;-0.09889383305197863;66.39966273187176;49.04440697020798;129.45;130.577762918347;128.322237081653;130.664;128.292;129.478;30.615503478256702;23.389612722290185;12.717010559673906;-0.5300000000000011;0.04538943598007863
2021-04-01;78034;130.264;129.827;130.267;129.649;123.14363;7.120370000000008;111887.74;0.6974311930868656;0.3056973673065677;130.0655;61.89328981358307;0.33332049902153926;0.36911835176835894;-0.03579785274681968;83.13659359190642;63.79988757729086;129.5;130.6779003353419;128.3220996646581;130.664;128.292;129.478;30.834970441295372;24.114948395496373;11.961499762746454;0.5120000000000005;0.0435590665207158
2021-04-02;46624;130.12;130.234;130.319;130.006;123.17470333333334;6.945296666666664;111754.40666666666;0.4172005506598293;-0.110544739912799;130.132;60.112340458269195;0.36045728025086987;0.36738613746486115;-0.00692885721399128;77.06576728499216;75.5340078695901;129.55105;130.74341931778645;128.35868068221356;130.664;128.292;129.478;31.108401794176775;23.87949962354466;11.586066953643817;0.4819999999999993;0.04254402778227423
2021-04-05;59621;130.144;130.014;130.264;129.836;123.20589666666666;6.938103333333345;111719.97666666668;0.5336646298976849;0.0184445127574539;130.132;60.31728803140347;0.37952504582654;0.36981391913719697;0.009711126689343041;78.07757166947786;79.42664418212546;129.60700000000003;130.80039649739663;128.41360350260342;130.664;128.292;129.478;30.888899478716585;22.824547204011854;12.828955909919307;0.2609999999999957;0.042070761672859947
2021-04-06;79696;130.328;130.113;130.564;129.814;123.23984;7.088160000000016;111719.37333333334;0.7133588170263594;0.1413818539463873;130.36100000000002;61.93221575307448;0.404817169330812;0.37681456917592;0.028002600154892032;85.83473861720125;80.32602585722374;129.66785000000002;130.8778703758609;128.45782962413912;130.664;128.292;129.478;31.12474561131419;24.1462725428542;11.841712295532938;1.6620000000000061;0.04217632852445695
2021-04-07;91175;130.394;130.269;130.686;130.14;123.27522333333334;7.118776666666662;111775.97666666668;0.8156940580522939;0.0506414584739989;130.36100000000002;62.521393019734774;0.42528459179905553;0.38650857370054714;0.03877601809850839;87.80284043441934;83.90505024036612;129.72225;130.9598216342897;128.4846783657103;130.686;128.292;129.489;31.513470914622413;24.043742787355786;11.167926822807917;1.9770000000000039;0.042681331559355405
2021-04-08;77706;130.204;130.402;130.479;129.573;123.30975333333332;6.894246666666675;111807.11333333331;0.695000502949452;-0.1457122260226651;130.35800000000003;59.658814865749214;0.4213170784417173;0.3934702746487812;0.02784680379293608;79.86633249791151;84.50130384984402;129.73;130.9775603392215;128.48243966077848;130.686;128.292;129.489;30.38140286672803;21.824653701524294;15.913200625530497;1.7520000000000095;0.043059721842789486
2021-04-09;76355;130.512;130.182;130.552;130.051;123.34575;7.166250000000005;111832.89666666668;0.6827597449038609;0.2365518724463111;130.35800000000003;62.64463403018452;0.43797709414815245;0.4023716385486555;0.03560545559949696;92.73182957393458;86.80033416875513;129.7398;131.0085191336141;128.4710808663859;130.686;128.292;129.489;29.455377465110978;21.446737826670788;15.08413793634652;1.1740000000000066;0.04371843139801091
2021-04-12;70667;130.281;130.369;130.611;129.894;123.3832;6.897800000000004;111763.52666666669;0.6322903554283602;-0.1769952188304446;130.2945;59.11094216359223;0.42761127062303217;0.4074195649635309;0.02019170565950129;83.08270676691728;85.22695627958777;129.7448;131.02119971795614;128.46840028204386;130.686;128.292;129.489;28.210369436577;19.85264257068605;15.590509577277073;1.0670000000000073;0.04410033431232947
2021-04-13;86042;130.308;130.242;130.5;129.798;123.42126;6.886740000000003;111845.49333333332;0.7692934014208438;0.0207244341078105;130.2945;59.399222894320246;0.4167706821560557;0.4092897884020359;0.007480893754019835;83.57949609035573;86.46467747706919;129.77320000000003;131.07297084134035;128.4734291586597;130.686;128.292;129.489;26.819431286904752;18.409843780211517;15.451314676595318;1.0229999999999961;0.04423446788291585
2021-04-14;77057;130.497;130.306;130.582;130.031;123.45945333333334;7.037546666666671;111956.84;0.6882741599351422;0.1450409798324115;130.316;61.4481945720869;0.4186047432471014;0.411152779371049;0.007451963876052403;91.72141918528288;86.12787401418528;129.7782;131.08825963222995;128.46814036777005;130.686;128.292;129.489;25.699218956496303;18.205669878253715;14.557061807764827;0.6300000000000239;0.044395629311384396
2021-04-15;71368;130.135;130.436;130.55;130.023;123.49801999999998;6.636980000000008;111940.68333333332;0.6375519415713795;-0.277401013050127;130.316;55.65476886123217;0.38639376839540773;0.40620097717592074;-0.019807208780513008;70.28047464940603;81.8604633083482;129.79735;131.11648354517217;128.47821645482782;130.686;128.292;129.489;24.637155835911397;17.181438389386948;13.823499649991247;-0.1290000000000191;0.0439333152225341
2021-04-16;69034;130.367;130.11;130.542;129.977;123.53145000000002;6.835549999999969;111896.74;0.6169438001499761;0.178276405271438;130.2635;58.36407821776307;0.3752610243560923;0.40001298661195506;-0.024751962255862736;80.21091811414281;80.7376039829439;129.8338;131.17343451732123;128.49416548267877;130.686;128.292;129.489;23.51819108457346;16.13348454878252;13.4769410066265;0.24699999999998568;0.043337933680122245
2021-04-19;74205;130.16;130.193;130.325;129.699;123.56229;6.597710000000006;111767.65333333334;0.663921964780687;-0.1587825139797605;130.2635;55.127775160497436;0.3457494895747857;0.38916028720452117;-0.04341079762973549;64.41136671177216;71.6342531584403;129.84765;131.19473964438097;128.500560355619;130.686;128.292;129.489;21.96346335982293;14.970853559201327;15.504787689269001;0.015999999999991132;0.04228140805165671
2021-04-20;67676;130.087;130.148;130.974;129.994;123.59241333333334;6.494586666666649;111662.03333333334;0.6060788790937349;-0.0560848186846985;130.066;53.99077554809062;0.31286438979370246;0.37390110772235746;-0.061036717928655004;36.68807994289708;60.43678825627067;129.9187;131.15427939445368;128.68312060554632;130.974;128.292;129.63299999999998;21.711019847209624;20.209805999017778;13.91994705633572;-0.24100000000001387;0.040768763976738086
2021-04-21;55417;130.045;129.99;130.143;129.638;123.62530999999998;6.419690000000003;111375.43666666666;0.4975693174236566;-0.0322860854658824;130.066;53.3095266838316;0.28018387697611047;0.3551576615731081;-0.0749737845969976;33.69022127052006;44.92988930839641;130.0001;131.02592764634147;128.97427235365853;130.974;128.384;129.67899999999997;20.58943331033385;19.124954791715016;16.956867262182314;-0.34900000000001796;0.03887289362051722
2021-04-22;63275;129.738;130.022;130.467;129.673;123.65805666666668;6.079943333333333;111050.74666666667;0.5697845525516589;-0.2360721288784506;130.11300000000003;48.49294879549239;0.22689647944690705;0.32950542514786785;-0.1026089457009608;11.777301927194443;27.38520104687051;130.06439999999998;130.81951652080886;129.3092834791911;130.974;128.403;129.68849999999998;20.17374276990778;20.931386402343918;15.544049905446766;-0.4660000000000082;0.03626324690416912
2021-04-23;57588;130.488;129.744;130.562;129.589;123.69255666666666;6.795443333333338;110670.18;0.5203569742092657;0.5780881468806287;130.11300000000003;58.38508972377027;0.24239043888192668;0.31208242789467966;-0.06969198901275298;65.3104925053536;36.92600523435601;130.1219;130.8199916558723;129.42380834412774;130.974;128.832;129.903;19.96180299557775;19.825072881205326;14.004208509460083;-0.02400000000000091;0.03434823947253977
2021-04-26;56562;130.64;130.462;130.761;130.209;123.72622;6.913779999999974;110159.83333333331;0.5134539358719212;0.1164858071240226;131.0615;60.059286252981174;0.26389265281102325;0.3024444728779484;-0.038551820066925147;76.15988579585957;51.08256007613585;130.1932;130.78971172662276;129.59668827337723;130.974;129.074;130.024;20.123318436123434;20.751059388066732;13.204998202616158;0.35899999999998045;0.033142173421206386
2021-04-27;54869;131.483;130.557;131.498;130.557;123.76713333333332;7.71586666666667;109470.93666666666;0.5012197910306391;0.6452847519902161;131.0615;67.79714103124644;0.3449796562846643;0.3109515095592916;0.03402814672537274;99.22077922077992;80.23038584066434;130.3031;130.99249506815647;129.61370493184353;131.498;129.208;130.353;21.354531686580344;26.210662611311776;11.952710443366211;1.1750000000000114;0.033667275860445996
2021-04-28;61298;131.702;131.401;131.818;131.334;123.80409333333331;7.897906666666685;108914.56333333334;0.5628081142132634;0.166561456614156;131.8595;69.45282350289922;0.42204805323655137;0.33317081829474354;0.08887723494180783;94.79587258860417;90.05884586841454;130.39485;131.28644458836314;129.50325541163684;131.818;129.573;130.6955;22.87101608864899;28.20225077173932;11.356172344851544;1.204999999999984;0.035591433961880733
2021-04-29;57647;132.017;131.659;132.366;131.595;123.8453;8.171700000000001;108376.67;0.5319133721306872;0.2391763223033693;131.8595;71.70615800846967;0.5027478166234971;0.3670862179604943;0.1356615986630028;87.43248109470593;93.81637763469666;130.48250000000002;131.6169869324935;129.34801306750654;132.366;129.573;130.9695;24.825949673687724;31.583562338488484;10.460559334600433;1.882000000000005;0.03877242780722377
2021-04-30;61486;131.446;131.969;132.19;131.377;123.8843;7.561700000000002;108006.26666666666;0.5692817824150418;-0.4325200542354412;131.51050000000004;62.6801655625552;0.5146949495719753;0.3966079642827905;0.11808698528918476;66.87072380266436;83.03302582865814;130.5488;131.74415059292178;129.35344940707822;132.366;129.573;130.9695;26.061410154866877;28.987473036734745;11.804793022543706;1.0790000000000077;0.04172070404209843
2021-05-03;50722;131.575;131.496;132.166;131.426;123.92522333333332;7.649776666666668;107648.74;0.4711806194851448;0.0981391598070535;131.51050000000004;63.78912538504237;0.5284803676988759;0.42298244496600756;0.10549792273286829;71.51602448685557;75.2730764614086;130.62034999999997;131.8798062755405;129.36089372445946;132.366;129.573;130.9695;27.208623458818945;26.82604389324455;10.924577501878582;1.414999999999992;0.04449725981875483
2021-05-04;61135;131.304;131.564;131.64;131.145;123.96659666666666;7.337403333333341;107076.81333333334;0.5709452690722052;-0.2059661789853617;131.1965;59.770935806403344;0.5116401070553138;0.44071397738386886;0.07092612967144496;61.75729204177148;66.71468011043045;130.66915;131.95487396337566;129.38342603662434;132.366;129.573;130.9695;27.515200347348987;25.45855873499299;13.261476602756298;1.217000000000013;0.04654328405267458
2021-05-05;51417;131.089;131.309;131.458;130.984;124.01339;7.0756099999999975;106182.22;0.4842336127460431;-0.1637421556083595;131.1965;56.71839445099807;0.475464517012;0.44766408530949514;0.027800431702504846;54.015124234785446;62.42948025447081;130.7039;131.99555365326717;129.41224634673284;132.366;129.573;130.9695;27.385825351879472;24.18708512719726;14.295532241880856;1.0440000000000111;0.04759705466610897
2021-05-06;62069;131.594;131.037;131.851;131.037;124.05480666666664;7.539193333333344;105343.38333333332;0.5892064412208213;0.385234459031647;131.839;61.67001899120341;0.48198831949073906;0.4545289321457439;0.027459387344995145;72.20021606049637;62.65754411235108;130.77339999999998;132.09911631957908;129.44768368042088;132.366;129.589;130.97750000000002;27.81678847880573;26.22425802790288;13.086780530357556;1.8559999999999945;0.048606254464634666
2021-05-07;66018;132.084;131.611;132.173;131.479;124.10262333333334;7.981376666666662;104721.45;0.630415258764978;0.3723574023131837;131.839;65.76291331547495;0.5206951354556963;0.4677621728077344;0.052932962647961934;89.84515664385995;72.02016564638058;130.852;132.2882034674789;129.4157965325211;132.366;129.589;130.97750000000002;28.616161733875874;27.677589885529613;12.143984539116842;1.5960000000000036;0.05018161674751303
2021-05-10;62015;132.0;132.031;132.528;131.986;124.15257666666668;7.8474233333333245;103866.16333333332;0.5970664363616849;-0.0635958935223057;131.97950000000003;64.4915702220616;0.5383862860213071;0.48188699545044894;0.056499290570858174;82.03470568220507;81.36002612885379;130.93794999999997;132.43177173969931;129.44412826030063;132.528;129.589;131.05849999999998;29.753263526559287;29.838264701889916;11.45020321942151;1.3600000000000136;0.05184201568590845
2021-05-11;70405;131.959;131.933;132.471;131.784;124.19282333333334;7.766176666666666;102892.06666666668;0.6842607236968042;-0.0310606060606066;131.97950000000003;63.84281183674246;0.5428407625496732;0.4940777488702938;0.04876301367937935;80.63967335828548;84.17317856145016;131.0205;132.54804266716133;129.49295733283867;132.528;129.589;131.05849999999998;30.265964260090243;27.679700745775236;12.748961614696642;0.4759999999999991;0.05332328072197434
2021-05-12;76710;132.421;131.906;132.446;131.661;124.23962333333333;8.18137666666668;101931.44;0.7525646650335998;0.3501087458983365;132.31650000000002;67.7764646153108;0.5769992183761872;0.5106620427714725;0.06633717560471464;96.35930588635591;86.34456164228214;131.11669999999998;132.7396104842838;129.49378951571617;132.528;129.589;131.05849999999998;30.41584799029469;25.41706635286615;12.987638461469805;0.7189999999999941;0.05520766301710301
2021-05-13;74800;132.212;132.324;132.732;132.035;124.28579333333332;7.926206666666658;100893.97;0.7413723535707099;-0.157829951442745;132.31650000000002;64.36500544933776;0.5805136869767011;0.5246323716125183;0.05588131536418284;79.38961553705862;85.46286492723333;131.22055;132.84470780945026;129.59639219054975;132.732;129.589;131.1605;30.927386200467133;26.54916512753907;12.046081506167667;0.19499999999999318;0.05685739322824103
2021-05-14;60366;132.817;132.202;132.844;132.158;124.33527666666666;8.481723333333349;99934.90333333334;0.6040532185100824;0.4575984025655844;132.77950000000004;69.19816977017243;0.624913755686805;0.5446886484273756;0.08022510725942933;98.81941407958081;91.52277850099843;131.34305;133.0582422895111;129.6278577104889;132.844;129.589;131.2165;31.542755938738964;25.819701370611504;11.18650075341774;1.3710000000000093;0.05907205479212543
2021-05-17;55021;132.742;132.523;132.953;132.337;124.38312;8.358879999999985;98843.24;0.5566490940603974;-0.0564686749437326;132.77950000000004;67.96748552880345;0.6465957040415731;0.5650700595502152;0.08152564449135791;89.28390045708413;89.1643100245745;131.47215;133.20035950986804;129.74394049013196;132.953;129.589;131.27100000000002;32.25210641534104;25.29523198225419;10.464402023654939;1.1670000000000016;0.06133890105452387
2021-05-18;57134;133.098;132.735;133.188;132.656;124.43177333333333;8.666226666666688;97622.63;0.5852536445698517;0.2681894200780688;133.03900000000002;70.63696391266929;0.684613233903093;0.5889786944207908;0.09563453948230227;95.91651542649838;94.67327665438775;131.6227;133.36654530277153;129.8788546972285;133.188;129.589;131.3885;33.19941446397784;26.364400228178642;9.871734158941956;1.7940000000000111;0.06395300504531537
2021-05-19;76208;132.98;133.08;133.439;132.637;124.47728666666669;8.502713333333318;96659.07333333332;0.788420552483317;-0.0886564786849009;133.03900000000002;68.59638543336155;0.6971840822686488;0.6106197719903624;0.08656431027828637;81.30346232179201;88.83462606845815;131.76945;133.4503662352712;130.08853376472882;133.439;129.589;131.514;34.365387764917394;26.779733601589122;9.040476421313224;1.8909999999999911;0.06638233899428989
2021-05-20;62453;133.028;132.899;133.089;132.708;124.52078333333334;8.50721666666665;95771.67333333334;0.652103047031723;0.0360956534817269;132.87600000000003;68.98883448165026;0.7029169796232111;0.6290792135169322;0.0738377661062789;83.25865580448048;86.82621118425693;131.93394999999998;133.4201095439246;130.44779045607535;133.439;129.589;131.514;35.44807725864698;25.673705661660094;8.667096324968702;1.4339999999999975;0.06852255245242654
2021-05-21;61178;132.724;132.954;133.208;132.536;124.55985666666668;8.164143333333314;94873.05;0.6448406581214955;-0.2285233183991319;132.87600000000003;63.57037943029205;0.6751474037087064;0.638292851555287;0.03685455215341937;70.87576374745385;78.47929395790877;132.04575;133.41152990540138;130.67997009459862;133.439;130.209;131.824;35.863449667495836;23.806132306113238;9.898494197395276;0.6399999999999864;0.06978676335673797
2021-05-24;52822;132.872;132.682;133.046;132.521;124.59966666666668;8.272333333333336;94052.91333333332;0.5616200299164334;0.1115095988668324;133.07300000000004;65.01116377159768;0.6575028937619152;0.6421348599966127;0.015368033765302491;76.90427698574409;77.01289884589279;132.15735;133.40508703559615;130.90961296440386;133.439;130.557;131.998;36.19707390857422;22.43318233770191;9.492404582507003;0.8720000000000141;0.07049304631413435
2021-05-25;62593;133.274;132.749;133.611;132.744;124.64301;8.630990000000011;93434.79;0.6699110684574056;0.3025468119693952;133.07300000000004;68.63926642104789;0.6682543131054786;0.6473587506183859;0.020895562487092678;86.90753690753725;78.2291925469117;132.24689999999998;133.54428304289758;130.9495169571024;133.611;130.984;132.2975;37.24219954517885;26.408568040688625;8.609362611897986;1.3149999999999977;0.07125526699574457
2021-05-26;62441;133.076;133.212;133.413;132.996;124.68969333333334;8.386306666666655;92987.72;0.671497268671533;-0.1485661119198122;133.50950000000003;65.06082857080608;0.653267484236693;0.6485404973420473;0.0047269868946456794;74.90619136960589;79.57266842096239;132.3156;133.63560839391204;130.99559160608794;133.611;130.984;132.2975;38.21267335059743;25.194581437418428;8.213595190603646;0.6550000000000011;0.07158545393780798
2021-05-27;67809;133.943;133.07;134.056;132.933;124.74050333333332;9.20249666666669;92555.32666666666;0.7326320638919397;0.6515074092999562;133.50950000000003;71.95541797720738;0.703243416214292;0.6594810811164963;0.0437623350977957;95.2818371607516;85.69852181263157;132.4119;133.9009202013399;130.92287979866012;134.056;130.984;132.52;39.7670861634196;28.96635484955745;7.247370973810676;1.731000000000023;0.07276113925066166
2021-05-28;63732;133.945;133.842;134.006;133.607;124.79535;9.14964999999998;92224.22666666668;0.6910548594822563;0.0014931724688693;133.95150000000004;71.96915926740651;0.7345437228495655;0.6744936094631101;0.060050113386455384;95.36534446764017;88.51779099933255;132.53685000000002;134.09832933383643;130.9753706661636;134.056;130.984;132.52;41.21046948961162;27.718697676095765;6.935207623220807;1.127999999999986;0.07430902769286248
2021-05-31;47688;133.958;133.998;134.022;133.663;124.85144666666667;9.106553333333324;91828.81;0.5193141455279101;0.0097054761282633;133.95150000000004;72.06497254182108;0.751732923514254;0.6899414722733389;0.06179145124091512;95.90814196242118;95.51844119693764;132.656;134.26855486728306;131.04344513271695;134.056;130.984;132.52;42.566017901468975;26.786742992739647;6.6573581491452805;1.2160000000000082;0.07590990788840812
2021-06-01;58501;133.731;133.952;134.127;133.712;124.90654333333332;8.824456666666677;91551.48333333334;0.638995654357615;-0.1694560981800319;133.75800000000004;67.71259835141458;0.738525226900947;0.6996582231988606;0.0388670037020864;81.07074569789614;90.78141070931916;132.77735;134.32879258997818;131.22590741002185;134.127;130.984;132.5555;43.928138739364826;26.71617067150636;6.3410921478668145;0.6329999999999814;0.07698855723379146
2021-06-02;57396;133.785;133.634;134.072;133.632;124.95952;8.825479999999999;91242.99666666667;0.6290455388009181;0.0403795679386309;133.75800000000004;68.20454681237243;0.7240687668546002;0.7045403319300085;0.019528434924591664;82.63077704418441;86.53655490150057;132.91215;134.31473921641305;131.50956078358695;134.127;131.037;132.582;44.85849893858195;25.34157956242023;6.950317060056359;0.8050000000000068;0.07759864380664755
2021-06-03;60835;133.773;133.715;133.917;133.627;125.01050666666664;8.762493333333353;90945.36333333331;0.6689181039061949;-0.0089696154277341;133.513;67.95675252130958;0.7035337196176954;0.7043390094675459;-0.0008052898498505101;80.22346368715031;81.30832880974361;133.0211;134.3327725048571;131.70942749514288;134.127;131.479;132.803;45.70058739387503;24.44871544066684;6.766182214528374;0.7450000000000045;0.07769732730967614
2021-06-04;59033;133.253;133.691;133.813;133.14;125.06092333333332;8.192076666666651;90683.19;0.6509806282729301;-0.3887182017297985;133.513;58.10529555842397;0.637946047627338;0.6910604170995044;-0.05311436947216641;45.57907845579009;69.47777306237492;133.07955;134.32130013186958;131.83779986813045;134.127;131.661;132.894;44.58569682401342;22.47011234566966;12.074812353187202;0.5289999999999964;0.07652547958070141
2021-06-07;49835;133.178;133.243;133.385;132.888;125.1096;8.068400000000011;90383.64;0.5513719075708224;-0.0562839110563984;133.22400000000005;56.82575036475297;0.5733067485166146;0.6675096833829264;-0.09420293486631182;40.90909090909099;55.57054435067712;133.13845;134.27727368696745;131.99962631303256;134.127;131.661;132.894;42.748378995855056;21.11134662274389;14.410729569453146;0.3059999999999832;0.07429330430861665
2021-06-08;53625;133.27;133.141;133.424;133.134;125.1587;8.111300000000014;90212.02;0.5944329813254825;0.0690804787577548;133.22400000000005;58.04620711125771;0.5234690441020291;0.6387015555267469;-0.1152325114247178;46.637608966376895;44.37525944375265;133.204;134.20648331656847;132.20151668343155;134.127;131.661;132.894;41.12448841014747;20.830821493393117;13.883190166155742;-0.003999999999990678;0.07143895634019234
2021-06-09;45060;133.526;133.261;133.628;133.203;125.21197;8.314030000000002;90010.20666666667;0.5006098937964332;0.1920912433405863;133.32100000000003;61.32257018241764;0.4988786028188201;0.6107369649851616;-0.11185836216634149;62.57783312577892;50.04151100041559;133.25925;134.20311521813133;132.3153847818687;134.127;132.035;133.08100000000002;40.03924766247872;22.314799650766062;13.124891531685723;0.45000000000001705;0.06853013675770359
2021-06-10;48020;133.116;133.458;133.758;133.043;125.26323666666666;7.852763333333357;89836.66333333333;0.5345256404038454;-0.3070563036412399;133.32100000000003;54.043249954608726;0.4412208086189082;0.5768337337119109;-0.1356129250930027;37.04856787048685;48.75466998754754;133.30445;134.12143652987555;132.48746347012445;134.127;132.158;133.14249999999998;38.50252010196897;20.305408322358538;13.958076566590327;-0.8269999999999982;0.06497000999349005
2021-06-11;56956;132.804;132.967;133.414;132.664;125.31519333333335;7.488806666666647;89690.32666666666;0.6350294632292972;-0.2343820427296528;133.10800000000003;49.25199055477904;0.36613027688258626;0.534693042346046;-0.16856276546345972;9.569377990431487;36.39859299556574;133.3038;134.12235594799506;132.48524405200493;134.127;132.337;133.232;35.971140788898666;18.43062336199951;17.33504590495425;-1.1409999999999911;0.060540259807620095
2021-06-14;40376;133.412;132.712;133.438;132.649;125.37005666666668;8.041943333333336;89454.22333333333;0.45135934889896;0.4578175356164005;133.10800000000003;57.21277733674159;0.35162766339249174;0.49807996655533515;-0.1464523031628434;51.62381596752373;32.747253942814005;133.3373;134.1149647349585;132.5596352650415;134.127;132.521;133.324;33.68162940851034;16.973356724763626;15.693476263580184;-0.5459999999999923;0.056499113779700044
2021-06-15;36372;133.459;133.373;133.652;133.278;125.42520666666664;8.03379333333335;89175.03333333334;0.407872009018921;0.0352292147632882;133.1285;57.76434046047694;0.3400073518160127;0.46646544360747066;-0.12645809179145795;54.80378890392406;38.665660953959744;133.35535;134.12669201882048;132.5840079811795;134.127;132.521;133.324;32.09140642361811;18.82916328799684;14.969823415741256;-0.27199999999999136;0.05285063787982707
2021-06-16;56515;132.798;133.408;133.587;132.685;125.47820666666668;7.319793333333337;89082.72666666667;0.6344103073030506;-0.4952831955881587;133.1285;48.32864293281066;0.2742990467140203;0.4280321642287806;-0.15373311751476032;10.081190798376186;38.836265223274644;133.34625;134.13908513418497;132.55341486581503;134.127;132.521;133.324;30.487239804767107;16.815277743842483;20.400279857682545;-0.9869999999999948;0.04854422847307605
2021-06-17;80619;131.248;132.767;132.877;131.024;125.52565333333337;5.722346666666638;88981.98;0.9060149032421052;-1.1671862528050192;130.997;34.21484971226032;0.09604554218438466;0.36163483981990147;-0.2655892976355168;7.218820496293552;24.03460006619792;133.25725;134.46438609423217;132.05011390576783;134.127;131.024;132.5755;31.34094739872724;13.597737539770858;33.64873857459711;-2.5250000000000057;0.041605374838472646
2021-06-18;80543;130.746;131.152;131.431;130.612;125.57276666666668;5.173233333333343;88957.20666666667;0.905412872301569;-0.3824820187736;130.997;31.051954568387515;-0.08475188207313522;0.2723574954412941;-0.35710937751442934;3.8122332859178942;7.037414860195863;133.15834999999998;134.7777501698154;131.53894983018458;134.127;130.612;132.36950000000002;32.49713845794908;12.462664024982615;35.039143798916676;-2.5069999999999766;0.03238511957886751
2021-06-21;76083;131.487;130.643;131.494;130.041;125.62447666666668;5.862523333333328;88841.62333333334;0.8563891242118392;0.5667477398926035;131.81900000000002;39.8857398413587;-0.16632534116862985;0.18462092811930933;-0.35094626928793915;35.871992061523095;15.634348614578165;133.0891;134.86267197767617;131.31552802232383;134.127;130.041;132.084;34.00762478249872;10.748434584460416;35.624946621405506;-1.6910000000000025;0.0230635541681587
2021-06-22;64953;132.151;131.302;132.196;131.218;125.67693333333334;6.474066666666673;88751.41;0.7318531615440552;0.5049928890308752;131.81900000000002;46.50043297482028;-0.17537206449225096;0.11262232959699728;-0.2879943940892482;54.43756449948429;31.373929948975075;133.03295;134.8501222510533;131.2157777489467;134.127;130.041;132.084;33.94297108011159;16.281786226658497;32.3950092975321;-1.1189999999999998;0.015007060984853908
2021-06-23;64404;132.335;132.012;132.696;132.012;125.73088333333334;6.60411666666667;88669.56;0.7263372007258493;0.1392346633775076;132.31600000000003;48.201357336647526;-0.16578334841256037;0.05694119399508575;-0.2227245424076461;60.81654294803861;50.37536650301532;132.9959;134.83809444141986;131.15370555858016;134.127;130.041;132.084;32.99864756149985;19.9137100008555;30.324239950952098;-1.1910000000000025;0.008384661141629649
2021-06-24;58207;132.297;132.296;132.577;132.114;125.78646333333332;6.510536666666667;88555.63666666667;0.6572929989661876;-0.0287150035893857;132.31600000000003;47.862915269812234;-0.15941289167307104;0.013670376861454392;-0.17308326853452544;60.694108151735065;58.64940519975264;132.9136;134.72602372529113;131.10117627470888;134.127;130.041;132.084;32.12177572278895;19.02709382401041;28.974116759949958;-0.8190000000000168;0.002934300566180989
2021-06-25;55048;132.241;132.239;132.454;132.127;125.84073666666666;6.400263333333356;88456.67333333334;0.6223159647046088;-0.04232900216935;132.06750000000005;47.33544180203633;-0.1570723584250402;-0.02047817019584453;-0.13659418822919567;59.187516814635714;60.232722638136444;132.8284;134.5985877188587;131.05821228114127;134.127;130.041;132.084;31.307537586843118;18.403869961416795;28.025082654721146;-0.5629999999999882;-0.001585507929839164
2021-06-28;58022;131.894;132.15;132.346;131.778;125.88918666666667;6.004813333333331;88280.13333333333;0.657248667499295;-0.262399709621075;132.06750000000005;44.09282570266576;-0.18112952059908594;-0.05260844027649281;-0.12852108032259313;49.85203120796347;56.57788539144474;132.72520000000003;134.460246120424;130.99015387957607;134.127;130.041;132.084;30.97618363851595;17.34134380746527;29.95446569354811;-1.5180000000000007;-0.005795691936354194
2021-06-29;57219;131.499;131.896;131.966;131.278;125.93627666666664;5.562723333333352;88195.86666666667;0.6487719001192064;-0.2994829181009018;131.621;40.676893936909984;-0.2294235420106645;-0.08797146062332716;-0.14145208138733734;39.225181598062775;49.421576540220634;132.6136;134.3625863807355;130.86461361926447;134.072;130.041;132.0565;31.211773672092153;16.126825292148926;32.946400710812426;-1.960000000000008;-0.010187967809630851
2021-06-30;67058;131.743;131.406;131.783;131.28;125.98753;5.7554700000000025;88151.75;0.7607109331351039;0.1855527418459512;131.621;43.584382502832554;-0.24518183750964795;-0.11941353600059132;-0.12576830150905663;47.13375796178352;45.40365692260324;132.5115;134.21279627049447;130.81020372950556;133.917;130.041;131.97899999999998;31.430535846127196;15.284027421281108;31.224601418713156;-1.0550000000000068;-0.014135318975200498
2021-07-01;63301;132.156;131.721;132.432;131.562;126.04317666666668;6.112823333333338;88067.30666666667;0.7187797878228078;0.3134891417380991;131.95450000000002;48.211126857224016;-0.22178811646173813;-0.1398884520928207;-0.08189966436891744;58.57103295486056;48.3099908382356;132.43064999999999;134.0354121973359;130.82588780266408;133.813;130.041;131.927;30.33840635436939;20.54568296940637;28.454698848763094;0.9080000000000155;-0.016980256831402953
2021-07-02;60975;131.753;132.134;132.23;131.677;126.10051333333332;5.652486666666675;88000.24666666667;0.6928957850647661;-0.304942643542494;131.95450000000002;44.38587024349821;-0.23308035078076728;-0.15852683183041003;-0.07455351895035725;47.41068955967859;51.03849349210754;132.35565;133.93974334005242;130.77155665994758;133.758;130.041;131.8995;29.324286112022854;19.369495722542183;26.82574088474155;1.0069999999999766;-0.01952477402504936
2021-07-05;51227;131.648;131.482;131.867;131.426;126.15564;5.492359999999991;87863.46333333333;0.5830296013446564;-0.0796945800095594;131.217;43.419231145330464;-0.24764742495344194;-0.17635095045501642;-0.07129647449842552;45.31866892272991;50.43346381242301;132.27915000000002;133.84466732983014;130.7136326701699;133.758;130.041;131.8995;28.724719307008236;18.46182434671096;28.235801210669187;0.16100000000000136;-0.0218757229411627
2021-07-06;67326;130.786;131.514;131.863;130.62;126.20627333333331;4.579726666666673;87833.40333333334;0.7665193132103273;-0.654776373359256;131.217;36.409017852211214;-0.3250017146904156;-0.20608110330209628;-0.11892061138831933;26.26939351198876;39.66625066479907;132.15495;133.7793528410461;130.53054715895394;133.758;130.041;131.8995;29.099511265743477;16.16279732738759;32.79446328134762;-1.365000000000009;-0.02522331491095681
2021-07-07;72292;130.427;130.75;131.039;130.422;126.25321666666667;4.173783333333319;87786.78666666667;0.8234952291224666;-0.2744942119187188;130.22650000000004;33.95053284499227;-0.41054138084112424;-0.2469731588099019;-0.16356822203122234;14.538606403013013;28.708889612577213;132.0;133.66248404503582;130.33751595496418;133.758;130.041;131.8995;29.644721968383514;15.154018425778554;32.75054271221197;-1.9080000000000155;-0.029576038704566487
2021-07-08;84470;130.026;130.393;130.527;129.625;126.29918;3.726820000000004;87792.75;0.9621523417365372;-0.3074516779500991;130.22650000000004;31.400043804690497;-0.5048697075308439;-0.29855246855409034;-0.20631723897675358;13.057635949202563;17.955211954734764;131.84550000000002;133.6339675563171;130.05703244368294;133.652;129.625;131.6385;30.844373692406887;13.79818173898272;37.72587387130674;-2.2709999999999866;-0.03495063298308461
2021-07-09;72568;130.774;129.813;130.878;129.813;126.34911;4.424890000000005;87718.60666666667;0.8272817222890042;0.5752695614723136;130.8265;40.39504346152392;-0.5133506505779621;-0.34151210495886475;-0.1718385456190974;37.414522956691684;21.670255102969076;131.744;133.533772387763;129.954227612237;133.652;129.625;131.6385;31.24879216389385;15.755220980285154;33.87239303388166;-1.467000000000013;-0.03961146095101302
2021-07-12;60115;130.879;130.661;130.992;130.451;126.39919;4.4798100000000005;87600.01333333334;0.6862441877861944;0.080291189380155;130.8265;41.553574445631334;-0.5057690458362174;-0.3743634931343353;-0.1314055527018821;40.833604689026096;30.4352545316401;131.61735;133.27032444323828;129.9643755567617;133.652;129.625;131.6385;31.398343083377615;16.03659763852148;32.07981491896448;-1.0150000000000148;-0.04336361888517304
2021-07-13;65570;130.286;130.863;131.088;130.213;126.44721333333332;3.838786666666678;87521.7;0.7491856305349703;-0.4530902589414576;130.213;37.16060546526537;-0.5413701356159208;-0.4077648216306524;-0.13360531398526843;22.39159891598922;33.546575520568986;131.4587;132.97784740561903;129.93955259438096;133.587;129.625;131.606;31.773022776821982;14.68313442587541;31.66796633822345;-1.2129999999999939;-0.047137386561677916
2021-07-14;68142;130.14;130.253;130.43;130.019;126.49055666666668;3.649443333333309;87473.2;0.7790043121778123;-0.1120611577606345;130.213;36.147372458802586;-0.574739990735452;-0.44115985545161235;-0.13358013528383966;18.204312477906857;27.143172027640713;131.32580000000002;132.81784833701835;129.83375166298168;132.877;129.625;131.251;32.309491410340605;14.081939708210998;32.303998572886016;-1.6030000000000086;-0.050889601979289455
2021-07-15;73644;129.734;130.112;130.203;129.61;126.53087333333336;3.2031266666666625;87403.41333333333;0.8425757895647963;-0.3119717227600849;129.84550000000002;33.418568995523714;-0.6267221850229703;-0.47827232136588393;-0.14844986365708635;4.394046775336512;14.996652723077515;131.2501;132.895955753096;129.60424424690402;132.696;129.61;131.15300000000002;33.182441342537665;13.239633686855978;34.4972415883218;-2.421999999999997;-0.05496919337799788
2021-07-16;67574;129.957;129.7;130.283;129.637;126.57050666666665;3.386493333333348;87351.40333333334;0.7735880297438336;0.1718901752817192;129.84550000000002;36.264600785362596;-0.6425176684673772;-0.5111213907861827;-0.13139627768119455;12.296243798723712;11.631534350655679;131.21065000000002;132.93871658147168;129.48258341852835;132.696;129.61;131.15300000000002;33.808463574111855;13.183521898851048;32.23520137949021;-1.7959999999999923;-0.058659861850273005
2021-07-19;81544;129.141;129.964;129.97;128.891;126.60824333333332;2.532756666666657;87358.48;0.9334411496169652;-0.62789999769155;129.2845;31.036650525614647;-0.7126649256563837;-0.5514300977602229;-0.16123482789616084;7.0601524992939915;7.916814357784724;131.09335;133.0356664803912;129.15103351960877;132.696;128.891;130.7935;35.020954230952334;11.792610361069963;36.12859611124755;-2.507000000000005;-0.06302608256747684
2021-07-20;85206;129.428;129.058;129.484;128.597;126.64857333333332;2.779426666666666;87386.58;0.975046740586372;0.2222377091706029;129.2845;34.60735471644131;-0.7366074784323189;-0.5884655738946422;-0.14814190453767673;21.668839634941154;13.675078644319605;130.9572;132.96453640429286;128.94986359570714;132.696;128.597;130.6465;36.36016622459422;10.785249401757284;35.87376525476518;-1.358000000000004;-0.06711498068130328
2021-07-21;74420;130.092;129.345;130.189;129.161;126.69098333333332;3.401016666666692;87468.31;0.8508224292888646;0.5130265475785878;129.87850000000003;42.079399231625835;-0.6940028405395822;-0.6095730272236302;-0.08442981331595201;41.15056427195189;23.293185468728996;130.84505;132.7813187287666;128.90878127123338;132.577;128.597;130.587;36.115697401214746;16.353494820404585;32.41748706557013;-0.33499999999997954;-0.0697324570245781
2021-07-22;67138;129.665;130.029;130.297;129.484;126.72951333333332;2.9354866666666624;87414.21;0.7680444632513674;-0.3282292531439412;129.87850000000003;38.99372714340041;-0.686776952269895;-0.6250138122328832;-0.06176314003701178;32.66055045871528;31.82665145520276;130.71345000000002;132.59407069275005;128.83282930725;132.454;128.597;130.52550000000002;35.681101040444524;16.120732890608906;29.95914005405822;-0.3610000000000184;-0.07174910140685542
2021-07-23;66343;130.141;129.578;130.186;129.506;126.76803333333336;3.372966666666642;87235.52666666667;0.7605043786059074;0.3670998341881004;130.20850000000002;43.92974303047423;-0.635317615850397;-0.627074572956386;-0.00824304289401101;47.27495407225924;40.36202293430879;130.60845;132.36671397051174;128.85018602948827;132.432;128.597;130.5145;35.27754727687218;15.089977793103108;28.043561119951573;-0.6330000000000098;-0.07243315301541352
2021-07-26;67370;130.276;130.088;130.349;129.676;126.80491666666666;3.471083333333354;87067.21333333333;0.7737700268649799;0.1037336427413437;130.20850000000002;45.281953029549065;-0.5769911543724504;-0.6170578892395989;0.04006673486714851;67.4026495383385;49.11271802310432;130.52755;132.187938445515;128.867161554485;132.432;128.597;130.5145;34.56050043842773;15.6724794535031;26.254345271428427;-0.6029999999999802;-0.07185337378436799
2021-07-27;69227;129.729;130.265;130.299;129.545;126.83844999999998;2.890550000000033;86860.26;0.7969927789761628;-0.4198777979059764;129.95150000000004;40.97052296976752;-0.5683537141333375;-0.6073170542183466;0.038963340085009124;45.44359694901693;53.37373351987154;130.43905;132.0713349598032;128.8067650401968;132.432;128.597;130.5145;34.059749146857456;14.552265089769815;25.61960943306303;-0.556999999999988;-0.07112281987535246
2021-07-28;76232;130.174;129.641;130.237;129.625;126.87307333333332;3.300926666666683;86764.37333333334;0.8786094692013897;0.3430227628363758;129.95150000000004;45.515450162955574;-0.5196109479729785;-0.589775832969273;0.07016488499629459;63.30790847049408;58.71805165261649;130.3606;131.8816949214299;128.8395050785701;132.432;128.597;130.5145;33.59476580468506;13.696531113039162;24.113069377119892;0.034000000000020236;-0.06952400757735996
2021-07-29;63356;130.136;130.153;130.564;129.898;126.90225666666666;3.2337433333333365;86592.46666666666;0.7316571803396988;-0.0291916972667394;130.1655;45.19544211324458;-0.4785320178134782;-0.5675270699381141;0.08899505212463588;61.78241670012029;56.84464070654375;130.2596;131.53956974964248;128.97963025035753;132.23;128.597;130.4135;32.41462759427553;15.97901194878435;22.558447159716287;0.4019999999999868;-0.06733233072304332
2021-07-30;68468;130.195;130.095;130.5;130.018;126.92845333333334;3.266546666666656;86402.51333333334;0.7924306522872607;0.045337185713401;130.1655;45.832231916270835;-0.43618776178746543;-0.5412592083079844;0.10507144652051892;64.15094339622618;63.080422855613506;130.1817;131.26282665307997;129.10057334692004;131.867;128.597;130.232;31.318784970323822;15.214494512701412;21.479135983290842;0.23799999999999955;-0.06461793240334411
2021-08-02;57807;129.777;130.129;130.422;129.602;126.94859333333332;2.828406666666652;86145.38666666667;0.6710399968796157;-0.321056876224135;129.56850000000003;42.0999854065065;-0.4313859912624025;-0.519284564898868;0.08789857363646547;59.98983223182449;61.97439744272364;130.08814999999998;130.9463910558811;129.22990894411888;131.863;128.597;130.23000000000002;30.941491263586837;13.98831417282981;23.836685741531667;0.6359999999999957;-0.06216536226156313
2021-08-03;64841;129.36;129.695;129.867;129.166;126.96739333333332;2.39260666666668;85915.38;0.7547077135664471;-0.3213204188723506;129.56850000000003;38.713091273061785;-0.4559727979306558;-0.5066222115052256;0.05064941357456976;38.79003558718918;54.31027040507994;130.01685;130.86825149753213;129.16544850246788;131.088;128.597;129.8425;31.165619388765116;13.022113892866638;26.486298283923777;-0.06799999999998363;-0.060494102773072704
2021-08-04;59392;129.595;129.318;129.82;129.135;126.99119333333331;2.603806666666671;85767.10666666667;0.6924799297569838;0.1816635745206962;129.74450000000002;41.566087097718416;-0.4512932556003193;-0.49555642032424435;0.04426316472392505;50.73716319267912;49.83901033723092;129.97525000000002;130.82372460185914;129.1267753981409;131.088;128.597;129.8425;31.412619005072877;12.139710161310369;24.998195150496816;-0.4970000000000141;-0.05895167387622121
2021-08-05;60924;129.894;129.551;130.015;129.54;127.01693666666668;2.87706333333334;85555.86666666667;0.7120961118582113;0.2307187777306207;129.74450000000002;45.069831071066304;-0.41863215257112074;-0.4801715667736196;0.061539414202498866;65.93797661413356;51.82172513133394;129.96864999999997;130.81749634062942;129.11980365937052;131.088;128.597;129.8425;31.13258337753961;13.532312233997501;23.794147386621088;0.22900000000001342;-0.05700169456699208
2021-08-06;56434;129.631;129.861;129.964;129.58;127.04283;2.588169999999991;85319.55333333333;0.6614427501690319;-0.202472785502028;129.56100000000004;42.64751733028242;-0.4092522894847548;-0.46598771131584665;0.05673542183109187;52.567361464158616;56.41416709032375;129.9115;130.6864576762637;129.13654232373628;131.088;128.597;129.8425;30.87255029483015;12.987697334226201;22.83653962750126;-0.5099999999999909;-0.05514335603625293
2021-08-09;54162;129.491;129.703;129.703;129.393;127.07204333333335;2.41895666666666;84953.86;0.6375460750105248;-0.1079988582977753;129.56100000000004;41.372793005110154;-0.4084076413175808;-0.4544716973161935;0.04606405599861274;24.912526242128934;47.805954773473694;129.84210000000002;130.49742187511183;129.1867781248882;131.088;128.597;129.8425;30.91924931709692;12.548632101749105;24.1038017826404;-0.7849999999999966;-0.053528130208509966
2021-08-10;52686;129.606;129.348;129.688;129.348;127.10116333333336;2.504836666666648;84595.34;0.6228002629931362;0.0888092608752666;129.62450000000004;42.88302004983396;-0.39391787262457;-0.4423609323778689;0.04844305975329888;32.96011196641028;36.8133332242326;129.8081;130.43783165713666;129.17836834286334;130.564;128.597;129.5805;31.032132381558263;12.066805142825503;23.686486177736104;-0.12300000000001887;-0.05186968567923367
2021-08-11;55467;129.643;129.54;129.808;129.464;127.12821666666666;2.514783333333341;84282.72;0.6581064303571766;0.0285480610465516;129.62450000000004;43.38830661516556;-0.3751248302283443;-0.428913711947964;0.05378888171961971;35.549335199440804;31.140657802659998;129.78325;130.39767001106745;129.16882998893257;130.564;128.597;129.5805;30.765778903522822;12.98305969470716;22.73531245291529;-0.5310000000000059;-0.05009729008902742
2021-08-12;46049;129.546;129.589;129.708;129.394;127.15713;2.388869999999983;83977.75666666667;0.5483475842630215;-0.0748208541919037;129.4125;42.33103613263306;-0.3638639015107401;-0.41590374986051926;0.05203984834977915;28.7613715885235;32.42360625145819;129.77385;130.39669099897176;129.15100900102826;130.564;128.597;129.5805;30.64330656947575;12.490023994476848;22.718515259077524;-0.5900000000000034;-0.0483720633682036
2021-08-13;46277;129.279;129.415;129.698;129.234;127.18705666666666;2.091943333333333;83739.1;0.5526331188177861;-0.2061043953499153;129.4125;39.47931394590723;-0.37219378469197295;-0.40716175682681;0.034967972134837044;10.076976906928289;24.795894564964186;129.73995;130.39233070940222;129.08756929059777;130.564;128.597;129.5805;30.812768922409493;11.778229937447913;23.388947798994188;-0.9159999999999968;-0.047057868596217245
2021-08-16;51830;128.67;129.27;129.435;128.499;127.21642;1.453579999999988;83526.25;0.6205234881249164;-0.4710741883832692;128.4885;33.873938297605264;-0.4230597184129863;-0.4103413491440453;-0.012718369268940988;8.280871670701814;15.706406722051192;129.71640000000002;130.4783662459717;128.95443375402834;130.564;128.499;129.5315;32.00634264665048;10.480682614543694;29.46307515683803;-1.1069999999999993;-0.04689600868253356
2021-08-17;57955;128.307;128.552;128.874;128.255;127.24592666666668;1.0610733333332971;83373.42666666667;0.695125561189917;-0.2821170435999054;128.4885;31.04453831401885;-0.48704801727231484;-0.4256826827696992;-0.06136533450261561;2.2520571676047014;6.869968581744925;129.66035;130.6343484137565;128.6863515862435;130.564;128.255;129.40949999999998;33.38403012072104;9.718202363768198;30.187336321190617;-1.0530000000000257;-0.047967331408515244
2021-08-18;59930;128.526;128.229;128.954;128.221;127.27305666666668;1.2529433333333344;83258.56666666667;0.7198058097724415;0.1706843741962727;128.348;34.5940459333916;-0.5141608096290611;-0.44337830814157164;-0.07078250148748944;13.383062746819101;7.971997195041863;129.58204999999998;130.65173920252576;128.5123607974742;130.564;128.221;129.39249999999998;34.39588688828625;9.819729536053092;27.62444278656166;-1.0689999999999884;-0.049399943572232125
2021-08-19;75222;128.17;128.472;128.706;127.933;127.29871;0.8712900000000019;83080.66;0.9054092733494288;-0.2769867575432405;128.348;31.734351460746907;-0.5579425038159513;-0.4662911472764476;-0.09165135653950374;9.521896343912475;8.385672086112082;129.5073;130.73989305531074;128.27470694468923;130.564;127.933;129.2485;35.66343177033486;8.956177219790792;28.4715736341548;-1.724000000000018;-0.05145223947331581
2021-08-20;53939;128.454;128.028;128.525;127.948;127.32542999999998;1.1285700000000247;82885.44666666667;0.6507656309908707;0.221580713115399;128.6485;36.26099779248501;-0.5632308111838427;-0.48567908005792665;-0.07755173112591601;25.02401536983698;15.97632482018951;129.42295000000001;130.70060370503919;128.14529629496084;130.564;127.933;129.2485;36.84043773223714;8.364849470288254;26.591750228619976;-1.1769999999999925;-0.05330798842023587
2021-08-23;56021;128.843;128.322;129.145;128.211;127.35407666666666;1.4889233333333325;82666.65333333334;0.6776734963988691;0.3028321422454683;128.6485;41.93994380777915;-0.5299241481679928;-0.4945280936799399;-0.03539605448805294;43.70797310278537;26.084628272178264;129.35129999999998;130.58968347857208;128.11291652142788;130.564;127.933;129.2485;35.98420678213271;14.353087236336926;23.84704392724657;-0.6480000000000246;-0.05426635533246794
2021-08-24;47602;128.956;128.791;129.035;128.594;127.38312333333334;1.5728766666666445;82522.95666666667;0.5768334282092199;0.0877036393129637;129.2195;43.51434064206721;-0.4887759176208988;-0.4933776584681317;0.004601740847232916;49.13544668587858;39.28914505283363;129.31265000000002;130.5497188380201;128.07558116197993;130.564;127.933;129.2485;35.189135185607164;13.637347294485993;22.65787245822677;-0.6500000000000057;-0.05430713425765837
2021-08-25;54027;129.483;128.781;129.534;128.768;127.41159333333331;2.071406666666689;82387.14;0.6557698203869371;0.4086665219144691;129.2195;50.2851384565745;-0.4089272934871815;-0.4764875854719417;0.06756029198476021;76.3170851797146;56.38683498945951;129.2781;130.45410321428147;128.10209678571852;130.564;127.933;129.2485;33.171909926922076;18.031890003694556;20.724690039971566;-0.1599999999999966;-0.05283370117574186
2021-08-26;60772;129.367;129.409;129.766;129.229;127.43867;1.9283299999999883;82246.22666666667;0.7389031991253979;-0.0895870500374651;129.46450000000002;48.8958087123995;-0.35096125129140887;-0.45138231863583517;0.1004210673444263;76.47999999999969;67.31084395519761;129.23965;130.34935811928202;128.129941880718;130.5;127.933;129.2165;30.817980796804903;19.55515381337391;19.470506334912226;-0.17900000000000205;-0.05047861658118052
2021-08-27;62019;129.562;129.343;129.751;129.157;127.46751;2.0944900000000217;82138.94;0.755049919076049;0.1507339584283729;129.46450000000002;51.33017952952658;-0.28599114699224515;-0.4183040843071172;0.13231293731487204;86.88000000000092;79.89236172657172;129.208;130.2403218490376;128.1756781509624;130.422;127.933;129.1775;28.757973041432297;18.240230925329715;18.97632688407328;0.28300000000001546;-0.04724115496368194
2021-08-30;43509;129.67;129.42;129.708;129.417;127.49700333333332;2.172996666666677;81988.99333333333;0.5306687913962439;0.0833577746561342;129.78;52.674790305705365;-0.2232141006382733;-0.3792860875733485;0.15607198693507518;92.63999999999966;85.33333333333341;129.20265;130.2241736218514;128.1811263781486;130.015;127.933;128.974;26.845108697157734;17.615316254306414;18.3261933895722;1.0;-0.043295516234239585
2021-08-31;65365;129.89;129.649;130.178;129.567;127.52713333333332;2.362866666666662;81925.64;0.7978576670257568;0.1696614482918246;129.78;55.37911381288613;-0.15393619707731432;-0.33421610947414165;0.18027991239682734;87.17149220489924;88.89716406829992;129.22914999999998;130.29227732539445;128.1660226746055;130.178;127.933;129.0555;25.822271527995024;21.879445604122115;17.00857056548165;1.5829999999999984;-0.03862799551306637
2021-09-01;58243;130.27;129.89;130.454;129.864;127.55654666666666;2.713453333333348;81860.70666666667;0.7114890937498979;0.2925552390484531;130.40900000000002;59.66636616004145;-0.06759098833776989;-0.2808910852468673;0.2133000969090974;92.70130900436345;90.83760040308744;129.2629;130.4098908282111;128.1159091717889;130.454;127.933;129.1935;25.388086882751335;23.611664634198355;15.825345074478756;1.7439999999999998;-0.033028457705121333
2021-09-02;48383;130.548;130.11;130.592;130.11;127.58763;2.960370000000012;81752.42666666667;0.5918234109094835;0.2134029323712205;130.40900000000002;62.50470058215804;0.02300529757880554;-0.22011180868173272;0.24311710626053826;98.34524257239522;92.7393479272193;129.29559999999998;130.54537988461982;128.04582011538014;130.592;127.933;129.26250000000002;25.228796438965173;23.901133112645002;14.912633108455914;2.3780000000000143;-0.026560362603450283
2021-09-03;61452;130.3;130.545;130.743;130.188;127.61691666666664;2.683083333333357;81697.68666666666;0.7521877608447072;-0.1899684407267732;130.32350000000002;58.546577513113974;0.07393964925043406;-0.16130151709529938;0.23524116634573344;84.23487544484037;91.76047567386634;129.32905;130.64690408524632;128.01119591475367;130.743;127.933;129.338;25.342904973279524;24.121793600667033;13.917304871614128;1.8460000000000036;-0.020108777562768368
2021-09-06;37069;130.347;130.306;130.501;130.226;127.64817666666669;2.698823333333337;81514.12666666666;0.4547555315360322;0.0360706062931592;130.32350000000002;59.07549858810132;0.11675215099600678;-0.10569078347703817;0.22244293447304495;85.90747330960896;89.49586377561484;129.37185;130.7616021037942;127.9820978962058;130.743;127.933;129.338;25.44886289799999;23.292234117205073;13.438682409636025;1.504000000000019;-0.013835157529370994
2021-09-07;63814;130.602;130.326;130.658;130.226;127.68084333333331;2.9211566666666755;81425.74333333333;0.7837079207095008;0.1956316601072538;130.44450000000003;61.91481355124713;0.16930608084228993;-0.050691410613172554;0.2199974914554625;94.98220640569424;88.37485172004784;129.42165;130.90932580809812;127.93397419190188;130.743;127.933;129.338;25.831749383064224;24.00975833949666;12.699807675828092;1.646000000000015;-0.007539151150398993
2021-09-08;64884;130.287;130.509;130.695;130.175;127.70949333333331;2.577506666666679;81365.77666666667;0.7974360063667065;-0.2411907934028567;130.44450000000003;56.68315660566477;0.18342319304844068;-0.0038684898808499096;0.1872916829292906;83.68515205724549;88.19161059084955;129.45385000000002;130.986494417339;127.92120558266102;130.743;127.933;129.338;26.01269475899937;22.412384835210425;12.507394724598896;0.804000000000002;-0.0019589657099313425
2021-09-09;63664;129.752;130.196;130.333;129.666;127.73452666666668;2.017473333333342;81249.28;0.7835638666581681;-0.4106319126236712;129.78;49.09539982160647;0.14971525311824507;0.02684825871896909;0.12286699439927598;60.8609794628755;79.84277930860507;129.46415;131.0018934473931;127.9264065526069;130.743;127.933;129.338;24.647227543716223;20.52600043991989;17.877627231993788;0.3850000000000193;0.0020988183289730425
2021-09-10;61105;129.808;129.667;130.277;129.65;127.76042333333334;2.0475766666666573;81153.08333333333;0.7529596842181081;0.0431592576607631;129.78;49.852112388431195;0.12606697820862678;0.046692002616900624;0.07937497559172615;56.491391344811454;67.01250762164415;129.4906;131.032886276928;127.94831372307202;130.743;127.933;129.338;23.336307325449017;18.914387325899835;16.674311992039016;0.2459999999999809;0.005042154577668018
2021-09-13;54107;129.921;129.805;129.946;129.592;127.78648333333334;2.134516666666656;81031.79666666666;0.6677255376993368;0.087051645507219;129.70100000000002;51.421370120816775;0.11511671178988081;0.06037694445149667;0.05473976733838414;58.37974683544278;58.5773725477099;129.55315;131.0582642514774;128.04803574852258;130.743;127.933;129.338;21.955745380521005;18.05256871174765;16.66109240076552;0.2510000000000048;0.00727261187780054
2021-09-14;58963;129.481;129.834;130.195;129.364;127.81049999999998;1.6705000000000183;81001.58;0.7279240725920744;-0.3386673440013532;129.70100000000002;45.45655401157604;0.07012585676903882;0.0623267269150051;0.007799129854033721;20.428751576291745;45.099963252181986;129.61185;131.0054242929605;128.2182757070395;130.743;127.933;129.338;21.293867675654326;19.282889430797823;14.940168974959676;-0.4089999999999918;0.008252264624884209
2021-09-15;62862;129.229;129.407;129.536;129.062;127.83193666666668;1.3970633333333211;80896.48666666666;0.7770671210854262;-0.1946231493423544;129.19250000000002;42.42146374220375;0.01397489221690762;0.052656359975385605;-0.038681467758477986;9.934562760261944;29.581020390665483;129.647;130.96252575041325;128.33147424958673;130.743;127.933;129.338;19.828920278251644;18.132418103704737;17.85009780428356;-1.0409999999999968;0.007956175230534586
2021-09-16;63128;129.156;129.202;129.361;128.609;127.85204;1.3039600000000036;80796.18333333333;0.7813240353142777;-0.056488868597615;129.19250000000002;41.55586926484985;-0.03600064858284213;0.03492495826374006;-0.0709256068465822;25.632614807872567;18.665309714808743;129.6963;130.85076803333848;128.54183196666153;130.743;127.948;129.3455;19.405957616540434;16.455054568604993;21.77137323127361;-1.391999999999996;0.006692904364437665
2021-09-17;63167;128.964;129.026;129.674;128.906;127.8686;1.095399999999998;80655.20666666667;0.7831732458519376;-0.1486574375174298;128.621;39.28536327160604;-0.0900612500802822;0.009927716594935604;-0.09998896667521781;16.63542642924049;17.40086799912499;129.72179999999997;130.78424352320505;128.6593564767949;130.743;128.211;129.477;18.21701394722603;18.69908488345587;19.760866548891194;-1.3360000000000127;0.004533889091338997
2021-09-20;61961;128.278;128.919;129.029;128.143;127.88314333333334;0.3948566666666551;80560.38666666667;0.7691249082054097;-0.5319313917062196;128.621;32.461031039796296;-0.18611372988505082;-0.02928057270106168;-0.15683315718398913;5.192307692307354;15.820116309806792;129.69355000000002;130.8717043998986;128.51539560010144;130.743;128.143;129.44299999999998;18.53261732216947;16.774542152050888;26.590395871150367;-2.069000000000017;0.0008254454606766676
2021-09-21;68575;128.066;128.28;128.705;127.996;127.89774;0.1682600000000036;80431.81333333334;0.8525855275175296;-0.1652660627699087;128.20600000000002;30.6869264895969;-0.27615924847984274;-0.0786563078568179;-0.19750294062302484;2.5482344375685253;8.12532285303878;129.64905;130.9911061053847;128.3069938946153;130.743;127.996;129.3695;19.050486441281187;15.407920113453958;26.11322861551026;-2.5360000000000014;-0.004082625165501778
2021-09-22;80376;128.346;127.963;128.774;127.929;127.91278;0.4332199999999915;80329.23;1.0005822289095765;0.2186372651601598;128.20600000000002;35.68642459073861;-0.3212244354303948;-0.1271699333715333;-0.19405450205886152;14.818763326226106;7.519768485367319;129.5922;131.04899794069058;128.1354020593094;130.743;127.929;129.336;19.350327351555336;14.722315242704035;23.641154006060304;-1.9410000000000025;-0.009154201471223252
2021-09-23;68843;129.511;128.286;129.544;128.286;127.93409333333334;1.576906666666659;80193.08333333333;0.8584655576072096;0.9077026163651248;129.65200000000002;51.39521798889191;-0.2599367678226372;-0.15372330026175407;-0.10621346756088312;57.19450469992765;24.853834154574084;129.5994;131.05309479602852;128.1457052039715;130.743;127.929;129.336;18.02380777194802;20.84811030308887;20.525785627546338;-0.24100000000001387;-0.012345166842841098
2021-09-24;63120;129.793;129.48;129.846;129.369;127.95438;1.838620000000006;80073.85666666667;0.7882722604800907;0.217742122290776;129.65200000000002;54.3047245422746;-0.18646139556219055;-0.16027091932184137;-0.026190476240349175;67.38973246565475;46.46766683060283;129.61095;131.06694154873932;128.15495845126068;130.743;127.929;129.336;17.331222138425126;23.016435314791114;19.477690694174736;-0.014999999999986358;-0.013690300451269089
2021-09-27;67264;129.828;129.734;129.938;129.484;127.97356666666668;1.8544333333333327;79933.32;0.8415013914096346;0.0269660151163808;130.05400000000003;54.667430173751065;-0.12397828173348557;-0.15301239180417023;0.029034110070684654;68.65509761388311;64.41311159315516;129.61885;131.0777490746451;128.1599509253549;130.743;127.929;129.336;16.84755896222521;22.87955704179717;18.508955874611416;-0.09299999999998931;-0.013661282427903794
2021-09-28;80011;130.28;129.819;130.383;129.665;127.99253333333333;2.2874666666666883;79728.37;1.0035449113030903;0.348152940814006;130.05400000000003;59.17426914376424;-0.03755443720405083;-0.12992080088414634;0.09236636368009551;95.80277098614474;77.28253368856086;129.63835;131.12144976400793;128.15525023599207;130.743;127.929;129.336;17.117587367596624;25.932821854904077;17.063549098889215;0.7990000000000066;-0.012004563301628466
2021-09-29;76474;129.863;130.238;130.474;129.676;128.00998;1.8530199999999863;79593.64333333333;0.960805370847543;-0.320079828062636;129.33950000000004;53.85479856591034;-0.0026804343710011835;-0.10447272758151731;0.10179229321051612;75.99214145383132;80.15000335128639;129.618;131.07684392585372;128.15915607414627;130.743;127.929;129.336;17.505473859796446;24.690856196497812;15.604956950016092;0.6339999999999861;-0.009933085859005368
2021-09-30;77695;128.816;129.803;129.963;128.789;128.02346666666668;0.7925333333333242;79520.7;0.977041198077862;-0.8062342622609964;129.33950000000004;43.32403784167884;-0.05884831893916953;-0.09534784585304776;0.03649952691387823;34.85265225933221;68.88252156643608;129.53140000000002;130.96453926748254;128.0982607325175;130.743;127.929;129.336;16.41713179055204;21.745822711535716;22.755415580701374;-0.3400000000000034;-0.009231587262832611
2021-10-01;83389;128.762;128.8;129.046;128.556;128.03507333333332;0.7269266666666852;79464.40333333334;1.0493881096696025;-0.0419202583530009;128.82350000000002;42.85855399458677;-0.10649155250180797;-0.09757658718279981;-0.008914965319008164;32.73084479371326;47.858546168958924;129.4545;130.87944905172088;128.0295509482791;130.695;127.929;129.312;15.784768392020686;20.639296651016046;24.01712838374818;-0.20199999999999818;-0.009541767321473769
2021-10-04;75886;128.885;128.553;129.378;128.545;128.04683333333332;0.8381666666666661;79337.27;0.9564987552507218;0.0955250772743498;128.82350000000002;44.32587496358639;-0.13279332748675188;-0.10461993524359023;-0.02817339224316165;37.56385068762253;35.049115913555994;129.3814;130.76511245567866;127.99768754432137;130.695;127.929;129.312;14.70676461233786;22.276920364400333;21.970412243504146;0.6069999999999993;-0.010312582193410871
2021-10-05;68698;129.272;128.874;129.388;128.758;128.06162666666668;1.2103733333333082;79195.48;0.8674484957978831;0.3002676804903625;129.0215;48.782280186681625;-0.12101502210472859;-0.10789895261581792;-0.01311606948891067;52.770137524557796;41.021611001964516;129.31490000000002;130.58036116495143;128.04943883504862;130.695;127.929;129.312;13.723379328321526;20.93407700312633;20.544439994160264;1.2059999999999889;-0.0107553630175729
2021-10-06;79105;128.771;129.263;129.499;128.333;128.07632666666666;0.694673333333327;79206.47666666667;0.9987188337248768;-0.3875549229531594;129.0215;43.88496075016769;-0.15037372846236963;-0.11639390778512826;-0.03397982067724137;33.08447937131586;41.139489194498715;129.23909999999998;130.44266934158364;128.03553065841632;130.474;127.929;129.2015;13.412001358969663;18.536154257347867;22.366295552463207;0.42499999999998295;-0.011693951367132525
2021-10-07;58680;128.959;128.688;129.03;128.632;128.08947;0.8695299999999975;79042.06;0.7423895581667859;0.145995604600424;129.42050000000003;46.07276904148061;-0.15666475220737652;-0.12444807666957791;-0.03221667553779861;40.47151277013777;42.10870988867046;129.19945;130.38493242922456;128.01396757077546;130.474;127.929;129.2015;13.122864673142933;17.78719525146414;21.462578511177036;-0.5519999999999925;-0.012618260010057716
2021-10-08;65318;129.882;128.909;129.905;128.909;128.10257;1.7794300000000192;78899.29666666666;0.8278654279511118;0.7157313564776446;129.42050000000003;55.289344182381534;-0.08617863403372894;-0.11679418814240812;0.03061555410867918;76.73870333988262;50.09823182711207;129.20315;130.39664156260113;128.00965843739885;130.474;127.929;129.2015;13.04749846619815;24.66747364015898;19.354961593579038;0.08899999999999864;-0.012076435668279241
2021-10-11;55010;130.936;129.714;131.227;129.706;128.11792;2.818080000000009;78757.07;0.6984769748289648;0.8115058283672871;130.9635;63.05444702094277;0.05410739740185022;-0.08261387103355645;0.13672126843540666;91.17647058823539;69.46222889941858;129.2539;130.63651055977456;127.87128944022541;131.227;127.929;129.578;14.496019242488435;33.32270819371207;16.66380743469485;1.108000000000004;-0.00896144126028788
2021-10-12;68600;130.991;130.82;131.274;130.706;128.13390333333334;2.8570966666666777;78723.39;0.8714055632003562;0.0420052544754634;130.9635;63.41154468435981;0.16778896166161417;-0.03253330449452233;0.2003222661561365;90.52878179384247;86.14798524065348;129.3294;130.90483624434637;127.75396375565363;131.274;127.929;129.6015;15.884752828362613;31.996248501932484;15.781349128409886;0.7110000000000127;-0.004155098957471706
2021-10-13;67168;131.324;130.92;131.466;130.875;128.15223666666668;3.171763333333331;78686.42666666667;0.8536160916866916;0.2542159384995912;131.57950000000002;65.5807115062754;0.28150769193166525;0.030274894790715188;0.25123279714095004;95.46760293648275;92.39095177285351;129.43415;131.23186491343878;127.6364350865612;131.466;127.929;129.6975;17.357301626450198;32.02375556320444;14.897348136173788;1.4610000000000127;0.002088585536251154
2021-10-14;52521;131.835;131.237;131.859;131.222;128.17247666666668;3.6625233333333256;78521.72666666667;0.6688721991933609;0.389113947184061;131.57950000000002;68.6519964807981;0.4081590311240859;0.10585172205738935;0.30230730906669656;99.31934203062958;95.10524225365158;129.56810000000002;131.64110534490393;127.4950946550961;131.859;127.929;129.894;19.081896678546748;33.83522040856782;13.987860986691425;3.0190000000000055;0.00979327647236581
2021-10-15;61298;132.525;131.79;132.776;131.79;128.19546;4.329540000000009;78362.56;0.782235802403497;0.5233814996017827;132.62750000000003;72.25243924637824;0.557778638398787;0.1962371053256689;0.36154153307311815;94.35066396578878;96.37920297763368;129.74615;132.16404332064099;127.32825667935901;132.776;127.929;130.35250000000002;21.373636241072735;39.30031757419494;12.69583557531939;3.7630000000000052;0.01916583714437066
2021-10-18;63519;132.73;132.39;132.786;132.149;128.2196133333333;4.510386666666676;78216.13;0.8120959193454327;0.1546877947556924;132.62750000000003;73.23596790770057;0.6849988020653086;0.2939894446735969;0.3910093573917117;98.74242083988297;97.47080894543376;129.96875;132.61404475673322;127.32345524326678;132.786;127.929;130.35750000000002;23.508434827574256;37.022023858300955;11.929217747652224;3.844999999999999;0.029521249817440087
2021-10-19;60936;133.051;132.641;133.189;132.621;128.2470933333333;4.803906666666677;78101.28;0.7802176865730267;0.2418443456641217;133.12900000000002;74.74548192269117;0.8024733029201059;0.3956862163228987;0.4067870865972072;97.15815485996694;96.75041322187955;130.21800000000002;133.03314539588996;127.40285460411008;133.189;127.929;130.559;25.760650798970435;38.88153555268431;11.275419260159431;3.7789999999999964;0.040511267875648384
2021-10-20;57991;133.207;133.013;133.48;132.738;128.27471;4.932289999999995;78037.55333333333;0.743116583272249;0.1172482732185509;133.12900000000002;75.46957586495836;0.8978111790551111;0.49611120886934124;0.40169997018576986;94.69593938216444;96.8655050273381;130.46105;133.42326163828656;127.49883836171344;133.48;128.286;130.88299999999998;28.034598003063866;38.90564450428814;10.46828162793608;4.436000000000007;0.05160317732219195
2021-10-21;61111;132.524;133.009;133.372;132.261;128.29679;4.227210000000014;77930.49666666667;0.7841731108346863;-0.5127358171867824;132.34100000000004;66.48203419727045;0.9077902993425937;0.5784470269639918;0.32934327237860195;81.4260734408395;91.09338922765694;130.6117;133.67022082549727;127.55317917450277;133.48;128.333;130.9065;29.119302523935097;34.87957790512723;13.827956744157321;3.5649999999999977;0.061148685117879166
2021-10-22;63457;132.158;132.372;132.792;131.92;128.3193533333333;3.838646666666676;77863.86666666667;0.8149736548744713;-0.2761763906915071;132.34100000000004;62.20687347111277;0.8760669286351401;0.6379710072982214;0.2380959213369187;74.31513503011453;83.47904928437282;130.72995;133.83523133830099;127.62466866169902;133.48;128.333;130.9065;29.455255768921838;32.07408172709351;15.8611253810167;2.275999999999982;0.0685714323404538
2021-10-25;58438;132.011;131.998;132.599;131.864;128.33943333333332;3.6715666666666777;77604.09333333334;0.7530272887666295;-0.1112304968295507;132.191;60.52345234522232;0.8295022714867457;0.6762772601359263;0.15322501135081945;71.45910238974166;75.73343695356522;130.8391;133.9633010754752;127.7148989245248;133.48;128.333;130.9065;29.657556769530142;29.891634919078275;15.30030195803986;1.0749999999999886;0.07389409941665306
2021-10-26;49738;132.371;131.978;132.667;131.935;128.36255333333332;4.008446666666686;77344.46333333333;0.6430712407381571;0.2727045473483347;132.191;63.15325622967921;0.8122849216241832;0.7034787924335777;0.1088061291906055;77.1245874587462;74.29960829286745;130.94365;134.12543165655666;127.76186834344334;133.48;128.333;130.9065;29.916891733854605;28.49038244376883;14.259647271590731;1.3799999999999955;0.07797574200339154
2021-10-27;65409;132.047;132.287;132.524;131.58;128.38133333333334;3.665666666666653;77233.19666666667;0.8469026639191489;-0.2447666029568473;132.3625;59.322944758724276;0.7636925828814469;0.7155215505231516;0.04817103235829534;68.65018595493342;72.41129193447375;131.05285;134.22868867820776;127.87701132179224;133.48;128.333;130.9065;29.42728782435943;26.031429298262093;16.274622706976576;0.7229999999999848;0.08040841455000801
2021-10-28;72594;132.678;132.014;132.702;131.556;128.40288666666666;4.275113333333337;77094.85;0.9416193169840862;0.4778601558536044;132.3625;63.91337734498897;0.7672547951726756;0.7258681994530564;0.041386595719619224;78.74933757286719;74.84137032884892;131.24595;134.3223641122418;128.1695358877582;133.48;128.333;130.9065;29.19126247779235;24.966865221779457;14.624451969106097;0.8429999999999893;0.08242101032784899
2021-10-29;71619;131.825;132.603;132.918;131.606;128.42271666666667;3.402283333333316;77001.75666666667;0.9300956640511798;-0.6429099021691642;132.07000000000002;54.89477080586044;0.6932564738034159;0.7193458543231283;-0.026089380519712324;40.33886085075701;62.579461459519194;131.3991;134.263286160151;128.534913839849;133.48;128.333;130.9065;29.232858015667468;24.021956464265852;12.999373702697007;-0.700000000000017;0.08262187751973883
2021-11-01;58087;132.315;131.768;132.444;131.761;128.44427666666667;3.87072333333333;76830.98666666666;0.7560361062653598;0.3717049118149074;132.07000000000002;58.51603080980317;0.6664685414052656;0.7087703917395558;-0.042301850334290236;55.27831094049917;58.12216978804111;131.57059999999998;134.21437536110776;128.9268246388922;133.48;128.333;130.9065;29.271482443694364;22.61322340338096;12.23704414252866;-0.41499999999999204;0.08217440068192872
2021-11-02;61418;131.961;132.302;132.393;131.476;128.46492333333333;3.4960766666666814;76669.37;0.8010761011860668;-0.2675433624305556;132.18500000000003;55.07581556288587;0.6096464457496893;0.6889456025415825;-0.07929915679189325;32.72807794508461;42.78174991211358;131.70505;134.13219049655157;129.27790950344843;133.48;128.333;130.9065;28.655684389084723;20.845681401602086;13.709855931101295;-1.089999999999975;0.08062017253261167
2021-11-03;60058;132.409;131.873;132.411;131.751;128.48784333333333;3.921156666666661;76668.24;0.783349141704468;0.3394942445116289;132.18500000000003;58.40836204585158;0.5939180637317634;0.6699400947796188;-0.07602203104785543;46.556886227544766;44.8544250377095;131.88695;133.92067559358452;129.8532244064155;133.48;128.632;131.05599999999998;28.11084452015047;19.810679754204262;12.9266898302957;-0.7980000000000018;0.07890495242869489
2021-11-04;64125;131.44;132.313;132.562;131.019;128.5098833333333;2.930116666666663;76541.78333333334;0.8377777105183503;-0.731823365481199;131.3035;49.80278343171178;0.4975278149857445;0.6354576388208439;-0.13792982383509944;17.106867127183868;32.13061043327107;132.011;133.5601484112249;130.4618515887751;133.48;128.909;131.1945;26.11394639545453;17.319710875858704;17.266354684681428;-1.0840000000000032;0.07555163424807328
2021-11-05;66023;131.167;131.387;131.589;130.837;128.52937666666668;2.637623333333323;76419.22666666667;0.8639579707862963;-0.2076993304929941;131.3035;47.67175265758316;0.3945607789028429;0.5872782668372438;-0.1927174879344009;12.485811577753024;25.383188310827208;132.07524999999998;133.34776229856558;130.80273770143438;133.48;129.706;131.593;24.553431085653834;16.247472532952443;17.69573839522253;-0.9909999999999854;0.07069271218600853
2021-11-08;58617;131.196;131.026;131.431;130.899;128.54873;2.647269999999992;76260.34666666666;0.7686432407160005;0.0221092195445526;131.0355;47.92665370889856;0.3117055708162013;0.5321637276330353;-0.220458156816834;13.583049564888716;14.391909423275195;132.08825000000002;133.31855465739213;130.8579453426079;133.48;130.706;132.093;23.104381155124617;15.51566067286347;16.898694350101596;-0.8149999999999977;0.06494273446903083
2021-11-09;65194;130.875;131.133;131.266;130.677;128.56586666666664;2.309133333333364;76169.21333333333;0.8559101131147052;-0.2446720936613911;131.0355;45.29643891647547;0.21763148390141396;0.4692572788867111;-0.25162579498529714;7.346938775510424;11.138599972717378;132.08245000000002;133.33429607280638;130.83060392719366;133.48;130.677;132.0785;22.16074625514184;14.724883981655774;17.95840249619033;-1.4960000000000093;0.05823976954085189
2021-11-10;77114;130.725;130.802;131.419;130.644;128.58349333333334;2.1415066666666576;76199.7;1.011998734903023;-0.1146131805157657;130.661;44.079083002481184;0.1294807721146185;0.4013019775322926;-0.27182120541767407;3.5620052770443635;8.163997872481158;132.0525;133.40046713609817;130.70453286390185;133.48;130.644;132.062;20.956404312520014;15.062808358967661;16.748811169818858;-1.3220000000000027;0.05085187989068693
2021-11-11;52755;130.597;130.664;130.998;130.44;128.60244333333333;1.994556666666682;76127.90666666666;0.6929784662408478;-0.0979154714094376;130.661;43.01666924996504;0.04873043356806761;0.33078766873944765;-0.28205723517138004;6.335754640839796;5.748232897798185;131.9906;133.47919791750513;130.50200208249487;133.48;130.44;131.95999999999998;20.22109340577442;14.315181326280173;17.73207649764702;-2.080999999999989;0.04303485117214324
2021-11-12;58628;130.376;130.606;130.762;130.235;128.62367333333333;1.7523266666666757;75996.6;0.7714555651172853;-0.169222876482622;130.05800000000002;41.17154634992267;-0.03272046339651524;0.25808604231225507;-0.2908065057087703;5.255311218784626;5.051023712222919;131.88315;133.50611386589492;130.26018613410508;133.48;130.235;131.85750000000002;19.906749132869127;13.627245050747835;18.74930362935298;-1.4489999999999839;0.03485464786078446
2021-11-15;54830;129.74;130.378;130.602;129.68;128.64248333333333;1.097516666666678;75812.46333333333;0.7232320068392374;-0.4878198441430892;130.05800000000002;36.34062039249953;-0.14689742867193445;0.17708934811541718;-0.32398677678735166;1.8529956763434923;4.481353845322629;131.73364999999998;133.5556813142206;129.91161868577936;133.48;129.68;131.57999999999998;20.481217256655295;12.495831187119716;22.1903875009753;-2.5749999999999886;0.025768713968270976
2021-11-16;68644;129.968;129.69;130.112;129.611;128.66297;1.305029999999988;75769.57333333333;0.9059573253501794;0.1757360875597191;129.567;39.09940110218156;-0.2164902370367372;0.09837343108498631;-0.3148636681217235;10.795282733595329;5.967863209574474;131.5795;133.45064163012864;129.70835836987135;133.48;129.611;131.5455;21.112054689023314;11.91684753482589;21.800349801266705;-1.9930000000000234;0.016756751460904225
2021-11-17;69824;129.166;129.978;130.083;129.037;128.68291666666667;0.483083333333326;75666.37333333334;0.9227877182958784;-0.6170749723008684;129.567;33.58580721654144;-0.3325245998634614;0.012193824895296773;-0.34471842475875814;3.3238855964955083;5.324054668811434;131.37745;133.370718519292;129.384181480708;133.372;129.037;131.2045;22.429813727735215;10.792497000251041;24.92099951184014;-3.242999999999995;0.006954795850384868
2021-11-18;64408;129.941;128.88;129.946;128.88;128.70657999999997;1.2344200000000285;75563.08333333333;0.852373899512105;0.6000030967901804;129.29000000000002;42.08483048706731;-0.35782189723639135;-0.06180931953104085;-0.2960125777053505;28.815860945138574;14.311676425076461;131.2483;133.2622917676099;129.2343082323901;132.918;128.88;130.899;23.83025085669269;9.779797884560583;23.964549193476106;-1.4989999999999952;-0.0018159668927032516
2021-11-19;80562;128.639;129.859;129.986;127.979;128.72585666666666;-0.0868566666666481;75497.37666666666;1.0670834346428195;-1.001993212304042;129.29000000000002;34.1728784361422;-0.47742722256006687;-0.14493290013684607;-0.3324943224232208;14.401047348898297;15.513597963510783;131.07235;133.3369708755552;128.8077291244448;132.918;127.979;130.4485;25.966935898046497;8.216565126608161;27.309796688227156;-2.5279999999999916;-0.011455161303798714
2021-11-22;76416;129.044;128.629;129.325;128.521;128.74603666666667;0.2979633333333424;75425.45;1.0131328351370774;0.314834536960018;129.27200000000002;38.07290440344103;-0.5333866401491605;-0.22262364813930896;-0.3107629920098515;23.238053676631225;22.151653990222687;130.924;133.30876514566958;128.53923485433043;132.918;127.979;130.4485;27.951000579303606;7.686515383824642;25.548044607276925;-2.151999999999987;-0.020639291259500925
2021-11-23;77317;129.5;129.068;129.598;128.901;128.76842333333337;0.7315766666666548;75391.32333333333;1.02554241763528;0.3533678435262199;129.27200000000002;42.22348167638888;-0.5347749400819453;-0.28505390652783624;-0.24972103355410902;33.18786820859692;23.608989744708804;130.78045;133.1450793134444;128.4158206865556;132.918;127.979;130.4485;29.065538802655603;9.474823642140187;24.09677953514542;-1.375;-0.02840782799512341
2021-11-24;76775;129.265;129.483;129.561;128.69;128.78906333333333;0.4759366666666551;75386.76333333334;1.0184148596553777;-0.1814671814671875;129.25850000000003;40.70919530881748;-0.5485147768944216;-0.3377460806011533;-0.21076869629326833;35.62326869806059;30.6830635277629;130.64135;133.01886225233446;128.26383774766552;132.918;127.979;130.4485;30.31124872291155;8.801943496508862;24.105887495542515;-1.460000000000008;-0.03519130846361866
2021-11-25;42682;129.252;129.201;129.528;129.181;128.80623;0.4457700000000102;75211.21333333333;0.56749516605761;-0.0100568599388672;129.25850000000003;40.62240329648925;-0.5540657626945915;-0.381010017019841;-0.17305574567475052;36.87717265353435;35.22943652006395;130.47005;132.72652064904474;128.21357935095523;132.918;127.979;130.4485;31.467979363149215;8.54168429227117;23.393115469736898;-1.3449999999999989;-0.04097669205793305
2021-11-26;112331;128.272;129.25;129.331;127.797;128.82186666666666;-0.5498666666666736;75214.09666666666;1.4934833359471542;-0.7582087704639195;128.239;34.62875183180833;-0.6302773240742567;-0.4308634784307242;-0.19941384564353254;13.114301490888804;28.53824761416124;130.2924;132.65132529767274;127.93347470232722;132.562;127.797;130.17950000000002;33.62931834806703;7.487652373087019;31.639662458599123;-2.1040000000000134;-0.04722787525062966
2021-11-29;91219;128.206;128.473;128.57;127.49;128.83598333333333;-0.6299833333333424;75117.07666666666;1.2143576939871312;-0.0514531620306901;128.239;34.26210957773003;-0.6880695465332849;-0.4823046920512364;-0.2057648544820485;18.22346653092367;22.738313558448933;130.08695;132.42107094588104;127.75282905411896;132.562;127.49;130.026;35.81027057303623;6.847038827900303;31.364708033512358;-1.5340000000000202;-0.053533298870796275
2021-11-30;109919;128.289;128.13;128.606;127.645;128.85216666666668;-0.5631666666666888;75087.59666666666;1.4638769234810425;0.0647395597709987;127.969;35.191412014270455;-0.718886022288558;-0.5296209580987007;-0.18926506418985733;22.776510832382936;18.038092951398458;129.90335;132.19625141741867;127.61044858258131;132.562;127.49;130.026;37.74194587189975;6.612071760093269;28.988115428858478;-1.679000000000002;-0.059380560643904776
2021-12-01;93087;127.649;128.274;128.785;127.567;128.86233;-1.2133300000000131;75129.11333333333;1.239027001250216;-0.4988736368667479;127.969;31.49432111252905;-0.785891682526568;-0.5808751029842742;-0.2050165795422938;4.859413202934161;15.286463522080245;129.66535000000002;131.85431854934023;127.47638145065982;132.562;127.49;130.026;39.0593362633309;7.36980096649396;26.271053342060924;-1.516999999999996;-0.06551347281628507
2021-12-02;89306;127.917;127.648;128.224;127.457;128.87558;-0.9585799999999836;75104.07;1.1890966761187256;0.2099507242516507;127.757;34.59307218573606;-0.8080540467298079;-0.6263108917333811;-0.1817431549964268;14.626391096979537;14.087438377432202;129.4892;131.64533938324973;127.33306061675027;131.589;127.457;129.523;40.36519715795911;6.929343067335342;25.55808617839937;-2.024000000000001;-0.07105222269848688
2021-12-03;83984;127.597;127.799;128.34;127.384;128.88539333333335;-1.28839333333336;75085.57666666666;1.1185104214198904;-0.2501622145610116;127.757;32.69157441791292;-0.8417361947895756;-0.66939595234462;-0.1723402424449556;7.807917888562841;9.097907396158837;129.3107;131.47277530858676;127.14862469141325;131.431;127.384;129.4075;41.25083775460469;7.315857479196551;23.660021568308355;-1.0420000000000158;-0.0762994873070909
2021-12-06;70628;128.071;127.495;128.087;127.492;128.89666666666668;-0.8256666666666774;75049.36;0.941087305741056;0.3714820881368652;128.02400000000003;38.11765795354395;-0.8207209410496432;-0.6996609500856248;-0.12105999096401843;25.453871804371918;15.962726929971424;129.15445;131.19734338684142;127.11155661315857;131.419;127.384;129.4015;42.073218308632725;6.968965138845807;22.538146206750472;-0.9730000000000132;-0.08027361417209103
2021-12-07;63759;127.977;127.997;128.466;127.601;128.90679666666665;-0.9297966666666468;74986.21333333333;0.8502762996787965;-0.0733967877193042;128.02400000000003;37.47250313778741;-0.8024016289622296;-0.7202090858609458;-0.08219254310128377;22.79016141429692;18.68398370241055;129.00955;130.95239548793782;127.06670451206215;131.419;127.384;129.4015;41.75345642157831;9.515237074356628;20.980632505042998;-1.5229999999999961;-0.08321111410699138
2021-12-08;75152;128.948;127.926;129.105;127.825;128.92196333333334;0.0260366666666698;75011.8;1.001869039271021;0.7587300843120204;128.54000000000002;47.38001333808178;-0.7014460240052927;-0.7164564734898152;0.01501044948452257;60.107609531130414;36.11721424993308;128.92069999999998;130.69700944376265;127.14439055623733;130.998;127.384;129.191;39.955338676432305;13.523649842103927;18.89931518873002;-0.31699999999997885;-0.08371324643302173
2021-12-09;56601;128.132;128.854;129.068;127.936;128.9361133333333;-0.804113333333305;74918.36;0.7555023895343204;-0.6328132270372544;128.54000000000002;41.43782934926133;-0.6794500825261309;-0.7090551952970785;0.029605112770947573;33.78500451671185;38.89425848737972;128.79745;130.42745803372264;127.16744196627735;130.762;127.384;129.073;38.28565791308244;12.356230553873852;17.267845478757806;-1.1200000000000045;-0.08362041993895869
2021-12-10;62676;128.303;128.036;128.401;127.811;128.95203333333333;-0.6490333333333353;74860.86333333333;0.8372331978181163;0.133456123372766;128.24350000000004;43.04972663589749;-0.6408327485179655;-0.6954107059412559;0.05457795742329041;41.50858175248381;45.13373193344202;128.69379999999998;130.16501889601795;127.22258110398201;130.602;127.384;128.993;36.93480533858268;11.785198964243113;17.448939675403537;0.03100000000000591;-0.08271446521926155
2021-12-13;55346;128.184;128.157;128.454;128.011;128.96791666666667;-0.7839166666666699;74767.63333333333;0.7402400949786107;-0.09274919526433;128.24350000000004;42.17964764884293;-0.6127669426879834;-0.6788819532906014;0.06611501060261804;36.74781809830017;37.34713478916527;128.616;130.02075834220707;127.21124165779297;130.112;127.384;128.748;35.552007738822944;11.791635647272312;16.820380256538332;-0.02199999999999136;-0.08132025739974898
2021-12-14;59051;128.064;128.074;128.56;127.994;128.98323;-0.9192299999999988;74698.55333333333;0.7905240110405365;-0.0936154278225132;128.44200000000004;41.273745821730955;-0.5933676139871409;-0.6617790854299093;0.06841147144276838;31.716417910447547;36.657605920410504;128.52079999999998;129.79847516998657;127.24312483001339;130.083;127.384;128.7335;34.00408159822245;12.119196470444713;16.02604987156566;-0.22499999999999432;-0.07968112393861758
2021-12-15;66667;128.82;127.934;128.827;127.924;128.99895666666666;-0.1789566666666644;74679.88;0.8927036304824147;0.5903298350824482;128.44200000000004;48.742690267783416;-0.5110989933356223;-0.6316430670110519;0.12054407367542963;73.7544940934772;47.4062433674083;128.5035;129.75486093913796;127.25213906086204;129.986;127.384;128.685;31.927814513465034;13.428706276120279;14.823323188737039;1.1709999999999923;-0.07665616445076975
2021-12-16;75105;128.833;128.69;129.636;128.452;129.01262666666668;-0.1796266666666781;74676.55;1.0057374102042735;0.0100916006831264;128.294;48.863129316541695;-0.43978199432564224;-0.59327085247397;0.1534888581483278;64.34280639431621;56.60457279941365;128.4481;129.52608903519481;127.37011096480522;129.986;127.384;128.685;30.82378656503877;18.68899473684139;13.402988373991734;0.9159999999999968;-0.07266107793771023
2021-12-17;72581;127.755;128.762;128.979;127.754;129.02499666666668;-1.269996666666685;74631.10666666667;0.972530131760835;-0.8367421390482299;128.294;40.38836107196915;-0.46488939402635765;-0.5675945607844476;0.10270516675808994;16.47424511545275;51.52384853441538;128.4039;129.51881468731924;127.28898531268074;129.636;127.384;128.51;28.77125206442;16.886200480576477;17.606513043796543;0.15800000000000125;-0.06966820550275601
2021-12-20;73811;128.13;127.618;128.313;127.516;129.03889666666666;-0.9088966666666636;74639.12333333334;0.9889049697215108;0.2935305858870585;128.44150000000002;44.02529614894466;-0.44934801893114695;-0.5439452524137875;0.0945972334826406;33.12611012433378;37.98105387803424;128.35819999999998;129.43881993318655;127.27758006681341;129.636;127.384;128.51;27.25193302284976;15.817156547788382;18.38239126520431;0.0589999999999975;-0.0667761068940207
2021-12-21;59618;128.753;128.122;128.757;128.054;129.05410666666668;-0.3011066666666977;74593.43666666666;0.7992392181420074;0.4862249278076769;128.44150000000002;49.53394747147185;-0.38235294705964407;-0.5116267913429589;0.1292738442833148;60.79040852575437;36.79692125518029;128.32085;129.28655767316002;127.35514232683998;129.636;127.384;128.51;25.537132735614268;18.502613108069582;17.339629468384445;0.775999999999982;-0.06300577228425228
2021-12-22;54764;129.259;128.644;129.501;128.563;129.07230333333334;0.1866966666666485;74538.42;0.7347083557713278;0.3930005514434675;129.4215;53.53374751653004;-0.2851419597294296;-0.46632982502025305;0.18118786529082348;83.25932504440452;59.05861456483088;128.32055;129.28508729321376;127.35601270678623;129.636;127.384;128.51;25.000941665999022;23.086097352100943;16.03278397740783;0.3109999999999786;-0.05792024855520004
2021-12-23;48029;129.584;129.198;129.728;129.049;129.09372333333334;0.4902766666666593;74482.27666666667;0.644837968835721;0.2514331690636862;129.4215;55.9487348588015;-0.17980409831994848;-0.4090246796801921;0.22922058136024365;93.55992844364914;79.20322067126934;128.33715;129.37395823202758;127.30034176797244;129.728;127.384;128.556;24.782982437869414;23.660199501002328;15.14307083826857;1.4519999999999982;-0.05156506193369267
2021-12-24;42249;129.448;129.506;129.752;129.284;129.11675333333332;0.3312466666666864;74319.52333333333;0.5684778118194019;-0.1049512285467346;129.78850000000003;54.668312901128374;-0.10607438811800307;-0.3484346213677544;0.2423602332497513;86.4042933810375;87.74118228969705;128.39595;129.53923045115806;127.25266954884194;129.752;127.384;128.568;24.610776552702966;22.927048216563765;14.543990047929164;1.1450000000000102;-0.04473418659731332
2021-12-27;38779;130.129;129.462;130.154;129.375;129.14348333333334;0.9855166666666548;74144.57333333333;0.5230187221612996;0.5260799703355579;129.78850000000003;59.64819127451062;0.0072246656085042105;-0.27730276397250264;0.28452742958100685;99.05231235784663;93.00551139417774;128.4921;129.85723265289502;127.12696734710497;130.154;127.384;128.769;24.94422711224629;24.826089844086486;13.580880567154358;1.9449999999999932;-0.036759250933641914
2021-12-28;41126;129.847;130.053;130.228;129.61;129.16995666666668;0.6770433333333301;73946.23;0.5561608752737556;-0.2167080358720818;130.1665;56.86252140639873;0.07341367162661072;-0.20715947685268;0.2805731484792907;85.95132743362832;90.46931105750416;128.57;130.05263764959622;127.08736235040375;130.228;127.384;128.806;25.341416055486132;24.13791733191281;12.85367831237762;1.7830000000000155;-0.028713078619220667
2021-12-29;46219;130.486;129.852;130.564;129.652;129.19846333333334;1.2875366666666537;73812.50333333333;0.6261676262525768;0.4921176461527565;130.1665;61.275707971038365;0.17540889091000622;-0.13064580330014275;0.30605469421014897;97.44094488188965;94.14819489112152;128.71184999999997;130.34962034714889;127.07407965285104;130.564;127.384;128.974;26.098076332879113;25.1342316233142;11.845640374887441;1.6659999999999968;-0.01994126521869393
2021-12-30;47387;130.321;130.439;130.594;130.125;129.2246;1.0963999999999885;73690.48333333334;0.6430545418686162;-0.1264503471636757;130.65550000000002;59.580703201212856;0.24015832036670304;-0.05648497856677359;0.29664329893347663;91.13060428849911;91.50762553467234;128.83205;130.56871778342907;127.09538221657095;130.594;127.384;128.989;26.834811859735545;24.354288642495494;11.352572810516591;1.4879999999999995;-0.011270417494829344
2021-12-31;38026;130.99;130.238;131.013;130.164;129.25280333333333;1.7371966666666765;73207.44333333333;0.5194280563364592;0.5133478104066169;130.65550000000002;63.9365868540338;0.34151860475165563;0.023115738096912253;0.3184028666547434;99.34229339433811;95.97128085490895;129.0017;130.8797762604326;127.1236237395674;131.013;127.492;129.2525;27.976960870207446;26.23052009535306;10.50049874169633;3.2350000000000136;-0.002005660761555014
2022-01-03;50668;130.295;130.941;131.001;130.025;129.27899666666667;1.016003333333316;72970.61333333333;0.6943617120023257;-0.5305748530422316;130.68150000000003;57.05731858539186;0.36159838762020513;0.09081226800157083;0.2707861196186343;79.46811552759458;89.9803377368106;129.1129;131.02051452080877;127.20528547919122;131.013;127.516;129.2645;28.682758366068693;24.00039956656555;10.81858469737153;2.164999999999992;0.006209627827894242
2022-01-04;63740;131.068;130.19;131.464;130.188;129.30672333333334;1.7612766666666744;72769.77666666667;0.8759130908421262;0.5932691200736917;130.68150000000003;61.959790057673054;0.43487344955289586;0.15962450431183584;0.27524894524106003;89.9696048632222;89.59333792838494;129.26745;131.27988131311372;127.25501868688627;131.464;127.516;129.49;29.830434743076374;25.313731124054474;9.662008169814511;2.315000000000026;0.01452504229804996
2022-01-05;61844;131.343;131.062;131.6;130.841;129.32954333333333;2.013456666666656;72484.99666666667;0.8531972524519874;0.2098147526474525;131.11750000000004;63.553888012865286;0.5092641852602355;0.2295524405015158;0.27971174475871974;93.70714985308507;87.71495674796728;129.3872;131.5857657688595;127.18863423114053;131.6;127.516;129.558;31.029897473782075;24.839734783016066;9.042738671317265;2.084000000000003;0.02293572706254721
2022-01-06;70835;130.892;131.295;131.427;130.64;129.35128666666665;1.5407133333333434;72285.52;0.9799334638526528;-0.3433757413794369;131.11750000000004;59.17429528894715;0.5257667367658314;0.2887952997543789;0.2369714370114525;82.66405484818804;88.78026985483176;129.52519999999998;131.73773127435538;127.31266872564458;131.6;127.516;129.558;31.60760290592083;23.180696491227422;10.14458740899869;1.3079999999999927;0.0303185119652825
2022-01-07;59902;131.277;130.729;131.348;130.722;129.37492333333333;1.9020766666666589;72181.58;0.8298793126998841;0.2941356232619263;130.88250000000002;61.606595074445345;0.5634166932244682;0.3437195784483968;0.2196971147760714;90.89114495205843;89.08744988444384;129.6739;131.9370513338707;127.4107486661293;131.6;127.516;129.558;32.14404366433539;21.926233715828484;9.595595825368504;1.8289999999999793;0.037215930994205663
2022-01-10;65076;130.488;131.206;131.368;130.158;129.39619666666667;1.0918033333333312;72101.49666666667;0.9025610147989666;-0.6010192189035313;130.88250000000002;54.447439070923416;0.523553648361883;0.37968639243109403;0.14386725593078897;63.38491932828474;78.9800397095104;129.7891;131.97023758392282;127.60796241607714;131.6;127.516;129.558;31.223268747268627;19.70633628697933;13.343237463780971;0.35900000000000887;0.04222288058367627
2022-01-11;65305;131.07;130.372;131.198;130.367;129.42049;1.6495099999999925;72049.54333333333;0.9063902001135644;0.4460180246459444;131.1095;58.297173537279754;0.5327828451406447;0.4103056829730042;0.12247716216764049;79.22383379067018;77.83329935700444;129.9394;132.03700524408214;127.84179475591787;131.6;127.516;129.558;30.3682634671352;18.3335122371355;12.413692924080866;1.2229999999999848;0.046544215844616356
2022-01-12;64293;131.149;131.074;131.474;130.948;129.44448333333332;1.7045166666666771;71962.32333333333;0.8934258514998529;0.0602731364919506;131.1095;58.80608222557227;0.5402440922448761;0.4362933648273786;0.1039507274174975;80.52677029360997;74.37850780418829;130.05585;132.1505386427345;127.9611613572655;131.6;127.516;129.558;30.006696340764922;19.881142757876155;11.850923383972058;0.6630000000000109;0.05024680701696731
2022-01-13;63300;130.764;131.162;131.44;130.62;129.46846333333332;1.295536666666692;71904.70333333334;0.8803318429191933;-0.2935592341535176;130.56450000000004;55.26647968386631;0.5092209201214928;0.4508788758862015;0.05834204423529127;62.42696629213544;74.05919012547186;130.1524;132.1899612285281;128.1148387714719;131.6;127.516;129.558;28.88741427776191;18.475007794612072;13.841825078881756;0.44300000000001205;0.05269419083569067
2022-01-14;76504;130.365;130.788;130.857;129.781;129.49286666666666;0.8721333333333519;71869.32;1.0644876005504067;-0.3051298522529166;130.56450000000004;51.78748382597284;0.44728286879836787;0.4501596744686348;-0.0028768056702669353;37.939698492462455;60.297811692735955;130.2829;131.99843757172528;128.56736242827475;131.6;127.516;129.558;27.3867760963466;16.79627441129671;19.669199374887853;-0.625;0.053489743989722074
2022-01-17;42015;130.712;130.232;130.828;130.226;129.51796;1.194040000000001;71691.39333333333;0.5860536118281722;0.2661757373527917;130.25650000000002;54.47168434289768;0.42133957652185927;0.4443956548792797;-0.023056078357420406;54.41478439425042;51.59381639294943;130.412;131.8213372910702;129.00266270892982;131.6;128.054;129.827;25.99332635646096;15.924447304483587;18.64825027841408;0.4170000000000016;0.05356419350368544
2022-01-18;77777;129.801;130.685;131.177;129.697;129.54020666666668;0.2607933333333108;71682.02333333333;1.0850279663328304;-0.6969520778505434;130.25650000000002;47.063482543056836;0.3235396799915975;0.4202244599017433;-0.09668477991014579;5.465055176037071;32.60651268758331;130.4644;131.68892299284295;129.23987700715708;131.6;128.563;130.0815;25.51799632472036;14.000431110512368;20.713693597812348;-1.2670000000000243;0.05167417149554702
2022-01-19;64284;129.668;129.705;129.986;129.392;129.55976666666666;0.1082333333333451;71619.66333333333;0.8975747302915884;-0.1024645418756242;129.366;46.078211851785476;0.23261908094374917;0.3827033841101445;-0.15008430316639532;12.500000000000483;24.12661319009598;130.48485;131.63985498267368;129.3298450173263;131.6;129.049;130.3245;25.489746106712808;13.30558635199174;22.234022092597165;-1.674999999999983;0.04825048858842507
2022-01-20;67201;129.064;129.641;130.088;129.049;129.57593;-0.5119300000000067;71557.56333333334;0.9391180592183004;-0.4658049788691221;129.366;41.798610378773446;0.11055172749095732;0.3282730527863071;-0.21772132529534977;0.5880047040371004;6.1843532933582095;130.45885;131.71295897054486;129.20474102945516;131.6;129.049;130.3245;25.89086337935914;12.168011999175254;23.15553982142335;-1.828000000000003;0.042944995204023305
2022-01-21;76151;128.955;129.019;129.31;128.56;129.59093;-0.6359300000000019;71519.29;1.064761688769413;-0.0844542242608215;129.01300000000003;41.05751414695509;0.004959906666215375;0.26361042356228875;-0.2586505168960734;12.99342105263195;8.693808585556502;130.4342;131.78264660257685;129.08575339742316;131.6;128.56;130.07999999999998;26.801056872454087;11.409695954578531;25.77576971123478;-2.3219999999999743;0.03636203621098579
2022-01-24;81869;129.071;128.886;129.156;128.408;129.60724333333332;-0.5362433333333172;71595.87333333334;1.1434876926331494;0.0899538598735816;129.01300000000003;42.23138651595554;-0.06857168978240225;0.19717400089335058;-0.2657456906757528;20.77067669172962;11.45070081613288;130.38129999999998;131.8510442090381;128.91155579096187;131.6;128.408;130.004;27.800913303098913;10.693896118639252;25.433549670428267;-1.4170000000000016;0.02931197019384114
2022-01-25;73644;128.678;128.978;129.197;128.246;129.62112;-0.9431199999999932;71619.73666666666;1.0282640432307704;-0.3044835788054589;128.78850000000003;39.37061068498773;-0.15675089851245616;0.12638902101218924;-0.2831399195246454;13.382899628252497;15.715665790871343;130.32285;131.95675125466656;128.68894874533342;131.6;128.246;129.923;28.89395376864145;9.847978236743437;24.769176575917143;-2.391999999999996;0.021604474644058083
2022-01-26;69539;128.899;128.614;129.242;128.593;129.63615;-0.737150000000014;71559.86333333333;0.9717598212292602;0.1717465300983933;128.78850000000003;41.75982741854935;-0.20642120850308743;0.05982697510913391;-0.26624818361222136;20.22924411400234;18.127606811328143;130.2435;131.98837644261738;128.49862355738264;131.6;128.246;129.923;29.791264525551817;9.687866096629646;23.408322969035684;-2.25;0.014078711268263551
2022-01-27;87068;128.56;128.766;129.015;128.327;129.64494;-1.084939999999989;71562.18333333333;1.216676126194042;-0.2629966097487224;128.51300000000003;39.20751530062244;-0.27002705013671857;-0.006143829940036587;-0.263883220196682;9.72738537794284;14.446509706732549;130.15545;132.0473315475608;128.26356845243922;131.6;128.246;129.923;30.909968042719168;9.116076529740303;24.30866009267944;-2.2040000000000077;0.006460496309414714
2022-01-28;75834;128.466;128.516;128.852;128.353;129.65157333333337;-1.1855733333333376;71495.74;1.06067858029009;-0.0731176104542541;128.51300000000003;38.5047628337911;-0.3242820309022534;-0.06977147013247995;-0.2545105607697734;6.815365551425037;12.257331681123397;130.02925;132.01597180991726;128.04252819008272;131.6;128.246;129.923;31.94876416580314;8.714341709502905;23.237405901176643;-1.899000000000001;-0.0010468353084555598
2022-01-31;68603;129.339;128.438;129.376;128.401;129.66222;-0.323219999999992;71414.02333333333;0.9606376562734444;0.6795572369342695;129.31400000000002;47.85306823541911;-0.29345294710429926;-0.11450776552684382;-0.17894518157745543;33.85997521685242;16.800908715406756;129.98145;131.98621646769666;127.97668353230333;131.6;128.246;129.923;31.511518051202955;12.53556216754546;21.26545978397307;-1.3729999999999905;-0.006843504942849129
2022-02-01;64999;129.289;129.274;129.538;128.87;129.67222999999998;-0.3832299999999975;71332.21;0.9112152840910284;-0.0386581000317076;129.31400000000002;47.40855106870217;-0.2699435173810514;-0.14559491589768533;-0.12434860148336604;32.654978083906755;24.443439617394727;129.89249999999998;131.85393299656167;127.93106700343829;131.6;128.246;129.923;30.719105596665734;13.225906536914852;20.01242358785612;-0.5120000000000005;-0.011307895787995622
2022-02-02;57179;129.363;129.215;129.474;129.046;129.68347000000003;-0.3204700000000287;71238.93666666666;0.8026369100305022;0.0572361144413058;130.4435;48.17583736340173;-0.24254503520609205;-0.16498493975936668;-0.07756009544672537;38.10986011600125;34.874937805586804;129.7935;131.64911294455524;127.93788705544475;131.474;128.246;129.86;29.983294031738314;12.709182750469058;19.230556933694327;-0.3050000000000068;-0.01455518554344329
2022-02-03;76547;131.524;129.272;131.539;129.186;129.70159333333334;1.8224066666666656;71196.57;1.075150109057069;1.670493108539528;130.4435;64.47548440148707;-0.04592747754529114;-0.14117344731655157;0.09524596977126043;99.54448830853366;56.76977550281388;129.8251;131.77366120252893;127.87653879747107;131.539;128.246;129.89249999999998;29.725602974022905;26.808087157074112;15.617955653629407;2.460000000000008;-0.01356872125246251
2022-02-04;73664;131.893;131.452;132.092;131.401;129.7214766666667;2.171523333333312;71159.85333333333;1.035190441651505;0.2805571606703028;131.7905;66.41776421142785;0.13807690498148872;-0.08532337685694351;0.22340028183843225;94.82579303172095;77.4933804854186;129.8559;131.91180261442534;127.79999738557464;132.092;128.246;130.169;30.016281498872363;29.7926878499664;14.74210801764948;2.937999999999988;-0.009205116511929826
2022-02-07;68744;131.688;132.098;132.153;131.258;129.73865999999998;1.9493400000000063;71056.61333333333;0.9674539325073894;-0.1554290220102783;131.7905;64.3139799812462;0.2643130804086695;-0.015396085403820904;0.27970916581249045;88.09828512925505;94.15618882316987;129.91590000000002;132.1076444102817;127.72415558971834;132.153;128.246;130.1995;30.025317943879198;27.631287720289105;14.831744389600315;2.6169999999999902;-0.003055827891565821
2022-02-08;58821;131.923;131.631;132.034;131.479;129.75836;2.1646399999999915;70955.27333333333;0.8289870116300265;0.178452098900439;131.95100000000002;65.65691480317516;0.37895039072446934;0.06347320982183714;0.3154771809026322;94.11313027898667;92.3457361466542;129.95855;132.26847817853738;127.64862182146263;132.153;128.246;130.1995;30.0337089285284;26.354454567674214;14.146374126026023;3.2450000000000045;0.00438506958715485
2022-02-09;56533;131.979;131.86;132.159;131.629;129.77723;2.2017700000000104;70858.61666666667;0.7978281634530736;0.0424490043434477;131.95100000000002;65.98540841564869;0.4689146607357202;0.14456150000461376;0.3243531607311064;95.39994888832152;92.53712143218775;130.00005000000002;132.4211837406267;127.57891625937332;132.159;128.246;130.2025;30.1758694318025;26.22880927734662;13.50459983582871;3.0800000000000125;0.01244612808799418
2022-02-10;77277;132.57;131.93;133.153;131.865;129.79934666666665;2.7706533333333425;70844.05333333333;1.09080432815423;0.4477985133998441;131.803;69.32058500206509;0.581201029995384;0.2318894060027678;0.3493116239926162;88.11901365396372;92.54403094042397;130.09035;132.7424203063835;127.43827969361651;133.153;128.246;130.6995;31.217755895958557;31.635591437471707;12.071362408201233;4.009999999999991;0.02143899119025711
2022-02-11;83586;131.036;132.524;132.619;130.387;129.81559333333334;1.220406666666662;70810.51333333334;1.1804179360558449;-1.1571245379799255;131.803;54.40837826653631;0.5401809371931847;0.2935477122408512;0.24663322495233353;56.85755043814962;80.12550432681162;130.1239;132.8058281795009;127.44197182049909;133.153;128.246;130.6995;29.798574483694754;26.405655344688157;21.0228875113649;2.569999999999993;0.028317006555297383
2022-02-14;93743;130.631;130.768;131.388;130.045;129.82956;0.8014399999999853;70819.56;1.3236879754687374;-0.3090753686009972;130.96150000000003;51.27236838344384;0.46957908742288623;0.32875398727725824;0.140825100145628;47.741400745959496;64.23932161269094;130.11984999999999;132.79845615059418;127.4412438494058;133.153;128.246;130.6995;28.048180661964007;23.85067478351269;21.452737543277532;1.2920000000000016;0.032816667985425194
2022-02-15;72226;131.292;130.59;131.539;130.434;129.84534666666667;1.4466533333333302;70775.12;1.0204998592724364;0.5060054657776591;130.96150000000003;55.75475549323956;0.46164226395700325;0.35533164261320727;0.10631062134379599;61.438043928719594;55.345665037609564;130.1944;132.91600874484212;127.47279125515789;133.153;128.246;130.6995;26.593348820316113;23.046370204370305;19.75871101163624;2.0030000000000143;0.03645881421315496
2022-02-16;69013;131.303;131.31;131.905;131.108;129.86149333333336;1.4415066666666403;70584.09333333334;0.9777415383672404;0.0083782713341307;130.93400000000003;55.82757725578907;0.4510405673503044;0.37447342756062674;0.07656713978967766;61.458333333333314;56.87925933600413;130.27615;133.02765891512294;127.52464108487705;133.153;128.246;130.6995;25.649564341767405;24.36840283186425;18.616822327731395;1.9399999999999977;0.039314122596166554
2022-02-17;95816;130.565;131.291;131.498;130.4;129.87665666666666;0.6883433333333357;70573.9;1.3576690532900468;-0.562058749609684;130.93400000000003;49.89430930526606;0.3787225364778237;0.37532324934406613;0.003399287133757589;45.538720538720455;56.14503260025777;130.3512;133.0476971055058;127.65470289449422;133.153;128.246;130.6995;23.85026469376366;22.44400761305524;22.23874876140935;-0.9590000000000032;0.04033333128069552
2022-02-18;77917;130.263;130.527;131.12;130.21;129.89027000000002;0.37272999999999;70524.80666666667;1.1048169244654755;-0.2313024164209309;130.0115;47.66200816140563;0.2936560161477928;0.35898980270481146;-0.06533378655701866;32.523931823488326;46.506995231847355;130.4166;133.03684215674832;127.79635784325167;133.153;128.246;130.6995;22.342660378634207;20.966223000397925;22.149226551382238;-1.6299999999999955;0.0395473473000117
2022-02-21;56512;129.76;130.189;130.903;129.736;129.90188;-0.1418800000000146;70525.83666666667;0.8012949958621592;-0.3861418821921925;130.0115;44.12125728043457;0.18353659405278222;0.32389916097440563;-0.1403625669216234;17.384952520087626;31.81586829409879;130.45105;133.01717910626124;127.88492089373877;133.153;128.246;130.6995;21.49088419337939;19.218604146195602;23.688586820020827;-1.9279999999999973;0.036755181711661214
2022-02-22;101379;130.319;129.727;130.766;129.357;129.91373;0.4052700000000016;70598.46666666666;1.435994360594975;0.4307953144266241;130.17;48.68379118815595;0.1397617010261456;0.28707166898475367;-0.14730996795860807;28.560625157549428;26.15650316704178;130.53310000000002;132.9688413573697;128.09735864263033;133.153;128.327;130.74;21.107043272552122;17.33935532069633;24.00246203869541;-1.6040000000000134;0.03350821542725859
2022-02-23;61647;130.021;130.258;130.71;129.946;129.92424666666668;0.0967533333333108;70545.24666666667;0.873864688449946;-0.2286696490918505;130.17;46.503884757828914;0.08010032670586043;0.24567740052897505;-0.16557707382311462;17.492096944151438;21.145891540596153;130.58919999999998;132.92128915781558;128.25711084218437;133.153;128.327;130.74;20.750619560355375;16.402771339617125;22.70597084648417;-1.9580000000000268;0.029584453271251577
2022-02-24;164280;129.315;129.912;130.027;127.918;129.93213333333333;-0.617133333333328;70812.97;2.319913993156576;-0.542989209435385;129.77500000000003;41.73588515573598;-0.023874827838028523;0.19176695485557435;-0.21564178269360287;26.685768863419202;24.24616365504001;130.62695;132.84823930803736;128.40566069196262;133.153;127.918;130.5355;22.11565670393681;14.133297484017945;32.86891500580849;-3.2549999999999955;0.02426056457226531
2022-02-25;107763;130.235;129.229;130.29;128.724;129.94577333333334;0.2892266666666785;70939.90333333334;1.5190745255688698;0.7114410547887084;129.77500000000003;49.06469859961765;-0.03167445230587873;0.14707867342328373;-0.17875312572916247;44.259789875835985;29.479218561135536;130.7154;132.7153041377029;128.71549586229708;133.153;127.918;130.5355;23.003277902351403;14.398387502256012;29.594601149542488;-0.8009999999999877;0.01956067530105424
2022-02-28;127858;128.994;128.429;129.784;128.428;129.95456;-0.9605600000000152;71004.78666666667;1.800695502406251;-0.9528928475448284;128.40550000000002;41.48440515045709;-0.136421457774361;0.0903786471837548;-0.22680010495811578;20.553963705826103;30.499840815027085;130.69815;132.75050828012584;128.64579171987415;133.153;127.918;130.5355;24.03351224030013;12.812345588067709;28.13903988249209;-1.6370000000000005;0.013582509491573346
2022-03-01;104547;127.817;128.973;129.245;127.373;129.95953333333333;-2.1425333333333327;71034.00333333333;1.4717880887184307;-0.9124455401026466;128.40550000000002;35.8303808333974;-0.3108252773548088;0.010137862276042076;-0.3209631396308509;7.681660899653796;24.16513816043862;130.62455;132.95983820277095;128.28926179722905;133.153;127.373;130.263;25.636722771336533;11.4101041799388;31.22732408020627;-3.4750000000000085;0.0052153401923246065
2022-03-02;109192;128.457;127.75;128.771;127.298;129.96427333333332;-1.5072733333333304;70933.42;1.539359021459625;0.5007158672164058;128.11350000000002;40.573268553043064;-0.39287014708475;-0.07046373959611635;-0.32240640748863364;21.78161999624116;16.672414867240345;130.57925;133.04232035019325;128.11617964980675;133.153;127.298;130.2255;27.16729380683476;10.441719823840188;29.009169205187447;-2.8460000000000036;-0.003443826126426492
2022-03-03;88059;127.77;128.388;128.509;127.585;129.96555666666666;-2.1955566666666613;70872.67333333334;1.2424958147948264;-0.534809313622453;128.11350000000002;37.37946696743977;-0.5074765818066567;-0.15786630803822443;-0.34961027376843223;10.245278923377345;13.236186606424091;130.39155;133.0981450916236;127.6849549083764;133.153;127.298;130.2255;28.5885383397974;9.875517156741282;27.436145866943928;-2.7950000000000017;-0.012950748405266563
2022-03-04;117054;125.579;127.737;127.82;125.072;129.96069666666668;-4.381696666666684;70878.1;1.651483321364194;-1.7148000313062517;125.37000000000002;29.42437063862279;-0.7662653659129148;-0.27954611961316256;-0.4867192462997523;7.419874140201828;13.148924353273435;130.07585;133.4087538554991;126.7429461445009;133.153;125.072;129.1125;31.037183448220595;8.414206700118864;36.90822381241214;-4.684000000000012;-0.025878080617247053
2022-03-07;138754;125.161;125.583;125.957;124.392;129.95571333333334;-4.794713333333334;71032.76666666666;1.953380200592597;-0.3328582008138236;125.37000000000002;28.19168602152368;-0.9936324717977243;-0.42236339005007495;-0.5712690817476493;10.235591641155397;9.300248234911514;129.74949999999998;133.62165384508418;125.87734615491577;133.153;124.392;128.77249999999998;33.52320898849259;7.7141207327656005;37.452558100621246;-4.5989999999999895;-0.04112441239236271
2022-03-08;127404;126.043;125.078;126.731;125.045;129.95366333333334;-3.910663333333332;71146.12666666666;1.7907369799187305;0.7046923562451513;127.18000000000002;34.43340762033348;-1.090086671886425;-0.555908046417345;-0.53417862546908;23.233886856178042;13.629784212511746;129.4555;133.5114387815893;125.3995612184107;133.153;124.392;128.77249999999998;34.77326288911477;11.07639422898689;34.15549892745623;-4.275999999999982;-0.055877661100859545
2022-03-09;99855;128.317;126.013;128.465;125.981;129.96041666666667;-1.643416666666667;71178.70333333334;1.4028774805345938;1.8041462040732088;127.18000000000002;47.18095813024444;-0.9718318523333096;-0.639092807600538;-0.3327390447327716;58.338287752675484;30.602588750002965;129.2724;133.18419791911595;125.36060208088405;133.153;124.392;128.77249999999998;34.02101998864847;18.274281172681476;29.96946325738003;-1.7039999999999793;-0.06615701331015543
2022-03-10;103227;127.611;128.197;128.874;127.423;129.96523000000002;-2.354230000000016;71202.18;1.449773026612184;-0.550199895571124;127.80100000000004;44.301184250471664;-0.9244261463889956;-0.6961594753582295;-0.22826667103076603;49.439410228843656;43.67052827923239;129.02444999999997;132.68961888969653;125.3592811103034;132.619;124.392;128.50549999999998;32.9399816928431;18.983859601593636;27.82426930721309;-1.7039999999999935;-0.07393155312479187
2022-03-11;102077;127.991;127.526;129.041;127.463;129.97372333333334;-1.98272333333334;71251.62666666666;1.4326269416630724;0.2977799719459995;127.80100000000004;46.20445901926257;-0.8464367625706473;-0.726214932800713;-0.12022182976993423;56.46375902102301;54.747152334180704;128.8722;132.44222518758613;125.30217481241385;131.905;124.392;128.1485;31.778199393174265;18.334070211171777;25.67211449096904;-2.244000000000014;-0.07898255871889666
2022-03-14;91768;129.303;128.118;129.71;127.952;129.98731666666666;-0.6843166666666605;71300.08666666667;1.2870671592449745;1.0250720753802955;129.43550000000002;52.26891387590805;-0.6710269973275444;-0.7151773457060794;0.04415034837853493;77.73029439696094;61.211154548942524;128.8058;132.29089486814914;125.32070513185089;131.905;124.392;128.1485;30.08029438977866;20.008721916558144;23.492059776185563;0.3089999999999975;-0.0798658887197112
2022-03-15;99849;129.568;129.253;130.031;129.176;129.99915;-0.4311500000000023;71366.35333333333;1.399104694807899;0.2049449742078879;129.43550000000002;53.41132537576029;-0.5048110616262136;-0.6731040888901062;0.16829302726389261;87.75856222448321;73.98420521415572;128.71959999999999;132.03563922775336;125.4035607722466;131.905;124.392;128.1485;28.21847032434275;20.755424900930166;22.491691748773487;1.751000000000019;-0.07735896125539185
2022-03-16;103321;131.045;129.564;131.095;129.512;130.01817666666668;1.0268233333333114;71438.58333333333;1.4462912781723072;1.139941960977997;131.29100000000005;59.263582359350714;-0.2510087067419704;-0.588685012460479;0.3376763057185086;99.25406534387571;88.24764065510662;128.7067;131.9842229122005;125.42917708779952;131.498;124.392;127.945;26.782216087508257;24.391337075347018;20.731466622779678;2.587999999999994;-0.0703064907868082
2022-03-17;88625;131.537;130.956;131.908;130.717;130.03687666666664;1.500123333333363;71452.09666666666;1.2403414893958222;0.3754435499256026;131.29100000000005;61.020102045929995;-0.010052346570631698;-0.47295847928250956;0.46290613271187786;95.06386375731798;94.02549710855897;128.75529999999998;132.1676558489699;125.34294415103005;131.908;124.392;128.14999999999998;26.02306238898073;27.00731756307312;19.495261100779018;3.76700000000001;-0.059622127588129716
2022-03-18;81935;131.665;131.497;131.92;131.186;130.05478666666664;1.6102133333333484;71468.8;1.1464443225573753;0.0973110227540541;131.64100000000002;61.485393633848226;0.18905650936494567;-0.3405554815530185;0.5296119909179642;96.61264612114778;96.97685840744714;128.8254;132.4119241334751;125.2388758665249;131.92;124.392;128.156;25.32645519230755;26.041409674635847;18.753092576520807;6.0859999999999985;-0.046645208278492375
2022-03-21;65574;131.617;131.717;131.973;131.381;130.07357666666667;1.5434233333333225;71432.88666666667;0.91798054173541;-0.0364561576728816;131.64100000000002;61.190419533658094;0.3390699263017609;-0.20463039998206262;0.5437003262838236;95.30404959767812;95.66018649204794;128.91825;132.68820776501533;125.14829223498467;131.973;124.392;128.1825;24.718870393317534;25.494437955947873;18.152847555399912;6.455999999999989;-0.032666138481576935
2022-03-22;93067;133.146;131.593;133.341;131.555;130.0974;3.0485999999999933;71490.31666666667;1.3018126697343435;1.161704035193023;133.23350000000002;66.67488726834111;0.5747092708955677;-0.048762465806536565;0.6234717367021042;97.82098558498133;96.57922710126907;129.0596;133.22073159609252;124.89846840390744;133.341;124.392;128.8665;25.071618782334887;30.307995450091802;16.442915246608962;7.10299999999998;-0.016243365994658664
2022-03-23;93157;133.321;133.145;133.894;132.326;130.12148666666667;3.1995133333333285;71472.75;1.3033918521392691;0.1314346657053322;133.23350000000002;67.24542291090336;0.7667377115785143;0.11433756967047362;0.6524001419080407;93.96969059145435;95.69824192470459;129.2246;133.7691752452787;124.68002475472132;133.894;124.392;129.143;25.71548850799411;30.713598434923107;15.09826172268481;5.003999999999991;0.0014066332109194384
2022-03-24;90000;134.56;133.27;134.611;132.952;130.14873333333333;4.411266666666677;71422.26666666666;1.260111225817356;0.9293359635766274;134.32800000000003;71.02738206528514;1.0072871997309107;0.29292749568256105;0.7143597040483497;99.50092964086518;97.09720193910027;129.48685;134.59270233922803;124.38099766077198;134.611;124.392;129.5015;26.69379478579324;31.77949816813595;13.81133926240746;6.948999999999998;0.020983037271726186
2022-03-25;102210;134.096;134.459;134.746;133.724;130.17206333333334;3.923936666666663;71370.41666666667;1.4321059729461063;-0.3448275862068972;134.32800000000003;67.86703296739023;1.1472585970043951;0.46379371594692786;0.6834648810574673;93.29965982888356;95.59009335373435;129.6799;135.16237772088502;124.19742227911499;134.746;124.392;129.56900000000002;27.671984584900752;30.78560458266769;13.07214033857846;6.105000000000004;0.04025738308413676
2022-03-28;124864;136.129;134.074;137.534;133.962;130.20396;5.925039999999996;71496.79666666666;1.7464278935757804;1.5160780336475277;136.18300000000002;73.44270446536407;1.4060252632784227;0.6522400254132269;0.7537852378651958;87.83865662598458;93.54641536524441;130.03664999999998;136.1825889933517;123.89071100664827;137.534;124.392;130.963;29.70398749643959;38.7108456198811;10.88028855266111;6.825999999999993;0.06147595250804169
2022-03-29;128903;136.237;135.936;137.309;135.312;130.23665333333332;6.0003466666666725;71647.96333333333;1.7991160390739465;0.0793365116911193;136.18300000000002;73.70374700125636;1.6013549845668535;0.8420630172439523;0.7592919673229013;87.17238650974188;89.43690098820333;130.45765;137.07332085865082;123.8419791413492;137.534;124.392;130.963;31.59084734286851;35.161241045249625;9.882616675402984;6.668999999999983;0.08310563973244078
2022-03-30;122559;135.939;136.17;136.671;134.877;130.26844333333335;5.670556666666641;71814.85;1.7065968946531662;-0.2187364665986457;135.30400000000003;71.6120876349621;1.712369951564142;1.0161244041079902;0.6962455474561517;84.16244662893457;86.39116325488699;130.83175;137.7898975372402;123.87360246275979;137.534;124.392;130.963;32.83467964315708;32.29621846946939;11.053101272787309;4.8940000000000055;0.10344310590967962
2022-03-31;121269;134.669;135.886;136.841;134.514;130.29645;4.372550000000018;71987.08666666667;1.6845938016843829;-0.9342425646797324;135.30400000000003;63.359581892252955;1.678522761017149;1.1486040754898221;0.5299186855273268;70.1001878522231;80.47834033029984;131.1767;138.17740639578625;124.17599360421377;137.534;124.392;130.963;33.57088467354373;28.995878000620372;11.51769473452223;3.132000000000005;0.11990079177195867
2022-04-01;101291;135.406;134.563;135.882;134.562;130.32458;5.0814200000000085;72087.92333333334;1.4051035917849664;0.5472677453608465;135.04100000000005;65.8211158483335;1.6916678651639074;1.2572168334246392;0.43445103173926825;74.53936348408729;76.26733265508165;131.66805;138.40264259272624;124.93345740727375;137.534;124.392;130.963;34.254503630331335;27.292124926775656;10.840932754521916;3.741000000000014;0.13390832856519203
2022-04-04;80822;134.676;135.223;135.679;134.569;130.35081666666667;4.325183333333314;72123.58;1.1206043848626035;-0.5391193890965096;135.04100000000005;61.419692870709284;1.624454851430869;1.330664437025885;0.2937904144049839;64.37297432061821;69.67084188564286;132.1438;138.29120578130352;125.9963942186965;137.534;125.045;131.2895;34.889292661634116;25.913246593697043;10.293216982090172;3.0589999999999975;0.14429585245762938
2022-04-05;86787;134.778;134.702;135.128;134.295;130.37766333333332;4.400336666666675;72151.91333333333;1.2028371250398069;0.0757373251358828;134.83200000000002;61.80402567398818;1.5614195289741417;1.3768154554155365;0.1846040735586052;59.57165908757505;66.16133229742685;132.58055;138.14574949238158;127.0153505076184;137.534;125.981;131.7575;35.11303207600689;24.896677961869383;11.179805634252466;1.632000000000005;0.15167216579299753
2022-04-06;101779;134.886;134.757;135.475;134.657;130.40475666666666;4.481243333333339;72249.64333333333;1.4087128365522164;0.0801317722477046;134.83200000000002;62.23303049987771;1.502854310194948;1.4020232263714187;0.10083108382352934;58.286074354127244;60.74356925410683;132.909;138.19741904542414;127.62058095457584;137.534;127.423;132.4785;35.526704452577206;25.594723810026863;10.734468994097435;1.5649999999999977;0.1565709231350185
2022-04-07;95804;134.882;134.806;135.506;134.416;130.43080666666663;4.45119333333335;72389.20333333334;1.3234570293422685;-0.0029654671352075;135.02400000000003;62.205163389408085;1.439524246362879;1.4095234303697108;0.030000815993168173;56.89907362262326;58.25226902144184;133.27255;138.02686242031962;128.51823757968037;137.534;127.463;132.49849999999998;35.57245904510736;24.210772836407457;11.349568586337224;0.32200000000000273;0.1592803560726307
2022-04-08;89294;135.166;134.742;135.369;134.354;130.45751666666666;4.708483333333334;72487.48;1.2318541077712688;0.2105544105217793;135.02400000000003;63.45636074117108;1.3961571109233546;1.4068501664804398;-0.010693055557085218;60.394714835256714;58.52662093733573;133.6313;137.78181284060247;129.48078715939755;137.534;127.952;132.743;35.52518760303026;22.96548401748512;11.079986091727065;1.0699999999999932;0.1605140174830079
2022-04-11;99564;136.471;135.494;137.13;135.213;130.48655333333335;5.984446666666656;72642.62;1.3706003445358428;0.965479484485754;136.114;68.60029864013211;1.4503719522636516;1.4155545236370821;0.03481742862656945;79.58909370199714;65.62762738662569;133.9897;137.80793226637752;130.17146773362248;137.534;129.176;133.355;36.50477201105087;29.42230023829488;10.007376224797488;0.34200000000001296;0.16233018769982951
2022-04-12;103409;135.757;136.386;136.644;135.54;130.51128000000003;5.245719999999977;72722.91;1.4219590497683023;-0.5231880765876995;136.114;63.346438494809824;1.4193622473050311;1.4163160683706721;0.0030461789343589896;61.217808817110665;67.06720578478816;134.29915;137.60221586522385;130.99608413477614;137.534;129.512;133.523;37.41438610421286;27.79353449983475;9.453385836730698;-0.47999999999998977;0.1630636935237077
2022-04-13;96119;136.85;135.649;136.872;135.64;130.54252333333332;6.307476666666673;72757.08666666667;1.321094678245594;0.8051150216931591;136.58350000000002;67.45545040913751;1.4660827092627358;1.426269396549085;0.03981331271365085;82.04724409448826;74.28471553786535;134.5894;137.71297688556044;131.4658231144396;137.534;130.717;134.1255;38.37504364821552;27.21422162469489;8.86369659848897;0.9110000000000014;0.16433728751432977
2022-04-14;103432;136.317;136.739;136.938;135.517;130.57097333333334;5.7460266666666655;72837.82;1.4200315165937942;-0.3894775301424791;136.58350000000002;63.70497517656937;1.4434610460186263;1.4297077264429934;0.013753319575632972;65.92945128779441;69.73150139979776;134.82840000000002;137.70272422666756;131.95407577333248;137.534;131.186;134.36;39.07041622631935;25.25722739155366;8.8487520802355;1.6479999999999961;0.16479158703210942
2022-04-15;125615;136.628;136.26;136.898;136.247;130.60059;6.027409999999975;72997.09;1.720822021809127;0.2281446921513774;136.77000000000004;64.93021259581718;1.4340969389639042;1.4305855689471756;0.003511370016728632;77.4054412740541;75.12737888544558;135.07655;137.65758045119742;132.49551954880258;137.534;131.381;134.45749999999998;39.716119334558634;24.39184149737614;8.54556815934834;1.22199999999998;0.164807554114107
2022-04-18;74733;136.912;136.584;137.023;136.453;130.6311233333333;6.280876666666671;72941.78;1.0245568451988665;0.2078636882630435;136.77000000000004;66.0570603424012;1.433072673448521;1.4310829898474446;0.0019896836010764307;92.31040564373937;78.54843273519595;135.3413;137.50033358936557;133.1822664106344;137.534;131.555;134.5445;40.393748306233995;24.314789364941248;8.278123106503692;2.2360000000000184;0.16461752669887378
2022-04-19;111476;139.059;136.898;139.093;136.799;130.66841333333332;8.390586666666678;73034.57333333333;1.5263456047206967;1.56816057029332;138.93200000000002;73.0952306096065;1.587209528974114;1.4623082976727786;0.12490123130133535;99.29137140475216;89.66907277418187;135.63695;138.1092324656599;133.16466753434014;139.093;132.326;135.7095;42.013555303530474;32.18844290963219;7.289372001368008;4.281000000000006;0.16713282681157324
2022-04-20;126961;138.805;139.024;139.685;138.395;130.70179666666667;8.10320333333334;73084.37;1.7371840244361776;-0.1826562825850808;138.93200000000002;71.21391552547888;1.6696220564773512;1.503771049433693;0.16585100704365807;83.67346938775523;91.75841547874892;135.91115;138.5084603992418;133.31383960075817;139.685;132.952;136.3185;43.72225485238425;33.112764386605164;6.7976761417754235;3.919000000000011;0.17062475569750707
2022-04-21;116927;139.066;138.693;140.001;138.461;130.73409999999998;8.331900000000019;72978.81333333334;1.6022047311993926;0.1880335722776571;138.93850000000003;72.01108388299406;1.7359837568690182;1.5502135909207582;0.18577016594826;83.6137399228882;88.85952690513186;136.13645;138.9945044763895;133.2783955236105;140.001;133.724;136.8625;45.41276089716706;32.107817207257774;6.255219897885943;4.1839999999999975;0.17464955541948637
2022-04-22;121474;138.811;139.153;139.488;138.257;130.76816;8.042840000000012;72829.32666666666;1.6679269953429474;-0.1833661714581547;138.93850000000003;69.97226911648154;1.7478513710577204;1.5897411469481506;0.15811022410956976;79.1447599018578;82.1439897375004;136.3722;139.29523257594067;133.4491674240593;140.001;133.962;136.98149999999998;46.637940422229526;30.043943160858237;6.918370346536085;3.6450000000000102;0.1781216768912482
2022-04-25;136567;137.247;138.843;139.181;136.485;130.79686;6.450140000000005;72927.12666666666;1.8726502227929265;-1.126711860011087;136.28150000000002;58.948450301772084;1.6124672924755714;1.5942863760536348;0.018180916421936644;51.23074198689579;71.32974727054726;136.4281;139.37306960256137;133.48313039743863;140.001;134.295;137.148;45.30990903924454;26.08871441919324;14.660416480577936;0.7760000000000105;0.17841934151001962
2022-04-26;126141;135.316;137.254;137.539;135.295;130.81794;4.4980600000000095;72992.57333333333;1.728134716170888;-1.406952428832697;136.28150000000002;48.73879450945428;1.333981563757618;1.5422254135944315;-0.20824384983681354;17.035594120771925;49.13703200317516;136.38205;139.3660763051807;133.39802369481927;140.001;134.295;137.148;42.859149517799594;23.335049749286785;18.710359275097886;-0.4410000000000025;0.17340693730991247
2022-04-27;133319;135.607;135.322;136.156;134.781;130.83966333333333;4.767336666666665;73081.88333333333;1.8242414387694592;0.2150521741700828;136.49500000000003;50.140265361015516;1.1238063453745326;1.4585415999504519;-0.33473525457591924;22.18877279971645;30.151702969128042;136.36545;139.36281427382636;133.36808572617366;140.001;134.295;137.148;40.121102532173744;21.815587822975814;19.926151451341532;-1.242999999999995;0.16515855431446602
2022-04-28;147712;137.383;135.601;137.994;135.43;130.86672666666666;6.516273333333345;73161.71666666666;2.0189794161470127;1.3096669051007703;136.49500000000003;57.73497301193231;1.088007455241069;1.3844347710085754;-0.29642731576750636;49.846743295019245;29.69037007183586;136.50115;139.42382475268985;133.57847524731014;140.001;134.295;137.148;38.82921121033958;27.582496034857922;17.62188141931338;1.0660000000000025;0.15737668009876926
2022-04-29;135304;136.928;137.342;137.985;136.498;130.89282333333333;6.035176666666672;73133.1;1.8501061762728708;-0.3311909042603589;136.87400000000002;55.40648083421227;1.0112646500910216;1.3098007468250648;-0.29853609673404313;41.13026819923356;37.721928097989746;136.57725;139.4608991378132;133.6936008621868;140.001;134.295;137.148;37.629597840065;25.724540956015158;16.434872671432057;0.30000000000001137;0.1492695408708367
2022-05-02;111920;136.82;137.018;137.637;136.519;130.91880666666663;5.901193333333339;73133.91666666667;1.530343308565014;-0.0788735685907982;136.87400000000002;54.84110266299921;0.9309987526077634;1.2340403479816044;-0.303041595373841;39.0613026819921;43.34610472541496;136.68445;139.4336862921384;133.9352137078616;140.001;134.295;137.148;36.51567113909575;24.394081530749553;15.584869894467676;-0.09200000000001296;0.14084591405253427
2022-05-03;100142;136.917;136.623;137.372;136.54;130.94482666666664;5.972173333333359;73098.88;1.3699525902446974;0.0708960678263537;136.9965;55.282458677483675;0.8652405850341722;1.1602803953921181;-0.2950398103579459;40.91954022988499;40.37037037037021;136.7914;139.39840068277917;134.18439931722085;140.001;134.354;137.1775;35.48131063105287;23.42319958339833;14.96459366831491;-2.141999999999996;0.1324399723756109
2022-05-04;94300;137.076;136.916;137.432;136.597;130.97072666666668;6.105273333333315;73099.43666666666;1.2900236212488885;0.1161287495343943;136.9965;56.0408701273783;0.8165441222909635;1.0915331407718871;-0.2749890184809236;43.96551724137908;41.31545338441871;136.9009;139.35825246963296;134.44354753036706;140.001;134.354;137.1775;34.565315829125275;22.75353106122713;14.347425162942223;-1.7290000000000134;0.12437986368582941
2022-05-05;130915;137.199;137.044;137.572;136.824;130.99456;6.204440000000005;73207.44666666667;1.788274362252703;0.0897312439814612;137.42500000000004;56.653326849373286;0.7788982426796736;1.0290061611534445;-0.2501079184737709;46.3218390804599;43.73563218390799;137.01675;139.29435346636797;134.73914653363204;140.001;134.354;137.1775;33.82345188830842;22.599059656394367;13.798430256496319;-1.8669999999999902;0.11683274494765977
2022-05-06;143964;137.651;137.152;138.155;136.739;131.01901;6.631990000000002;73373.51666666666;1.962070329189806;0.3294484653678209;137.42500000000004;58.91844667440394;0.7765842544636712;0.9785217798154899;-0.20193752535181875;54.980842911877495;48.422733077905484;137.14100000000002;139.2672936768028;135.01470632319723;140.001;134.781;137.39100000000002;33.573724644450756;23.943082506096015;12.79992978743206;-1.1599999999999966;0.11037796797261136
2022-05-09;118932;137.603;137.582;138.319;137.063;131.04375;6.55925000000002;73472.64333333333;1.6187249376670558;-0.0348707964344607;137.47450000000003;58.5684318071864;0.7620922778903036;0.9352358794304527;-0.17314360154014907;54.0613026819924;51.787994891443255;137.19760000000002;139.30975988031486;135.0854401196852;140.001;134.781;137.39100000000002;33.46115267684375;23.239264794948376;11.972351444903746;0.35599999999999454;0.10464439309422804
2022-05-10;134518;137.346;137.514;138.082;137.034;131.06910333333337;6.276896666666659;73654.71;1.8263326269288376;-0.1867691838114082;137.47450000000003;56.62867116491065;0.7215519284053187;0.8924990892254259;-0.1709471608201072;49.137931034482726;52.72669220945087;137.27705;139.28336727052618;135.27073272947382;140.001;134.781;137.39100000000002;33.31376980596394;21.963253467834743;11.466917697972576;2.030000000000001;0.09906323061337165
2022-05-11;124525;136.649;137.326;137.707;136.184;131.08994333333334;5.559056666666663;73803.26666666666;1.6872559389871151;-0.5074774656706471;135.32700000000003;51.634023538974795;0.6259655927300969;0.83919238992636;-0.21322679719626314;39.6855746760144;47.62826946416317;137.267;139.2837597774677;135.25024022253228;140.001;134.781;137.39100000000002;31.999378007846044;20.225254757218984;14.975950791750915;1.0420000000000016;0.09262600852599791
2022-05-12;151859;133.186;136.562;136.746;132.661;131.10139;2.084609999999998;73972.44;2.0529132201125107;-2.5342300346142266;134.508;35.079251671390494;0.2676917902184073;0.7248922699847695;-0.45720047976636224;8.052147239263878;32.291884316586994;137.11045;139.77872670791683;134.44217329208314;140.001;132.661;136.33100000000002;31.595033958195632;16.46236253906831;28.23500648453071;-4.197000000000003;0.0807292105535875
2022-05-13;120640;134.519;133.215;134.751;133.052;131.11765999999997;3.401340000000033;74090.33666666667;1.6282825187142091;1.0008559458201338;134.63550000000004;42.69545673249649;0.09027850574094032;0.5979695171360038;-0.5076910113950635;32.83845881937095;26.858726911549734;137.005;139.8984050528765;134.11159494712348;140.001;132.661;136.33100000000002;31.21957162637739;15.196040347980198;26.06310587232967;-2.408999999999992;0.06746267306752739
2022-05-16;99413;134.752;134.606;135.05;133.746;131.13389;3.6181100000000015;74185.53666666667;1.3400590528403529;0.1732097324541603;134.63550000000004;43.933592572108815;-0.031162426607380667;0.4721431283873269;-0.5033055549947076;36.956521739130665;25.949042599255154;136.897;139.95291374223999;133.84108625776;140.001;132.661;136.33100000000002;30.56294862761846;15.658337970163993;24.5050718667437;-2.0679999999999836;0.05405760423188667
2022-05-17;107293;136.468;134.748;136.695;134.49;131.15989666666667;5.308103333333321;74279.93666666666;1.4444411884930108;1.2734504868202157;135.3085;52.13588612993056;0.010935560032606872;0.37990161471638295;-0.3689660546837761;67.28525980911976;45.69341345587378;136.76745;139.66113888963744;133.87376111036255;140.001;132.661;136.33100000000002;28.48720084816145;21.445100830045643;22.099347330766463;-0.4490000000000123;0.04349756012783938
2022-05-18;103472;134.149;136.505;136.668;134.075;131.17900333333333;2.969996666666674;74371.01;1.3912948069413889;-1.6992994694726926;135.3085;42.98405302454458;-0.1411977616600666;0.2756817394410931;-0.4168795011011597;26.299045599151697;43.51360904913403;136.53465;139.48381701968725;133.58548298031275;140.001;132.661;136.33100000000002;26.867169700315554;19.073707268161154;21.42539486644909;-2.9269999999999925;0.03187915575111037
2022-05-19;146129;135.284;134.123;135.458;133.924;131.20177666666666;4.082223333333332;74557.15333333334;1.9599594870080483;0.8460741414397344;135.187;47.812603340210195;-0.1682401332237191;0.18689736490813064;-0.35513749813184975;46.35913750441846;46.64781430422997;136.34555;139.09978844102335;133.59131155897666;139.488;132.661;136.0745;25.476123082674345;17.818395326378123;20.663150137158308;-1.9150000000000205;0.02161975862518938
2022-05-20;120746;135.09;135.202;135.794;134.579;131.22095000000002;3.869049999999987;74703.93666666666;1.616327135994982;-0.1434020283255899;135.187;47.07870570911783;-0.2029856934719021;0.1089207532321241;-0.31190644670402623;42.93036408624969;38.52951572993994;136.1595;138.7182034607415;133.6007965392585;139.181;132.661;135.921;23.886974389218835;18.341209041748915;19.56483172092604;-2.561000000000007;0.012389613929041709
2022-05-23;109528;136.742;135.112;136.799;134.659;131.24604333333335;5.495956666666643;74797.51333333334;1.46432675524755;1.222888444740544;136.46400000000003;53.6088295959629;-0.09611129545015729;0.06791434349566783;-0.16402563894582511;72.12796041003885;53.80582066690232;136.13425;138.6592733959333;133.60922660406672;138.319;132.661;135.49;22.76893429572868;20.962576670030135;17.772934658454368;-0.8610000000000184;0.0065908357041956946
2022-05-24;122933;136.186;136.732;136.787;135.549;131.26904666666667;4.916953333333339;74969.35;1.6397767887807964;-0.4066051396059644;136.46400000000003;51.31386938749641;-0.05563578366158595;0.043204318064217075;-0.09884010172580301;62.30116648992601;59.119830328738175;136.17775;138.67470878019856;133.68079121980145;138.319;132.661;135.49;21.73075420891639;19.831026805559627;16.813560144501146;-1.1599999999999966;0.0025276630964327783
2022-05-25;118970;135.932;136.15;136.234;134.988;131.28926333333334;4.64273666666665;75070.17666666667;1.584783802071566;-0.1865096265401877;136.1405;50.25543132930719;-0.04355228258893362;0.025852997933586936;-0.06940528052252055;57.81194768469413;64.08035819488633;136.19400000000002;138.6800962169656;133.70790378303442;138.319;132.661;135.49;20.248246611815542;18.734895958909465;18.372854984827395;-0.717000000000013;-0.0005681702323714295
2022-05-26;104559;136.349;135.825;136.636;135.232;131.30954666666665;5.039453333333341;75158.59333333334;1.3911782453971695;0.3067710325751038;136.1405;52.005710294022116;-0.00032387254526611287;0.02061762383781633;-0.02094149638308244;65.18204312477901;61.76505243313304;136.1423;138.56965321698564;133.71494678301437;138.319;132.661;135.49;19.21968510475976;19.357032559228998;17.217984556823847;3.1629999999999825;-0.0022837491803961414
2022-05-27;101761;136.409;136.204;136.727;135.846;131.33051000000003;5.07848999999996;75342.38333333333;1.3506474775263038;0.0440047231736295;136.9875;52.265959658978986;0.038334555523647396;0.024161010174982542;0.014173545348664853;69.13853532558561;64.0441753783529;136.11634999999998;138.52053612216494;133.71216387783502;138.319;132.661;135.49;18.34430947889921;18.989184355611048;16.51642251740682;1.8899999999999864;-0.002910487351574584
2022-05-30;72371;137.566;136.328;137.665;136.257;131.35525;6.21074999999999;75384.88333333333;0.9600200570714386;0.8481845039550295;136.9875;57.09713896517186;0.1604819330075884;0.05142519474150371;0.10905673826608468;97.20570749108222;77.17542864714893;136.15365000000003;138.62262106301606;133.684678936984;138.319;132.661;135.49;18.30420031602583;22.110523986410204;15.434053856619226;2.813999999999993;-0.0011148850881296365
2022-05-31;126622;138.119;137.434;138.233;136.8;131.38122;6.737779999999987;75541.30333333333;1.6761955964838386;0.4019888635273139;138.38500000000002;59.221520159140816;0.2984665514578637;0.10083346608477572;0.197633085373088;97.95405599425692;88.0994329369749;136.21375;138.80939048936108;133.61810951063893;138.319;132.661;135.49;18.680892253643012;23.28504412535843;14.399762772091506;1.6510000000000105;0.003022205481960597
2022-06-01;114175;138.651;138.119;138.973;138.091;131.40874333333332;7.242256666666691;75617.97;1.5098924237186595;0.3851751026288985;138.38500000000002;61.21137659817636;0.44561157672279705;0.16978908821238;0.275822488510417;94.56172943759498;96.57383097431136;136.29250000000002;139.07672086049413;133.5082791395059;138.973;132.661;135.817;19.521927193123652;25.86300579912845;13.787341346865484;4.5020000000000095;0.00930732280681367
2022-06-02;94444;139.612;138.561;139.612;138.391;131.44010333333335;8.17189666666664;75673.76333333334;1.2480415383066608;0.6931071539332478;139.91350000000003;64.57421949749151;0.6324789147312515;0.2623270535161543;0.3701518612150972;100.0;97.5052618106173;136.41315;139.53294610071086;133.29335389928914;139.612;132.661;136.1365;20.686503658926206;27.441346145792945;12.965272038601764;4.328000000000003;0.018120724770440924
2022-06-03;89227;140.215;139.542;140.371;139.47;131.47244666666666;8.742553333333348;75716.67;1.1784327018077818;0.4319112970231797;139.91350000000003;66.534755501727;0.8197797759659977;0.373817598006123;0.4459621779598747;97.58026989297339;97.38066644352278;136.54135;140.04159926398262;133.04110073601737;140.371;132.661;136.51600000000002;22.179998352683405;30.010867552324495;12.378731724330251;5.125;0.029075447608663443
2022-06-06;95833;141.063;140.213;141.124;139.838;131.50838666666667;9.554613333333322;75800.55666666667;1.264278314226813;0.604785507969896;141.52;69.12271637147919;1.0248299689451983;0.5040200721939381;0.5208098967512602;99.15277777777767;98.91101589025034;136.71435000000002;140.71380902716993;132.71489097283012;141.124;132.661;136.89249999999998;23.932408770994186;31.866609508186517;11.573914322741972;4.320999999999998;0.042147262699571565
2022-06-07;120301;141.977;141.022;142.058;140.906;131.54728333333333;10.429716666666678;75914.75333333333;1.584685383508469;0.647937446389224;141.52;71.66606353968788;1.2467145364480245;0.6525589650447554;0.5941555714032691;99.00417998524725;98.57907588533276;136.9459;141.55464294792094;132.33715705207905;142.058;132.661;137.3595;25.958512588164645;34.77096180619973;10.890823988192635;5.790999999999997;0.0572936984806722
2022-06-08;121362;143.881;141.897;144.25;141.894;131.59189666666666;12.289103333333344;76062.43666666666;1.5955576144876424;1.3410622847362497;143.27400000000003;76.08521143047984;1.5582341886346;0.8336940097627243;0.7245401788718757;96.18446903112398;98.11380893138295;137.30749999999998;142.81376786489824;131.8012321351017;144.25;132.661;138.4555;28.553379629062153;41.47385126170315;9.637994309165391;7.949000000000012;0.07578018008127213
2022-06-09;132417;142.667;143.868;144.186;142.343;131.63367;11.033330000000008;76265.93333333333;1.7362535828576495;-0.8437528235138769;143.27400000000003;68.72511473826012;1.6877013327849397;1.0044954743671675;0.6832058584177723;83.4949431758941;92.8945307307551;137.78155;143.41782428271654;132.14527571728348;144.25;133.052;138.651;30.962899024181265;37.80973181171059;8.786499660542292;6.318000000000012;0.09379879283741084
2022-06-10;131694;141.325;142.616;142.788;140.801;131.67019666666664;9.654803333333348;76474.8;1.7220574620657103;-0.940652007822418;140.6105;61.628028898752376;1.662848510306901;1.1361660815551142;0.5266824287517868;68.41934787302947;82.69958669334916;138.12185;143.75094695333203;132.49275304666796;144.25;133.746;138.998;31.508912727154314;34.29212810626021;15.188930751631894;4.915999999999997;0.10860420238686685
2022-06-13;153181;139.896;141.296;141.778;139.389;131.70265;8.193349999999981;76738.05333333333;1.996154363397717;-1.0111445250309603;140.6105;55.10270733663754;1.510432783176725;1.2110194218794366;0.29941336129728846;52.99071474843432;68.30166859911928;138.37905;143.8361984302713;132.9219015697287;144.25;133.924;139.087;30.770552034727576;30.605375533632113;19.91027185762998;2.329999999999984;0.11835223851499195
2022-06-14;147612;141.115;139.863;141.116;139.481;131.73941000000002;9.375589999999988;77004.50666666667;1.916926766883352;0.8713615828901622;140.46150000000003;59.08273756392819;1.4710480079815227;1.263025139099854;0.20802286888166877;65.23619427811055;62.215418966524766;138.6114;144.11877550562994;133.10402449437007;144.25;133.924;139.087;30.084931391759888;28.358307830994896;18.44844601619102;2.9960000000000093;0.125798573103431
2022-06-15;154446;139.808;141.068;141.494;139.53;131.77195333333336;8.036046666666635;77334.60333333333;1.997113754295415;-0.926194947383352;140.46150000000003;53.59667644177967;1.31916480225334;1.2742530717305511;0.04491173052278885;47.14421703950489;55.123708688683244;138.89434999999997;144.02413651700172;133.76456348299823;144.25;133.924;139.087;29.659916774001008;27.567940941591925;16.848221505257598;1.1569999999999823;0.12926603677714193
2022-06-16;167640;139.522;139.85;140.606;137.837;131.80456666666666;7.717433333333332;77682.48666666666;2.1580153673416365;-0.2045662623025856;140.56900000000002;52.449018344607225;1.1623199567141;1.2518664487272608;-0.08954649201316078;40.8482422119353;51.076217843183564;139.10625;143.96495010908401;134.24754989091596;144.25;134.579;139.4145;27.90448008457367;24.35975063399821;22.002771296641903;-0.09000000000000341;0.12926159569181414
2022-06-17;161706;141.616;139.342;141.972;139.342;131.84166;9.774340000000024;78029.54666666666;2.072368825757362;1.5008385774286648;140.56900000000002;59.317728450874476;1.1932327420413458;1.240139707390078;-0.04690696534873218;64.64429530201356;50.878918184484576;139.43255;144.0385022565929;134.8265977434071;144.25;134.659;139.4545;27.07214800593879;27.29344430997112;19.6622794477071;1.4010000000000105;0.12966074755431528
2022-06-20;120653;141.998;141.423;142.354;141.423;131.87952;10.118480000000003;78243.18333333333;1.5420257057535096;0.2697435318042895;142.9815;60.440365422098466;1.2343270012915468;1.238977166170372;-0.0046501648788250805;64.88382972087938;56.7921224116094;139.69535;144.25682297591615;135.13387702408383;144.25;134.988;139.619;26.50398710703973;27.82882032949381;18.89601514725098;0.9350000000000023;0.13059342382530886
2022-06-21;130672;143.965;141.883;143.99;141.841;131.92112666666668;12.043873333333323;78495.86;1.664699259298304;1.3852307778982942;142.9815;65.69053962807976;1.4093686345925107;1.2730554598547996;0.1363131747377111;95.55590207391242;75.02800903226846;140.0843;144.7086682855082;135.45993171449183;144.25;134.988;139.619;26.76398310383483;32.09463766090809;17.227120793700347;1.9879999999999995;0.13436737731990905
2022-06-23;166437;141.993;143.958;143.985;141.401;131.99525666666668;9.997743333333318;79160.65666666666;2.102521719859141;-1.3697773764456689;142.97900000000004;57.45757964500515;1.3731377930523365;1.2930719264943071;0.08006586655802939;64.8058630905972;75.08186496179633;140.38735;144.6649349389596;136.1097650610404;144.25;135.232;139.74099999999999;26.652306841811605;28.80078805846351;17.206671189256088;-1.8880000000000052;0.13680588171917127
2022-06-24;136079;142.707;141.998;142.769;141.398;132.03279333333333;10.674206666666665;79409.3;1.7136405937337675;0.5028416893790633;143.02800000000002;59.439701290850394;1.386060777109975;1.3116696966174408;0.07439108049253429;75.93949789490092;78.76708768647018;140.70525;144.66858096649958;136.74191903350044;144.25;135.846;140.048;26.546113932304745;27.205435755173774;16.265668809356246;0.03999999999999204;0.13898141903906128
2022-06-27;125377;143.349;142.591;143.483;142.034;132.07204000000002;11.276959999999974;79658.15;1.57393813439032;0.4498728163299548;143.02800000000002;61.19062127634387;1.4316037329715812;1.335656503888269;0.0959472290833121;85.95041322314036;75.56525806954615;141.05225000000002;144.64845443662688;137.45604556337315;144.25;136.257;140.2535;26.804032863830066;28.51436468181224;15.300980306462083;2.024000000000001;0.14151268713016213
2022-06-28;125012;143.252;143.344;144.278;142.865;132.11186666666666;11.140133333333353;79871.07333333333;1.5651724057627248;-0.0676670224417197;142.92700000000002;60.76381423848999;1.4432330718036042;1.3571718174713363;0.08606125433226786;84.07079646017728;81.98690252607285;141.33655;144.67516836543425;137.99793163456573;144.278;136.8;140.539;27.41297615117838;30.141332692575247;14.403856418860842;3.356000000000023;0.14374752691765938
2022-06-29;142538;142.602;143.152;143.856;142.484;132.15024333333332;10.451756666666682;80174.81;1.7778401969394406;-0.4537458464803356;142.92700000000002;57.85182299967699;1.3840454247711307;1.3625465389312952;0.021498885839835502;73.97919577705345;81.33346848679035;141.5607;144.59305005235464;138.52834994764535;144.278;137.837;141.0575;27.622567950611284;28.400126995313794;15.175973802889711;1.4869999999999948;0.14448146456764474
2022-06-30;135408;142.269;142.593;142.859;141.374;132.18582666666666;10.083173333333349;80419.27333333333;1.6837754730601044;-0.2335170614717885;141.63600000000002;56.3616245760934;1.2953366366428725;1.3491045584736105;-0.053767921830738086;68.80919111939163;75.61972778554077;141.7416;144.47497054934294;139.00822945065707;144.278;137.837;141.0575;26.853146824821813;26.60843255338084;18.934193868512274;2.4610000000000127;0.14342415787371043
2022-07-01;137675;141.003;142.259;142.431;139.793;132.21555666666666;8.787443333333329;80658.13;1.7068955107189183;-0.8898635683107448;141.63600000000002;50.98462014481214;1.1100823252985776;1.301300111838604;-0.1912177865400264;49.15385809656879;63.98074833100461;141.81115;144.39069114330735;139.23160885669265;144.278;137.837;141.0575;24.99474908271922;23.74286996074964;23.34937729791778;1.4809999999999945;0.1391543676583856
2022-07-04;97240;141.392;140.966;141.66;140.612;132.24686333333332;9.145136666666671;80775.54666666666;1.203829673864846;0.275880655021532;140.4215;52.484621541274265;0.9833208867775909;1.2377042668264016;-0.25438338004881067;55.193292966930684;57.71878072763036;141.87;144.35309838709938;139.38690161290063;144.278;137.837;141.0575;23.2690940364811;22.697109229678368;22.32094805101142;-0.22400000000001796;0.1331986897512251
2022-07-05;146499;139.451;141.276;142.372;138.948;132.27183666666667;7.179163333333321;81029.19333333333;1.807978013520665;-1.3727792237184566;140.4215;45.07266087907436;0.717962826548586;1.1337559787708384;-0.41579315222225244;25.058220773171925;43.135123945557126;141.7894;144.46892506239732;139.10987493760268;144.278;137.837;141.0575;22.579601807149707;19.651634800475133;25.84679301430467;-2.546999999999997;0.12339680177274248
2022-07-06;158331;138.392;139.283;139.502;137.267;132.29174;6.100259999999992;81301.26333333334;1.9474605130159788;-0.7594065298922148;138.28500000000005;41.61923428103039;0.41740066737716575;0.9904849164921039;-0.5730842491149382;16.046213093709895;32.09924227793749;141.61015;144.6683780670374;138.5519219329626;144.278;137.267;140.77249999999998;22.771663987196558;17.95781802120419;30.101732159477624;-5.5730000000000075;0.1097337938011822
2022-07-07;131813;138.178;138.373;139.068;137.983;132.31162666666668;5.866373333333314;81491.30666666667;1.6175099577081735;-0.1546332157928209;138.28500000000005;40.93665688611207;0.1600895664037978;0.8244058464744427;-0.6643162800706449;12.993866780773098;18.03276688255163;141.325;144.54246726479306;138.10753273520692;144.278;137.267;140.77249999999998;22.950007440097206;17.18350528818241;28.80379304072873;-3.8149999999999977;0.09357572064312585
2022-07-08;141417;138.613;138.215;138.714;136.863;132.33094666666668;6.282053333333323;81761.47666666667;1.7296287416202818;0.3148113303130806;138.29250000000002;42.983654608582;-0.00863097785060063;0.6577984816094341;-0.6664294594600347;23.60080917060016;17.54696301502771;141.1223;144.4836304568303;137.7609695431697;144.278;136.863;140.57049999999998;23.619476505317248;15.922181009063802;31.130971077880044;-4.093999999999994;0.07687729687688492
2022-07-11;122799;137.972;138.378;139.17;137.885;132.34838000000002;5.623619999999988;81987.40333333334;1.4977788661109976;-0.4624385880112158;138.29250000000002;40.74284899219094;-0.19185498286071834;0.48786778871540365;-0.679722771576122;14.956169925826163;17.183615292399796;140.95465;144.58270414926716;137.32659585073282;144.278;136.863;140.57049999999998;23.865494061646128;16.939966723767853;29.511448831144925;-5.376999999999981;0.059495606407212465
2022-07-12;131875;137.346;137.882;138.074;137.021;132.36254;4.983460000000008;82236.54;1.6036058910064064;-0.4537152465717731;137.78900000000002;38.62511402266207;-0.38315749410386957;0.31366273215154905;-0.6968202262554186;6.5138233310857;15.023600809170667;140.82715;144.76136846241596;136.89293153758402;144.278;136.863;140.57049999999998;24.484728139403366;16.19639553914205;31.81765796747838;-5.906000000000006;0.04141813803387487
2022-07-13;138842;138.232;137.37;138.802;137.124;132.3800466666667;5.851953333333313;82445.32;1.684049500929624;0.6450861328324065;137.78900000000002;43.130612397713065;-0.4579938491336577;0.15933141589450772;-0.6173252650281654;18.46257585974378;13.310856372218538;140.683;144.7726634580384;136.59333654196158;144.278;136.863;140.57049999999998;24.456431548907243;18.100995695501442;29.588784607102596;-4.3700000000000045;0.0248060873179916
2022-07-14;142615;139.245;138.031;139.767;137.993;132.40077;6.84423000000001;82712.52666666667;1.724224923931104;0.7328259737253262;139.48750000000004;47.844832848500545;-0.430597901089925;0.04134555249762119;-0.4719434535875462;32.12407282535411;19.033490672061188;140.65485;144.77584761101784;136.53385238898218;144.278;136.863;140.57049999999998;23.691058672325124;20.781983458051663;27.403213124593982;-3.024000000000001;0.0112487701335218
2022-07-15;114495;139.73;139.298;139.892;138.745;132.42412333333334;7.305876666666649;82890.25;1.381284288562119;0.3483069410032513;139.48750000000004;49.982642606925204;-0.3655372819549427;-0.0400310143928916;-0.32550626756205114;38.664868509777385;29.750505731625083;140.66525000000001;144.77579599171628;136.55470400828375;144.278;136.863;140.57049999999998;22.886936878565702;20.298497934831968;26.062756629528295;-1.2729999999999961;0.0009696233417763998
2022-07-18;108358;140.116;139.635;140.798;139.378;132.44827;7.667730000000006;83075.37;1.3043336430519294;0.2762470478780754;140.70800000000003;51.68020991106448;-0.2796061725818788;-0.08794604603068903;-0.19166012655118977;46.517946517946754;39.10229595102607;140.59025000000003;144.6833708570008;136.49712914299926;144.278;136.863;140.57049999999998;21.47882087900651;22.962012823580984;24.467086544957517;-1.275999999999982;-0.006139078257236552
2022-07-19;118380;141.3;139.981;141.447;139.695;132.47502333333333;8.824976666666686;83261.32666666666;1.4217885390406435;0.8450141311484805;140.70800000000003;56.551360164242745;-0.11464469176158332;-0.0932857751768679;-0.02135891658471542;73.99933288859248;53.06071597210553;140.55535;144.61159990724371;136.4991000927563;144.278;136.863;140.57049999999998;20.158211024173244;24.021344675421297;22.62644382730585;1.849000000000018;-0.009158965509109796
2022-07-20;103467;140.781;141.234;141.932;140.426;132.50070666666667;8.280293333333333;83398.08;1.2406400722892852;-0.3673036093418291;140.62900000000002;53.98239071302665;-0.025496583520492777;-0.07972793684559287;0.054231353325100096;70.36637931034478;63.62788623896133;140.39614999999998;144.1427251974322;136.64957480256774;144.278;136.863;140.57049999999998;19.249794924916444;24.5541229408747;21.153313412504005;2.38900000000001;-0.010014858357205083
2022-07-21;124455;140.477;140.596;142.323;140.137;132.52248666666665;7.954513333333352;83586.9;1.4889294853617627;-0.2159382303009605;140.62900000000002;52.478594492100484;0.020388647534730353;-0.059704619969528236;0.08009326750425859;65.60174260301315;69.98915160065013;140.32035000000002;143.99528734776726;136.64541265223278;144.278;136.863;140.57049999999998;18.659490952075096;23.938223002036104;19.199330145715255;2.2990000000000066;-0.00978781616793148
2022-07-22;120915;138.986;140.424;140.693;138.784;132.53929;6.446709999999996;83777.51;1.443287106527582;-1.0613837140599602;139.31900000000002;45.747401414761484;-0.06283390531416444;-0.06033047703845548;-0.0025034282757089577;38.5369395534577;58.168353822271875;140.1343;143.68163483618537;136.58696516381463;144.278;136.863;140.57049999999998;17.53216727548177;22.024865371129174;23.32969777507139;0.37299999999999045;-0.01090281889991628
2022-07-25;111505;139.652;138.942;140.075;138.718;132.55827;7.093729999999994;83990.23333333334;1.3275948354311045;0.4791849538802406;139.31900000000002;48.900296381991915;-0.0741924990810503;-0.06310288144697444;-0.011089617634075857;51.080586080585775;51.73975607901887;139.94945;143.17846994264735;136.72043005735267;144.278;136.863;140.57049999999998;16.530589768458064;20.75492311025111;22.264956227517523;1.6799999999999784;-0.011920287690133952
2022-07-26;99507;138.542;139.639;139.838;138.133;132.57430666666667;5.9676933333333295;84126.92;1.1828199582248842;-0.7948328702775398;138.9325;44.28134688644352;-0.17079319221372202;-0.08464094360032397;-0.08615224861339806;30.750915750915745;40.1228137949864;139.71395;142.61559515232548;136.81230484767454;143.856;136.863;140.3595;16.00429164123206;19.252837525653188;23.136747655212435;1.195999999999998;-0.014352291149641754
2022-07-27;102122;139.323;138.368;139.509;138.368;132.59276666666665;6.730233333333359;84276.00666666667;1.2117565133799792;0.5637279669703066;138.9325;48.002894896670234;-0.1822291404833436;-0.1041585829769279;-0.0780705575064157;45.05494505494514;42.29548229548221;139.55;142.13349143602488;136.96650856397514;142.859;136.863;139.861;15.515586237379342;18.29843111172785;21.98980708969402;1.0910000000000082;-0.016511883362159526
2022-07-28;127403;136.864;139.18;139.332;136.375;132.60307;4.260930000000002;84497.9;1.5077652817405514;-1.7649634303022466;136.55050000000003;39.13899464073744;-0.38527178781157545;-0.16038122394385743;-0.22489056386771802;8.221250840618758;28.00903721549321;139.27974999999998;141.79899884638527;136.76050115361468;142.431;136.375;139.40300000000002;16.28129913011419;16.07447701535732;27.50879558366038;-2.3810000000000002;-0.021791872788018966
2022-07-29;130684;136.237;136.805;137.328;135.546;132.61301666666665;3.623983333333342;84736.73666666666;1.5422354593859695;-0.4581190086509257;136.55050000000003;37.250220721506786;-0.5899773173386791;-0.24630044262282177;-0.3436768747158573;10.196252028921366;21.157482641495083;139.04145;141.75755283126642;136.32534716873357;142.372;135.546;138.959;17.40147721581479;14.89926087727659;28.898773691394258;-3.492999999999995;-0.029769999496313187
2022-08-01;114822;135.037;136.11;136.343;134.996;132.6192133333333;2.4177866666667;84953.36;1.35158868348452;-0.8808179863032728;135.20100000000002;33.88032637258961;-0.8393622499614821;-0.3649128040905539;-0.47444944587092824;0.5595741776988785;6.325692349079663;138.7237;141.7362506203238;135.71114937967621;142.372;134.996;138.68400000000003;18.697104664311627;14.062342425514727;29.569055254988967;-5.079000000000008;-0.04083321113002808
2022-08-02;146594;135.365;135.025;135.406;133.397;132.6261966666667;2.7388033333333226;85263.25666666667;1.7193103539674337;0.2428963913594151;135.20100000000002;35.595395516063434;-0.9990186815040261;-0.4917339795732483;-0.5072847019307778;22.047949809545308;10.934592005388515;138.5194;141.84489054426757;135.1939094557324;142.323;133.397;137.86;20.550878475679124;12.898597171933718;33.7087478294141;-5.935000000000002;-0.05295943046189028
2022-08-03;138882;136.109;135.375;136.419;134.825;132.63480666666666;3.4741933333333463;85575.99666666667;1.6229083552593984;0.5496250877257802;136.1515;39.43308773094408;-1.0533703736640803;-0.6040612583914148;-0.4493091152726655;30.383150347300163;17.663558111514778;138.40525;141.89316140225966;134.91733859774033;142.323;133.397;137.86;21.363637285990677;16.243774194082544;31.482552565385546;-4.671999999999997;-0.06414504217009252
2022-08-04;117765;136.194;135.896;136.919;135.635;132.64506666666668;3.5489333333333093;85808.48;1.3724168054251316;0.0624499482032581;136.1515;39.87389320698598;-1.0771687606992657;-0.698682758852985;-0.3784860018462807;31.335424602285368;27.922174919710276;138.30605;141.9245801145649;134.6875198854351;142.323;133.397;137.86;21.69751618839422;17.473637568790263;29.776636483360054;-4.2830000000000155;-0.0739846315589354
2022-08-05;108150;137.409;136.047;137.758;135.799;132.66041666666666;4.748583333333329;85979.12666666666;1.2578634395680155;0.892109784572015;137.53300000000002;45.93146017555536;-0.9866157162316824;-0.7562693503287246;-0.23034636590295787;44.94734483531249;35.555306594966005;138.24585;141.88196882506787;134.6097311749321;142.323;133.397;137.86;21.335292022055835;19.546420254516534;27.342319259796426;-1.5769999999999982;-0.08066478068983754
2022-08-08;102390;137.657;137.422;137.926;137.069;132.67456666666666;4.982433333333347;86185.84;1.1880141795913126;0.180483083349725;137.53300000000002;47.10291875055158;-0.8846426390421982;-0.7819440080714193;-0.10269863097077891;47.725745014564325;41.336171484054056;138.23010000000002;141.87354863556675;134.5866513644333;142.323;133.397;137.86;20.86692586797207;19.548528528006404;26.32827927928098;-1.9949999999999761;-0.084438816763654
2022-08-09;87115;138.032;137.476;138.312;137.259;132.68981;5.342190000000016;86354.98333333334;1.0088010747882712;0.2724162229309046;137.44550000000004;48.90560371663074;-0.7647532749872994;-0.7785058614545953;0.013752586467295935;51.92695496302947;48.20001493763542;138.2644;141.8867658236038;134.64203417639618;142.323;133.397;137.86;20.12266819776827;20.34884423194524;25.09668322233613;-0.5099999999999909;-0.08541357625361465
2022-08-10;110223;136.859;137.875;138.397;136.612;132.70334666666665;4.155653333333362;86534.01;1.2737535218810183;-0.8498029442448152;137.44550000000004;43.86942121199818;-0.7556803740897351;-0.7739407639816233;0.018260389891888162;47.45065789473695;49.03445262411024;138.19575000000003;141.8696447657783;134.52185523422176;142.323;133.397;137.86;19.839467893450536;18.74784304019554;25.973925561166745;-2.4639999999999986;-0.08594553635743964
2022-08-11;111114;137.247;136.868;137.392;136.297;132.72334333333333;4.523656666666682;86635.66;1.2825434699751486;0.2835034597651553;137.0705;45.85558428820696;-0.70900866684417;-0.7609543445541327;0.05194567770996272;57.651991614256126;52.343201490674176;138.09584999999998;141.75883005864253;134.43286994135744;142.323;133.397;137.86;19.770246068056462;17.821530612113314;26.111934705077573;0.3830000000000098;-0.08544834679563802
2022-08-12;100123;136.894;137.207;137.72;136.852;132.74383666666665;4.150163333333353;86700.92666666667;1.1548088797819285;-0.2572005216871842;137.0705;44.319079978065815;-0.6925221877561114;-0.7472679131945286;0.05474572543841716;54.29281167520591;53.13182039473299;137.95405;141.5723083365499;134.3357916634501;142.323;133.397;137.86;19.408717203553472;18.62961333846109;25.055133750608714;0.6570000000000107;-0.08461194866866746
2022-08-15;89865;135.425;136.84;137.067;135.277;132.75696333333337;2.6680366666666657;86746.86666666667;1.0359451984047414;-1.0730930500971514;135.97400000000002;38.53274845640827;-0.7888986250773655;-0.7555940555710959;-0.03330456950626959;33.18062827225167;48.37514385390457;137.71949999999998;141.3549025636802;134.08409743631975;142.323;133.397;137.86;20.00687215721601;17.09324076807078;30.245236090460487;0.38800000000000523;-0.08548438244278203
2022-08-16;95340;136.523;135.428;136.918;134.948;132.77153666666666;3.7514633333333336;86848.15666666666;1.097778049175126;0.810780875023065;135.97400000000002;44.378258198085454;-0.7678271885048389;-0.7580406821578446;-0.009786506346994295;52.6705981465881;46.71467936468188;137.48065000000003;140.75330655240705;134.207993447593;142.323;133.397;137.86;20.734248785372476;15.571243482118408;29.039201479497805;1.157999999999987;-0.08576074203241282
2022-08-17;104910;137.48;136.428;137.88;136.262;132.78868666666668;4.691313333333312;86983.17666666667;1.2060952935993554;0.700980787120109;137.27100000000004;48.93636601477234;-0.6662261804949594;-0.7396777818252676;0.07345160133030815;81.65999999999997;55.83707547294657;137.31560000000002;140.21781518154884;134.4133848184512;142.323;133.397;137.86;20.52628943323401;18.775135584409274;26.91914376281892;1.370999999999981;-0.08411341633510704
2022-08-18;101813;137.062;137.467;137.66;136.561;132.80456999999998;4.257430000000028;87128.53;1.1685380207836435;-0.3040442246144748;137.27100000000004;47.1200364420982;-0.6123766593419759;-0.7142175573286093;0.10184089798663332;73.30000000000041;69.21019938219615;137.14485;139.65885145386045;134.63084854613953;140.693;133.397;137.04500000000002;20.333184320534002;17.82331445318858;25.554455356036105;0.8680000000000234;-0.08166995255118299
2022-08-19;98629;137.427;136.98;137.965;136.94;132.82185666666666;4.605143333333331;87273.8;1.1301100673969589;0.2663028410500256;137.055;48.90346475396189;-0.5340914030614954;-0.6781923264751866;0.14410092341369118;80.60000000000002;78.52000000000014;137.0669;139.44047400558998;134.69332599441003;140.075;133.397;136.736;19.869830476765447;18.4014843318328;24.316285164006363;0.018000000000000682;-0.0781233901851339
2022-08-22;96450;136.683;137.382;137.944;136.398;132.83782;3.845179999999999;87401.89333333333;1.103523005298615;-0.5413783317688714;137.055;45.53252494245467;-0.5260207161971948;-0.6477580044195882;0.12173728822239338;52.015677491601416;68.63855916386727;136.91845;138.9772436734924;134.8596563265076;139.838;133.397;136.6175;19.812934481030645;17.058918709418013;25.100012450210553;-0.974000000000018;-0.07488515641571938
2022-08-23;115302;136.312;136.591;137.063;135.726;132.85386333333332;3.458136666666689;87595.50333333333;1.3163004447981768;-0.2714309753224508;136.51100000000002;43.90722681835755;-0.5432984320021035;-0.6268660899360913;0.0835676579339878;39.547694984053656;57.38779082521836;136.80695;138.7396361592127;134.8742638407873;139.509;133.397;136.45299999999997;20.19328585876156;15.973518604457567;26.70096886007424;-1.7199999999999989;-0.07237119444249615
2022-08-24;114718;136.71;136.36;136.783;135.515;132.87042000000002;3.839579999999984;87754.37;1.3072625329084686;0.2919772287105937;136.51100000000002;46.12880575488968;-0.5188943810572084;-0.6052717481603147;0.08637736710310628;51.08727167294893;47.55021471620133;136.67630000000003;138.2263891716325;135.12621082836756;139.332;133.397;136.3645;20.678620792726623;14.99882497722693;26.0870782386462;-0.1490000000000009;-0.06974894733364924
2022-08-25;103639;136.14;136.568;136.982;136.014;132.8837;3.2562999999999818;87888.83;1.1792055941578492;-0.4169409699363746;136.586;43.473261589246555;-0.539331157313427;-0.5920836299909372;0.052752472677510265;34.560742244128285;41.73190296704362;136.64010000000002;138.20471239929006;135.07548760070998;138.397;133.397;135.897;20.907182555630705;15.264376715769599;24.8409123360722;-1.1070000000000277;-0.0678368181220296
2022-08-26;105934;137.032;136.069;137.969;136.051;132.90129666666667;4.130703333333344;88038.69333333333;1.2032663819634304;0.6552078742471101;136.586;48.47240790447553;-0.4780399574308092;-0.5692748954789116;0.09123493804810245;60.42331110466839;48.690441673915196;136.67985000000002;138.24187141791086;135.11782858208917;138.397;133.397;135.897;20.095981602545752;18.61255108786806;22.54306431001859;0.13800000000000523;-0.065090242737031
2022-08-29;107297;138.666;137.016;138.973;136.957;132.92469;5.741309999999999;88225.59333333334;1.2161663747003553;1.1924222079514155;138.8375;56.12683614236786;-0.2942244594323995;-0.5142648082696093;0.2200403488372098;92.37267080745302;62.45224138541656;136.8613;138.4604815531741;135.2621184468259;138.973;133.397;136.185;18.858359363545787;21.568757645699755;20.40635338088819;3.2409999999999854;-0.05946103530197228
2022-08-30;110087;139.009;138.608;139.217;138.261;132.9521;6.056899999999985;88368.13;1.2457771823392385;0.2473569584469093;138.8375;57.55229241589632;-0.11949465946858595;-0.43531077850940464;0.3158161190408187;95.12766455844398;82.64121549018846;137.0435;138.74624325722124;135.34075674277875;139.217;134.825;137.02100000000002;17.907703688867265;21.751323979863376;19.46420037902253;2.48599999999999;-0.05153457645225454
2022-08-31;116880;139.686;138.94;139.729;138.266;132.98296333333332;6.703036666666691;88516.75666666667;1.3204279551286482;0.4870188261191899;139.56650000000002;60.29440856825238;0.07276936796137079;-0.33369474921524955;0.40646411717662034;99.10060656766353;95.53364731118684;137.22235;139.22067142309805;135.22402857690196;139.729;134.948;137.3385;17.43438191831073;22.68789134408985;18.087893906495758;2.2060000000000173;-0.041344468505776825
2022-09-01;118044;139.447;139.674;140.001;138.922;133.01436666666666;6.432633333333342;88628.67;1.3318940699435824;-0.1710980341623424;139.56650000000002;58.84908450666304;0.203508769874162;-0.22625404539736726;0.42976281527152926;89.03621610924199;94.4214957451165;137.38500000000002;139.54504194404018;135.22495805595986;140.001;134.948;137.4745;17.207511362463244;22.821926875202852;17.126064684945817;2.384999999999991;-0.030329491313562513
2022-09-02;109613;139.616;139.422;140.751;139.259;133.04384000000002;6.572159999999997;88752.15333333334;1.235046090524763;0.1211929980566184;139.61250000000004;59.5867933538957;0.3171022184397714;-0.11758279262993955;0.4346850110697109;80.44115112872667;89.52599126854405;137.49535;139.86440671312715;135.12629328687285;140.751;134.948;137.8495;17.551794821696028;24.83578066095633;15.869445249381739;2.1890000000000214;-0.01893490852316699
2022-09-05;89699;139.609;139.044;139.644;138.691;133.07294;6.53606000000002;88850.76666666666;1.0095467193491474;-0.0050137520055004;139.61250000000004;59.539182674616725;0.401927829498959;-0.013680668204159849;0.41560849770311886;78.18945760122246;82.55560827973036;137.59295;140.13511517756282;135.05078482243718;140.751;134.948;137.8495;17.27166114356037;23.642484963263033;17.970646984489466;2.926000000000016;-0.007748771661731357
2022-09-06;144631;141.454;139.491;141.76;139.49;133.1101666666667;8.343833333333322;89114.30333333333;1.6229830071048128;1.321548037733966;142.65050000000002;67.01914326906213;0.6109857546365163;0.11125261636397539;0.4997331382725409;95.10008006405151;84.57689626466687;137.76405000000003;140.81175264133714;134.71634735866292;141.76;134.948;138.35399999999998;18.34629336493571;31.27652495796096;15.99879152040138;5.141999999999996;0.005448139047276433
2022-09-07;152835;143.847;141.415;144.013;141.262;133.15585666666666;10.691143333333343;89396.61333333333;1.7096285228401968;1.6917160348947302;142.65050000000002;73.78775854551274;0.9587093625974319;0.2807439656106667;0.6779653969867652;98.04659919981177;90.44537895502857;138.11345;142.11804773136;134.10885226864;144.013;134.948;139.4805;20.30513248703595;37.61765671022823;13.994672452859774;7.1370000000000005;0.0228061059729082
2022-09-08;145123;144.078;143.842;144.329;143.177;133.20367;10.874330000000016;89634.87666666666;1.6190461279895083;0.1605872906629946;143.644;74.33531363842178;1.2386442763833827;0.47232402776520993;0.7663202486181728;97.15225777172675;96.76631234519668;138.45499999999998;143.2021256145181;133.70787438548186;144.329;134.948;139.63850000000002;22.23696340517949;37.072943968109826;13.246365717596875;7.938000000000017;0.042479837340024314
2022-09-09;146930;143.21;144.001;144.724;142.64;133.24784666666667;9.962153333333331;89899.39666666667;1.6343824925185853;-0.6024514499090694;143.644;68.5414363495822;1.3746087327525913;0.6527809687626862;0.7218277639899051;83.5595612987297;92.91947275675606;138.7708;143.88655447417236;133.65504552582766;144.724;134.948;139.836;23.497787380936277;33.57536464439323;14.427673301716046;6.177999999999997;0.0615303204783678
2022-09-12;127917;144.567;143.636;145.635;143.385;133.29926666666665;11.267733333333354;90053.97333333333;1.4204481519821794;0.9475595279659244;144.311;72.19072775489037;1.573719247198568;0.8369686244498626;0.7367506227487053;89.4466403162057;90.05281979555404;139.2279;144.68825654147375;133.76754345852626;145.635;134.948;140.29149999999998;25.032171266214124;33.99738364685675;12.902299356773344;5.9010000000000105;0.08112987474720737
2022-09-13;127898;144.055;144.562;145.163;144.029;133.34802333333334;10.706976666666662;90196.28;1.4179963963035485;-0.3541610464352196;144.311;68.94117828289689;1.6709400861838901;1.0037629167966682;0.6671771693872219;83.5775906870389;85.52793076732478;139.6045;145.30055700463186;133.90844299536815;145.635;135.515;140.575;26.45695630254355;32.27875218874627;12.25006394398859;5.046000000000021;0.09934795505110654
2022-09-14;140249;142.875;144.102;144.476;142.295;133.39063333333334;9.48436666666666;90415.71;1.5511574260710277;-0.81913158168756;143.17100000000002;62.012969151960704;1.6339371527828064;1.1297977639938959;0.5041393887889105;71.20200333889827;81.40874478071429;139.87425000000002;145.65270473721273;134.0957952627873;145.635;135.515;140.575;26.14893583850355;29.219359356459478;18.624495644126217;3.188999999999993;0.11397230283799391
2022-09-15;120482;143.467;142.712;143.68;142.564;133.43663999999998;10.03036000000003;90593.52333333332;1.3299184706248872;0.414348206474191;143.17100000000002;63.969287464950355;1.6335509553570944;1.2305484022665356;0.40300255309055877;75.01728508873038;76.59895970488918;140.1945;146.02374689818646;134.36525310181355;145.635;135.515;140.575;25.862916836180695;27.76901161907973;17.70004022442428;4.02000000000001;0.12616011638214045
2022-09-16;117245;143.146;143.436;143.531;142.511;133.47999;9.66601;90763.19666666668;1.2917680767742947;-0.2237448333066272;143.3555;62.10172204853846;1.5890255761163417;1.3022438370364968;0.28678173907984483;66.2462706807702;70.82185303613294;140.48045;146.29968611739693;134.66121388260305;145.635;135.515;140.575;25.548887064359995;26.475511503068212;17.1175968788785;3.5299999999999727;0.1354774274870391
2022-09-19;103152;143.565;143.042;143.613;142.799;133.52428666666663;10.040713333333343;90882.47;1.1350043633275884;0.2927081441325807;143.3555;63.595721413608764;1.5694569675816297;1.3556864631455234;0.21377050443610623;71.90934997964455;71.05763524971503;140.82455;146.5174099306515;135.13169006934848;145.635;135.515;140.575;25.30870588926761;25.844177008886476;16.458710145389006;3.955999999999989;0.14278658412627832
2022-09-20;121957;143.286;143.496;144.04;143.018;133.56947666666667;9.716523333333328;91058.23666666666;1.3393296912439656;-0.1943370598683547;142.509;61.84737662685485;1.5139834769338734;1.3873458659031934;0.12663761103067994;66.17223502304157;68.10928522781877;141.17325;146.5641138593474;135.7823861406526;145.635;135.515;140.575;25.357415002284544;26.632568114365245;15.644492299635662;1.8319999999999936;0.1477537192038302
2022-09-21;151647;141.732;143.304;143.593;141.641;133.60800333333333;8.12399666666667;91309.62;1.6607998149590744;-1.0845441983166504;142.509;53.092260760228314;1.3293021554641484;1.3757371238153844;-0.04643496835123595;43.79320276497699;60.6249292558877;141.42435;146.4130901726306;136.4356098273694;145.635;136.014;140.8245;24.096441778316176;24.172845175543518;20.714795650197132;-2.115000000000009;0.1484596946659352
2022-09-22;176838;140.019;141.586;143.7;138.709;133.64094666666668;6.378053333333327;91687.89333333333;1.9286952025070785;-1.2086190839048272;139.45800000000003;45.45386035635459;1.0328104972703613;1.3071517985063799;-0.2743413012360185;19.124423963133715;43.029953917050754;141.6183;146.03952074092877;137.19707925907124;145.635;136.051;140.843;23.746075572521697;19.271807565824364;28.425559471657717;-4.0589999999999975;0.1435943651740475
2022-09-23;153375;138.897;139.954;140.258;138.668;133.66995333333335;5.227046666666638;91970.91666666669;1.6676467470240135;-0.8013198208814631;139.45800000000003;41.26607387870548;0.6992422693718368;1.1855698926794713;-0.48632762330763457;3.2869240706184226;22.068183599576372;141.71155;145.80870459679258;137.6143954032074;145.635;136.957;141.296;23.442360056794378;18.018458244261772;26.74459371312213;-4.313000000000017;0.1333727721347042
2022-09-26;168673;139.061;138.75;139.521;137.376;133.70090000000002;5.3600999999999885;92340.47;1.826642207907126;0.1180731045307137;138.996;42.10569866089973;0.44301368888869774;1.0370586519213167;-0.594044963032619;20.401985712556062;14.271111248769396;141.7313;145.77297337126822;137.6896266287318;145.635;137.376;141.50549999999998;23.808976436855698;16.462950401409767;29.63560879504884;-5.506;0.11999439608987399
2022-09-27;141445;138.931;139.093;139.545;138.614;133.73280333333332;5.198196666666689;92595.81666666668;1.5275528106109697;-0.0934841544358189;138.996;41.598061396311174;0.22684584162826127;0.8750160898627057;-0.6481702482344445;18.82794527182479;14.172285018333087;141.72740000000002;145.77970987956485;137.6750901204352;145.635;137.376;141.50549999999998;24.12872903235715;15.924395765567986;28.486144925761376;-5.123999999999995;0.10467639346323453
2022-09-28;155546;140.332;138.83;140.397;138.056;133.76859333333334;6.563406666666651;92916.33;1.6740437337546936;1.0084142487997605;141.02650000000003;48.766811892588315;0.16665911409796763;0.7333446947097582;-0.5666855806117905;35.791258021552174;25.00706300197767;141.7597;145.7563245307783;137.76307546922172;145.635;137.376;141.50549999999998;23.69943533118333;17.870059358976352;25.77859128997579;-2.5430000000000064;0.09047994529332946
2022-09-29;155583;141.721;140.236;141.75;139.411;133.80801666666667;7.9129833333333295;93231.86;1.6687750303381623;0.9897956275119136;141.02650000000003;54.70332365279097;0.2284084402312203;0.6323574438140506;-0.40394900358283026;52.609274730597;35.74282600799132;141.8734;145.72721371630996;138.01958628369005;145.635;137.376;141.50549999999998;22.293773706719378;21.57907318107055;23.386778004711612;-1.7460000000000093;0.07940614411870994
2022-09-30;149794;141.888;141.731;142.296;140.771;133.84887333333333;8.039126666666675;93543.06;1.6013373947782337;0.1178371589249271;141.95400000000004;55.37286570527469;0.28750653403670867;0.5633872618585822;-0.27588072782187356;57.942725054578105;48.78108593557575;141.987;145.69929470813122;138.27470529186877;145.635;137.376;141.50549999999998;20.780609137263035;22.449056632290002;21.956391623498202;-1.2579999999999814;0.0709727521117055
2022-10-03;143785;142.02;141.667;142.461;141.372;133.8906366666667;8.129363333333345;93841.80333333332;1.532206275802792;0.0930311231393865;141.95400000000004;55.9273923431984;0.34106194617447727;0.5189221987217613;-0.177860252547284;65.40845070422549;58.653483496466855;142.10755;145.6561051693639;138.5589948306361;145.635;137.376;141.50549999999998;19.487100351723107;22.121232544415133;20.97005477622421;-1.5449999999999875;0.06471185146992196
2022-10-04;148729;143.956;141.993;144.078;141.947;133.93847;10.017529999999994;94161.94666666668;1.5795021796489075;1.3631882833403663;143.496;63.158110230273515;0.5335733152718944;0.5218524220317879;0.0117208932401065;98.17964786630836;73.8436078750373;142.23264999999998;145.85584909886543;138.60945090113452;145.635;137.376;141.50549999999998;19.2793152501072;26.77034707794825;19.156538036012968;0.6699999999999875;0.06273983683291134
2022-10-05;141529;143.036;143.816;144.087;142.442;133.98311333333334;9.052886666666666;94448.82;1.4984729295716457;-0.6390841646058409;143.496;58.26601248780293;0.6049303900317113;0.5384680156317727;0.06646237439993863;84.3391446878261;82.64241441945332;142.1921;145.75985049015753;138.6243495098425;145.635;137.376;141.50549999999998;19.09147087042024;25.011517357173258;17.87168172677597;1.304000000000002;0.06231560816829871
2022-10-06;146427;142.107;142.858;143.455;141.959;134.02498333333332;8.082016666666675;94783.41333333332;1.5448589035829676;-0.6494868424732236;141.853;53.73941860470203;0.579834874358852;0.5467413873771886;0.03309348698166337;70.49620026821644;84.33833094078364;142.09355;145.55478096455857;138.6323190354414;145.635;137.376;141.50549999999998;18.524392693767265;23.469824861040937;18.76017619112831;2.087999999999994;0.06152968556823532
2022-10-07;130261;141.599;142.085;142.216;141.194;134.06605000000002;7.532949999999971;95063.36;1.370254533397371;-0.3574771123167841;141.853;51.38841063099343;0.5130411241951265;0.5400013347407762;-0.026960210545649677;62.92653851884957;72.5872944916307;142.013;145.44138014228574;138.58461985771427;145.635;137.376;141.50549999999998;17.407122648537143;22.45167781398754;21.193555067103993;2.701999999999998;0.05970892367409479
2022-10-10;109016;141.411;141.372;141.811;140.897;134.10852;7.302480000000003;95253.98;1.144477112662259;-0.132769299218205;141.47850000000005;50.50777112819511;0.43986606495920455;0.5199742807844618;-0.08010821582525729;60.125167635225836;64.51596880743061;141.85520000000002;145.08352536154877;138.62687463845128;145.163;137.376;141.2695;16.179555229719174;21.551241634079947;21.646786507905304;2.3499999999999943;0.05689667550588829
2022-10-11;136719;141.546;141.276;142.199;140.978;134.15265;7.393349999999998;95516.52666666669;1.4313648618851824;0.0954664064322985;141.47850000000005;51.15508209288543;0.3882916901736735;0.4936377626623042;-0.1053460724886307;62.13679034421096;61.72949883276212;141.72975;144.7973925394786;138.66210746052138;144.476;137.376;140.926;15.299541236032164;22.109071944495266;20.4659489099652;2.6149999999999807;0.05361871777082436
2022-10-12;140813;142.532;141.547;142.633;141.367;134.19933666666665;8.332663333333358;95786.13666666669;1.4700770372440322;0.6965933336159358;143.24;55.71122605820038;0.4221147106104013;0.47933315225192363;-0.057218441641522344;76.8290865742813;66.36368151790602;141.7126;144.7581961255588;138.6670038744412;144.087;137.376;140.73149999999998;14.803444645620264;22.807926551136674;19.290910176616595;2.200000000000017;0.05143292582906534
2022-10-13;140398;143.948;142.527;144.091;141.734;134.25193;9.69607000000002;96003.39;1.4624275246945486;0.9934611175034248;143.24;61.29486876785483;0.556761068951289;0.49481873559179673;0.06194233335949223;97.87043931496649;78.94543874448624;141.73665;144.84424728890644;138.62905271109355;144.091;137.376;140.7335;15.289838035538578;26.83914598170954;17.299484842172212;2.227000000000004;0.05193285422044392
2022-10-14;142756;144.656;143.812;144.843;143.475;134.30593666666667;10.350063333333338;96299.44666666668;1.4824176559822235;0.491844277100073;145.67450000000002;63.755363284985435;0.7123870070366252;0.5383323898807625;0.17405461715586268;97.24473257698565;90.64808615541114;141.81215;145.11996307059798;138.50433692940203;144.843;137.376;141.1095;16.15795883395324;28.544292212683803;16.250908279449302;2.7680000000000007;0.055084699819882024
2022-10-17;121162;146.693;144.451;146.713;144.276;134.36543666666668;12.32756333333333;96516.58333333331;1.2553490376004897;1.4081683442097148;145.67450000000002;69.71963497025372;0.9886935168523507;0.6284046152750802;0.36028890157727056;99.76897308536465;98.29471499243893;141.96855;145.8407362287368;138.09636377126319;146.713;137.376;142.0445;17.824934803597177;33.56422339132178;14.558037094988507;4.673000000000002;0.06258349307501129
2022-10-18;129377;147.146;146.541;147.198;145.828;134.42606999999998;12.719930000000003;96789.16666666669;1.3366888511970516;0.3088081912565599;146.822;70.8677351199854;1.2300425656611935;0.7487322053523029;0.48131036030889063;99.33222036727852;98.7819753432096;142.16154999999998;146.6178817863484;137.70521821365156;147.198;137.376;142.287;19.564458157245895;33.67321693690491;13.694385566220632;3.1899999999999977;0.07316374393228668
2022-10-19;122190;146.498;147.021;147.255;146.076;134.48278666666667;12.01521333333332;97016.37666666666;1.2594780819305738;-0.4403789433623739;146.822;66.95684906808773;1.3534238139797026;0.8696705270777829;0.48375328690191965;88.32510795805052;95.80876713689788;142.39985;147.23263413650136;137.5670658634986;147.255;137.376;142.3155;21.202777463010015;32.17027120668956;12.980692452749468;3.461999999999989;0.08429914014504175
2022-10-20;126889;146.948;146.475;147.3;146.238;134.54139;12.40661;97236.76666666666;1.3049487796624284;0.3071714289615057;146.24300000000002;68.26653249073232;1.4705638368619418;0.9898491890346148;0.480714647827327;94.50257691707009;94.05330174746638;142.7463;147.83345406096765;137.65914593903233;147.3;137.376;142.33800000000002;22.743467743073303;30.826074389602127;12.356032872561897;4.841000000000008;0.09577071673660888
2022-10-21;150507;145.538;146.822;148.402;144.093;134.59464333333332;10.943356666666688;97531.72666666668;1.5431593917574231;-0.9595230966055968;146.24300000000002;60.213326970548025;1.4331030133438958;1.078499953896471;0.35460305944742476;61.838774150566586;81.55548634189573;143.07835;147.98073751120515;138.17596248879485;148.402;137.376;142.889;22.18442175370307;25.47036122494738;18.857980548419174;3.9390000000000214;0.10482545615918121
2022-10-24;152245;147.113;145.684;147.388;143.73;134.65278666666669;12.460213333333314;97894.18;1.555199706458387;1.0821915925737446;147.28100000000003;65.15772646489859;1.513062732657744;1.1654125096487258;0.34765022300901816;82.8247834776817;79.72204484843945;143.48095;148.31963951163647;138.64226048836355;148.402;138.056;143.22899999999998;21.3834604138659;21.979248881436067;17.633363802175108;5.701999999999998;0.11383041181793449
2022-10-25;120357;147.449;146.944;147.488;146.63;134.71131666666668;12.737683333333337;98077.48666666666;1.2271623599923789;0.2283958589655688;147.28100000000003;66.12489028420057;1.5852697750528364;1.249383962729548;0.3358858123232884;87.3017988007998;77.32178547634936;143.90685000000002;148.56474953842087;139.24895046157917;148.402;138.056;143.22899999999998;20.703837193477792;21.63376078024355;17.04328462789408;5.90300000000002;0.12263997614491355
2022-10-26;138565;147.603;147.312;147.722;146.958;134.76909333333333;12.833906666666678;98345.22666666668;1.408965180075704;0.1044428921186391;146.6755;66.58274787404716;1.636061392028438;1.3267194485893261;0.3093419434391118;89.3537641572288;86.49344881190342;144.27040000000002;148.89032945400922;139.65047054599083;148.402;139.411;143.9065;20.228763570977332;21.91341797892252;16.513375110222377;5.070999999999998;0.13089608090283272
2022-10-27;147987;145.748;147.36;147.695;145.554;134.81976;10.928239999999988;98677.24;1.499707531341422;-1.2567495240611737;146.6755;56.650231829166536;1.5092336116870797;1.3632222812088768;0.14601133047820292;64.63690872751502;80.4308238951812;144.47175;148.97933839625156;139.9641616037484;148.402;140.771;144.5865;18.90453995592292;20.033601526056618;20.722225411196877;1.799999999999983;0.13560731460791128
2022-10-28;135763;146.959;145.671;147.366;145.516;134.87529;12.083709999999996;98924.94333333331;1.3723839046591615;0.8308861871175077;146.979;60.765092257866655;1.4892718622836014;1.3884321974238216;0.1008396648597798;80.56303879310362;78.18457055928246;144.7253;149.1933345164314;140.2572654835686;148.402;140.897;144.6495;17.70304184256739;18.552617863635106;19.34218115149382;2.3029999999999973;0.13913624045745018
2022-10-31;110487;146.999;146.95;147.755;146.709;134.93079666666668;12.068203333333315;99169.67;1.1141208799019788;0.027218475901436;146.979;60.897123760127144;1.4598514391066715;1.4027160457603918;0.057135393346279706;80.05685856432136;75.08560202831332;144.97424999999998;149.3657919558536;140.58270804414636;148.402;140.897;144.6495;16.59819394907993;19.355372267319932;18.509037827196433;0.3059999999999832;0.14149629949726591
2022-11-01;121422;146.364;146.746;147.118;145.972;134.98333666666664;11.38066333333336;99361.69666666668;1.2220201956426715;-0.4319757277260305;145.774;57.584234317886974;1.3695094957161587;1.3960747357515453;-0.026565240035386628;69.43611277744468;76.68533671162321;145.09465;149.49993892469303;140.68936107530698;148.402;140.897;144.6495;15.833208325705815;18.41926793689901;20.724189408913734;-0.7819999999999823;0.14182002753014059
2022-11-02;125340;145.184;146.413;146.5;145.034;135.03299333333334;10.15100666666666;99563.21666666666;1.2588986595282503;-0.8062091771200652;145.774;51.930614636812756;1.1889907708863632;1.354657942778509;-0.16566717189214586;34.68642175766198;61.39313103314266;145.20205;149.5048886200302;140.89921137996984;148.402;140.897;144.6495;15.783079582129671;17.268689719023765;23.426434090517645;-1.313999999999993;0.13887587423685083
2022-11-03;116864;144.551;145.164;145.358;144.034;135.0823233333333;9.468676666666653;99740.55;1.1716799235615634;-0.4359984571302711;145.28500000000005;49.14325322977787;0.9835132426478026;1.280429002752368;-0.29691576010456533;17.572773972602707;40.56510283590311;145.32425;149.40145433017813;141.2470456698219;148.402;140.897;144.6495;16.350816428727814;16.279620347482478;26.410607014687766;-2.39700000000002;0.13274213516171132
2022-11-04;127127;146.019;144.462;146.139;144.235;135.13636;10.88264000000001;99960.62333333334;1.271770780941048;1.0155585225975816;145.28500000000005;55.154880360016776;0.9284238602085111;1.2100279742435966;-0.28160411403508556;48.99400684931543;33.7510675265267;145.54524999999998;149.25325069444753;141.83724930555243;148.402;140.897;144.6495;16.183908424576373;18.295243633642734;24.258813632904864;0.48099999999999454;0.126486600092285
2022-11-07;117644;146.938;145.53;147.002;145.373;135.19308333333333;11.744916666666654;100172.41333333332;1.1744151516896828;0.6293701504598515;146.83550000000002;58.46491615888316;0.9479928755599474;1.1576209545068668;-0.20962807894691937;68.66438356164385;45.077054794520656;145.8216;149.0485703686312;142.59462963136878;148.402;140.978;144.69;15.332875110424096;20.716993673702163;22.56488854289372;-0.17500000000001137;0.12142147508062162
2022-11-08;110039;146.733;146.832;146.998;145.986;135.25059000000002;11.482409999999987;100342.66666666669;1.0966322069706709;-0.1395146252160639;146.83550000000002;57.446318350327665;0.9361681112277438;1.1133303858510422;-0.17716227462329837;64.27654109589076;60.64497716895;146.08095;148.66053659285248;143.50136340714752;148.402;141.367;144.8845;14.542629890139839;19.792366854241337;21.557787732152608;-0.7160000000000082;0.11685048026868843
2022-11-09;130019;146.565;146.718;147.109;146.315;135.30837666666667;11.256623333333325;100566.52333333332;1.2928656146243802;-0.1144936721800826;145.243;56.576391462522885;0.9028334028623419;1.0712309892533023;-0.16839758639096036;60.68065068493171;64.54052511415544;146.2826;148.28746103259664;144.27773896740337;148.402;141.734;145.06799999999998;13.715070932877092;19.581138387148055;20.774371927472234;-1.038000000000011;0.1123476857528173
2022-11-10;138643;143.876;146.59;146.746;143.203;135.35744333333332;8.518556666666683;100818.24;1.3751777456141492;-1.8346808583222465;145.19800000000004;44.86530083786039;0.6519206438539698;0.9873689201734358;-0.33544827631946605;14.784710017574756;46.58063393279907;146.279;148.3008034523723;144.2571965476277;148.402;143.203;145.8025;14.855676330762991;16.670021573658236;30.744262693211823;-1.8719999999999857;0.10421775279684235
2022-11-11;160467;143.677;143.855;145.03;142.571;135.40648666666667;8.270513333333326;101142.57333333332;1.5865425874733936;-0.1383135477772579;144.07250000000002;44.137163214309254;0.4320326344445107;0.8763016630276509;-0.4442690285831402;21.33487654320978;32.26674574857207;146.23005;148.44485468439646;144.01524531560355;148.402;142.571;145.48649999999998;16.200154884903093;15.00289413181583;30.239948992431405;-3.2820000000000107;0.09354690299476819
2022-11-14;135550;144.468;143.8;145.249;143.469;135.46045333333336;9.007546666666627;101387.87;1.336944942230137;0.5505404483668208;144.07250000000002;47.76597521477593;0.31793197026962616;0.764627724476046;-0.4466957542064198;36.59336419753072;24.237650252771743;146.1188;148.44988409115248;143.7877159088475;148.402;142.571;145.48649999999998;17.250366699939185;14.807656858582776;28.05290912323763;-2.531000000000006;0.08253015871155553
2022-11-15;145898;144.136;144.408;145.358;143.351;135.51402;8.621980000000008;101645.61333333331;1.4353595321574033;-0.2298086773541485;144.58350000000002;46.40346984334316;0.19842937616945733;0.6513880548147283;-0.45295867864527095;30.189043209876512;29.372427983538994;145.9683;148.40112207323594;143.53547792676406;148.402;142.571;145.48649999999998;18.284311552668022;13.612245261004139;26.262859293502615;-2.2280000000000086;0.0711488957170896
2022-11-16;138355;145.031;144.033;145.499;143.566;135.56963666666664;9.461363333333368;101838.87666666666;1.3585676170883374;0.620941333185332;144.58350000000002;50.5024246897121;0.17393669559331215;0.555897782970445;-0.38196108737713286;47.45370370370388;38.07870370370369;145.89495;148.347844655305;143.44205534469498;148.402;142.571;145.48649999999998;19.102456271349915;13.124099673337028;24.233683298766813;-0.1529999999999916;0.06108611963935091
2022-11-17;120068;145.332;144.878;145.474;144.443;135.62237333333334;9.70962666666665;102009.62666666666;1.1770261682491034;0.2075418358833625;145.11;51.83650686266995;0.17677648493571496;0.48007352336349907;-0.3032970384277841;53.260030864197475;43.634259259259274;145.81415;148.22914012627876;143.39915987372126;148.402;142.571;145.48649999999998;19.862162081554533;12.566400377285284;23.203890135589262;0.7810000000000059;0.052625510120097606
2022-11-18;113937;144.888;145.207;145.546;144.556;135.67269;9.215310000000017;102179.01666666666;1.115072386845135;-0.3055073899760452;145.11;49.708230051209846;0.14156804085999397;0.41237242686279807;-0.2708043860028041;50.95667473059179;50.5568030994977;145.78165;148.22792294266685;143.33537705733318;147.755;142.571;145.163;20.485540836044017;12.343571211808388;22.227157463849608;-1.1310000000000002;0.04489859286965011
2022-11-21;109692;145.552;144.793;145.645;144.33;135.72510333333335;9.826896666666642;102320.44333333331;1.0720438304068067;0.4582850201534816;145.52100000000002;52.827487267163455;0.1653384275145129;0.36296562699314106;-0.19762719947862817;65.68973115910065;56.63547891796329;145.7036;148.07339605874085;143.33380394125913;147.755;142.571;145.163;21.21264065161564;11.642539177028066;21.94087124722987;-1.3859999999999957;0.03880318453140822
2022-11-22;96457;145.49;145.49;145.711;144.892;135.77580333333333;9.71419666666668;102375.26333333334;0.9421904946503248;-0.0425964603715356;145.52100000000002;52.50005436698874;0.17713188227216392;0.32579887804894564;-0.14866699577678172;64.32349052446021;60.323298804717545;145.60565;147.83665813759688;143.3746418624031;147.755;142.571;145.163;21.803266282085612;11.511027760411226;21.13575670563034;-1.242999999999995;0.03390202799631063
2022-11-23;107912;145.089;145.484;146.135;144.636;135.82655666666665;9.262443333333351;102480.05666666669;1.0530048822181188;-0.2756203175476091;144.70850000000002;50.32733487821091;0.15236456754072947;0.2911120159473024;-0.13874744840657294;55.48699867783152;61.83340678713078;145.47994999999997;147.52193417967018;143.43796582032977;147.755;142.571;145.163;21.80630741580617;12.642458736649612;19.71016097064525;-1.475999999999999;0.02940408904799644
2022-11-24;88294;144.328;145.085;145.202;143.651;135.87826333333334;8.449736666666666;102515.38666666669;0.8612755886790268;-0.5245056482572785;144.70850000000002;46.40259279429784;0.07051707517229033;0.24699302779229998;-0.17647595262000965;38.717496694579125;52.84266196562361;145.40895;147.5067018895292;143.3111981104708;147.755;142.571;145.163;22.526838653730852;11.758701845764351;22.771758835241958;0.4519999999999982;0.02428678036285153
2022-11-25;98106;144.608;144.294;145.151;144.11;135.93108333333336;8.676916666666642;102564.44333333331;0.9565303219279122;0.1940025497477959;144.11550000000005;48.009135542320045;0.027924115907353553;0.2031792454153107;-0.17525512950795716;44.887615689731184;46.36403702071394;145.2914;147.28966528769914;143.29313471230088;147.755;142.571;145.163;23.19590337466091;11.193144070894611;21.676506533954225;0.9310000000000116;0.01930506476758639
2022-11-28;122427;143.623;144.402;145.004;143.039;135.98021;7.642789999999991;102719.58;1.1918565087589736;-0.6811518034963604;144.11550000000005;43.11334218639378;-0.08434015834191655;0.14567536466386527;-0.23001552300578182;23.182018510356766;35.59571029822235;145.1226;147.08540986344147;143.15979013655854;147.118;142.571;144.84449999999998;24.4958383372496;10.196238354159302;24.600236725927214;-0.8449999999999989;0.01326405653209549
2022-11-29;119402;143.26;143.57;144.024;143.017;136.02683666666667;7.233163333333323;102888.59333333334;1.1604979340436286;-0.2527450338734027;143.49200000000002;41.43633246777738;-0.20029262211733112;0.07648176730762599;-0.27677438942495713;16.502994011975833;28.19087607068792;144.9674;147.00256961455867;142.93223038544133;147.109;142.571;144.84;25.715799739575868;9.718539084293496;23.550057062839034;-0.8760000000000048;0.006258808054805951
2022-11-30;134946;143.724;143.147;144.848;143.104;136.07668;7.647319999999979;103074.73;1.3092054667520052;0.3238866396761075;143.49200000000002;44.412758212599144;-0.2518417875013199;0.010817056345836809;-0.2626588438471567;32.35129068462385;24.012101068985473;144.8944;146.99688066816861;142.79191933183137;147.109;142.571;144.84;25.73222556580046;12.734346036036115;21.657597654802785;-1.3070000000000164;-0.00047891283114843763
2022-12-01;149664;142.446;143.564;143.758;141.903;136.12163666666666;6.324363333333338;103378.01;1.4477353549365628;-0.8892043082574852;142.00650000000002;38.594537600618544;-0.39130803630641253;-0.06960796218461306;-0.32170007412179946;12.830812854442497;20.561699183680716;144.78915;147.14530417789726;142.43299582210275;147.109;141.903;144.506;26.528706014158303;11.660971111571527;25.289334557129845;-2.8859999999999957;-0.008468766444169171
2022-12-02;135187;141.567;142.242;142.479;140.761;136.1605866666667;5.406413333333319;103610.90666666666;1.304756461932196;-0.617075944568457;142.00650000000002;35.18079484854029;-0.5662367721359942;-0.1689337241748893;-0.39730304796110494;14.998139188686496;20.06008090925094;144.56655;147.23623226387008;141.89686773612993;147.109;140.761;143.935;27.860561009961465;10.756663262195469;28.48309847070563;-3.320999999999998;-0.018123016216219444
2022-12-05;118334;143.505;141.534;143.622;141.485;136.20248333333333;7.302516666666662;103821.98666666666;1.13977784281777;1.3689631058085403;143.47150000000002;46.43116328919173;-0.5422380691860837;-0.24359459317712823;-0.2986434760089555;51.06066244882773;26.296538163985563;144.3949;146.8667355851517;141.9230644148483;147.109;140.761;143.935;27.811073517554597;14.777833186710238;25.80262497480107;-2.046999999999997;-0.025835215401212162
2022-12-06;127714;143.438;143.374;144.006;143.097;136.24397333333334;7.194026666666645;104019.03333333334;1.227794528629418;-0.0466882687014447;143.47150000000002;46.133050279975386;-0.5226010447189253;-0.2993958834854877;-0.22320516123343764;49.81391886862663;38.624240168713605;144.23015;146.4865165726167;141.97378342738332;147.109;140.761;143.935;27.374996836567835;15.912949131263163;24.736268249272655;-2.052000000000021;-0.03195701443985207
2022-12-07;124437;143.503;143.258;144.581;143.165;136.28457;7.218429999999984;104209.93;1.1940992571436146;0.0453157461760556;143.881;46.49198333445258;-0.4960751589430288;-0.3387317385769959;-0.15734342036603288;51.0234462225529;50.63267584666908;144.07704999999999;146.08026646109994;142.07383353890003;146.746;140.761;143.7535;26.40698059500114;17.514015106743656;23.1324874459784;-1.5860000000000127;-0.036602034657397274
2022-12-08;110901;144.259;143.506;144.363;143.246;136.32598333333334;7.933016666666646;104404.53;1.0622240241873546;0.5268182546706246;143.881;50.61380992617301;-0.40933179933009;-0.35285175072761477;-0.05648004860247524;65.09117975437279;55.309514948517425;144.0962;146.0986850161791;142.09371498382092;146.135;140.761;143.44799999999998;25.508108370689207;16.599720400845484;21.92488823601938;-0.06900000000001683;-0.03896857770670381
2022-12-09;121447;143.872;144.186;144.464;143.125;136.36380666666668;7.508193333333338;104605.02666666669;1.1610053920925825;-0.2682674911097193;144.46700000000004;48.55198536157257;-0.3675775227179088;-0.3557969051256736;-0.011780617592235199;57.88983997022741;58.00148864905102;144.10594999999998;146.1020645733704;142.10983542662956;146.135;140.761;143.44799999999998;24.7692339060353;15.551653187960818;21.11115175152735;-0.73599999999999;-0.04015222953677898
2022-12-12;105056;145.062;143.648;145.102;143.622;136.40491333333333;8.657086666666686;104743.48333333334;1.0029836382819357;0.8271241103202875;144.46700000000004;54.667252094456295;-0.23574636556912765;-0.33178679721436444;0.09604043164523679;80.03349460364757;67.67150477608259;144.13565;146.1697432402478;142.10155675975219;146.135;140.761;143.44799999999998;23.41525300576807;17.477876829394027;19.635461220233935;1.4390000000000214;-0.03880838356763044
2022-12-13;125454;144.162;144.971;145.345;143.521;136.44195000000002;7.720049999999986;104958.54333333332;1.1952719237114795;-0.620424370269268;144.424;49.84197499078098;-0.20156814996173011;-0.30574306776383764;0.10417491780210753;74.19284467713804;70.705393083671;144.13695;146.1710757065437;142.10282429345634;146.135;140.761;143.44799999999998;21.91439025048516;17.12508009016404;17.968438557526888;0.9020000000000152;-0.036965579397924206
2022-12-14;132553;144.686;144.079;144.749;143.477;136.48021333333332;8.205786666666683;105207.08333333331;1.2599246723722253;0.3634799739182348;144.424;52.47233362682089;-0.13069270297631874;-0.2707329948063339;0.14004029183001515;85.6239092495639;79.95008284344982;144.11970000000002;146.12890462870806;142.110495371292;146.135;140.761;143.44799999999998;20.564270409875512;16.098633467143433;17.098775964783147;0.9620000000000175;-0.03408744467878427
2022-12-15;127923;146.42;144.626;146.727;144.3;136.52653333333336;9.893466666666626;105429.79;1.2133477644220658;1.1984573490178674;145.5795;59.95600091215983;0.0646506552370738;-0.20365626479765236;0.26830692003472617;94.85417365068696;84.89030919246295;144.1741;146.36257151227105;141.98562848772897;146.727;140.761;143.744;20.588465718114566;23.270212312288262;15.223805872246945;3.9739999999999895;-0.02822931957345807
2022-12-16;115688;144.739;146.416;146.597;144.613;136.56847;8.170530000000014;105603.89333333333;1.0954899137556011;-1.148067203933878;145.5795;51.49140841811575;0.08286382015936056;-0.1463522478062498;0.22921606796561037;66.67784109956425;82.38530799993835;144.16665;146.34634660962757;141.98695339037243;146.727;140.761;143.744;20.610932790050832;21.221581745544153;13.883553637608149;3.171999999999997;-0.02283940642373556
2022-12-19;109064;145.21;143.923;145.494;143.918;136.61246666666668;8.597533333333331;105772.64666666668;1.0311172447418795;0.3254133302012629;143.88800000000003;53.473447212962455;0.13376172635025796;-0.09032945297494827;0.22409117932520622;74.57257794166956;78.70153089730691;144.14955;146.2905274847069;142.0085725152931;146.727;140.761;143.744;19.885395209819883;19.735283704710014;15.999754806580901;1.7050000000000125;-0.01731364081381955
2022-12-20;167486;139.922;145.195;145.833;138.803;136.63763666666668;3.2843633333333173;106165.14;1.577598823869909;-3.641622477790796;141.24400000000003;35.79154037989582;-0.2497201047121962;-0.12220758332239785;-0.12751252138979835;14.121655729429566;51.790691590221115;143.87115;146.6077232056756;141.1345767943244;146.727;138.803;142.765;20.925730319319392;14.767018513664155;30.28878028114223;-3.515999999999991;-0.019047957599059105
2022-12-21;119698;140.447;139.892;140.768;139.662;136.66563666666667;3.7813633333333314;106346.10333333332;1.1255513483630422;0.3752090450393819;140.36800000000002;37.98407608373041;-0.5054426777130914;-0.19885460220053658;-0.3065880755125548;20.747097425542705;36.4804436988806;143.63905;146.6921926743638;140.58590732563619;146.727;138.803;142.765;21.89175577814036;14.162932119645525;29.049732599152318;-3.055999999999983;-0.02482858930047585
2022-12-22;112177;140.289;140.474;140.655;139.959;136.69100666666665;3.597993333333335;106478.04666666666;1.05352233170809;-0.1124979529644742;140.36800000000002;37.56830101406105;-0.7126390790361654;-0.30161149756766237;-0.41102758146850304;18.753154972236104;17.873969375736113;143.43710000000002;146.79986397625842;140.0743360237416;146.727;138.803;142.765;22.788779418474117;13.780880540738147;28.26610276088256;-3.969999999999999;-0.0332408003552693
2022-12-23;113797;140.982;140.123;141.215;140.065;136.72153;4.260469999999998;106618.64;1.0673274391793903;0.4939802835575158;141.50400000000002;40.637532559612595;-0.8115691475481128;-0.4036030275637525;-0.40796611998436033;27.498738011105505;22.33299680296143;143.2558;146.73545582206359;139.7761441779364;146.727;138.803;142.765;23.115980751244166;15.380033450024671;26.971469619954103;-2.890000000000015;-0.042057864540116695
2022-12-27;93517;142.026;141.256;142.27;141.128;136.7539;5.272100000000023;106736.74;0.876146301638885;0.7405200663914702;141.50400000000002;45.02245381732216;-0.796547757948673;-0.4821919736407366;-0.3143557843079364;40.67390206966192;28.975265017667834;143.17595;146.6913468467331;139.6605531532669;146.727;138.803;142.765;22.54159226474433;18.86298622477;25.55946766767297;-3.0360000000000014;-0.049277893735857316
2022-12-28;104030;142.716;142.01;142.944;141.877;136.78975;5.92625000000001;106878.78;0.973345691258735;0.4858265388027583;142.27150000000003;47.76854680424931;-0.7206586605935854;-0.5298853110313064;-0.19077334956227898;49.38162544169621;39.18475517415454;143.14875;146.66953876816277;139.62796123183725;146.727;138.803;142.765;21.49633473010556;20.83991092142691;24.418977863200315;-1.445999999999998;-0.054090561018673884
2022-12-29;95225;141.827;142.672;142.672;141.575;136.82114333333334;5.005856666666659;106996.00333333333;0.889986513826399;-0.622915440455174;142.27150000000003;44.67250012917359;-0.7239061351946532;-0.5686894758639758;-0.1552166593306774;38.16254416961129;42.739357226989796;143.0539;146.60962630555574;139.49817369444426;146.727;138.803;142.765;20.71764862661953;19.821368444193258;24.519123530957526;-2.859000000000009;-0.058183143292036436
2022-12-30;109722;140.257;141.815;141.883;139.999;136.85053333333332;3.406466666666688;107147.99333333332;1.024022910617176;-1.106982450450189;139.75150000000002;39.77014047333142;-0.8434429755779149;-0.6236401758067636;-0.21980279977115136;18.349318525997052;35.29782937910151;142.94445000000002;146.6975678758495;139.19133212415053;146.727;138.803;142.765;20.894153129111988;18.236461397566487;29.24734415248093;-6.1629999999999825;-0.06363465209216196
2023-01-02;41305;139.246;140.091;140.316;139.24;136.87746333333334;2.368536666666671;107065.6;0.3857915147348554;-0.7208196382355259;139.75150000000002;36.9575634259841;-1.0081348821393874;-0.7005391170732884;-0.307595765066099;5.5906108026250845;20.70082449941113;142.82840000000002;146.87664111930366;138.78015888069638;146.727;138.803;142.765;21.43159596638174;17.38163702786972;31.182869993495927;-5.492999999999995;-0.07101651401711999
2023-01-03;133756;138.17;139.42;140.008;137.387;136.90071;1.2692899999999838;107316.06333333334;1.2463744554673923;-0.7727331485285149;139.4135;34.18649246714523;-1.2115130438939445;-0.8027339024374197;-0.40877914145652483;8.383297644539473;10.77440899105386;142.56165;147.07299287214136;138.05030712785862;146.727;137.387;142.05700000000002;22.706938567379154;15.478365098261632;35.50975998640528;-7.0400000000000205;-0.08070687756209209
2023-01-04;139886;140.657;138.18;140.758;137.872;136.93331666666668;3.723683333333327;107565.03666666668;1.3004783369663115;1.799956575233419;139.4135;44.53768740712746;-1.158655329668676;-0.8739181878836709;-0.284737141785005;35.01070663811573;16.32820502842675;142.42260000000002;146.98843128904483;137.8567687109552;146.727;137.387;142.05700000000002;23.27363745435367;16.68610510198802;31.428886345759537;0.7350000000000136;-0.0880066606085458
2023-01-05;134644;140.392;140.537;141.363;139.967;136.96553999999998;3.42646000000002;107756.80333333332;1.2495173931940216;-0.1884015726199339;140.50100000000003;43.74811927757858;-1.1251781424019214;-0.9241701787873211;-0.20100796361460027;32.62757871878385;25.340527667146343;142.26704999999998;146.88670870925768;137.6473912907423;146.727;137.387;142.05700000000002;23.32242680151513;18.19152672955912;29.653645518653743;-0.05500000000000682;-0.09358426641954869
2023-01-06;126309;140.61;140.352;141.443;140.225;136.99891666666667;3.61108333333334;108001.98333333334;1.1695063007329491;0.1552795031056097;140.50100000000003;44.617933307549336;-1.0687367205558758;-0.9530834871410321;-0.11565323341484368;38.1600757755152;35.26612037747159;142.0846;146.66321164110042;137.50598835889957;146.727;137.387;142.05700000000002;23.303688645254276;17.605727468677486;28.15915077667824;0.3210000000000264;-0.09729364083161612
2023-01-09;124753;141.545;140.33;141.917;140.164;137.03614666666667;4.50885333333332;108222.4;1.1527465663299694;0.664959817936106;141.7475;48.30973147749052;-0.9377500029208932;-0.9500167902970043;0.012266787376111088;49.23040492540834;40.00601980656912;141.96825;146.4769980690343;137.45950193096573;146.727;137.387;142.05700000000002;22.898501495006563;18.289244661321412;26.118869751573857;0.5629999999999882;-0.09813093952353652
2023-01-10;124009;141.95;141.469;142.051;141.088;137.07684666666668;4.873153333333306;108452.99666666667;1.1434354403422684;0.2861280864742577;141.7475;49.86859036810714;-0.7921307796693213;-0.9184395881714678;0.12630880850214643;82.11265071081516;56.501043803912886;141.81265;146.09257669446805;137.53272330553193;146.727;137.387;142.05700000000002;22.410899829713905;18.109444715602383;25.045310753353156;-0.07600000000002183;-0.09626150541719505
2023-01-11;109008;142.515;141.936;142.854;141.773;137.11867;5.396329999999978;108587.54333333332;1.003872052481802;0.3980274744628476;141.42100000000002;52.041500239788526;-0.6239432881796745;-0.8595403281731092;0.23559703999343473;92.28000719812843;74.54102094478397;141.7303;145.88787338360012;137.57272661639988;146.727;137.387;142.05700000000002;21.304883737236374;20.768501809394902;23.85975597690543;-0.20100000000002183;-0.09169511509134888
2023-01-12;142728;140.327;142.354;142.499;140.008;137.15587333333335;3.171126666666652;108830.55666666669;1.3114699067206237;-1.5352769883871795;141.42100000000002;44.07437705239076;-0.659603307232743;-0.819552923985036;0.15994961675229302;52.90624437646219;75.76630076180192;141.51235;145.4799721228867;137.5447278771133;146.727;137.387;142.05700000000002;21.322870084953745;18.572743276984472;28.780546363208593;-1.5;-0.08832133803637911
2023-01-13;132610;138.493;140.204;140.4;138.013;137.18438000000003;1.308619999999962;109057.89666666668;1.215959632939811;-1.3069473444169757;138.769;38.72308806049941;-0.8263272160950237;-0.8209077824070335;-0.005419433687990138;19.902825265430934;55.02969228000717;141.11599999999999;144.59737059216903;137.63462940783094;146.597;137.387;141.99200000000002;22.23947358844536;16.756230319863192;34.140000323040304;-1.76400000000001;-0.08823044393220102
2023-01-16;95914;139.045;138.29;139.294;138.233;137.21906666666666;1.8259333333333243;109109.07;0.8790653242667288;0.3985761013191924;138.769;41.043311111852624;-0.9035003388094367;-0.8374262936875143;-0.06607404512192239;29.83624257692983;34.21510407294097;140.8313;143.99805026486447;137.66454973513552;145.833;137.387;141.61;23.090605413116148;16.006827443346136;32.61312858888593;-0.20100000000002183;-0.08942594611175118
2023-01-17;118911;138.25;138.986;139.615;138.201;137.24975333333333;1.0002466666666692;109250.72;1.0884230328183568;-0.5717573447444946;138.69700000000003;38.766622843201894;-1.0170861148527877;-0.873358257920569;-0.14372785693221868;15.785622827876303;21.841563556745673;140.4833;143.13695981995036;137.82964018004967;145.833;137.387;141.61;23.6021029642992;16.41063283672284;30.64600514786629;0.0800000000000125;-0.09235341315164455
2023-01-18;156658;139.144;138.087;141.687;138.053;137.2819;1.862099999999998;109515.19;1.4304682300234852;0.6466546112115834;138.69700000000003;42.62112491332827;-1.0231708554582326;-0.9033207774281017;-0.11985007803013092;32.138284250960325;25.92004988525547;140.44440000000003;143.1520910754403;137.73670892455976;142.944;137.387;140.1655;22.511777109646882;22.219691515403486;26.261860818254725;-1.5130000000000052;-0.09491939811818104
2023-01-19;122052;139.093;139.073;139.426;137.916;137.31466;1.7783399999999858;109666.11333333331;1.1129417856636197;-0.0366526763640684;139.87950000000004;42.4569351593747;-1.0203464117108467;-0.9267259042846507;-0.09362050742619599;31.205414304005576;26.376440460947382;140.3767;143.1477129628024;137.6056870371976;142.944;137.387;140.1655;21.576839640231913;20.882857158753456;25.227694196212973;-1.2990000000000066;-0.09702255165954711
2023-01-20;112691;140.666;139.04;141.198;138.983;137.35270666666665;3.3132933333333483;109899.47666666668;1.0254006972370755;1.1308980322518147;139.87950000000004;48.98470423825147;-0.8810241676157489;-0.9175855569508704;0.03656138933512154;59.97805011889498;41.107249557953615;140.39555000000001;143.1690481864099;137.62205181359013;142.944;137.387;140.1655;20.468966021717524;26.013871450792713;23.038081280995275;0.055999999999983174;-0.09637951334958358
2023-01-23;112428;142.061;140.698;142.08;140.47;137.39867;4.662329999999997;109899.8;1.0230045914550323;0.9917108611889214;141.90000000000003;53.97157461504495;-0.6505463505313855;-0.8641777156669735;0.213631365135588;84.08269771176221;58.422054044887574;140.4495;143.307228083639;137.591771916361;142.944;137.387;140.1655;19.91342343084318;27.84407964248659;21.57244569461161;0.5160000000000196;-0.09181417669005161
2023-01-24;94622;141.739;142.044;142.203;141.256;137.44378000000003;4.295219999999972;109911.14333333333;0.8608954208858174;-0.2266631939800478;141.90000000000003;52.691214239476714;-0.4882455382797275;-0.7889912801895244;0.30074574190979686;77.42000810044541;73.82691864370085;140.43515;143.26380298508298;137.606497014917;142.944;137.387;140.1655;19.46292436751648;27.26860855753997;20.73678512790344;-0.2109999999999843;-0.08507122637970498
2023-01-25;103387;141.45;141.681;142.3;140.759;137.48765;3.9623499999999865;109889.37;0.9408280345950714;-0.2038958931557366;141.64300000000003;51.510115211394066;-0.378576861577983;-0.706908396467216;0.32833153488923306;71.56743620899108;77.69004734039954;140.37185;143.04594403537325;137.69775596462674;142.854;137.387;140.1205;18.690657001768148;25.53517684446681;21.46877939675908;-1.0649999999999977;-0.07738447436747528
2023-01-26;105231;141.836;141.449;141.912;140.873;137.53494;4.301060000000007;109929.85;0.9572559227542876;0.2728879462707834;141.64300000000003;53.02469399372564;-0.25754782015548017;-0.617036281204869;0.3594884610493888;79.38436614013776;76.12393681652475;140.3723;143.04737623069303;137.69722376930696;142.854;137.387;140.1205;17.973551590716124;24.40854197090421;20.521557620754336;1.5090000000000146;-0.06870865961074736
2023-01-27;101466;141.091;141.82;141.82;140.82;137.57885333333334;3.5121466666666663;109970.38333333332;0.9226666028110064;-0.5252545193039859;141.31950000000003;49.79207449324801;-0.21921967864034286;-0.5374729606919638;0.31825328205162096;64.2972863507493;71.7496962332927;140.414;143.10653122544917;137.7214687745508;142.854;137.387;140.1205;17.26602692748232;23.32480190866609;19.842014134789128;2.598000000000013;-0.06063251852758843
2023-01-30;110529;141.548;140.854;141.976;140.555;137.62535666666665;3.9226433333333546;110058.86666666668;1.0042716534120524;0.3239044304739424;141.31950000000003;51.73584821438506;-0.15023643752576277;-0.46002565605872364;0.3097892185329609;73.5520453624948;72.41123261779394;140.5291;143.20885348866625;137.84934651133375;142.854;137.387;140.1205;16.392284078467878;21.862717371601505;19.767221510751018;2.5030000000000143;-0.05255548955478129
2023-01-31;101429;141.307;141.459;141.616;140.741;137.66947666666667;3.63752333333332;110161.53666666668;0.9207297126482604;-0.1702602650690998;141.51700000000002;50.62282221790197;-0.11370271371774265;-0.3907610675905275;0.2770583538727848;73.99083569714145;70.61338913679516;140.68595;143.15386940508986;138.21803059491012;142.854;137.872;140.363;15.580951432954466;20.990208346752055;18.978340656135416;3.056999999999988;-0.0450537024048343
2023-02-01;108190;141.727;141.214;141.838;140.904;137.71531000000002;4.011689999999987;110309.64;0.980784634960192;0.2972251905425827;141.51700000000002;52.53913465343318;-0.05027939490841504;-0.32266473305410504;0.27238533814569;86.92974452554732;78.15754186172785;140.73944999999998;143.24858662242994;138.23031337757;142.854;137.916;140.385;15.00771898685313;21.112085907025683;18.145873381201195;2.5829999999999984;-0.03759108840366879
2023-02-02;122814;140.411;141.579;141.933;140.086;137.75351999999998;2.657480000000021;110468.51333333334;1.1117557057132077;-0.9285457252323104;141.009;46.455433731845304;-0.10499583293633918;-0.2791309530305519;0.17413512009421273;56.91149635036488;72.61069219101786;140.7404;143.24902403720031;138.23177596279967;142.854;137.916;140.385;14.128474097251276;19.308403760267808;20.37929312794074;1.318000000000012;-0.03222002230597678
2023-02-03;108976;141.607;140.259;142.345;139.934;137.79843666666667;3.808563333333325;110643.09666666666;0.9849326644237104;0.8517851165506851;141.009;51.905934492676366;-0.05126089597317218;-0.23355694161907598;0.1822960456459038;83.33709641002486;75.72611242864566;140.79025;143.3260048678883;138.25449513211169;142.854;137.916;140.385;13.287246011414913;19.070362947422115;18.19416912401326;0.9410000000000025;-0.026766069050534424
2023-02-06;111688;142.255;142.742;142.802;141.972;137.84494333333333;4.410056666666662;110806.47;1.007955582377003;0.4576044969528237;141.43350000000004;54.60232694064285;0.04311560331103692;-0.1782224326330534;0.22133803594409032;88.8047482603357;76.35111367357513;140.82575;143.42193580806907;138.22956419193093;142.854;137.916;140.385;12.89304805259149;20.10824121390393;17.209242012612975;0.1939999999999884;-0.020541983510145825
2023-02-07;119735;140.612;142.274;142.341;140.286;137.88637;2.725629999999996;111021.1;1.0784886836825542;-1.1549681909247431;141.43350000000004;47.353164094441595;-0.014499567942777958;-0.14547785969499832;0.13097829175222037;55.17805976258699;75.77330147764917;140.75885;143.30416501194236;138.21353498805763;142.854;137.916;140.385;12.807470016044272;18.276003947096815;23.116883761754192;-1.1270000000000095;-0.016301104515753735
2023-02-08;103291;140.823;140.519;141.031;140.291;137.92890000000003;2.8940999999999804;111168.56666666668;0.9291385424596106;0.1500583165021662;141.02650000000003;48.30240537577043;-0.042642513307527;-0.12491079041750407;0.08226827710997707;48.18015187221809;64.05431996504691;140.67424999999997;143.0896196094012;138.25888039059873;142.802;137.916;140.35899999999998;12.728004696393285;17.652251435074174;22.327914008942333;-0.6269999999999811;-0.013248294901006066
2023-02-09;110846;141.23;140.695;141.332;140.4;137.97026666666667;3.2597333333333154;111315.83;0.9957793065010614;0.2890152886957153;141.02650000000003;50.16879523593622;-0.031738638441652256;-0.1062763600223337;0.07453772158068145;45.18828451882826;49.51549871787777;140.7194;143.14086884349547;138.29793115650455;142.802;137.916;140.35899999999998;12.366629574377535;18.300144957429033;21.340053891146837;-0.606000000000023;-0.010533993105440802
2023-02-10;123816;140.322;141.186;141.509;139.553;138.0085633333333;2.313436666666689;111478.2;1.110674553410343;-0.6429228917368746;141.1665;46.164583163064336;-0.09526707108585697;-0.10407450223503836;0.008807431149181394;23.668821175746587;39.01241918893097;140.81085000000002;143.0177194818723;138.60398051812774;142.802;137.916;140.35899999999998;12.680539177946406;16.636547920393507;23.336591296492713;-0.7690000000000055;-0.009399055483516066
2023-02-13;99559;142.011;140.069;142.383;140.069;138.05608333333333;3.954916666666662;111568.12666666666;0.8923605959383419;1.2036601530764912;141.1665;53.585617781463284;-0.00921935226193682;-0.08510347224041806;0.07588411997848124;75.65404739919981;48.17038436459154;140.95915;143.0678766560698;138.85042334393017;142.802;137.916;140.35899999999998;12.149363152115283;18.83012130968189;20.914351182521038;0.46299999999999386;-0.00701557862980631
2023-02-14;126148;142.883;141.906;142.944;141.519;138.10526000000002;4.777739999999994;111742.58333333331;1.1289160876447912;0.6140369408003776;143.133;56.889686542513004;0.1278632690646191;-0.042510123979410626;0.1703733930440297;98.20112061338901;65.84132972944512;141.1908;143.06281021365257;139.31878978634742;142.944;137.916;140.43;11.386830220217258;20.15284568786256;19.567408031959115;1.5760000000000218;-0.002677178157488112
2023-02-15;105027;143.383;142.902;143.437;142.346;138.15402666666665;5.228973333333357;111893.94666666668;0.9386298645168648;0.3499366614642785;143.133;58.70492211983484;0.2736930918239864;0.020730519181268774;0.2529625726427176;98.60968074150355;90.82161625136412;141.40275;143.25962941181427;139.54587058818572;143.437;137.916;140.6765;11.079685091438979;21.415190891416692;18.580758577463452;1.656000000000006;0.003481880115358626
2023-02-16;107976;142.955;143.395;143.44;142.855;138.19968;4.755320000000012;112071.32;0.9634579123364512;-0.2985012170201417;143.19800000000004;56.511379042015406;0.3506857667286454;0.0867215686907441;0.2639641980379013;87.52251093388256;94.77777076292504;141.59584999999998;143.2431986910851;139.94850130891487;143.44;138.983;141.2115;10.79695564967506;20.82379786436925;18.055051164336057;2.544000000000011;0.009996175229282624
2023-02-17;100887;143.441;142.941;143.676;142.905;138.24587;5.195130000000006;112247.51333333334;0.8987905121817191;0.3399671225210676;143.19800000000004;58.41167089798799;0.44578047479663496;0.15853334991192228;0.2872471248847127;94.30026679602265;93.47748615713624;141.73460000000003;143.5079423132661;139.96125768673394;143.676;139.553;141.6145;10.737739838184991;21.201597206942342;17.358001723523266;1.8340000000000032;0.01712022464751421
2023-02-20;77124;143.44;143.374;143.655;143.028;138.29251;5.147490000000005;112363.76333333334;0.6863778651770546;-0.0006971507449105;143.597;58.406015662869656;0.51512498425393;0.22985167678032387;0.2852733074736062;94.27601261217583;92.03293011402701;141.80355;143.72347108952945;139.88362891047055;143.676;139.553;141.6145;10.682753727515642;20.508187394613657;16.790298800011065;1.1850000000000023;0.024309647177527413
2023-02-21;100706;143.754;143.382;144.164;143.168;138.33792666666665;5.416073333333344;112570.18666666666;0.8946063161305148;0.2189068600111587;143.597;59.72459211250706;0.5886327909882425;0.3016078996219076;0.2870248913663349;91.10821947516813;93.22816629445553;141.9043;144.00323126138517;139.80536873861485;144.164;139.553;141.8585;11.089579742425489;22.12933503236256;15.900661318820235;3.141999999999996;0.03161815353042844
2023-02-22;102598;143.095;143.715;143.888;143.044;138.38208666666665;4.712913333333347;112775.09333333334;0.9097576155112402;-0.4584220265175132;142.88750000000005;55.73144299362587;0.586946510897036;0.3586756218769333;0.22827088902010267;76.81630882671892;87.40018030468762;141.98655000000002;144.1361378186341;139.83696218136595;144.164;139.553;141.8585;11.314912814214996;21.10866983702898;15.844911944219877;2.2719999999999914;0.03771594929851488
2023-02-23;87672;142.68;143.051;143.516;142.561;138.42273333333333;4.2572666666666805;112913.27;0.7764543529736783;-0.2900171214927138;142.88750000000005;53.31402807443238;0.5458310890489599;0.3961067153113387;0.14972437373762126;67.81609195402335;78.58020675197012;142.02875;144.1979078896014;139.8595921103986;144.164;139.553;141.8585;10.94128294123511;19.985426206954664;17.69303310162532;1.450000000000017;0.0420910747129028
2023-02-24;117432;143.924;142.691;144.01;142.152;138.46807666666666;5.455923333333345;113146.75333333333;1.0378733506743392;0.8718811326044351;144.22150000000002;59.04831770134207;0.6066343216289738;0.43821223657486574;0.16842208505410805;94.79505530253782;79.80915202776002;142.17040000000003;144.4436150272291;139.89718497277096;144.164;139.553;141.8585;11.083611769559683;20.64768778291617;15.918286196929138;3.602000000000004;0.04675986859603051
2023-02-27;90177;144.519;143.896;144.55;143.563;138.51317333333333;6.005826666666678;113320.59;0.7957688889547084;0.4134126344459643;144.22150000000002;61.48502893037721;0.6948233577343501;0.48953446080676266;0.20528889692758745;99.37962777666588;87.330258344409;142.31895;144.789768931047;139.848131068953;144.55;139.553;142.0515;11.707516027640358;22.496307468660426;15.054405305035292;2.5080000000000098;0.0521517379518093
2023-02-28;99026;144.07;144.412;145.472;143.876;138.55909;5.510909999999996;113481.78333333334;0.8726158251242786;-0.310685792179588;144.686;58.64902285569896;0.720181453170369;0.535663859279484;0.18451759389088496;76.31356648082425;90.16274985334265;142.45710000000003;144.99423049723904;139.919969502761;145.472;139.553;142.5125;13.013850656670966;25.541984017775793;13.7545244246184;1.1869999999999834;0.057069750303087044
2023-03-01;110022;145.302;143.976;145.358;143.97;138.60653666666667;6.695463333333322;113636.05666666669;0.9681962154206248;0.8551398625668005;144.686;63.60901145652982;0.8301209130912355;0.5945552700418344;0.23556564304940109;97.12789322520669;90.94036249423226;142.63584999999998;145.4325099560941;139.83919004390586;145.472;139.553;142.5125;14.226875669342245;23.630974517855527;12.725433386739818;1.9189999999999827;0.06304366620580025
2023-03-02;110950;144.919;145.227;145.568;144.772;138.65179;6.267210000000006;113799.74333333332;0.9749582622080628;-0.2635889388996615;144.67950000000002;61.153244481327334;0.8762430436492821;0.6508928247633239;0.2253502188859582;88.197854155301;87.21310462044397;142.86125;145.630843751802;140.09165624819803;145.568;139.553;142.5605;15.515478871702546;23.752475231474225;12.163388401743722;1.9639999999999986;0.06881000107137933
2023-03-03;93783;144.44;144.936;145.04;144.293;138.69695;5.743050000000011;113876.23666666666;0.8235519784036164;-0.3305294681856807;144.67950000000002;58.130549270917015;0.8641821141018795;0.693550682631035;0.17063143147084447;72.14126944924642;85.82233894325135;143.0029;145.79113463145063;140.2146653685494;145.568;139.553;142.5605;16.014700544164665;22.737549261112548;14.383591575884635;0.9989999999999952;0.07338954541530673
2023-03-06;102336;145.205;144.44;145.383;144.116;138.74337666666668;6.461623333333336;114017.68333333332;0.8975449860773733;0.529631680974818;144.94500000000002;61.41110766189186;0.9059100796803818;0.7360225620409044;0.1698875176394774;89.3735362997659;83.23755330143776;143.15040000000002;146.07361832233258;140.22718167766746;145.568;139.553;142.5605;16.77636792524893;23.051342894345897;13.34224543150693;1.7650000000000148;0.07788380810685637
2023-03-07;101873;144.685;145.091;145.439;144.56;138.7907;5.894300000000015;114140.34;0.8925240629210591;-0.3581143900003525;144.94500000000002;58.079890905177884;0.8867976871316046;0.7661775870590445;0.12062010007256008;74.15105386416852;78.55528653772694;143.35405;146.10388937531283;140.60421062468717;145.568;139.553;142.5605;17.532756567226933;22.19538022020776;12.65758449558827;0.9310000000000116;0.08125464199476279
2023-03-08;96677;144.808;144.664;145.232;144.235;138.83649333333335;5.971506666666642;114244.91333333332;0.8462258596837152;0.0850122680305487;144.443;58.651244359198614;0.8715295996688042;0.7872479895809965;0.08428161008780766;77.75175644028063;80.42544886807168;143.5533;146.1114957782822;140.9951042217178;145.568;139.553;142.5605;17.731305381617876;20.886206842088548;13.833738738804325;1.7129999999999939;0.08373542557514282
2023-03-09;91745;144.078;144.8;144.829;143.62;138.87958999999998;5.198410000000024;114336.42;0.8024127395277199;-0.5041157947074715;144.443;53.95135890903679;0.7914018433982903;0.7880787603444553;0.0033230830538349965;56.38173302107734;69.42818110850882;143.69570000000002;146.02781750133244;141.3635824986676;145.568;139.553;142.5605;17.04417861844598;19.392439860651336;16.482438120613896;1.3979999999999961;0.08434432065859661
2023-03-10;143670;143.726;144.02;145.108;143.35;138.92279666666667;4.803203333333329;114604.32;1.2536176646743111;-0.2443121087188915;143.364;51.79604215533466;0.6915250902701189;0.7687680263295882;-0.0772429360594693;46.07728337236536;60.0702576112411;143.8659;145.61138364644904;142.12041635355098;145.568;140.069;142.8185;16.715965257624244;19.03770552918416;14.822396555855544;-0.1980000000000075;0.08302603474027895
2023-03-13;176890;143.002;143.705;144.388;141.369;138.96492;4.037080000000003;114938.94;1.538991050378441;-0.5037362759695463;143.364;47.585269124371166;0.5476384592976729;0.7245421129232051;-0.1769036536255323;38.89021195522756;47.11640944955675;143.91545000000002;145.49596453331537;142.33493546668467;145.568;141.369;143.4685;16.76304754953813;16.04847038804501;22.798109170663576;-1.516999999999996;0.07932088068971087
2023-03-14;145366;144.036;142.906;144.411;142.536;139.00933333333333;5.026666666666671;115283.44333333331;1.2609442934461337;0.7230668102544024;142.71400000000003;53.41058130946779;0.5111502047261354;0.6818637312837912;-0.17071352655765581;63.51512264824944;49.49420599194744;143.97310000000002;145.481227302326;142.46497269767403;145.568;141.369;143.4685;16.779055816032933;14.63983178032814;20.631416279270066;-0.033999999999991815;0.0754426568092096
2023-03-15;161175;141.112;144.036;144.965;139.476;139.04703666666666;2.0649633333333384;115561.43666666666;1.3947126710174975;-2.0300480435446744;142.434;39.904503000107084;0.2434839060763352;0.5941877662423;-0.3507038601659648;26.85489166119488;43.08674208822395;143.85954999999998;145.8064471698631;141.91265283013686;145.568;139.476;142.522;18.69951085746371;11.26467567746187;28.727375231306485;-4.189999999999998;0.0674650640186058
2023-03-16;159855;141.949;141.065;142.005;139.119;139.08797333333334;2.8610266666666746;115880.00666666668;1.379487321396307;0.593145869947298;141.28300000000002;44.250372692641115;0.09776832843246552;0.4949038786803331;-0.39713555024786756;43.882772522871875;44.75092894410539;143.80925;145.89412082334158;141.7243791766584;145.568;139.119;142.3435;20.63896126349494;9.963972828666273;26.8386387912659;-2.969999999999999;0.05810738708797775
2023-03-17;138019;140.617;141.742;142.208;140.158;139.12648333333334;1.4905166666666505;116116.06666666668;1.1886296527439049;-0.9383651874969368;141.28300000000002;39.37089330235787;-0.12376687716809442;0.3711697275106476;-0.494936604678742;23.22840750503935;31.322023896368687;143.66805;146.1736251814745;141.16247481852548;145.568;139.119;142.3435;22.198028407580036;9.958978750695723;24.660417302700925;-3.8230000000000075;0.04629687532350372
2023-03-20;148784;140.813;140.899;141.749;138.825;139.16601;1.6469899999999882;116358.17666666668;1.278672494380961;0.1393857072757853;141.73450000000005;40.412133488736266;-0.2802885695654709;0.2408780680954239;-0.5211666376608948;29.48242621978337;32.197868749231525;143.53670000000002;146.33469150106305;140.738708498937;145.568;138.825;142.19650000000001;24.22524961102642;8.855050639945391;26.980214056537495;-4.392000000000024;0.03353348901915832
2023-03-21;113176;142.656;140.76;142.789;140.421;139.21129333333332;3.44470666666669;116462.53333333334;0.971780337939786;1.308828020140207;141.73450000000005;49.23981914123795;-0.2527054103945545;0.1421613723974282;-0.39486678279198273;56.814474269612994;36.508435998145224;143.4818;146.30356948739987;140.66003051260012;145.568;138.825;142.19650000000001;24.96830299173436;11.94603502089901;24.601827861950046;-2.0289999999999964;0.023134295103785556
2023-03-22;114651;142.752;142.588;143.628;142.302;139.25820666666667;3.493793333333344;116599.22333333331;0.9832912837869118;0.0672947510094168;142.24400000000003;49.65817758438509;-0.22055671975758173;0.06961775396642622;-0.29017447372400795;59.374055034775;48.556985174723785;143.46465;146.29975234559902;140.629547654401;145.568;138.825;142.19650000000001;24.847857985133434;14.53684051888317;23.360013758230306;-2.055999999999983;0.014849377456563027
2023-03-23;134727;141.736;142.665;143.2;141.163;139.30099666666666;2.435003333333327;116816.51666666666;1.153321498058609;-0.7117238287379646;142.24400000000003;45.39403853986638;-0.27390396532965156;0.0009134101072106673;-0.27481737543686224;44.01270033262775;53.400409879005245;143.41745;146.33350983992457;140.50139016007543;145.568;138.825;142.19650000000001;25.337132142361007;13.416474780105169;25.869095489101255;-2.342000000000013;0.006918637851294077
2023-03-24;138227;140.622;141.613;141.844;139.069;139.3412033333333;1.2807966666667028;116987.04666666666;1.181558163390866;-0.7859682790539946;141.34700000000004;41.215037790051156;-0.40144492450630764;-0.079558256815493;-0.32188666769081464;27.16964015724258;43.5187985082151;143.25235000000004;146.39972390692955;140.10497609307052;145.568;138.825;142.19650000000001;26.661977200287932;12.053579543644922;30.906668468387416;-3.103999999999985;-0.001969635245971943
2023-03-27;100873;142.072;140.619;142.222;140.547;139.38655666666665;2.685443333333353;117070.51;0.8616431243016828;1.0311331086174214;141.34700000000004;47.93390596421067;-0.38112579081843023;-0.13987176361608045;-0.24125402720234979;50.678944904011374;40.620428464627224;143.13;146.26110989906468;139.9988901009353;145.568;138.825;142.19650000000001;27.547643036816005;12.704819078533411;28.992226810646944;-0.9300000000000068;-0.009134744791594438
2023-03-28;100566;141.973;142.031;142.151;141.045;139.42867;2.544330000000002;117177.05333333332;0.8582397076833083;-0.0696829776451357;143.02800000000002;47.53443055693007;-0.3687603636747383;-0.18564948362781203;-0.18311088004692627;50.10345376412568;42.650679608459875;143.02515;146.16376194001754;139.88653805998246;145.568;138.825;142.19650000000001;28.370047027877792;12.168820750298417;27.76908581145136;-2.062999999999988;-0.014956455623058671
2023-03-29;102390;144.083;141.873;144.099;141.787;139.47798333333336;4.605016666666643;117301.69;0.8728774495916578;1.4861980799165897;143.02800000000002;55.95881485530976;-0.18655086532939436;-0.1858297599681285;-0.0007211053612658502;83.68613719560715;61.48951195458139;142.9642;145.9680351219767;139.9603648780233;145.568;138.825;142.19650000000001;27.47567921881187;18.421501214181145;25.360459356500943;2.9710000000000036;-0.01671782949674879
2023-03-30;97680;144.7;144.011;145.082;143.129;139.52910666666665;5.170893333333339;117436.69333333331;0.8317672886338507;0.4282253978609374;144.34900000000002;58.078577256420026;0.007551173150062596;-0.1471535733444903;0.1547047464945529;93.89483778168444;75.8948095804724;142.95325;145.9299759783226;139.9765240216774;145.439;138.825;142.132;25.956991198937896;20.755326561001784;23.50572935181919;2.7509999999999764;-0.014806776421482716
2023-03-31;106760;143.998;144.66;145.669;143.879;139.57068666666666;4.4273133333333305;117537.40333333334;0.9083066068528164;-0.485141672425704;144.34900000000002;54.84416588914823;0.10353936656670726;-0.0970149853622508;0.20055435192895804;75.58445353594367;84.38847617107841;142.93114999999997;145.86971415788742;139.99258584211253;145.669;138.825;142.247;24.161614483359337;21.56580553314972;21.92316184990536;3.3810000000000002;-0.011446188891605478
2023-04-03;105615;144.352;144.547;144.94;143.624;139.61221666666663;4.739783333333349;117643.90666666666;0.897751553756554;0.2458367477326195;144.3275;56.16974045132028;0.2058031720462452;-0.0364513538805516;0.2422545259267968;80.7568673290473;83.41205288222513;142.8885;145.71649706506577;140.06050293493422;145.669;138.825;142.247;22.658831143642953;20.474397408864718;21.79429992554981;3.5390000000000157;-0.006752138720409594
2023-04-04;99912;144.303;144.254;145.436;143.961;139.65426666666667;4.648733333333325;117747.8;0.8485254076933201;-0.0339448015960974;144.3275;55.925017937065554;0.2796702199627248;0.026772960888103676;0.25289725907462113;80.04091174751593;78.79407753750229;142.86939999999998;145.65342366369623;140.08537633630374;145.669;138.825;142.247;21.158670862590576;21.231591658537678;20.539615188895894;1.6469999999999914;-0.0014199338827560217
2023-04-05;100589;143.154;144.114;144.442;142.675;139.69170333333332;3.462296666666674;117887.02666666669;0.8532660704422844;-0.796241242385809;143.50650000000002;50.38189352034366;0.24269801853020567;0.06995797241652407;0.1727400461136816;63.25248392752766;74.68342100136363;142.7867;145.43018180247577;140.14321819752422;145.669;138.825;142.247;20.36097714568516;19.763715244993072;24.151240379894283;0.4019999999999868;0.0025428659935004707
2023-04-06;84075;143.859;143.073;144.0;142.547;139.73130333333336;4.127696666666651;117978.83333333331;0.712627830133311;0.492476633555472;143.50650000000002;53.43183424047704;0.26720472090039493;0.10940732211329826;0.15779739878709667;73.55347749853892;72.28229105786083;142.77575;145.39948602902817;140.1520139709718;145.669;138.825;142.247;19.698264205464742;18.623512005470655;23.266140510995427;2.123000000000019;0.0063760330317659646
2023-04-07;66334;143.948;143.847;144.234;143.541;139.76923;4.178770000000014;117942.35666666667;0.5624272896926261;0.0618661328106062;144.52300000000002;53.8177670597887;0.29045977579554005;0.14561781284974662;0.14484196294579343;73.92424242424246;70.24340128343634;142.78685000000002;145.42839063190794;140.1453093680921;145.669;138.825;142.247;18.897786449035067;19.059312534105967;22.59655174787972;3.3259999999999934;0.010066342965061823
2023-04-10;83372;145.098;143.99;145.151;143.803;139.81610333333333;5.281896666666682;117941.64333333333;0.7068919649047307;0.7988996026342843;144.52300000000002;58.5929438231995;0.3971073569721568;0.19591572167422866;0.20119163529792816;91.34848484848492;79.60873492375543;142.89165;145.71880930043227;140.06449069956773;145.669;138.825;142.247;17.63597179848009;21.843565043144082;21.31172727287296;3.0260000000000105;0.015053497765887925
2023-04-11;89762;145.896;145.072;145.966;144.875;139.86698666666666;6.0290133333333245;117928.37333333334;0.7611569418181782;0.5499731216143333;146.1195;61.56293067342845;0.5397958338828914;0.26469174411596125;0.2751040897669302;98.98506597071159;88.08593108114631;142.98465;146.0671084522781;139.90219154772188;145.966;138.825;142.3955;17.021680390182766;24.33947876379031;20.305414397472617;3.9229999999999734;0.021754476080775652
2023-04-12;104909;146.343;145.836;146.666;145.771;139.91715666666667;6.425843333333319;118037.31666666668;0.888778252188251;0.3063826287218241;146.1195;63.157060751107466;0.6810954003071856;0.34797247535420617;0.33312292495297946;95.74832170593646;95.36062417504432;143.2462;146.52983454726936;139.96256545273062;146.666;138.825;142.7455;16.893763964280833;26.49681515047914;19.4922842133885;2.259999999999991;0.029880856229660295
2023-04-13;92487;146.457;146.268;146.886;146.074;139.96767;6.489329999999995;118115.56333333334;0.7830212834779874;0.0778991820585828;146.74400000000003;63.572005962820874;0.7931324349665942;0.43700446727668385;0.3561279676899104;93.23237103644105;95.98858623769634;143.47160000000002;146.97935383401133;139.9638461659887;146.886;138.825;142.8555;16.911408316100513;26.519285643216406;18.758344463452698;1.757000000000005;0.03870590548918666
2023-04-14;100899;147.031;146.447;147.157;146.241;140.02255666666667;7.008443333333332;118132.50666666668;0.8541171507068513;0.3919239094068549;146.74400000000003;65.6686244750858;0.9176613659964232;0.5331358470206318;0.38452551897579146;97.9384816753926;95.63972480592336;143.7923;147.36959792441465;140.21500207558537;147.157;138.825;142.99099999999999;17.09955719986262;26.653392288572782;17.937820126207914;3.0330000000000155;0.04832227256043621
2023-04-17;84723;146.94;146.975;147.456;146.663;140.07814666666664;6.861853333333357;118155.19333333331;0.717048464903076;-0.0618917099115212;147.04800000000003;65.02961175425679;0.99750982915657;0.6260106434478194;0.3714991857087506;90.89786558475934;94.02290609886433;144.09865;147.65224205734444;140.54505794265555;147.456;139.069;143.2625;17.465827818862085;27.086426474873704;17.23495886323409;2.587999999999994;0.057829697352761764
2023-04-18;91758;147.156;146.844;147.383;146.725;140.13613333333333;7.0198666666666725;118272.68;0.7758173738854336;0.1469987750102097;147.04800000000003;65.87835930108704;1.065932302240384;0.7139949752063324;0.35193732703405156;93.88877571806918;94.24170765940703;144.32365;148.0490689710718;140.59823102892818;147.456;139.069;143.2625;17.805936250790158;26.17011532754293;16.651914623536452;2.8530000000000086;0.06702964870136019
2023-04-19;89082;147.587;147.093;147.857;147.037;140.19369333333333;7.39330666666666;118231.69;0.7534528179373269;0.2928864606267956;147.4295;67.56972275346476;1.1417740426651335;0.7995507886980926;0.3422232539670409;94.91525423728794;93.23396518003881;144.5654;148.4744725447377;140.65632745526233;147.857;139.069;143.463;18.442546227072956;27.543985314175057;15.928736582884378;4.432999999999993;0.07607649970693668
2023-04-20;94296;147.272;147.518;147.83;147.021;140.25119666666666;7.020803333333333;118340.52;0.7968192128950594;-0.2134334324838893;147.4295;65.03251768027215;1.1630543345345075;0.8722514978653756;0.29080283666913187;88.98305084745748;92.59569360093819;144.8422;148.69426581460158;140.9901341853984;147.857;139.069;143.463;19.014723281165438;26.32909695402608;15.313397493664546;3.4129999999999825;0.08404511326672101
2023-04-21;86696;147.386;147.218;147.564;146.401;140.31143333333333;7.074566666666669;118081.90666666666;0.7342022367976048;0.0774077896680935;147.841;65.53687356035296;1.175566764522955;0.9329145511968915;0.24265221332606357;91.12994350282479;91.67608286252339;145.1804;148.66078218591326;141.70001781408672;147.857;140.547;144.202;18.819915576367865;24.646135020748368;17.74217489740518;3.437999999999988;0.0909322747505806
2023-04-24;91863;148.296;147.166;148.47;147.086;140.37163666666666;7.924363333333332;118028.90666666666;0.7783093361987048;0.6174263498568422;147.841;69.33863945905222;1.2445657707586406;0.9952447951092414;0.24932097564939926;97.06229951038314;92.39176462022179;145.4916;148.91718622136747;142.06601377863254;148.47;141.045;144.7575;19.310533501190683;27.736562764370586;16.39881650117177;3.197999999999979;0.09785100827324114
2023-04-25;88325;146.754;148.253;148.625;146.287;140.4308366666667;6.323163333333298;117897.13;0.7491700603737556;-1.0398122673571764;147.14800000000002;57.71934503570398;1.1614331885130014;1.0284824737899934;0.132950714723008;69.21684764725225;85.80303022015339;145.73065000000003;148.78821159545853;142.67308840454152;148.625;141.787;145.20600000000002;18.90084485945144;24.378525083724487;18.550901558892956;0.8580000000000041;0.1021979932339865
2023-04-26;106070;147.542;146.689;147.912;146.459;140.49658666666667;7.045413333333329;117902.20666666668;0.8996438913130125;0.53695299617047;147.14800000000002;61.28929439370198;1.1459255165141258;1.0519710823348198;0.09395443417930593;78.69787568843435;81.65900761535657;145.9036;148.9601149697037;142.8470850302963;148.625;142.547;145.586;18.52041969212214;22.551228972142205;17.16041586837259;1.1990000000000123;0.1055027483172091
2023-04-27;97469;147.747;147.554;147.992;147.14;140.56088666666665;7.186113333333367;117863.13;0.8269676870111267;0.1389434872782091;148.894;62.18385532462931;1.137069927152993;1.0689908512984545;0.06807907585453843;81.79178763998371;76.56883699189011;146.05595;149.16067797359494;142.95122202640505;148.625;142.547;145.586;18.235491410147127;21.956412697163678;16.384877368609107;1.2900000000000205;0.10803403548929115
2023-04-28;125401;150.041;147.635;150.434;146.875;140.63512333333335;9.405876666666645;117987.60333333332;1.0628319963895871;1.552654199408443;148.894;70.42114640614702;1.3001708764894033;1.1152268563366443;0.18494402015275901;92.93038316243927;84.47334883028576;146.3581;149.7644544090454;142.9517455909546;150.434;142.547;146.4905;19.59952661595873;29.839609068530837;13.616559168565892;3.009999999999991;0.11282735517997283
2023-05-01;87413;150.931;150.129;150.963;149.951;140.71963;10.211370000000016;117888.8;0.7414868927327497;0.5931711998720557;150.59;72.8885551614994;1.4841369094283152;1.1890088669549785;0.2951280424733367;99.3836671802777;91.36861266090023;146.68705;150.50120959157758;142.87289040842242;150.963;142.547;146.755;21.128390161808444;30.94315923554377;12.946721118953967;3.991000000000014;0.11989623711593092
2023-05-02;105460;150.249;150.901;151.612;149.831;140.80325666666667;9.445743333333326;117777.82;0.8954147733417976;-0.4518621091757269;150.59;68.19409573359367;1.556952041680404;1.2625975019000637;0.2943545397803402;75.38822679667743;89.23409237979813;146.98435;150.93340341949477;143.03529658050525;151.612;142.547;147.0795;22.85081299892693;31.411958418274743;11.842597976360068;3.0929999999999893;0.12700976001578004
2023-05-03;108584;149.117;150.233;150.393;149.062;140.88017;8.236829999999998;117715.08666666668;0.9224306167948348;-0.753415996113127;148.4935;61.153719605020754;1.5059558969584828;1.3112691809117476;0.19468671604673515;53.54682554459107;76.10623984051539;147.2825;150.91771281358098;143.64728718641902;151.612;142.547;147.0795;23.578955501920653;29.394421647473614;14.792829370169688;1.5300000000000011;0.13205723968699512
2023-05-04;130578;147.87;148.987;149.201;147.131;140.9453466666667;6.924653333333311;117817.49666666667;1.1083073710980695;-0.8362560942078989;148.4935;54.4810548675226;1.3493639784788343;1.3188881404251651;0.030475838053669158;29.727699530516464;52.887583957261654;147.48305;150.76616617065608;144.1999338293439;151.612;143.541;147.5765;22.496321772305688;26.53948836025617;22.416384014799263;0.5980000000000132;0.1335597017832734
2023-05-05;95373;148.557;147.849;148.707;147.684;141.01516666666666;7.541833333333329;117791.31666666668;0.8096776799760586;0.4645972813958066;148.62050000000002;57.24864203520139;1.2661040539893236;1.3083313231379967;-0.04222726914867314;42.62910798122041;41.96787768544264;147.71349999999998;150.59408691936616;144.8329130806338;151.612;143.803;147.70749999999998;21.491019023377504;25.235045361759017;21.314595812148088;1.1709999999999923;0.13328920745803985
2023-05-08;87698;148.684;148.531;149.267;148.443;141.08414333333332;7.599856666666682;117743.38666666669;0.7448231487367264;0.0854890715348277;148.62050000000002;57.75992982054452;1.1965744373210043;1.2859799459745982;-0.08940550865359387;45.014084507042185;39.123630672926346;147.8928;150.53654602411495;145.24905397588503;151.612;144.875;148.24349999999998;20.94083419675952;26.982194064322602;20.44300324320299;0.38800000000000523;0.13175214005642538
2023-05-09;97627;148.236;148.625;148.693;147.891;141.14725333333334;7.088746666666651;117762.91666666669;0.8290130948126005;-0.3013101611471391;147.89150000000004;55.249750204931125;1.09272559876527;1.2473290765327327;-0.15460347776746275;36.600938967135924;41.41471048513284;148.00979999999998;150.49188626764334;145.52771373235663;151.612;145.771;148.6915;19.953971644732526;25.87322649055973;22.43162266006184;1.4819999999999993;0.12857330235320133
2023-05-10;106809;147.547;148.203;148.667;147.042;141.20718333333332;6.339816666666678;117786.11666666668;0.9068046644432566;-0.4647993739712253;147.89150000000004;51.53996988227812;0.943946872275518;1.1866526356812899;-0.24270576340577188;23.661971830985795;35.09233176838796;148.07;150.44348865597115;145.69651134402883;151.612;146.074;148.84300000000002;18.69636466285866;23.74383222006681;24.88539053119533;0.0049999999999954525;0.12325923731579562
2023-05-11;111528;146.884;147.517;147.6;146.131;141.25997999999998;5.624020000000002;117813.47333333331;0.9466489429815969;-0.449348343239786;147.06900000000002;48.18702092571325;0.7637362247718613;1.1020693534994042;-0.33833312872754284;13.73836891078246;24.667093236301383;148.09134999999998;150.41354519205936;145.7691548079406;151.612;146.131;148.8715;18.175225199283535;21.982521000831927;27.63965341313307;-0.863000000000028;0.11562138154333368
2023-05-12;95148;147.254;146.845;147.468;146.663;141.31237000000002;5.941629999999975;117835.21666666666;0.8074665850460263;0.251899458075755;147.06900000000002;50.136585717618644;0.6433576693228815;1.0103270166640996;-0.3669693473412181;20.48896186827206;19.296434203346763;148.1025;150.40629161384524;145.79870838615474;151.612;146.131;148.8715;17.69130998310663;21.060557114231646;26.48042502963272;-2.787000000000006;0.107032544416274
2023-05-15;89629;148.011;147.349;148.177;147.204;141.36685666666668;6.644143333333318;117860.86333333331;0.7604644787515619;0.5140777160552501;148.07850000000002;53.95400457441954;0.6020997393349603;0.9286815611982718;-0.3265818218633115;34.30031016237908;22.84254698047786;148.15605;150.3982316585691;145.91386834143088;151.612;146.131;148.8715;16.627544270329672;23.742443732165512;25.109612494587857;-2.920000000000016;0.09898233598732589
2023-05-16;88069;148.146;148.008;148.5;147.607;141.4219533333333;6.7240466666666805;117935.84666666666;0.7467534468032467;0.0912094371364302;148.07850000000002;54.62121562702755;0.5736828455913212;0.8576818180768817;-0.2839989724855605;36.763364349571034;30.517545460074047;148.20555;150.40044812748195;146.01065187251803;151.612;146.131;148.8715;15.507975933841951;24.347364551230044;23.887403800870004;-2.1030000000000086;0.09162578625001645
2023-05-17;92048;149.245;148.101;149.253;148.05;141.4756166666667;7.769383333333309;117932.45;0.7805146081506167;0.7418357566184808;149.31350000000003;59.73609991114003;0.6325507169250386;0.8126555978465132;-0.18010488092147459;56.81444991789833;42.62604147661614;148.28844999999998;150.50873344812635;146.06816655187362;151.612;146.131;148.8715;15.062266225300107;26.87002124017991;22.311827792115714;0.12800000000001432;0.08633526583315437
2023-05-18;93222;149.382;149.222;149.451;148.774;141.52915333333334;7.852846666666664;117932.66666666669;0.7904680071678649;0.0917953700291462;149.31350000000003;60.33628323126566;0.6823924882899064;0.7866029759351919;-0.10421048764528551;59.31399379675256;50.9639360214073;148.39395;150.61153287106117;146.1763671289388;151.612;146.131;148.8715;14.798873062607539;26.96137403196851;21.454215928443507;1.5120000000000005;0.08266517686585341
2023-05-19;103242;149.082;149.39;149.798;148.713;141.57756;7.504439999999988;117976.80666666669;0.8751042083355642;-0.2008274089247752;149.463;58.287350194001235;0.6897341326551043;0.7672292072791744;-0.07749507462407013;53.840540047436534;56.65632792069581;148.47875;150.66516248396178;146.2923375160382;151.612;146.131;148.8715;14.82005923827781;27.27369828544858;20.11947197409647;0.5250000000000057;0.07967353484145022
2023-05-22;92206;149.844;148.978;149.924;148.841;141.6300533333333;8.213946666666686;117943.46;0.7817813721930167;0.5111281039964499;149.463;61.832699687132624;0.7484122399764885;0.7634658138186373;-0.015053573842148782;87.11872360394166;66.75775248271025;148.55615;150.81945256705197;146.29284743294804;151.612;146.131;148.8715;14.937686951744059;26.29336545213694;18.858308312902388;1.1599999999999966;0.07812009560822397
2023-05-23;104345;149.251;149.86;150.053;149.103;141.67379333333335;7.577206666666655;117875.06333333334;0.8852169156840141;-0.3957449080376873;149.58400000000003;57.72110482487722;0.7385513583624572;0.7584829227274013;-0.019931564364944032;79.55124936257029;73.50350433798282;148.68099999999998;150.80401738099903;146.55798261900094;151.612;146.131;148.8715;15.151310576272541;25.58256629894605;17.804035164798904;1.0150000000000148;0.07665200011292096
2023-05-24;108687;149.917;149.25;149.939;148.839;141.71939333333333;8.197606666666672;117807.67666666668;0.9225799461907516;0.4462281659754374;149.58400000000003;60.8683091472374;0.7755372618459262;0.7618937905511063;0.013643471294819909;96.53238143804192;87.73411813485127;148.79975;150.92033283262504;146.67916716737494;151.612;146.131;148.8715;15.03691063146079;23.915389580820246;18.20781671661299;2.3700000000000045;0.07603678421135607
2023-05-25;111036;150.19;149.901;150.316;149.287;141.76689666666664;8.423103333333358;117769.26666666666;0.9428266231313652;0.1821007624218662;150.48600000000002;62.1132862028508;0.8174545678589311;0.7730059460126714;0.04444862184625975;96.98924731182784;91.02429270414667;148.9219;151.06714860098407;146.77665139901592;151.612;146.131;148.8715;15.264239890795405;24.699160708294833;17.08608872179214;3.3060000000000116;0.07622920019696941
2023-05-26;98152;150.782;150.187;150.932;149.798;141.82060666666666;8.961393333333348;117692.21;0.8339719340812077;0.3941673879752416;150.48600000000002;64.73351183982038;0.8882051116826801;0.7960457791466732;0.09215933253600694;96.87565090606171;96.79909321864382;148.95895000000002;151.2035252805429;146.71437471945714;151.612;146.131;148.8715;15.982373396204762;26.717421319793495;15.921941083815641;3.52800000000002;0.07758592926328399
2023-05-29;57785;150.392;150.572;151.066;150.094;141.87055999999998;8.521440000000013;117547.19;0.4915898032100562;-0.2586515631839425;150.22000000000003;61.705861230543334;0.902403342750489;0.8173172918674364;0.08508605088305254;86.34245187436665;93.40245003075205;148.932;151.09258862350612;146.77141137649386;151.612;146.131;148.8715;16.75552208145828;25.95224824776572;14.979813530733907;2.3810000000000002;0.07899056235801485
2023-05-30;103738;150.048;150.218;150.625;149.733;141.9218;8.126200000000011;117623.57666666666;0.8819490355575074;-0.2287355710410055;150.22000000000003;59.08101969951178;0.8758019187409332;0.8290142172421359;0.046787701498797296;79.37183383991893;87.52997887344908;148.92194999999998;151.05969006605667;146.7842099339433;151.066;146.131;148.5985;16.97836358902953;24.518443974752767;16.388136985316873;1.9020000000000152;0.07975379846983648
2023-05-31;105186;148.93;150.05;150.1;148.592;141.96897333333334;6.961026666666669;117684.90666666666;0.8937934606849987;-0.7450949029643827;149.15500000000003;51.42475489882536;0.7557945133916917;0.8143702764720471;-0.05857576308035539;51.487622075857374;72.40063593004764;148.9126;151.04848083937847;146.77671916062152;151.066;146.131;148.5985;15.842132478094168;22.27763357980093;21.805447340955048;-0.3149999999999977;0.07841877682045137
2023-06-01;98888;149.38;148.943;149.681;148.62;142.01728666666668;7.362713333333318;117675.27;0.8403464891135716;0.3021553750083949;149.15500000000003;54.008231128413875;0.6890560104725694;0.7893074232721516;-0.10025141279958227;56.343863283272675;62.40110639968298;148.98809999999997;151.07747204921097;146.89872795078898;151.066;146.131;148.5985;14.787060732225616;20.834849632027474;20.39324396285144;-0.0020000000000095497;0.07617960832150567
2023-06-02;88789;149.869;149.36;149.962;149.247;142.06724333333332;7.801756666666677;117651.88666666669;0.7546755306317439;0.327353059311819;149.69700000000003;56.70303961466919;0.6679240664707038;0.7650307519118621;-0.0971066854411583;65.3946227233304;57.74203602748681;149.0537;151.16705979899876;146.94034020100122;151.066;146.131;148.5985;14.110373769718757;21.663802357584345;19.47776834330095;0.7870000000000061;0.07392860615734938
2023-06-05;85770;149.525;149.834;150.198;149.232;142.11510666666666;7.409893333333343;117640.14;0.7290878776580231;-0.2295337928457486;149.69700000000003;54.292990869785385;0.6163144343727254;0.7352874884040348;-0.11897305403130942;48.905835543766536;56.88144051678986;149.09575;151.21147823160825;146.98002176839177;151.066;146.131;148.5985;13.73454673116343;21.83343989254655;18.283568010798987;-0.3189999999999884;0.07116733645882385
2023-06-06;87480;149.307;149.522;149.695;148.825;142.15789333333333;7.149106666666654;117599.86;0.7438784365899123;-0.1457950175556055;149.63700000000003;52.76251081271875;0.551465697721909;0.6985231302676097;-0.1470574325457007;28.900565885205253;47.73367471743405;149.14929999999998;151.22918625651118;147.06941374348878;151.066;146.131;148.5985;12.881380070481717;20.60797700845094;19.88310028391014;0.055999999999983174;0.06775699903066527
2023-06-07;92542;149.967;149.299;150.021;148.633;142.20526;7.761740000000003;117563.63666666669;0.7871651696381298;0.4420422351262942;149.63700000000003;56.738604074209775;0.5470233462408203;0.6682231734622518;-0.12119982722143152;55.57801131770436;44.4614709155587;149.2703;151.24200394329984;147.29859605670015;151.066;146.131;148.5985;12.460766361798166;20.861198216421293;18.134323962862013;0.05000000000001137;0.06479662910619247
2023-06-08;88584;149.797;149.786;150.045;149.588;142.24841666666669;7.548583333333312;117538.52;0.7536593110070848;-0.1133582721532189;149.80300000000005;55.444066961766474;0.5237477335848268;0.6393280854867668;-0.11558035190193994;48.70654810024209;44.395041767717224;149.41595;151.06499754025597;147.76690245974405;151.066;146.663;148.86450000000002;12.097981481930125;20.389118769379593;17.585888053644673;-0.3930000000000007;0.06191349801669792
2023-06-09;87440;149.809;149.769;150.44;149.63;142.29339;7.5156100000000094;117485.21333333332;0.7442638738877257;0.0080108413386126;149.80300000000005;55.521211612166276;0.5005004845399696;0.6115625652974074;-0.11106208075743773;49.19159256265116;51.15871732686586;149.5437;150.86663977188087;148.22076022811913;151.066;147.204;149.135;12.217676168995453;21.93779434314619;16.626114493367954;-0.9730000000000132;0.059100542602389186
2023-06-12;82224;150.185;149.7;150.348;149.666;142.33858;7.846419999999995;117340.57666666666;0.7007294691721986;0.2509862558324194;150.76650000000004;57.97639993356581;0.5065774206496769;0.5905655363678614;-0.08398811571818443;64.38965238480178;54.09593101589834;149.6524;150.79927669782947;148.50552330217053;151.066;147.607;149.3365;12.328821235556116;20.90335617304382;15.842139259421737;-0.20699999999999363;0.056834179518478106
2023-06-13;96191;151.348;150.105;151.375;150.031;142.38670000000002;8.961299999999994;117412.10333333332;0.8192596612199788;0.7743782668042876;150.76650000000004;64.50316583528138;0.5983405196456033;0.5921205330234097;0.006219986622193585;99.02982393101017;70.87035629282103;149.8125;150.96747264037907;148.65752735962093;151.375;148.05;149.7125;13.49295548415134;25.95303801088323;14.401006470453995;1.3000000000000114;0.05644753628143818
2023-06-14;93797;151.721;151.331;151.782;150.92;142.42890666666665;9.292093333333357;117353.17333333334;0.7992711005229344;0.2464518857203224;152.63000000000002;66.31040003250214;0.6931709758999887;0.6123306215987255;0.08084035430126313;98.08777429467062;87.1690835368275;149.93630000000002;151.32796060518515;148.54463939481488;151.782;148.592;150.187;14.923063188829177;27.21004394668955;13.549650941845837;2.790999999999997;0.0577124089477445
2023-06-15;106204;153.539;151.597;153.689;151.574;142.47802;11.060979999999972;117283.98333333334;0.9055285895103689;1.1982520547583864;152.63000000000002;73.41489130411618;0.9045945985961623;0.670783416998213;0.23381118159794934;97.05709240729828;98.05823021099302;150.14415;152.21739685216792;148.07090314783207;153.689;148.592;151.1405;17.470609270285703;35.71560266429511;11.71903312023242;4.158999999999992;0.06229845850517935
2023-06-16;110063;155.233;153.532;155.254;153.091;142.53191;12.701089999999994;117261.10333333332;0.9386147398521318;1.1033027439282694;155.1535;78.05807678087947;1.1950650198128585;0.7756397375611421;0.4194252822517164;99.68477934554208;98.27654868250364;150.45170000000002;153.43056737536673;147.4728326246333;155.254;148.592;151.923;20.489059651261236;40.461118755929995;10.201115888630902;5.364000000000004;0.07100341367846422
2023-06-19;70016;155.074;155.041;155.327;154.65;142.58612000000002;12.48787999999999;117089.57666666666;0.5979695374535106;-0.1024266747405411;155.1535;76.70393653202343;1.3963388253836513;0.899779555125644;0.4965592702580073;96.24350408314794;97.66179194532941;150.7132;154.29082399366175;147.13557600633825;155.327;148.592;151.9595;23.318389686809542;39.21960115282768;9.7743769942148;5.549000000000007;0.08173111256488558
2023-06-20;101731;154.413;155.04;155.376;154.047;142.64334;11.769660000000016;116973.45666666668;0.8696930303589214;-0.4262481138037288;155.15050000000005;71.17593683430098;1.4853899400002888;1.016901632100573;0.46848830789971574;85.74600355239797;93.89142899369597;150.97129999999999;154.82396521255404;147.11863478744593;155.376;148.592;151.984;25.079938746083748;36.03294435203587;12.66677955705672;5.106000000000023;0.09231149183354315
2023-06-21;102866;155.888;154.438;155.909;154.28;142.71191333333334;13.176086666666665;116895.87333333334;0.8799797380927608;0.9552304533944732;155.15050000000005;75.43105904934147;1.6558956287740045;1.1447004314352593;0.5111951973387452;99.7113798790546;93.90029583820017;151.26985;155.6400878550857;146.89961214491427;155.909;148.592;152.2505;26.965418469673068;35.71198453950184;11.439815278968076;5.920999999999992;0.10407491405610864
2023-06-22;101217;156.78;155.864;156.929;155.609;142.78249000000002;13.997509999999975;116788.86666666668;0.8666665144450812;0.5722056861336311;156.65000000000003;77.58599252343164;1.841768796573632;1.2841141044629338;0.5576546921106982;98.20395371263258;94.55377904802837;151.59935000000002;156.54948467594815;146.64921532405188;156.929;148.592;152.7605;29.137928213711575;38.95124270250831;10.548192257128818;6.983000000000004;0.11706797578250204
2023-06-23;109224;156.52;156.786;156.825;155.053;142.84628;13.673720000000005;116660.57333333332;0.936254613526592;-0.1658374792703143;156.65000000000003;75.50711695176219;1.9456663634072697;1.4164245562518012;0.5292418071554685;95.0699132111862;97.66174893429111;151.88625;157.26059032696332;146.51190967303666;156.929;148.592;152.7605;30.405866774585892;35.006771488583404;12.657458327165234;6.711000000000013;0.12973335286742677
2023-06-26;98796;156.494;156.466;156.723;155.749;142.91150000000002;13.582499999999982;116538.88;0.8477514113743972;-0.0166112956810682;157.20350000000002;75.28986365783945;2.0028206808591733;1.5337037811732757;0.46911689968589765;94.75650916104144;96.01012536162006;152.19135;157.87561822995048;146.50708177004952;156.929;148.592;152.7605;31.58323829539776;33.026993735326485;11.941626693931914;6.3089999999999975;0.14132479848676396
2023-06-27;98579;157.913;156.487;157.939;156.39;142.98181000000002;14.931189999999988;116494.41;0.8462122774817395;0.906744028525064;157.20350000000002;78.86416822558174;2.1379721183971583;1.654557448618052;0.4834146697791062;99.6886600407139;96.5050274709805;152.5846;158.6936906819284;146.4755093180716;157.939;148.592;153.2655;33.22519624519453;37.0427359959454;10.887108503757318;6.564999999999998;0.15324942819285373
2023-06-28;103209;157.663;157.906;157.999;157.229;143.05096333333333;14.612036666666684;116504.63333333332;0.8858789307091175;-0.1583150215625051;157.47250000000005;76.75757843028228;2.199552622241498;1.7635564833427415;0.43599613889875655;95.98518341498405;96.81011753891312;153.02125;159.269861457758;146.77263854224202;157.999;148.62;153.3095;34.77462019539425;35.722388281618386;10.395672290077949;5.942000000000007;0.1642313298063005
2023-06-29;104683;157.282;157.646;157.918;157.243;143.1183166666667;14.163683333333324;116539.24333333332;0.8982639410191613;-0.2416546685018006;157.47250000000005;73.5338588551583;2.1923401665954145;1.8493132199932762;0.3430269466021383;91.39565582623324;95.68983309397704;153.41635;159.69327495653917;147.13942504346082;157.999;148.633;153.316;36.21337100629399;34.26233310274827;9.970777542131458;3.7430000000000234;0.1732694211779434
2023-06-30;98659;157.423;157.189;157.88;156.688;143.18572999999998;14.237270000000024;116431.72333333331;0.8473549748769059;0.0896478935924038;157.64900000000003;73.9695675186788;2.172953311982724;1.9140412383911658;0.258912073591558;92.77108433734946;93.38397452618891;153.79405000000003;160.08078748378477;147.50731251621528;157.999;148.633;153.316;36.712457071325346;31.791217258349057;12.609745593692438;2.1899999999999977;0.18044224454644156
2023-07-03;88849;157.875;157.416;157.955;157.258;143.25314333333333;14.621856666666671;116248.00666666668;0.7643055786303578;0.2871244989613997;157.64900000000003;75.36942592890449;2.1690581602265127;1.9650446227582352;0.20401353746827744;98.24834016103976;94.13836010820746;154.21155000000002;160.41733086867595;148.0057691313241;157.999;148.633;153.316;37.220062909126575;30.877558586251812;12.061930251271601;2.8009999999999877;0.18627244414878025
2023-07-04;64899;157.174;157.733;157.909;157.133;143.31838;13.855620000000016;116067.89666666668;0.5591468602759012;-0.444022169437841;157.089;69.15776234914647;2.0853675637197853;1.9891092109505453;0.09625835276924;87.1595330739301;92.7263191907731;154.60490000000001;160.50719778645777;148.70260221354226;157.999;148.633;153.316;37.49452441926558;29.348823646175504;12.262261712753087;2.7609999999999957;0.18966583830963601
2023-07-05;94059;157.004;157.136;157.721;156.783;143.38390666666666;13.62009333333333;115933.03333333334;0.8113218234319055;-0.1081603827605137;157.089;67.70055768652858;1.9824718819698148;1.9877817451543993;-0.005309863184584485;79.72697636511803;88.37828320002929;154.95675;160.54164376353967;149.37185623646033;157.999;149.588;153.7935;37.19888530887543;27.571850161486637;13.779026656478486;1.1159999999999854;0.19068276548428123
2023-07-06;107958;156.914;157.006;157.126;155.84;143.45145666666667;13.462543333333317;115877.81;0.9316537825489684;-0.0573233802960482;156.3745;66.89691320016942;1.8720838477558175;1.964642165674683;-0.0925583179188656;72.54554655870425;79.81068533258411;155.3126;160.42396801257982;150.2012319874202;157.999;149.63;153.8145;35.62096656205858;25.309324008058905;18.665584744016257;0.13399999999998613;0.18957095234106025
2023-07-07;101423;155.835;156.854;156.936;155.382;143.52695333333335;12.308046666666655;115709.69;0.8765298740320818;-0.6876378143441553;156.3745;58.00667648287736;1.678189133226283;1.9073515591850032;-0.22916242595872016;45.24291497975738;65.8384793011932;155.6139;160.05907873206735;151.16872126793265;157.999;149.666;153.83249999999998;33.60660894419653;22.867364074665968;19.708269156628102;-0.6850000000000023;0.1853230998731608
2023-07-10;98800;155.47;155.732;156.672;155.325;143.59679000000003;11.873209999999972;115636.89;0.8543986265973726;-0.2342220938813533;154.98600000000002;55.3280702659199;1.4780358482447014;1.8214884169969427;-0.3434525687522414;31.99784888410862;49.928770140856734;155.87815;159.56459165965282;152.1917083403472;157.999;150.031;154.015;31.66805833587994;20.97796934585103;18.42952586921664;-1.024000000000001;0.1783353492818658
2023-07-11;99885;154.502;155.456;155.669;154.176;143.66262333333336;10.839376666666652;115638.46333333332;0.8637696932383833;-0.6226281597735861;154.98600000000002;48.881318112467135;1.2271575098888547;1.7026222355753253;-0.4754647256864706;8.527334554015725;28.589366139293897;156.03585;159.16069894195283;152.9110010580472;157.999;150.92;154.4595;30.17229358961418;19.09476358451205;23.68376710405934;-3.4110000000000014;0.1682362446174184
2023-07-12;111645;154.189;154.523;154.524;153.432;143.72169333333335;10.467306666666644;115652.97;0.9653448588478994;-0.2025863742864286;154.5855;46.97533520231441;0.9916470452523356;1.5604271975107276;-0.568780152258392;16.575432450186202;19.033538629436837;156.15925;158.7404039183132;153.57809608168677;157.999;151.574;154.7865;29.428801534655776;17.833737116442823;26.619138972027574;-3.474000000000018;0.1557746326529377
2023-07-13;108276;154.982;154.069;155.126;153.878;143.79113666666666;11.19086333333334;115668.98333333334;0.9360849977211464;0.5143038738172123;154.5855;52.07404615269568;0.859088737685255;1.420159505545633;-0.5610707678603781;33.93912853076437;19.680631844988753;156.23139999999998;158.58630436324356;153.8764956367564;157.999;153.091;155.54500000000002;28.045060555406685;20.11918288814879;24.618161652806968;-2.3000000000000114;0.1429874486363764
2023-07-14;112079;155.807;154.974;156.13;154.172;143.85954666666666;11.947453333333328;115555.48333333334;0.9699150292737324;0.532319882308907;155.84700000000004;56.73509505012753;0.8112542945750363;1.2983784633515139;-0.4871241687764776;52.00350339391277;34.17268812495444;156.26010000000002;158.57935469925658;153.94084530074346;157.999;153.432;155.7155;26.32248144014368;23.6304864894735;21.843822296690604;-1.6160000000000139;0.13130862251950248
2023-07-17;93897;155.887;155.71;156.339;155.094;143.92887;11.958130000000011;115465.98666666666;0.8132005165387683;0.0513455749741709;155.84700000000004;57.170086591507534;0.7709138699778464;1.1928855446767803;-0.42197167469893393;53.75520035033958;46.56594409167223;156.30075;158.56322801094808;154.0382719890519;157.999;153.432;155.7155;24.913017185003934;23.14022331371749;20.278910282408788;-1.9879999999999995;0.1207188634640596
2023-07-18;110155;155.884;155.859;156.141;154.871;143.99267666666665;11.891323333333332;115468.07666666666;0.953986618465864;-0.0019244709308807;156.17450000000002;57.1468830883733;0.7302834647238683;1.100365128686198;-0.37008166396232967;54.21180632323645;53.32350335582959;156.3743;158.47648563405414;154.27211436594587;157.999;153.432;155.7155;23.369383766621695;21.451934275969258;20.080472194932437;-1.2900000000000205;0.11107334034833542
2023-07-19;108942;156.465;155.871;157.202;155.758;144.06027333333333;12.404726666666676;115421.44;0.9438627693432916;0.3727130430320136;156.17450000000002;60.49127584073381;0.7364757857958466;1.0275872601081277;-0.2911114743122811;67.05726287862036;58.341423184065455;156.40315;158.4936530279872;154.31264697201283;157.999;153.432;155.7155;22.87866058592575;25.71845207544625;18.43367772162449;-0.5389999999999873;0.10299437550083362
2023-07-20;108250;155.89;156.196;156.618;155.866;144.1268;11.763199999999983;115385.70666666668;0.9381577937786514;-0.3674943278049514;156.837;55.846080798159086;0.6870654870824922;0.9594829055030006;-0.2724174184205085;54.34446164050376;58.53784361412017;156.35864999999998;158.45305762747452;154.26424237252544;157.999;153.432;155.7155;22.422989060993803;24.58757224227222;17.623120603899785;-1.024000000000001;0.09537914938435746
2023-07-21;104082;157.784;155.888;158.047;155.583;144.19825000000003;13.585749999999962;115384.11666666668;0.9020478988513958;1.214959266149207;156.837;65.29872745398893;0.7916122275539976;0.9259087699132001;-0.13429654235920252;94.30119176598039;71.90097209503483;156.42185;158.6062684832636;154.23743151673642;158.047;153.432;155.7395;23.047922650259615;29.074838536579783;15.256002481488645;1.9489999999999839;0.09061359310317083
2023-07-24;102144;156.534;157.5;157.782;156.239;144.26533333333333;12.26866666666666;115385.39333333333;0.8852420315014266;-0.7922222785580302;156.15;56.6750793907249;0.7647857452732296;0.8936841649852061;-0.12889841971197646;67.21560130010829;71.95375156886415;156.42385000000002;158.60860227658048;154.23909772341955;158.047;153.432;155.7395;23.628218126006438;26.657032884983668;13.987343707198278;1.063999999999993;0.08619633092750377
2023-07-25;97460;155.766;156.497;156.886;155.61;144.326;11.439999999999998;115469.02333333332;0.8440358910687784;-0.4906282341216594;156.15;52.120668837658;0.6737873817167781;0.8497048083315206;-0.17591742661474252;50.574214517876456;70.69700252798837;156.31650000000002;158.4069751134667;154.22602488653334;158.047;153.432;155.7395;23.395778148223776;24.82119771817509;16.418913382931596;1.2639999999999816;0.0810622972026479
2023-07-26;107884;155.475;155.808;155.988;155.145;144.38385333333332;11.091146666666674;115406.56333333334;0.9348168499601278;-0.1868186895728207;154.282;50.46583661216554;0.5716002036402017;0.7940838873932569;-0.22248368375305516;44.268689057421504;54.019501625135405;156.20710000000003;158.23224808348024;154.1819519165198;158.047;153.432;155.7395;22.651099933271148;23.66180305744581;18.228510748983652;1.2860000000000014;0.0751450023762188
2023-07-27;129094;153.089;155.461;156.231;152.189;144.43197999999998;8.657020000000017;115456.29333333332;1.118120080533697;-1.534651873291526;154.282;39.41554658834186;0.29468887946461564;0.6942048858075287;-0.39951600634291307;15.363605326049933;36.73550296711595;155.99745000000001;158.37207413657902;153.622825863421;158.047;152.189;155.118;22.497698763572256;19.063781256942622;28.897518457940595;-1.8930000000000007;0.06580242020280684
2023-07-28;147084;155.496;153.001;155.601;151.409;144.48492666666667;11.011073333333345;115631.76;1.2720034703267276;1.5722880154681371;155.96650000000005;51.0580809411153;0.2663886809855853;0.6086416448431401;-0.34225296385755477;61.56974992467632;40.40068143604924;155.90109999999999;158.19141839708448;153.6107816029155;158.047;151.409;154.728;22.796241671343328;15.66409945319992;27.062366812991893;-0.3109999999999786;0.0574823180688993
2023-07-31;110636;156.437;155.273;157.281;155.107;144.53900000000002;11.897999999999996;115703.12333333334;0.956205820660996;0.605160261357196;155.96650000000005;54.721421813050846;0.3162459194309406;0.5501624997607002;-0.2339165803297596;75.74570653811413;50.89302059628011;155.8292;157.95124180920726;153.7071581907927;158.047;151.409;154.728;21.692303346850995;21.24480494263206;24.61113791548901;0.5500000000000114;0.05127805188846703
2023-08-01;101972;157.432;156.434;157.49;156.326;144.59356333333335;12.838436666666638;115723.58666666668;0.8811686790672508;0.636038788777582;157.1045;58.27760185874119;0.4310771356553005;0.5263454269396203;-0.0952682912843198;90.73516119313034;76.01687255197358;155.8421;157.9995271621595;153.68467283784048;158.047;151.409;154.728;20.51356506600789;21.08153217015204;23.38956776594891;1.5480000000000018;0.047908613999439506
2023-08-02;118535;156.777;157.43;157.496;156.251;144.6428966666667;12.134103333333286;115717.7;1.024346318670262;-0.4160526449514701;157.1045;55.203887374805646;0.4638813405529447;0.5138526096622852;-0.049971269109340466;80.86773124435057;82.449532991865;155.83075;157.96588042927678;153.6956195707232;158.047;151.409;154.728;19.471067203927685;19.94142925980608;22.45043182931317;0.3119999999999834;0.04566109121165532
2023-08-03;127261;156.041;156.755;157.234;155.531;144.68343000000002;11.35756999999998;115737.36333333331;1.0995671262483029;-0.4694566167231073;156.05;51.89194337619213;0.4255839929308536;0.4961988863159989;-0.07061489338514532;69.78005423320279;80.46098222356122;155.7871;157.8668393009759;153.70736069902412;158.047;151.409;154.728;18.997662360638547;18.470001976059397;23.913482116848385;0.15100000000001046;0.04324482249172446
2023-08-04;117914;156.059;156.025;156.628;155.9;144.72807;11.330929999999997;115689.02;1.019232421538274;0.0115354297908876;156.05;51.96784041139745;0.3921648859000868;0.4753920862328165;-0.08322720033272968;70.0512202470624;73.56633524153858;155.79829999999998;157.8813604504007;153.71523954959926;158.047;151.409;154.728;18.558072149012922;17.863205119523943;23.127850052697614;-1.7249999999999943;0.04075775127726219
2023-08-07;97761;156.767;155.99;156.85;155.801;144.77954333333335;11.987456666666644;115575.91;0.8458596605468349;0.4536745717965695;156.93300000000002;54.976621005282894;0.4179913418059016;0.4639119373474335;-0.04592059554153194;80.71708345887315;73.5161193130461;155.86315;157.98174352166092;153.74455647833906;158.047;151.409;154.728;17.943172566086677;18.02327109934483;22.005971811545063;0.2330000000000041;0.03914090270116935
2023-08-08;109336;157.099;156.77;157.743;156.34;144.83688666666666;12.262113333333332;115429.76;0.9472080683524816;0.2117792647687189;156.93300000000002;56.35719771884276;0.4599466409707702;0.4631188780721009;-0.0031722371013306883;85.71858993672782;78.82896454755445;155.993;158.08008255706946;153.90591744293053;158.047;151.409;154.728;16.736090049118786;21.002885630294923;20.5688693049939;1.3329999999999984;0.038516256219557427
2023-08-09;99206;157.74;157.076;157.893;156.909;144.89230333333333;12.847696666666678;115268.40666666666;0.8606521324344791;0.4080229664097379;158.34550000000004;58.97295433326804;0.5387099478267601;0.4782370920230328;0.0604728558037273;95.3751129858393;87.27026212714674;156.17055;158.21733679642594;154.12376320357404;158.047;151.409;154.728;15.740800699135685;20.73217519801875;19.601995932377072;2.265000000000015;0.039311816807730764
2023-08-10;109850;158.951;157.742;159.206;157.61;144.95611333333335;13.994886666666645;115119.75333333333;0.9542237263305794;0.7677190313173377;158.34550000000004;63.43213533935852;0.6908839352743144;0.5207664606732891;0.17011747460102522;96.72951135051949;92.60773809102885;156.369;158.6701859551161;154.0678140448839;159.206;151.409;155.3075;15.81252072142439;25.40135463604899;18.1146512325372;5.861999999999995;0.04246636214724443
2023-08-11;99222;158.687;158.953;159.22;158.48;145.01999666666669;13.667003333333328;114891.69333333331;0.8636133485483607;-0.1660889204849192;158.71450000000002;61.85381265516059;0.7811754190548754;0.5728482523496065;0.20832716670526896;93.17628984765092;95.09363806133655;156.51299999999998;159.00778832769905;154.0182116723009;159.22;151.409;155.3145;15.888897241437986;24.543156998734936;17.453387678464864;3.1910000000000025;0.046646796486400695
2023-08-14;104821;158.742;158.564;158.834;158.187;145.07708333333332;13.66491666666667;114702.07666666666;0.9138544222229648;0.0346594238973541;158.71450000000002;62.06558211894698;0.8474017904606796;0.6277589599718211;0.21964283048885858;93.88042504160788;94.59540874659274;156.65575;159.31239667391498;153.99910332608505;159.22;151.409;155.3145;15.661441583063809;23.727597552966685;18.37825227263123;2.3049999999999784;0.05130875345324212
2023-08-15;103663;158.753;158.714;159.33;158.531;145.13293333333334;13.620066666666643;114645.44333333331;0.9042051475049842;0.0069294830605581;158.98350000000002;62.11088661682812;0.8905090411010121;0.6803089761976593;0.21020006490335286;92.7155662163865;93.25742703521509;156.79919999999998;159.58057229439413;154.01782770560584;159.33;151.409;155.36950000000002;15.831646149440644;25.35066665347819;17.60043809223649;1.320999999999998;0.056002450607126095
2023-08-16;109603;159.214;158.688;159.255;158.627;145.18376333333333;14.030236666666667;114575.21333333332;0.9566030628380569;0.290388213136139;158.98350000000002;64.04871468750034;0.9509092056642032;0.734429022090968;0.21648018357323517;98.53553844211572;95.04384323337001;156.93665;159.90386682895323;153.96943317104675;159.33;151.409;155.36950000000002;15.989693246790562;24.473922699504126;16.991733086739288;2.437000000000012;0.06098020939546507
2023-08-17;112761;158.575;159.188;159.298;158.253;145.23246333333333;13.34253666666666;114444.59333333334;0.9852890094297464;-0.401346615247411;158.305;59.5057015204913;0.9364203407987475;0.774827285832524;0.16159305496622345;82.12171442102719;91.1242730265098;157.0709;160.0792261724792;154.0625738275208;159.33;151.409;155.36950000000002;15.708319820174244;23.045642096929814;18.088755766644145;2.533999999999992;0.06500982109143197
2023-08-18;109930;158.035;158.54;158.582;157.654;145.28593666666666;12.74906333333334;114256.23666666666;0.9621356628496548;-0.3405328708812827;158.305;55.89740040550193;0.8713202860944875;0.7941258858849167;0.0771944002095708;65.91208212687513;82.189778330006;157.08345;160.1056332820038;154.0612667179962;159.33;151.409;155.36950000000002;14.802541653250339;21.827414007234836;20.544631891914037;1.975999999999999;0.06742535554877813
2023-08-21;97506;159.326;157.882;159.393;157.792;145.34133333333332;13.98466666666667;114127.66;0.85435905721708;0.8169076470402103;158.77300000000002;61.85295559690119;0.9133721488065873;0.8179751384692509;0.0953970103373365;98.26514759192109;82.0996480466078;157.22305;160.38549623511977;154.06060376488023;159.393;151.409;155.401;14.689283478347166;24.40552903006189;18.707333388392826;2.5589999999999975;0.0701385624675714
2023-08-22;97007;158.22;159.301;159.492;158.086;145.39090333333334;12.829096666666658;114033.09333333334;0.8506916471732255;-0.694174208854792;158.77300000000002;55.00061168135024;0.847682045247069;0.8239165198248145;0.02376552542225452;67.88689724816975;77.35470898898863;157.34575;160.46264395873894;154.22885604126108;159.492;151.409;155.45049999999998;14.668575347137322;23.05141341627028;17.248482445964118;1.1210000000000093;0.07141062249321763
2023-08-23;102217;157.355;158.22;158.368;156.868;145.43791333333334;11.917086666666648;113957.11;0.8969778191109886;-0.5467071166729953;157.50850000000003;50.3065489975646;0.717552396643498;0.8026436951885513;-0.08509129854505326;42.102411270658386;69.4181520369164;157.43974999999998;160.43637475962927;154.44312524037068;159.492;151.409;155.45049999999998;13.84186616478166;21.15592283673811;22.507140424173105;-0.3850000000000193;0.07044225223693376
2023-08-24;99955;157.662;157.248;158.046;157.111;145.48811333333333;12.173886666666675;113815.16666666669;0.8782221467261208;0.1951002510247601;157.50850000000003;51.87635796061176;0.6319117614510219;0.7684973084410454;-0.13658554699002345;50.41994039555723;53.46974963812844;157.6684;159.90328490979363;155.43351509020636;159.492;151.409;155.45049999999998;13.074207638308547;20.049230712501114;21.329764460063714;-1.2889999999999873;0.06826303710344794
2023-08-25;104447;158.076;157.64;158.246;157.23;145.54080333333334;12.53519666666665;113711.96333333332;0.9185225277820298;0.2625870533165875;158.3115;53.9872800391328;0.5906387650871068;0.7329255997702577;-0.14228683468315095;55.07614213197961;49.19949793273173;157.79739999999998;159.801772659967;155.79302734003295;159.492;155.107;157.2995;12.153000305569389;20.028222570447596;20.099370791817115;-0.6110000000000184;0.06575101074348193
2023-08-28;82165;158.547;158.014;158.565;157.909;145.59928333333332;12.94771666666668;113526.93;0.7237489818494411;0.2979579442799585;158.3115;56.3340056766405;0.5891440953992912;0.7041692988960644;-0.11502520349677314;63.986280487805075;56.49412100511395;157.9029;159.83039349156442;155.97540650843555;159.492;155.531;157.5115;11.603948756010814;21.13112465595554;19.324273845391893;-0.19499999999999318;0.06358289355994236
2023-08-29;99340;158.704;158.512;159.054;158.244;145.65699;13.04701;113533.93;0.8749807216220847;0.0990242640983574;159.2255;57.11908206088342;0.5937833815937381;0.6820921154355992;-0.08830873384186111;69.96951219512256;63.0106449383024;157.9665;159.91150750641825;156.02149249358175;159.492;155.531;157.5115;11.579171865753223;23.045125363053;18.381679941487228;-0.04899999999997817;0.06180858667533682
2023-08-30;102008;159.747;158.711;159.763;158.523;145.72464333333332;14.022356666666695;113385.62666666666;0.8996554766141229;0.6571983062808817;159.2255;62.00617817914702;0.6738536669985535;0.6804444257481901;-0.006590758749636549;99.44732297063933;77.80103855118898;158.115;160.12644206976572;156.1035579302343;159.763;155.531;157.647;12.189423594759281;25.585613898591063;17.013519712745584;0.5330000000000155;0.06155095132300485
2023-08-31;99242;157.814;159.705;159.738;157.613;145.78938333333332;12.024616666666674;113188.66333333332;0.8767839205568665;-1.210038373177602;157.62900000000002;50.51554245100888;0.5747081223214536;0.6592971650628427;-0.08458904274138912;32.677029360967;67.36462150890962;158.20364999999998;159.98474205546015;156.42255794453982;159.763;155.801;157.78199999999998;11.715023795321388;22.48403126972623;20.12041078473609;-0.7609999999999957;0.059790887042969726
2023-09-01;91996;157.444;157.8;157.967;157.05;145.85360333333333;11.590396666666663;113055.94;0.8137210658722741;-0.2344532170783342;157.62900000000002;48.65684958325507;0.4609649392003803;0.6196307198903503;-0.15866578068997006;19.89637305699452;50.67357512953361;158.2729;159.80541935061953;156.74038064938046;159.763;155.801;157.78199999999998;11.04584836442965;21.2897212055539;22.312885928313744;-0.5910000000000082;0.056524876495225015
2023-09-04;64337;158.152;157.336;158.246;157.328;145.91873333333334;12.233266666666651;112799.00666666668;0.5703684979258472;0.4496836970605322;158.27;52.27545032307442;0.4230753804679068;0.5803196520058617;-0.15724427153795484;44.35233160621718;32.30857800805955;158.34215;159.71284679726162;156.9714532027384;159.763;156.34;158.0515;10.369853163242166;21.78275202753545;21.104314848624018;-1.1740000000000066;0.05316245351073642
2023-09-05;92888;158.388;158.082;158.501;157.799;145.98678666666666;12.401213333333343;112699.30333333332;0.8242109512004239;0.1492235317922086;158.27;53.45309002424542;0.4073946677234801;0.5457346551493854;-0.13833998742590525;52.50431778929205;38.917674150834564;158.4066;159.6530070603231;157.1601929396769;159.763;156.868;158.3155;9.998068791606531;22.403718450757353;20.203129317203768;0.16800000000000637;0.05006959695574053
2023-09-06;90976;158.38;158.381;158.464;157.767;146.0569;12.323099999999982;112562.97333333331;0.8082231421746848;-0.005050887693514;157.95750000000004;53.404982274634555;0.38982835810637084;0.5145533957407825;-0.12472503763441167;52.22797927461123;49.69487622337348;158.4386;159.64719627668768;157.23000372331234;159.763;156.868;158.3155;9.61606378608022;21.425460325053937;19.521430431360173;1.0250000000000057;0.04718225014292451
2023-09-07;86263;157.535;158.329;158.526;157.358;146.12124333333333;11.413756666666671;112387.71;0.7675483378030598;-0.5335269604748061;157.95750000000004;48.44538883129911;0.3042156840974428;0.4724858534121146;-0.16827016931467176;23.039723661485294;42.59067357512951;158.3678;159.6133690426561;157.12223095734387;159.763;156.868;158.3155;9.06898781215174;19.860450056005888;20.653304289761333;-0.12700000000000955;0.04341562833893145
2023-09-08;93096;158.11;157.533;158.389;157.0;146.18412666666669;11.925873333333328;112222.64666666668;0.829565179268258;0.3649982543561858;157.84250000000003;51.73037854508221;0.2795423277189286;0.43389714827347736;-0.15435482055454874;42.90155440414557;39.389752446747345;158.33895;159.5803312428192;157.09756875718082;159.763;156.868;158.3155;8.954350155390223;18.161492060628426;21.091347823679676;0.034000000000020236;0.03985183317541677
2023-09-11;109157;157.575;157.431;157.729;156.579;146.24361;11.33139;112204.85333333332;0.9728367067662516;-0.3383720194801265;157.84250000000003;48.6257917576968;0.21434762026891008;0.38998724267256396;-0.17563962240365388;31.281407035175302;32.40756170026871;158.2806;159.5501048483654;157.01109515163458;159.763;156.579;158.171;9.286860910345288;16.487315935607853;21.681964422593357;-0.9720000000000084;0.0358359077317942
2023-09-12;90009;158.18;157.546;158.288;157.178;146.30382333333333;11.87617666666668;112143.69;0.8026220646029391;0.3839441535776755;158.20700000000002;52.124875532880004;0.20908854610985372;0.3538075033600219;-0.1447189572501682;50.282663316582926;41.488541585301256;158.25195000000002;159.5032497203002;157.00065027969984;159.763;156.579;158.171;8.891829586411802;18.761636284690617;20.22618346957221;-0.5240000000000009;0.0323705371507376
2023-09-13;95418;158.234;158.152;158.65;158.005;146.36027;11.873730000000023;112067.15;0.8514359471084211;0.0341383234290004;158.20700000000002;52.43626806290199;0.20689310571620467;0.3244246238312585;-0.1175315181150538;51.97864321608048;44.51423785594622;158.20295000000002;159.37389124106352;157.0320087589365;159.763;156.579;158.171;8.411072716941904;20.268170416097153;19.410619157625295;-1.5130000000000052;0.02942637735607618
2023-09-14;97223;156.964;158.209;158.389;156.636;146.41421333333332;10.549786666666677;112046.33666666668;0.867703513495723;-0.80260879457007;157.28850000000003;45.01980954539012;0.10150473383268377;0.27984064583154356;-0.1783359119988598;12.091708542713292;38.11767169179222;158.1224;159.39694515809498;156.84785484190502;159.763;156.579;158.171;9.031414033507629;18.128649184198125;25.60534829462477;-0.8499999999999943;0.025326895602513753
2023-09-15;89668;157.613;156.947;157.902;156.719;146.47133333333335;11.141666666666652;111930.38;0.8011051155190574;0.4134706047246528;157.28850000000003;48.99029210510051;0.06955082727054673;0.2377826821193442;-0.16823185484879746;32.474874371859066;32.18174204355093;158.10129999999998;159.3947660567728;156.80783394322717;159.763;156.579;158.171;9.607445256032944;16.836973197184477;23.78095348201422;0.16900000000001114;0.02138518893487846
2023-09-18;73802;157.82;157.399;157.937;157.347;146.53411333333335;11.285886666666642;111773.33666666668;0.660282695327309;0.1313343442482573;157.86600000000004;50.22498454342247;0.06023593378429837;0.20227333245233503;-0.14203739866803666;38.976130653265905;27.847571189279407;158.026;159.1948549952939;156.85714500470613;159.763;156.579;158.171;10.095844414038902;16.435046397270884;22.904437727827663;-0.33199999999999363;0.017933258034984616
2023-09-19;80558;157.912;157.798;158.279;157.65;146.59498;11.317020000000014;111670.18;0.7213922284354946;0.0582942592827429;157.86600000000004;50.79503986125191;0.05959052226333483;0.173736770414535;-0.11414624815120017;42.19689775245337;37.88263425919276;158.0106;159.17693844145833;156.8442615585417;159.763;156.579;158.171;10.089770725080001;17.975244823096308;21.97454331506579;-0.4759999999999991;0.015036538864427918
2023-09-20;88959;158.15;157.853;158.449;157.626;146.66034;11.489660000000017;111635.02;0.7968735975502313;0.1507168549572002;157.73250000000002;52.31645572246386;0.07739151868122462;0.15446772006787293;-0.07707620138664831;75.85707387735391;52.34336742769105;158.05035;159.17815730181331;156.9225426981867;159.763;156.579;158.171;9.858379616302328;18.12031131748917;20.785472349397317;-0.22999999999998977;0.012901331787457584
2023-09-21;97183;157.315;157.991;158.079;157.031;146.72031333333334;10.59468666666666;111618.55666666669;0.870670638487244;-0.5279797660448948;157.73250000000002;46.84394389091292;0.023846527057855837;0.12834348146586952;-0.10449695440801368;35.53838725253456;51.197452960780595;158.033;159.19434835429487;156.8716516457051;159.763;156.579;158.171;10.293611472997148;16.78999925733001;23.163180989624603;-0.21999999999999886;0.010309137334557555
2023-09-22;95287;157.934;157.332;158.28;157.116;146.79054666666667;11.143453333333326;111511.50333333333;0.8545037700295087;0.3934780535867599;157.81950000000003;50.940860971004746;0.031002484879337544;0.10887528214856314;-0.0778727972692256;65.4273297923704;58.94093030741961;158.0259;159.18784610891532;156.8639538910847;159.763;156.579;158.171;10.413461986709805;16.82632687907705;21.402952154007952;-0.17600000000001614;0.008268323167814303
2023-09-25;84995;157.705;157.87;158.18;157.483;146.86210666666665;10.842893333333365;111359.20666666668;0.7632507678903397;-0.1449972773436947;157.81950000000003;49.42323378492268;0.01798789360125852;0.09069780443910222;-0.0727099108378437;54.369869628199226;51.77852889103472;157.9838;159.12805322373305;156.83954677626696;159.763;156.579;158.171;10.524751749442988;16.04028188220107;20.403109254251046;0.13000000000002387;0.006384941526108552
2023-09-26;91376;157.579;157.707;157.924;157.319;146.93724666666668;10.641753333333329;111281.05333333332;0.8211281009920208;-0.0798960083700617;157.37250000000003;48.56589987201302;-0.002464995788699298;0.07206524439354192;-0.07453024018224122;48.285852245292176;56.027683888620594;157.92755000000002;159.0346607397291;156.82043926027094;159.763;156.579;158.171;10.825902125696455;15.369139124464407;20.683625627176045;-0.6009999999999991;0.004519563875628794
2023-09-27;93185;157.166;157.538;157.618;156.955;147.00991666666667;10.156083333333328;111103.02333333332;0.8387260508691673;-0.2620907608247402;157.37250000000003;45.76366925922876;-0.05140711715364432;0.04737077208410467;-0.098777889237749;28.343795267985982;43.66650571382578;157.7985;158.58143716224455;157.01556283775543;159.738;156.579;158.1585;11.53145417275948;14.645931894034334;22.293796971095244;-1.068000000000012;0.0022265647314004687
2023-09-28;101025;157.751;157.118;157.869;156.706;147.08205666666666;10.668943333333344;110976.83333333331;0.9103251279170058;0.3722179097260358;157.83700000000002;50.15117647652971;-0.04249958127542186;0.02939670141219937;-0.07189628268762123;56.59101883148229;44.406888781586794;157.79535;158.57851927290565;157.01218072709437;158.65;156.579;157.61450000000002;11.76094500625952;15.212170828676058;20.473831255927255;0.7870000000000061;0.000465090491223521
2023-09-29;102491;157.923;157.741;158.337;157.398;147.15448666666666;10.768513333333344;110925.92;0.9239589809125835;0.1090325893338128;157.83700000000002;51.396137042147814;-0.021315619191057067;0.01925423729154808;-0.04056985648260515;63.90268123138033;49.61249844361618;157.8193;158.58717319267151;157.05142680732848;158.65;156.579;157.61450000000002;11.234806498116495;17.507240781176044;19.116872727886285;0.3100000000000023;-0.0006527982071230482
2023-10-02;98013;157.021;157.935;158.475;156.999;147.21985999999998;9.801140000000004;110892.13;0.8838589357061782;-0.5711644282340278;156.50600000000003;45.04296742490652;-0.07643000081509399;0.00011738967021966695;-0.07654739048531366;19.11618669314742;46.53662891867;157.76275;158.58867756947785;156.93682243052217;158.65;156.579;157.61450000000002;11.268515459968793;15.741163390745456;19.91537926737873;-0.7990000000000066;-0.002406300986694857
2023-10-03;101080;155.991;157.007;157.211;154.381;147.28097333333335;8.710026666666664;110887.76333333334;0.911552338702514;-0.6559632151113326;156.50600000000003;39.09942088937461;-0.200905029143712;-0.040087094092566666;-0.16081793505114533;39.3258426966296;40.78157020705243;157.6429;158.7265661663186;156.5592338336814;158.65;154.381;156.5155;13.512324931136598;13.027593632395499;32.429537104114594;-1.9209999999999923;-0.005780102997260913
2023-10-04;105484;156.631;155.868;156.766;155.823;147.34297;9.288029999999992;110948.99333333332;0.9507431913607012;0.4102800802610273;156.65400000000002;44.04048038859747;-0.24508455243088179;-0.0810865857602297;-0.16399796667065208;54.95847581827072;37.800168402682566;157.55545;158.66894332733688;156.44195667266314;158.65;154.381;156.5155;15.59586229722099;12.268647762073808;30.540296162456045;-1.5190000000000055;-0.00929165707082026
2023-10-05;105157;156.677;156.623;156.788;156.086;147.40903;9.267969999999991;110932.10666666667;0.9479401695306352;0.0293683881223971;156.65400000000002;44.38971423646661;-0.2732356370298703;-0.11951639601415782;-0.1537192410157125;56.082071323888506;50.12212994626293;157.51255;158.69015646653443;156.33494353346558;158.65;154.381;156.5155;17.49584865931507;11.861052514661392;29.177578311318765;-0.6380000000000052;-0.012670081417405027
2023-10-06;104866;157.922;156.332;158.26;156.327;147.47794666666667;10.44405333333333;110911.28;0.9454944528635008;0.794628439400813;157.42200000000005;52.9484978695654;-0.19286129434209442;-0.13418537567974514;-0.05867591866234928;86.49242794333175;65.84432502849698;157.50315;158.6644183195643;156.3418816804357;158.65;154.381;156.5155;17.257950514122218;19.373613137829715;25.76805430166787;-0.012000000000000455;-0.01424912210445191
2023-10-09;97010;156.922;157.287;157.701;156.507;147.54470666666666;9.37729333333334;110900.90333333334;0.8747449036407722;-0.6332239966565734;157.42200000000005;46.72769282645656;-0.2074641734973568;-0.14884113524326748;-0.05862303825408932;62.06643869076699;68.21364598599574;157.47050000000002;158.65826874854653;156.2827312514535;158.65;154.381;156.5155;17.037045093586;17.739455099890016;23.594527207905816;-0.7830000000000155;-0.015764621416764886
2023-10-10;105230;157.706;156.919;157.974;156.765;147.61897666666667;10.08702333333332;110952.12;0.9484271233392432;0.4996112718420598;158.05650000000003;51.53520178385166;-0.15399960105779087;-0.14987282840617216;-0.004126772651618704;81.21641426477757;76.59176029962542;157.4468;158.59526063930105;156.29833936069895;158.65;154.381;156.5155;16.500223871958244;18.088135097403114;21.895164120765127;0.12699999999998113;-0.01617135125909959
2023-10-11;100649;158.407;157.706;158.466;157.484;147.69192333333334;10.715076666666675;110969.81666666668;0.9069943794024856;0.4444979899306478;158.05650000000003;55.409947594909134;-0.054436194148649975;-0.13078550155466773;0.07634930740601775;98.33903273082599;80.5406285621235;157.45544999999998;158.6298105025816;156.28108949741838;158.475;154.381;156.428;15.429356615984178;19.985483557011452;20.59750847186986;1.2410000000000139;-0.014917940457960879
2023-10-12;96798;157.714;158.396;158.609;157.644;147.75937000000002;9.95462999999998;110942.77666666669;0.8725038520608321;-0.4374806668897335;157.44150000000002;51.06356603817319;-0.031092371708155042;-0.11084687558536518;0.07975450387721014;78.83159886471125;86.12901528677158;157.49295;158.64991265714315;156.33598734285687;158.609;154.381;156.495;14.3818755807284;19.68054186453419;19.3818620824133;-0.03700000000000614;-0.013434550033046585
2023-10-13;97668;157.169;157.688;158.045;157.046;147.82639333333336;9.342606666666654;110928.96;0.8804553833371483;-0.345562220221407;157.44150000000002;47.88255362052994;-0.055924506585768086;-0.09986240178544577;0.04393789519967768;65.94134342478726;81.03732500677482;157.47075;158.6346647520432;156.30683524795683;158.609;154.381;156.495;13.959235304622228;18.465538685513092;21.88082254389511;-0.7539999999999907;-0.012509464816219939
2023-10-16;84698;157.88;156.893;157.985;156.893;147.89457;9.985430000000008;110882.52333333332;0.7638534681013215;0.452379285991511;158.16000000000005;52.07683443012101;-0.018024617882076654;-0.08349484500477194;0.06547022712269529;82.75780510879821;75.8435824660989;157.47375;158.64155287293008;156.3059471270699;158.609;154.381;156.495;13.727730178339428;17.214484237250552;21.347635269150008;0.8590000000000089;-0.011093161686688603
2023-10-17;93466;158.44;157.871;158.619;157.152;147.96709333333334;10.47290666666666;110872.57666666666;0.8430037689210816;0.3546997719787281;158.16000000000005;55.13911726360728;0.05654680053686434;-0.055486515896444696;0.11203331643330904;95.77630957999051;81.49181937119198;157.50015000000002;158.72868201424455;156.27161798575548;158.619;154.381;156.5;12.76435871711411;19.53572278234065;19.44196984693511;2.448999999999984;-0.008692983792564914
2023-10-18;99021;157.948;158.36;158.545;157.688;148.03921333333335;9.908786666666655;110818.30666666669;0.893543702105456;-0.3105276445341975;158.22050000000002;51.9955160065687;0.07507942977636617;-0.029373326761882528;0.1044527565382487;84.16705993393128;87.56705820757333;157.49005000000002;158.70023006512412;156.27986993487593;158.619;154.381;156.5;11.869799503119173;18.49692320405804;18.40815552109732;1.3170000000000073;-0.0063290686576951746
2023-10-19;114706;158.493;157.93;158.931;157.682;148.11182333333332;10.381176666666676;110818.26666666666;1.0350820622832606;0.345050269709013;158.22050000000002;55.05247432202659;0.13221947342807994;0.0029452332761099667;0.12927424015196998;90.37362637362604;90.10566529584928;157.54895000000002;158.83180314437146;156.26609685562858;158.931;154.381;156.656;11.504610688335001;19.45268850140015;16.99018654836592;1.8160000000000025;-0.0034033647958618914
2023-10-20;99046;158.745;158.495;158.931;158.151;148.1871733333333;10.5578266666667;110802.95666666668;0.8938931142239772;0.1589975582517944;159.22700000000003;56.43395424010487;0.19558310337257012;0.041472807295402;0.1541102960771681;95.91208791208777;90.15092473988169;157.5895;158.96630405287885;156.21269594712112;158.931;154.381;156.656;11.165506788892557;18.494573539124335;16.153358675309963;0.8230000000000075;9.191850904032077e-05
2023-10-23;86829;159.709;158.642;159.777;158.507;148.26276333333334;11.446236666666664;110739.27333333332;0.7840849717211933;0.6072632208888429;159.22700000000003;61.33028687030423;0.3198983906125932;0.09715792395884024;0.22274046665375294;98.2802225594339;94.8553122817159;157.6897;159.34837936625001;156.03102063374996;159.777;154.381;157.079;11.799029836299042;22.319988111172044;14.86919808247183;2.787000000000006;0.005012751639422041
2023-10-24;91820;158.748;159.693;159.916;158.537;148.32970333333333;10.418296666666665;110687.68333333332;0.8295412573003083;-0.6017193771171381;158.73350000000002;54.72706397862251;0.3369898733150194;0.14512431383007607;0.19186555948494333;69.50391644908586;87.89874230686917;157.74814999999998;159.46835362458154;156.02794637541842;159.916;154.381;157.1485;12.527680003648204;21.27890305030988;13.604506779208267;1.0420000000000016;0.009476032467358477
2023-10-25;91270;158.719;158.75;158.94;158.408;148.39540333333335;10.323596666666646;110624.96;0.8250398463420168;-0.0182679466827928;158.73350000000002;54.53624328374915;0.34422690536598566;0.184944832137258;0.15928207322872767;66.64809139035934;78.14407679962635;157.82580000000002;159.57385967862186;156.07774032137817;159.916;154.381;157.1485;12.995362960753779;20.552635638236524;13.967782537790665;0.3119999999999834;0.013385872915999436
2023-10-26;104754;158.855;158.635;158.906;157.992;148.4593;10.395699999999977;110584.54;0.9472752701235684;0.0856860237274714;158.46800000000002;55.32298657974229;0.3568231338348369;0.21932049247677377;0.13750264135806312;68.876503373423;68.34283707095607;157.881;159.68495565356343;156.07704434643657;159.916;154.381;157.1485;12.775910184904351;19.331848482827986;15.841580635063538;1.1409999999999911;0.01689861344112391
2023-10-27;97696;158.081;158.726;158.886;157.884;148.52141333333333;9.55958666666666;110516.71333333332;0.8839929912259228;-0.4872367882660322;158.46800000000002;50.018038651884275;0.3008820235602059;0.2356327986934602;0.06524922486674567;41.76451920025383;59.09637132134538;157.8889;159.6949048615725;156.08289513842752;159.916;154.381;157.1485;12.406956654925562;18.06502200423005;15.509790497020019;0.9119999999999777;0.019002040568076778
2023-10-30;87904;158.204;157.93;158.928;157.697;148.58337333333336;9.620626666666652;110444.35;0.7959121494217861;0.0778082122456336;159.30850000000004;50.82502920891707;0.26343662920189104;0.2411935647951464;0.022243064406744645;43.367515712868304;51.33617942884837;157.94805;159.71351486513424;156.18258513486575;159.916;154.381;157.1485;11.774218675040787;16.623744464618753;15.484348665168064;0.3240000000000123;0.02018619106879709
2023-10-31;109810;160.413;158.081;160.845;157.865;148.65272000000002;11.760279999999996;110511.38666666669;0.993653263361972;1.3962984501024067;159.30850000000004;62.52679261298853;0.4073134669074534;0.2744175452176078;0.1328959216898456;89.06882591093148;58.066953608017855;158.16915;160.00504545182272;156.33325454817728;160.845;155.823;158.334;13.213145466915146;24.837692974083787;12.81822693553839;1.9730000000000132;0.02339912579977175
2023-11-01;113580;159.548;160.279;160.43;159.06;148.71303333333333;10.834966666666674;110407.88333333332;1.0287308892344165;-0.5392331045488863;159.68800000000002;56.824519080580124;0.44639288713938186;0.30881261360196266;0.1375802735374192;67.18117408906889;66.53917190428955;158.315;160.10175336854957;156.52824663145043;160.845;156.086;158.46550000000002;14.549291773655622;22.886685550862666;11.81135178292809;1.5999999999999943;0.026714626375027774
2023-11-02;105659;159.828;159.553;160.084;159.072;148.76630333333335;11.061696666666649;110250.63;0.9583528003421876;0.1754957755659703;159.68800000000002;58.154832026201966;0.49425975043055814;0.3459020409676818;0.14835770946287635;74.2661943319839;76.83873144399475;158.47255;160.20875983467528;156.73634016532475;160.845;156.327;158.586;15.789999058486064;21.54066583971192;11.116698453601535;1.335000000000008;0.030249373955834262
2023-11-03;101188;160.23;159.668;160.402;159.593;148.82014333333336;11.409856666666627;110104.18;0.919020513117584;0.2515203844132285;160.531;60.05767386588135;0.5581980649700995;0.3883612457681654;0.1698368192019341;83.3468724614133;74.93141362748868;158.58795;160.46365279895912;156.7122472010409;160.845;156.507;158.676;17.22141824993529;22.396890723751596;10.580967676029465;1.4849999999999852;0.03421567188093345
2023-11-06;86654;160.832;160.03;160.981;160.03;148.8788833333333;11.95311666666666;109903.26;0.7884570484987626;0.3757099169943156;160.531;62.78671749070133;0.6499537465612377;0.44067974592677983;0.2092740006344579;95.48347984237645;84.36551554525788;158.78345;160.73728064517445;156.82961935482552;160.981;156.765;158.873;19.014591390136697;24.609862783749964;9.97256076089634;1.1229999999999905;0.03897601925984166
2023-11-07;91138;160.939;160.809;161.03;160.432;148.93345666666664;12.00554333333335;109780.66333333332;0.8301826317378331;0.066529048945485;161.3085;63.2671186977309;0.7229708333171061;0.4971379634048451;0.22583286991226098;97.28195937873333;92.03743722750767;158.9451;161.04510732380214;156.84509267619785;161.03;156.893;158.9615;20.71734056579797;23.994616923884653;9.598802201809276;2.1910000000000025;0.04411659579774774
2023-11-08;97017;161.678;160.84;161.733;160.697;148.9922;12.6858;109677.72666666668;0.8845642861913606;0.4591801862817712;161.3085;66.48513965487953;0.8308905356663843;0.5638884778571529;0.26700205780923136;98.63726461843393;97.13423461318122;159.10865;161.50424481340698;156.71305518659304;161.733;156.893;159.313;22.80365564840949;26.86122502919341;8.971478453176317;2.959000000000003;0.05011437315621837
2023-11-09;105959;161.455;161.663;161.799;161.364;149.05413333333334;12.400866666666673;109563.42666666668;0.9671019173428888;-0.1379284751171994;161.67400000000004;64.64473987398742;0.8881849972144664;0.6287477817286156;0.25943721548585086;91.61384690394945;95.84435696703889;159.2957;161.80786751830414;156.7835324816959;161.799;156.893;159.346;24.78515102077367;26.525710854495326;8.713962258565745;2.6000000000000227;0.056050180742001736
2023-11-10;90882;161.893;161.447;161.946;161.142;149.11555333333334;12.777446666666664;109464.76;0.8302397958940549;0.271283020036539;161.67400000000004;66.60035492099468;0.9578922249548327;0.6945766703738591;0.26331555458097367;98.75264768180755;96.33458640139696;159.5319;162.08776516859206;156.97603483140796;161.946;156.893;159.4195;26.164351008090495;25.09210708241968;9.73531896230412;3.812000000000012;0.062115885330018994
2023-11-13;83051;162.316;161.802;162.365;161.539;149.17945333333336;13.136546666666646;109350.78;0.7594916103935647;0.26128368737377;162.95650000000003;68.41725145358149;1.0353335888545132;0.76272805406999;0.2726055347845232;98.95029991431005;96.43893150002235;159.7537;162.46297179146387;157.04442820853615;162.365;157.152;159.7585;27.764961165906488;26.538445083669092;9.186032657793683;4.111999999999995;0.0684027823010123
2023-11-14;93354;163.597;162.255;163.817;162.089;149.24622666666667;14.350773333333336;109318.12;0.8539663872740536;0.7892013110229357;162.95650000000003;73.17611701330527;1.1863963829200372;0.8474617198399995;0.3389346630800377;96.40522875816995;98.03605878476249;160.01155;163.1233399334662;156.8997600665338;163.817;157.682;160.7495;30.09674049073649;33.02204159870954;8.150039952085642;3.1839999999999975;0.0760065319731072
2023-11-15;102268;164.206;163.575;164.209;163.066;149.31596;14.89004;109252.49;0.9360701984915002;0.3722562149672592;163.898;75.09723455544142;1.3398114337357754;0.9459316626191547;0.39387977111662065;99.95393120393098;98.43648662547031;160.32445;163.78257743981789;156.86632256018214;164.209;157.682;160.94549999999998;32.43933412567948;33.11675556566304;7.543978928677289;4.657999999999987;0.08475672462133423
2023-11-16;95397;163.59;164.164;164.302;163.255;149.38882;14.201179999999994;109064.99;0.8746803167541779;-0.3751385454855427;163.898;69.6624870719871;1.3956003033636648;1.0358653907680568;0.35973491259560797;89.22028766086314;95.19314920765468;160.5793;164.20707794800356;156.95152205199642;164.302;157.697;160.9995;34.65640438484548;31.46050193116302;7.028396613173216;3.7620000000000005;0.09296234908036632
2023-11-17;97945;163.294;163.509;163.607;162.154;149.46640333333335;13.827596666666665;108802.01333333334;0.900213121056133;-0.1809401552662071;162.81750000000002;67.14780587685527;1.3997927191306587;1.1086508564405773;0.29114186269008147;84.34053130340246;91.17158338939885;160.80675;164.51550002528086;157.09799997471913;164.302;157.697;160.9995;34.760122779445894;28.54489111524312;13.399438744681543;3.0640000000000214;0.09989494727711067
2023-11-20;113211;162.341;163.179;163.557;161.779;149.54455;12.79645000000002;108668.13333333332;1.0418049572336103;-0.5836099305547071;162.81750000000002;59.67838557602471;1.3111025295563081;1.1491411910637235;0.16196133849258465;62.590614269363066;78.71714441120953;160.93835;164.66867520164405;157.20802479835598;164.302;157.697;160.9995;34.29394273962187;25.438180663390913;14.23656951538029;1.5090000000000146;0.10430328311427559
2023-11-21;115121;161.908;162.18;162.424;161.246;149.62070666666668;12.28729333333331;108489.62666666666;1.0611244921479688;-0.2667225161850806;162.37550000000002;56.59779311762396;1.192133263883477;1.157739605627674;0.03439365825580287;54.22562141491376;67.05225566255974;161.09635;164.70799612192565;157.48470387807436;164.302;157.697;160.9995;33.11588383222119;23.605120079170405;16.471104107350797;0.9689999999999941;0.10609393172568216
2023-11-22;108245;162.843;161.851;162.939;161.591;149.70041333333336;13.142586666666633;108378.96;0.9987639667329342;0.5774884502310007;162.37550000000002;61.249409626435806;1.1599250555769913;1.1581766956175374;0.0017483599594538823;69.01677638564446;61.94433735664041;161.30255;164.81733485686112;157.78776514313887;164.302;157.697;160.9995;32.48021622034243;24.795849672188474;15.127738954511669;1.164999999999992;0.10699374864967363
2023-11-23;72206;163.097;162.652;163.191;162.437;149.77629666666664;13.32070333333337;108101.16;0.6679484290454729;0.1559784577783718;163.22550000000004;62.427474659458724;1.1417342934499572;1.1548882151840214;-0.013153921734064156;71.793071161049;65.0118229872024;161.51465000000002;164.92341471907642;158.10588528092362;164.302;157.697;160.9995;32.10378875142267;25.19978617393014;14.41933226644946;1.641999999999996;0.10735709820704513
2023-11-24;81605;163.354;163.03;163.654;162.687;149.84840666666665;13.505593333333366;107854.56666666668;0.756620721051148;0.1575749400663406;163.22550000000004;63.63221078511599;1.134972479322471;1.1509050680117114;-0.015932588689240523;75.50387596899282;72.10457450522874;161.7783;164.88639955439328;158.67020044560672;164.302;157.697;160.9995;32.131175094375344;26.5775621054455;13.54338934703212;1.4610000000000127;0.10744654385135582
2023-11-27;109227;162.861;163.46;163.719;162.538;149.91831666666667;12.94268333333332;107719.34333333334;1.0139961553793653;-0.3017985479388474;162.4925;59.67907177455186;1.0774129670651291;1.136206647822395;-0.05879368075726599;60.02773925104004;69.10822879369393;162.01115;164.67999433978818;159.3423056602118;164.302;157.865;161.08350000000002;31.924666677583396;24.61116621732364;13.474806103080777;0.5449999999999875;0.10653236899712391
2023-11-28;118566;162.124;162.764;162.924;161.922;149.98532999999998;12.13867000000002;107635.28;1.1015533196921028;-0.4525331417589151;162.4925;54.252902887603895;0.9612462498598973;1.1012145682298957;-0.13996831836999846;31.07594936708862;55.53585486237381;162.0967;164.6628615771458;159.5305384228542;164.302;159.06;161.68099999999998;30.82467717917146;23.05275805136539;16.514364726024187;-1.4730000000000132;0.10387654904856188
2023-11-29;125134;161.497;162.089;162.254;161.484;150.0438;11.45320000000001;107556.63;1.1634243281886794;-0.3867410130517279;161.43700000000004;50.08104624215456;0.8092609728488469;1.0428238491536859;-0.23356287630483896;11.234177215190462;34.11262194443969;162.19414999999998;164.50065231086364;159.88764768913632;164.302;159.072;161.687;29.22014686148544;21.904875390805227;18.52447520939139;-2.7089999999999748;0.09920349573400301
2023-11-30;120397;161.377;161.506;161.943;160.593;150.10493666666667;11.272063333333335;107486.19;1.1201159888539058;-0.0743047858474232;161.43700000000004;49.2996902003529;0.6713891920242361;0.9685369177277959;-0.29714772570355985;21.137772984632505;21.149299855637178;162.27159999999998;164.3475991714881;160.19560082851186;164.302;159.593;161.9475;27.565639026150826;20.0224429641051;22.604364537497844;-2.212999999999994;0.0930451309842318
2023-12-01;123081;159.778;161.371;161.774;159.646;150.16384;9.614159999999998;107408.37;1.1459162819432838;-0.9908475185435472;159.65150000000003;40.281267107226526;0.42816327608443316;0.8604621893991234;-0.4322989133146903;2.835051546391856;11.735667248738258;162.249;164.42102937365482;160.07697062634517;164.302;159.646;161.974;26.91619627050577;17.473392776698375;25.392129508379124;-3.5160000000000196;0.08403346395188165
2023-12-04;122036;159.525;159.629;159.843;158.711;150.22359333333333;9.30140666666668;107380.95333333334;1.1364771517828018;-0.1583447032757812;159.65150000000003;39.063635764674274;0.2125399712759588;0.7308777457744906;-0.5183377744985318;14.559112859953423;12.843979130325911;162.18365;164.58845487982276;159.77884512017724;164.302;158.711;161.50650000000002;27.030674079455423;16.285641061456804;29.280635282159146;-2.8160000000000025;0.07303522683960827
2023-12-05;114584;158.89;159.497;159.716;158.579;150.28185666666667;8.608143333333317;107399.51333333334;1.066894964825005;-0.3980567309199267;158.7245;36.113009118156704;-0.009473044984531498;0.5828075876226863;-0.5922806326072177;5.434212825440843;7.609459077262021;162.08120000000002;164.8381725860116;159.32422741398844;164.302;158.579;161.4405;27.23086500174768;15.170219553730096;28.070319657688593;-3.0180000000000007;0.06027178787842842
2023-12-06;105084;158.559;158.831;159.119;158.38;150.33856666666668;8.220433333333318;107294.06333333334;0.9794018115757528;-0.2083202215369062;158.7245;34.64405163051583;-0.20971147031698933;0.4243037760347511;-0.6340152463517404;3.3526877692452164;7.782004484879809;161.92524999999998;165.07997356158498;158.77052643841498;164.302;158.38;161.341;27.562050310853653;14.476221835604813;28.01807440840896;-4.283999999999992;0.046360510429916346
2023-12-07;139833;155.572;158.559;158.585;153.101;150.38203333333334;5.189966666666663;107290.79666666666;1.303308432263982;-1.883841346123527;155.7945;24.82893356011145;-0.6024827554599312;0.21894646973581466;-0.8214292251957459;23.271802599359624;10.686234398015209;161.6311;165.83047066237546;157.43172933762455;164.302;153.101;158.7015;30.074199877890457;10.6006462627607;46.28830561948531;-7.525000000000006;0.02856539699051169
2023-12-08;145407;156.017;155.552;156.093;153.865;150.42226333333335;5.594736666666648;107307.49333333332;1.3550498244172304;0.2860411899313408;155.7945;28.09723362487368;-0.8678450699683822;0.0015881617949753124;-0.8694332317633575;27.462799020531158;18.029096463045313;161.3373;166.19315683891315;156.48144316108684;164.302;153.101;158.7015;32.40691019013891;9.48914379362948;41.43486888434049;-7.3370000000000175;0.00942099613729945
2023-12-11;118888;157.328;155.869;157.686;155.836;150.46450333333334;6.863496666666663;107227.93333333332;1.10874094374652;0.8402930449886936;157.17300000000003;36.81336561980599;-0.9612788483443353;-0.19098524023288682;-0.7702936081114484;39.80975701638732;30.181452878759348;161.08790000000002;166.22150212326784;155.9542978767322;164.302;153.101;158.7015;32.98234784591602;16.05714778225914;37.8829495059515;-5.532999999999987;-0.008236123280449757
2023-12-12;111664;157.018;157.248;157.34;156.496;150.49892;6.519080000000002;107196.27333333332;1.0416780036071178;-0.197040577646701;157.17300000000003;35.711004343738125;-1.0482565510793904;-0.3624395024021876;-0.6858170486772028;36.89018647579585;34.720914170904756;160.75895;166.048065142443;155.469834857557;164.302;153.101;158.7015;33.516682811994755;15.40820761855618;36.351932429487604;-5.1059999999999945;-0.024505447053509214
2023-12-13;127380;155.399;156.977;157.481;155.383;150.52642999999998;4.8725700000000245;107189.61666666668;1.1883613726888171;-1.0310919767160476;155.67450000000002;30.563554498687708;-1.2336065284235929;-0.5366729076064687;-0.6969336208171242;21.64249387831986;32.780812456834326;160.3186;165.84747769443493;154.78972230556508;164.302;153.101;158.7015;34.437340741451344;13.903950163147618;37.982166260133084;-6.098000000000013;-0.04107113085392127
2023-12-14;169256;155.95;155.344;156.064;153.856;150.55793666666668;5.392063333333312;107346.50333333333;1.5767257874661178;0.3545711362363812;155.67450000000002;34.04780024185355;-1.320811137130022;-0.6935005535111793;-0.6273105836188426;26.831795064983904;28.454825139699853;159.9366;165.56343873591734;154.30976126408265;163.719;153.101;158.41;35.78425481139405;12.518759327330276;41.08804168816015;-5.427000000000021;-0.056385773057243835
2023-12-15;135133;154.894;155.899;156.495;154.405;150.58442333333332;4.309576666666686;107373.98333333334;1.2585264680036932;-0.6771401090092888;155.44000000000003;30.852520076611782;-1.4583211737276258;-0.8464646775544686;-0.6118564961731572;18.253079507278887;22.242456150194197;159.5166;165.32924571086355;153.70395428913648;163.719;153.101;158.41;36.62327274494362;13.26582053969213;37.30002066940254;-4.883999999999986;-0.07138854682414443
2023-12-18;109214;155.986;154.746;156.307;154.713;150.61925;5.366749999999996;107236.34;1.0184420691716056;0.7049982568724245;155.44000000000003;37.395407962268216;-1.4623268015607493;-0.9696371023557249;-0.4926896992050245;31.51972031028071;25.534864960847813;159.19885;165.05381115358762;153.34388884641237;163.719;153.101;158.41;37.402360826096796;12.332012501361108;34.67439649283654;-3.5390000000000157;-0.08408550147755843
2023-12-19;123189;157.939;155.902;158.569;155.382;150.65533666666664;7.283663333333351;107139.48666666666;1.1498001701581344;1.2520354390778587;157.51400000000004;47.046041804670516;-1.2930055492754207;-1.0343107917396641;-0.25869475753575655;54.716127572947144;34.82964246350223;159.00039999999998;164.7425760822897;153.25822391771027;163.719;153.101;158.41;36.16330062965475;20.050556278906097;30.110645085671656;-0.9509999999999934;-0.09216232549669802
2023-12-20;111425;157.089;157.923;158.126;156.785;150.68747;6.401530000000008;107109.71333333332;1.0402884718141927;-0.538182462849579;157.51400000000004;43.875911144227494;-1.2134176103137122;-1.0701321554544738;-0.14328545485923838;45.98178254352587;44.07254347558455;158.71269999999998;164.22804913128988;153.1973508687101;163.719;153.101;158.41;35.01274473295856;18.92202873251122;28.415894478944153;-1.4699999999999989;-0.0976530958931747
2023-12-21;115942;156.453;156.974;157.119;156.132;150.71697;5.73603;107034.30333333332;1.083222820995199;-0.4048660313580199;156.65150000000003;41.61626691921116;-1.1879693093002857;-1.0936995862236363;-0.09426972307664938;49.71818451498085;50.1386982104846;158.38049999999998;163.59149608520482;153.16950391479514;163.719;153.101;158.41;34.27952039474969;18.11391743156327;30.02785185134468;0.8810000000000002;-0.10176282052260334
2023-12-22;105957;156.85;156.444;156.99;156.131;150.75397666666666;6.096023333333335;106894.20333333334;0.9912324213650696;0.2537503275744202;156.65150000000003;43.569899180595186;-1.122823554269246;-1.0995243798327583;-0.023299174436487657;56.674225245653666;50.7913974347201;158.05530000000002;162.7725879539011;153.33801204609892;163.719;153.101;158.41;33.59918945814902;17.41675894544647;28.876636908179055;0.8329999999999984;-0.10409208885193752
2023-12-26;57388;157.201;156.567;157.366;156.541;150.78811666666667;6.412883333333326;106632.95333333334;0.5381825993377527;0.22378068218043;157.36350000000002;45.31227606065133;-1.0309877227859943;-1.0858170484234055;0.054829325637411275;68.12894649385167;58.17378541816205;157.7723;161.9507524455856;153.5938475544144;162.924;153.101;158.0125;32.63139587002431;18.494784051126935;27.771138095407792;-0.12700000000000955;-0.1044982081071251
2023-12-27;75422;157.526;157.037;158.385;156.922;150.82320666666666;6.7027933333333465;106516.07;0.7080809496632097;0.2067416873938521;157.36350000000002;46.945750623398915;-0.9213614989995733;-1.0529259385386391;0.13156443953906583;80.68927789934362;68.49748321294963;157.5424;161.21292080228682;153.87187919771316;162.254;153.101;157.6775;30.88249190293281;21.98011183279155;25.87907555356158;0.5080000000000098;-0.10299646785957506
2023-12-28;95785;156.442;157.479;157.485;155.835;150.8568;5.585200000000015;106430.61333333331;0.8999760219364611;-0.6881403704785294;156.04650000000004;42.397036599946624;-0.9114450957594897;-1.0246297699828093;0.11318467422331957;54.86950986632752;67.89591141984091;157.28965;160.50393009203;154.07536990796999;161.943;153.101;157.522;29.929419866058794;20.26179336900362;28.881224892744147;1.0430000000000064;-0.10140457710704168
2023-12-29;94214;155.651;156.362;156.946;155.632;150.89169;4.759309999999999;106326.86;0.886079020860685;-0.505618695746668;156.04650000000004;39.397251422059924;-0.9563887103633419;-1.0109815580589159;0.05459284769557393;38.086144706132366;57.88164415726782;157.00335;159.6865336519367;154.3201663480633;161.774;153.101;157.4375;29.163117642393832;19.017659085106033;28.056447049138562;-0.29899999999997817;-0.10059447985919
2024-01-02;96713;155.365;155.495;156.34;155.07;150.92773666666668;4.437263333333334;106259.69;0.9101569936820906;-0.1837444025415857;155.9335;38.34094079012779;-1.003516742199821;-1.009488594887097;0.005971852687276069;32.017823042648345;41.65782587170273;156.7827;159.23256335129543;154.33283664870459;159.843;153.101;156.47199999999998;28.77864414254834;17.875218126510457;29.02935475418131;0.47100000000000364;-0.1005028330792361
2024-01-03;103695;156.502;155.33;156.789;155.084;150.96268;5.539320000000004;106181.58333333331;0.9765817832501422;0.7318250571235474;155.9335;44.68998850197147;-0.9383034709355229;-0.9952515700967823;0.056948099161259425;56.14258434118435;42.08218402998833;156.63155;158.73444367064064;154.52865632935936;159.716;153.101;156.4085;28.010544184274476;18.5512003126093;26.70956381108634;0.5160000000000196;-0.09931010411124137
2024-01-04;103309;158.302;156.486;158.59;156.07;151.00055999999998;7.301440000000014;106133.8;0.9733845391382412;1.150145046069695;158.24900000000002;52.94979608830805;-0.732927791501254;-0.9427868143776766;0.20985902287642266;93.91634980988572;60.692252397906124;156.60215;158.59128692591045;154.61301307408954;159.119;153.101;156.11;26.132286449512566;24.52249703531857;23.695587789518484;0.36299999999999955;-0.09502482763943804
2024-01-05;109618;158.196;158.271;158.995;158.045;151.03877;7.157229999999998;106132.39666666668;1.032842029792942;-0.0669606195752403;158.24900000000002;52.45302675379542;-0.5721243071410242;-0.8686543129303462;0.296530005789322;82.59259259259247;77.55050891455416;156.584;158.50690592594137;154.66109407405864;158.995;153.101;156.048;24.661476227350935;25.315771531708815;22.657594501857993;1.1069999999999993;-0.08878895154987564
2024-01-08;99312;157.931;158.109;158.486;157.684;151.07665666666665;6.854343333333361;106030.04;0.9366402200733928;-0.167513717160983;157.92950000000002;51.16076001406272;-0.4607583372617796;-0.787075117796633;0.32631678053485336;75.15179822512867;83.8869135425356;156.70195;158.65130153064308;154.75259846935694;158.995;153.856;156.4255;23.02417037758889;24.346170295111833;23.51379253490549;1.4780000000000086;-0.08166124719320351
2024-01-09;99804;157.928;157.882;158.002;157.202;151.12349666666665;6.804503333333344;105900.57666666666;0.942431128719292;-0.0018995637335428;157.92950000000002;51.14539799713028;-0.3684943057351404;-0.7033589553843345;0.33486464964919405;72.81528662420372;76.85322581397493;156.79749999999999;158.7900512791445;154.80494872085546;158.995;153.856;156.4255;21.613221109539577;23.384065638677086;24.96552296451708;1.078000000000003;-0.07408299388638548
2024-01-10;92792;159.939;157.922;159.952;157.765;151.1777033333333;8.76129666666668;105674.99333333332;0.8780885342220467;1.2733650777569494;159.68550000000002;59.84873802511619;-0.13158665361902422;-0.5890044950312724;0.45741784141224817;99.73371569029075;82.5669335132077;156.92804999999998;159.3404359123325;154.51566408766746;159.952;153.856;156.904;21.13884010322543;30.239364938764922;22.363694334680567;2.7379999999999995;-0.06390125960227983
2024-01-11;114295;159.432;159.924;160.178;159.277;151.2275833333333;8.204416666666674;105604.14333333333;1.08229655004372;-0.3169958546695994;159.68550000000002;57.0875107779682;0.015079873293814217;-0.4681876213662551;0.4832674946600693;85.39545810493327;85.9814868064759;157.04874999999998;159.69708282463142;154.40041717536855;160.178;153.856;157.017;20.829362527826255;30.011492606350753;21.375342019008425;1.9059999999999775;-0.05290627995478532
2024-01-12;104967;158.651;159.382;159.57;158.541;151.27596666666668;7.375033333333334;105467.70666666668;0.9952525120484594;-0.4898640172612656;159.13150000000002;53.028812104843496;0.06751570066663248;-0.3610469569596776;0.4285626576263101;70.1057165231013;85.07829677277509;157.21134999999998;159.83375685440308;154.5889431455969;160.178;153.856;157.017;19.955153330415975;28.464301249400396;23.960761001000762;2.209000000000003;-0.04269664111055394
2024-01-15;71597;159.612;158.518;159.833;158.518;151.32457;8.28743;105245.18;0.6802876863338844;0.6057320785875842;159.13150000000002;57.07301662518327;0.1844894605665104;-0.25193967345444;0.4364291340209504;88.91934220830066;81.47350561211171;157.39445;160.14714660333652;154.6417533966635;160.178;154.405;157.29149999999998;19.31545849982643;27.903545838228126;22.37337345521024;3.9609999999999843;-0.03218138654934388
2024-01-16;106711;160.064;159.408;160.145;159.236;151.37367666666668;8.69032333333331;105200.65666666666;1.0143567861758582;0.2831867278149547;160.64200000000002;58.86689419618238;0.3100901048120761;-0.13953371780113683;0.44962382261321293;97.76820673453398;85.59775515531196;157.65294999999998;160.38880434371427;154.91709565628568;160.178;154.713;157.44549999999998;18.92852302117358;28.205280648196794;21.321824400160576;4.698999999999984;-0.02129093668516984
2024-01-17;107658;161.22;159.82;161.293;159.82;151.42811666666668;9.791883333333317;105179.72666666668;1.0235622720448512;0.7222111155537725;160.64200000000002;63.11255318453889;0.4971779018157463;-0.012191393877760207;0.5093692956935065;98.82693234774213;95.17149376352556;157.91465;160.94779623947153;154.88150376052846;161.293;155.07;158.1815;19.272267641639417;31.975030545653834;19.70556692509812;4.717999999999989;-0.009146757141984038
2024-01-18;103115;161.132;161.119;161.388;160.643;151.48005;9.65195;105157.80333333332;0.9805739253903224;-0.0545837985361563;161.28500000000005;62.58298800408286;0.6310708720970979;0.11646105931721143;0.5146098127798865;95.94808483697373;97.51440797308327;158.0743;161.41618169150559;154.7324183084944;161.388;155.07;158.22899999999998;19.64639110036574;31.212806505156916;18.924222636119758;2.8300000000000125;0.003223790191808815
2024-01-19;95909;161.438;160.791;161.865;160.791;151.53321000000005;9.904789999999965;105155.97666666668;0.9120641835129568;0.1899064121341442;161.28500000000005;63.72287034904356;0.7531913374502892;0.243807114943827;0.5093842225064622;93.7159676232521;96.16366160265598;158.29175;161.9039193689555;154.6795806310445;161.865;155.07;158.4675;20.27262425090865;31.978290454461323;17.826834090389223;3.2419999999999902;0.01558342108336432
2024-01-22;91361;161.188;161.265;161.559;160.753;151.58687333333333;9.60112666666666;105100.80666666669;0.8692702073138986;-0.1548582118212516;161.11200000000002;62.05944961998656;0.8203433677133489;0.3591143654977314;0.4612290022156175;90.01622179619496;93.22675808547358;158.5285;162.24670088214992;154.8102991178501;161.865;155.07;158.4675;20.81361358707675;30.546689534357853;17.23982870100115;3.2569999999999766;0.027060905267754683
2024-01-23;101977;161.036;161.149;161.712;160.422;151.64256666666665;9.393433333333348;105146.41666666669;0.9698571119477708;-0.0942998238082193;161.11200000000002;61.01654957329033;0.8514813587432286;0.4575877641468309;0.3938935945963977;85.69456427955124;89.80891789966608;158.7378;162.52512499793986;154.95047500206013;161.865;155.07;158.4675;20.95265810343602;28.35847943373922;17.84292937621593;3.108000000000004;0.03720866606352395
2024-01-24;100426;160.563;160.7;161.063;159.979;151.69575;8.867249999999984;105154.15;0.955036011417433;-0.2937231426513365;160.35750000000002;57.763501262821;0.828441535661284;0.5317585184497216;0.2966830172115624;72.07806133390483;82.59628246988366;158.90590000000003;162.70388898892827;155.1079110110718;161.865;155.07;158.4675;20.60623553725788;26.63203174961112;19.244631023820283;0.6239999999999952;0.04536805312017066
2024-01-25;95141;160.152;160.352;160.969;159.697;151.75084666666666;8.401153333333326;105063.19666666668;0.9055597299389642;-0.2559742904654216;160.35750000000002;55.01865393556778;0.7681631382533851;0.5790394424104544;0.18912369584293076;63.26399313746476;73.67887291697359;159.03719999999998;162.81681503860116;155.2575849613988;161.865;155.07;158.4675;19.987292000320387;24.72951457438223;19.453597647466715;0.7199999999999989;0.05124551593825293
2024-01-26;88579;160.793;160.25;160.926;159.827;151.80928999999998;8.98371000000003;104960.45333333334;0.843927376329849;0.4002447674709142;160.29100000000005;58.3433355853438;0.7633163808739312;0.6158948301031497;0.14742155077078145;77.01050825648724;70.78418757595226;159.25475;162.9106673882926;155.5988326117074;161.865;155.07;158.4675;19.412558716021284;23.188215629982754;18.24112704159913;2.141999999999996;0.05603082992069044
2024-01-29;82846;159.789;160.483;160.837;159.418;151.86284;7.926159999999982;104786.78666666668;0.7906149490348474;-0.6244052912751319;160.29100000000005;51.875747488129214;0.6707291335723653;0.6268616907969928;0.04386744277537247;49.36585365853633;63.213451684162756;159.46165000000002;162.72572464835295;156.1975753516471;161.865;155.07;158.4675;18.42419501445448;21.338893480074088;19.085068843448287;0.1769999999999925;0.058528917674433564
2024-01-30;87395;160.097;159.74;160.341;159.216;151.92167666666666;8.175323333333353;104579.22333333331;0.8356822437037126;0.1927541945941246;159.53750000000002;53.575931710899646;0.6151154311728817;0.6245124388721707;-0.009397007699288973;47.17657603824332;57.850979317755616;159.69824999999997;162.37303798225582;157.02346201774412;161.865;155.084;158.4745;17.28504061211528;19.978504728698635;19.01306055619509;0.03300000000001546;0.05965322132829587
2024-01-31;122582;158.978;160.076;160.269;158.566;151.97971333333334;6.998286666666672;104537.20666666668;1.1726159891650854;-0.6989512607981418;159.53750000000002;47.06959546126521;0.4752686223850162;0.5946636755747398;-0.11939505318972354;13.74365103077403;36.76202690918454;159.82205;162.09223373485943;157.55186626514055;161.865;156.07;158.9675;16.549436990768307;18.097630866067178;20.81639421739058;-2.2419999999999902;0.058314295006942074
2024-02-01;114688;159.196;158.902;159.203;158.077;152.03201666666666;7.163983333333334;104525.05333333332;1.0972297678169634;0.1371258916327944;159.62950000000004;48.38468831060783;0.3776761810568132;0.5512661766711544;-0.17358999561434119;29.54065469904954;30.153627256022276;159.86674999999997;162.0489551118124;157.68454488818753;161.865;157.202;159.5335;16.328815623224834;16.960663610750615;22.236951872505443;-1.936000000000007;0.05554031962957883
2024-02-02;103387;160.063;159.195;160.261;159.042;152.0874333333333;7.97556666666668;104443.96333333332;0.9898800916816042;0.5446116736601336;159.62950000000004;53.34900420130519;0.3660732577249348;0.5142275928819104;-0.14815433515697563;52.428722280886596;31.9043426702367;159.96009999999998;162.0037692393879;157.91643076061206;161.865;157.202;159.5335;15.331938123202848;21.726406903266227;20.71936789797244;-1.375;0.052884440947148045
2024-02-05;91855;159.719;160.034;160.272;159.381;152.14148666666668;7.577513333333314;104335.35666666667;0.8803822877938872;-0.2149153770702794;159.40800000000002;51.24309223588742;0.3253692778184245;0.47645592986921326;-0.15108665205078875;43.347412882787516;41.77226328757453;160.0495;161.87509332821426;158.22390667178573;161.865;157.202;159.5335;14.41714499963909;20.68170626135043;19.66306753659664;-1.468999999999994;0.04989530949957457
2024-02-06;97135;159.097;159.647;159.868;158.961;152.19094666666666;6.906053333333347;104289.47;0.931397963763654;-0.3894339433630267;159.40800000000002;47.58542280483076;0.24015254965445365;0.4291952538262614;-0.18904270417180774;26.927138331573584;40.90109116508255;160.10795000000002;161.72053308003666;158.49536691996337;161.865;157.765;159.815;13.64845116602662;19.587010708922822;21.073321220782898;-1.938999999999993;0.04595010897980355
2024-02-07;98038;159.631;159.09;159.734;158.907;152.24347666666665;7.387523333333348;104211.44;0.9407604385851552;0.3356442924756564;160.28500000000005;50.83032784415916;0.21324881619662506;0.3860059663003341;-0.17275715010370907;41.02428722280881;37.09961281238996;160.09255000000002;161.71713086595298;158.46796913404705;161.865;158.077;159.971;12.991627527104951;18.61928369807121;20.354767086445815;-0.931999999999988;0.042101857402251766
2024-02-08;100080;160.939;159.596;160.994;159.434;152.2964;8.642599999999987;104194.85333333332;0.9605080941936838;0.8193897175360565;160.28500000000005;57.732798507869965;0.29408208694962923;0.36762119043019315;-0.07353910348056392;78.7345254470427;48.89531700047502;160.16789999999997;161.80270358453865;158.5330964154613;161.865;158.077;159.971;13.030239696509815;24.28809375368833;18.4981716462715;0.7870000000000061;0.04000798616279198
2024-02-09;97104;160.962;160.881;161.264;160.717;152.3524;8.6096;104100.35333333332;0.9327922229914046;0.0142911289370495;160.9205;57.84486158716264;0.35589639210425617;0.36527623076500576;-0.009379838660749595;79.36726272352126;66.37535846445758;160.28345;161.79510385919548;158.7717961408045;161.865;158.077;159.971;13.302127780228378;25.12289282545246;17.88225651445276;0.16899999999998272;0.03912743873663088
2024-02-12;81004;160.879;160.886;161.1;160.382;152.40637666666666;8.472623333333331;103928.52333333332;0.7794202919653294;-0.0515649656440686;160.9205;57.25492296148049;0.3936495213039848;0.3709508888728016;0.022698632431183197;87.9196736743013;82.0071539482884;160.34679999999997;161.8467371453566;158.84686285464335;161.865;158.077;159.971;13.149146683388041;23.99359325589439;19.175727637244155;1.0900000000000034;0.038917646400240195
2024-02-13;94669;161.488;160.855;161.633;160.772;152.45660333333333;9.031396666666666;103817.67666666668;0.9118774667241883;0.3785453663933902;161.518;60.44273146697754;0.46732334593278324;0.3902253802847979;0.07709796564798532;95.92238470191198;87.73644036657815;160.418;161.99089732659849;158.84510267340153;161.865;158.077;159.971;13.494738221009356;26.07359572595914;18.123648203339716;1.3909999999999911;0.03983582444370961
2024-02-14;90158;161.548;161.44;161.588;160.954;152.51263333333333;9.035366666666675;103732.57666666666;0.869138730542713;0.0371544634895526;161.518;60.75327904005151;0.5245057060159581;0.41708144543103;0.10742426058492816;97.60967379077594;93.81724405566304;160.43439999999998;162.0467490192947;158.82205098070526;161.865;158.077;159.971;13.815644648800577;24.986487750978245;17.3680039606094;2.569999999999993;0.041463792395192496
2024-02-15;90343;161.512;161.438;161.647;160.915;152.56697333333332;8.945026666666678;103670.17333333334;0.8714464063787097;-0.0222843984450493;161.67400000000004;60.4466522961237;0.560457632508303;0.4457566828464846;0.11470094966181843;96.21848739495823;96.58351529588202;160.4534;162.10662126771362;158.80017873228635;161.865;158.077;159.971;14.170857189189567;24.15224590276715;16.511995939938494;2.3160000000000025;0.04337012709146783
2024-02-16;90513;161.836;161.484;161.954;161.386;152.64002;9.19598000000002;103413.59666666666;0.8752524128112675;0.2006042894645565;161.67400000000004;62.29128228734542;0.6080842685634593;0.4782221999898796;0.12986206857357974;96.95640959504786;96.92819026026065;160.4733;162.1820965472872;158.7645034527128;161.954;158.077;160.0155;14.801768800800756;25.33487856359502;15.858833645407433;1.7730000000000246;0.045691327006236473
2024-02-19;64190;161.816;161.593;161.921;161.476;152.71125;9.104749999999996;103228.57;0.6218239776061393;-0.0123581897723656;161.96100000000004;62.098761059524946;0.6368734077113629;0.5099524415341763;0.12692096617718662;96.4405468145472;96.53848126818441;160.5047;162.2863989757029;158.72300102429713;161.954;158.077;160.0155;15.387615297296863;24.516642010055293;15.3466434111971;2.0970000000000084;0.04807464603304119
2024-02-20;89749;162.106;161.797;162.363;161.733;152.78397333333334;9.32202666666666;103153.81;0.8700502676536263;0.1792158995402193;161.96100000000004;63.84372983524328;0.6753050875826716;0.5430229707438754;0.1322821168387962;94.00373308446092;95.80022983135196;160.5582;162.4606664622591;158.6557335377409;162.363;158.077;160.22;16.37022839478372;26.658622937099196;14.626426199095654;3.008999999999986;0.050656042534584535
2024-02-21;89830;162.621;162.111;162.627;161.944;152.85610333333332;9.764896666666688;103073.92;0.8715104654988506;0.3176933611340748;162.7725;66.76965378629416;0.7388022146888602;0.5821788195328724;0.15662339515598778;99.83870967741935;96.76099652547582;160.66109999999998;162.76539303093;158.55680696906995;162.627;158.077;160.352;17.52961486108511;27.281677341252554;13.866648671661958;2.990000000000009;0.053787624063937944
2024-02-22;99927;162.924;162.618;163.46;162.432;152.92576333333332;9.998236666666685;103095.28666666668;0.9692683655178124;0.1863227996384164;162.7725;68.39041234810084;0.8043022178097772;0.6266034991882534;0.17769871862152375;88.22754227981547;94.02332834723188;160.79969999999997;163.10697459137845;158.4924254086215;163.46;158.077;160.76850000000002;19.290886485849903;31.45585059233979;12.789767088272667;1.9850000000000136;0.05741502366974232
2024-02-23;83367;162.877;162.906;163.208;162.686;152.99296666666666;9.884033333333347;103026.41;0.8091808692547077;-0.0288478063391495;163.20900000000003;67.83770590918033;0.8427047590833183;0.6698237511672664;0.17288100791605188;87.19525587524711;91.75383594416063;160.9039;163.3824301208621;158.4253698791379;163.46;158.077;160.76850000000002;20.92635299456007;30.174413342065133;12.26874210689001;1.9150000000000205;0.06104507492615543
2024-02-26;88060;163.541;162.915;163.72;162.561;153.06534666666667;10.475653333333328;103002.52666666669;0.8549304842294624;0.4076695911638728;163.20900000000003;71.35928944587286;0.9161574081257129;0.7190904825589558;0.1970669255667571;96.28090587990853;90.56790134499035;161.0915;163.7644375974797;158.41856240252028;163.72;158.077;160.8985;22.825126562967966;31.417218891863552;11.179747972266101;2.662000000000006;0.06520875863389049
2024-02-27;80202;163.242;163.509;163.51;162.89;153.14196333333334;10.100036666666654;102904.12666666666;0.7793856534032637;-0.1828287707669629;163.292;67.76129517993525;0.9394133877672175;0.7631550636006081;0.17625832416660936;88.84741017265496;90.77452397593686;161.24875000000003;164.03672581589598;158.46077418410408;163.72;158.077;160.8985;24.58827344791816;29.816327431065215;10.610074280769703;1.7539999999999907;0.06905357666021318
2024-02-28;82864;163.342;163.186;163.41;162.753;153.22228333333334;10.119716666666676;103042.65666666666;0.8041718127284823;0.0612587446858103;163.292;68.33631771392017;0.9549055269419853;0.8015051562688836;0.15340037067310164;88.67585380467386;91.2680566190791;161.46695;164.19228340896498;158.741616591035;163.72;158.077;160.8985;25.932855833292972;28.25171071728415;11.147539876501481;1.7940000000000111;0.07250267683163296
2024-02-29;104429;162.063;163.313;163.313;161.681;153.30192666666667;8.761073333333314;102944.9;1.014416449964883;-0.7830196765069797;162.36450000000002;54.85882744555826;0.8541326385239927;0.8120306527199055;0.042101985804087194;50.35949670461313;75.96092022731396;161.6103;164.13712758414988;159.0834724158501;163.72;158.907;161.3135;25.23867135295222;24.719956555374292;17.822075321020908;0.5509999999999877;0.0738346343420807
2024-03-01;94412;162.666;162.044;163.006;161.9;153.37529;9.29070999999999;102793.32;0.9184643515745072;0.3720775254067998;162.36450000000002;58.967632019886246;0.8135483796378651;0.8123341981034975;0.0012141815343675866;64.246947082768;67.76076586401831;161.74045;164.2023952857488;159.27850471425123;163.72;158.907;161.3135;24.59407147835009;22.686291608375583;16.355886261103194;0.8299999999999841;0.07428195941615456
2024-03-04;82686;163.392;162.532;163.524;162.498;153.45195666666666;9.940043333333335;102620.12666666666;0.8057483720379214;0.4463133045627288;163.1545;63.2989951627614;0.8303949189192394;0.815946342266646;0.01444857665259347;88.30659536541881;67.63767971759997;161.9241;164.30202698794994;159.54617301205008;163.72;158.907;161.3135;24.57046885381491;24.79767400452016;15.113719312488774;1.5759999999999934;0.07485482451206295
2024-03-05;92820;162.917;163.373;163.427;162.607;153.52631333333332;9.390686666666682;102508.49666666667;0.9054859159804048;-0.2907119075597264;163.1545;58.91692093167655;0.7962388466306436;0.8120048431394455;-0.01576599650880195;71.37254901960802;74.64203048926493;162.11509999999998;164.14174352070626;160.0884564792937;163.72;158.907;161.3135;24.54855213103224;23.27618485278416;14.186400081977766;0.811000000000007;0.07476055658479351
2024-03-06;97410;162.831;162.888;162.961;162.21;153.59726666666666;9.233733333333332;102417.35333333332;0.951108350583464;-0.0527876157798257;162.44800000000004;58.13224642131212;0.7535440453033289;0.8003126835722222;-0.046768638268893326;61.91088260496963;73.8633423299988;162.2751;163.97016222895232;160.5800377710477;163.72;159.434;161.577;23.8298871739997;21.94798526318824;16.393378786350638;0.20999999999997954;0.07397200943027309
2024-03-07;113018;162.065;162.764;162.797;160.555;153.66431666666665;8.400683333333347;102380.71666666666;1.1038992857215035;-0.4704263930086938;162.44800000000004;51.5470555490775;0.6504008927499854;0.7703303254077749;-0.11992943265778955;47.70932069510252;60.33091743989337;162.3314;163.91644036542317;160.74635963457683;163.72;160.382;162.051;23.227429990041628;18.502175184761597;25.23585826264197;-0.8590000000000089;0.07167749496117785
2024-03-08;114471;160.822;162.046;162.172;160.616;153.72534;7.096660000000014;102398.92666666668;1.1178925768686978;-0.766976213247772;160.68400000000003;43.02901491073233;0.4630220593506351;0.708868672196347;-0.24584661284571185;8.436018957345864;39.35207408580599;162.32440000000003;163.93460599925004;160.71419400075;163.72;160.382;162.051;22.66800546208056;16.585109321716075;22.621095300079;-2.055000000000007;0.06682703491836113
2024-03-11;133413;160.546;160.82;160.93;160.212;153.79273666666666;6.7532633333333365;102367.87666666666;1.303270169746808;-0.1716183109276126;160.68400000000003;41.39336912840302;0.2889215823642246;0.6248792542299225;-0.3359576718656979;9.521094640821044;21.888811431089792;162.30775;163.98296925431293;160.63253074568706;163.72;160.212;161.966;22.564373370077785;15.772975835121825;24.268675542597933;-2.9950000000000045;0.060013094335427807
2024-03-12;153039;161.343;160.533;161.608;160.278;153.86890333333332;7.474096666666668;102435.97333333331;1.493996640242644;0.4964309294532398;161.54950000000002;47.58898326415409;0.21280386868696155;0.5424641771213303;-0.3296603084343688;32.24059293044461;16.73256884287049;162.3005;163.99103240135193;160.60996759864807;163.72;160.212;161.966;21.510471102767468;18.905840460759507;22.108992981657437;-1.899000000000001;0.053029773703873885
2024-03-13;130872;161.756;161.339;161.949;160.896;153.94460666666666;7.811393333333342;102552.5;1.2761463640573096;0.2559763981083929;161.54950000000002;50.508713727056104;0.18368823696047798;0.4707089890891599;-0.28702075212868194;44.013683010262454;28.591790193842684;162.3109;163.98526912298954;160.63653087701047;163.72;160.212;161.966;20.096584515776442;19.856363838443375;20.54975665928525;-1.5860000000000127;0.04663105579176295
2024-03-14;136681;161.409;161.745;161.916;161.102;154.02180333333334;7.387196666666654;102611.73333333334;1.332021159373457;-0.2145206360196883;161.84900000000002;48.08493315812688;0.13110261965957193;0.40278771520324236;-0.27168509554367043;34.12200684150511;36.79209426073737;162.30575;163.99051774364324;160.62098225635674;163.72;160.212;161.966;18.7836898278562;18.755215669633216;19.410155919745208;-0.6539999999999964;0.04038797579258301
2024-03-15;133145;162.289;161.355;162.404;161.066;154.09895333333333;8.19004666666666;102533.35666666667;1.2985530204852067;0.5451988426915522;161.84900000000002;54.1004543124183;0.1586084451969043;0.3539518612019748;-0.1953434160050705;62.711352657004554;46.94901416959069;162.32840000000002;163.99942165157154;160.6573783484285;163.72;160.212;161.966;17.942547670928814;20.338969641571822;17.675060585658333;-0.37700000000000955;0.03550383768587065
2024-03-18;110900;162.172;162.061;162.683;161.95;154.17588333333333;7.996116666666666;102496.18333333332;1.0819915083015856;-0.0720936107807657;163.04100000000005;53.21753209649122;0.16901775642762118;0.3169650402471041;-0.1479472838194829;59.17874396135269;52.00403448662076;162.3462;164.00252950828656;160.68987049171346;163.72;160.212;161.966;17.494647810698677;21.226867285613782;16.789603916653444;-1.2199999999999989;0.031528145059799666
2024-03-19;159032;163.91;162.165;163.996;162.011;154.25336333333334;9.656636666666657;102650.65333333334;1.5492546304948134;1.0717016500998875;163.04100000000005;62.90279326971662;0.31389094606504386;0.316350221410692;-0.0024592753456481597;97.7272727272724;73.20578978187653;162.4364;164.22201982516458;160.6507801748354;163.996;160.212;162.10399999999998;18.357482821012646;26.952951460678886;14.649347090165021;0.992999999999995;0.030371111658095865
2024-03-20;147320;165.182;163.906;165.353;163.712;154.33043333333333;10.851566666666656;102766.96;1.433534669119196;0.7760356293087689;164.9275;68.1069079367403;0.5252885624925057;0.3581378896270548;0.16715067286545088;96.67379887181443;84.52660518681314;162.56445;164.71472890982096;160.41417109017902;165.353;160.212;162.7825;20.08460203003336;32.63418824963243;13.156243016298896;2.350999999999999;0.03262763644975555
2024-03-21;170748;164.673;165.191;165.339;164.342;154.40688;10.26612;103020.71333333332;1.6574142662700462;-0.3081449552614579;164.9275;64.22432661592683;0.6443232925995801;0.41537497022155984;0.22894832237802026;86.77300136160272;93.7246909868965;162.6519;164.98780469840295;160.31599530159707;165.353;160.212;162.7825;21.688355581266883;30.593959956064783;12.333739357449435;2.608000000000004;0.03639131638177693
2024-03-22;147069;163.667;164.633;164.815;163.483;154.48093666666668;9.186063333333324;103166.32;1.4255524477366812;-0.6109076776399269;163.8785;57.27476235986182;0.64999069319515;0.4622981148162779;0.1876925783788721;67.20482396420928;83.5505413992088;162.6914;165.06756526361718;160.3152347363828;165.353;160.212;162.7825;21.9655471153229;28.06914856648958;16.637969086269187;2.844999999999999;0.039713525837230104
2024-03-25;114798;164.09;163.499;164.21;163.313;154.55511666666666;9.53488333333334;103198.21;1.1124030155173126;0.2584516121148406;163.8785;59.270459328804115;0.6807672527136504;0.5059919423957524;0.17477531031789795;75.43279517603578;76.47020683394925;162.71885;165.14578216016042;160.29191783983958;165.353;160.212;162.7825;22.001007601905343;26.484069717735586;16.768647094011964;3.544000000000011;0.04302882455635946
2024-03-26;118989;164.153;164.079;164.409;163.959;154.63198999999997;9.521010000000018;103256.62;1.152361950255475;0.0383935645072774;163.94700000000003;59.573333963268105;0.7021475514507927;0.5452230642067605;0.15692448724403218;76.65823769694587;73.0986189457303;162.7644;165.26206301970882;160.26673698029117;165.353;160.212;162.7825;22.20146817207793;27.00921930449698;16.272200347951905;2.8100000000000023;0.046186856576606525
2024-03-27;130498;163.741;164.14;164.417;163.435;154.70596666666668;9.035033333333333;103323.18333333332;1.2630079309401911;-0.2509853612178703;163.94700000000003;56.608655614778165;0.6780307193907049;0.5717845952435494;0.10624612414715551;68.6442326395645;73.57842183751536;162.78435;165.30640347088854;160.26229652911144;165.353;160.212;162.7825;21.68332583430161;25.25227191085721;18.684790322985872;1.9850000000000136;0.04851450902321139
2024-03-28;130699;163.246;163.735;163.866;163.134;154.77909666666667;8.466903333333335;103420.75;1.2637599321218167;-0.3023066916654993;163.25400000000005;53.18413012870931;0.6119217402052755;0.5798120242358946;0.032109715969380836;59.01575568955473;68.1060753420217;162.8435;165.35055281157398;160.33644718842604;165.353;160.212;162.7825;20.819629282649657;23.999058022230777;19.79821054859043;1.8370000000000175;0.0494932538154047
2024-03-29;104595;163.262;163.252;163.418;162.93;154.85088000000002;8.411119999999983;103408.76666666666;1.0114713033677984;0.009801158987055;163.25400000000005;53.28250780279376;0.5544298420946632;0.5747355878076483;-0.020305745712985157;58.79802955665022;62.152672628589805;162.8733;165.3853686376015;160.3612313623985;165.353;160.212;162.7825;19.76016715703234;23.173385828497977;20.55528079974384;0.9730000000000132;0.049449184138166256
2024-04-01;100814;162.917;163.093;163.428;162.792;154.9259;7.991099999999989;103335.43333333332;0.9755995281385272;-0.2113167791647718;163.06600000000003;50.80348373581741;0.4755466758588227;0.5548978054178832;-0.07935112955906054;45.34440206416883;54.38606243679124;162.84955;165.35051073340247;160.34858926659751;165.353;160.212;162.7825;18.599234102367898;22.105943322615403;20.607923425997026;0.7450000000000045;0.04821002806124561
2024-04-02;125890;163.215;162.903;163.335;162.611;154.99792666666664;8.21707333333336;103391.81333333334;1.2176012388342656;0.182915226771918;163.06600000000003;52.84433705913137;0.43209636982379607;0.5303375182990658;-0.09824114847526977;50.12829484487982;51.423575488566264;162.86445;165.37038642976455;160.35851357023546;165.353;160.212;162.7825;17.284680600887416;20.924336913017815;20.842688609076873;-0.6949999999999932;0.04648922706285902
2024-04-03;113287;164.365;163.193;164.374;163.066;155.07162666666667;9.293373333333337;103397.14333333333;1.0956492253830712;0.7045921024415591;164.18950000000004;59.778607896082086;0.48486782384389926;0.5212435794080326;-0.036375755564133305;76.95358059248896;57.475425833845854;162.94115;165.53080096297185;160.35149903702813;165.353;160.212;162.7825;17.241183583794157;26.435959999487142;18.87931118874045;-0.8169999999999789;0.04581315047000777
2024-04-04;109293;164.014;164.356;164.917;163.792;155.14963333333333;8.864366666666683;103362.33666666668;1.0573774115851169;-0.2135491132540412;164.18950000000004;57.02243375210907;0.4926874208813672;0.5155323477026995;-0.022844926821332323;60.65236555980045;62.578080332389725;163.0386;165.63570988601197;160.44149011398804;165.353;160.212;162.7825;17.706887481515903;28.18789004915313;17.364232767652297;-0.6589999999999918;0.045352424668407075
2024-04-05;149726;164.289;163.999;164.439;163.479;155.22785333333334;9.061146666666644;103517.12;1.4463887712485195;0.1676686136549143;164.58700000000002;58.6317388400537;0.5151365362710862;0.5154531854163769;-0.00031664914529061505;68.16277678037052;68.58957431088663;163.21194999999997;165.65219912458156;160.7717008754184;165.353;160.212;162.7825;17.696093140882073;26.25185855761082;18.410958574587976;0.6219999999999857;0.045296874907503885
2024-04-08;109484;164.885;164.201;164.905;164.126;155.30670333333333;9.57829666666666;103512.58;1.0576878675035384;0.3627753531885824;164.58700000000002;61.95660439396305;0.5743985322456808;0.5272422547822376;0.0471562774634432;82.93216630196883;70.58243621404658;163.4289;165.64360267982437;161.21419732017563;165.353;160.278;162.8155;18.124252007644838;28.152575200439323;17.368490345411324;0.7949999999999875;0.04614159139506013
2024-04-09;108198;164.783;164.843;165.173;164.543;155.38824;9.394759999999993;103460.52;1.0457902202694278;-0.0618612972677956;164.63850000000002;61.052232684545956;0.6061462666161503;0.5430230571490202;0.06312320946713013;79.61876832844538;76.90457047026156;163.6009;165.67046361584303;161.53133638415696;165.353;160.896;163.1245;18.76195500256052;28.828723612226128;16.552226388712327;0.6299999999999955;0.047338163791724945
2024-04-10;141264;164.494;164.688;164.992;163.895;155.46318333333335;9.030816666666652;103599.53666666668;1.3635582218336146;-0.1753821692771606;164.63850000000002;58.44896664821004;0.6010580668594798;0.5546300590911122;0.04642800776836764;73.49726775956289;78.68273412999235;163.7378;165.65793578687067;161.81766421312932;165.353;161.066;163.2095;18.420198528126267;26.493845028994972;19.99581575172246;0.7529999999999859;0.04827773775781934
2024-04-11;161889;164.399;164.445;164.699;163.933;155.53490333333332;8.864096666666683;103718.67333333334;1.5608471917077265;-0.0577528663659454;163.728;57.57981075207425;0.5826435734107065;0.560232761955031;0.022410811455675472;69.78922716627645;74.30175441809489;163.8873;165.49984322113286;162.27475677886716;165.353;161.066;163.2095;18.102853230437322;24.972896128254728;18.847903323243205;1.1529999999999916;0.0487954342367848
2024-04-12;147655;163.057;164.395;164.412;162.27;155.60048333333333;7.456516666666658;103860.76666666666;1.421662912174271;-0.8163066685320519;163.728;46.95709304463662;0.45452231987209757;0.5390906735384443;-0.08456835366634674;27.109886324491217;56.79879375011017;163.9257;165.41612424833386;162.43527575166615;165.353;161.95;163.6515;17.720327555417153;21.291942859712893;27.513401037377772;-0.2050000000000125;0.0473026508331407
2024-04-15;164537;163.901;162.73;164.434;162.656;155.67030333333332;8.230696666666688;104049.30333333332;1.5813368732789292;0.5176104061769937;164.10050000000004;52.848699112590126;0.41629031416667317;0.51453060166409;-0.09824028749741687;56.18325869789889;51.02745739622217;164.01215;165.26773723712114;162.75656276287884;165.353;162.011;163.68200000000002;17.33831232674807;18.957155033490714;24.31024756043888;0.9840000000000089;0.0454488749447965
2024-04-16;161270;164.3;163.899;164.679;163.676;155.73983333333334;8.560166666666674;104250.58;1.546945829941517;0.2434396373420577;164.10050000000004;55.37232942236516;0.4134214742075244;0.4943087761727769;-0.08088730196525251;69.92766104030338;51.073602020897816;164.03164999999998;165.29238903327433;162.77091096672564;165.353;162.27;163.81150000000002;16.675394030041584;19.31844941626758;22.70442402649332;1.085000000000008;0.04382256063845369
2024-04-17;148019;164.771;164.264;164.812;163.924;155.81093666666666;8.960063333333323;104486.89666666668;1.4166273927360955;0.2866707242848321;164.6885;58.21535929197149;0.4440351013140855;0.48425404120103865;-0.04021893988695313;86.15225628659951;70.75439200826725;164.0111;165.20794600514083;162.81425399485917;165.339;162.27;163.80450000000002;15.890376098588698;19.061251828988432;21.359213054729768;0.4059999999999775;0.04289658237484951
2024-04-18;130160;164.606;164.759;164.953;164.359;155.88044333333335;8.725556666666648;104585.07666666666;1.2445370233349184;-0.1001389807672392;164.6885;56.84905272174228;0.44979751455923633;0.47736273587267825;-0.027565221313441912;80.46848088184606;78.84946606958296;164.00775000000002;165.19752071321392;162.8179792867861;165.173;162.27;163.7215;14.976842693815865;19.25266521097581;20.484890424247354;0.5919999999999845;0.04219696963197577
2024-04-19;185352;164.788;164.582;165.026;163.018;155.95275333333333;8.835246666666677;104860.92333333334;1.767598397076696;0.1105670510188172;164.87100000000004;58.019443504824025;0.46370484670788414;0.47463115803971945;-0.010926311331835303;86.7378573889083;84.45286485245127;164.06380000000001;165.28916681855745;162.83843318144258;165.173;162.27;163.7215;15.514804846794656;16.755707490309202;26.48946654944074;0.49900000000002365;0.04181371693719972
2024-04-22;112938;164.954;164.682;165.101;164.4;156.027;8.927000000000021;104945.14333333333;1.0761622349808844;0.1007354904483337;164.87100000000004;59.10885319273398;0.48255868418382875;0.4762166632685413;0.006342020915287461;92.45607991732709;86.55413939602714;164.107;165.3924620959101;162.8215379040899;165.173;162.27;163.7215;15.910038616807835;16.474115751957097;25.25790357525456;0.06900000000001683;0.04177484222570336
2024-04-23;120775;165.708;164.973;165.74;164.623;156.09961333333334;9.60838666666666;104956.28666666668;1.1507171588831155;0.4570971301089965;165.95400000000004;63.71481492621868;0.5519791131557383;0.49136915324598074;0.060609959909757594;99.07780979827058;92.75724903483531;164.18475;165.64777752879831;162.7217224712017;165.74;162.27;164.005;15.424654785306469;19.483726729614016;23.391676049995414;0.9250000000000114;0.04278728397444216
2024-04-24;107714;166.2;165.685;166.228;165.4;156.17188333333334;10.028116666666648;105014.74333333332;1.0257035972376616;0.2969078137446512;165.95400000000004;66.37624856383403;0.6393258411177101;0.5209604908203266;0.11836535029738349;99.29257200606317;96.94215390722026;164.3077;165.9967371339973;162.61866286600272;166.228;162.27;164.24900000000002;14.389409735864945;21.681208304215744;22.088805215677116;1.7059999999999889;0.04496270755806368
2024-04-25;137189;167.012;166.196;167.088;165.924;156.2483566666667;10.763643333333306;105141.95333333334;1.3047979008441504;0.4885679903730455;168.13100000000003;70.25408306081404;0.7652490514455508;0.5698182029453714;0.19543084850017933;98.42258198422596;98.93098792951987;164.496;166.48301414187767;162.50898585812234;167.088;162.27;164.679;14.19337504117355;25.740734333938192;20.37105187067216;2.6129999999999995;0.04870298989464535
2024-04-26;155330;169.25;167.009;169.396;166.458;156.32818333333333;12.921816666666672;105292.98;1.475217056255652;1.3400234713673242;168.13100000000003;77.83991558095471;1.0337159649338048;0.6625977553430582;0.3711182095907466;97.95116474880737;98.55543957969881;164.7954;167.5891816235386;162.0016183764614;169.396;162.27;165.833;15.682322636809399;34.957034969008774;16.81634576372509;6.193000000000012;0.05590363571986437
2024-04-29;230573;167.562;168.706;171.601;165.634;156.40366;11.15834000000001;105691.72333333331;2.1815615521074534;-0.9973412112259884;167.89250000000004;64.48269462101449;1.0976177807444003;0.7496017604233267;0.3480160203210736;56.71417854463624;84.36264175922317;165.02765;167.928441841898;162.12685815810198;171.601;162.27;166.9355;18.0583181559148;35.50845565574212;12.171097598646886;3.6610000000000014;0.06297918712570333
2024-04-30;142899;168.223;167.557;168.6;167.214;156.48293666666666;11.740063333333351;105855.44333333331;1.3499447501249882;0.3944808488798079;167.89250000000004;66.87945660758939;1.1879041859436654;0.8372622455273945;0.35064194041627095;63.798092380238025;72.82114522456052;165.27804999999998;168.36814789327494;162.18795210672502;171.601;162.27;166.9355;20.264599709369815;33.21345297857823;11.384448304638504;3.923000000000002;0.0703261438385279
2024-05-01;137794;165.417;168.204;168.664;164.056;156.55031;8.866690000000006;105973.63666666669;1.300266786478313;-1.6680239919630524;165.11150000000004;51.11152775405698;1.0212635725135613;0.8740625109246278;0.14720106158893342;33.72628871503585;51.41285321330335;165.33065000000002;168.39247418012897;162.26882581987107;171.601;162.27;166.9355;19.52242836327974;26.971850802080905;22.12402537259889;0.646000000000015;0.07404954599690074
2024-05-02;193808;164.806;165.526;167.383;164.224;156.61738;8.188620000000014;106280.08666666668;1.8235589194411808;-0.3693695327566026;165.11150000000004;48.433786755188194;0.8303256152960898;0.8653151317989203;-0.03498951650283044;24.03577417551713;40.520051756930314;165.37025;168.38302824441533;162.35747175558467;171.601;162.27;166.9355;18.8332692561961;23.68568252753647;19.428501405106037;0.20000000000001705;0.07431488414518882
2024-05-03;155356;164.596;164.744;164.915;164.015;156.68334000000002;7.912659999999988;106475.68333333332;1.4590749280624675;-0.1274225452956856;165.16950000000003;47.512446873908615;0.6545158127433979;0.8231552679878159;-0.16863945524441804;18.385180006990602;25.382414299181175;165.3856;168.37925371411296;162.39194628588706;171.601;162.27;166.9355;18.038436129055462;22.83218154429801;19.56520611875643;-0.19200000000000728;0.07186143112364737
2024-05-06;111457;165.743;164.512;165.989;164.408;156.75555666666668;8.987443333333317;106541.39;1.0461380314259985;0.696857760820424;165.16950000000003;52.794391588121165;0.6008127957833551;0.7786867735469238;-0.17787397776356872;31.748805778865137;24.723253320457605;165.4285;168.41681521095455;162.44018478904547;171.601;162.27;166.9355;17.949538336675317;25.710399367801497;18.316568863219274;0.7889999999999873;0.06892045815046902
2024-05-07;117212;166.369;165.708;166.568;165.595;156.83103333333332;9.537966666666676;106453.19666666668;1.101066042826417;0.3776931755790524;166.7605;55.43054365642264;0.6018282349652964;0.7433150658305984;-0.141486830865302;39.042292904578815;29.72542623014483;165.5078;168.50754129551572;162.50805870448428;171.601;162.27;166.9355;18.188391319155496;27.081895594364564;17.573259116272226;0.6610000000000014;0.06638920826196754
2024-05-08;118282;167.152;166.351;167.342;166.089;156.91153333333332;10.240466666666665;106257.83666666668;1.1131602497333188;0.4706405640473754;166.7605;58.54862815539597;0.6582269040113715;0.726297433466753;-0.0680705294553815;48.16497728067094;39.65202532137161;165.64069999999998;168.68420436832648;162.5971956316735;171.601;162.27;166.9355;18.816243794195838;28.930194911309215;16.636943717070565;0.9519999999999982;0.06504024530028986
2024-05-09;116967;167.616;167.116;167.749;166.737;156.99013333333335;10.625866666666669;106163.17333333334;1.1017662370804755;0.2775916531061684;167.68300000000002;60.32020839746144;0.731926979144248;0.727423342602252;0.004503636541995926;47.469021882415255;44.89209735588832;165.80155;168.90500391298508;162.6980960870149;171.601;162.27;166.9355;19.604205345233165;29.430109711091273;15.900086299365352;0.6040000000000134;0.06496183795348473
2024-05-10;118495;167.75;167.539;167.965;167.415;157.07892666666666;10.67107333333334;106020.90666666666;1.1176569199935362;0.0799446353569877;167.68300000000002;60.84071728483168;0.792017613745287;0.7403421968308591;0.051675416914427896;49.235433693646286;48.289810952244146;166.0362;168.97966126864657;163.09273873135345;171.601;162.656;167.1285;20.445948716848367;29.67880801970723;15.498330918265044;-1.5;0.06576611893456841
2024-05-13;128086;168.556;167.66;168.658;167.511;157.16761666666665;11.388383333333364;105915.01;1.2093281207261173;0.4804769001490294;168.90150000000003;63.90754980180828;0.8943676253130661;0.7711472825273006;0.12322034278576555;59.86026891642523;52.188241497495575;166.26895;169.236328740576;163.30157125942398;171.601;163.018;167.3095;21.5732664805798;31.329536432595965;14.666066581824918;0.9939999999999998;0.06795033006738728
2024-05-14;121420;169.247;168.528;169.359;168.35;157.26305;11.98395000000002;105859.68;1.1469900532477384;0.4099527753387511;168.90150000000003;66.34132277731871;1.0194866642871148;0.8208151588792635;0.19867150540785128;68.96915370419218;59.354952104754545;166.5163;169.60806519807414;163.42453480192586;171.601;163.018;167.3095;22.945108862631837;33.176159590403905;13.956076738819082;1.024000000000001;0.07164525210131192
2024-05-15;161255;168.581;169.1;169.397;168.035;157.35560999999998;11.225390000000004;105901.25;1.5226921306404295;-0.3935077135783893;168.72250000000005;62.00173566357505;1.0527681146025714;0.8672057500239251;0.18556236457864628;60.189823358818806;63.006415326478724;166.7068;169.81440902303078;163.5991909769692;171.601;163.018;167.3095;23.883309520060912;30.994937566558118;14.55908393333693;3.1639999999999873;0.07525783707961169
2024-05-16;173173;168.864;168.554;168.907;167.326;157.44297;11.421030000000002;106101.24;1.632148691193276;0.1678718242269283;168.72250000000005;63.10610831280269;1.0894214661077797;0.9116488932406961;0.1777725728670836;63.92037964671777;64.35978556990956;166.91969999999998;170.0057911263315;163.83360887366845;171.601;163.018;167.3095;24.026921426199465;28.6409677161575;16.85920843107967;4.057999999999993;0.07884303193221431
2024-05-17;135782;169.127;168.786;169.323;168.67;157.53088666666667;11.596113333333337;106171.67666666668;1.2788909835745008;0.1557466363464099;169.393;64.14892520900466;1.126703476932562;0.9546598099790693;0.1720436669534926;94.98327759197359;73.03116019917003;167.13664999999997;170.2028031126188;164.07049688738115;171.601;164.015;167.808;24.399330962930573;29.786800812428876;16.308293376249072;4.531000000000006;0.08240750084858971
2024-05-20;116940;169.659;169.076;169.78;169.008;157.62396333333334;12.035036666666656;106112.38666666669;1.102039108472184;0.3145565167004482;169.393;66.22836452473297;1.1855118503487745;1.0008302180530104;0.18468163229576406;97.90112749349507;85.60159491072879;167.3719;170.45403925058912;164.2897607494109;171.601;164.015;167.808;25.00148831927366;30.961508838904102;15.656901868092104;3.915999999999997;0.08626670085716215
2024-05-21;133784;169.522;169.616;169.942;169.216;157.72029666666666;11.801703333333336;106097.57666666666;1.2609524571923532;-0.0807502107167956;169.61100000000002;65.17990561110703;1.2071479053005305;1.0420937555025145;0.16505414979801603;92.9137843765815;95.2660631540167;167.5626;170.68109158408708;164.44410841591292;171.601;164.015;167.808;25.651768395372574;30.625303853028964;15.04817642424384;3.1529999999999916;0.08982054948089559
2024-05-22;132748;169.7;169.473;169.926;169.381;157.81239000000002;11.887609999999968;106203.82666666666;1.2499361291060904;0.1050011207984757;169.61100000000002;65.93448759197489;1.224541989319107;1.078583402265833;0.14595858705327402;95.91699004555394;95.57730063854349;167.73760000000001;170.9226980769863;164.55250192301372;171.601;164.015;167.808;26.255599894607283;29.692048787517848;14.589608341392267;2.548000000000002;0.0930459289635853
2024-05-23;153912;169.738;169.67;170.32;169.286;157.90493999999998;11.833060000000016;106381.64666666668;1.4467909157511838;0.0223924572775535;169.96050000000002;66.1033687903921;1.2272462774895985;1.1083159773105862;0.1189303001790123;90.1556156968878;92.99546337300774;167.8739;171.15499127578335;164.59280872421664;171.601;164.015;167.808;27.055651893225996;30.185127902249352;13.734462223335797;2.1219999999999857;0.09577013335433833
2024-05-24;127307;170.183;169.686;170.497;169.606;157.99193999999997;12.191060000000022;106464.70333333334;1.1957671980862894;0.2621687541976447;169.96050000000002;68.09792554370385;1.2508778847172835;1.1368283587919257;0.11404952592535778;93.59445124438963;93.22235232894377;167.92055;171.30352404512976;164.53757595487022;171.601;164.015;167.808;27.905826717473197;29.652764883304467;13.025949066246453;2.4329999999999927;0.09837314196107562
2024-05-27;87310;170.361;170.132;170.499;169.964;158.07747666666668;12.283523333333306;106430.13666666669;0.8203503512679112;0.1045932907517199;170.5085;68.8865720738165;1.2693370882749377;1.1633301046885283;0.10600698358640948;96.8707482993196;93.54027174686566;168.0605;171.60050240113216;164.52049759886782;170.499;164.015;167.257;28.69654837441092;28.707613097129613;12.605459051076236;1.8049999999999784;0.10079419277684758
2024-05-28;124995;170.656;170.292;170.798;170.146;158.1663366666667;12.489663333333311;106490.92;1.1737620446887704;0.1731616978064343;170.5085;70.20133363181466;1.2928668108540649;1.1892374459216357;0.10362936493242914;96.50332430435864;95.6561746160226;168.18215;171.89893152573185;164.46536847426816;170.798;164.015;167.4065;29.626573170921255;29.404722396748806;12.093113535518425;1.4089999999999918;0.10313293472209902
2024-05-29;138720;170.291;170.63;170.798;170.171;158.2528;12.03819999999999;106601.27;1.3012978175587118;-0.2138805550346956;170.07500000000002;66.45927762330112;1.2674514446598835;1.2048802456692853;0.06257119899059815;85.39746543778791;92.92384601382203;168.42585;172.0226742812266;164.82902571877338;170.798;164.015;167.4065;30.490167624823705;28.216987418754165;11.604640502337066;1.710000000000008;0.10468010278976198
2024-05-30;154511;169.859;170.244;170.329;169.064;158.3379866666667;11.521013333333345;106783.26666666666;1.44695891803259;-0.2536834007669131;170.07500000000002;62.23114794497227;1.1986336911497801;1.2036309347653842;-0.004997243615604052;72.95506912442423;84.95195295552357;168.6785;171.91453736072705;165.44246263927297;170.798;164.015;167.4065;29.655443564249335;25.940388107095142;17.728817285159256;0.9950000000000045;0.10491602468371934
2024-05-31;167799;170.608;169.816;170.745;169.441;158.4295;12.178500000000014;107007.3;1.5681079702037557;0.4409539677026286;170.395;66.24130256310423;1.190806292346707;1.201066006281649;-0.01025971393494185;94.52764976958534;84.2933947772658;168.97910000000002;171.72167710192824;166.2365228980718;170.798;164.408;167.603;29.236522198463376;26.430444286396636;16.271434771117605;1.4809999999999945;0.10493413523877367
2024-06-03;159327;170.182;170.334;170.891;169.717;158.5172433333333;11.664756666666676;107258.14;1.4854536914399703;-0.2496952077276626;170.395;62.196426400470024;1.137120366875962;1.1882768784005115;-0.051156511524549586;80.11220196353426;82.53164028584793;169.20104999999998;171.5504343853275;166.85166561467247;170.891;165.595;168.243;28.97101102686027;25.397404249421783;15.070302209029924;0.5229999999999961;0.10409850018565725
2024-06-04;189614;168.511;170.159;170.722;168.008;158.59912;9.911879999999996;107669.07333333332;1.76108137768545;-0.9818899766132704;169.0945;49.44286380581322;0.9488009623974847;1.1403816951999062;-0.1915807328024215;33.23983169705478;69.2932278100581;169.30815;171.29934504570014;167.3169549542999;170.891;166.089;168.49;27.07257976124667;21.45454840975386;22.50652516646157;-1.0109999999999957;0.10057019101656794
2024-06-05;148854;169.678;168.459;170.017;168.378;158.68105333333332;10.996946666666672;107887.34666666666;1.3797169417827269;0.6925363922829941;169.0945;56.19806746932154;0.8835387399439867;1.0890131041487223;-0.20547436420473564;57.925771765521965;57.09260180870365;169.43445000000003;171.16610013499283;167.70279986500722;170.891;166.737;168.814;25.30975072889118;19.48702090795667;20.44252426608505;-0.02199999999999136;0.09656122945901968
2024-06-06;150301;169.453;169.628;170.288;169.204;158.75957666666667;10.693423333333328;108089.14333333333;1.3905281822474689;-0.1326041089593221;169.38700000000003;54.68105479003098;0.8043898335779147;1.0320884500345608;-0.22769861645664613;50.12140131807154;47.09566826021608;169.52630000000002;171.04405598830002;168.00854401170002;170.891;167.326;169.1085;23.618338444323825;19.825041616332733;19.18911908931081;-0.2849999999999966;0.09195214023999053
2024-06-07;162798;169.321;169.408;169.974;168.937;158.83617;10.484829999999988;108282.10666666667;1.503461698442374;-0.0778977061486108;169.38700000000003;53.764124117332024;0.7226818319113022;0.9702071264099091;-0.24752529449860694;45.542837322233666;51.1966701352757;169.60485;170.89181701978737;168.31788298021263;170.891;167.326;169.1085;22.105395073246775;18.647154455792155;19.578770416159454;-0.8619999999999948;0.0868070878216881
2024-06-10;135383;169.052;168.795;169.214;168.3;158.91148666666666;10.140513333333333;108425.09333333334;1.2486316205767698;-0.1588698389449638;168.912;51.85576673376942;0.6289712114384827;0.9019599434156239;-0.27298873197714124;36.21227887617029;43.95883917215847;169.62965;170.8523254720777;168.4069745279223;170.891;167.326;169.1085;21.35024305970285;17.542054156142697;22.115913394367094;-1.3089999999999975;0.08104308871000968
2024-06-11;126610;168.772;169.008;169.422;168.294;158.98395666666667;9.78804333333332;108510.79666666666;1.1667963363030174;-0.1656295104464855;168.912;49.871456284371014;0.5260472642140144;0.826777407575302;-0.30073014336128767;26.50017343045392;36.085096542952606;169.6059;170.8749577449511;168.33684225504888;170.891;167.326;169.1085;20.396131404388946;17.601180215105675;20.659210791098847;-1.8840000000000146;0.07463045024295721
2024-06-12;166947;169.409;168.722;169.589;168.548;159.05885333333333;10.35014666666666;108784.87666666666;1.534652656835155;0.3774322754959369;169.00050000000002;54.168255244522406;0.49022881822091335;0.7594676897044244;-0.269238871483511;48.59521331945859;37.10255520869425;169.6473;170.83107431971655;168.46352568028345;170.891;167.326;169.1085;19.304100400478752;17.505399935524753;19.38990020283582;-0.882000000000005;0.068655785619566
2024-06-13;153065;168.592;169.382;170.137;168.276;159.13030666666666;9.461693333333358;108989.23333333334;1.4044047775971689;-0.4822648147382868;169.00050000000002;48.43399326231156;0.39140549081071185;0.6858552499256819;-0.29444975911497007;20.25667707249417;31.78402127413554;169.6337;170.85869046527733;168.40870953472268;170.891;168.008;169.4495;18.208028879067776;18.768468921188216;17.338940788092945;-1.266999999999996;0.0621485820431344
2024-06-14;197835;168.492;168.533;169.801;167.507;159.19999;9.292010000000005;109351.74333333332;1.809161829244258;-0.0593147954826012;168.8915;47.76745147535774;0.3015421375313565;0.6089926274468168;-0.3074504899154603;29.107565011820014;32.65315180125757;169.60195000000002;170.90805726589377;168.29584273410626;170.891;167.507;169.199;17.481043293035984;16.457579436405272;19.331527260558293;-2.116000000000014;0.0553289692047313
2024-06-17;141449;169.291;168.272;169.332;167.957;159.27338666666668;10.017613333333315;109508.92;1.2916664688135642;0.4742064905158827;168.8915;53.297724910006856;0.2914378905172441;0.5454816800609024;-0.25404378954365825;52.71867612293141;34.02763940241518;169.58355;170.89627578630135;168.27082421369866;170.891;167.507;169.199;16.80598524886361;15.245875114839313;17.908225904814998;-0.8909999999999911;0.04941344366743526
2024-06-18;134320;169.526;169.281;169.912;168.965;159.3471866666667;10.178813333333323;109667.66666666669;1.2247912633014388;0.138814231116835;169.68050000000002;54.813112014649775;0.2989466668963132;0.4961746774279846;-0.19722801053167138;59.66312056737629;47.16312056737589;169.58375;170.8964394339563;168.27106056604373;170.891;167.507;169.199;15.739069857394057;17.627814240957324;16.98091827557009;1.0150000000000148;0.04453321291226044
2024-06-19;88373;169.835;169.525;169.9;169.127;159.41898333333333;10.416016666666678;109656.03333333334;0.8059109682670624;0.1822729256869104;169.68050000000002;56.79812541079588;0.32607238437969954;0.4621542188183276;-0.13608183443862804;68.79432624113512;60.39204097714759;169.5905;170.90689424186695;168.27410575813303;170.891;167.507;169.199;14.748362708172328;16.860360304232476;16.24162794713505;0.1570000000000107;0.04082654889521253
2024-06-20;126860;170.088;169.709;170.318;169.494;159.49676333333335;10.591236666666646;109784.48333333334;1.1555367038054871;0.148968116112691;170.45850000000002;58.40912629331362;0.3637911387113206;0.4424816027969262;-0.0786904640856056;76.2706855791962;68.24271079590251;169.608;170.9409736681647;168.2750263318353;170.891;167.507;169.199;14.327083977351876;18.47246270963065;15.46852868119061;0.6349999999999909;0.03827759521841705
2024-06-21;132937;170.829;170.085;170.907;169.325;159.57438666666667;11.25461333333334;109874.04;1.2099036314673413;0.4356568364611402;170.45850000000002;62.786161367613005;0.448308212461626;0.4436469247298662;0.004661287731759778;97.70588235294109;80.92363139109078;169.6403;171.05617034717886;168.22442965282113;170.907;167.507;169.207;14.570287825170015;20.153237738487082;14.082566253307762;1.5080000000000098;0.03739574186579887
2024-06-24;138122;171.339;170.556;171.45;170.277;159.65302666666668;11.685973333333322;110009.55;1.255545541273348;0.2985441581932813;171.20300000000003;65.47895210542445;0.5501001282208335;0.46493756542805975;0.08516256279277379;97.18488460563047;90.38715084592256;169.6892;171.26030109159797;168.11809890840203;171.45;167.507;169.4785;15.314442446199891;21.898440950803174;13.142301628790298;2.287000000000006;0.03818378381820464
2024-06-25;131543;171.067;171.236;171.392;170.701;159.72311333333334;11.343886666666664;110030.02333333332;1.1955191502730274;-0.1587496133396371;171.20300000000003;62.86619682603303;0.6018846761436691;0.49232698757118165;0.10955768857248749;90.28658381942726;95.05911692599959;169.70975;171.3405153264711;168.07898467352894;171.45;167.507;169.4785;16.005443165727634;21.008565135099822;12.608244596674947;2.295000000000016;0.03966485239975682
2024-06-26;152513;171.743;171.046;171.797;170.848;159.79248666666666;11.950513333333332;110247.02333333332;1.3833752185658663;0.3951668059883007;171.91250000000002;66.44931312487344;0.6895234566969464;0.5317662813963346;0.15775717530061173;98.74125874125869;95.40424238877212;169.78235;171.62559803269127;167.93910196730874;171.797;167.507;169.652;17.026915886988395;22.237019273419882;11.893425707913403;2.334000000000003;0.04224895780362563
2024-06-27;143086;172.082;171.735;172.165;171.381;159.86526333333333;12.216736666666662;110372.44333333331;1.2963924298373666;0.1973879575877912;171.91250000000002;68.11107589872275;0.7773712368261556;0.5808872724822989;0.19648396434385673;98.21811936453416;95.74865397507335;169.8935;171.9922255656755;167.79477443432447;172.165;167.507;169.836;18.298353821025476;23.42314975868389;11.322326443911624;3.4899999999999807;0.04576738341184239
2024-06-28;175678;172.356;172.051;172.445;171.45;159.94272666666666;12.413273333333336;110596.09;1.5884648363245402;0.1592264153136291;172.87700000000004;69.42906517656206;0.8591964635732552;0.6365491107004901;0.22264735287276505;98.19765087079791;98.38567632553024;169.9809;172.3228592566951;167.6389407433049;172.445;167.507;169.976;19.713927573569986;23.71369056059613;10.625016360625901;3.8640000000000043;0.04998424763634249
2024-07-01;158888;173.398;172.661;173.673;172.585;160.02782;13.370180000000005;110690.45666666668;1.4354263663258804;0.6045626494000755;172.87700000000004;73.85462943856128;0.9966356416392159;0.7085664168882353;0.2880692247509806;95.54005838469014;97.3186095400074;170.1417;172.9181316739332;167.36526832606677;173.673;167.507;170.59;21.879253959130814;29.324896546670164;9.767538742148545;4.106999999999999;0.055589575170085836
2024-07-02;127987;173.499;173.392;173.599;173.084;160.11096;13.38803999999999;110799.17;1.1551259815392882;0.0582474999711646;173.97000000000003;74.24383538108779;1.1010152182819013;0.7870561771669686;0.31395904111493267;97.17807330522207;96.97192752023669;170.3911;173.4213190613913;167.3608809386087;173.673;167.507;170.59;23.88991417429444;28.36102052331849;9.446490843966462;3.9729999999999848;0.06188589708064776
2024-07-03;137195;174.441;173.432;174.514;173.31;160.19681666666668;14.244183333333323;110964.16;1.2363902002230958;0.5429426106202451;173.97000000000003;77.59398025307036;1.2453922060414868;0.8787233829418724;0.36666882309961446;98.95818467247028;97.2254387874608;170.62925;174.11263937674485;167.14586062325517;174.514;167.507;171.0105;26.266020695112417;32.00177189960282;8.724503858793518;4.6059999999999945;0.06933370395764966
2024-07-04;103862;174.336;174.301;174.432;173.799;160.28381666666667;14.052183333333346;110984.94333333331;0.9358206336876744;-0.0601922713123537;174.28250000000003;76.40107772180015;1.3359395074936913;0.9701666078522362;0.3657728996414551;97.28534390727472;97.80720062832233;170.8734;174.66376290611052;167.0830370938895;174.514;167.507;171.0105;28.47240532158625;30.65630833675842;8.357695980694501;4.248000000000019;0.07696719505949158
2024-07-05;160227;174.229;174.286;174.501;173.711;160.37275666666665;13.856243333333367;111163.00333333333;1.441369837044875;-0.0613757342143861;174.28250000000003;75.13345661540987;1.3831211310531728;1.0527575124924236;0.33036361856074925;94.86393944854936;97.0358226760981;171.1188;175.105777230938;167.13182276906198;174.514;167.507;171.0105;30.345416204792123;29.038423174586768;8.504491856000431;3.4000000000000057;0.08411466047873162
2024-07-08;149042;174.097;173.627;174.631;173.507;160.46346666666668;13.633533333333332;111288.05;1.3392453187919693;-0.0757623587347766;174.25500000000002;73.5130308414721;1.393794811835619;1.1209649723610626;0.2728298394745563;90.2979651162792;94.1490828240344;171.37105000000003;175.44057943102982;167.30152056897023;174.631;167.507;171.06900000000002;31.66894003166949;26.865952223836214;9.226067763896285;2.7580000000000098;0.09030520296677892
2024-07-09;124319;174.413;174.055;174.588;173.938;160.55399666666668;13.859003333333334;111385.28666666668;1.11611689227885;0.1815080099025312;174.25500000000002;74.9081956100773;1.4114816578978377;1.1790683094684176;0.23241334842942019;95.89144364869979;93.68444940450944;171.6531;175.7448649932538;167.5613350067462;174.631;167.507;171.06900000000002;32.89792644234133;25.669934968755868;8.81534209334401;3.3460000000000036;0.09576890880271478
2024-07-10;112190;175.126;174.412;175.157;174.308;160.64437999999998;14.48162000000002;111460.49;1.0065450098056266;0.4087998027670014;173.913;77.75532050170466;1.466131105292476;1.2364808686332294;0.22965023665924655;99.46844993141279;95.21928623213057;171.93895;176.16040825397064;167.71749174602937;175.157;167.507;171.332;34.43532984003315;28.106694168707968;8.295854307948497;3.3830000000000098;0.10113582358488034
2024-07-11;168635;172.7;175.091;175.424;171.564;160.72622666666666;11.973773333333328;111729.04333333332;1.5093210768562466;-1.3852883067048904;173.913;54.920594499193115;1.298712511595454;1.2489271972256744;0.04978531436977973;47.07596658247508;80.8119533875292;172.14435;176.08482937566185;168.20387062433815;175.424;167.507;171.46550000000002;32.063597159217025;21.812884922967648;22.356643759418947;0.617999999999995;0.10321661702639841
2024-07-12;218534;172.2;172.575;173.429;171.459;160.80274333333332;11.397256666666664;112150.66333333332;1.9485751889889005;-0.2895193977996535;172.21200000000002;51.55980838007436;1.1128579152619693;1.2217133408329333;-0.10885542557096395;31.73830192674129;59.42757281354304;172.32975;175.89662150735992;168.76287849264006;175.424;167.957;171.6905;29.964516230111165;19.422476955553876;20.490739896400683;-0.1560000000000059;0.10223421331188563
2024-07-15;160893;172.224;172.04;172.561;171.547;160.8788833333333;11.345116666666655;112376.23333333334;1.4317351207415951;0.0139372822299588;172.21200000000002;51.712552960782574;0.9564777282171235;1.1686662183097714;-0.21218849009264784;30.069930069929597;36.2947328597153;172.4764;175.7615154865569;169.19128451344312;175.424;168.965;172.1945;28.015369653084296;18.310210912561434;19.31729769154124;-1.1740000000000066;0.09907467408951627
2024-07-16;144135;172.639;172.185;172.916;172.036;160.95740666666669;11.681593333333325;112512.54333333332;1.2810571668704362;0.2409652545522167;171.75500000000002;54.39070283007599;0.8561630206666564;1.1061655787811484;-0.250002558114492;31.115508285926484;30.97458009419911;172.63205;175.6252743133477;169.6388256866523;175.424;169.127;172.27550000000002;26.22109734372731;19.429437603180197;18.33592002516064;-0.8599999999999852;0.0948781165658437
2024-07-17;205351;170.871;172.564;172.828;170.699;161.02749666666668;9.84350333333333;112889.69333333331;1.8190411713993653;-1.0241023175528108;171.75500000000002;43.357862302628746;0.6267749959970104;1.010287462224321;-0.3835124662273106;3.640211640211582;21.608549998689202;172.68384999999998;175.51302311418294;169.854676885817;175.424;169.325;172.3745;25.46720661573844;17.1583079465255;23.53331238609743;-3.569999999999993;0.08796323820909956
2024-07-18;210953;171.463;170.836;171.574;169.985;161.10153666666665;10.361463333333347;113245.05333333332;1.8628010124119745;0.346460195117948;171.42100000000002;47.2185785345754;0.48713736987696166;0.9056574437548491;-0.4185200738778875;27.174112888398273;20.643277604845427;172.7526;175.386175850439;170.119024149561;175.424;169.325;172.3745;25.33338503185137;15.684672459042396;25.371296409377532;-2.873000000000019;0.08003688533477815
2024-07-19;174377;171.379;171.479;171.875;170.912;161.17307666666667;10.205923333333317;113464.02;1.5368484211998186;-0.0489901611426368;171.42100000000002;46.73185368775863;0.36548239363042967;0.7976224337299653;-0.43214004009953566;25.629711343996668;18.814678624202156;172.7801;175.34330205212456;170.21689794787545;175.424;169.985;172.7045;24.84780693679125;16.511197620668273;24.024631857954976;-2.8500000000000227;0.07152552237172087
2024-07-22;177657;171.048;171.288;171.661;170.059;161.24260333333334;9.805396666666669;113686.09;1.562697775954687;-0.1931391827470041;169.9575;44.77335347521882;0.2395990658745859;0.6860177601588895;-0.4464186942843036;19.544033829747924;24.115952687380936;172.76555000000002;175.3643647663917;170.16673523360834;175.424;169.985;172.7045;25.043028501783873;15.077471512955617;26.562022363145182;-3.0490000000000066;0.06247403613818644
2024-07-23;186050;168.867;170.838;171.091;168.831;161.30288666666667;7.564113333333324;113979.08333333331;1.632317040626463;-1.2750806791076208;169.9575;34.510389019152;-0.03574085263360871;0.5416660376003898;-0.5774068902339985;0.5460336720764639;15.239926281940335;172.65555;175.68344732157743;169.62765267842258;175.424;168.831;172.1275;25.98401102936621;13.320235367690369;29.799032957642236;-5.546000000000021;0.05084520870375985
2024-07-24;230143;166.812;168.836;169.206;166.139;161.35762;5.454380000000015;114553.61;2.009041880041841;-1.2169340368455517;166.88000000000002;27.998234562906916;-0.4149873317766435;0.3503353637249832;-0.7653226955016267;7.248249865374282;9.112772455732872;172.409;176.35714898401974;168.46085101598024;175.424;166.139;170.7815;27.993957578565297;11.381604506859462;38.23659060120092;-8.313999999999993;0.0355557417067439
2024-07-25;275609;166.948;166.77;167.594;164.821;161.41395333333332;5.534046666666683;115126.51333333334;2.393966359443088;0.0815289067932711;166.88000000000002;28.953728410454943;-0.69653956094254;0.14096037879147857;-0.8374999397340186;20.06036027539383;9.284881270948173;172.15230000000003;176.76396122346566;167.5406387765344;175.424;164.821;170.1225;30.251998723856097;9.968900259532166;39.39007360982008;-5.751999999999981;0.018561718675550804
2024-07-26;228329;166.926;166.951;168.016;166.319;161.47394;5.452059999999989;115536.99;1.9762415482693485;-0.0131777559479684;166.80200000000002;28.88694711308304;-0.9109461272583701;-0.06942092241849118;-0.8415252048398789;19.852871828727604;15.720493989831885;171.8808;177.02153086632796;166.74006913367202;175.424;164.821;170.1225;31.897506466565126;11.095473725583386;36.41153392041046;-5.274000000000001;0.0010940995697738608
2024-07-29;238845;166.678;166.836;167.515;166.226;161.5316;5.1464;116003.51333333334;2.058946260650434;-0.1485688269053264;166.80200000000002;28.100132518622544;-1.0883308031210959;-0.27320289855901214;-0.8151279045620837;17.513911157219635;19.14238108711367;171.54479999999998;177.10618258349643;165.98341741650353;175.424;164.821;170.1225;33.456528841133775;10.449145483407394;34.710785254368716;-5.545999999999992;-0.016229472763518667
2024-07-30;243800;165.196;166.665;167.956;165.086;161.58269;3.613309999999984;116520.21666666666;2.092340771193604;-0.8891395385113854;163.874;23.909147912745397;-1.3331269930064877;-0.4851877174485073;-0.8479392755579804;3.536734886352916;13.634505957433367;171.12965;177.25641512606924;165.00288487393075;175.424;164.821;170.1225;35.26584930082216;9.168525061295295;35.32485547334805;-7.443000000000012;-0.03437548272153903
2024-07-31;347988;162.345;165.12;166.55;162.014;161.62542333333334;0.7195766666666543;117394.27666666669;2.964267167709201;-1.7258287125596294;163.667;18.265370465094847;-1.7371567486943604;-0.7355815236976779;-1.0015752249966825;2.8996933858956555;7.983446476489384;170.52485000000001;177.5473229340895;163.50237706591054;175.424;162.014;168.719;37.65537596845379;7.586067166165655;40.91699323235975;-8.52600000000001;-0.055484442705015714
2024-08-01;324692;161.148;162.345;162.892;160.885;161.66489333333334;-0.5168933333333428;118184.98333333334;2.747320267281327;-0.7373186731959747;160.4935;16.503905074577688;-2.1293947994618634;-1.0143441788505152;-1.1150506206113482;2.1860194497548426;2.8741492406677858;169.86544999999998;177.7556960665064;161.97520393349356;175.424;160.885;168.15449999999998;40.068781816204464;7.009587297512149;42.08241462267339;-10.314999999999998;-0.07894838860633019
2024-08-02;377735;159.839;161.156;161.599;159.7;161.6978;-1.8588000000000025;119135.62666666666;3.1706300673336365;-0.8122967706704398;160.4935;14.820673919180123;-2.516858858616331;-1.3148471148036784;-1.2020117438126525;1.0517554479419637;2.0458227611974684;169.14595000000003;177.89141100500265;160.4004889949974;175.424;159.7;167.562;42.49257999243999;6.505818051724292;43.54270192669076;-11.539999999999992;-0.10435158428871574
2024-08-05;438634;157.886;159.877;159.964;154.405;161.72476333333333;-3.8387633333333326;120302.46;3.646093355031672;-1.2218544910816531;157.842;12.733939802298437;-2.9475402854909873;-1.6413857489411403;-1.306154536549847;18.894859686261707;7.377544861319485;168.3354;178.0467252731037;158.62407472689628;175.424;154.405;164.9145;45.30273349537099;5.304089367084059;53.0940416253808;-13.162000000000006;-0.1320303800708345
2024-08-06;400463;157.798;157.894;160.223;157.292;161.75139333333334;-3.953393333333338;121345.87;3.300178242571973;-0.0557364174150976;157.842;12.64752861995936;-3.25839849417639;-1.9647882979881905;-1.2936101961881996;19.42186605609617;13.122827063433263;167.50465;177.8181931210629;157.1911068789371;175.424;154.405;164.9145;47.70925161002554;5.639419122161081;48.053960474922086;-11.068999999999988;-0.1599448011833242
2024-08-07;351319;160.262;157.698;161.443;157.508;161.78498333333332;-1.5229833333333147;122242.85333333332;2.87394306022938;1.5614900062104642;160.53750000000002;27.485505600374765;-3.268257221845289;-2.2254820827596102;-1.0427751390856788;33.52604464796794;23.94759013010859;166.76145000000002;176.91201586550847;156.61088413449158;175.424;154.405;164.9145;49.005043288431345;8.7004993741555;42.25460897959582;-6.550000000000011;-0.1837470400048769
2024-08-08;368801;160.813;160.185;160.883;158.958;161.81653333333333;-1.003533333333337;123151.55333333332;2.994692230976083;0.343812007837152;160.53750000000002;30.335264178963016;-3.1947817837300647;-2.4193420229537015;-0.7754397607763632;37.134909596661956;30.027606766908672;166.16709999999998;176.2489904953399;156.08520950466004;173.429;154.405;163.917;50.208278418379585;8.180389714673641;39.72865853206191;-6.135000000000019;-0.20282489226032963
2024-08-09;299870;160.01;160.726;161.384;159.813;161.84416333333334;-1.8341633333333505;123838.46333333332;2.421460925212082;-0.4993377401080745;160.46150000000003;28.572936156030437;-3.1648647677283464;-2.5684465719086305;-0.5964181958197159;33.591034400095815;34.75066288157522;165.5576;175.5806411831952;155.5345588168048;172.916;154.405;163.6605;50.92526924209772;9.363912390483009;37.74554935376443;-6.915999999999997;-0.21847841746914973
2024-08-12;263960;160.913;160.06;161.958;159.986;161.86874333333333;-0.9557433333333164;124364.31666666668;2.122473769606036;0.5643397287669716;160.46150000000003;33.267883777995934;-3.03332448718308;-2.6614221549635206;-0.3719023322195594;43.97000202689018;38.23198200788263;164.99205;174.71872730471347;155.26537269528654;172.916;154.405;163.6605;51.13293079237701;10.611944155484416;35.35957810004091;-5.764999999999986;-0.2297330103115692
2024-08-13;276532;161.426;160.907;161.799;160.638;161.88938666666667;-0.463386666666679;124919.21333333332;2.213686690950273;0.3188058143220207;161.82500000000002;35.84773262986576;-2.854774985477434;-2.7000927210663033;-0.15468226441113053;51.58327823084264;43.048104885942855;164.4314;173.60740737576145;155.25539262423854;172.828;154.405;163.6165;51.3257593747792;10.203024144932439;33.99703426849337;-3.7700000000000102;-0.23653633462273194
2024-08-14;269549;162.224;161.408;162.588;160.585;161.91322;0.310779999999994;125584.32333333332;2.146358660423926;0.4943441576945595;161.82500000000002;39.7497434968088;-2.618694606813733;-2.6838130982157895;0.06511849140205639;57.446183234148805;50.99982116396052;163.99905;172.7244289940626;155.27367100593742;171.875;154.405;163.14;50.84577955591449;12.15308977269818;31.725665932393216;-0.12100000000000932;-0.23868978235353994
2024-08-15;241545;163.782;162.239;163.89;161.939;161.94445;1.8375500000000216;126050.37;1.9162577626704376;0.9604004339678562;163.27850000000004;46.58129106741354;-2.2796037733101002;-2.602971233234652;0.32336745992455196;69.19784517747782;59.4091022141564;163.61499999999998;171.6405575008861;155.58944249911386;171.875;154.405;163.14;49.40518378882643;15.727786494735543;29.64787829971594;2.6340000000000146;-0.23536011236779114
2024-08-16;228253;162.775;163.791;163.858;162.293;161.96740666666668;0.8075933333333296;126468.32666666666;1.804823436951054;-0.614841679793876;163.27850000000004;43.173854928738926;-2.0682864106128136;-2.4960342687102846;0.42774785809747096;61.76665928713757;62.803562566254705;163.1848;170.37885767561187;155.99074232438812;171.661;154.405;163.03300000000002;48.06748771938751;14.885617917087796;28.06033694376589;2.936000000000007;-0.22919221926218583
2024-08-19;265287;162.508;162.721;163.211;160.417;161.98649999999998;0.5215000000000316;127015.22666666668;2.088623600193912;-0.164030102902779;162.09250000000003;42.29051940333105;-1.9004533041051275;-2.376918075789253;0.4764647716841255;66.7188143268835;65.89443959716628;162.7578;168.98281234055247;156.53278765944754;171.091;154.405;162.748;47.51184435033414;13.49618032751626;31.708431621486994;4.622000000000014;-0.2212432560182094
2024-08-20;256770;161.677;162.248;163.191;161.536;162.00369;-0.3266900000000134;127507.04666666666;2.013771055894949;-0.5113594407660016;162.09250000000003;39.57647806452618;-1.8135931402702568;-2.2642530886854537;0.45065994841519696;76.66842382709544;68.38463248037215;162.3983;167.96633182821643;156.8302681717836;169.206;154.405;161.8055;46.995889793356014;12.737740957326638;29.926525754412147;3.8789999999999907;-0.21297601534696697
2024-08-21;290188;161.981;161.621;163.063;161.345;162.02198;-0.0409799999999904;128145.02;2.264528110417224;0.1880292187509624;162.27050000000003;41.06650085203077;-1.7006218650119536;-2.1515268439507538;0.4509049789388002;79.87348444913026;74.42024086770304;162.15675000000002;167.34406830043534;156.9694316995647;168.016;154.405;161.2105;46.585487076975255;11.984816784490565;28.814734343293946;1.718999999999994;-0.20408153099061316
2024-08-22;222737;162.56;161.783;162.909;161.473;162.03746999999998;0.5225300000000175;128558.88;1.7325679875243365;0.3574493304770332;162.27050000000003;43.903830181133;-1.5465432662766432;-2.030530128415932;0.48398686213928865;85.97785977859793;80.83992268494119;161.93734999999998;166.64447571640395;157.23022428359602;168.016;154.405;161.2105;46.204398840335976;11.379347452998077;27.359022649599545;1.747000000000014;-0.19407035379063298
2024-08-23;240474;161.6;162.549;162.712;161.202;162.05059333333332;-0.4505933333333303;129016.43;1.8639021402156408;-0.5905511811023723;161.44750000000002;40.42837894062696;-1.4847831873099722;-1.92138074019474;0.43659755288476787;65.29251288269177;77.04795237013997;161.67104999999998;165.78429749924334;157.55780250075662;167.956;154.405;161.1805;45.95888297819905;10.763569331975418;26.849704746079244;1.5900000000000034;-0.18448461015540596
2024-08-26;217809;161.295;161.402;161.494;160.501;162.06396999999998;-0.7689699999999959;129393.51666666666;1.6833069044802722;-0.1887376237623805;161.44750000000002;39.36226849367581;-1.4438055392613194;-1.825865700008056;0.38206016074673665;59.3387652773424;70.203045979544;161.4019;164.81414429958235;157.98965570041767;167.956;154.405;161.1805;46.00521511557513;10.325615555436233;28.352558039278225;0.3819999999999766;-0.17559705785689442
2024-08-27;199882;160.999;161.295;162.175;160.873;162.07589;-1.0768899999999917;129730.92666666668;1.540742867840338;-0.1835146780743257;160.88700000000003;38.30650898560286;-1.4188594555849363;-1.7444644511234322;0.32560499553849587;41.3828061638281;55.33802810795407;161.19205;164.12815112053934;158.25594887946065;166.55;154.405;160.47750000000002;45.361322475558325;12.397271676501274;26.953348783083914;-0.4269999999999925;-0.16756931881559148
2024-08-28;204830;160.775;160.909;161.372;160.446;162.08555666666666;-1.3105566666666562;130117.53;1.574192193780379;-0.1391312989521553;160.88700000000003;37.48708708392406;-1.4010144104756534;-1.6757744429938766;0.2747600325182231;23.595781211675693;41.43911755094871;161.11354999999998;164.00577547358125;158.2213245264187;163.89;154.405;159.14749999999998;44.95431706122859;11.945740057865644;27.651153707727648;-1.4489999999999839;-0.1604050010085975
2024-08-29;233328;160.608;160.762;161.269;160.024;162.09700333333333;-1.4890033333333292;130678.96;1.7855054861163735;-0.1038718706266483;161.02650000000003;36.85412996039704;-1.3843892109117064;-1.6174973965774426;0.2331081856657362;15.932377049180705;26.970321474894813;161.08655000000002;163.98705529908716;158.18604470091287;163.89;154.405;159.14749999999998;44.76253447688132;11.347330134029564;27.963962126272186;-3.1740000000000066;-0.15401671221106802
2024-08-30;196112;161.445;160.601;161.635;160.187;162.11180666666667;-0.6668066666666732;131019.13666666669;1.4968195104118631;0.5211446503287531;161.02650000000003;42.1282819672442;-1.288818023664561;-1.5517615219948664;0.2629434983303054;36.756337299534344;25.42816518679689;161.16684999999998;164.0131738940838;158.32052610591617;163.89;154.405;159.14749999999998;44.19038212210419;12.169683237925923;26.312989712416453;-1.3300000000000125;-0.1471352717839272
2024-09-02;148345;162.662;161.384;162.894;161.022;162.13096666666664;0.5310333333333688;131153.76;1.1310769893290795;0.7538170894112683;161.65300000000002;48.821637317423;-1.1021703068907414;-1.4618432789740416;0.3596729720833003;68.23590274185244;40.3082056968558;161.40564999999998;163.8891469921528;158.92215300784716;163.89;157.292;160.591;42.43213892240792;16.353631784252524;24.314387298847645;0.15399999999999636;-0.13848613486216993
2024-09-03;229794;160.644;162.619;162.797;160.497;162.14699666666664;-1.5029966666666326;131581.66333333333;1.7463983520093505;-1.2406093617439828;161.65300000000002;40.46434985222947;-1.1043560523598046;-1.3903458336511945;0.28598978129138986;16.037247801345238;40.34316261424399;161.54795;163.44525192379385;159.65064807620612;163.89;157.508;160.699;41.106226191799976;14.860193278451488;24.178473449939297;-1.032999999999987;-0.13114426215685276
2024-09-04;244639;159.295;160.623;160.888;159.252;162.15974666666668;-2.86474666666669;132067.7933333333;1.852374404276774;-0.8397450262692785;159.336;36.02488087759094;-1.2010958124582203;-1.3524958294125997;0.15140001695437943;0.9335649153273555;28.402238486174983;161.4996;163.5671654669277;159.43203453307228;163.89;158.958;161.42399999999998;40.52757748970058;13.888626669476483;27.573143901705688;-2.686000000000007;-0.12634761400011615
2024-09-05;234398;159.377;159.283;159.791;158.55;162.17599666666666;-2.7989966666666533;132516.17;1.768825645956884;0.0514768197369841;159.336;36.481073433869646;-1.2566600596867943;-1.3333286754674387;0.07666861578064443;17.742973610813085;11.571262109161864;161.4278;163.67746847336048;159.1781315266395;163.89;158.55;161.22;40.315277608993384;13.184447424310274;29.04320084038216;-3.1829999999999927;-0.12312848037612564
2024-09-06;273496;157.723;159.364;159.598;157.465;162.18777666666665;-4.464776666666637;133055.67333333334;2.055500476968108;-1.037790898310298;157.85100000000003;31.588157810181343;-1.417815409399367;-1.3502260222538243;-0.06758938714554263;4.5057631854699585;7.7274339038701045;161.31345000000002;164.02486693400928;158.60203306599075;163.89;157.465;160.6775;40.57116690883637;12.053265642639287;30.9156380093564;-3.876999999999981;-0.12284578340658622
2024-09-09;224765;157.979;157.587;158.73;157.404;162.19776666666667;-4.218766666666653;133443.97;1.6843398768785367;0.1623098723711802;157.85100000000003;33.08411271596026;-1.5074976302921357;-1.3816803438614866;-0.12581728643064904;10.160805796077362;10.803180864120108;161.16675;164.24202845081263;158.0914715491874;163.89;157.404;160.647;40.833270712160456;11.398543281573934;29.486213017136677;-3.315999999999974;-0.12401229734053329
2024-09-10;206817;156.97;157.907;158.637;156.789;162.20164333333335;-5.231643333333352;133759.76333333334;1.546182460599832;-0.6386924844441477;156.86;30.274182549896594;-1.6410720468857107;-1.4335586844663315;-0.20751336241937923;2.957516339869468;5.874695107138901;160.94395;164.51716678463995;157.37073321536005;163.89;156.789;160.3395;41.324505314642785;10.539316109585215;29.772131599208063;-4.028999999999996;-0.1270764897954465
2024-09-11;276361;156.75;156.958;157.013;155.456;162.20452;-5.454520000000002;134367.97666666663;2.0567474993358124;-0.1401541695865482;156.86;29.68222751004079;-1.744572549380564;-1.495761457449178;-0.24881109193138595;17.39714977144405;10.171823969130264;160.67024999999998;164.62731572475528;156.71318427524469;163.89;155.456;159.673;42.25437573770252;9.864616897974111;33.346939653829196;-4.025000000000006;-0.13131197886534052
2024-09-12;262734;157.049;156.763;157.511;156.483;162.20840333333334;-5.15940333333333;134876.57333333333;1.947958741142251;0.1907496012759191;156.52150000000003;31.638638928582083;-1.7819296661570831;-1.5529950991907593;-0.22893456696632386;21.417047593439285;13.923904568250904;160.3336;164.3199678907037;156.34723210929627;163.858;155.456;159.65699999999998;42.58256497501351;11.544216745917806;31.895124710986323;-3.5589999999999975;-0.13555120901636125
2024-09-13;245325;155.994;157.032;157.105;155.612;162.20683333333332;-6.212833333333322;135331.18333333332;1.812775104431944;-0.6717648631955675;156.52150000000003;28.613583793970392;-1.8750507158690652;-1.6174062225264205;-0.2576444933426447;7.233127184727207;15.349108183203484;159.99455;164.23785628048861;155.7512437195114;163.211;155.456;159.33350000000002;43.20541037866672;10.80824389961069;33.58098283264766;-5.450999999999993;-0.14062561914245925
2024-09-16;211310;156.532;156.024;156.668;155.147;162.20897333333332;-5.676973333333308;135674.71666666667;1.5574751522727908;0.3448850596817987;157.39650000000003;32.174977199070284;-1.8837233250067413;-1.6706696430224848;-0.21305368198425656;17.87788821479304;15.509354330986483;159.69575;164.02967279004076;155.36182720995924;163.191;155.147;159.16899999999998;43.94362851421666;10.101689774994348;33.38427975808296;-6.1299999999999955;-0.14513752727894605
2024-09-17;215253;158.261;156.383;158.32;156.042;162.2105633333333;-3.949563333333316;136045.28666666665;1.5822157847143168;1.104566478419744;157.39650000000003;42.16158813922675;-1.7311252458410422;-1.6827607635861963;-0.04836448225484591;40.19620498257388;21.769073460698014;159.52495000000002;163.80196150220982;155.24793849779022;163.063;155.147;159.105;42.98907509888791;16.055228375518517;30.200031734440074;-2.3830000000000098;-0.14672555951684702
2024-09-18;239797;158.173;158.253;158.373;157.04;162.21602666666666;-4.043026666666663;136504.13;1.7567014272753685;-0.0556043497766278;158.68650000000002;41.82404708726045;-1.5988603662001708;-1.6659806841089912;0.06712031790882045;39.06028139925139;32.378124865539405;159.33454999999998;163.4947105966639;155.17438940333605;162.909;155.147;159.028;42.054761563891184;15.370346548438956;28.487716842074494;-1.1219999999999857;-0.14610561423989532
2024-09-19;280799;159.2;158.067;159.969;157.78;162.22747333333334;-3.0274733333333472;137115.26;2.0479048065108105;0.6492890695630749;158.68650000000002;47.142537750852966;-1.39508747911745;-1.611802043110683;0.21671456399323308;52.31702594552717;43.85783744245078;159.16655;163.0546029047372;155.2784970952628;162.894;155.147;159.0205;39.86141462078107;20.614121349183087;25.891539234351303;-0.17700000000002092;-0.14250660764611287
2024-09-20;264078;160.625;159.193;161.161;158.422;162.24464;-1.619640000000004;137635.90666666668;1.9186708352169883;0.8951005025125802;160.085;53.495406104670316;-1.1058627102735556;-1.5106141765432577;0.40475146626970204;71.60784313725496;54.32838349401114;159.11780000000002;162.90574517384235;155.32985482615769;162.894;155.147;159.0205;37.02338627693299;23.119321211364507;23.059741996762718;2.901999999999987;-0.13505700500159973
2024-09-23;231241;159.545;160.424;161.191;159.046;162.26616;-2.721160000000026;137976.39666666667;1.6759460718388806;-0.6723735408560416;160.085;48.71645286574665;-0.9528135300081146;-1.3990540472362292;0.44624051722811453;72.7663798808734;65.56374965455181;159.0303;162.69177014736374;155.36882985263628;162.894;155.147;159.0205;34.407947671028;21.284980727903623;21.112319505820686;1.565999999999974;-0.12637704511039807
2024-09-24;225760;160.113;159.543;161.106;159.23;162.28154999999998;-2.168549999999982;138238.65;1.633117800267752;0.3560124102917728;160.627;51.18628489317286;-0.7767343884325157;-1.2745901154754866;0.4978557270429709;82.16412971542023;75.51278424451617;158.98600000000002;162.57177824189336;155.40022175810668;162.894;155.147;159.0205;31.97932610840193;19.716678654254864;19.55673931132667;3.1430000000000007;-0.11630404932781181
2024-09-25;225889;161.141;159.93;161.669;159.856;162.29723;-1.156230000000022;138622.82666666666;1.6295223913097503;0.6420465546207899;160.627;55.37514310570847;-0.5479232730849333;-1.129256746997376;0.5813334739124427;91.90432382704664;82.27827780778006;159.0043;162.62992640657248;155.37867359342752;162.894;155.147;159.0205;30.130856808098795;20.524116592309653;18.16385771552528;4.390999999999991;-0.10424782279624245
2024-09-26;237049;161.834;161.034;161.921;160.745;162.31190333333333;-0.4779033333333302;139073.08333333334;1.7044923023085554;0.4300581478332788;160.51200000000003;57.99217376363932;-0.30712911407371735;-0.9648312204126444;0.657702106338927;98.71567759078847;90.92804371108508;159.0656;162.83617101246423;155.29502898753574;162.894;155.147;159.0205;28.594290474333604;20.5669825037252;17.30299625005123;4.784999999999997;-0.09032500838805915
2024-09-27;282276;158.704;161.783;163.491;158.564;162.31832666666668;-3.614326666666672;139618.88666666666;2.0217608572821533;-1.9340806011097773;160.02600000000004;45.12126925937242;-0.36465928448859586;-0.8447968332278347;0.48013754873923886;42.62943432406528;77.74981191396675;158.92855000000003;162.53907863027507;155.318021369725;163.491;155.147;159.31900000000002;27.487682706624042;16.94376077758893;22.05303596740591;2.710000000000008;-0.07937152755318992
2024-09-30;254782;159.923;158.734;160.13;158.097;162.33126666666666;-2.4082666666666626;140043.9566666667;1.819300211621521;0.7680965823167574;159.40150000000003;49.794675261634566;-0.3083349532240618;-0.7375044572270802;0.42916950400301845;57.238734419942446;66.19461544493204;158.7916;162.01199627375823;155.57120372624175;163.491;155.147;159.31900000000002;26.733720202977644;15.713658707774158;22.119677809995135;3.390999999999991;-0.06924354053108471
2024-10-01;264177;158.88;159.472;160.903;158.371;162.34067000000002;-3.4606700000000217;140531.5;1.879841885982724;-0.6521888658917119;159.40150000000003;46.17165949419063;-0.34389469421935814;-0.6587825046255359;0.31488781040617775;44.7387344199424;48.20230105465001;158.70340000000002;161.81066905176172;155.5961309482383;163.491;155.147;159.31900000000002;25.425141951160338;17.02829621799457;20.156920814648075;0.6189999999999998;-0.06123867864482838
2024-10-02;233491;161.77;158.856;161.88;158.705;162.35734666666667;-0.5873466666666616;140983.93333333332;1.6561532543423396;1.8189828801611352;161.92900000000003;55.773747434108635;-0.137294551760192;-0.5544849140524671;0.41719036229227513;79.37440076701823;60.450623202300996;158.82715000000002;162.20423064902752;155.4500693509725;163.491;155.147;159.31900000000002;23.706686573223898;18.498896320362014;18.000041013608687;3.5970000000000084;-0.051360104944053166
2024-10-03;237205;162.088;161.658;162.489;161.369;162.3739766666667;-0.2859766666666985;141410.16333333333;1.6774254014602996;0.1965753848055751;161.92900000000003;56.6892598827069;0.05150378836322034;-0.43328717356932966;0.48479096193255;83.18552253115992;69.09955257270683;158.9627;162.62293770266848;155.30246229733154;163.491;155.147;159.31900000000002;22.513268824498727;19.900293712159765;17.296920887912307;2.8880000000000052;-0.040157828729056516
2024-10-04;217500;163.187;162.064;163.368;161.003;162.39213333333333;0.7948666666666782;141804.47666666663;1.5338020710816629;0.678026750900762;162.901;59.787403090147436;0.28650529372075084;-0.28932868011131363;0.5758339738320645;95.91891529064301;86.15961286294036;159.2359;163.28069393295075;155.19110606704922;163.491;155.147;159.31900000000002;21.946635334380655;21.308947336764934;15.885803848733907;2.562000000000012;-0.02712782827323434
2024-10-07;220943;162.615;162.682;163.571;162.289;162.40434666666667;0.2106533333333402;142174.78666666665;1.5540237842451798;-0.3505181172519855;162.901;57.48264347727614;0.4217286350267955;-0.1471172170836918;0.5688458521104873;85.36211912417718;88.15551898199334;159.46769999999998;163.72365310594876;155.2117468940512;163.571;155.147;159.35899999999998;21.541723608797742;21.060084750368908;15.163634410179231;3.0700000000000216;-0.014076474188065027
2024-10-08;209457;162.724;162.527;162.821;161.9;162.41780333333332;0.3061966666666649;142542.23666666666;1.4694381461811772;0.0670294868246879;163.03500000000005;57.81635804831366;0.5315619806651455;-0.011381377533924333;0.5429433581990698;85.3738559834224;88.88496346608083;159.7554;164.0745490550842;155.43625094491583;163.571;155.147;159.35899999999998;20.838546028267448;20.34454434023343;16.083472679661156;2.61099999999999;-0.0014124953256332427
2024-10-09;174918;163.346;162.684;163.465;162.386;162.43315;0.9128499999999916;142775.89333333334;1.2251227844998558;0.3822423244266515;163.03500000000005;59.757436647614334;0.6611742944197943;0.1231297568568194;0.5380445375629749;95.88966021191095;88.87521177317014;160.08520000000001;164.44317799903055;155.72722200096948;163.571;155.147;159.35899999999998;20.599515805349927;21.961618500853817;15.422365986614277;2.2050000000000125;0.011207020207859509
2024-10-10;207645;162.501;163.315;163.608;162.179;162.44564333333332;0.0553566666666824;143122.5;1.450820101661063;-0.5173068211036691;162.80200000000002;55.98825564184361;0.6877802462854561;0.23605985474254676;0.4517203915429093;79.9129014697877;87.05880588837364;160.35780000000003;164.60259034111627;156.11300965888378;163.608;155.147;159.3775;20.191150883078905;20.74540686917556;15.370491866123809;0.6670000000000016;0.02219727513100206
2024-10-11;153045;163.103;162.32;163.409;162.23;162.45860666666664;0.6443933333333689;143267.30666666667;1.0682479035923522;0.3704592587122635;162.80200000000002;58.0197897094999;0.7488102057666879;0.33860992494737496;0.4102002808193129;90.83650880058073;88.87969016075976;160.71325;164.61344752705335;156.81305247294662;163.608;155.147;159.3775;19.811954883827237;19.77249704554932;14.649652664230953;4.399000000000001;0.03231100672433074
2024-10-14;118617;163.358;162.687;163.6;162.678;162.47455;0.8834500000000105;143286.82666666666;0.8278290667706302;0.1563429244097358;162.93750000000003;58.885512365020006;0.8084341317902783;0.4325747663159557;0.37585936547432264;95.46361821810923;88.73767616282585;161.05455;164.6109482046493;157.4981517953507;163.608;156.042;159.825;19.6010025005821;19.808339439397365;14.093035028346515;3.4350000000000023;0.04164636355548149
2024-10-15;162551;162.517;163.34;163.428;162.339;162.48949000000002;0.0275099999999781;143462.23;1.1330578090134849;-0.5148202108253064;162.93750000000003;54.86682258665062;0.7788467902783793;0.5018291711084404;0.27701761916993894;80.20322990382854;88.83445230750613;161.26735;164.63392103148476;157.90077896851523;163.608;157.04;160.324;19.050434731064822;18.895148515600624;14.878437754810989;3.6370000000000005;0.048947404881719545
2024-10-16;147287;162.546;162.584;162.881;162.103;162.50022333333334;0.0457766666666543;143628.16666666666;1.0254743440526852;0.0178442870591988;162.62600000000003;54.98091568306085;0.7491034681220583;0.551284030511164;0.19781943761089427;80.7294501905278;85.46543277082183;161.48600000000002;164.57704480718613;158.3949551928139;163.608;157.78;160.69400000000002;18.292441213245954;18.247911878892996;15.407860915600057;0.775999999999982;0.05450879764384252
2024-10-17;163541;162.706;162.358;162.761;161.844;162.51517666666666;0.1908233333333271;143849.94666666666;1.1368860662767617;0.0984336741599367;162.62600000000003;55.647096588236614;0.7300270365964536;0.587032631728222;0.14299440486823167;83.63273453093784;81.52180487509803;161.66129999999998;164.60818962128408;158.71441037871588;163.608;158.097;160.85250000000002;17.315912733993034;17.487556981913162;15.942729246201715;0.617999999999995;0.05875204937405769
2024-10-18;139071;162.468;162.687;162.853;162.176;162.53222;-0.0642200000000059;143972.7933333333;0.9659533359056658;-0.1462761053679595;162.798;54.358535743340276;0.6877759630468177;0.6071812979919411;0.08059466505487656;78.23181210616735;80.86466560921097;161.75345;164.68014803533464;158.82675196466533;163.608;158.097;160.85250000000002;16.499663936976997;17.362555283480578;15.431500408991075;-0.7190000000000225;0.061523436139083024
2024-10-21;159961;163.128;162.355;163.154;161.994;162.55043999999998;0.5775600000000054;144172.81333333332;1.1095087645279742;0.406233842972159;162.798;57.310652941024735;0.6994849400315672;0.6256420263998663;0.07384291363170092;90.21007546400125;84.02487403370212;161.93259999999998;164.73253031342415;159.1326696865758;163.608;158.097;160.85250000000002;16.042370235877936;17.84219757633987;14.569417818406071;0.5129999999999768;0.06387161100078961
2024-10-22;187056;163.154;163.128;163.666;162.774;162.56736666666666;0.5866333333333387;144448.17666666667;1.2949696169003475;0.0159384041979349;163.93200000000002;57.42747303490955;0.7027613756745552;0.6410658962548041;0.061695479419751065;80.77356365001884;83.07181707339579;162.08464999999998;164.80187426568574;159.36742573431422;163.666;158.097;160.88150000000002;16.10401486417155;19.591294110515182;13.925198614486028;0.4300000000000068;0.06573985155916257
2024-10-23;189197;164.71;163.016;165.02;162.968;162.58791;2.1220900000000142;144804.95;1.3065644510079726;0.9537001851011916;163.93200000000002;63.81018604269814;0.8214450631364514;0.6771417296311337;0.14430333350531765;92.28279810804082;87.75547907402029;162.26309999999998;165.17107654048846;159.3551234595115;165.02;158.097;161.5585;17.214196590559315;24.171633071436585;12.550379640292919;1.3640000000000043;0.06896639488890614
2024-10-24;206874;164.393;164.5;164.762;163.797;162.60687333333334;1.7861266666666609;145163.39666666667;1.4251113211068134;-0.1924594742274354;164.41350000000003;61.77808778977561;0.8797819115679886;0.7176697660185047;0.16211214554948383;80.25818639798469;84.43818271868143;162.39105;165.43429040950286;159.34780959049715;165.02;158.097;161.5585;18.245079622205097;23.020580826069317;11.95273104027997;1.891999999999996;0.07243822677116803
2024-10-25;158600;164.434;164.338;164.79;163.932;162.62249666666668;1.81150333333332;145352.03666666665;1.0911439814476336;0.0249402346815141;164.41350000000003;61.946880712025596;0.9187320701788337;0.7578822268505706;0.16084984332826313;81.54911838790902;84.69670096464482;162.67755;165.33251602427052;160.02258397572948;165.02;158.097;161.5585;19.22301318196802;22.1590032489871;11.43149236554845;1.3309999999999889;0.07582848153429157
2024-10-28;182611;165.745;165.328;166.071;164.692;162.64893333333333;3.0960666666666725;145629.93333333332;1.253938636241822;0.7972803678071516;165.82800000000003;66.96980344793226;1.0433598916525284;0.8149777598109622;0.2283821318415662;92.28767447362212;84.69832641983858;162.96865;165.62839218863982;160.30890781136017;166.071;158.371;162.221;20.970663032782515;26.77179095771727;10.491442752667648;2.3870000000000005;0.08045512480547677
2024-10-29;182424;165.911;165.784;166.078;165.154;162.67715666666666;3.23384333333334;145931.36;1.250067154859569;0.1001538507948929;165.82800000000003;67.55381304137953;1.1423547957512596;0.8804531669990218;0.2619016287522379;96.05573925366082;89.96417737173063;163.3202;165.54909027097122;161.09130972902878;166.078;158.705;162.3915;22.597564103724647;25.533328957481594;9.991975323922905;3.3940000000000055;0.08574647975059577
2024-10-30;186979;166.548;165.754;166.597;165.505;162.70514333333333;3.842856666666677;146340.16666666666;1.277701155185149;0.3839407875306566;166.01100000000002;69.76314733896933;1.2577114323442515;0.9559048200680678;0.30180661227618377;98.96907216494832;95.77082863074372;163.5591;166.07758636288347;161.04061363711654;166.597;161.003;163.8;24.409544236663553;26.7898404704069;9.421140092652296;4.0020000000000095;0.0918504770062802
2024-10-31;218746;165.474;166.536;166.688;164.936;162.72876333333335;2.745236666666642;146759.69333333333;1.4905046135736344;-0.6448591397074765;166.01100000000002;62.08692647601142;1.248082456087019;1.0143403472718582;0.23374210881516078;74.93806771263418;89.98762637708107;163.7284;166.28352523372726;161.17327476627273;166.688;161.003;163.8455;25.232520586563677;24.383023219541844;11.49250920181347;2.7680000000000007;0.09674765775533342
2024-11-01;194461;165.663;165.464;166.113;165.227;162.75304000000003;2.909959999999984;147104.64333333334;1.3219229223060334;0.1142173392798984;165.56750000000002;62.8613695271487;1.241392147553995;1.0597507073282855;0.1816414402257096;78.83980181668088;84.24898056475443;163.85219999999998;166.52750780285737;161.1768921971426;166.688;161.844;164.266;25.996712911470933;23.245660017002745;10.95643305763342;3.1950000000000216;0.10065986157911971
2024-11-04;181433;165.472;165.743;165.915;165.21;162.77949666666666;2.692503333333349;147421.87666666668;1.2307060804158871;-0.1152943022883823;165.56750000000002;61.494296920072784;1.2067670665374521;1.0891539791701188;0.11761308736733334;74.89677952105737;76.22488301679078;163.99505000000002;166.69583969748288;161.29426030251716;166.688;161.844;164.266;26.679034828580082;22.352206227425338;10.628000178020383;2.3440000000000225;0.10331166045046036
2024-11-05;151922;165.711;165.214;166.036;165.214;162.8048333333333;2.906166666666678;147617.96333333335;1.0291565915791527;0.1444353123187136;165.80200000000002;62.59061733461315;1.1849523498830479;1.1083136533127047;0.07663869657034317;79.83071841453392;77.8557665840907;164.1444;166.87768128081058;161.4111187191894;166.688;161.844;164.266;27.409693324551974;22.00083424350722;10.138695167358392;2.5570000000000164;0.10508797610104062
2024-11-06;379346;165.893;165.628;166.102;164.913;162.83256;3.06044;148518.59333333332;2.554198713346112;0.1098297638659984;165.80200000000002;63.4441641233725;1.1688758356964684;1.1204260897894573;0.04844974590701101;83.06348530038369;79.26366107865829;164.27175;167.08066195127748;161.46283804872252;166.688;161.844;164.266;27.565279127837297;20.52858339961515;11.154288627354275;1.1829999999999927;0.10621158386844023
2024-11-07;230898;165.179;165.814;165.959;165.002;162.85589;2.323110000000014;148988.22333333333;1.54977349775756;-0.4303979070846897;164.389;57.866111606648545;1.0860024888471855;1.113541369601003;-0.027538880753817496;67.85257775884129;76.91559382458628;164.40564999999998;167.11780392447207;161.6934960755279;166.688;161.844;164.266;27.709751659459382;19.403125822559495;10.54276671140186;0.7860000000000014;0.1057793103711082
2024-11-08;208835;163.599;165.224;165.421;163.203;162.87377333333336;0.7252266666666287;149366.28;1.398140196033442;-0.9565380587120752;164.389;47.842039868926214;0.8826572457163024;1.067364544824063;-0.18470729910776051;21.07818088911577;57.331414649446884;164.43045;167.10329047223723;161.75760952776278;166.688;161.844;164.266;26.12002305555446;17.06763681154705;19.03659984469386;-0.835000000000008;0.10221798804335991
2024-11-11;161123;163.809;163.296;164.653;163.233;162.89659000000003;0.9124099999999656;149579.28;1.077174592630672;0.1283626428034479;164.03850000000003;49.10401353690151;0.7300345367594616;0.9998985432111428;-0.2698640064516812;22.607526881720656;37.179428509892546;164.453;167.09671942536067;161.80928057463933;166.688;161.844;164.266;24.6438464947856;15.759758960584453;17.57784210515321;-1.936000000000007;0.09677342416104118
2024-11-12;187785;164.268;163.708;164.332;163.239;162.91877333333332;1.3492266666666808;149906.33666666667;1.252682202604605;0.2802043843744828;164.03850000000003;51.846447040062266;0.6387542429982602;0.9276696831685664;-0.2889154401703061;30.559540889526605;24.748416220120983;164.54055;167.03370426518885;162.04739573481115;166.688;161.844;164.266;23.2731111169288;14.818488966730762;16.527984973983923;-1.6430000000000007;0.09066808145153517
2024-11-13;217123;164.243;164.112;164.799;163.628;162.94018333333332;1.302816666666672;150384.07333333333;1.4437898587752858;-0.0152190323130518;164.39900000000003;51.68309930185183;0.5579647907010212;0.8537287046750575;-0.29576391397403623;29.842180774748822;27.669749515332;164.62539999999998;166.95114318445292;162.29965681554705;166.688;161.844;164.266;21.828352279724747;16.434184862742228;15.462457668264932;-2.305000000000007;0.08417784731089455
2024-11-14;224675;164.555;164.117;164.981;163.804;162.96232666666668;1.5926733333333232;150864.46333333335;1.4892506494625457;0.1899624337110328;164.39900000000003;53.64592316906225;0.5131985270413395;0.7856226691483139;-0.2724241421069744;38.79483500717388;33.06551889048307;164.71785;166.87169895246376;162.56400104753624;166.688;161.994;164.341;20.71340378569562;16.370836328999886;14.453827849728665;-0.9189999999999827;0.07791982657231299
