Close;mean_close;diff_to_mean;mean_volume;relative_volume;RSI;MACD;MACD_Signal;TRIX
1.10993;1.1376732;-0.027743199999999968;82435.92666666667;1.0825377187889824;42.20818895291128;-0.00308634665384111;-0.0031653145608986867;-0.02995197774444951
1.10902;1.1374749333333334;-0.028454933333333488;81881.94;0.7105962560241355;41.11004176974955;-0.0030898257624891734;-0.003150216801216784;-0.03095023069069459
1.10779;1.1372880666666667;-0.029498066666666656;81570.31333333334;0.6473801293884964;39.609954319100865;-0.00315545952838181;-0.003151265346649789;-0.03199202047163943
1.10565;1.1370872666666665;-0.031437266666666464;81263.85666666667;0.6802286067560892;37.07514735890522;-0.003341634592504361;-0.0031893391958207036;-0.03333062423993192
1.09903;1.1368652333333333;-0.037835233333333385;81054.78333333334;0.6937530110806917;30.560017858246567;-0.003977508108924832;-0.0033469729784415298;-0.03590433569483738
1.09666;1.1366234333333334;-0.03996343333333341;80654.82;0.44065562355722315;28.62092389004013;-0.004619431711716526;-0.0036014647250965292;-0.03954192215283309
1.09735;1.1363669;-0.03901690000000002;80392.97666666667;0.7594568895383076;30.01326741115706;-0.005014677477873208;-0.0038841072756518654;-0.043541036917021006
1.10345;1.1361283333333334;-0.032678333333333365;80152.77666666667;0.6984910857526917;40.97495095534736;-0.004780585955883154;-0.0040634030116981235;-0.04646030505855734
1.10344;1.1358915666666667;-0.03245156666666671;79936.52;0.74600445453458;40.963623958991654;-0.004543499026052;-0.004159422214568899;-0.048442696609299285
1.10253;1.1356751666666667;-0.03314516666666667;79562.56;0.7267362940558063;39.88315595455675;-0.004378561983864548;-0.00420325016842803;-0.04977785198491952
1.10462;1.1354672000000001;-0.030847200000000186;79246.06333333334;0.5558761930507813;43.56489063348909;-0.004032716016522553;-0.004169143338046934;-0.05015911883291578
1.10426;1.1352526666666667;-0.03099266666666667;78958.28666666667;0.5703517882817235;43.0755313225744;-0.0037445151473343152;-0.004084217699904411;-0.04985009343554421
1.10105;1.1350191333333333;-0.03396913333333318;78696.53333333334;0.5557042749870529;38.88158904745351;-0.0037321125843254865;-0.004013796676788626;-0.049557936416806364
1.10638;1.1348200333333334;-0.028440033333333448;78477.79;0.9797039391653385;47.94445689857811;-0.003254679093827484;-0.0038619731601963977;-0.04825772924760539
1.1072;1.1346307999999998;-0.027430799999999866;78201.15666666666;0.697125238599323;49.19267716982184;-0.002778118050345224;-0.0036452021382261633;-0.04609884981023065
1.1004;1.1344181;-0.03401809999999994;77729.22333333333;0.683989852465096;40.51637653985254;-0.002915534690917987;-0.0034992686487645285;-0.0445617223698313
1.10721;1.1342017333333332;-0.026991733333333157;77199.49;0.7491241198613166;50.02301666498889;-0.0024467239712424593;-0.0032887597132601146;-0.04222359093378329
1.10293;1.1339810333333333;-0.031051033333333367;76985.58333333333;0.7300068086339894;45.14015901733844;-0.002392963732507969;-0.003109600517109686;-0.0401188417520508
1.10407;1.1337673999999998;-0.029697399999999652;76743.61666666667;0.7384718425005938;46.634368885491995;-0.0022326334744395826;-0.0029342071085756653;-0.03798215640410137
1.10196;1.1335311;-0.03157109999999985;76453.62;0.7085472211779236;44.232964024820696;-0.0022498945716857843;-0.0027973446011976895;-0.03621314390845524
1.0993;1.1333144666666668;-0.034014466666666854;76161.16;0.6943302859356798;41.34267222589388;-0.002449972131389311;-0.0027278701072360138;-0.03516465839426487
1.10202;1.1331020333333333;-0.03108203333333326;75953.47333333333;0.71696523687606;45.280102485143324;-0.0023618280869248665;-0.0026546617031737844;-0.03409690846374391
1.09427;1.132848;-0.038578;75846.01666666666;0.7312183610608339;37.5465635466311;-0.0028840875610689487;-0.0027005468747528173;-0.03436167292647907
1.09198;1.1325914;-0.040611399999999964;75611.09333333334;0.7253036238773175;35.61114340293122;-0.00344307617971662;-0.002849052735745578;-0.03584618092059132
1.09416;1.1323518666666668;-0.03819186666666674;75400.98666666666;0.697126156085575;38.843034268949104;-0.003667889756381104;-0.0030128201398726836;-0.037631661505304705
1.08994;1.1321234333333332;-0.0421834333333333;75191.5;0.6408969098899955;35.163608459102036;-0.004138864612669657;-0.0032380290344320786;-0.04021464642246574
1.09319;1.1319118333333333;-0.03872183333333323;74977.14;0.8017643777822412;39.88636427111258;-0.004201436199645858;-0.003430710467474835;-0.04257115542478455
1.09592;1.131714;-0.035794000000000104;74879.9;0.7265367608663038;43.602571522911305;-0.003984802130186926;-0.0035415288000172533;-0.04411090744758597
1.09636;1.1315023666666668;-0.03514236666666681;74784.97333333333;0.818840968586628;44.20129428495203;-0.0037345640173036543;-0.0035801358434745336;-0.044873947967077395
1.09783;1.1312919333333333;-0.03346193333333325;74678.22;0.7334936478131464;46.254160555955806;-0.003378684424391709;-0.0035398455596579686;-0.04473661876914653
1.09705;1.1311064000000002;-0.0340564000000001;74488.35666666667;0.5791509160692658;45.30177305891816;-0.003123580077530219;-0.003456592463232419;-0.04405224888633793
1.09558;1.1309552333333333;-0.035375233333333256;73945.47666666667;0.8009955803921653;43.48456189527699;-0.0030053806026100194;-0.0033663500911079395;-0.04320470744288727
1.0971;1.1308091333333334;-0.033709133333333474;73471.85333333333;0.6325823821148608;45.90107826637836;-0.0027572712635401952;-0.003244534325594391;-0.04193114290081722
1.10058;1.1306966666666667;-0.03011666666666679;73195.51;0.9661111726660604;51.06051592387506;-0.002253854872376726;-0.0030463984349508584;-0.03972864049634278
1.10353;1.1305932333333333;-0.02706323333333338;72931.04666666666;0.9986282019626852;54.98014779548664;-0.001598427729757157;-0.002756804293912118;-0.03639726787743792
1.1026;1.1304765;-0.027876500000000082;72514.56333333334;0.5688512500637593;53.52473550023638;-0.0011408887692458958;-0.0024336211889788737;-0.03254495499834637
1.10323;1.130341;-0.027111000000000107;72275.12333333334;0.8636581595593453;54.40525148687621;-0.0007191600820166677;-0.002090728967586433;-0.028333041792189064
1.10719;1.1302039;-0.02301390000000003;72129.49333333333;0.9048032501544115;59.58805186838512;-6.465287598755864e-05;-0.001685513749266658;-0.023303049525019607
1.11243;1.1300549666666666;-0.017624966666666575;71816.08666666667;0.8555882512115639;65.22157801780548;0.0008668801529636561;-0.0011750349688205953;-0.016965371317793656
1.11682;1.1299122;-0.013092199999999998;71534.21;0.6876430172359927;69.10708213929904;0.0019370341767521726;-0.0005526211397060418;-0.009211202083784262
1.11498;1.1297814333333334;-0.01480143333333328;71248.14666666667;0.5971243041455585;65.78942444774296;0.002606618848646214;7.922685796440932e-05;-0.0011494337166990298
1.11248;1.1296158666666667;-0.017135866666666777;70952.9;0.641044974905798;61.471363820790586;0.002902086966527273;0.0006437988796769821;0.006329823189028988
1.11302;1.1294331666666666;-0.0164131666666667;70813.13;0.5411284602162705;62.05075808021488;0.003143583788610682;0.0011437558614637222;0.013179452096784009
1.1105;1.1292367666666667;-0.018736766666666682;70663.48333333334;0.7148812599811857;57.69074153588995;0.003095940742794401;0.001534192837729858;0.018838705244440136
1.108;1.1290278666666667;-0.02102786666666656;70431.62;0.5001730756724749;53.6623223080088;0.002823901994729594;0.0017921346691298053;0.022975983433904845
1.10998;1.1288386999999998;-0.018858699999999784;70195.47666666667;0.4498438004765383;56.26696424683779;0.0027365337220894848;0.001981014479721741;0.02622140206369797
1.11107;1.1286736;-0.01760359999999994;69953.67;0.5498639313704986;57.67733333151366;0.0027238487937009115;0.0021295813425175752;0.028871190330958446
1.11499;1.1285178999999999;-0.013527899999999926;69923.88333333333;0.7797049791998901;62.376555331678524;0.002995576000305755;0.0023027802740752112;0.03164554170119553
1.11515;1.1283742;-0.01322420000000002;69789.14;0.7907247459990494;62.559287765732066;0.0031870936009186224;0.0024796429394438936;0.03434926786646943
1.11651;1.1282191666666668;-0.011709166666666881;69579.48;0.6317523499743558;64.15301265584165;0.0034093128766019554;0.0026655769268755063;0.03706187236363906
1.11285;1.1280539666666667;-0.01520396666666679;69357.20666666667;0.5474845632479027;57.10783700720468;0.0032525979173614328;0.002782981124972692;0.03894209685414692
1.10739;1.1278945;-0.020504499999999926;69170.12333333334;0.7416352252659842;48.54336007166213;0.002657193343399422;0.002757823568658038;0.03914129623576722
1.10666;1.1277184666666666;-0.021058466666666664;69052.52333333333;0.5731289472066254;47.51730230953448;0.0021021932544733613;0.0026266975058211028;0.03800125771205003
1.10502;1.1275336333333332;-0.02251363333333334;68972.86666666667;0.8165819795802577;45.20555959739672;0.00151258129586207;0.0024038742638292964;0.03565001581458416
1.10198;1.1273314333333333;-0.02535143333333334;68804.48;0.6009201726398339;41.2038972992218;0.0007908900884499026;0.0020812774287534176;0.031982847149687674
1.1033;1.1271122666666666;-0.023812266666666693;68600.40666666666;0.40461859263996525;43.54094316464437;0.00032174865713341383;0.0017293716744294168;0.027764064388294988
1.1009;1.1269079333333334;-0.0260079333333334;68478.60666666667;0.5578092467028547;40.396898460987714;-0.00024093193614471708;0.0013353109523145902;0.022879763701185947
1.1007;1.1266824;-0.02598239999999996;68390.78333333334;0.6009143044858724;40.13680042879855;-0.0006949873076742552;0.0009292513003168212;0.017680337660628275
1.10208;1.1264672666666666;-0.024387266666666685;68180.40333333334;0.5806360488430795;42.87009428522563;-0.0009327231422608939;0.0005568564118012782;0.012702729917174848
1.10524;1.1262603333333334;-0.02102033333333342;67993.75666666667;0.4810000447589407;48.651660255583224;-0.0008562743158857522;0.00027423026626387215;0.008620573996975314
1.10721;1.1260252333333334;-0.018815233333333348;67756.39;0.5040262623199814;51.918471701931665;-0.0006294694027326742;9.349033246456291e-05;0.005644257503093747
1.10783;1.1258000000000001;-0.01797000000000004;67548.82;0.4476762140329842;52.933366314128975;-0.00039514111575811306;-4.235957179972289e-06;0.0036347591752845304
1.10725;1.1255754333333334;-0.018325433333333363;67415.09333333334;0.5785202997072794;51.831180613782706;-0.00025331535113992665;-5.4051835971963164e-05;0.0022496524457618744
1.10588;1.1253396000000002;-0.019459600000000243;67253.77666666667;0.5772761311594381;49.223952683926136;-0.0002485992637479839;-9.296132152716732e-05;0.0010960846812308961
1.10196;1.1250993;-0.023139299999999974;67048.15333333334;0.6127536398466138;42.61805678473958;-0.0005547778361474354;-0.00018532462445122093;-0.000546829043485332
1.10117;1.1248892666666668;-0.023719266666666794;66765.17;0.5199267821829077;41.411893682430104;-0.0008513590215184497;-0.0003185315038646667;-0.002585371671410316
1.1022;1.1246957;-0.022495699999999896;66531.92666666667;0.5205470776986587;43.651092778213496;-0.000991855858814672;-0.0004531963748546678;-0.004614638113045377
1.09988;1.1245024666666665;-0.024622466666666565;66345.71;0.5147883713957518;39.94761652027864;-0.001275699752892212;-0.0006176970504621767;-0.006951140109665308
1.10073;1.1243227999999998;-0.02359279999999986;66081.21333333333;0.3598753533782431;41.8927975936684;-0.0014157404134611529;-0.0007773057230619719;-0.009229738434313097
1.10183;1.1241694333333334;-0.022339433333333325;65781.6;0.48939217045488564;44.40261758268971;-0.001421575798084218;-0.0009061597380664213;-0.011159716109941006
1.10784;1.1240242333333332;-0.016184233333333298;65525.65666666667;0.5726611820295268;55.66904378849648;-0.0009305171871982765;-0.0009110312278927924;-0.011690538046949405
1.10818;1.1238785333333334;-0.015698533333333486;65279.74;0.5698245734433731;56.20967255746093;-0.0005080579657097406;-0.0008304365754561821;-0.011178070913581986
1.10774;1.1237405333333332;-0.01600053333333329;65165.153333333335;0.6504396572686675;55.27029053674255;-0.0002063812769002027;-0.0007056255157449862;-0.010044255146561924
1.1104;1.1236111;-0.01321109999999992;64898.41;0.5102436253830394;59.65949819337428;0.0002445207587984388;-0.0005155962608363012;-0.00805326873684977
1.10601;1.1234583999999999;-0.01744839999999992;64655.46333333333;0.50176734226989;50.79978797176456;0.000244805592934938;-0.00036351589008205344;-0.006332984356887159
1.10641;1.1232819666666667;-0.016871966666666793;64207.66;0.3922896426998909;51.506437648295794;0.00027414777816536784;-0.0002359831564325692;-0.00478497838203047
1.10935;1.1231272666666667;-0.013777266666666677;63959.83;0.4953734242257218;56.456723910442705;0.0005285423930532218;-8.307804653541099e-05;-0.002890228582812343
1.113;1.1229777333333333;-0.009977733333333294;63782.39333333333;0.6299857672320078;61.685919115093796;0.001012999229298206;0.00013613740863131242;-0.0001941436418663559
1.1132;1.1228304666666669;-0.009630466666666893;63646.87666666666;0.8099690463992694;61.95552364100338;0.0013969696938285203;0.00038830386567075405;0.002958587224962091
1.11187;1.1227033;-0.010833300000000046;63531.98;1.1364197999179095;58.98315223823558;0.001575784505710276;0.0006257999936786585;0.006040801073033642
1.1144;1.1226009000000001;-0.008200900000000066;63271.62;0.5694812302892561;62.65364850208876;0.0018997472841850715;0.0008805894517799411;0.009378094943467441
1.11508;1.1224796333333333;-0.0073996333333332664;63035.71333333333;0.6217745136433313;63.59657497052176;0.0021861597484125195;0.0011417035111064568;0.012844125342278842
1.11134;1.1223626;-0.011022599999999994;62837.59333333333;0.5487001995301515;55.32317342328086;0.002087295898466346;0.0013308219885784347;0.015561216606891495
1.11202;1.1222458666666668;-0.010225866666666805;62582.933333333334;0.6076736575678874;56.432937465550836;0.0020402966325714367;0.001472716917377035;0.017749151844233334
1.10764;1.1221405;-0.014500500000000027;62304.00666666667;0.5334969896531213;48.138437616923596;0.0016308208928241807;0.0015043377124664642;0.01868033613978248
1.10895;1.1220458666666666;-0.013095866666666511;62017.206666666665;0.5016672254720758;50.48264924818719;0.0013959231378333214;0.0014826547975398357;0.018924593189897653
1.10863;1.1219405333333332;-0.013310533333333208;61688.08666666667;0.42901314386682293;49.88941934365064;0.0011704514136914312;0.0014202141207701549;0.0186048852176439
1.10969;1.1218486333333333;-0.012158633333333224;61393.77333333333;0.2573225124024102;51.90554000710994;0.001065019704877157;0.0013491752375915554;0.01807198359522479
1.11764;1.1217924333333333;-0.004152433333333372;61223.85333333333;0.7053459991300713;63.70126261914852;0.0016044675717050705;0.0014002337044142583;0.01878635810413662
1.11991;1.1217542666666669;-0.0018442666666669272;61021.03333333333;0.6968416901056472;66.24684569563902;0.0021899100021633977;0.0015581689639640865;0.020668416729758395
1.12233;1.1216924333333333;0.0006375666666667001;60768.46;0.5934492991922795;68.76193854998414;0.002816682162754214;0.001809871603722112;0.02363708129146135
1.11726;1.1216210666666666;-0.004361066666666691;60506.246666666666;0.667914508441277;58.86552262587232;0.002871199585863682;0.002022137200150426;0.026264560446897844
1.11568;1.1215374999999999;-0.005857499999999849;60364.24333333333;0.7996787060417943;56.15321905154287;0.0027551525574067703;0.002168740271601695;0.02822001039972098
1.11969;1.1214609333333334;-0.0017709333333333355;60202.65666666667;0.6875610195938716;61.05747741723943;0.0029527208108104386;0.0023255363794434437;0.030292271869558917
1.11517;1.1213696666666668;-0.006199666666666825;59863.35666666667;0.746266205030031;53.75850747689582;0.0027132917123569023;0.0024030874460261357;0.03149731390267416
1.11041;1.1212831;-0.010873100000000191;59708.426666666666;1.0886068119472994;47.340388853014595;0.0021150690088693747;0.0023454837585947835;0.0311698212188062
1.11068;1.1212072333333334;-0.010527233333333497;59490.693333333336;0.6729792133311822;47.72165117988092;0.001643811118571259;0.0022051492305900787;0.02981734057312561
1.1121;1.1211751;-0.009075100000000003;59268.99;0.6379558686590344;49.78097109862605;0.0013691354367870723;0.0020379464718294775;0.028028782784613848
1.11352;1.1211232333333334;-0.007603233333333348;58981.95;0.5335530615721363;51.82464484732792;0.0012516073620356671;0.0018806786498707156;0.0262204309302983
1.11266;1.1210623;-0.008402299999999974;58660.69;0.6638005792293504;50.484667229670265;0.0010766596412241647;0.0017198748481414056;0.024274129513007822
1.11498;1.1210021000000001;-0.00602210000000003;58302.166666666664;0.6023446813010491;53.94421710316099;0.0011123939381245673;0.001598378666138038;0.022679795771177336
1.11359;1.1209083666666666;-0.00731836666666652;58051.746666666666;0.6247184982776359;51.61727044656735;0.0010168308495064338;0.0014820691028117174;0.021100914419006432
1.10895;1.1207870666666666;-0.011837066666666507;57885.93;0.5819894402662993;44.68754686744167;0.0005602292176887236;0.0012977011257871186;0.01874349409156779
1.1095;1.1206952666666667;-0.011195266666666814;57647.08;0.4637355439338014;45.61949871831537;0.0002399831617896364;0.0010861575329876223;0.016026444969881818
1.1082;1.1205941000000001;-0.012394100000000075;57444.166666666664;0.5675423962397284;43.743430028603825;-0.00011736042231125232;0.0008454539419278475;0.012925826678999169
1.10943;1.1204908666666666;-0.011060866666666724;57277.67;0.5352522195821626;46.00594076015682;-0.0002978733680050194;0.0006167884799412741;0.009892607825516956
1.10578;1.1203994666666666;-0.01461946666666658;57139.75;0.6766742941646268;40.76641097641108;-0.0007270744124314721;0.00034801590146672486;0.006374397742070353
1.10273;1.1202993666666667;-0.017569366666666753;56981.24333333333;0.5721531874844596;36.976762401187486;-0.0012983621319972993;1.874029477392001e-05;0.002134350764065654
1.10195;1.1202087333333333;-0.018258733333333277;56773.80333333334;0.608502477756506;36.05371101222621;-0.0017933782982442192;-0.0003436834238297079;-0.00254835287864651
1.10216;1.1200938666666667;-0.01793386666666663;56525.66333333333;0.507857817266274;36.513215444233204;-0.002144021980651445;-0.0007037511351940554;-0.007284971773904271
1.10104;1.1199661666666667;-0.01892616666666669;56310.183333333334;0.5149690212929784;35.065965405377426;-0.0024836542448662957;-0.0010597317571285035;-0.012037413741775811
1.10314;1.1198700666666668;-0.016730066666666765;56144.526666666665;0.6424847111839619;39.87783713059409;-0.002553922779565898;-0.0013585699616159826;-0.0162047290465805
1.10946;1.1197836333333333;-0.010323633333333415;55992.39;0.6785386371253882;51.52114701119311;-0.002075712397583196;-0.0015019984488094252;-0.01865960441055944
1.10611;1.11969;-0.013580000000000148;55769.31;0.664361814768613;46.39250808190569;-0.0019446277689920688;-0.001590524312845954;-0.0204140704466492
1.10445;1.1195899666666669;-0.015139966666666949;55684.51;0.5680933530706173;44.05240909033486;-0.001952186789110133;-0.0016628568080987898;-0.021876062179185952
1.09988;1.1194637;-0.019583700000000093;55412.753333333334;0.6233763515088603;38.3215211949752;-0.002300420359981903;-0.0017903695184754125;-0.023840457211828883
1.09809;1.1193236;-0.021233599999999964;55174.56333333333;0.5340141945843764;36.32802438876762;-0.0026898293359072234;-0.001970261481961775;-0.026326251356304852
1.09439;1.1191864666666667;-0.024796466666666683;54919.10333333333;0.6637763143861726;32.557846425554345;-0.0032594252078042008;-0.0022280942271302603;-0.029655281933025225
1.09106;1.1190505666666666;-0.02799056666666666;54697.43666666667;0.5386724094504114;29.582222374019892;-0.0039341863586315196;-0.002569312653430512;-0.03393620684659958
1.09156;1.1188994666666667;-0.027339466666666645;54475.17;0.5711960146245397;30.607741738645146;-0.004378125307471947;-0.0029310751842387996;-0.038519358643567383
1.08737;1.118738;-0.03136800000000006;54279.55;0.5814897138976683;27.052293623417057;-0.0050102925715784785;-0.0033469186617067354;-0.043773410307715976
1.08392;1.1185833;-0.034663300000000064;54116.54;0.6312857399973038;24.526022620964724;-0.005723696638082476;-0.0038222742569818838;-0.04977736606423072
1.08302;1.1184109;-0.03539089999999989;53963.85;0.5670462726435258;23.89902748605911;-0.006289199007701418;-0.004315659207125791;-0.056092190757028634
1.08334;1.1182343000000001;-0.034894300000000156;53762.64666666667;0.40275174944876796;24.636742901351752;-0.006635057570705483;-0.00477953887984173;-0.062183367593286375
1.07909;1.1180392666666665;-0.03894926666666643;53503.04;0.6557010592294091;21.63678587214372;-0.007169447526669259;-0.005257520609207236;-0.06849668208087989
1.08069;1.1178263666666666;-0.03713636666666664;53204.66333333333;0.6241746102580437;25.32343504307724;-0.0073787906827471605;-0.005681774623915221;-0.07427789473405373
1.07832;1.1176316000000002;-0.039311600000000224;53002.53333333333;0.8073953697809148;23.55565660708956;-0.00764777702232089;-0.006074975103596355;-0.07973355228720601
1.08478;1.1174449333333334;-0.03266493333333331;52892.723333333335;0.819167501112317;36.55624356281677;-0.007256039516034818;-0.006311187986084048;-0.08344464124626126
1.08534;1.1172781;-0.03193810000000008;52909.19666666666;1.1780749647869326;37.54777325930336;-0.006821760392693443;-0.006413302467405927;-0.0855675117030719
1.0881;1.1170946666666666;-0.028994666666666502;52707.85333333333;1.2103129982651777;42.331447789328095;-0.006183601416939188;-0.00636736225731258;-0.08588019949456789
1.08804;1.1169079666666668;-0.02886796666666691;52608.10333333333;1.3107486419548464;42.25567285493016;-0.005617937245998572;-0.006217477255049779;-0.08480878286941078
1.09999;1.1167596666666668;-0.016769666666666794;52665.48333333333;1.5714467002261943;58.275422718962645;-0.004157454636332991;-0.0058054727313064216;-0.080568801580271
1.10289;1.1166548;-0.013764800000000132;52681.60333333333;2.0617823514732194;61.096105578109345;-0.0027344844477195096;-0.005191275074589039;-0.07370867863212377
1.11324;1.1165675333333334;-0.0033275333333333545;52640.51;2.2767826527512223;69.11972774950789;-0.0007628185227634976;-0.0043055837642239315;-0.0633974213808989
1.117;1.1164918;0.0005082000000000697;52654.433333333334;2.133267664070933;71.42536147191478;0.0010905700910655014;-0.003226352993166045;-0.05041556374773982
1.1135;1.1163787666666667;-0.0028787666666667544;52651.98;1.4518542322622146;66.451657897545;0.0022510247589822008;-0.002130877442736396;-0.03672034815716668
1.12369;1.1163106333333332;0.007379366666666831;52611.32;1.3241066751411439;72.46372097139593;0.003947437678187837;-0.0009152144185515495;-0.02124853605627008
1.12895;1.1162261333333334;0.012723866666666472;52654.00666666667;2.3691644358557133;74.9583796619709;0.005651152213996147;0.0003980589079579898;-0.004272906629073114
1.14353;1.1162044666666666;0.02732553333333332;52941.693333333336;3.6054759109826473;80.28893479548954;0.008084647622803365;0.001935376650927065;0.015581746780536863
1.12815;1.1161435;0.012006500000000031;53221.86;3.324461039128786;64.65420779729885;0.008672205021466706;0.0032827423250349937;0.033734647134523954
1.12703;1.1160773;0.010952700000000037;53384.91333333333;2.3975125556691492;63.68169441272183;0.008944368738123432;0.004415067607652682;0.04969135942390795
1.11852;1.1160015666666667;0.0025184333333332365;53614.29;3.2548785034730003;56.70261555416913;0.008376811892334635;0.005207416464589072;0.06186986814367371
1.11002;1.1159045333333333;-0.005884533333333275;53906.14666666667;3.126415268412843;50.72313285595344;0.007158619926063148;0.005597657156883888;0.0693561301096429
1.11814;1.1158355333333334;0.002304466666666505;54297.456666666665;3.9294842355101234;55.54587832861978;0.006770365594356731;0.005832198844378456;0.07468423837643934
1.09987;1.1157139666666667;-0.015843966666666764;54629.443333333336;3.168181651493459;44.89834937936188;0.0049315866667309916;0.005652076408848963;0.07494630957197199
1.09166;1.1155639333333334;-0.023903933333333294;55115.86;3.5250470554204316;41.08690399132648;0.00277981871298727;0.005077624869676624;0.07020807929812678
1.0693;1.1153416999999999;-0.04604169999999996;55610.85666666667;3.8519636783146387;32.896242972565275;-0.0007214219198659055;0.003917815511768118;0.058233607151825705
1.06973;1.115114;-0.04538399999999987;56164.02;4.186434660481179;33.17214468665399;-0.003422035841105675;0.0024498452411933595;0.04190436259791028
1.07242;1.1149196;-0.04249959999999997;56507.64666666667;3.7024900582770033;34.973367077376565;-0.005284316994884852;0.000903012793977717;0.023761631104792697
1.07872;1.1147135000000001;-0.035993500000000234;56768.416666666664;3.0119740877037535;39.1125137012198;-0.006180584941636091;-0.0005137067531450448;0.006252534785033498
1.08809;1.1145318999999998;-0.026441899999999796;57044.28;2.654727169840227;44.745879343074336;-0.006064890769528208;-0.0016239435564216775;-0.008438073125151166
1.10331;1.1143989666666665;-0.011088966666666478;57298.056666666664;2.846326899858876;52.44278334286944;-0.004691000568936232;-0.0022373549589245886;-0.01790390710065866
1.11391;1.114285566666667;-0.0003755666666669377;57481.07666666667;2.600925533579497;56.941477022027584;-0.002715548126091427;-0.0023329935923579563;-0.02155338467806862
1.10446;1.1141512666666666;-0.009691266666666642;57614.776666666665;2.2745900892434934;52.20062576807927;-0.0018907287121692207;-0.0022445406163202094;-0.022779784205771144
1.10357;1.1140120333333332;-0.010442033333333267;57859.53;2.607522045201092;51.76351226858589;-0.0012939530606668193;-0.0020544231051895317;-0.02244252137088075
1.09625;1.1138542999999999;-0.017604299999999906;58039.613333333335;2.0185523864042483;48.18934180011502;-0.0013955795096531887;-0.0019226543860822632;-0.02232459674116169
1.08571;1.1136717666666665;-0.0279617666666665;58251.736666666664;2.10726764598284;43.52874158645559;-0.002300095052196305;-0.0019981425193050717;-0.024183360054126076
1.08075;1.1134870666666667;-0.03273706666666665;58416.236666666664;1.8560421928352246;41.4949258732924;-0.0033782186817989945;-0.0022741577518038563;-0.028120376108167554
1.07937;1.1133057;-0.03393570000000001;58520.833333333336;1.6255236739050267;40.922031229105784;-0.004294489688675185;-0.002678224139178122;-0.03347313457187833
1.0892;1.1131619000000001;-0.023961900000000202;58666.5;1.6300103125290193;46.57979056862497;-0.004179266236072232;-0.0029784325585569442;-0.03773884242055152
1.08547;1.1130218666666665;-0.027551866666666536;58775.613333333335;1.5377125796614621;44.82556792238521;-0.004338914343165801;-0.0032505289154787158;-0.04168252878079751
1.09297;1.1128894666666667;-0.019919466666666663;58885.42333333333;1.5368319505441494;48.985780681436964;-0.0038162578533595948;-0.0033636747030548917;-0.043830297832913
1.09306;1.1127792666666667;-0.01971926666666679;58806.38;0.6802323149289788;49.03544127061296;-0.0033560995453536524;-0.003362159671514644;-0.044580780736297385
1.09091;1.1126504666666668;-0.021740466666666736;58741.4;1.0044193703246767;47.837407952541625;-0.003128840477310657;-0.0033154958326738464;-0.044657364961841695
1.09818;1.1125470000000002;-0.01436700000000024;58761.096666666665;1.2581113048205663;52.09910947894129;-0.002335189179244912;-0.00311943450198806;-0.042899732384318254
1.09112;1.1124138333333333;-0.021293833333333234;58861.833333333336;1.2478034719722886;47.99799462314274;-0.002249961647378562;-0.002945539931066161;-0.04115851139635011
1.0839;1.1122467333333332;-0.02834673333333315;58925.653333333335;1.5278065648371495;44.16882456781104;-0.0027335017674561257;-0.002903132298344154;-0.040707342822633295
1.08712;1.1120914666666666;-0.024971466666666498;58960.17;1.3504370832035677;46.22913171100635;-0.002824326627717033;-0.0028873711642187303;-0.04048916122881325
1.08622;1.1119346333333333;-0.025714633333333348;58889.78;1.015456332151179;45.7212707727102;-0.0029350945196282563;-0.0028969158353006354;-0.04051845327422379
1.0857;1.1117763;-0.02607629999999994;58903.566666666666;1.1605579062273264;45.41086175085023;-0.0030299115914147468;-0.002923514986523458;-0.040726711866139326
1.08231;1.1115983666666667;-0.029288366666666565;58883.816666666666;0.8874254924031101;43.344841837402875;-0.0033400969144223858;-0.003006831372103244;-0.04157139916133142
1.07758;1.111394;-0.03381400000000001;58914.65666666667;1.304259489022233;40.57126958557194;-0.003922377758209805;-0.0031899406493245564;-0.043569883672133644
1.08261;1.1112129000000002;-0.028602900000000098;58893.43666666667;1.0320504871197533;44.62893702287963;-0.0039326276756137535;-0.0033384780545823957;-0.045276142442423416
1.08294;1.1110326000000001;-0.028092600000000134;58813.71333333333;0.9321805560765026;44.894766710447705;-0.0038695171815497087;-0.003444685879975858;-0.04656722166917208
1.08197;1.1108517333333332;-0.028881733333333104;58775.486666666664;0.9512298948210692;44.222706145330726;-0.003853353493248335;-0.003526419402630354;-0.0476078242388557
1.08732;1.1106962;-0.023376199999999958;58800.37666666666;0.9743474999279811;48.77722522352853;-0.0033699961477899887;-0.003495134751662281;-0.0473885031468442
1.09516;1.1105777333333333;-0.015417733333333405;58897.83;1.3259062345758195;54.62449965060359;-0.0023274797529404534;-0.0032616037519179156;-0.04484037441937464
1.09806;1.1104691666666668;-0.012409166666666804;58927.46333333333;0.9418019521060427;56.59812835479139;-0.0012528303865719792;-0.0028598490788487286;-0.04023261922362964
1.09038;1.1103725333333334;-0.019992533333333506;58908.996666666666;0.9856898485057117;50.352028757716184;-0.0010092409355815235;-0.002489727450195288;-0.03573484082536145
1.08375;1.1102406999999999;-0.026490699999999867;58913.496666666666;1.0383528980822043;45.66666686178631;-0.0013357820673058907;-0.0022589383736174085;-0.032619902511028545
1.07959;1.1100912666666667;-0.030501266666666638;58944.93666666667;0.9787439475291694;42.965154078932805;-0.00190824840051107;-0.0021888003789961408;-0.03124704139749273
1.08318;1.1099398;-0.0267598;58945.74;1.0994687656816085;45.93743699202969;-0.002048633722532278;-0.0021607670477033682;-0.03039817130797303
1.08384;1.1097763;-0.025936300000000134;58948.363333333335;0.86898086907572;46.489543288708745;-0.0020826263967932412;-0.002145138917521343;-0.0297598672530339
1.08066;1.1096102666666667;-0.02895026666666678;58944.56;0.9265995029904497;44.15003294819223;-0.002339200413415954;-0.0021839512167002653;-0.029801904398773078
1.08485;1.1094514333333334;-0.02460143333333331;58985.49333333333;0.9940240673863437;47.87231848595589;-0.002179317373295131;-0.0021830244480192385;-0.029489893688971223
1.08189;1.1092778333333333;-0.027387833333333278;59061.12666666666;1.0667253328160238;45.562100944724975;-0.002265342713676066;-0.0021994881011506043;-0.02942700897181408
1.08044;1.1090955666666666;-0.028655566666666576;59111.80333333334;0.9450058507771891;44.43096415449528;-0.0024225951289180703;-0.0022441095067040973;-0.029736735350831527
1.0819;1.1088978999999999;-0.026997899999999797;59093.50666666667;0.8953944855304641;45.88768729336708;-0.002401723429989122;-0.0022756322913611024;-0.02996360799863529
1.09142;1.1087442333333333;-0.017324233333333217;59053.5;0.8686191334974441;54.3002245272269;-0.001598570692309842;-0.0021402199715508502;-0.028359323300819445
1.09228;1.1086184000000001;-0.016338400000000197;58998.61;0.9163266727807797;54.98110660910019;-0.0008824986534750057;-0.0018886757079356815;-0.025386050037259657
1.09781;1.1085069;-0.01069690000000012;58994.426666666666;0.8630815295093079;59.19147503215861;0.00012972301402780495;-0.0014849959635429841;-0.020580017635800037
1.09493;1.1084014;-0.013471400000000022;58975.763333333336;0.8892805626535811;56.241397513393146;0.0006915522633359483;-0.0010496863181671976;-0.015227942059754649
1.09032;1.1082878;-0.01796780000000009;58904.86666666667;0.7763025805449958;51.79172770288188;0.000756101649393992;-0.0006885287246549597;-0.010537562824713315
1.0897;1.1081788666666668;-0.01847886666666687;58796.28666666667;0.5170394547591298;51.204969405163304;0.0007485992977371847;-0.0004011031201765309;-0.006583049966892729
1.09825;1.1081006333333332;-0.009850633333333247;58764.073333333334;0.891633221250338;58.23241254617723;0.0014162416228180597;-3.763417157761278e-05;-0.0017434913276557443
1.10093;1.1080330333333335;-0.007103033333333508;58863.05;1.4018811461517195;60.16882652829179;0.002136972884658528;0.00039728723966961534;0.003965554146448523
1.10773;1.1079907;-0.0002606999999998916;58941.73333333333;1.249488195121298;64.64739338637298;0.003219745549808195;0.0009617789016973313;0.011224428487144321
1.11007;1.1079466;0.0021233999999998865;59073.52333333333;1.4978622402577482;66.0615565128887;0.00421804612165122;0.0016130323456881091;0.01960612486606835
1.11339;1.1079178;0.005472200000000038;59173.81;1.259695801233475;68.01640140716536;0.005216964847492012;0.0023338188460488895;0.028934509657691978
1.1169;1.1079022;0.008997799999999945;59305.98;1.3691536671341795;69.98480976439156;0.006220140887994274;0.003111083254437967;0.03906507030066231
1.12337;1.1078937;0.015476299999999998;59485.64333333333;1.5465076083061253;73.2525807115837;0.007451345581971802;0.003979135719944734;0.05037573864041918
1.13355;1.1079178333333335;0.025632166666666567;59671.5;1.6703116228012251;77.41834308179664;0.009143128797117095;0.005011934335379206;0.06370860093758561
1.129;1.107923;0.021077000000000012;59837.003333333334;1.6426457630646205;72.01938081532526;0.010001441814143863;0.006009835831132139;0.07686890799703916
1.1294;1.1079362;0.021463800000000033;59951.346666666665;1.2361523822315192;72.20290743740678;0.010591841564644877;0.006926236977834687;0.08925576416633578
1.13383;1.1079495666666666;0.02588043333333334;60080.35;1.4153046711609678;74.2196866677572;0.01128709103794745;0.007798407789857241;0.10119645222970453
1.13757;1.1079734666666667;0.02959653333333323;60282.61;1.6355297157834348;75.8150401236662;0.012001521924005498;0.008639030616686891;0.11277982562248763
1.1298;1.1079792666666666;0.021820733333333342;60574.68;2.2714275997822404;66.5947829668716;0.01180466268175473;0.00927215702970046;0.12200090600160687
1.12596;1.1079661666666665;0.017993833333333598;60872.21;2.2032714107139855;62.54637125997653;0.011209577375925761;0.009659641098945522;0.1283098998498193
1.13227;1.1079971;0.024272900000000153;61121.653333333335;2.136313284718825;66.18423553745856;0.011118959801547756;0.009951504839465969;0.13326474907248828
1.12636;1.1080046666666665;0.0183553333333335;61418.69;1.8327971501831393;60.27870016990485;0.010449798342402339;0.010051163540053244;0.13577939333602712
1.12431;1.1080000333333333;0.01630996666666662;61708.89;1.727303796908075;58.33432546814729;0.009642907759397357;0.009969512383922066;0.13591991493745448
1.12046;1.1079923999999999;0.012467600000000134;61902.636666666665;1.6364892588579072;54.76172265161636;0.008593715333859109;0.009694352973909475;0.13351643703312838
1.11777;1.1080009333333334;0.009769066666666548;62032.41;1.5455791577335871;52.34933042203101;0.007459177503778225;0.009247317879883227;0.12877929157985132
1.12615;1.1080438666666668;0.01810613333333322;62124.89333333333;1.2964851234081858;58.48488085408779;0.007153779745124655;0.008828610252931513;0.12391945804402828
1.13087;1.1080984666666667;0.02277153333333337;62287.20333333333;1.6750952750538206;61.492433640124354;0.00720950765791617;0.008504789733928445;0.11977695221707628
1.125;1.1081202333333335;0.016879766666666463;62494.41;1.5606675861086519;56.05376563109223;0.006702747388360519;0.00814438126481486;0.11501896032883188
1.12182;1.1081212;0.013698800000000011;62638.903333333335;1.524036899113199;53.30334550179302;0.0059756531898387255;0.007710635649819634;0.10926883364075594
1.12185;1.1081291333333334;0.013720866666666609;62719.32666666667;1.1058473310564179;53.32661260863743;0.005340287043534175;0.007236565928562543;0.1028960094292896
1.12426;1.1081528;0.016107199999999988;62802.25;1.2048135218083422;55.255371727764384;0.004973885794508748;0.006784029901751785;0.09660519062011362
1.12336;1.1081631333333333;0.015196866666666642;62883.316666666666;1.2593006253113888;54.352065767013684;0.004558341957870526;0.006338892312975534;0.09029329260732082
1.12512;1.1081805666666666;0.016939433333333254;62985.94666666666;1.2350691561671268;55.87133925803602;0.004321225368391746;0.005935358924058777;0.08437202779513499
1.12394;1.1081964666666666;0.015743533333333337;63068.71;1.2265987365206572;54.560211831422606;0.0039920744750006065;0.005546702034247144;0.07859494461473027
1.12474;1.1082149333333335;0.016525066666666532;63075.04666666667;1.0376211110213414;55.325644128260045;0.0037525166585263836;0.005187864959102992;0.07314985973744824
1.13089;1.1082471999999999;0.022642800000000074;63078.693333333336;1.142445985987269;60.793293524128835;0.004012663478570655;0.004952824662996525;0.06909536755550703
1.12744;1.1082606666666668;0.019179333333333215;63142.96666666667;1.271273813024105;56.607794399250366;0.003895540178279644;0.0047413677660531495;0.0654053347562577
1.13298;1.1082957333333334;0.024684266666666677;63212.33666666667;1.1858919311160012;61.22442554112412;0.004201320610492942;0.0046333583349411085;0.06295860953601896
1.12848;1.1083226666666668;0.02015733333333314;63354.236666666664;1.413338786971719;56.011537718008576;0.004034039517662791;0.004513494571485445;0.060537813942500976
1.1299;1.1083550666666666;0.021544933333333294;63426.89333333333;1.1697877051940582;57.248525119627054;0.0039702832253583065;0.004404852302260017;0.05836782912845986
1.13428;1.1084117666666666;0.025868233333333324;63494.486666666664;1.041617996648994;60.90081046527783;0.004224488030813545;0.004368779447970723;0.057108969386249535
1.13999;1.1084926333333331;0.031497366666666915;63629.08666666667;1.436151370185506;65.08810665537925;0.0048310076016879755;0.004461225078714173;0.05739714008889953
1.14115;1.1085746333333335;0.032575366666666605;63770.50666666667;1.2743194973306458;65.88736604167612;0.005343682392524807;0.0046377165414763005;0.058795618165168054
1.13822;1.1086481666666665;0.029571833333333464;63881.62;1.2686121610564558;62.02481580626818;0.005450721816770088;0.0048003175965350585;0.06024848661939279
1.14246;1.1087395999999998;0.033720400000000206;63953.90666666667;0.9593940886174231;65.2037890272106;0.005810701743836688;0.005002394425995384;0.0622938137849813
1.14478;1.1088282;0.03595179999999987;64083.496666666666;1.4754032616507544;66.83952977505224;0.006211589701010212;0.005244233480998351;0.06492660074917693
1.15286;1.1089360333333333;0.04392396666666665;64303.10333333333;1.720787866588442;71.8098849576352;0.007099446764881057;0.005615276137774892;0.06911422975078164
1.15703;1.1090619666666668;0.047968033333333215;64667.16333333333;2.0293297747349217;73.97769804488982;0.008046805470023566;0.006101582004224627;0.07474599311969238
1.15971;1.1092076333333334;0.05050236666666663;64922.956666666665;1.8793352346293515;75.29272098129653;0.008911125760718841;0.00666349075552347;0.08141364741177667
1.16556;1.1093825;0.05617749999999999;65159.083333333336;1.8369810297614935;77.91614374613867;0.009953415153591605;0.0073214756351370975;0.08933487143355931
1.17513;1.1095898;0.06554020000000005;65472.95;2.037986679995015;81.39619673232687;0.011420013223180314;0.008141183152745741;0.09922738166891475
1.17168;1.1097723666666668;0.06190763333333327;65721.68333333333;2.0427352616497636;76.7035460423225;0.012163701018747863;0.008945686725946166;0.10920515295067032
1.17903;1.1099554333333332;0.06907456666666678;65949.19;1.911426053905755;79.42503262417904;0.013194069507938888;0.009795363282344711;0.11985363553543447
1.18468;1.1101537666666668;0.07452623333333319;66177.02666666667;1.978692706451507;81.23933777434785;0.01430169075151655;0.010696628776179079;0.13121551837172166
1.17735;1.1103381666666667;0.06701183333333316;66498.75333333333;2.4682868741495505;72.32845780989618;0.014421773597607102;0.011441657740464684;0.14102115814224095
1.17627;1.1105006;0.06576939999999998;66678.92333333334;1.8372222266933467;71.09115988906832;0.014265351057107134;0.012006396403793173;0.14888482572554568
1.18027;1.1106573000000002;0.06961269999999975;66859.93;1.7232444006444934;72.93766798082174;0.014299318000509098;0.012464980723136359;0.15549412073712318
1.18641;1.1108414333333334;0.07556856666666656;67077.57666666666;1.64682454986299;75.5222219417294;0.014652775657014727;0.012902539709912033;0.161715792630033
1.18768;1.1110251333333332;0.07665486666666688;67360.1;2.0735272067585893;76.03210469021539;0.014864028514311123;0.013294837470791852;0.16729388669343828
1.17868;1.1111917000000002;0.06748829999999972;67626.50666666667;1.9903290386330779;65.6030316964428;0.014142200655904436;0.013464310107814369;0.1703154353053773
1.17366;1.1113450333333332;0.062314966666666693;67751.77666666667;1.3132201748409775;60.60920811951024;0.013015045488709243;0.013374457183993344;0.17029814493974238
1.17395;1.1115211333333335;0.06242886666666658;67981.93333333333;1.889237238520937;60.794873575451305;0.012006761007417488;0.013100917948678173;0.16796445962461742
1.17854;1.1117103666666666;0.06682963333333336;68273.68;1.8492338482411015;63.710406009712806;0.011446119194354898;0.012769958197813519;0.1646355186595679
1.18146;1.1119172;0.06954280000000002;68416.34666666666;1.626818814840504;65.4696683936186;0.01110936427877185;0.012437839414005185;0.16095590777041732
1.18404;1.1121219;0.07191809999999998;68543.80666666667;1.4477310909001968;66.99226805588455;0.010924734481334797;0.012135218427471109;0.15731906408769555
1.18701;1.1123148333333333;0.07469516666666665;68571.39333333333;1.2479693913174221;68.70310141323064;0.010892506184410289;0.011886675978858946;0.15405785695325672
1.19314;1.1125023;0.08063770000000003;68706.80333333333;1.6304207817166243;71.93625516063074;0.011232127818621374;0.011755766346811433;0.1519182839966232
1.18392;1.1126492333333333;0.07127076666666676;68927.58666666667;1.7118254926085166;61.624479650750224;0.010634713112449345;0.011531555699939015;0.14875501827601226
1.18612;1.1128140333333334;0.07330596666666667;69095.48666666666;1.7940390317821349;62.98782740138772;0.010220958421147008;0.011269436244180614;0.14512166073210445
1.17956;1.1129563999999998;0.0666036000000001;69232.67333333334;1.528497960644758;56.53785924039977;0.009257008638261732;0.010866950722996838;0.13993768228317888
1.17873;1.1130957333333333;0.06563426666666672;69327.43333333333;1.211151141226747;55.75985579484357;0.00833007352473869;0.010359575283345208;0.13352837714784607
1.18339;1.1132504666666667;0.07013953333333323;69501.03333333334;1.5110422818651361;59.15799901714023;0.007880650589360494;0.009863790344548266;0.12710017785888572
1.18303;1.1134321999999999;0.06959780000000015;69620.03666666667;1.363932059597015;58.78235764906724;0.007410012670310939;0.009373034809700802;0.12062659154228633
1.18217;1.1136107;0.06855929999999999;69980.78;2.2495319429131473;57.83753489005216;0.0068882306805106985;0.008876073983862781;0.11402111472006915
1.19063;1.1138202000000001;0.07680979999999993;70288.70333333334;1.9842448841112517;63.97228236764083;0.007075800566786583;0.008516019300447542;0.10880638372636879
1.19363;1.1140375333333332;0.07959246666666675;70589.44333333333;1.6166156667522076;65.86880390467127;0.007381437365814536;0.00828910291352094;0.10503214062106368
1.19118;1.1142663333333334;0.07691366666666655;70878.09333333334;1.9286636190549433;62.954227524876686;0.007341335856610565;0.008099549502138866;0.10176480684225696
1.18542;1.1144796333333333;0.07094036666666659;71139.8;1.6156638056331876;56.61195500810112;0.006766768168697146;0.007832993235450522;0.09781384863286338
1.18515;1.1146943;0.0704556999999999;71445.06666666667;1.8300353838284384;56.32550354373947;0.006217955670546171;0.007509985722469652;0.09333959627617675
1.18379;1.1148901333333334;0.06889986666666648;71706.81;1.8726254870350707;54.820809622060516;0.005608624446404642;0.00712971346725665;0.08829911416069372
1.18127;1.1150761666666666;0.0661938333333334;71734.97666666667;0.8904442848961374;52.04634230548256;0.004866286599041425;0.006677028093613605;0.08250542303026649
1.17738;1.1152438666666669;0.06213613333333323;72007.90333333334;1.812467714770502;48.007327526659964;0.003918913224622456;0.006125405119815375;0.0756502722925626
1.1803;1.1154256;0.06487439999999989;72261.37666666666;1.5771772592391922;51.07649592088174;0.0033649436210221317;0.005573312820056727;0.06871998998318207
1.18147;1.1156273666666667;0.06584263333333329;72568.01;1.9045857809795386;52.29172999494022;0.0029859082493006728;0.005055831905905517;0.06209882394089015
1.18446;1.1158338666666667;0.06862613333333334;72759.82;1.328796580310214;55.34445567787758;0.002893434288558483;0.00462335238243611;0.0563450367149451
1.18638;1.1160294;0.07035060000000004;72809.93666666666;1.002582934993946;57.23671183666342;0.0029411719627510102;0.004286916298499091;0.0516275654162831
1.18466;1.1162376333333333;0.06842236666666679;72897.24333333333;1.1243772226776307;54.988743262104;0.00280784766802733;0.003991102572404739;0.0474199562846936
1.18162;1.1164401;0.06517989999999996;73162.86333333333;1.611022240381387;51.16393787406311;0.0024288859252317163;0.003678659242970135;0.0431378932944894
1.18477;1.1166723;0.06809770000000004;73444.21;1.732988890478673;54.681431994683386;0.0023555810164861413;0.003414043597673336;0.03942828480357629
1.18426;1.1169067000000001;0.06735329999999995;73603.17666666667;1.2428539655872766;54.003233513447576;0.0022306204068824886;0.003177358959515167;0.036099795069036725
1.17715;1.117115;0.06003499999999984;73754.70333333334;1.485383237254137;45.52589486179825;0.0015401171326130392;0.0028499105941347416;0.03192173781723431
1.17048;1.1173071666666665;0.05317283333333345;74013.22666666667;1.610928280926867;39.29416338743365;0.00044949357433821113;0.0023698271901754354;0.026188896521407132
1.16603;1.1174788666666666;0.048551133333333274;74296.73;1.5959114216733907;35.77566898670801;-0.0007650917613399866;0.0017428433998723512;0.018875055008184347
1.16682;1.1176496666666667;0.049170333333333316;74538.84333333334;1.5858577181210727;36.856625857903936;-0.0016449510213574214;0.0010652845156263967;0.010911471251299668
1.16307;1.1178344;0.04523560000000004;74637.69666666667;1.2800770155954777;33.93672833882252;-0.002614698863008025;0.0003292878398995124;0.002213060597966024
1.16667;1.1180283333333334;0.048641666666666694;74634.86666666667;1.106506967699488;38.93798436408574;-0.003057496187799602;-0.00034806896564031054;-0.00601351019680933
1.17433;1.1182409333333334;0.05608906666666669;74620.73666666666;1.1441993715686345;47.964669247393424;-0.0027585197763082547;-0.0008301591277738994;-0.012293112771289362
1.17181;1.1184126666666667;0.0533973333333333;74729.51;1.5594508782405294;45.5775998174288;-0.002693868516292941;-0.0012029010054777078;-0.017392733052013474
1.17456;1.1185939666666667;0.05596603333333339;74858.83666666667;1.6034179175727323;48.58473212282927;-0.0023931432440156275;-0.0014409494531852918;-0.02099465255346619
1.17162;1.1187662333333335;0.052853766666666635;74971.69;1.71259311348034;45.67877870343587;-0.0023647899025558416;-0.0016257175430594017;-0.023884515666599066
1.17845;1.1189678666666667;0.0594821333333333;75004.92333333334;1.0505977007641252;52.749352464220905;-0.001770783268619791;-0.0016547306881714797;-0.024996293486168292
1.17335;1.1191453999999998;0.05420460000000005;75152.58333333333;1.3429877660003249;47.75126169957992;-0.001692051196235278;-0.0016621947897842396;-0.025664319612543243
1.17629;1.1193285;0.05696150000000011;75273.89333333333;1.1974005330221797;50.653955274251665;-0.0013765539748940014;-0.001605066626806192;-0.02546935173832109
1.17603;1.1195248999999998;0.056505100000000086;75259.76333333334;0.9853871008274073;50.38735679864513;-0.001134423058175127;-0.0015109379130799792;-0.024697591978425866
1.18302;1.1197554666666667;0.06326453333333326;75266.96;0.9717278338329365;56.94773419183938;-0.0003741846127893744;-0.0012835872530218583;-0.02236556551749069
1.18119;1.1199896666666669;0.06120033333333308;75193.74666666667;0.7942947738028932;54.90093700235894;7.972510496623286e-05;-0.0010109247814242403;-0.019346974833010653
1.17455;1.1202082666666666;0.054341733333333364;75248.0;0.9759063363809037;48.140010478243674;-9.524278117933882e-05;-0.00082778838137526;-0.01706068170382889
1.17469;1.1204312;0.05425879999999994;75360.95333333334;0.9978642343783605;48.28461798432508;-0.0002200724038725621;-0.0007062451858747204;-0.015306939980395316
1.17074;1.1206335;0.05010649999999983;75482.08;1.0600396809413493;44.51322959286645;-0.0006304651577899723;-0.0006910891802577708;-0.014610733345646013
1.17147;1.1208435666666665;0.0506264333333335;75583.84;0.9283068973472467;45.36259192518422;-0.0008865795358419248;-0.0007301872513746017;-0.01450373197251797
1.17709;1.1210741;0.05601590000000001;75647.08666666667;0.9355945234461637;51.51580403496691;-0.0006288163900323163;-0.0007099130791061445;-0.013835637124135504
1.18224;1.1213006666666667;0.060939333333333234;75646.16;0.914137611215042;56.36532800012359;-8.872997845132957e-06;-0.0005697050628539422;-0.011938591898454861
1.18611;1.1215545999999998;0.06455540000000015;75635.56666666667;1.1378509316823429;59.63282841896921;0.000785656702561921;-0.00029863270977076957;-0.00863368450397101
1.18187;1.1217974333333331;0.06007256666666683;75686.93333333333;0.9723607069118528;54.79178518056114;0.0010609645111137045;-2.671326559387476e-05;-0.005213952697918414
1.18614;1.1220586000000001;0.06408139999999984;75744.36666666667;0.9246496219079539;58.45001608840364;0.0016051975290831688;0.00029966889334153394;-0.0011453863165691678
1.18092;1.1223095;0.0586104999999999;75791.78333333334;0.9170255262937362;52.822695855769744;0.00159688781348577;0.0005591126773703812;0.0023187419237380223
1.17954;1.1225778666666666;0.05696213333333344;75799.74;0.77334038348934;51.41344923291272;0.001462093730741465;0.000739708888044598;0.004995214323149104
1.17462;1.1228377333333333;0.05178226666666674;75957.43666666666;1.0907424425546364;46.63637563678804;0.0009473451618591255;0.0007812361428075035;0.0062025091872496795
1.16731;1.1230709333333333;0.04423906666666677;76047.50666666667;1.1581707785114552;40.60033970775825;-4.9877735833314674e-05;0.0006150133670793399;0.005148541231388278
1.16454;1.1232745666666666;0.04126543333333332;76154.85;1.1580221089003315;38.56352810706362;-0.0010515779806254955;0.00028169509753837277;0.002155648848389925
1.16403;1.1234765333333334;0.04055346666666648;76200.94666666667;0.9640562645677152;38.18371109038275;-0.0018650858307547313;-0.00014766108812024807;-0.002096229206634359
1.17202;1.1237081666666666;0.04831183333333344;76221.50666666667;0.8395137120528136;46.99215326770572;-0.0018438160742380028;-0.00048689208534379903;-0.005679148151326753
1.17231;1.1239337999999999;0.04837620000000009;76675.76666666666;2.351838238330535;47.28575598007504;-0.0017830056829584162;-0.0007461148048667225;-0.008601136173757995
1.18269;1.1241952333333332;0.058494766666666864;76935.72;1.5989971888218375;56.560268147145706;-0.0008870088728909487;-0.0007742936184715678;-0.009215578184938891
1.18752;1.1244834666666665;0.06303653333333337;77179.09333333334;1.512637619306725;60.07983993066861;0.000210390438391439;-0.0005773568070989666;-0.007437656028112176
1.18135;1.1247333666666666;0.05661663333333333;77426.59666666666;1.9519907435767074;54.05480320170756;0.0005755848795570007;-0.0003467684697677731;-0.005142469822759512
1.18172;1.1249817666666666;0.0567382333333335;77668.16333333333;1.6349813688137553;54.35044695350467;0.0008846621781390951;-0.00010048234018639947;-0.0025278043139122445
1.17788;1.1252400333333334;0.05263996666666659;77744.23;0.9773844309730797;50.703881765421826;0.0008104103502117876;8.169619789323797e-05;-0.0004440044733064055
1.18056;1.1254845333333334;0.05507546666666663;77816.86666666667;1.0232100495778091;53.070431707464984;0.0009567895693545214;0.0002567148721854947;0.0016402733523425259
1.18325;1.1257522666666666;0.0574977333333333;77837.18333333333;0.8003244379131396;55.38558789532012;0.0012751574525080578;0.0004604033882500073;0.00407855606549503
1.18539;1.1260233333333334;0.05936666666666657;77894.79666666666;0.9494472437802608;57.1947478752225;0.0016807715210469532;0.0007044770148093966;0.006996288473775202
1.18611;1.1263038333333333;0.059806166666666716;77923.23;0.804650936569133;57.814570857872354;0.002036842127212113;0.0009709500372899398;0.010215301786958429
1.18544;1.1265909666666667;0.058849033333333356;77976.15;0.881769618017704;56.98762295900609;0.002239155654809366;0.0012245911607938252;0.01336612646059049
1.18735;1.1268753999999999;0.060474600000000045;78032.94333333333;0.9162027849518621;58.79693555712828;0.002524510633356236;0.0014845750553063074;0.016626146485962046
1.1858;1.1271805000000001;0.058619499999999825;78054.97;0.7951831894880242;56.71206711959336;0.0025956632731483076;0.0017067926988747076;0.019528791390033228
1.1841;1.1274875666666668;0.0566124333333331;78109.23666666666;0.9105325187532141;54.43233995629324;0.002486216899502347;0.0018626775390002356;0.021746510810321903
1.18927;1.1278046;0.061465400000000114;78173.40333333334;0.9186500387321521;59.73357192117257;0.0027845570124631625;0.0020470534336928213;0.024224717982767784
1.19139;1.1281427666666668;0.06324723333333315;78273.99666666667;1.0012009522616256;61.70116654643519;0.0031556832318775374;0.0022687793933297644;0.02707413943237121
1.1913;1.1284698;0.06283020000000006;78224.26666666666;0.5777618880414888;61.563633173195;0.0034033099481496354;0.002495685504293739;0.029980670854721354
1.19609;1.1288037;0.06728630000000013;78216.06;0.6640707803486057;65.91793302549779;0.003940643586845205;0.002784677120804032;0.0335344907741174
1.19257;1.1291244;0.06344559999999988;78273.12;1.001046080697818;60.49439173383368;0.004035926140389057;0.003034926924721037;0.03671840339513957
1.2072;1.1294889666666668;0.07771103333333329;78365.10333333333;1.0511183740754695;71.12731874261684;0.005231649780454539;0.0034742714958677376;0.04186729758310247
1.21156;1.1298706666666665;0.0816893333333335;78515.88333333333;1.1255556996640224;73.42307441726847;0.006456656623463841;0.004070748521386959;0.048746351216413214
1.21479;1.1302680333333333;0.08452196666666678;78587.86666666667;1.0284666504921418;75.0084510081733;0.007600503504756384;0.004776699518060844;0.05692152636285221
1.21209;1.1306513333333335;0.08143866666666644;78717.06666666667;1.0828274427568758;71.18578040602289;0.008194679796313054;0.005460295573711286;0.0650479623873232
1.2109;1.1310190666666666;0.07988093333333346;78757.21333333333;1.050811684381454;69.50451008424434;0.008471887092589059;0.0060626138774868416;0.07246150714224713
1.21046;1.1313755;0.0790845;78781.80666666667;1.0181157730916446;68.85694644647018;0.008557426859271411;0.006561576473843755;0.07885819719827683
1.20814;1.1317272999999999;0.07641270000000011;78904.77;0.990295010048063;65.39716714978672;0.008341853435910984;0.006917631866257202;0.0837563021147267
1.21416;1.1320970666666668;0.08206293333333314;79020.5;1.229301257268528;69.65751424128126;0.008558120942555814;0.007245729681516925;0.08826513306611805
1.21138;1.1324443666666666;0.07893563333333331;79067.58333333333;1.0040524403699784;65.6384527497234;0.008408266471208625;0.007478237039455266;0.09168300367268506
1.21431;1.1327839666666668;0.08152603333333319;79093.77666666667;0.876213058987716;67.75042488321223;0.008428770615068082;0.00766834375457783;0.09452242908903716
1.21528;1.1331121666666666;0.08216783333333333;79157.99;0.8647768848096238;68.44196008265799;0.008426159666637956;0.007819906936989855;0.09682246121421777
1.21994;1.1334620333333334;0.08647796666666663;79294.97666666667;1.0547956947082286;71.59339597376695;0.008699827331923204;0.007995891015976525;0.09923408234011995
1.22669;1.1338427333333332;0.09284726666666687;79384.05;0.909578183526677;75.42205402847867;0.009353557527438383;0.008267424318268896;0.1025240896693645
1.2255;1.1342176666666666;0.09128233333333347;79476.66;0.8317158773404881;73.54022531448892;0.009664217281446508;0.008546782910904419;0.10585612161304167
1.22435;1.1345971666666665;0.0897528333333335;79694.89333333333;1.4553755598223876;71.67895703881977;0.009705740253601824;0.0087785743794439;0.10867009980749101
1.21628;1.1349581;0.08132190000000006;79866.08333333333;1.0841272839011449;60.17025717055944;0.008983905086445754;0.00881964052084427;0.1094776719997904
1.21861;1.1353202;0.08328979999999997;80034.35333333333;1.0252847256505988;62.06413370263677;0.008501852974440949;0.008756083011563607;0.10907334760907682
1.21808;1.1356769;0.08240310000000006;80040.02;0.5018114688126637;61.349538506484166;0.007985010402648651;0.008601868489780616;0.10757399041956708
1.22148;1.1360318666666667;0.08544813333333323;80089.00333333333;0.8642260125515113;64.19741717990956;0.007760304565459508;0.008433555704916395;0.10574946056456792
1.22498;1.1363979666666666;0.08858203333333337;80127.29666666666;0.8320759937446829;66.9010909615958;0.0077750187435536855;0.008301848312643854;0.1041469000163117
1.22998;1.1367762;0.09320380000000017;80219.71333333333;0.8935708820366149;70.34622812284277;0.008096803142419118;0.008260839278598907;0.10336825045906219
1.22168;1.1371389666666667;0.0845410333333334;80306.83;0.7982758129039836;59.31015288261549;0.007594533903439782;0.008127578203567083;0.10161813074799206
1.22521;1.1375317;0.08767829999999988;80479.37333333334;1.2806014228406086;62.03790736215306;0.007396066164599313;0.00798127579577353;0.099666975082516
1.22986;1.1379423666666668;0.09191763333333314;80665.14;1.1815016994948275;65.33459936243298;0.007527226014059307;0.007890465839430686;0.09822260852068945
1.23263;1.1383677333333333;0.0942622666666666;80953.77333333333;1.7653531653371028;67.16392478915719;0.007765174887407689;0.007865407649026088;0.09743267621426922
1.22693;1.1387842333333333;0.08814576666666674;81170.35666666667;1.3098501025023654;60.13191376340134;0.007408409191171694;0.007774007957455209;0.0959970910129774
1.22194;1.1391797000000001;0.0827602999999999;81479.47666666667;1.4788141128216035;54.72964166852634;0.0066464029141644065;0.007548486948797049;0.09319517942596035
1.21502;1.1395601;0.07545990000000002;81684.85666666667;1.221915592106539;48.25515454463471;0.005421624173897577;0.007123114393817155;0.0883002561380444
1.22077;1.1399603333333332;0.08080966666666667;81848.96666666666;1.1036180868093506;53.20847473690737;0.004858944258601117;0.006670280366773948;0.08297465196118915
1.21578;1.1403393333333331;0.07544066666666693;82008.26666666666;1.06547795181611;48.8391456971097;0.003964662908911842;0.006129156875201527;0.0766239335993459
1.21545;1.1407067;0.07474329999999996;82222.13666666667;1.178101225861943;48.555178890423754;0.003192508997800214;0.005541827299721264;0.0696599074955306
1.20757;1.1410412333333333;0.06652876666666674;82390.52;1.0276182259802429;42.239560624965605;0.001922559249803335;0.004817973689737678;0.061181644857985454
1.20759;1.1413737666666666;0.06621623333333337;82496.98333333334;0.7537124084738347;42.26008854223146;0.000907270310491759;0.0040358330138884945;0.05194157977554648
1.21286;1.1417258;0.07113420000000015;82611.94333333333;0.889568711674875;47.54974323132546;0.0005218756109115485;0.0033330415332931056;0.0433374574784461
1.21057;1.1420747666666664;0.06849523333333352;82752.32666666666;0.9780873029228451;45.59505066395086;3.130283362340336e-05;0.0026726937933591655;0.035076419518615815
1.21679;1.1424575333333333;0.07433246666666671;82905.61;1.050218435157639;51.43481016464718;0.00014277655131933464;0.0021667103449511996;0.028331986133959576
1.21713;1.1428440666666666;0.07428593333333344;83043.71666666666;0.9169266870079174;51.73975360962569;0.00025560893354459324;0.0017844900626698783;0.022891692361131723
1.21415;1.1432172333333332;0.07093276666666681;83197.74;0.9716610090609467;48.844844245556914;0.00010337665256976436;0.0014482673806498556;0.018034614689793806
1.21598;1.1436042333333334;0.07237576666666667;83342.08;0.9293744528573166;50.67016741073198;0.00012891117143487563;0.0011843961388068596;0.014035542173236696
1.21121;1.1439725;0.06723749999999984;83631.28333333334;1.3217781145291538;46.05701199610837;-0.00023306504508346926;0.0009009039020287938;0.009989203681049075
1.21222;1.1443404666666668;0.0678795333333333;83890.80666666667;1.3118243151155007;47.154108060974785;-0.00043343883244006953;0.0006340353551350211;0.006227813712838112
1.21367;1.1446932333333333;0.06897676666666674;84162.89666666667;1.415718858535634;48.76514853549824;-0.0004698178529338737;0.0004132647135212422;0.003039498793552754
1.20609;1.1450196;0.06107040000000019;84350.84666666666;1.1094494447673464;41.62179826920011;-0.0010976382495835324;0.00011108412090028727;-0.0008513292235522579
1.20431;1.1453415;0.05896849999999998;84488.21;0.9894279923789379;40.13500298785187;-0.00171900593072416;-0.0002549338894246022;-0.0053300122705088404
1.20353;1.1456519333333333;0.05787806666666673;84607.79666666666;0.8154094860996678;39.469648822281364;-0.0022484648725780154;-0.0006536400860552849;-0.010125488805373164
1.19611;1.1459522666666666;0.0501577333333334;84742.17;0.8585335966731961;33.73954164850332;-0.003229568432462804;-0.0011688257553367888;-0.016100036725497386
1.20489;1.1462805333333335;0.058609466666666554;84901.35;0.8591382822533612;44.08406266147853;-0.0032610362536551474;-0.0015872678550004605;-0.021167686457178887
1.20499;1.146599333333333;0.058390666666666924;85003.85333333333;0.7344961146074239;44.19093145144266;-0.0032405505152313108;-0.0019179243870466307;-0.0253538185832246
1.21197;1.1469292333333332;0.0650407666666668;85108.30333333333;0.8403057892000229;51.201621682943;-0.002630761967859385;-0.0020604919032091817;-0.027599204794460465
1.21183;1.147258;0.06457200000000007;85171.06333333334;0.8263369887087832;51.06306732206195;-0.0021341953057552043;-0.0020752325837183863;-0.02841623091910577
1.21317;1.1475956666666667;0.0655743333333334;85104.76;0.6146307210077775;52.391032514853904;-0.0016139314501946167;-0.0019829723570136326;-0.027969783310658705
1.21182;1.1479203999999998;0.06389960000000006;85169.40333333334;0.6507618678866737;50.89266350770733;-0.0012956172448386205;-0.0018455013345786303;-0.02685787449462197
1.21271;1.1482458333333334;0.06446416666666654;85172.79666666666;0.4721225740346354;51.869943740840746;-0.0009604637535218785;-0.00166849381836728;-0.025151839707906944
1.21034;1.1485758333333334;0.06176416666666662;85298.26666666666;0.8455036991762812;49.06949671569056;-0.0008759934825071092;-0.001509993751195246;-0.02345289722472302
1.20417;1.1488829999999999;0.055287000000000086;85432.38666666667;0.916116276902844;42.61844290431652;-0.0012920239712275183;-0.0014663997952017005;-0.022779053417987038
1.20933;1.1492219666666668;0.060108033333333255;85555.70666666667;0.8209271214792739;48.69337876883182;-0.0011916259328035306;-0.0014114450227220665;-0.02194633408312249
1.21172;1.1495645333333333;0.0621554666666666;85667.29;0.7539283663577133;51.26689174864941;-0.0009087314476246;-0.0013109023077025733;-0.020615149462008465
1.21581;1.1499218;0.06588820000000006;85840.89666666667;0.9150300503616693;55.39061293584058;-0.00035046674900729435;-0.0011188151959635175;-0.018307821839033882
1.21496;1.1502727;0.06468730000000011;86034.31666666667;0.8580762056379994;54.36109555324046;2.310777838809841e-05;-0.0008904306010931944;-0.015546200659542151
1.21684;1.1506033666666666;0.0662366333333333;86203.10666666667;1.0883714477110389;56.295926553267066;0.0004655025473914165;-0.0006192439713962723;-0.01226523567662432
1.21774;1.1509294666666667;0.06681053333333331;86480.14666666667;1.4527496175999255;57.23070620302179;0.0008785981351018268;-0.00031967555009665253;-0.008608010026942772
1.20736;1.1512129;0.056147100000000005;86848.82333333333;1.688750571059164;45.21805784400087;0.0003642018219396359;-0.00018290007568939486;-0.006511838474834418
1.20484;1.1515048333333333;0.0533351666666666;87001.30333333333;0.9902955093660103;42.86567914114573;-0.0002439913216714107;-0.00019511832488579804;-0.005945347358283571
1.20905;1.1518160666666668;0.057233933333333153;87129.71333333333;0.9961584478986775;47.75559472657891;-0.0003818749376438557;-0.00023246964743740958;-0.005738028183450336
1.20623;1.1521045333333333;0.05412546666666662;87285.39666666667;1.0093097283664356;44.978679092358476;-0.0007105088255126013;-0.00032807748305244795;-0.006223667379553745
1.19721;1.152378;0.044832000000000205;87529.80333333333;1.348066549979908;37.47287025051069;-0.0016794327111588903;-0.0005983485286737364;-0.008594758786414062
1.19101;1.1526466666666666;0.038363333333333305;87744.29;1.474113016356794;33.35289865746982;-0.0029140091718655725;-0.0010614806573121037;-0.013110471211902642
1.18465;1.1528932333333335;0.03175676666666649;87948.65;1.1523087619876882;29.74064859440456;-0.004355412277298187;-0.0017202669813093205;-0.019870166632037004
1.19008;1.1531531666666666;0.036926833333333464;88127.11666666667;1.0365821946214016;36.10345882229131;-0.005001919983522507;-0.0023765975817519576;-0.02693099550761602
1.19291;1.1534178;0.03949219999999998;88315.14333333333;0.9950501882594094;39.19418978680458;-0.005225686192291024;-0.002946415303859771;-0.03338397574633838
1.19852;1.153704;0.04481599999999997;88474.42;0.980192919037957;44.88548308844117;-0.004893928251100466;-0.00333591789330791;-0.038184586594780384
1.19518;1.1539713333333332;0.04120866666666667;88636.45;0.9446113873016186;42.34433765555081;-0.004844671422519875;-0.0036376685991503033;-0.042137736173370355
1.19298;1.1542359666666666;0.038744033333333316;88749.21666666666;0.789821055697492;40.7094795501524;-0.004926368534913683;-0.0038954085863029796;-0.045627883496543
1.19024;1.1545069333333333;0.035733066666666646;88866.30333333333;0.77436550659557;38.70516355161028;-0.005152810790664875;-0.004146889027175359;-0.04901340905190488
1.19799;1.1548018999999998;0.043188100000000285;89018.03333333334;0.8116557656294198;46.69878495421829;-0.00465326770567609;-0.004248164762875505;-0.05083730317332852
1.19158;1.1550798333333332;0.03650016666666689;89214.33666666667;1.0255414479158982;41.838749969947294;-0.0047201981353210964;-0.004342571437364624;-0.0524739918308132
1.19061;1.1553504333333333;0.03525956666666663;89355.82333333333;0.8181223928437698;41.14098859353416;-0.004796223991762938;-0.004433301948244287;-0.05397107770346414
1.19327;1.1556420666666667;0.03762793333333336;89434.70333333334;0.6969218622852221;43.90383039834013;-0.004588936853741288;-0.004464428929343687;-0.05477595136646975
1.18503;1.1559164;0.029113600000000073;89576.98333333334;0.840461435498869;37.95960820330886;-0.005031558761516619;-0.004577854895778274;-0.05631101313390308
1.18118;1.1561805;0.02499949999999984;89720.18333333333;0.8638747394444471;35.53852234754913;-0.005628125113630755;-0.00478790893934877;-0.05878649507340178
1.17641;1.156428;0.019981999999999944;89906.21666666666;0.9400573523557672;32.75137257047541;-0.006411895046328331;-0.005112706160744683;-0.062448601139119195
1.17929;1.1566888333333332;0.022601166666666783;90018.26333333334;0.6955477442187903;36.014266001690395;-0.006723146189651974;-0.005434794166526142;-0.06616458739888725
1.17652;1.1569334333333332;0.019586566666666805;90119.96;0.7388041450528008;34.29092723230829;-0.007111355533399477;-0.005770106439900809;-0.07008183018424895
1.17158;1.1571405;0.01443950000000016;90200.96333333333;0.6906134668405769;31.404748188220168;-0.007728541138519063;-0.006161793379624461;-0.07463647159965954
1.173;1.1573634666666666;0.01563653333333348;90287.75;0.6987326630688329;33.14660943585922;-0.008010740217874623;-0.006531582747274493;-0.07905244417381159
1.17776;1.1576078333333333;0.020152166666666638;90395.43;0.7073145180015509;38.76038736996811;-0.007760830776140315;-0.006777432353047658;-0.08226226199763048
1.17623;1.1578623333333333;0.018367666666666782;90369.64;0.2966261678147333;37.665560648203794;-0.007598641546563423;-0.0069416741917508115;-0.08461736907148731
1.18123;1.1581394666666667;0.02309053333333333;90401.91666666667;0.43303285420750487;43.30180449404422;-0.006986115608329957;-0.006950562475066641;-0.08532113701782372
1.18762;1.1584502333333333;0.029169766666666597;90488.72;0.6906385679893924;49.576725964311;-0.0059168589261433535;-0.006743821765281984;-0.08367887616962617
1.18717;1.1587706;0.028399400000000075;90622.42333333334;0.7677459666254675;49.164074618290236;-0.005047591053477074;-0.006404575622921003;-0.0804419363308523
1.19162;1.1591041333333332;0.032515866666666726;90715.24;0.6499569421851664;53.30334132391437;-0.003954032565735899;-0.005914467011483983;-0.0753883512118945
1.19012;1.1594466333333335;0.030673366666666535;90808.55333333333;0.6558523158206916;51.77305601478365;-0.003171853892255161;-0.0053659443876382185;-0.06942852347377569
1.19115;1.1598040666666667;0.03134593333333324;90891.97;0.6511906387329209;52.77562630611188;-0.0024407241179638106;-0.004780900333703337;-0.06281064529649609
1.19489;1.1601769666666666;0.03471303333333342;91030.44;0.7924931484456417;56.3259474714615;-0.001541739547018084;-0.004133068176366286;-0.055298628623945204
1.19792;1.1605589;0.037361100000000036;91170.19666666667;0.6973770192955931;59.01431907280953;-0.0005781278228069731;-0.0034220801056544237;-0.046902974998262674
1.19663;1.1609507000000001;0.03567929999999997;91260.95666666667;0.6827673331059008;57.39449513698902;8.052099613697905e-05;-0.0027215598852961434;-0.038393359656765824
1.19822;1.1613424666666667;0.03687753333333332;91335.04666666666;0.6069521177594763;58.8922016772342;0.0007224763842426096;-0.0020327526313883926;-0.029836181673955412
1.20368;1.1617603333333333;0.0419196666666668;91366.69;0.5722763952595227;63.62139678915006;0.0016527550913425504;-0.001295651086842204;-0.020660192737588085
1.20366;1.1621565999999999;0.04150340000000008;91382.42333333334;0.5257903899607835;63.59253712960843;0.0023611756727872635;-0.0005642857349163106;-0.011426324674656742
1.20355;1.1625506333333333;0.04099936666666659;91307.32666666666;0.4359124448501246;63.42213452406993;0.0028805231292148292;0.0001246760379099174;-0.002546764668800677
1.2016;1.1629289666666667;0.03867103333333333;91254.76666666666;0.526273878661258;60.33560550895652;0.003099037254573167;0.0007195482812425674;0.005397550104623527
1.20975;1.1633346666666666;0.046415333333333475;91165.42;0.4623682971020742;67.46278326412181;0.0038850635664116062;0.0013526513382763753;0.013699282515024103
1.2086;1.1636966999999998;0.04490330000000009;91024.01666666666;0.4431797395595291;65.66967487369115;0.004364884026496707;0.0019550978759204415;0.02166601560730762
1.20916;1.164050933333333;0.04510906666666692;90786.46333333333;0.4114269752182499;66.1416112411139;0.004735741833953977;0.0025112266675271487;0.029112885823297355
1.21257;1.1643820333333335;0.04818796666666647;90543.33;0.5181055302471735;68.94147790940168;0.005244354169323673;0.0030578521678864537;0.03639098128179459
1.21199;1.1646986666666668;0.04729133333333313;90311.2;0.4726656272975586;67.91279630389039;0.005536807091117257;0.0035536431525326146;0.043073504522697176
1.20215;1.1649941666666666;0.0371558333333335;90192.81;0.4537612255344463;53.364697945357584;0.004917882091483916;0.0038264909403228752;0.047369852879055444
1.20631;1.1652695666666666;0.041040433333333404;90068.05666666667;0.35791823642096;57.50885290926319;0.0047087769539764235;0.004002948143053585;0.05047153939633386
1.20137;1.1655109666666668;0.03585903333333329;89792.16333333333;0.46750182244926414;51.64033365195484;0.004097212792635974;0.0040218010729700625;0.05173124438689874
1.20054;1.165701;0.03483899999999984;89271.88;0.38976439165385673;50.70412436938538;0.003505164372296532;0.003918473732835357;0.05146675263856651
1.20641;1.1659618666666667;0.0404481333333333;88807.01;0.4219599331178449;56.685025927711656;0.0034696259874460456;0.003828704183757495;0.05105310854115858
1.21635;1.1662595999999998;0.0500904000000002;88533.82333333333;0.5199707667280019;64.53234795119789;0.004195177099173497;0.0039019987668406954;0.05208166346486424
1.21284;1.166574;0.04626599999999992;88097.13333333333;0.4937845120953054;60.37294323415053;0.004435820538855273;0.004008763121243611;0.05335346099239925
1.21482;1.1669233333333333;0.0478966666666667;87700.55;0.565081974970446;61.866107567478565;0.004731756902835782;0.004153361877562045;0.05495053746902529
1.20705;1.1672197;0.039830299999999985;87168.91333333333;0.6179955438241533;53.367746698184504;0.0042898636620472;0.004180662234459076;0.05531905747128122
1.20788;1.1675797333333333;0.04030026666666675;86779.58666666667;0.6485165712550085;54.093186338792584;0.003960974500038628;0.004136724687574987;0.05487639238543346
1.21458;1.1679894666666666;0.046590533333333406;86282.60333333333;0.5237556384965525;59.56192033158575;0.004192631430088634;0.004147906036077716;0.05489449513775452
1.21518;1.1684757333333333;0.046704266666666605;85710.30333333333;0.496101382754742;60.021224376102644;0.004374212997163784;0.00419316742829493;0.05520911067458497
1.22233;1.1689844;0.05334559999999988;85062.77;0.4804334493221323;65.10731005901408;0.005036999546898624;0.004361933852015669;0.056763442634034746
1.2176;1.1694683333333333;0.048131666666666684;84553.27;0.6666684801190224;59.69672223176747;0.005121553116669286;0.0045138577049463925;0.05819690637486241
1.22282;1.1699486666666667;0.05287133333333327;84123.84333333334;0.5011302186105737;63.31951743992375;0.00554584376971845;0.004720254917900804;0.06022119081199144
1.21803;1.1703818000000001;0.04764819999999981;83769.13;0.5374652930022625;58.15379385776322;0.005432956460629246;0.004862795226446493;0.061654537002685694
1.22163;1.1707762000000002;0.05085379999999984;83364.15333333334;0.4989674618738407;60.74577392275327;0.005569777441136292;0.005004191669384453;0.06309339199969188
1.2252;1.1711471666666666;0.05405283333333344;83028.58333333333;0.5881468530415023;63.181308584349686;0.005898286443628997;0.005183010624233363;0.06492799424901105
1.21925;1.1715297999999998;0.0477202000000001;82737.90333333334;0.5299384953392949;56.85028443423013;0.005613804477563322;0.005269169394899355;0.0658532501170455
1.21945;1.1719160666666668;0.04753393333333311;82393.51;0.5771328348554908;57.006235569083714;0.005342899182468219;0.005283915352413128;0.06603260748465556
1.2193;1.1723262333333333;0.04697376666666675;82164.07666666666;0.5881645843359135;56.840310125349276;0.005057797892209059;0.005238691860372315;0.06555070150553645
1.22268;1.1727828000000002;0.04989719999999975;81845.1;0.3306123396513254;59.68764727564279;0.005046418842664435;0.00520023725683074;0.06506544087951739
1.2214;1.1732516333333332;0.048148366666666886;81621.51;0.5065576463850636;58.12380633359079;0.004877886324158975;0.005135767070296387;0.0642631090942672
1.22097;1.1737236333333334;0.047246366666666706;81446.41666666667;0.5230309907228753;57.5780382288316;0.004655954734741119;0.0050398046031853334;0.06308707574672061
1.21271;1.1741353333333335;0.038574666666666424;81277.98333333334;0.5548489043465168;48.212910064027746;0.0037701000167100762;0.0047858636858902825;0.060252726563089914
1.21666;1.1745726333333335;0.04208736666666657;81125.63333333333;0.55068907525728;52.215538609751626;0.0033481899098002366;0.004498328930672273;0.0569521730079936
1.21895;1.1749925666666667;0.04395743333333324;80937.87666666666;0.42217564145796654;54.41525350152716;0.003162155610542783;0.0042310942666463755;0.053740399753375766
1.2173;1.1754067;0.04189330000000013;80935.69666666667;0.48616372775599515;52.538569762352715;0.002848742349180977;0.003954623883153296;0.050354930602040035
1.21792;1.1758300666666666;0.04208993333333333;80845.15333333334;0.3938145787011441;53.191827479211895;0.0026201850378670954;0.003687736114096056;0.0470006797267248
1.21761;1.1762281666666667;0.04138183333333334;80757.86333333333;0.591162247606032;52.80050348400506;0.0023865269160356917;0.0034274942744839834;0.04366992238352944
1.21079;1.1766270666666665;0.034162933333333534;80648.75333333333;0.5048435135967172;44.96336167283484;0.0016322189639905726;0.0030684392123853012;0.039314227359256874
1.21198;1.177054;0.03492600000000001;80470.42333333334;0.45393075476545225;46.45674627962847;0.0011175649392944909;0.0026782643577671393;0.03457565570575132
1.21255;1.1774721;0.035077900000000106;80333.56;0.48003598993988567;47.19584163645792;0.0007470802767628459;0.002292027541566281;0.0298093792996011
1.19958;1.1778499666666669;0.021730033333333232;80306.04666666666;0.6418694748348164;35.26667645257969;-0.0005863430944712533;0.001716353414358774;0.0230842220369213
1.19062;1.1781997;0.01242030000000005;80294.66333333333;0.8088457850601684;29.684659990614094;-0.0023391238771253153;0.0009052579560619562;0.013850927827985996
1.18616;1.1785458666666666;0.007614133333333495;80344.65666666666;0.8370562871282206;27.362984206076945;-0.004041511967499689;-8.409602865037285e-05;0.002590759475708968
1.1918;1.1789266;0.012873399999999924;80286.14333333333;0.7384337762227291;34.354966148846344;-0.0048793201640322525;-0.001043140855726749;-0.008642193127055902
1.19412;1.1792983;0.01482170000000016;80254.12666666666;0.6376743742107088;37.03970841262377;-0.005295046583947416;-0.0018935220013708825;-0.018987146232261682
1.19267;1.1796640666666665;0.013005933333333441;80235.95666666667;0.6153600212572258;36.04741624109691;-0.005676085270958531;-0.0026500346552884124;-0.02849249574003724
1.19315;1.1800346666666668;0.013115333333333146;80198.31;0.5563084808145513;36.65242259445881;-0.0058716445240760695;-0.003294356629045944;-0.036897882894048654
1.19362;1.180389;0.013230999999999993;80151.98;0.5413840057350372;37.278116943263925;-0.005920454257725805;-0.0038195761547819163;-0.044061138849037194
1.19242;1.1807132000000002;0.011706799999999795;80042.28333333334;0.5645016373636812;36.29248007488147;-0.005986952433574055;-0.004253051410540345;-0.050194964382948716
1.18965;1.1810185;0.008631500000000125;80004.85333333333;0.5533289313780939;34.054188229990686;-0.006191793426804759;-0.004640799813793228;-0.055727177659771886
1.18577;1.1813364666666666;0.004433533333333406;79983.10333333333;0.6443986023547251;31.155683651824518;-0.0065912353055261885;-0.00503088691213982;-0.061139188594781714
1.18498;1.1816738999999998;0.0033061000000000895;79937.62333333334;0.5945760959367283;30.58487542544499;-0.006892094494774792;-0.005403128428666815;-0.06625089750642346
1.18664;1.1820307333333333;0.0046092666666666116;79904.57666666666;0.5979382157208186;33.34819145482223;-0.006916846343960836;-0.0057058720117256195;-0.07054901596087605
1.1863;1.1823744666666667;0.003925533333333231;79794.06;0.39669619518039356;33.05791790895559;-0.00688453686575663;-0.005941604982531822;-0.07403809692523312
1.18234;1.1827028000000002;-0.0003628000000002185;79802.55;0.6738130548459074;29.803972394113643;-0.0070966643473258095;-0.00617261685549062;-0.07733418178134133
1.17907;1.1830308333333333;-0.003960833333333191;79790.32;0.638536103126214;27.405118922425544;-0.007442842125223947;-0.006426661909437285;-0.08074193698680349
1.18463;1.1833634333333334;0.0012665666666666908;79799.49;0.7692279737626432;36.729921841460595;-0.007185712553773982;-0.006578472038304625;-0.08302531570554168
1.18773;1.1837162333333333;0.0040137666666666405;79747.53;0.5945513296774716;41.26032439064586;-0.00665507585188263;-0.006593792801020226;-0.08379479409587562
1.18602;1.1840681666666666;0.0019518333333334859;79698.98333333334;0.5181621932023158;39.57687888017104;-0.006299903782288174;-0.006535014997273816;-0.08363085044877379
1.17767;1.1843874;-0.0067174000000000955;79690.06333333334;0.6303922709894575;32.58545990283804;-0.006615938157594092;-0.006551199629337872;-0.08404171936087906
1.18363;1.1846947666666667;-0.0010647666666667721;79679.94333333333;0.6056605712946744;40.64525005597024;-0.006312706535311241;-0.006503501010532547;-0.08369180466931117
1.18111;1.1849908666666666;-0.003880866666666538;79663.54333333333;0.6168693726611018;38.54680542515617;-0.006204217867878281;-0.006443644382001694;-0.08309455244192832
1.18053;1.1852665999999998;-0.004736599999999758;79644.0;0.5656923308723111;38.05976395535447;-0.006094784092905092;-0.006373872324182374;-0.08229122475061129
1.17989;1.1855498;-0.005659799999999882;79653.72666666667;0.6950585028077747;37.496764456564875;-0.005990643282394181;-0.006297226515824736;-0.08132964531037348
1.17805;1.1858422333333334;-0.007792233333333343;79683.12666666666;0.6845614910190501;35.8546264516426;-0.005987562666952773;-0.006235293746050343;-0.08044621532511047
1.17943;1.1861413333333333;-0.006711333333333291;79728.11;0.5505586423658418;38.046071839492335;-0.005806829276883585;-0.006149600852216991;-0.07927301068819881
1.1771;1.1864041666666667;-0.009304166666666669;79720.11;0.6271441421743363;35.82090111029228;-0.005784923295753863;-0.006076665340924366;-0.07818292382626536
1.17722;1.1866584666666666;-0.0094384666666667;79573.07;0.48266329299592403;36.02841664951652;-0.005692262788649094;-0.0059997848304693124;-0.07702500703526809
1.18023;1.1869001333333333;-0.006670133333333439;79468.09;0.5304393247653831;41.16704929449596;-0.005314682473525734;-0.005862764359080597;-0.07523018776648067
1.18163;1.1871386666666666;-0.005508666666666606;79326.78666666667;0.5810521506900089;43.44264842662789;-0.00484661034659406;-0.00565953355658329;-0.07270960976153858
1.18427;1.1873749333333334;-0.003104933333333504;79248.90333333334;0.6457628793264084;47.56158636621373;-0.004214056852883008;-0.005370438215843234;-0.06923590898664667
1.18869;1.1876142333333333;0.0010757666666667554;79112.48;0.509047371539799;53.64807710200358;-0.003317850476295625;-0.004959920667933712;-0.0644114444048299
1.18696;1.1878262;-0.0008661999999999281;78951.34;0.5529101849315601;51.14579718870538;-0.00271588991941063;-0.004511114518229096;-0.059044210255247295
1.18717;1.1880049333333333;-0.0008349333333332876;78739.74666666667;0.4596407980991989;51.44187205343303;-0.0021965659512594993;-0.0040482048048351765;-0.05339244284954525
1.18651;1.1881966333333334;-0.0016866333333334094;78537.39666666667;0.4785745593213392;50.40790294623993;-0.0018173056804715593;-0.0036020249799624533;-0.047795664183797215
1.18371;1.1883776666666668;-0.004667666666666737;78422.90666666666;0.5070202277633202;46.16822600825628;-0.0017228162297919791;-0.003226183229928359;-0.042842108346744956
1.18319;1.1885421999999999;-0.005352199999999918;78262.31333333334;0.4709035349239863;45.40445598931724;-0.0016706342814838404;-0.0029150734402394554;-0.03853429569339812
1.17604;1.1886704333333333;-0.012630433333333357;78057.66;0.4765451590528749;36.47042218258169;-0.0021810827917101427;-0.002768275310533593;-0.03594476574237011
1.17363;1.1888165333333334;-0.015186533333333418;77721.40333333334;0.47237953028891455;34.03920264330813;-0.0027484019060846077;-0.0027643006296437962;-0.03494547238281148
1.17202;1.1889700666666665;-0.01695006666666643;77381.20666666667;0.41429956162477166;32.48140271481803;-0.0032899949226903313;-0.0028694394882531034;-0.03525287551006448
1.17396;1.1891090333333334;-0.015149033333333506;77061.94666666667;0.4515458213184097;36.26636476118546;-0.0035220692813104915;-0.002999965446864581;-0.03603613009552375
1.17302;1.1892645666666668;-0.01624456666666685;76782.17333333334;0.37295115202951107;35.23566679444609;-0.0037387421345735916;-0.0031477207844063833;-0.03719013540175774
1.17952;1.1894486;-0.009928600000000065;76520.26333333334;0.36613831133787705;46.54820103571868;-0.0033473748015508953;-0.003187651587835286;-0.03740097572474676
1.17758;1.1896390000000001;-0.012059000000000042;76281.24;0.38798530280834603;44.073759687136956;-0.0031573590870568324;-0.0031815930876795957;-0.03721723003398791
1.17083;1.1898158666666665;-0.018985866666666462;76094.14;0.5223266863912882;36.75303327315988;-0.0035109666145949348;-0.0032474677930626637;-0.03781710000617985
1.17091;1.1899650666666668;-0.019055066666666898;75955.97;0.5146797545998669;36.88683598885294;-0.003741616767343192;-0.0033462975879187695;-0.03883067210605006
1.16768;1.1900877666666665;-0.02240776666666644;75765.39;0.6224873916704419;33.77958225027882;-0.004137349886820019;-0.0035045080476990196;-0.040536217148866585
1.16999;1.1902377333333334;-0.020247733333333295;75560.21333333333;0.47617652747047884;37.81409781129725;-0.004215974411916568;-0.003646801320542529;-0.042173689746034686
1.17459;1.1904136333333333;-0.015823633333333254;75356.09666666666;0.45423000280130565;45.000166858558735;-0.003862577963922087;-0.003689956649218441;-0.04285467116194638
1.17576;1.1905933333333334;-0.014833333333333476;75230.18666666666;0.4198447644420193;46.687652047490644;-0.0034483490891235036;-0.003641635137199454;-0.04258860775958352
1.17727;1.1907700333333333;-0.013500033333333272;75094.81;0.46676994055907906;48.86810275967884;-0.0029640575309297645;-0.003506119615945516;-0.0413663996396509
1.17519;1.1909428;-0.01575280000000001;74955.29;0.498070249611402;46.07276790716774;-0.002716774315468129;-0.003348250555850039;-0.039818409442541045
1.17965;1.1911245666666668;-0.011474566666666686;74836.12666666666;0.56180085571854;52.36482088475691;-0.002136290037651145;-0.00310585845221026;-0.03730314452623035
1.17969;1.1913104;-0.011620400000000197;74672.71;0.3794558949313103;52.41844161430228;-0.0016539585944876922;-0.0028154784806657465;-0.03416731199439521
1.18086;1.1914974666666667;-0.01063746666666665;74602.12333333334;0.5934415539646266;54.04781868926191;-0.0011638817248356137;-0.0024851591294997198;-0.03048922608621754
1.18399;1.1916744666666668;-0.007684466666666667;74492.44333333333;0.5256909056501804;58.17420862657757;-0.0005169681463348397;-0.002091520932866744;-0.026027359181882922
1.18753;1.1918747666666667;-0.004344766666666722;74331.43;0.4300737924723862;62.29778983447255;0.00027815751370208197;-0.0016175852435529787;-0.020594094919686105
1.18784;1.1920576333333335;-0.00421763333333347;74215.24;0.5404011359391224;62.64510283915752;0.0009226786716944879;-0.0011095324605034855;-0.014650978798412232
1.187;1.1922526999999998;-0.005252699999999777;73992.96666666666;0.30893476812431603;61.00518070102641;0.00135012198725315;-0.0006176015709521584;-0.008731843104237896
1.18423;1.1924338;-0.008203800000000205;73886.03666666667;0.5700265151587862;55.81620569331067;0.0014486588072806228;-0.0002043494953056022;-0.003525130179487819
1.18157;1.1925914333333334;-0.011021433333333386;73814.93;0.6069910247153786;51.3033911632949;0.0012971573550824012;9.595187477199848e-05;0.0005462982033581138
1.18238;1.1927327333333333;-0.010352733333333308;73666.93333333333;0.6377623972401044;52.561183899411574;0.00122829260073809;0.0003224200199652168;0.00381489899575689
1.18104;1.1928656999999998;-0.011825699999999717;73533.15333333334;0.5593395378210954;50.24889882714363;0.0010534465100040524;0.00046862531797298396;0.006175481456397617
1.18108;1.1930085666666665;-0.01192856666666664;73396.01333333334;0.5436126321846713;50.319158327634575;0.0009076446268361238;0.0005564291797456119;0.007820731421661287
1.1804;1.1931350333333335;-0.01273503333333359;73341.33333333333;0.6129285896083229;49.050970531184596;0.0007288238394331792;0.0005909081116831254;0.008788088810140662
1.18157;1.1932576666666668;-0.011687666666666763;73171.21333333333;0.5946737523917974;51.324108260785685;0.0006737497314743823;0.0006074764356413768;0.00943636879456287
1.17686;1.1933376666666666;-0.016477666666666613;72950.63333333333;0.6096999843272173;43.00577457593194;0.00024719594624755814;0.0005354203377626131;0.009044589214172831
1.1726;1.1933895666666665;-0.020789566666666426;72653.03666666667;0.5774294086628574;37.142276120710875;-0.00042964472247697394;0.0003424073257146957;0.007250065187466676
1.17269;1.1934328333333333;-0.020742833333333266;72392.57;0.6060290441407722;37.33666041451133;-0.00094785727236113;8.435440609953052e-05;0.004594040691668676
1.17256;1.1934561666666668;-0.020896166666666716;72139.47666666667;0.6067135779516643;37.157913167375185;-0.0013534328339812607;-0.00020320304191662772;0.0014446602024796367
1.16886;1.1934352666666665;-0.02457526666666654;71870.10666666667;0.7321820217138866;32.40309950617578;-0.0019509244240369927;-0.0005527473183407007;-0.002515386449724322
1.1739;1.1934426666666667;-0.019542666666666708;71584.62666666666;0.6790284766914555;43.086530382224744;-0.0019947605766559295;-0.0008411499700037466;-0.006009278206005684
1.17206;1.1934194333333332;-0.021359433333333122;71294.16333333333;0.5458791881466484;40.565856936845535;-0.0021531534531904484;-0.001103550666641087;-0.009334073053377719
1.1695;1.1933688333333334;-0.02386883333333345;71007.26333333334;0.6319635188493207;37.29658562037712;-0.0024569295991567763;-0.001374226453144225;-0.012808889776133923
1.16838;1.1933389333333333;-0.024958933333333322;70648.17666666667;0.7984919450385252;35.93220083277089;-0.0027562763847526206;-0.0016506364394659042;-0.016396067864944526
1.15973;1.1932838;-0.03355379999999997;70421.76333333334;0.7750444950042515;27.54979130647962;-0.003649425275065621;-0.002050394206585848;-0.021306059137493814
1.15769;1.1932085333333333;-0.03551853333333321;70224.27333333333;0.7970036191663268;26.0087868485068;-0.004470331952375561;-0.002534381755743791;-0.027189681194595586
1.15932;1.1931182333333334;-0.03379823333333354;70036.64666666667;0.7735521698781923;29.406542587358373;-0.004932520010639596;-0.003014009406722952;-0.0331523124550354
1.16196;1.1930325000000002;-0.03107250000000006;69717.48666666666;0.6300427927072008;34.641521605437134;-0.0050278238168508516;-0.0034167722887485322;-0.03841207653306972
1.15971;1.1929692666666665;-0.033259266666666454;69407.88666666667;0.601070022493995;32.43395565932349;-0.005224682083063481;-0.003778354247611522;-0.0432753166489258
1.15565;1.1929092333333333;-0.03725923333333325;69285.36666666667;0.7536512038856564;28.86005790850149;-0.005643249874733414;-0.004151333373035901;-0.048255634526182506
1.15533;1.1928471666666667;-0.03751716666666671;68994.65;0.5974231335327309;28.592631092512022;-0.005932404128893953;-0.004507547524207511;-0.053062836946770234
1.15746;1.1927769000000001;-0.035316900000000206;68720.89666666667;0.6421336469755062;33.040329895244795;-0.0059214292097447;-0.004790323861314949;-0.05709363584171612
1.15535;1.1926898666666668;-0.037339866666666666;68466.87666666666;0.5125836274211264;30.981669587253734;-0.0060136690399299475;-0.005034992897037949;-0.06067274440206623
1.15301;1.1925864333333334;-0.03957643333333327;68280.04666666666;0.6324541664538066;28.83585940806053;-0.006204071538907563;-0.005268808625411872;-0.0640689717137243
1.1596;1.1924950666666667;-0.03289506666666675;68149.96;0.6830378183639898;41.189514888071166;-0.005756847610312921;-0.005366416422392082;-0.06597858705747688
1.15973;1.1923837;-0.03265370000000001;67903.72;0.5618101629777336;41.40560404699009;-0.005330483021125376;-0.005359229742138741;-0.06666012821501137
1.15992;1.1923036999999999;-0.03238369999999979;67648.63;0.6129466332133241;41.74252252121967;-0.004920533750153666;-0.005271490543741726;-0.06632787460721855
1.16108;1.1922202333333334;-0.03114023333333349;67379.04333333333;0.6394273036328398;43.8647572655649;-0.00445073835266685;-0.0051073401055267515;-0.06500759569736236
1.16326;1.1921659;-0.02890590000000004;67168.93666666666;0.6370504302062094;47.71924594922439;-0.003858041236657117;-0.004857480331752825;-0.06259075677078565
1.16513;1.1921205666666668;-0.02699056666666677;67031.20666666667;0.6362260523231962;50.83765820228122;-0.003200537328254427;-0.004526091731053145;-0.05910722742588199
1.16246;1.1920507999999999;-0.029590799999999806;66821.41;0.6297382829843564;46.566734548914745;-0.002861917031605321;-0.004193256791163581;-0.05538736363056731
1.16441;1.1919887333333334;-0.027578733333333494;66656.16666666667;0.6808672365896608;49.87856289771444;-0.002408446234725359;-0.0038362946798759364;-0.051234287294513875
1.16104;1.1919183;-0.030878299999999914;66270.87666666666;0.631302950924099;44.719902651693445;-0.002294548074950775;-0.0035279453588909046;-0.04743175342286119
1.15963;1.1918149666666666;-0.0321849666666667;65932.78;0.5769664194349796;42.72869515167272;-0.002291641561452673;-0.0032806845994032587;-0.044170790070819865
1.16028;1.1917038;-0.0314238;65713.54666666666;0.7357082740523615;43.96730940777023;-0.0022113969533106292;-0.003066827070184733;-0.04121814635809188
1.16831;1.1916275666666667;-0.023317566666666734;65452.35333333333;0.8913659636173676;56.487252947628086;-0.0014827563406263344;-0.0027500129242730535;-0.03717413043887864
1.15637;1.1915307333333334;-0.03516073333333347;65251.88;0.8397612451931133;41.60219313576556;-0.0018474651900546313;-0.0025695033774293693;-0.034498320740809024
1.16066;1.1914490999999998;-0.03078909999999979;64960.71333333333;0.6680499300755829;47.00560098497111;-0.0017699297850188866;-0.002409588658947273;-0.0320691283916515
1.15793;1.1913629;-0.03343289999999999;64659.71;0.6801607987414914;44.20268609108542;-0.001906790310588935;-0.0023090289892756053;-0.030304537320691192
1.16127;1.1912962333333332;-0.030026233333333208;64618.07;0.7951955234811571;48.26708004532478;-0.0017258486675388873;-0.002192392924928262;-0.028442397527495743
1.15545;1.1912231333333334;-0.03577313333333332;64342.77333333333;0.7448078085121275;42.46275325726385;-0.0020286909851774393;-0.0021596525369780976;-0.02751525033867982
1.15675;1.1911446333333333;-0.03439463333333337;64133.04666666667;0.7960170715938549;44.08035021986754;-0.0021391379179691583;-0.0021555496131763097;-0.026983330285258948
1.15873;1.1910688333333332;-0.032338833333333206;63808.52333333333;0.6402749643110939;46.54533032230178;-0.0020433440571310246;-0.002133108501967253;-0.02635457825811408
1.15944;1.1909854333333334;-0.03154543333333337;63642.513333333336;0.736614529260566;47.440039408666344;-0.0018883677381593689;-0.002084160349205676;-0.02551741276183797
1.14767;1.1908564000000001;-0.04318640000000018;63596.3;0.9298339683282;36.525698299834524;-0.002684345063886706;-0.002204197292141882;-0.026502659853845777
1.14493;1.1907239666666667;-0.045793966666666686;63455.14666666667;0.624346520040514;34.53384998251968;-0.0034959586944263155;-0.002462549572598769;-0.029076583945088295
1.14438;1.1905998333333332;-0.04621983333333324;63198.003333333334;0.644387446628618;34.13149456675757;-0.004135872978245914;-0.002797214253728198;-0.03264201774955137
1.1367;1.1904396;-0.05373959999999989;62919.683333333334;0.6958394842524326;29.042997737677908;-0.005202747440175681;-0.003278320891017695;-0.03794760286458983
1.13194;1.1902651999999998;-0.058325199999999855;62784.92333333333;0.8130932919828663;26.414503273765845;-0.00635904227570272;-0.0038944651679547002;-0.044921272250495935
1.1319;1.1901143666666667;-0.058214366666666795;62595.80333333334;0.8437945866550621;26.392886531812323;-0.007195694442845513;-0.0045547110229328626;-0.052637766735979065
1.13729;1.1900037333333333;-0.0527137333333334;62351.176666666666;0.7352226926697291;34.20637639876776;-0.007339217429150002;-0.005111612304176291;-0.05951713269745228
1.1282;1.1898776333333334;-0.061677633333333315;62151.64;0.9446251136734374;28.67761233323634;-0.008093154612959674;-0.005707920765932968;-0.06695885697280901
1.12338;1.1897328333333332;-0.0663528333333332;61945.653333333335;0.9106692231726815;26.254402797761216;-0.008976117881038803;-0.006361560188954135;-0.07514674618595685
1.1249;1.1896056;-0.06470559999999992;61818.03333333333;0.9262022247012723;28.311610016730754;-0.009444352716359905;-0.00697811869443529;-0.08308970579344498
1.12006;1.1894502333333332;-0.06939023333333316;61730.37;0.911787828260075;25.839787222075586;-0.01008967228572688;-0.007600429412693608;-0.0911907840586839
1.12087;1.1892720333333333;-0.06840203333333328;61541.10666666667;0.4647625229574794;26.988648244405127;-0.010415667135963425;-0.008163476957347572;-0.09874600899353889
1.13087;1.1891355666666665;-0.05826556666666649;61403.63333333333;1.226230369646765;39.45821617776194;-0.009754658347562062;-0.008481713235390471;-0.10373754563194901
1.12918;1.1889843;-0.05980429999999992;61191.5;0.9215332194829476;38.26868469700351;-0.009260424586306604;-0.008637455505573698;-0.1068831187402635
1.13386;1.1888584333333334;-0.05499843333333332;61018.85666666667;1.2553988092312793;43.36081296951967;-0.008394339165536335;-0.008588832237566226;-0.10765789727314155
1.13191;1.1887032999999998;-0.056793299999999824;60974.55;1.0743498722006026;41.81313714350723;-0.007775675782704328;-0.008426200946593847;-0.1069302732009855
1.13016;1.1885593333333335;-0.05839933333333347;60746.89;0.5371633016932164;40.41884244740169;-0.007341957453901982;-0.008209352248055473;-0.10531534802185478
1.131;1.1884083666666667;-0.05740836666666671;60647.96333333333;0.9968183048079828;41.42845427239273;-0.006851472068613473;-0.007937776212167074;-0.10282748494609374
1.12852;1.1882499999999998;-0.05972999999999984;60548.26;0.7308054764908636;39.31052517924462;-0.006586943951152779;-0.007667609759964215;-0.10008255529052415
1.12684;1.1880627333333333;-0.06122273333333328;60458.24333333333;0.7630721214580285;37.8971372585728;-0.006438644782758685;-0.00742181676452311;-0.09737513189337191
1.13416;1.1879059666666665;-0.05374596666666642;60426.403333333335;0.8303323916734583;46.86201010327956;-0.005665149482361409;-0.00707048330809077;-0.093372983817019
1.12928;1.1877550666666667;-0.058475066666666686;60323.01666666667;0.7031975909691679;42.461332463503254;-0.00538386228709431;-0.006733159103891478;-0.08932294636472385
1.13168;1.1876117;-0.05593169999999992;60219.59333333333;0.7335320209733399;45.18751085464928;-0.004910673033969859;-0.006368661889907154;-0.0848308292605385
1.12859;1.1874712;-0.05888120000000008;60076.11666666667;0.6154026267231628;42.40195258417988;-0.004730474353783931;-0.00604102438268251;-0.08059698721858385
1.12581;1.187319;-0.061509000000000036;59983.90666666667;0.7085567173238396;40.01217756969914;-0.004757150893766271;-0.005784249684899262;-0.07703685750040659
1.12942;1.1871601;-0.05774009999999996;59916.55333333334;0.8439904698566588;44.39479625394336;-0.0044358615630542;-0.005514572060530251;-0.0733143216571126
1.13306;1.1869961666666669;-0.053936166666666896;59858.60333333333;0.8648046749725036;48.48184445618739;-0.0038432176536582485;-0.005180301179155851;-0.06887588834915137
1.12353;1.1867875666666667;-0.06325756666666682;59721.333333333336;0.7515069991738154;40.159291519807404;-0.00409532607047125;-0.004963306157418931;-0.06564608629150954
1.12768;1.1866069333333333;-0.05892693333333332;59626.28333333333;0.756042427598217;44.617780222283784;-0.003915122396231263;-0.004753669405181397;-0.06252698834054139
1.12857;1.1864150333333334;-0.05784503333333335;59523.85;0.6603571509570264;45.554648095072125;-0.0036583232509295183;-0.004534600174331022;-0.059341464168500356
1.13272;1.1862543666666667;-0.05353436666666678;59418.27;0.6366560318904209;49.81752541446131;-0.003084382914856132;-0.004244556722436044;-0.05541948546523143
1.13264;1.1860980333333333;-0.05345803333333321;59337.98;0.5819544244680082;49.736681858669705;-0.0026059466639172246;-0.0039168347107322804;-0.05107663317670948
1.13206;1.1859561666666667;-0.053896166666666634;59158.16333333333;0.4886054328145152;49.11438917752275;-0.00224767385575797;-0.0035830025397374184;-0.046637251624033135
1.13269;1.1858407666666666;-0.05315076666666663;58948.276666666665;0.42596665110304455;49.84839575877186;-0.0018911048595562363;-0.003244623003701182;-0.042123808217193213
1.13085;1.1857284666666668;-0.05487846666666685;58745.44666666666;0.4653977721052653;47.684939329656274;-0.001736971260144049;-0.0029430926549897556;-0.03798841804191377
1.13473;1.1856308;-0.05090079999999997;58619.3;0.6076155805339525;52.378462495620816;-0.0012869011037937028;-0.002611854344750545;-0.033541774984903995
1.13257;1.1854993000000003;-0.05292930000000018;58518.75;0.5780027768876509;49.70497123843438;-0.0010919241880915642;-0.002307868313418749;-0.029383359441345663
1.13847;1.1853865;-0.046916499999999806;58015.223333333335;0.5045399865448239;56.270680991086074;-0.00045606564515576764;-0.001937507779766153;-0.024522799796271776
1.12979;1.1852101666666668;-0.055420166666666715;57735.25666666667;0.6760167400888534;46.62693276255224;-0.0006451101981814755;-0.0016790282634492175;-0.02084754283129805
1.12874;1.1850142333333333;-0.05627423333333326;57497.68;0.7908319083481645;45.6086573959581;-0.0008696310280655872;-0.0015171488163724916;-0.018265084859089585
1.13127;1.1848473;-0.05357729999999994;57150.9;0.8241689982133572;48.525648976893294;-0.000833803974236158;-0.0013804798479452249;-0.016054369857406683
1.12984;1.1846743666666666;-0.054834366666666634;56892.746666666666;0.8707612640016319;46.99164582448568;-0.0009103063796491728;-0.0012864451542860145;-0.014402944836327354
1.13613;1.1845351999999998;-0.048405199999999704;56782.78666666667;0.7572365240262794;53.895581549059195;-0.0004581039180251434;-0.0011207769070338404;-0.012084605144711325
1.13283;1.1843761;-0.05154609999999993;56670.503333333334;0.8106157047836096;50.20141591837644;-0.0003618415458921387;-0.0009689898348055001;-0.009964240582147529
1.13688;1.1842215333333332;-0.04734153333333335;56611.41333333333;0.7872617441569874;54.33801782590007;4.0778164991595034e-05;-0.0007670362348460811;-0.007349649748555471
1.14414;1.1840840333333333;-0.039944033333333406;56521.763333333336;0.8326350280766484;60.64839683215755;0.0009349015491311174;-0.0004266486780506414;-0.0032495642627488074
1.14545;1.1839485;-0.03849849999999999;56468.3;0.8263397339744908;61.677534522853705;0.0017292728438371707;4.535626326921001e-06;0.0019019575470280569
1.14164;1.1838024999999999;-0.04216249999999988;56404.31;0.8786562587148254;57.00788440316625;0.0020280050793610727;0.0004092295169337514;0.006875197849450754
1.14062;1.1836467333333334;-0.0430267333333334;56271.53333333333;0.562646832679064;55.79008916494061;0.00215757586127463;0.000758898785801927;0.011325221308925179
1.13278;1.18347;-0.050690000000000124;56256.82;1.024835744359346;47.407355771984555;0.0016090905666339417;0.00092893714196833;0.013858609548228599
1.13422;1.1833037333333332;-0.04908373333333316;56176.98333333333;0.839667728687074;48.925332994775914;0.0012759002011275555;0.0009983297538001751;0.01522040991330998
1.13106;1.1831097;-0.05204969999999998;56099.38;0.8651254256284358;45.80122110849114;0.0007482336731539085;0.0009483105376709218;0.015164408512604593
1.13427;1.1829193;-0.04864930000000012;55998.68666666667;0.8600201695204888;49.34005468185831;0.0005823612233379905;0.0008751206748043356;0.014685189932236862
1.13243;1.1827230666666666;-0.05029306666666655;56025.10666666667;0.9481641921013244;47.42841210100006;0.00029898695384300567;0.0007598939306120697;0.013597369851141551
1.13016;1.1825033;-0.05234329999999998;56006.71666666667;0.82890058126942;45.10653487290851;-0.00010751980378231885;0.0005864111837331921;0.011731104666142292
1.12415;1.1822752333333333;-0.058125233333333304;55924.026666666665;0.9575133121075408;39.581598344874514;-0.0009042129067220461;0.0002882863656421445;0.008365405738021518
1.11446;1.1819661;-0.0675060999999999;55848.83666666667;1.0709981365769294;32.63983543671959;-0.0022910896921393142;-0.00022758884591414727;0.002454459706178284
1.11487;1.1816438;-0.0667738;55743.903333333335;1.0206317928577624;33.17386775215081;-0.0033188582312309034;-0.0008458427229774986;-0.004841623274777779
1.1233;1.1813388333333334;-0.058038833333333484;55652.973333333335;0.9621408667471684;43.153148008645296;-0.003413789613924134;-0.0013594321011668256;-0.011291287639304681
1.12738;1.1810564666666665;-0.05367646666666648;55539.83666666667;0.923589320362137;47.258256574194434;-0.003123792382542012;-0.001712304157441863;-0.016173000476937097
1.13045;1.1807883;-0.05033829999999995;55408.73;0.7837573609788956;50.173922886185004;-0.00261608751598863;-0.0018930608291512164;-0.01923464831589085
1.14389;1.1805664;-0.03667639999999994;55353.11;1.1475958622738365;60.4753415826258;-0.001116363332609449;-0.001737721329842863;-0.01859118761169619
1.14496;1.1803558;-0.03539580000000009;55303.996666666666;1.1464813362793467;61.163751015361164;0.0001567124615777793;-0.0013588345715587348;-0.015270662695798107
1.14416;1.1801224666666665;-0.03596246666666647;55157.23333333333;0.9629018134216977;60.317857901247386;0.0010885329560368362;-0.0008693610660396206;-0.01040602047468183
1.1417;1.1798902;-0.03819020000000006;55046.49333333333;0.8386728600572974;57.67636723865704;0.0016099474977806505;-0.00037349935327556636;-0.00511923400857483
1.14225;1.1796499999999999;-0.03739999999999988;54954.70333333333;0.7600077421336713;58.11798144985912;0.002043990828231923;0.00010999868302593148;0.0003279154499004796
1.1428;1.1794084;-0.036608399999999985;54946.36;1.200279690956562;58.58337408040518;0.0024046345677226633;0.0005689258599652779;0.005742153963220295
1.13466;1.1791241333333333;-0.04446413333333332;54915.04666666667;1.3520156042233442;49.768901156695954;0.0020104422317941406;0.0008572291343310504;0.009485925544142652
1.13064;1.1788039666666668;-0.04816396666666667;54916.92333333333;1.3250742318227724;46.08138586250974;0.0013580072992940284;0.0009573847673236462;0.011237636150959495
1.13578;1.1785049;-0.042724900000000066;54884.86;1.0291180482193032;51.0730532829327;0.0012413929527563816;0.0010141864044101933;0.012444015045266427
1.13733;1.1782148333333333;-0.04088483333333337;54668.99333333333;0.9370210950776113;52.501104215030374;0.0012595282316485434;0.0010632547698578632;0.013476077529431757
1.13618;1.1779478333333335;-0.04176783333333356;54603.44;1.2255454967670123;51.304631011349436;0.0011676452936675297;0.0010841328746197965;0.014122309348142107
1.13229;1.1776601;-0.04537009999999997;54502.01666666667;0.9473227443264123;47.37192053321786;0.0007720373474584541;0.001021713769187528;0.013784245552353391
1.13101;1.1773698666666668;-0.046359866666666694;54509.253333333334;0.7766754708801533;46.11917745590741;0.00035118169333503424;0.0008876073540170292;0.012554136353910395
1.13253;1.1770733666666668;-0.044543366666666806;54508.636666666665;1.266404816215131;47.881758421070415;0.0001387029706645393;0.0007378264773465312;0.011017038151554737
1.13047;1.1767583333333334;-0.046288333333333265;54443.29666666667;0.8645692469392716;45.699843140198546;-0.00019368010801623647;0.0005515251602739777;0.008964065617423363
1.11928;1.1763893333333335;-0.057109333333333456;54605.51;2.203916784221555;36.081505954594505;-0.0013445365929314335;0.00017231280963289543;0.00470872129944307
1.12718;1.1760743333333332;-0.04889433333333315;54661.65666666667;1.480946698956347;44.89867240251606;-0.001600682994583602;-0.00018228635121040406;0.0005128837332610808
1.12191;1.17573;-0.05381999999999998;54651.11;1.8279226167589593;40.8504229157748;-0.002203524956053693;-0.0005865340721790619;-0.00437190617117114
1.11236;1.1753383333333334;-0.06297833333333336;54612.12666666666;1.5309969617245822;34.73796858081087;-0.0034125490004413006;-0.0011517370578315097;-0.011145539225041773
1.11197;1.1749361333333332;-0.06296613333333334;54442.543333333335;1.6905345409098833;34.51086663525628;-0.0043520117246715895;-0.0017917919911995257;-0.018940569607122947
1.10659;1.174535;-0.06794500000000014;54328.25666666667;1.3259214342540118;31.455807460920283;-0.005467636232548312;-0.002526960839469283;-0.02797772434893039
1.09334;1.1741063333333333;-0.08076633333333327;54223.92;1.6448829225180246;25.474593817562607;-0.007336371830086286;-0.0034888430375926835;-0.03969239129744056
1.08543;1.173674366666667;-0.08824436666666702;54292.03;2.2147818013063403;22.69965721766981;-0.009347872690492753;-0.004660648968172698;-0.053992725486383585
1.08964;1.1732372666666666;-0.08359726666666667;54368.15;2.0814760112304573;27.242363676250662;-0.010481465983512184;-0.005824812371240596;-0.06859289971255536
1.10754;1.172876466666667;-0.06533646666666693;54360.63;1.5658758921665248;42.66920009533315;-0.00982224174318791;-0.006624298245630059;-0.07955684958397326
1.09888;1.1724879;-0.07360789999999984;54344.41;1.692906409324953;38.42442033682093;-0.00988464734700023;-0.007276368065904094;-0.08896046550988214
1.09123;1.1721001;-0.08087010000000006;54341.863333333335;1.5439661957362258;35.10237616536925;-0.01043115148278484;-0.007907324749280242;-0.09807268235476772
1.09403;1.1717215666666667;-0.07769156666666666;54393.63333333333;1.4286598492835691;37.241099863361406;-0.010517088894208326;-0.00842927757826586;-0.10593425123362835
1.09542;1.1713301;-0.07591009999999998;54430.58666666667;1.5538138605398912;38.327669827750334;-0.010353682719178803;-0.00881415860644845;-0.11218198271961727
1.10345;1.1709730333333335;-0.06752303333333343;54464.3;1.6717923483820278;44.324626854792484;-0.009467097451344442;-0.008944746375427647;-0.11547522014060839
1.10911;1.1706141;-0.06150410000000006;54401.013333333336;1.2515024229938514;48.15164999754298;-0.00821308224205719;-0.008798413548753556;-0.115439164000908
1.10507;1.1702405666666669;-0.06517056666666687;54369.77;1.2281089289137646;45.73509250890099;-0.0074592745169226315;-0.008530585742387372;-0.11364646694497209
1.10168;1.1698656666666667;-0.0681856666666667;54301.03666666667;1.1090027685780015;43.75093426574028;-0.0070541057919091266;-0.008235289752291724;-0.11112029181105924
1.10245;1.1694872333333335;-0.06703723333333356;54273.63333333333;1.2756654704645518;44.34158841892998;-0.006594852736221624;-0.007907202349077705;-0.10786054484746462
1.10057;1.1691184333333333;-0.06854843333333327;54104.323333333334;1.104329493816587;43.15020214925121;-0.006309855581637658;-0.0075877329955896956;-0.10436646693839978
1.0997;1.1687433666666667;-0.06904336666666677;53949.77;1.1804313530898871;42.580046330912396;-0.006084061735947888;-0.007286998743661334;-0.10081448183517051
1.09834;1.1683589333333335;-0.07001893333333342;53770.723333333335;1.2169633574451544;41.65350120210973;-0.005946313717405172;-0.0070188617384101025;-0.0974183112892816
1.09864;1.1680007666666667;-0.06936076666666668;53715.91333333333;1.4360735062121066;41.953557732892854;-0.005746695597835805;-0.006764428510295243;-0.09403133751755949
1.10862;1.1676818;-0.05906180000000005;53742.25666666667;1.7025336425207112;50.9841949021532;-0.0047286848705623274;-0.00635727978234866;-0.08886538194030075
1.1158;1.1673893666666666;-0.05158936666666669;53793.58666666667;1.5687557798089;56.25687236107957;-0.0033044464389884176;-0.005746713113676612;-0.08129248238025037
1.10662;1.1670910666666667;-0.060471066666666795;53814.706666666665;1.4696726025076412;48.99935114053923;-0.0028832403009861896;-0.005174018551138528;-0.0738770390469449
1.10488;1.1667577;-0.061877699999999924;53794.37;1.242527796124159;47.74214664972841;-0.0026591814714860273;-0.004671051135208028;-0.06704577022520977
1.09722;1.166398466666667;-0.06917846666666683;53762.573333333334;0.9838814759113124;42.564553921193884;-0.0030643868731996537;-0.004349718282806353;-0.06211425054278006
1.09057;1.1659937999999999;-0.07542379999999982;53714.486666666664;1.0628603853980059;38.646145616890436;-0.0038774180355316545;-0.004255258233351413;-0.059718051116938786
1.08964;1.1655865;-0.07594650000000014;53715.10333333333;1.3136901098763631;38.117659221944066;-0.0045444091964979005;-0.00431308842598071;-0.059174887353472296
1.08801;1.1651693;-0.07715930000000015;53764.87333333334;1.2506120786915427;37.15853351613491;-0.0051452209699442975;-0.0044795149347734275;-0.06007195798634228
1.08765;1.1647554;-0.07710539999999999;53774.92333333333;1.0867518980499238;36.93747052646564;-0.005586025396776106;-0.004700817027173964;-0.06184565115292926
1.08835;1.1643408666666666;-0.07599086666666666;53842.823333333334;1.1251638797790027;37.71341777383566;-0.005811886125527188;-0.004923030846844609;-0.06389020719839789
1.0826;1.1639150666666667;-0.08131506666666666;53841.54666666667;1.3323725717634165;34.01138994617722;-0.006381299675112473;-0.005214684612498182;-0.06692092603981577
1.08917;1.1635317333333335;-0.07436173333333351;53788.80333333334;1.1608921584111909;41.123054538935754;-0.006230597474074173;-0.005417867184813381;-0.06919735588000832
1.08293;1.1631103999999999;-0.08018039999999993;53807.12333333334;1.4074530528390248;37.040067866312114;-0.006539299767003515;-0.005642153701251407;-0.07183951123681288
1.0809;1.1626743333333334;-0.0817743333333334;53717.763333333336;0.7032869139685507;35.79494993507939;-0.0068685759250877165;-0.005887438146018669;-0.07483610993903038
1.07809;1.1622152666666667;-0.08412526666666675;53604.18666666667;0.829674000587859;34.086822761712966;-0.007272440995665486;-0.006164438715948033;-0.07829723850273712
1.0789;1.1617617333333334;-0.08286173333333346;53569.096666666665;1.1815954335361176;35.04898381811482;-0.0074413672931761266;-0.006419824431393652;-0.08163052099196169
1.08543;1.1613237;-0.07589370000000017;53504.61;1.3919361341010819;42.35454295785564;-0.0069680033690813215;-0.006529460218931186;-0.08342377877577103
1.08321;1.1608752666666666;-0.07766526666666662;53333.47666666667;1.3930087562887064;40.67934572696859;-0.006694820769074461;-0.0065625323289598405;-0.08433976100750447
1.07969;1.1604497;-0.08075969999999999;53092.37333333334;1.4001069331235898;38.105802699779375;-0.006685292284521083;-0.006587084320072089;-0.08509014670843477
1.07117;1.1600041333333333;-0.08883413333333334;53110.77333333333;1.7261469612690523;32.7114548411658;-0.007281299400218488;-0.0067259273361013686;-0.08704732499362251
1.06373;1.1595197333333334;-0.0957897333333333;53075.496666666666;1.4359168502675461;28.868306358913202;-0.008258783044708062;-0.0070324984778227075;-0.09088860602633533
1.05586;1.1590185;-0.10315849999999993;53065.96;1.6062462640831137;25.460736648241095;-0.009558306891020996;-0.0075376601604623655;-0.0970606067467418
1.04983;1.1585272333333334;-0.10869723333333337;52997.35666666667;1.8381105422424204;23.20100198232936;-0.010948551421425812;-0.008219838412655056;-0.10542829885516458
1.05427;1.1580714333333333;-0.10380143333333325;52841.443333333336;1.562618179808444;28.250581441539595;-0.011558816493150825;-0.008887634028754211;-0.11392893914234903
1.05074;1.1576250666666665;-0.10688506666666653;52737.986666666664;1.3331377332313787;26.744952657738736;-0.012186815435463627;-0.009547470310096095;-0.12257607528888313
1.05193;1.1571645666666668;-0.10523456666666675;52664.98;1.3186941303307589;28.1354248875559;-0.012445027536301723;-0.01012698175533722;-0.130514709604119
1.06193;1.1567279666666668;-0.09479796666666673;52631.61;1.479472127111164;38.670381502485455;-0.011707785990960673;-0.010443142602461913;-0.1356081234480968
1.05392;1.1562459666666667;-0.10232596666666671;52666.55333333334;1.8456685286534453;34.32928139262606;-0.011635727390012951;-0.01068165955997212;-0.13975085393407755
1.05446;1.1557769;-0.10131690000000004;52759.153333333335;2.1135100348460014;34.86018271577801;-0.011403593416164926;-0.010826046331210681;-0.14271863555580094
1.05582;1.1553197;-0.09949969999999997;52829.54666666667;1.7265716962423818;36.25783355950352;-0.010983276560116773;-0.0108574923769919;-0.14425636279208695
1.05299;1.1548622;-0.10187219999999986;52918.67;1.8056387282594584;34.59445587928093;-0.010754557922926677;-0.010836905486178855;-0.14500238198286866
1.05138;1.1543735;-0.10299349999999996;52993.86;1.789056317089982;33.64869495262003;-0.010581236393243154;-0.010785771667591714;-0.14519928316278113
1.03795;1.1538614;-0.11591140000000011;53029.31333333333;1.9258970855989603;27.014274491529136;-0.011396198312799033;-0.010907856996633178;-0.14716640314331889
1.04074;1.1533618333333333;-0.11262183333333331;53044.36666666667;1.4633033605199428;30.097738388757563;-0.011682265932817959;-0.011062738783870135;-0.14946153787286037
1.04342;1.1528623333333334;-0.10944233333333342;53048.09;1.196009130582987;33.02478945974178;-0.011559472576048613;-0.01116208554230583;-0.15111424269314105
1.05505;1.1524290666666668;-0.09737906666666674;53058.78333333333;1.4793780608737142;43.98614236511261;-0.010403785785690012;-0.011010425590982668;-0.14987123729830729
1.04608;1.1519787333333336;-0.10589873333333366;53036.80333333334;1.3370526793310373;38.72223859748155;-0.01009532706634153;-0.01082740588605444;-0.14807320218696882
1.05834;1.1515851666666668;-0.09324516666666671;53081.666666666664;1.8457596784824934;47.899564052357434;-0.008760604969229702;-0.010414045702689494;-0.143466935658806
1.05621;1.1511749;-0.09496489999999991;53121.7;1.4047366707011628;46.59394481738785;-0.007784961104321919;-0.009888228783015979;-0.13727673666833778
1.06921;1.1508172;-0.0816072000000001;53138.07;1.3454007644610833;54.70826861620509;-0.005894813220370443;-0.009089545670486872;-0.1276480872582858
1.07359;1.1504905666666667;-0.07690056666666667;53181.206666666665;1.4146914806117448;57.07468294890179;-0.003997349058068034;-0.008071106348003104;-0.1150656635667267
1.06786;1.1501401;-0.08228009999999997;53225.92;1.4372884489358875;53.16146531360344;-0.0029222720185655415;-0.007041339482115591;-0.10185293935098697
1.07292;1.1497906333333332;-0.0768706333333331;53235.18666666667;1.2532688279604192;56.02855829657323;-0.0016430262238718019;-0.005961676830466834;-0.08765476606102916
1.07312;1.1494469333333335;-0.0763269333333334;53364.2;1.2276020253276116;56.14283119222874;-0.0006060897610906668;-0.004890559416591601;-0.07319182651143206
1.07798;1.1491027666666667;-0.07112276666666673;53397.776666666665;0.921761224390381;58.935563757268504;0.0006009241600182236;-0.0037922627012696363;-0.05813553921667617
1.07324;1.1487215;-0.07548149999999998;53472.24333333333;1.5865240489564425;55.24088933277234;0.0011616225408299652;-0.002801485652849716;-0.04408076799231952
1.06527;1.1483151666666667;-0.08304516666666673;53486.74333333333;1.38211817345618;49.60935220977272;0.000951894804533282;-0.002050809561373116;-0.03267720339817382
1.07462;1.1479251666666668;-0.07330516666666687;53504.776666666665;1.2030888457121798;55.35896405714441;0.0015225993438503505;-0.001336127780328423;-0.02176318296270652
1.07188;1.1475310333333333;-0.07565103333333334;53506.45333333333;1.1224814252932875;53.434824329255356;0.0017338054718754048;-0.0007221411298876574;-0.012107106992493953
1.06958;1.1471258;-0.0775458;53507.27;1.1107462593398785;51.80703082418811;0.001696046108112803;-0.00023850368228756536;-0.004108666617471705
1.07049;1.1467111333333333;-0.07622113333333336;53511.26666666667;1.370552494240832;52.42455789087962;0.0017197269928219683;0.00015314245273434138;0.0026091928722735743
1.07163;1.1462901666666667;-0.07466016666666664;53532.933333333334;1.309100690664941;53.233020204765666;0.001809622535054789;0.0004844384691984309;0.008383516112253658
1.0618;1.1458407333333334;-0.08404073333333328;53600.87;1.5427174969358626;45.97768621577084;0.0010752714922450668;0.0006026050738077581;0.011456104373346905
1.0519;1.145353;-0.09345300000000001;53711.566666666666;1.6503893947110742;40.05641753293943;-0.00030207216228950173;0.00042166962658830615;0.010747530805953786
1.0408;1.1448100666666667;-0.10401006666666679;53887.86666666667;1.9517751676935404;34.66576958790178;-0.002263215228807569;-0.00011530734449086892;0.0054796306327070925
1.04175;1.1442703666666667;-0.10252036666666675;54076.81;1.936708174908628;35.46623246312204;-0.0036981482270332933;-0.0008318755209993538;-0.0024516061493546092
1.04472;1.1437409333333333;-0.09902093333333317;54360.79666666667;2.2994144248188357;38.022758299876536;-0.004543316265790853;-0.001574163669957654;-0.011277292452398549
1.05505;1.1432524333333334;-0.08820243333333333;54616.63333333333;2.28457875164972;46.03098266047179;-0.004329663689139229;-0.002125263673793969;-0.018407541609175255
1.04953;1.1427183666666667;-0.09318836666666663;54848.77;2.038204320716392;42.84510811114375;-0.0045532730528548004;-0.0026108655496061353;-0.02507454414161135
1.05109;1.1421933333333334;-0.09110333333333331;54952.323333333334;1.2994173070144444;44.024203418544865;-0.004552131978240448;-0.002999118835332998;-0.03081161803948083
1.05347;1.1416743666666667;-0.08820436666666676;55081.236666666664;1.3802522347141601;45.85928972474813;-0.004309504276155396;-0.003261195923497478;-0.035183834892553605
1.05688;1.1411554;-0.08427539999999989;55235.23333333333;1.6856994056326937;48.466110874246176;-0.0037982773953062487;-0.0033686122178592324;-0.03775974817262929
1.05211;1.1406224666666667;-0.08851246666666657;55448.14666666667;1.9218135574591033;45.18845423440884;-0.003734971122329789;-0.003441883998753344;-0.039824369590478935
1.05554;1.1401337666666669;-0.08459376666666696;55577.38333333333;1.4339825882408221;47.91610737978006;-0.0033691901834187465;-0.003427345235686425;-0.040750272808339545
1.05819;1.1396400333333332;-0.08145003333333323;55738.973333333335;1.4480711640900727;49.98690319076168;-0.0028328183346031377;-0.0033084398554697678;-0.040306356405496145
1.05207;1.1391423666666667;-0.08707236666666662;55884.573333333334;1.5327664664998428;45.48880810199906;-0.0028685062782991544;-0.0032204531400356453;-0.04001024031516144
1.04413;1.1386209999999999;-0.09449099999999988;56067.07;1.5970872028801226;40.40840812229237;-0.003497167701100423;-0.003275796052248601;-0.041209997856787126
1.04835;1.1380941333333334;-0.08974413333333353;56247.26;1.627279266580874;43.988910762689514;-0.003613216762256899;-0.003343280194250261;-0.04250546495384271
1.04246;1.1375145000000002;-0.09505450000000026;56402.096666666665;1.6397617369895106;40.34524220023323;-0.0041328196818266605;-0.003501188091765541;-0.04481283112195862
1.04227;1.1369459333333334;-0.09467593333333335;56450.91;1.030009967952504;40.229480985218544;-0.004507975021297961;-0.003702545477672025;-0.047649388364629106
1.02641;1.1363179;-0.10990790000000006;56586.58666666667;1.595095327655695;31.980651568568916;-0.006015712395284867;-0.004165178861194593;-0.05355297043162032
1.01813;1.1356881666666665;-0.11755816666666652;56737.74;1.7486773354028997;28.674958492776867;-0.0077889458091457975;-0.004889932250784834;-0.06268896849710526
1.01614;1.1350490333333332;-0.11890903333333314;56825.45333333333;1.4534331915577996;27.927788888041903;-0.009248214770898544;-0.0057615887548075765;-0.07385530639043113
1.01854;1.1343955666666667;-0.11585556666666674;56972.71666666667;1.5686455768445478;30.287032652962324;-0.01009467091163474;-0.006628205186173009;-0.08532912224458036
1.00407;1.1336918666666669;-0.12962186666666686;57115.17333333333;1.4927381818909256;24.97810880531746;-0.011797111809229932;-0.007661986510784395;-0.09903914441559203
1.0036;1.1329627666666666;-0.12936276666666657;57301.64;1.6894280861766453;24.82588989623396;-0.013033985882169308;-0.008736386385061377;-0.11357557837779676
1.00576;1.1322566333333333;-0.12649663333333327;57461.81;1.8172069414447933;27.026852715681215;-0.013682203621570022;-0.009725549832363106;-0.12744416861579597
1.00208;1.1315208333333333;-0.12944083333333323;57678.08;1.8557829941631456;25.64902769277147;-0.014327705227977328;-0.01064598091148595;-0.1407264617373811
1.00875;1.1308232333333332;-0.1220732333333332;57811.45;1.470885092831702;32.37800791767373;-0.014138081640655553;-0.011344401057319872;-0.15155631199491224
1.01439;1.1301324333333331;-0.11574243333333323;57925.21666666667;1.307306288308867;37.52667897809997;-0.013378483882603875;-0.011751217622376672;-0.15894874738915213
1.02229;1.1294560666666666;-0.10716606666666673;58039.19;1.4304989439030025;43.96269474187366;-0.012000696649001164;-0.011801113427701572;-0.16194542420824015
1.01819;1.1287858666666666;-0.11059586666666665;58146.15;1.305916212853077;41.56918361836742;-0.011111539167984796;-0.011663198575758219;-0.1623140116262279
1.02279;1.1281303333333332;-0.10534033333333315;58288.31333333333;1.5474971712451542;45.17566095920327;-0.009921327019974946;-0.011314824264601564;-0.15972881209278053
1.02143;1.1274707666666666;-0.10604076666666651;58405.066666666666;1.4271364584805268;44.30497899419141;-0.008984251097517326;-0.010848709631184717;-0.15521267233561795
1.02183;1.1268012666666665;-0.10497126666666645;58577.87;1.3469250418287064;44.64291464881071;-0.00811578134519264;-0.010302123973986303;-0.14921462641401037
1.01177;1.1261025;-0.11433249999999995;58679.60333333333;1.224718572001045;38.34185692368179;-0.008145375911374986;-0.00987077436146404;-0.14407571084996126
1.01989;1.1254322333333333;-0.10554223333333335;58797.40666666667;1.325568667370705;45.07991638051356;-0.0074279884528412055;-0.009382217179739473;-0.13793019836014317
1.01967;1.1247887666666665;-0.10511876666666642;58959.09333333333;1.5875922560543243;44.93663285467078;-0.006798833168202512;-0.008865540377432082;-0.1311436459573999
1.02265;1.1241420666666666;-0.10149206666666655;59105.056666666664;1.4967247303203393;47.37652671371337;-0.0059907048606571145;-0.008290573274077088;-0.12339874253515866
1.02605;1.1234990666666667;-0.09744906666666675;59258.88;1.355358049291287;50.093661681145825;-0.0050180606896668145;-0.007636070757195033;-0.1144570594864121
1.0166;1.1228300666666666;-0.10623006666666668;59456.10333333333;1.656936705852908;43.38803650567728;-0.0049526778127977344;-0.0070993921683155745;-0.10665503830915761
1.01687;1.1221599000000002;-0.10528990000000027;59636.473333333335;1.4412153367886205;43.62025470026634;-0.004823472677783158;-0.006644208270209092;-0.09969444648954054
1.02454;1.1215163333333333;-0.09697633333333333;59739.996666666666;1.3190158084483792;49.906427494040614;-0.0040554233819420915;-0.006126451292555692;-0.09195003565172734
1.01781;1.1208730666666669;-0.10306306666666676;59855.59333333333;1.25959823971874;45.14955943457575;-0.0039443258039251194;-0.005690026194829578;-0.08510627696201026
1.01937;1.1202310333333334;-0.1008610333333333;59948.973333333335;1.076615601757137;46.424314015151595;-0.0036878895156904345;-0.0052895988590017495;-0.07869865821127821
1.02132;1.1195936;-0.09827359999999996;60000.23333333333;0.8990131705041872;48.04960095363576;-0.003289395107350268;-0.004889558108671454;-0.0723343382562172
1.02978;1.1190276;-0.08924759999999998;60071.32666666667;1.2131245311821182;54.498797517113786;-0.0022648266095641745;-0.004364611808849998;-0.06452196279738488
1.03197;1.1184987666666668;-0.08652876666666676;60106.23333333333;1.254745070810528;56.0208241361639;-0.0012615911584832329;-0.0037440076787766457;-0.055528138591401786
1.02589;1.1179645333333335;-0.09207453333333349;60095.846666666665;1.067245135187756;50.9275579580112;-0.0009462176152319479;-0.0031844496660677064;-0.04717427415671183
1.01592;1.1173782666666667;-0.1014582666666668;60099.64666666667;1.005430203860155;43.882081586360876;-0.0014836746099469167;-0.002844294654843549;-0.041414114635742454
1.01705;1.1167880333333333;-0.09973803333333331;60156.02333333333;1.1318733557685083;44.81395041871338;-0.0017977087270606429;-0.002634977469286968;-0.03734554644160059
1.01774;1.1162049333333335;-0.0984649333333334;60258.69;1.3304968959661536;45.41005331757448;-0.001968217408821138;-0.0025016254571938023;-0.03438209652096795
1.00866;1.1155899666666669;-0.10692996666666699;60358.91;1.2372821179174314;39.381590096367326;-0.00280370748816261;-0.002562041863387564;-0.03395100147292256
1.0041;1.1149582333333334;-0.11085823333333344;60438.11;1.1111035735563024;36.74344796905062;-0.0037901033339355905;-0.002807654157497169;-0.036040908299925775
0.99422;1.1142975666666666;-0.12007756666666658;60526.26666666667;1.1834696561490905;31.776518034176163;-0.005307876679382373;-0.00330769866187421;-0.04154781127240962
0.99677;1.1136546333333333;-0.11688463333333321;60658.95333333333;1.3860278718951324;34.247054440693105;-0.006233107913799163;-0.0038927805122592005;-0.04854586296031388
0.99679;1.1130247000000002;-0.11623470000000025;60726.236666666664;1.1811369177000133;34.267159912676945;-0.006885376169666335;-0.0044912996437406275;-0.056149874473004194
0.99742;1.1123995;-0.11497950000000001;60812.166666666664;1.2054824555391266;34.94199097600489;-0.007267690316916653;-0.0050465777783758325;-0.06360979244147555
0.9965;1.1117657;-0.11526570000000003;60915.04;1.2909783856332868;34.38680755601088;-0.007557791824683635;-0.005548820587637393;-0.07071075645869335
0.99977;1.1111439333333335;-0.11137393333333345;61081.96333333333;1.338054567008078;38.14850327441862;-0.007438095948151258;-0.005926675659740166;-0.07650910505392347
1.00152;1.1105412;-0.10902119999999993;61197.21333333333;1.4436441659323742;40.12683753009729;-0.007119951361715504;-0.006165330800135234;-0.08070556511481242
1.00524;1.1099617666666668;-0.10472176666666688;61308.57;1.375925094974263;44.211741371865834;-0.006492801598989795;-0.006230824959906146;-0.08278082680043615
0.9945;1.109328;-0.11482800000000004;61386.28333333333;1.3797544891269609;36.474516660480234;-0.0067842050430195755;-0.0063415009765288325;-0.085243520986756
0.99564;1.1086877;-0.11304769999999997;61502.583333333336;1.338220210261953;37.72040359717857;-0.006844259535714992;-0.006442052688366065;-0.08748039072843178
0.99314;1.1080447666666666;-0.1149047666666666;61579.39666666667;1.044846222646052;36.050608820210435;-0.007012743716194869;-0.006556190893931826;-0.08978360873045618
0.99066;1.1074213999999998;-0.1167613999999998;61719.86;1.4966819432186826;34.42270723498561;-0.007262664442027278;-0.006697485603550916;-0.09233907954240984
1.00063;1.1068114;-0.10618140000000009;61838.833333333336;1.3575773583479598;45.14649244592478;-0.006580378236431317;-0.006674064130126997;-0.0928609528242765
0.99984;1.1062071666666666;-0.10636716666666668;61982.416666666664;1.4877929090102455;44.5251703068027;-0.006033853394594724;-0.0065460219830205425;-0.09196778212554817
1.00406;1.1056189333333335;-0.10155893333333355;62105.93;1.3220637707218423;48.59493039983947;-0.005200264377262842;-0.006276870461869003;-0.08917101824386411
1.01218;1.1050599;-0.09287990000000002;62197.253333333334;1.3306214593825585;55.37832337679646;-0.003840156008957152;-0.005789527571286633;-0.083474604808477
0.99672;1.1044554666666666;-0.10773546666666656;62297.89;1.3602226335432293;43.58542716542555;-0.003964057931122644;-0.005424433643253835;-0.07889552997801427
0.99795;1.1038505333333335;-0.10590053333333349;62465.63333333333;1.508317373446171;44.596307364719586;-0.003917837979188432;-0.0051231145104407546;-0.07487225509873094
0.99964;1.103259;-0.10361900000000002;62546.333333333336;1.1864164699234403;46.02733661879922;-0.003702163225061117;-0.004838924253364827;-0.07092224128439215
1.00142;1.102673;-0.10125300000000004;62690.37666666666;1.3019542127489794;47.56358271635886;-0.0033490030817981964;-0.004540940019051501;-0.06670803001762457
1.00249;1.1020805333333332;-0.09959053333333312;62757.58666666667;0.9929636130047184;48.51230446399329;-0.002948789259221485;-0.004222509867085498;-0.06215956070690808
0.99697;1.1014650000000001;-0.10449500000000012;62862.45;1.2336776565340306;44.08131821869627;-0.003041968865359568;-0.003986401666740312;-0.058529966415191995
0.98369;1.1007964;-0.11710639999999994;63013.556666666664;1.5315434504117769;35.64597629510524;-0.0041396797377999395;-0.004017057280952237;-0.05813434301761342
0.98341;1.1001121333333335;-0.11670213333333346;63253.65666666667;1.7754230493232972;35.49176352554183;-0.0049748699684832864;-0.004208619818458447;-0.05986936004968755
0.96885;1.0993851000000001;-0.13053510000000013;63450.653333333335;1.6194001889970107;28.570111202834752;-0.006734009095446303;-0.004713697673856019;-0.06567295264271317
0.96086;1.0986307333333334;-0.13777073333333334;63810.96;2.261116272188624;25.617605027711136;-0.008672890074172823;-0.00550553615391938;-0.0753889947056662
0.95938;1.0978736333333332;-0.1384936333333332;64048.17;1.6979251710077434;25.100170768959714;-0.010211182691987952;-0.006446665461533095;-0.08746609797634854
0.97365;1.0971734333333332;-0.12352343333333315;64362.29;2.081933380555278;38.085574148269;-0.0101616833732735;-0.0071896690438811766;-0.09767751466301455
0.98133;1.0965005666666667;-0.1151705666666667;64645.22666666667;1.8831243430808786;43.738908854203686;-0.009394449623588152;-0.007630625159822572;-0.10452353807376327
0.9801;1.0958474333333335;-0.11574743333333348;64928.816666666666;1.8832162093407603;43.06076294883396;-0.008784400963594341;-0.007861380320576927;-0.10885935830014615
0.98247;1.0952102333333333;-0.11274023333333338;65167.17333333333;1.6606673953222983;44.83553478989573;-0.008017275649199296;-0.007892559386301401;-0.11065424480058539
0.99862;1.0946322333333334;-0.09601223333333342;65404.87333333334;1.5804479808892558;55.10480559239379;-0.006036567489497213;-0.007521361006940564;-0.10729691508804855
0.98858;1.0940143;-0.10543429999999998;65575.5;1.3112366661327308;48.99812099933743;-0.005216849501246235;-0.007060458705801699;-0.10237342315346616
0.97911;1.0933679333333333;-0.11425793333333323;65801.45;1.465332450880419;44.0405422442454;-0.005270610627246208;-0.006702489090090601;-0.09826271982090821
0.97407;1.0926831000000001;-0.11861310000000014;66001.67;1.3345571407509333;41.6266026172654;-0.005654718510838874;-0.006492934974240256;-0.09567224424089663
0.97032;1.0919922333333334;-0.12167223333333343;66158.66666666667;1.159258550151984;39.875292552376436;-0.006190361798430466;-0.006432420339078298;-0.09476624099971173
0.97048;1.0913244000000002;-0.12084440000000019;66337.18;1.4064511032875673;39.99129835286467;-0.0065267163764759495;-0.006451279546557828;-0.09481841497255183
0.97024;1.0906555;-0.12041550000000001;66507.92;1.3579585709489401;39.86704254678657;-0.006735008807976173;-0.006508025398841498;-0.09537839422191506
0.97773;1.0900223333333334;-0.11229233333333344;66674.81333333334;1.4582867973531446;45.55272493631336;-0.006223955769317113;-0.0064512114729366205;-0.09459982101254032
0.97241;1.0893637333333333;-0.11695373333333325;66887.32;1.4910449394591543;42.48036053857931;-0.006177017282968156;-0.006396372634942928;-0.09382066102958173
0.9844;1.0887297666666669;-0.10432976666666682;67046.53;1.2229119090874319;50.57179364188547;-0.005113381519783355;-0.006139774411911015;-0.0905305031808063
0.98601;1.0880972666666666;-0.10208726666666657;67229.43333333333;1.2859843629995464;51.557232347961346;-0.0040933434543846126;-0.005730488220405734;-0.08519966334839571
0.97721;1.0874304000000001;-0.11022040000000011;67383.88;1.2077962859958187;46.14227268053608;-0.003949514845261626;-0.0053742935453769125;-0.08029688496097186
0.97877;1.0867756666666666;-0.10800566666666656;67565.82666666666;1.3604066513306392;47.20093742807171;-0.003667375452412913;-0.005032909926784113;-0.07542702947156718
0.98611;1.0861305333333333;-0.10002053333333327;67796.67666666667;1.6416438898207093;51.98346407925743;-0.0028190055525751934;-0.00459012905194233;-0.06918893406960169
0.98731;1.0854892666666667;-0.09817926666666665;68077.22666666667;1.652535003384149;52.73720220482223;-0.002026476365493579;-0.0040773985146525795;-0.061925707652828677
0.99678;1.0848756666666666;-0.08809566666666657;68212.45666666667;1.2437757580639484;58.30029220451764;-0.0006270135965207313;-0.00338732153102621;-0.05228787505741349
1.00833;1.0842901333333332;-0.07596013333333329;68388.62;1.3453846561019445;63.88389209118352;0.0013979445683042213;-0.002430268311160124;-0.03907674521413714
0.99649;1.0836533333333331;-0.08716333333333315;68604.44333333333;1.4097483384577556;55.65667533217826;0.002024017836263492;-0.001539411081675401;-0.0263042940169192
0.99658;1.0830158;-0.08643580000000006;68762.35333333333;1.2721932243348753;55.7033743457738;0.002498644837242714;-0.0007317998978917781;-0.014306024267778689
0.98825;1.0823533;-0.09410330000000011;68923.99666666667;1.0352272568444543;50.41164635644949;0.0021775275891524615;-0.00014993440048293013;-0.004967751004488544
0.98739;1.0816971666666668;-0.09430716666666683;69056.63666666667;1.1861133694558461;49.88475390691594;0.0018325208837923768;0.0002465566563721313;0.002024065480221785
0.98144;1.0810300666666666;-0.09959006666666659;69201.81;1.2768018639973036;46.28067741983379;0.0010666891814868906;0.0004105831613950831;0.005958064913415147
0.97499;1.0803387666666666;-0.1053487666666666;69347.76333333334;1.3088814352049554;42.68081195756006;-6.00073280856428e-05;0.000316465063498938;0.0063832741229933624
0.99581;1.0797213333333333;-0.08391133333333334;69551.62333333334;1.4706773918095268;54.88067268938198;0.0007187917863871185;0.0003969304080765741;0.008556285515917595
1.0021;1.0791247333333336;-0.0770247333333336;69727.29666666666;1.328045176377172;57.802761916162794;0.0018225370551461229;0.0006820517374904839;0.013036777352211409
1.00728;1.0785476666666667;-0.07126766666666673;69847.89;1.1615383084584;60.09481156410336;0.0030797444645140892;0.0011615902828952052;0.019870706573761287
1.00118;1.0779463666666664;-0.07676636666666647;70034.51333333334;1.4207280848288295;56.22196097696097;0.0035430295349360152;0.0016378781333033672;0.02673674702501477
1.0208;1.0774261666666667;-0.056626166666666755;70248.18666666666;1.5456626733328427;64.21103966099191;0.005430753968629132;0.00239645330036852;0.037162463153975436
1.03528;1.0769684333333334;-0.041688433333333386;70485.82;1.6065926451587558;68.7444203853034;0.008002951129287506;0.0035177528661523173;0.052312606600350677
1.03256;1.0765013333333333;-0.04394133333333339;70679.86333333333;1.4443293349131485;67.02687929313105;0.009710023535737577;0.00475620700006937;0.06931977347337225
1.03467;1.0760417;-0.04137170000000001;70928.77;1.6698442677066485;67.70102938457642;0.011105136976281127;0.006025992995311721;0.08710278421683834
1.03942;1.0756102333333333;-0.036190233333333266;71102.76666666666;1.4742183028037625;69.22638431055732;0.012450537683529994;0.007310901932955376;0.10538704287612086
1.03648;1.0751521666666666;-0.03867216666666651;71249.17;1.298667759918986;67.11371317295985;0.01312821017287269;0.008474363580938839;0.12240697430683736
1.03225;1.0746861333333333;-0.0424361333333334;71381.19666666667;1.1000936334352431;64.08342663437757;0.013172105027225323;0.009413911870196136;0.13674946176303368
1.02406;1.0742013333333331;-0.05014133333333315;71499.64666666667;1.124606956099486;58.56937026695972;0.012403052790296742;0.010011740054216258;0.14678200780158787
1.03024;1.0737408666666668;-0.04350086666666675;71547.38333333333;0.9886175664936749;61.27696768111824;0.01215216510848327;0.010439825065069661;0.15441688518820093
1.03945;1.0733399333333333;-0.033889933333333344;71626.97;1.0953416010755312;64.95292279679904;0.012551815328048388;0.010862223117665406;0.1616126302464569
1.04114;1.0729514333333332;-0.03181143333333325;71642.81;0.8475519036731185;65.59826919744833;0.01285670578123388;0.011261119650379101;0.16820071387540186
1.03935;1.0725515333333333;-0.03320153333333331;71690.55333333333;0.9554954846211321;64.24881782993727;0.012806272879527736;0.01157015029620883;0.17340030531720882
1.034;1.072125;-0.038124999999999964;71834.30333333333;1.211816582894234;60.258835036630266;0.012194038863894363;0.011694928009745937;0.17604774255606465
1.0329;1.0717023;-0.03880230000000018;71978.75666666667;1.1816680912380517;59.44146451810666;0.011487655645219919;0.011653473536840734;0.17630800647042516
1.04084;1.0713195999999998;-0.03047959999999983;72116.65;1.2976892298794667;63.310095615348466;0.011436698358278763;0.011610118501128341;0.17615733694774774
1.05258;1.0709771000000001;-0.018397100000000055;72318.14333333333;1.4058297864669456;68.14787193871369;0.012202966029669415;0.011728688006836557;0.17766487145854912
1.05405;1.0706323999999998;-0.016582399999999886;72476.01;1.2623211459900647;68.70431104279115;0.012781518011189874;0.01193925400770722;0.1801334604978282
1.04932;1.0702789666666666;-0.020958966666666523;72652.06333333334;1.2100275748074127;64.78268121230923;0.01271181921595721;0.01209376704935722;0.1818499949283825
1.04674;1.0699247333333333;-0.023184733333333263;72796.54;1.1886141841355113;62.68102373126757;0.012306535895294068;0.01213632081854459;0.18212216512381432
1.0506;1.0695613999999998;-0.018961399999999795;72936.34;1.2132360905412567;64.5348016092078;0.01215668103271983;0.012140392861379638;0.18179696606787982
1.0555;1.0692139666666667;-0.013713966666666577;73070.80333333333;1.0741362681062072;66.79002701106666;0.012291618892153577;0.012170638067534427;0.18166398780393261
1.05349;1.0688592;-0.01536919999999986;73199.29666666666;1.0930842732594892;64.9650720687277;0.012096922127981413;0.012155894879623824;0.18090982661933705
1.05383;1.0685016999999999;-0.014671699999999843;73290.25;0.9601550001533683;65.13859344191249;0.011833647772826916;0.012091445458264443;0.17947445114898533
1.06324;1.0681683;-0.004928299999999997;73436.05;1.1783041163023913;69.62288338797401;0.01224317757693294;0.012121791881998144;0.17908868499965772
1.06816;1.0678450666666666;0.00031493333333343365;73597.73666666666;1.2385299348651295;71.67445736207657;0.012816989502349996;0.012260831406068515;0.17999598423335403
1.06263;1.0675123;-0.004882300000000006;73747.84333333334;1.181214203190324;66.25790386312235;0.01267935509061302;0.012344536142977418;0.18030235300977943
1.05856;1.0671594666666666;-0.008599466666666666;73856.57333333333;1.0561416063529272;62.51346978128643;0.012102355422265232;0.012296099998834981;0.17905424216054644
1.06073;1.0668251;-0.00609510000000002;73939.50666666667;0.9023187063008667;63.69163237309057;0.011685476987835619;0.01217397539663511;0.17687749503186648
1.06232;1.0665007333333334;-0.004180733333333464;74132.88;1.2956868800994517;64.57028994827208;0.011352532607723287;0.012009686838852746;0.17412331657667718
1.06038;1.0661677333333333;-0.005787733333333156;74207.64;0.9537292925632788;62.58034893599664;0.010807547322931654;0.01176925893566853;0.17038705049382002
1.05983;1.0658061333333335;-0.0059761333333334665;74252.01333333334;0.9650108701877221;61.997006155926556;0.010213526973617215;0.011458112543258268;0.1657143715099894
1.0616;1.0654902333333334;-0.0038902333333332706;74294.30333333333;0.9083199784136557;63.18630372677448;0.009772929526449481;0.01112107593989651;0.16062507431109307
1.0639;1.0651677000000002;-0.0012677000000000938;74341.0;0.7721983831263002;64.73087058925168;0.009499835463552264;0.010796827844627661;0.15559321196746118
1.06125;1.0648454333333335;-0.003595433333333453;74395.11666666667;0.8093810816882726;61.5277657440741;0.008966216634062274;0.010430705602514585;0.15000920681847688
1.06621;1.0645285666666666;0.0016814333333334819;74415.17333333334;0.7713615036932291;65.01705197799612;0.008841629612278856;0.01011289040446744;0.14493456574452426
1.07007;1.0642439666666668;0.005826033333333314;74481.94;0.9123419717584005;67.48831504140043;0.008951179613875482;0.00988054824634905;0.14085602400565295
1.066;1.0639414666666667;0.00205853333333339;74368.97;0.23074139657975218;62.476756197885024;0.008610329277646267;0.009626504452608493;0.13657444765655527
1.05488;1.0635953;-0.008715299999999981;74523.74333333333;1.1712642990780382;51.27375390993921;0.007358092355784329;0.00917282203324366;0.12998986766942072
1.06041;1.0632652;-0.0028551999999999467;74654.47333333333;1.153299945142673;55.5430891767267;0.006734281749131155;0.00868511397642116;0.12293368271880598
1.05217;1.0629468666666666;-0.010776866666666551;74724.45666666667;1.0723262981681;48.69639565852531;0.005511475356464457;0.00805038625242982;0.1140878184602174
1.06437;1.0626783333333334;0.0016916666666666469;74852.55666666667;1.042689835532978;57.12364781915592;0.005463846697178809;0.0075330783413796185;0.1064841031631084
1.07326;1.0624412666666667;0.010818733333333386;74967.79;1.0043513354200513;62.01947110228183;0.0060734385259757495;0.007241150378298845;0.10148536848801673
1.07343;1.0622303666666666;0.011199633333333514;75067.06333333334;0.979977059623755;62.10857172176069;0.0064953872405491;0.007091997750748897;0.09827214841521467
1.07565;1.0620427333333333;0.013607266666666673;75107.17;0.8398931819690664;63.31875870010834;0.006929046350365287;0.007059407470672176;0.09660774275113458
1.08511;1.0618867666666667;0.023223233333333315;75221.01333333334;1.1562061735938916;68.00774720332134;0.00794448814466131;0.007236423605470003;0.09761477278012616
1.0833;1.0617068;0.021593199999999868;75318.83666666667;0.9982761727023047;66.26242900207599;0.008505139258202288;0.00749016673601646;0.09982984214804362
1.08223;1.0615535666666667;0.020676433333333355;75297.88;0.6962081800974083;65.1972191190681;0.008762115039372853;0.00774455639668774;0.10235638471488874
1.07883;1.0614050666666666;0.017424933333333392;75364.96333333333;1.0155514792924756;61.79768158686741;0.008592371106793006;0.007914119338708793;0.10414580316762126
1.07944;1.0612535333333335;0.018186466666666457;75484.16666666667;1.232271668451278;62.178714642853514;0.008410123055833996;0.008013320082133834;0.10526984951869316
1.0831;1.0611303333333335;0.021969666666666443;75542.26666666666;0.9758113338756526;64.46863689049292;0.008463460075101459;0.008103348080727359;0.10636703272046175
1.08562;1.061012833333333;0.024607166666666958;75647.03333333334;0.793580360719042;65.99524727437327;0.008609824291620605;0.008204643322906009;0.10765103803634149
1.08714;1.0608670666666669;0.026272933333333137;75619.37333333334;0.8859766624177853;66.91851792820678;0.008747633016339185;0.008313241261592644;0.10906861179897649
1.08882;1.0607325333333333;0.028087466666666616;75628.47666666667;0.7817293512411817;67.95416407234423;0.00888993178338282;0.00842857936595068;0.11060461746687435
1.09152;1.0605913999999999;0.030928600000000195;75576.68666666666;0.8080004918623308;69.60126823803306;0.009115494272851299;0.008565962347330805;0.11242797961037565
1.08912;1.0604487666666667;0.028671233333333435;75560.96;0.8045159828566492;66.337346638545;0.008996883752943718;0.008652146628453388;0.1136967889719664
1.08688;1.0603045;0.026575500000000085;75636.58666666667;0.7313788529853368;63.35128050006537;0.00862273723446405;0.00864626474965552;0.11390120637950138
1.08519;1.0601518;0.02503820000000001;75636.33333333333;0.7982803679006829;61.116061626352774;0.008096522871159806;0.008536316373956378;0.1128489877923032
1.08621;1.0600107666666667;0.026199233333333183;75696.94666666667;0.8247756712687102;61.987799314270035;0.0076733461150533255;0.00836372232217577;0.1109661833649643
1.09901;1.0599180000000001;0.039091999999999905;75767.81;0.8894674400644694;70.82665878337953;0.008275434455824016;0.008346064748905419;0.11073293771407158
1.09108;1.0597744;0.031305600000000045;75871.02333333333;1.0694201347926457;61.314401090100304;0.00802025655237304;0.008280903109598944;0.10993902554527527
1.0794;1.0596081333333334;0.019791866666666547;75978.04666666666;0.9808886022952533;50.546475008297385;0.006797194017733377;0.007984161291225832;0.10645335835841724
1.07257;1.0594111;0.013158900000000084;76047.96;0.8566567729100351;45.51300348746231;0.005216649934836504;0.007430659019947966;0.09986658524337887
1.07278;1.0592250666666667;0.013554933333333352;76185.70333333334;1.0276731272983333;45.6920736534504;0.003935635055816622;0.006731654227121698;0.09133827554277343
1.07141;1.0590437333333333;0.012366266666666625;76241.08666666667;0.7753955588075159;44.66087218401984;0.0027778526285977545;0.00594089390741691;0.08145521150219481
1.07386;1.0588585333333334;0.015001466666666685;76282.98666666666;0.827694388473407;46.965960469286024;0.0020345432895676474;0.005159623783847058;0.07138178231218299
1.06772;1.0586407333333334;0.009079266666666586;76332.64666666667;0.8733353671215287;42.2196430330064;0.0009391921744918985;0.004315537461976026;0.06036081885409603
1.07252;1.0584707000000002;0.01404929999999971;76372.65;0.7447954208737363;46.750176036759505;0.00045321403960940643;0.003543072777502703;0.04993686738642571
1.07359;1.0582904;0.01529960000000008;76495.99;1.073023566333206;47.73399592907968;0.00015265323262614316;0.0028649888685273912;0.04045813607773568
1.06869;1.0580908;0.01059919999999992;76593.13;0.8936702286483273;43.74786741754298;-0.0004754517099689881;0.0021969007528281153;0.03105120324136643
1.06728;1.0578726666666667;0.009407333333333323;76709.97333333333;0.9500981011072855;42.64431649469825;-0.0010746171013473749;0.0015425971819930174;0.021780579766811747
1.06937;1.0576617666666668;0.011708233333333151;76814.92;0.8594163737981034;44.864449842619614;-0.001365078680332088;0.0009610620095279964;0.013336205461211233
1.06848;1.0574498333333333;0.011030166666666785;76858.43333333333;0.5459257778260882;44.08193664556176;-0.0016480889922962927;0.00043923180916313856;0.00561984027270206
1.06461;1.0572229;0.007387100000000091;76998.91666666667;0.8734538472942749;40.75336123936539;-0.0021597570259743737;-8.056595786436389e-05;-0.0019911798522158314
1.06049;1.0569883666666668;0.0035016333333330874;77148.97666666667;0.9378996731560529;37.50642102024678;-0.0028646848925202306;-0.0006373897447955372;-0.009949200752763263
1.05943;1.0567373666666666;0.0026926333333334718;77248.05;0.8458465941857631;36.69634276456425;-0.0034688912279334794;-0.0012036900414231257;-0.017972419222480426
1.05458;1.0564774;-0.001897399999999827;77377.89333333333;0.9405399509453855;33.16660144259379;-0.004289635322881624;-0.0018208790977148255;-0.026541974158106697
1.06088;1.0562187666666667;0.004661233333333348;77487.80666666667;0.8032876742498923;41.09291296360591;-0.0043812196101160605;-0.0023329472001950725;-0.03391780447636847
1.05755;1.0559779666666667;0.0015720333333333336;77565.64666666667;0.8042477911397369;38.49418349843593;-0.004668686278346712;-0.0028000950158254007;-0.040718118118037126
1.0669;1.0557718333333332;0.011128166666666717;77671.88333333333;0.9957528603764174;48.36762018993201;-0.004094836103560651;-0.003059043233372451;-0.0450662812388822
1.05971;1.0555333;0.004176699999999922;77752.87666666666;0.9182939983827071;42.692146536849975;-0.004172134842932662;-0.0032816615552844937;-0.04880362096944919
1.06341;1.0553118666666668;0.008098133333333202;77793.30333333333;0.7927160482664349;46.19125778195843;-0.0038899941419514583;-0.003403328072617887;-0.051205251977964245
1.06828;1.0550857;0.013194299999999881;77844.95666666667;0.7514166942177735;50.47733087068888;-0.0032361232891375824;-0.003369887115921826;-0.05162355156423953
1.05493;1.0548260333333332;0.0001039666666666772;77935.58333333333;0.9382877098286164;40.86739166943277;-0.0037519096775124883;-0.0034462916282399585;-0.05302248657988395
1.05438;1.0545510333333334;-0.00017103333333334803;77988.57666666666;0.7753186759444504;40.52508582972329;-0.0041571336606838205;-0.003588460034728731;-0.05501802351886047
1.05823;1.0542646666666666;0.003965333333333376;78028.58666666667;0.7569661648789627;44.0574262781276;-0.004120119588687521;-0.0036947919455204894;-0.056521720063027345
1.06395;1.053993;0.009956999999999994;78189.02;1.212344137322451;48.91216857433619;-0.003587870733548826;-0.003673407703126157;-0.05647959117574732
1.07316;1.0537647333333335;0.019395266666666355;78434.97333333333;1.5725893024249253;55.59424290151991;-0.002395278374297094;-0.0034177818373603446;-0.05361252165031567
1.07332;1.0535404;0.01977960000000012;78649.58333333333;1.2211634941908502;55.70263976513037;-0.0014208509888513632;-0.0030183956676585483;-0.04883795985873363
1.05758;1.0532897333333333;0.004290266666666653;78800.86;1.3075618717865125;44.25723525804233;-0.0018968312311506974;-0.0027940827803569785;-0.0457656415958169
1.06138;1.0530469333333334;0.008333066666666555;78974.95666666667;1.25861417587762;47.08410048894296;-0.0019450000109446641;-0.0026242662264745155;-0.04318430637583595
1.06647;1.0528316333333334;0.013638366666666624;79069.12666666666;0.9710996344210323;50.69121376143508;-0.0015545339551030768;-0.002410319772200228;-0.04002885194447569
1.07237;1.0526253;0.01974469999999995;79184.39333333333;1.0449028718536568;54.557998220629734;-0.0007602424987589451;-0.0020803043175119714;-0.035466658334812266
1.07698;1.0524404666666667;0.024539533333333363;79203.64666666667;0.743614751071553;57.37096589699139;0.00023847864223736082;-0.001616547725562105;-0.029243696753831788
1.08551;1.0522916333333334;0.033218366666666554;79274.30666666667;0.8530128214722719;62.05187683452882;0.0016986906057845363;-0.000953500059292777;-0.020555847150917992
1.08327;1.0521553666666665;0.03111463333333342;79344.23;0.9392617459390634;60.18299287165906;0.0026446835617741637;-0.00023386333507938878;-0.010957625015812822
1.07587;1.0520267333333333;0.023843266666666807;79404.19;0.979822349425014;54.3584376610258;0.002765393899808455;0.00036598811189817994;-0.002494840071392667
1.07987;1.0519100666666665;0.027959933333333575;79407.35666666667;0.7284463609940848;56.792655897309146;0.0031475413851649314;0.0009222987665515304;0.005579039341559962
1.0846;1.0517810666666667;0.0328189333333333;79405.25666666667;0.6664042435141049;59.540578587550094;0.0037883972054852944;0.001495518454338283;0.013898499232145412
1.08445;1.0516379666666666;0.03281203333333327;79414.06666666667;0.6792121630843723;59.4115361607252;0.004235353791713692;0.002043485521813365;0.021968122289164217
1.09056;1.0515050000000001;0.03905499999999984;79449.06;0.6787367905925283;62.9353577986481;0.005024674720619515;0.002639723361574595;0.030595583989375504
1.08415;1.0513058666666666;0.03284413333333336;79431.53;0.7335122463333221;57.313619295107166;0.0050744882720912265;0.0031266763436779213;0.037989905644902275
1.09027;1.0511235666666667;0.03914643333333334;79422.44;0.7639906303557579;60.904347073053906;0.005543892185385868;0.003610119512019511;0.045281867111336596
1.09559;1.0509616666666666;0.04462833333333349;79438.17;0.7279875656752003;63.75829876356743;0.006272867989985498;0.004142669207612709;0.053070995777646686
1.09073;1.0507917666666666;0.03993823333333335;79465.25666666667;0.6832168204997073;59.48617788292317;0.006384824896837005;0.004591100345457569;0.05986100358055453
1.09205;1.0506244333333334;0.041425566666666525;79480.72;0.5838522851830502;60.264936858241;0.006505078030161426;0.00497389588239834;0.06580950264129191
1.08986;1.0504479666666666;0.03941203333333343;79321.37666666666;0.22879078456065266;58.26390365978156;0.006350460649943601;0.005249208835907392;0.07040624544710068
1.08605;1.0502859333333334;0.03576406666666654;79209.13;0.5122136804178367;54.85162396145672;0.005853020130970332;0.00536997109491998;0.0730651272895269
1.09131;1.0501548333333335;0.04115516666666652;79127.54666666666;0.6103310671748435;58.46799814330083;0.0058161875861224566;0.005459214393160476;0.0751263928812545
1.09915;1.0500327333333332;0.049117266666666826;79109.88666666667;0.6470114186317065;63.199509005507;0.006346461944590764;0.005636663903446534;0.07797618597714406
1.1047;1.0499239666666667;0.05477603333333336;79106.80666666667;0.6358744856425794;66.14028459012363;0.007132329753138933;0.005935797073385014;0.08208257500136944
1.09942;1.0498014333333332;0.04961856666666686;79058.81666666667;0.6643408314779148;61.135052894897555;0.007245561457806193;0.00619774995026925;0.08572610440071628
1.09275;1.0496696333333333;0.043080366666666814;79053.33666666667;0.6323199261122524;55.42857147615855;0.006719625483311065;0.006302125056877613;0.08751975075937277
1.09736;1.0495574666666667;0.047802533333333175;79065.39333333333;0.5812024460089643;58.32406901538929;0.006598739742800008;0.006361447994062093;0.08866189951988016
1.0956;1.0494343666666666;0.046165633333333345;79001.25;0.630205218271783;56.80679724723032;0.0062884305188348755;0.00634684449901665;0.08882378466545766
1.09706;1.049323;0.04773699999999992;79010.61666666667;0.6313075647849902;57.787818089264846;0.006090114967080673;0.006295498592629455;0.08841181327231878
1.09894;1.0492552;0.049684800000000084;78772.86666666667;0.6223081890294768;59.076728835003955;0.00601530802519834;0.0062394604791432325;0.08779896484888479
1.10463;1.0491800333333334;0.05544996666666657;78682.67;0.6849284601042791;62.7808919670079;0.006342051212894884;0.006259978625893564;0.08793255869470325
1.09739;1.0490983;0.04829170000000005;78515.93;0.6352341492993034;55.853338536538566;0.005948222642424783;0.0061976274291998075;0.08707627687787098
1.1039;1.0490701;0.0548299000000001;78436.01666666666;0.7603267291534531;60.115090049301784;0.006091197720917929;0.006176341487543432;0.08659796771280748
1.10289;1.0490398333333333;0.05385016666666664;78304.56666666667;0.6717615873402865;59.160867100369344;0.006053230073344906;0.006151719204703727;0.08603859579294151
1.10165;1.0490233666666668;0.05262663333333317;78281.9;0.8333343978619793;57.94477729467782;0.0058555832831002075;0.006092492020383023;0.08505511609292349
1.09764;1.0490377000000002;0.048602299999999765;78140.4;0.5981796868200575;54.073760453159835;0.005314115475551162;0.005936816711416651;0.08294071570939207
1.09992;1.049086;0.050834000000000046;77922.87666666666;0.7056720998021798;55.87858645142874;0.00501120918216591;0.005751695205566504;0.08040869530335615
1.10623;1.0491413;0.05708869999999999;77738.21666666666;0.7431094058627009;60.50453576724921;0.005220143463050331;0.00564538485706327;0.07868225861690008
1.10122;1.0491202333333334;0.052099766666666714;77684.38;0.8878361390023467;55.52663896746263;0.004924691478409349;0.005501246181332486;0.07651341228527941
1.10185;1.0491301333333334;0.052719866666666615;77547.58666666667;0.6571706766201548;56.01668114326636;0.004687346573309714;0.005338466259727932;0.07410482797007609
1.1004;1.0491607;0.05123929999999999;77404.76666666666;0.5304066114790695;54.527454265879655;0.0043323060171969185;0.005137234211221729;0.07123414929317556
1.09615;1.0491677666666668;0.04698223333333318;77293.7;0.5743029509519438;50.30593901502125;0.0036657379915565613;0.0048429349672886954;0.06727729070466516
1.09824;1.0491771666666667;0.04906283333333339;77175.65333333334;0.6370014101164758;52.26319889036752;0.0032684469402251004;0.004528037361875977;0.06300777551415425
1.09157;1.0491375666666667;0.04243243333333324;77049.19;0.6893518283578725;46.03204465240909;0.002387851991857426;0.004100000287872267;0.05739692147614002
1.08496;1.0490570666666668;0.035902933333333165;76974.33;0.5927300698816615;40.835966644002575;0.0011434217389556522;0.003508684578088944;0.04983783485374737
1.08745;1.0489983333333333;0.03845166666666677;76884.50333333333;0.5179717403822923;43.426624497241136;0.0003540428030472942;0.0028777562230806143;0.04165032979716003
1.08627;1.0489469666666666;0.03732303333333342;76833.02666666667;0.5827832371390919;42.47738157454489;-0.000362582207172224;0.002229688537030047;0.033103457266147975
1.08387;1.0488850333333333;0.03498496666666662;76757.74666666667;0.6077692744497005;40.536574961083616;-0.001111361549000156;0.0015614785198240064;0.024191019059617368
1.077;1.0488064666666668;0.028193533333333187;76704.94666666667;0.5724402650432403;35.5319276870285;-0.002233381129645773;0.0008025065899300507;0.014143515962346438
1.08059;1.0487427666666667;0.03184723333333328;76663.72666666667;0.6693908870765388;39.72007113919606;-0.0028006228964807534;8.188069264788989e-05;0.004380737082646855
1.08122;1.0486857;0.032534300000000016;76602.66333333333;0.6150961069716573;40.451177939830814;-0.0031628707434712133;-0.0005670695945759308;-0.004669317564884379
1.07706;1.0486137666666666;0.028446233333333293;76508.29666666666;0.6382314353793215;37.23938147275882;-0.003742490900019657;-0.0012021538556646761;-0.013588390314230649
1.07494;1.0485015;0.02643850000000003;76380.22;0.6948788573794766;35.68440947994914;-0.004323076596460584;-0.0018263384038238579;-0.022390889004821227
1.07252;1.0483572333333333;0.024162766666666613;76270.83;0.6761693821870464;33.942108739768514;-0.004921734032743874;-0.002445417529607861;-0.031128657617314443
1.07251;1.0482435333333335;0.024266466666666542;76168.74666666667;0.6362845933659445;33.934735499390996;-0.005335477220341778;-0.0030234294677546447;-0.039392619170521
1.0709;1.0481302666666665;0.02276973333333343;76021.99666666667;0.300123661577033;32.70299926810405;-0.005727264877629867;-0.0035641965497296892;-0.047199076028285075
1.0734;1.0480508666666666;0.02534913333333333;76014.88;0.6677771509998216;36.55402265144795;-0.005769522844136121;-0.004005261808610976;-0.05382915827890376
1.06883;1.0479784;0.02085159999999986;76006.69333333333;0.7188182724959067;32.8530412684636;-0.006101439794029773;-0.004424497405694736;-0.06010216935426606
1.07624;1.0479337333333332;0.028306266666666913;75946.08333333333;0.6897261544098909;42.94078829068496;-0.0057008454978606515;-0.00467976702412792;-0.06442770337018269
1.07073;1.0478761333333333;0.022853866666666667;75878.30333333333;0.6181608963228947;38.32953043007197;-0.005761566827097386;-0.004896126984721813;-0.06812504957684026
1.07122;1.0478213666666667;0.023398633333333363;75826.39666666667;0.5653440211387382;38.957317219560494;-0.0057043933177860495;-0.005057780251334661;-0.0710250456299331
1.06924;1.0477576666666668;0.02148233333333316;75766.14;0.561002579780287;37.30477291527848;-0.005752540644476056;-0.00519673232996294;-0.07348518884925943
1.0699;1.0477153333333333;0.02218466666666674;75673.73;0.5816285255133345;38.245142603676555;-0.005672057317586576;-0.005291797327487668;-0.07528600977576022
1.07832;1.0476791666666665;0.03064083333333345;75615.63333333333;0.5953001782258526;48.796667111374894;-0.004872680838484245;-0.0052079740296869835;-0.07491063433010824
1.07491;1.0476524333333332;0.027257566666666788;75498.63666666667;0.5381819035936846;45.41253865225084;-0.0044628823908856585;-0.0050589557019267185;-0.07355780987954258
1.07578;1.0476353666666667;0.02814463333333328;75504.87333333334;0.5251316669978487;46.433246752176004;-0.004021554463099042;-0.0048514754541611835;-0.07130755604247198
1.0793;1.0476394;0.03166059999999993;75523.27;0.6619549180006822;50.46873578058103;-0.00334915731781793;-0.0045510118268925325;-0.06777889432068487
1.0831;1.0476534;0.035446599999999995;75480.85666666667;0.6700109436135612;54.457541928797845;-0.0024810494995168852;-0.004137019361417403;-0.06272612145718243
1.09456;1.0476838333333331;0.04687616666666683;75406.19;0.6905931727885084;63.899506402827456;-0.0008584459438734093;-0.0034813046779086044;-0.05467785864974643
1.09421;1.0477205000000003;0.04648949999999963;75318.3;0.6363260987036834;63.466733409816264;0.0003946872799938106;-0.0027061062863281216;-0.04491841483032285
1.09215;1.0477620333333333;0.04438796666666667;75186.77;0.4638582027129954;60.854342975689114;0.001207658469291717;-0.001923353335204154;-0.03471199826571959
1.0918;1.0478308;0.04396920000000004;75045.55333333333;0.6570942289007055;60.39944875308196;0.0018029189911712429;-0.0011780988699290748;-0.02463875034028232
1.09862;1.0479470999999998;0.05067290000000013;74967.40666666666;0.7038792236020565;65.76901551582009;0.0027927906935991675;-0.00038392095722342633;-0.013808220583336582
1.09559;1.0480795333333333;0.047510466666666806;74853.83;0.6835187992383712;61.762162199875476;0.0032947951249189256;0.0003518222592050441;-0.0034561153922029655
1.08954;1.0482119;0.04132809999999987;74709.67666666667;0.7250600245759251;54.60833467952743;0.0031679348346431713;0.0009150447742926695;0.0050432745792313785
1.09053;1.0483327666666669;0.04219723333333314;74581.0;0.5895335273058032;55.51632483012219;0.0031114154068245803;0.0013543189007990519;0.012103252476643832
1.09609;1.0484839333333333;0.04760606666666667;74514.37;0.6752791441435155;60.317310408589925;0.003475208841931865;0.0017784968890256145;0.018874136293971024
1.0913;1.0486151666666665;0.042684833333333394;74449.73333333334;0.6723731269240267;54.827313359571264;0.003338520406851453;0.0020905015925907823;0.02425702432754571
1.08642;1.0486967999999999;0.03772320000000007;74365.25333333333;0.7062841534952472;49.84927768148553;0.0028040947621945644;0.002233220226511539;0.027549564082828753
1.09098;1.0488203333333332;0.04215966666666682;74213.66333333333;0.6970145075261258;54.04780519141094;0.002717190399432745;0.0023300142610957805;0.030069081196931725
1.09139;1.0489434333333334;0.042446566666666685;73986.98666666666;0.5879952943075322;54.41731283951564;0.00265084435567986;0.0023941802800125965;0.031977106108441886
1.08793;1.0490504666666667;0.03887953333333338;73777.64;0.3850760203226364;50.71136423515231;0.0022926433885723796;0.002373872901724553;0.03270671092593178
1.0854;1.0491584999999999;0.03624150000000004;73609.45666666667;0.6126522602144898;48.13023704284201;0.0017840512532194541;0.0022559085720235336;0.03209599273991836
1.08922;1.0492846333333334;0.03993536666666664;73487.56;0.7925150869071184;52.09495998975936;0.0016699799078205846;0.002138722839182944;0.031240082273869207
1.09681;1.0494808333333332;0.047329166666666866;73326.50333333333;0.733868349829391;58.828698846610735;0.0021670467465217946;0.002144387620650714;0.03156278397577784
1.10011;1.0496787333333333;0.05043126666666664;73227.25;0.6533633312734463;61.371100958072745;0.002795038751241652;0.0022745178467689017;0.033192255771528956
1.10086;1.0498702;0.050989799999999974;73172.35333333333;0.642004771747493;61.94624832361516;0.003315032045523747;0.002482620686519871;0.03569524989160484
1.11315;1.0500638666666666;0.06308613333333346;73104.82;0.7965822226221476;69.86437304675135;0.004665054916593636;0.0029191075325346242;0.04081540491781558
1.12263;1.0503190333333334;0.07231096666666659;73056.90333333334;0.773889905270539;74.30561316807515;0.006425841440461877;0.003620454314120075;0.049088825519038995
1.12253;1.050533;0.07199700000000009;72918.05333333333;0.7723875971089046;74.18142062633021;0.007724168871521497;0.00444119722560036;0.05899632821542496
1.12381;1.0507583333333335;0.07305166666666651;72819.15666666666;0.6173238205128966;74.76286555573768;0.008755460518402813;0.00530404988416085;0.06967735620048075
1.12279;1.0509369333333334;0.07185306666666658;72780.22666666667;0.8218303616164214;73.34536318404929;0.009382307700222636;0.006119701447373208;0.08008686470019932
1.12026;1.0510925;0.06916750000000005;72725.97333333333;0.8107007345196787;69.80979473934113;0.009564683039822608;0.006808697765863089;0.08924568395583389
1.11296;1.0512428333333335;0.06171716666666649;72656.21;0.7648623565692781;60.71542426135909;0.009016234282644753;0.007250205069219422;0.095681157286621
1.11254;1.0513749;0.061165100000000194;72604.35;0.7046409753684587;60.229269003689915;0.00845028458078012;0.0074902209715315615;0.09975012102894527
1.10648;1.0514861;0.05499389999999993;72572.75333333333;0.7720666148993514;53.564828588011345;0.007427158351903218;0.0074776084476058935;0.10077803455706341
1.10555;1.0515780000000001;0.05397199999999991;72569.04333333333;0.6629135205630615;52.602860932406706;0.0064667357127328184;0.007275433900631279;0.09936440474283463
1.10858;1.0516958;0.05688419999999983;72485.70333333334;0.8254455326844693;55.41242516256455;0.00588228224087306;0.006996803568679636;0.09672641871966434
1.09768;1.0518038333333335;0.045876166666666496;72479.40666666666;0.9938823082711503;45.063789459915924;0.004487826874135514;0.006495008229770812;0.09125001512143463
1.10162;1.0518938333333332;0.04972616666666685;72513.51333333334;1.0288151348708114;48.78694381783322;0.003658463531259981;0.005927699290068646;0.08463903611709715
1.09969;1.0519865333333334;0.047703466666666694;72505.97333333333;0.7971481154287247;47.102928555152566;0.0028130254303599944;0.005304764518126916;0.07704704476071661
1.09841;1.0520826333333333;0.046327366666666814;72484.48666666666;0.7310115920895353;45.969613631554125;0.002016479619907141;0.0046471075384829615;0.06874974299300116
1.09384;1.0521604666666666;0.041679533333333296;72461.41666666667;0.9166119440574582;42.077023950518466;0.00100486703770164;0.0039186594383266975;0.059392986343995806
1.09492;1.0522381;0.04268189999999983;72445.43333333333;0.9011610117590709;43.29896704934465;0.00028699544722488035;0.0031923266401063344;0.049808267164377334
1.10099;1.0523687333333334;0.04862126666666655;72377.19333333333;0.8596492504681919;49.71921477552146;0.00020550636127047994;0.0025949625843391636;0.04146527617196889
1.10032;1.0525301333333335;0.047789866666666514;72236.34333333334;0.6421975124893538;49.05890239912463;8.587238952539877e-05;0.0020931445453764106;0.03411205529827805
1.09564;1.0527129333333334;0.04292706666666657;72064.99;0.7461459440984108;44.60291314618605;-0.00038216986628092364;0.001598081663044944;0.026840332578182868
1.09737;1.0528983333333333;0.04447166666666669;71878.28666666667;0.6778124835658746;46.53609159422827;-0.0006065087291917681;0.0011571635845976016;0.020190561189804255
1.09808;1.0530762;0.04500379999999993;71657.99666666667;0.8221134100919619;47.34816531291383;-0.0007187228385467925;0.0007819862999687229;0.014329434394207632
1.09466;1.0532082333333332;0.04145176666666672;71414.91333333333;0.7260528309818866;43.889948163853006;-0.0010712698149526467;0.000411335076984449;0.008613547135741917
1.09066;1.0533453333333334;0.03731466666666661;71233.38666666667;0.8048894301247872;40.192417358354035;-0.0016543619495730244;-1.804328327045671e-06;0.0025141728767723135
1.09049;1.0534766666666666;0.03701333333333334;71205.05;0.8834345316798621;40.038036618153896;-0.0021059086425143647;-0.0004226251911645095;-0.0036154897223217137
1.08794;1.0535915666666666;0.03434843333333326;71155.67;0.8602547063360011;37.69891001868432;-0.0026391043860720664;-0.000865921030146021;-0.0099480453720542
1.08727;1.0536928666666667;0.03357713333333323;71047.93;0.8555914296164779;37.08584235663964;-0.003080222368790464;-0.0013087812978749096;-0.016245104302600205
1.08688;1.0538087666666667;0.033071233333333394;70875.89;0.7752847971290695;36.71159618171049;-0.003421836487800034;-0.0017313923358599345;-0.022286921553738452
1.08955;1.0539221333333333;0.03562786666666673;70780.83;0.7230630101397902;41.09426016691919;-0.003437496136735829;-0.0020726130960351135;-0.027382782696740382
1.08459;1.0540101333333334;0.030579866666666566;70680.0;0.7139926428974656;36.09388326588606;-0.0038062608629763073;-0.0024193426494233524;-0.0324541670344052
1.08636;1.0541244333333333;0.032235566666666715;70578.38333333333;0.7817266051478773;38.948791245113604;-0.003910606322418575;-0.002717595384022397;-0.03691590468910126
1.08105;1.0542475;0.026802500000000062;70452.86333333333;0.7364924226641459;34.03633778274141;-0.004371382892381259;-0.0030483528856941697;-0.04165024322544058
1.07941;1.0543510333333332;0.025058966666666738;70337.08666666667;0.8074971923298111;32.66597940476399;-0.004813400058108375;-0.003401362320177011;-0.0465768570433575
1.08192;1.0544825666666666;0.027437433333333372;70178.25;0.638873155144131;36.85619745018251;-0.004904628321192428;-0.0037020155203800944;-0.050886954191787015
1.08791;1.0546347;0.0332752999999999;70162.92666666667;0.7631950738655862;45.56257391710732;-0.004442375498010964;-0.0038500875159062685;-0.05343669219652879
1.09232;1.0548544;0.03746559999999999;70046.65333333334;0.7906016542497499;50.92725058580856;-0.003677791371609729;-0.0038156282870469606;-0.05380859909119019
1.08438;1.0550752333333335;0.02930476666666637;69890.23;0.7481589343745545;42.757246160616894;-0.003670236385151515;-0.0037865499066678716;-0.054012302562632994
1.07735;1.0552792666666666;0.022070733333333425;69796.63666666667;0.7810404999934168;37.08460598671685;-0.004183288901343563;-0.00386589770560301;-0.05524236559796299
1.07965;1.0554829666666665;0.024167033333333476;69594.22666666667;0.4116289722882552;39.89423410195525;-0.004354104531962832;-0.003963539070874975;-0.056592682258984325
1.0722;1.0557100666666666;0.016489933333333484;69475.56666666667;0.7147836625536871;34.51722348599225;-0.005032617011428764;-0.004177354658985733;-0.059185722705021676
1.0726;1.0559400666666667;0.016659933333333266;69323.86666666667;0.7399616101428166;35.02360145207581;-0.005474954515153563;-0.004436874630219299;-0.06231764454377675
1.06958;1.0561528;0.013427199999999972;69126.43;0.6537152287481571;32.951753503176235;-0.006000034274309174;-0.0047495065590372745;-0.06609777216925547
1.07005;1.0563793666666665;0.013670633333333404;68923.07333333333;0.6678605258557341;33.60998017193144;-0.006305552213541565;-0.005060715689938133;-0.06994190180173039
1.07501;1.0566002333333333;0.018409766666666716;68808.68666666666;0.7370871681607347;40.273775010547574;-0.006077390459794385;-0.005264050643909383;-0.07264501467169973
1.07548;1.0568038666666668;0.018676133333333178;68702.41333333333;0.6381726328487096;40.879337514667434;-0.00579188036258782;-0.005369616587645071;-0.07424346678124655
1.07294;1.0569727;0.015967300000000018;68601.24666666667;0.7678431888554452;38.601520344694144;-0.0057048068634930615;-0.0054366546428146695;-0.07534416194027801
1.06443;1.0571268333333335;0.007303166666666527;68534.52666666667;0.8159099175217451;32.13991704610818;-0.006250435240401808;-0.005599410762332098;-0.07744388216231371
1.06611;1.0572712333333332;0.00883876666666672;68394.06666666667;0.7027363972117412;34.47191291487256;-0.006472674735240158;-0.00577406355691371;-0.07967606185295789
1.06923;1.0574305666666668;0.01179943333333311;68244.77;0.5650689422793036;38.68599572863469;-0.0063241424336435426;-0.005884079332259677;-0.08118998867188884
1.06793;1.0575842333333332;0.010345766666666867;68116.43666666666;0.5931020760480289;37.60095050138537;-0.006239404676738669;-0.005955144401155476;-0.0822348747015312
1.06605;1.0577651666666665;0.008284833333333408;68042.0;0.7280062314451768;36.02724211245752;-0.0062518818794286;-0.006014491896810101;-0.08310047841015775
1.06612;1.0579192666666668;0.008200733333333154;67963.34666666666;0.7996074746955566;36.13442295115944;-0.006184826902853269;-0.006048558898018735;-0.08363693852754883
1.06459;1.058069;0.006520999999999999;67813.09333333334;0.7155992687350178;34.76346781060846;-0.006183859876728981;-0.006075619093760785;-0.08404450033390304
1.05921;1.0581908666666668;0.0010191333333331443;67666.04;0.6553952322316106;30.39631326900691;-0.006541804686725827;-0.006168856212353794;-0.0851564841640636
1.05719;1.0582946666666666;-0.0011046666666665317;67550.46333333333;0.675702249069102;28.926941271754004;-0.006908834897558558;-0.006316851949394747;-0.08689599618181511
1.05031;1.0584070333333333;-0.008097033333333226;67408.22666666667;0.8284448762632491;24.57037449439673;-0.007666492927155932;-0.0065867801449469845;-0.0900593023589818
1.05661;1.0585395;-0.0019294999999999174;67308.16;0.830939369015461;34.32437689003224;-0.007670168102172248;-0.006803457736392038;-0.09273553311063645
1.05732;1.0586487666666666;-0.001328766666666592;67227.83333333333;0.8136510919335276;35.33918645857885;-0.007529000013057452;-0.006948566191725122;-0.09466553328733691
1.04775;1.0587485666666667;-0.010998566666666765;67146.25666666667;0.7583594756857245;28.864939328069752;-0.008096016467306066;-0.007178056246841311;-0.09756364774033834
1.04662;1.0588393999999999;-0.01221939999999977;67123.09333333334;0.8580206474392432;28.207806401149966;-0.008538140282260853;-0.00745007305392522;-0.10100890394615435
1.05039;1.0589362999999998;-0.008546299999999896;67132.15666666666;0.8440068487792993;33.63608545402441;-0.00848649209987773;-0.007657356863115722;-0.10380033708605343
1.05509;1.0590206666666666;-0.003930666666666527;67070.82333333333;0.8121862427312564;39.75209408470665;-0.00797438606410883;-0.007720762703314344;-0.10498294134166286
1.05845;1.0591089333333332;-0.0006589333333333336;67020.74666666667;0.9011388712270039;43.74357731653481;-0.007214253004015125;-0.007619460763454501;-0.10422229406991702
1.05665;1.0592114666666665;-0.0025614666666664565;66980.99666666667;0.779504674435155;42.133174769921204;-0.006680083193354669;-0.007431585249434535;-0.10231475302852086
1.0605;1.0593600666666667;0.0011399333333332873;66978.34;0.8902728852341085;46.65666084672084;-0.00587832527111809;-0.0071209332537712465;-0.09881921014947173
1.06191;1.0595096;0.0024003999999999692;66937.82;0.8355963788481854;48.25209698056725;-0.0050706992605780155;-0.006710886455132601;-0.09395679165253734
1.05282;1.0596265333333332;-0.006806533333333142;66846.55666666667;0.7897938597384563;39.95541686299815;-0.00510528629778384;-0.0063897664236628494;-0.08985937279472993
1.05089;1.0597672999999999;-0.008877299999999755;66783.34333333334;0.8342948588526539;38.44396461135435;-0.005228164616987385;-0.006157446062327757;-0.08662990164985276
1.05594;1.0599401;-0.00400009999999984;66715.15333333334;0.6999309402270679;44.37348257950001;-0.004862007577993044;-0.0058983583654608155;-0.0830311990542581
1.05762;1.0601514333333333;-0.0025314333333332772;66643.35;0.7516128766034793;46.22914212987042;-0.004385707817208484;-0.005595828255810349;-0.07886982107839965
1.05364;1.060341;-0.006701000000000068;66542.04666666666;0.8067680915934948;42.60322880578854;-0.004280051790186867;-0.0053326729626856535;-0.07508379240973129
1.05821;1.0605457333333335;-0.0023357333333333674;66511.55;0.9408441090305457;47.677864356754505;-0.0037839389281022484;-0.005022926155768973;-0.07072871786915567
1.05948;1.0607526;-0.0012726000000000681;66435.81333333334;0.7614417203892496;49.026619265102504;-0.0032508141623310838;-0.004668503757081395;-0.06580708868516649
1.06684;1.0609870666666665;0.0058529333333334765;66331.33333333333;0.7130265234126588;56.090801052775646;-0.002208954996415491;-0.004176594004948214;-0.05923661847334362
1.05909;1.0611848;-0.0020947999999998412;66228.20666666667;0.7669390816459624;48.47304134486517;-0.0019857439120496423;-0.0037384239863685;-0.053147008219033086
1.05661;1.0613684333333333;-0.004758433333333256;66088.58;0.7029807570384017;46.30580761276528;-0.0019860686304289388;-0.003387952915180588;-0.04799278395274068
1.05629;1.0615386;-0.005248600000000048;65984.60666666667;0.8057030675133009;46.019894494769964;-0.0019892168441970615;-0.003108205700983883;-0.04365238931435343
1.05659;1.0617455666666666;-0.005155566666666722;65855.81333333334;0.6994067443500762;46.354312302390774;-0.0019450826316882441;-0.0028755810871247556;-0.03990382865580411
1.06154;1.0619652333333334;-0.00042523333333344127;65724.13;0.6511915791048658;51.674209728868924;-0.001493466566256263;-0.0025991581829510574;-0.035724663439510335
1.05756;1.0621799666666667;-0.004619966666666642;65688.06;0.8147599426743894;47.587932434158944;-0.001440109631045905;-0.002367348472570027;-0.032098264442805585
1.057;1.0624011000000002;-0.00540110000000027;65565.72666666667;0.8491479135591803;47.024466703016245;-0.001426566623333514;-0.0021791921027227244;-0.02903857809416439
1.06224;1.0626064666666668;-0.00036646666666673156;65459.09;0.7937782208703492;52.67151170081389;-0.000981693137253048;-0.0019396923096287892;-0.025468726306852527
1.07266;1.0628492;0.009810799999999897;65325.363333333335;0.797530964108816;61.46765781210126;0.0002092669232061084;-0.0015099004630618096;-0.019740971279107716
1.07172;1.0630747333333332;0.008645266666666762;65187.43666666667;0.6248136463512896;60.37749907541795;0.0010649847264352363;-0.0009949234251624005;-0.012946530694086408
1.06996;1.0632673333333331;0.006692666666666902;65064.2;0.7037664337683852;58.29287361720014;0.0015828834642763745;-0.00047936204727464546;-0.006027907812743386
1.07088;1.0635145333333333;0.007365466666666709;64929.986666666664;0.6849685681950931;59.08804904327601;0.0020439963390603832;2.5309629992360252e-05;0.0008574682261960027
1.06683;1.0637441333333333;0.003085866666666659;64786.26666666667;0.788778280170367;54.18999396819945;0.002058896781252262;0.0004320270602443406;0.006675985288879832
1.06846;1.0639735333333333;0.004486466666666633;64683.92333333333;0.6725473310549027;55.77880325445654;0.0021771361957187985;0.0007810488873392322;0.01181607061308481
1.06988;1.0642017333333333;0.005678266666666598;64536.19666666666;0.5780012136857289;57.17234859332925;0.002358239597984868;0.0010964870294683593;0.016518353217815543
1.08787;1.0644863333333334;0.02338366666666647;64491.84;0.7599255967885612;70.04954953071652;0.003908354917732115;0.0016588606071211106;0.024005345450744554
1.0847;1.0647787666666666;0.0199212333333334;64400.693333333336;0.7796189357794523;66.26846071699632;0.004825415582289327;0.002292171602154754;0.0324016859710308
1.08529;1.0651174333333333;0.02017256666666678;64234.176666666666;0.7247387981879546;66.62949771400449;0.005535985441047275;0.0029409343699332586;0.041087229499130136
1.09136;1.0654772666666665;0.025882733333333574;64019.56;0.7484743725197818;70.16727024151896;0.006513828088894114;0.00365551311372543;0.05062462754261311
1.09405;1.0658946;0.02815539999999994;63832.02333333333;0.7283334848593924;71.60399217207558;0.007420299358986249;0.004408470362777594;0.06071105148535148
1.09109;1.0663287;0.024761299999999986;63515.41;0.7761895892664825;67.73820849591941;0.007809810475337908;0.005088738385289657;0.07006001867042598
1.08886;1.0667603;0.022099699999999833;63318.65;0.7852504751758312;64.8956228928594;0.007848090575324429;0.0056406088232966115;0.07795880080006161
1.09045;1.0671496333333335;0.02330036666666646;62971.79;0.4754509916264925;65.99145700746607;0.00791548278385723;0.006095583615408736;0.08467994620095014
1.09373;1.0675243;0.0262057;62687.77;0.5827133426503156;68.19698817104606;0.008139730436880432;0.006504412979703076;0.09075316924683301
1.09539;1.0679086;0.0274814000000001;62424.35;0.6928225924658098;69.28273035176923;0.008355084234127785;0.006874547230588017;0.09625088729995943
1.09949;1.0682986666666667;0.03119133333333335;62234.79;0.825149405983241;71.83986525549028;0.008755659611069166;0.007250769706684247;0.10168170491366335
1.09691;1.0686263;0.028283700000000023;62074.24;0.8893222051529123;68.00347592548243;0.008763909155840466;0.007553397596515491;0.10615465874379833
1.08887;1.0689606;0.019909399999999966;61982.85333333333;0.9449226173086345;57.668351118523105;0.0080291313444123;0.0076485443460948535;0.10811140204066474
1.0884;1.0693249;0.01907510000000001;61861.62;0.9707311253728934;57.12182218422076;0.007324457773129067;0.007583727031501696;0.10800184268940877
1.08362;1.0696900666666667;0.013929933333333366;61766.44666666666;0.963808074005936;51.750234500327046;0.006307582949210522;0.007328498215043462;0.10543186259847925
1.07977;1.0700549000000001;0.009715099999999754;61708.03333333333;0.958886498300174;47.84743040436093;0.005131882355551287;0.0068891750431450275;0.10042191857256554
1.07642;1.0704080333333332;0.0060119666666667015;61563.49;0.8111463466413599;44.68925460134452;0.0038850299547579237;0.0062883460254676065;0.09319391218512771
1.07932;1.0707716333333333;0.008548366666666807;61460.36666666667;0.9661185446879914;47.895458481617396;0.0030952164788682346;0.0056497201161477325;0.08514285235009764
1.07617;1.0710997666666666;0.0050702333333334515;61344.39666666667;1.0178598762536772;44.85401213524649;0.0021898615734974314;0.004957748407617672;0.07615208218707757
1.07646;1.0714466;0.005013399999999946;61159.59;0.7241709762932153;45.1990336432131;0.0014787161453750919;0.0042619419551691564;0.06682630182483781
1.07945;1.0717634333333332;0.007686566666666783;61048.65666666667;0.7979209152130187;48.758707412756564;0.0011432179763861683;0.003638197159412559;0.05809110185681912
1.08753;1.0721018333333334;0.015428166666666687;60944.4;0.9053990194339586;56.9052164095454;0.001511893565054212;0.00321293644054089;0.05147800490870485
1.09919;1.0725084333333332;0.026681566666666656;60922.68;1.2289347743728234;65.44322430413769;0.002713654854579861;0.003113080123348684;0.04857939231075508
1.08939;1.0728771666666668;0.01651283333333331;60826.51;1.036817663876978;55.49204043963873;0.0028425144990278373;0.003058966998484515;0.04641982183671168
1.09241;1.0732315;0.01917850000000021;60610.136666666665;0.7653175285694899;57.630162110362996;0.003151991263207421;0.003077571851429096;0.04530278945489702
1.09808;1.0736007333333333;0.024479266666666666;60413.19666666666;0.8842107841888932;61.381222465085905;0.003810846377442889;0.0032242267566318546;0.045867315157267566
1.0943;1.0739258;0.02037420000000001;60297.066666666666;0.8292609037917551;57.71293124216101;0.003982076493981301;0.0033757967041017443;0.04675810425198938
1.10109;1.074235;0.02685499999999985;60176.98333333333;0.9303224737917355;62.09507456539859;0.004612503776237897;0.003623138118528975;0.048962959692218345
1.10137;1.0745846000000001;0.026785399999999848;60031.403333333335;0.8835542242028408;62.26871606184617;0.005076200321866509;0.003913750559196482;0.051904692370688246
1.10423;1.0749434333333332;0.029286566666666847;59831.013333333336;0.4573213535187007;64.07881063514287;0.0056097950476794445;0.004252959456893075;0.05562497048659224
1.1106;1.0753512666666665;0.03524873333333356;59721.486666666664;0.6445586362383515;67.78567580798044;0.0064720724533997576;0.004696782056194412;0.060743038478334434
1.10624;1.0757474333333332;0.030492566666666665;59603.77333333333;0.7817458089341132;62.99400429225246;0.006726083840179031;0.0051026424129913366;0.0656662405893922
1.10372;1.0761550333333334;0.027564966666666635;59464.09333333333;0.7811941189381995;60.33911287482368;0.006647419441328628;0.005411597818658795;0.06966041958905822
1.09414;1.0765522;0.01758779999999982;59332.15;0.8626857445750975;51.46004525702574;0.005745817197883918;0.00547844169450382;0.07099671942671566
1.0922;1.0768735;0.01532650000000002;59188.16;0.99835845547471;49.85996660811186;0.004819196440793316;0.00534659264376172;0.07000929570347648
1.09459;1.0771818;0.017408199999999985;59056.306666666664;0.8982105890805965;51.84642975859235;0.004228947170243247;0.005123063549058025;0.0678034858387964
1.09415;1.0774713666666667;0.016678633333333304;58999.16333333333;1.0845577527679489;51.442360102122414;0.0036832083153077733;0.004835092502307976;0.06466635715137059
1.09504;1.0777842333333334;0.017255766666666617;58835.85333333333;0.8584391512747344;52.25295872480975;0.003284658405426244;0.00452500568293163;0.061075172822141414
1.09312;1.0780253000000002;0.015094699999999905;58652.74;0.9146375770337559;50.30208057149863;0.0027818098047449613;0.004176366507294296;0.05687124158291932
1.09728;1.0782319666666667;0.01904803333333338;58427.246666666666;0.7803551014496809;54.28460560956686;0.0026879904189720527;0.0038786912896298475;0.05307385180347188
1.09735;1.0784479333333332;0.018902066666666828;58295.65;1.0739394791890864;54.35089468627867;0.0025894368783352384;0.003620840407370926;0.04962057076573994
1.09504;1.0786491666666669;0.016390833333333132;58082.503333333334;0.9382515709978976;51.68733599175185;0.002298439809422348;0.0033563602877812104;0.04603521031030232
1.08752;1.0790047;0.008515300000000003;57750.13;1.111235593755181;44.10900783701293;0.0014443715667196155;0.0029739625435688914;0.04107943539770289
1.0882;1.0791912000000001;0.009008799999999928;57679.44;0.9937509795516403;44.89578158499783;0.0008130147205367422;0.0025417729789624617;0.035462377057633235
1.08757;1.0794029;0.008167099999999872;57597.746666666666;0.9705414401626528;44.27395020594803;0.0002588403855441346;0.0020851864602787966;0.029463087262050502
1.0897;1.0796010999999999;0.010098900000000022;57521.693333333336;0.8330248506822759;46.94930809623669;-8.377003815285278e-06;0.0016664737674599802;0.02378990433116583
1.08826;1.0797638;0.008496199999999954;57432.683333333334;0.9011071222220621;45.36368654031753;-0.00033251168774284245;0.0012666766764194157;0.01827507674713051
1.08537;1.0799112333333334;0.005458766666666559;57413.82;0.9590373885588942;42.277648980248905;-0.0008132153667432807;0.0008506982677868765;0.012550968662573863
1.08846;1.0800749333333333;0.008385066666666718;57404.20333333333;1.143034763830394;46.47069645550629;-0.0009340719201853531;0.0004937442301924306;0.00746063427173622
1.08459;1.0802435666666665;0.004346433333333399;57327.46333333333;1.1168817923740129;42.32393567141853;-0.0013268333575524593;0.00012962871264345267;0.0023068261336807766
1.08549;1.0804188666666668;0.005071133333333311;57236.63;1.0099301793272928;43.58472560904766;-0.0015476369525544431;-0.0002058244203961265;-0.0025120132529381257
1.08334;1.0805605333333332;0.00277946666666673;57097.98333333333;0.910557553258435;41.26412505638302;-0.0018745043053045585;-0.0005395603973778129;-0.007279372361001314
1.08456;1.0806671333333333;0.003892866666666661;56957.18;1.0433451937049827;43.114970346330544;-0.002011913150846256;-0.0008340309480715015;-0.011575777382287695
1.08177;1.0807595333333333;0.0010104666666665985;56940.12;1.516856655728594;40.00995471140617;-0.002319205971132776;-0.0011310659526837564;-0.015849038646398406
1.08722;1.0808858666666668;0.006334133333333325;56923.40666666667;1.4562902126609447;47.90269700799685;-0.002098774921828639;-0.001324607746512733;-0.01891859901024239
1.07877;1.0809926333333335;-0.0022226333333335013;56860.78;1.1913132391076606;39.27475678438938;-0.002576228943919956;-0.0015749319859941777;-0.02252465270481198
1.07425;1.0810714666666668;-0.006821466666666831;56779.723333333335;1.1301921924356335;35.58282247494853;-0.0032815136741175532;-0.001916248323618853;-0.027101209215964633
1.07542;1.0811378666666667;-0.005717866666666627;56726.263333333336;1.1009009994721843;37.227726005599074;-0.003703357680123087;-0.0022736701949197;-0.03187126457366167
1.0773;1.0812172333333334;-0.003917233333333492;56659.27333333333;1.0574791463966786;39.884073904603824;-0.00384168722693512;-0.0025872736013227843;-0.0361694521139031
1.0778;1.0812971333333332;-0.0034971333333331245;56610.65;0.9853799594244219;40.60397250599227;-0.0038663991256975283;-0.002843098706197733;-0.039808460985118026
1.07854;1.0813481333333335;-0.002808133333333407;56511.39666666667;1.0042929983619815;41.71640714242657;-0.003782667432412179;-0.0030310124514406223;-0.042640692924413345
1.07716;1.0813781333333334;-0.00421813333333354;56352.62333333334;0.7722976753461808;40.20416881563566;-0.0037840438273319954;-0.0031816187266188968;-0.044975872409853984
1.07091;1.0814057333333333;-0.010495733333333312;56260.81333333333;1.0588009036957178;34.163780242550274;-0.004240574691416699;-0.0033934099195784577;-0.04791178587957284
1.07276;1.0814530666666666;-0.008693066666666693;56188.55333333334;1.0024283712351016;37.17275272268796;-0.004402351582748487;-0.0035951982522124636;-0.050701559470443566
1.07722;1.0815080333333333;-0.004288033333333274;56148.52333333333;0.9743444128567512;43.83700463602339;-0.004123147134843519;-0.0037007880287386746;-0.052376272486180556
1.07763;1.0815590666666666;-0.003929066666666481;56013.28;0.9904794005991097;44.42065196571171;-0.0038247032268283743;-0.0037255710683566146;-0.05305652794716254
1.07775;1.0816169666666666;-0.003866966666666638;55892.21333333333;0.6164364934792438;44.60210972310228;-0.0035377206410409645;-0.003688000982893485;-0.05291624154010266
1.08078;1.0816868;-0.0009067999999998744;55853.06333333333;1.072617980547458;49.11923169468898;-0.0030308514283465815;-0.0035565710719841046;-0.05158416578118205
1.08196;1.0817546666666666;0.00020533333333339066;55828.223333333335;1.0752805017914042;50.80168448718039;-0.002505061003262865;-0.0033462690582398568;-0.049196775581202945
1.08229;1.0818159666666667;0.00047403333333329023;55846.37666666666;1.1254445454024158;51.286808117830795;-0.0020382444479607464;-0.0030846641361840345;-0.04604812900991525
1.08209;1.0818854333333334;0.00020456666666657242;55849.2;1.0933191522884673;50.95884687188804;-0.0016652315405536466;-0.002800777617057957;-0.04246963565091603
1.08513;1.0819485000000002;0.003181499999999726;55821.41;0.8789459098218982;55.60582973719044;-0.0011115008405557791;-0.0024629222617575217;-0.0381255883463728
1.0845;1.0819965999999999;0.0025034000000001555;55771.05;0.947534608008824;54.45425048499478;-0.0007152559805512215;-0.0021133890055162617;-0.03349298799229992
1.08385;1.0820561;0.001793900000000015;55903.793333333335;1.0193047126555719;53.22940140874135;-0.00044850851495725763;-0.001780412907404461;-0.02891706331966814
1.08049;1.0821414666666664;-0.0016514666666664901;55869.95333333333;1.380616868243662;47.305921676940315;-0.0005024413152476814;-0.0015248185889731051;-0.02512462642652458
1.08401;1.0822201333333334;0.001789866666666473;55801.206666666665;1.1733617230019566;53.18366727488055;-0.00025817281045781293;-0.0012714894332700468;-0.021336504232228583
1.08556;1.0823314333333334;0.00322856666666671;55715.54666666667;0.9769445559897028;55.53565262690621;5.979451164761507e-05;-0.0010052326442865145;-0.01739253974758393
1.08565;1.0824023666666667;0.003247633333333333;55650.54;1.0520293244232577;55.67489853913852;0.0003154122766972911;-0.0007411036600897535;-0.013463143066770319
1.08988;1.0824577666666666;0.007422233333333361;55617.91333333333;1.1777860058753533;61.739517461946214;0.0008495240609760479;-0.0004229781158765933;-0.008922747122296248
1.09481;1.0825290333333333;0.012280966666666782;55583.863333333335;1.1397012766113104;67.34700189584441;0.0016515828770238272;-8.065917296509175e-06;-0.0032609263124438155
1.09377;1.0825894333333335;0.011180566666666447;55615.42333333333;1.304494250905105;65.17688882425634;0.0021781921160692885;0.0004291856893766504;0.0027274890448639897
1.09252;1.0826141333333332;0.009905866666666707;55554.23;1.2350634686141388;62.56729548146077;0.0024662399003239077;0.0008365965315661019;0.008445782456762377
1.09261;1.0826451666666665;0.009964833333333534;55544.28666666667;1.2999716862566064;62.68314691244099;0.0026709925529413425;0.00120347573584115;0.0137361505297335
1.09479;1.0826870333333334;0.012102966666666548;55577.07666666667;1.120246039089176;65.47078012584322;0.0029748757702006134;0.0015577557427130428;0.01887786416603259
1.08836;1.0827188;0.005641199999999902;55543.77333333333;1.1980820892492725;52.91488599843726;0.0026661247208144;0.0017794295383333145;0.022501033968491506
1.08866;1.0827495333333332;0.005910466666666725;55443.793333333335;1.1367007235794346;53.364266173659274;0.002417774186727728;0.0019070984680121974;0.024960944957639605
1.08721;1.0827632333333332;0.004446766666666768;55362.43;0.8906039709599289;50.83871441339622;0.002079975059603001;0.0019416737863303581;0.02622548664573652
1.08656;1.0827663666666667;0.0037936333333332684;55389.12;1.2283820360386248;49.70312978116764;0.0017397623524870731;0.001901291499561701;0.026466697648057088
1.0922;1.0827832333333334;0.009416766666666687;55382.95;1.1762825923860727;58.38850684541222;0.001903302113550387;0.0019016936223594384;0.026976922050369716
1.08597;1.0827737333333332;0.003196266666666947;55447.473333333335;1.4153575498057414;48.43833562203389;0.0015127614464223171;0.001823907187172014;0.02646987527990523
1.08081;1.0827380333333334;-0.0019280333333333566;55449.45333333333;1.112003749240249;42.047090517885884;0.0007779189129584196;0.0016147095323292952;0.0243227098625934
1.08373;1.0827200666666668;0.0010099333333333238;55406.55333333334;0.8648796417943223;46.360298925902995;0.0004262568834585423;0.0013770190025551446;0.021648582584586882
1.08312;1.0827075333333334;0.00041246666666672205;55406.12;0.996081299321989;45.59682973913204;9.721960241493299e-05;0.0011210591225271024;0.018584782805448084
1.08278;1.0826995;8.05000000001499e-05;55405.97666666667;1.0889799915085414;45.15051445986945;-0.00018880356196282477;0.000859086585629117;0.015294510997632208
1.07874;1.0826745999999998;-0.003934599999999788;55401.746666666666;1.1040085138107973;40.12470426742571;-0.0007330233795013186;0.00054066459260303;0.011237309197475833
1.07914;1.0826083666666666;-0.0034683666666666113;55308.13;0.7107092573911448;40.827016377388816;-0.001119144052735388;0.00020870286353534637;0.00689106882810128
1.0743;1.0825524333333334;-0.008252433333333364;55222.63333333333;1.004823505337907;35.41412777757823;-0.0017950033374316554;-0.000192038376658054;0.0016537099650237167
1.07692;1.0825441666666666;-0.005624166666666541;55174.30333333334;1.0879521149064342;40.04781856423138;-0.002095063992536339;-0.0005726434998337111;-0.0034876556910155183
1.08359;1.0825809;0.001009100000000096;55157.35666666667;1.0889390578117948;49.90197308284572;-0.0017741991041706484;-0.0008129546207010985;-0.007137553310820129
1.08372;1.0826173666666665;0.0011026333333334914;55089.54666666667;1.0519418566036995;50.07421603988108;-0.0014922200707883082;-0.0009488077107185405;-0.009594507562641205
1.08367;1.0826582333333334;0.0010117666666664693;55130.043333333335;1.2926889893608597;50.003008116926374;-0.0012582795737419161;-0.0010107020833232158;-0.011137114576265246
1.08593;1.0826984666666666;0.0032315333333334806;55110.926666666666;1.0416083247373495;53.2397920625946;-0.0008803685908851389;-0.0009846353848356004;-0.011572436143964632
1.08568;1.0827583333333333;0.0029216666666667113;55078.4;1.033181791772994;52.832331234683686;-0.0005941948169558842;-0.0009065472712596573;-0.011269434994583837
1.07424;1.0827640666666665;-0.008524066666666386;55135.323333333334;1.3414086565313197;38.363379454176034;-0.0012758057369033349;-0.0009803989643883929;-0.012521926882835132
1.0726;1.0827607666666668;-0.010160766666666765;55125.64;1.4363007848976563;36.80715563099263;-0.0019261185005443604;-0.0011695428716195864;-0.015034154122533096
1.06401;1.0827451666666668;-0.018735166666666858;55127.863333333335;1.2537398662101988;29.95331380564376;-0.003098914899402283;-0.0015554172771761257;-0.019800638880660634
1.06242;1.0827289666666664;-0.020308966666666484;55149.97666666667;1.441813846642043;28.881283760261994;-0.0041092948141838725;-0.002066192784577675;-0.026122402732814572
1.06189;1.082704033333333;-0.020814033333333093;55219.23;1.5717712833008406;28.514932360426783;-0.004896352641272639;-0.0026322247559166677;-0.03326206473297446
1.06728;1.0827000333333334;-0.015420033333333416;55349.73;1.465391068754723;37.234587837235736;-0.005027222988521318;-0.003111224402437598;-0.039610535943469825
1.06437;1.0826992333333334;-0.01832923333333336;55349.65;1.214659893964783;34.76876343752812;-0.005304603198035052;-0.003549900161557089;-0.045606248732820494
1.06561;1.0827163;-0.01710630000000002;55426.013333333336;1.7188138614091701;36.692665682642414;-0.0053625551775908775;-0.003912431164763847;-0.05079876196164381
1.0654;1.0827362;-0.017336200000000135;55407.09;1.076811649916811;36.49634814696924;-0.005363599547014042;-0.004202664841213886;-0.055171595557312866
1.07023;1.0827883666666667;-0.012558366666666654;55383.47666666667;1.1861479985334038;43.927290489717514;-0.004917994998305808;-0.004345730872632271;-0.057830177715406945
1.06991;1.0828184666666665;-0.012908466666666563;55378.02333333333;1.0944594326736665;43.56357961996857;-0.004538356163866997;-0.004384255930879217;-0.059171291929656054
1.07298;1.0828699;-0.009889899999999896;55395.23;1.2193107601500672;48.01098327397102;-0.003944298887154085;-0.004296264522134191;-0.05890180750576017
1.06925;1.0828777333333333;-0.013627733333333225;55360.73;1.2100996500585866;43.52328269801677;-0.0037314699793347117;-0.0041833056135742955;-0.05812324840453214
1.07199;1.0829186666666668;-0.010928666666666809;55373.52;1.3587180298450672;47.41191636163131;-0.00330362431105069;-0.004007369353069575;-0.05642792071634221
1.06656;1.0829291666666665;-0.016369166666666546;55395.45333333333;1.2320144685758991;41.337485519607235;-0.0033639318437506116;-0.0038786818512057822;-0.05506337826287814
1.07138;1.0829395000000002;-0.011559500000000167;55418.37666666666;1.179590668871178;47.73827724632821;-0.0029883445050540303;-0.003700614381975432;-0.05299940665006792
1.07247;1.0829979666666667;-0.010527966666666666;55416.52333333333;1.3095372216599461;49.091069592212186;-0.0025730741456186923;-0.0034751063347040843;-0.05025370369043336
1.07638;1.0830712999999998;-0.006691299999999956;55458.62;1.318009716072755;53.7189832704402;-0.0019064882612109812;-0.003161382720005464;-0.0463610063538232
1.07701;1.0831339;-0.00612389999999996;55415.78666666667;0.8339681303809876;54.437679859613354;-0.0013122515909629318;-0.002791556494196958;-0.041660339732915774
1.07549;1.0831723666666666;-0.007682366666666551;55268.33666666667;0.9147552296518214;52.3263744562853;-0.0009529806773391769;-0.0024238413308254017;-0.0368132996942825
1.07482;1.0831779;-0.008357899999999807;55005.39;0.808320784562966;51.38043118011528;-0.0007140877315956473;-0.002081890610979451;-0.032125490140415755
1.07816;1.0831940333333334;-0.00503403333333341;54848.81333333333;0.8946592828138559;55.68158538749133;-0.0002523443953967863;-0.001715981367862918;-0.02707601535816284
1.07692;1.0832585000000001;-0.006338500000000025;54663.32666666667;0.8669615058186726;53.7794130140045;1.3378667384600362e-05;-0.0013701093608134145;-0.02217287961215722
1.07898;1.0833171666666668;-0.004337166666666725;54496.5;0.9055810923635637;56.441610738646844;0.0003857442730694771;-0.001018938634036836;-0.01716057612959359
1.08197;1.0833688333333333;-0.0013988333333332381;54393.996666666666;0.8462882454122211;60.03932234378696;0.0009116062801095559;-0.0006328296512075577;-0.011713264168347644
1.08838;1.0834222;0.004957799999999901;54305.15666666667;1.0328300928080618;66.43903530980563;0.0018245567838575116;-0.0001413523641945438;-0.005020275228201558
1.0867;1.0834546;0.003245399999999954;54282.25666666667;0.9584531520027769;63.565699296917806;0.0023850216311376293;0.00036392243487189086;0.0019239641468194043
1.0869;1.0834592333333335;0.003440766666666484;54201.2;0.7989675505337892;63.76659821842236;0.0028129069487370373;0.0008537193376449202;0.008769834539696465
1.08568;1.0834672666666667;0.002212733333333272;54095.49;0.7914153287084023;61.537537994488886;0.003018766876215384;0.0012867288453590133;0.015015397063598014
1.08538;1.0834989666666666;0.0018810333333334484;53992.86;0.8707262404694119;60.97310425409794;0.0031217196185280294;0.0016537269999928167;0.020505126287669137
1.08218;1.0835066666666666;-0.0013266666666666982;53969.74;0.9432693209192887;55.16118170335027;0.0029115347913539757;0.0019052885582650485;0.024629707047071053
1.08156;1.0834965333333335;-0.0019365333333334345;54005.87666666666;1.1805567085505733;54.08548792071226;0.002664221496088137;0.0020570751458296663;0.027501061280768173
1.08461;1.0834970666666668;0.001112933333333288;53995.32;0.9403037152106998;58.38480848414948;0.0026834008630896022;0.002182340289281654;0.029909348000904282
1.08566;1.0834807333333334;0.0021792666666666793;53920.596666666665;0.5843407148250677;59.7810319122762;0.0027516080496223783;0.002296193841349799;0.032035401661418134
1.08564;1.0834857000000002;0.0021542999999997203;53904.066666666666;0.9888864291004039;59.73991760071351;0.002772093930243802;0.0023913738591286;0.0338139630381871
1.08006;1.0834516666666665;-0.0033916666666664597;53893.93666666667;1.0694895115286496;49.509232920635256;0.002311425102465625;0.002375384107796005;0.034204068849585434
1.08321;1.0834104;-0.00020039999999998948;53894.81;1.0778774431153804;54.270252046997136;0.0021754432561724713;0.0023353959374712986;0.034152440436882286
1.08485;1.0833908;0.0014591999999999938;53934.60333333333;1.2279686121109459;56.56656016400426;0.0021749396072969773;0.002303304671436434;0.0340377001782388
1.09041;1.0833853333333334;0.007024666666666679;53995.46666666667;1.1975820192310223;63.29575725646439;0.0025932921375819706;0.0023613021646655416;0.03482653196427205
1.0879;1.0833788;0.004521200000000114;54161.27;1.253460267825837;58.8621354005299;0.002691280107035343;0.0024272977531395023;0.035662404876941035
1.08691;1.0833816666666667;0.0035283333333333555;54214.46666666667;1.0427290624763668;57.161414028115374;0.0026584070904298596;0.0024735196205975737;0.036244069134202334
1.08893;1.0833737333333333;0.005556266666666643;54246.35;1.0665971074549594;59.71882289903582;0.0027634962416316355;0.002531514944804386;0.03692491243615679
1.08019;1.0833105333333335;-0.0031205333333335084;54305.08666666667;1.267026796630113;46.72214022719304;0.0021171302348337306;0.002448638002810255;0.03598803406542406
1.07656;1.0832167333333333;-0.006656733333333387;54341.753333333334;1.128082850473394;42.57754807629942;0.001297018631389868;0.002218314128526178;0.03328193030054495
1.07404;1.0831321333333332;-0.009092133333333141;54371.54;1.1303339945859303;39.9294675372583;0.00043867457021429246;0.0018623862168638007;0.02898797370372903
1.08091;1.0830926666666667;-0.002182666666666666;54462.62333333334;1.4195423442386355;49.20452207881187;0.0003092178320258654;0.0015517525398962137;0.02500224756943622
1.07382;1.0830141999999998;-0.00919419999999982;54538.42333333333;1.2595340276000047;41.99754591511939;-0.0003613162828739469;0.0011691387753421816;0.02006383754488559
1.07058;1.0829308;-0.012350799999999884;54644.346666666665;1.4926338217113233;39.173790222117034;-0.0011410074978768225;0.0007071095206983808;0.014075557560130098
1.07338;1.0828518666666667;-0.009471866666666662;54717.32;1.3116870489999672;42.75584373094144;-0.001515511925609836;0.0002625852314367374;0.008120384209527114
1.07397;1.0827686333333335;-0.008798633333333417;54772.54;1.1974430983114537;43.51073757108591;-0.0017445907573023778;-0.00013884996631108564;0.0025337925653204575
1.07436;1.0826677333333334;-0.008307733333333456;54747.51666666667;0.847253041309786;44.036101153449835;-0.0018730759871776748;-0.00048569517048440347;-0.002500820996838303
1.07026;1.0825773;-0.012317300000000087;54788.94666666666;1.1371819279361086;39.8411242114284;-0.0022794609850895764;-0.000844448333405438;-0.007685900712085687
1.0692;1.0824616333333335;-0.013261633333333522;54807.14;1.1877102143988563;38.81170993662435;-0.0026564354309168703;-0.0012068457529077247;-0.01292636239923916
1.07343;1.0823634333333332;-0.008933433333333074;54839.79;1.1378052322955399;44.926993158554744;-0.002584077114332395;-0.0014822920251926588;-0.017190131168170843
1.07141;1.0822626333333334;-0.010852633333333417;54817.183333333334;1.0663262219174463;42.730730576990844;-0.0026590775544517165;-0.0017176491310444703;-0.020948716287741982
1.068;1.0821638333333332;-0.014163833333333153;54879.64;1.1931382931810062;39.243118936344814;-0.0029595584969446254;-0.0019660310042245014;-0.024783872746774262
1.07037;1.0820653333333332;-0.011695333333333169;54913.98;1.1889504275593958;42.741039254322025;-0.002972191047365902;-0.0021672630128527813;-0.028029882671451935
1.07139;1.0819492000000002;-0.010559200000000102;54965.97666666667;1.334771152069404;44.22922663206906;-0.002866849700289942;-0.0023071803503402137;-0.03050338107377666
1.074;1.0818584666666666;-0.007858466666666564;54964.57;1.2471488451558437;47.95661551999766;-0.0025434415257969967;-0.0023544325854315705;-0.03182177914052791
1.07453;1.0817674;-0.007237399999999949;55003.03666666667;1.1363372604092339;48.706306111619796;-0.002218794762011367;-0.0023273050207475296;-0.03215149211614259
1.07868;1.0816949999999999;-0.003014999999999768;55062.63;1.0703084832669507;54.26214031544113;-0.0016081023429539432;-0.0021834644851888123;-0.030990141571003448
1.08113;1.0816449333333333;-0.0005149333333334116;55049.736666666664;0.7360979807289295;57.2088790749123;-0.0009158720734026016;-0.0019299460028315701;-0.028374334864330896
1.08389;1.0815971;0.002292900000000042;55073.82;1.0238258395729543;60.31103254383107;-0.00014291819186351695;-0.0015725404406379596;-0.02433967479628683
1.08245;1.0815667;0.0008832999999999203;55082.88333333333;1.0136179629907391;57.950526610136194;0.0003494293585375452;-0.0011881464808028586;-0.01973985240223337
1.08137;1.0815547333333333;-0.0001847333333333534;55105.28;0.9498908271583142;56.17472187251385;0.00064503579422448;-0.0008215100257973909;-0.015115626323633868
1.08301;1.0815399333333333;0.001470066666666714;55138.14333333333;0.9010640728258893;58.26609545452814;0.001000111653588931;-0.0004571856899201266;-0.010346766310120891
1.08678;1.0815416333333334;0.005238366666666661;55209.566666666666;1.1991400041174267;62.675528834757635;0.0015676484476372377;-5.221886240865375e-05;-0.0049821504292388115
1.09061;1.0815641;0.009045900000000051;55275.94;1.2041948088080991;66.54296636328588;0.0022999619079584477;0.0004182172916647666;0.0012551301767925894
1.08944;1.0816055666666666;0.007834433333333335;55340.386666666665;1.14280011053992;64.34942374197072;0.0027541680445866135;0.000885407442249136;0.007593845014805062
1.08986;1.0816364666666667;0.008223533333333366;55364.543333333335;1.05780697309083;64.79802354692818;0.0031121452964224527;0.0013307550130837995;0.013788329472658237
1.09396;1.0816789333333332;0.01228106666666684;55437.04666666667;1.2422920076187485;68.9106847364313;0.003684211288072614;0.0018014462680815625;0.0203348527189352
1.08959;1.0817207;0.007869300000000079;55493.57666666667;1.185524594948403;60.76228632912408;0.0037418218366522815;0.0021895213817957064;0.02600203704861353
1.08824;1.0817650333333333;0.006474966666666804;55521.18;1.1050917865936738;58.46243580348396;0.003636624154352619;0.0024789419363070893;0.03053957299427136
1.08905;1.0818201333333333;0.0072298666666668066;55553.73;1.1041022808007483;59.45406377923738;0.003577376692102341;0.0026986288874661394;0.03421124190064107
1.0853;1.0818627666666667;0.003437233333333234;55578.77333333333;1.007183078047841;53.1302309473656;0.003191044615500571;0.002797112033073026;0.036398134573996516
1.08392;1.0819061666666665;0.0020138333333334923;55713.87666666666;1.1370057836576435;50.98120606609541;0.0027419121382143974;0.0027860720541013004;0.03717550959793894
1.08449;1.0819431333333334;0.0025468666666665918;55808.236666666664;1.4167980341728381;51.847566152540345;0.002404250942184216;0.0027097078317178834;0.03700626603797984
1.08554;1.0819988333333332;0.0035411666666667063;55828.08666666667;1.085296015279092;53.47868978028431;0.002196063384699798;0.002606978942314267;0.03632819768930316
1.08212;1.0820184333333336;0.00010156666666638614;55848.38333333333;1.0469595807456593;47.79918326804171;0.0017351065988109315;0.0024326044736136;0.034649254286410844
1.08143;1.0820541;-0.0006241000000000163;55892.93666666667;1.0783294561785575;46.72110421033027;0.001299142090221972;0.0022059119969352744;0.032180496358462485
1.08259;1.082092;0.0004979999999998874;56022.35666666667;1.4582392612660902;48.81135015856048;0.0010353050297580157;0.0019717906034998228;0.029436340466384547
1.07913;1.0821249666666666;-0.002994966666666654;56152.28333333333;1.4511075091333863;43.348502754081146;0.000540785338172034;0.0016855895504342651;0.02594358076297394
1.09105;1.0821954666666667;0.008854533333333414;56328.64666666667;1.7206697787990433;59.9699604295533;0.0010980615303692876;0.0015680839464212698;0.02420217890011309
1.09512;1.0822514666666665;0.012868533333333598;56673.17;2.6180113094074997;63.868051128938276;0.0018468327746221647;0.0016238337120614487;0.024395216289424194
1.09313;1.0823122;0.010817799999999878;56905.333333333336;1.9379730078020916;60.75291935254257;0.0022536839457647506;0.0017498037588021093;0.025467486493380913
1.09235;1.0823674333333335;0.009982566666666415;57061.39666666667;1.5153677451168508;59.52735656565404;0.002484536755682498;0.0018967503581781872;0.026891112882267344
1.09188;1.0824093666666665;0.009470633333333422;57166.44;1.425766586129655;58.75818237165642;0.0025995976551258515;0.0020373198175677202;0.028350739625113835
1.09156;1.0824375666666666;0.009122433333333513;57212.426666666666;1.1250877431754118;58.206717289939284;0.002634592973435046;0.0021567744487411855;0.029657931675870802
1.09321;1.0824330666666666;0.010776933333333405;57224.5;0.9733068877839085;60.27691255644016;0.0027636110379398726;0.002278141766580923;0.031045789363077905
1.09928;1.0824499666666667;0.016830033333333327;57267.676666666666;1.0630778747031884;66.79346403044023;0.003317415948444369;0.0024859966029536123;0.03346061405434834
1.10123;1.0824802333333334;0.0187497666666665;57356.86;1.0745183749596694;68.57688812218666;0.0038690589301964007;0.0027626090684021703;0.036743562654891676
1.09712;1.0824979666666668;0.01462203333333334;57368.65666666667;0.9212521796888996;61.12537476204304;0.003929302760000031;0.0029959478067217425;0.039652443348515067
1.10286;1.0825121;0.020347899999999974;57360.69666666666;0.8783017454051939;66.58608171295965;0.004389615700615357;0.0032746813855004655;0.04314031091336145
1.10851;1.0825551666666666;0.025954833333333482;57369.776666666665;0.9393099142270314;70.91667979358942;0.005150947882571977;0.0036499346849147678;0.047795855941200616
1.113;1.0826333666666665;0.030366633333333448;57393.19666666666;1.0662413588043045;73.82046794556601;0.006046909587722249;0.0041293296654762645;0.05374336579859575
1.11499;1.0827148999999998;0.03227510000000011;57456.64666666667;1.0965311004921572;75.01131442031252;0.006838709674803267;0.004671205667341666;0.060547468889648515
1.11113;1.0827650333333332;0.02836496666666677;57490.083333333336;1.0497288662825532;68.50226267256583;0.007073211627076859;0.005151606859288705;0.06681420467974337
1.1192;1.0828580333333333;0.03634196666666667;57531.363333333335;1.0853558195414885;73.65025884490038;0.007820092511313215;0.0056853039896936075;0.07376489831133282
1.1161;1.0829569666666667;0.03314303333333335;57562.29666666667;1.0736715450719378;68.9858991887063;0.008068844286583277;0.006162012049071542;0.08016615963461238
1.11842;1.0830484333333334;0.03537156666666652;57572.60333333333;0.9521890070281197;70.49204771025059;0.008356853862232505;0.006600980411703735;0.08617691859664352
1.11199;1.0831171;0.02887290000000009;57630.40666666667;1.0557794664180653;61.567830586679776;0.007974333115379428;0.006875650952438874;0.09034038572635684
1.1078;1.0831833333333334;0.02461666666666651;57761.11;1.1707011863170271;56.5443263876936;0.0072495167682395945;0.006950424115599018;0.0921583889012409
1.1048;1.083248;0.021552000000000016;57833.246666666666;1.1539729108525776;53.1974791736697;0.0063597088977656036;0.006832281072032336;0.09161120291401992
1.10723;1.0833080333333334;0.023921966666666572;57777.87666666666;0.7205006899121561;55.49533155077267;0.005783936818074986;0.006622612221240866;0.08976095345925343
1.10435;1.0833331666666668;0.02101683333333315;57817.43;1.1359550225596096;52.22279937639838;0.005037175937199656;0.006305524964432624;0.08642918791779901
1.1083;1.0833604666666667;0.02493953333333332;57882.276666666665;1.162670231296276;56.05076546106837;0.004709802871702307;0.005986380545886561;0.08278642779911374
1.11106;1.0833944666666668;0.027665533333333103;57949.943333333336;1.1609502292867653;58.54979144248191;0.004619811975695054;0.00571306683184826;0.07942218858118205
1.10858;1.0833792333333332;0.025200766666666707;58030.53333333333;1.4201317007825616;55.496206298907154;0.004298824100182896;0.0054302182855151876;0.07579134667880637
1.10349;1.0833154333333332;0.020174566666666838;58023.50666666667;0.9380680887261775;49.76010568415281;0.003592308538454825;0.0050626363361031155;0.07108475135256451
1.10191;1.0832467000000001;0.018663299999999827;57999.456666666665;0.8466631037978954;48.098200357884;0.002871792830109854;0.004624467634904463;0.06544264207732639
1.10111;1.0831710333333333;0.017938966666666722;58072.95;1.1537385305893444;47.23793297935523;0.0022107415733712;0.0041417224225978105;0.05914899076836697
1.10746;1.0831199333333332;0.024340066666666882;58070.69666666666;1.018362158447037;54.23486699208568;0.002174182992469076;0.003748214536572064;0.05370344785712121
1.10744;1.0830772;0.024362800000000018;58075.91;1.042136059512276;54.21048269701825;0.002119167773899422;0.003422405184037536;0.048951069862688004
1.11326;1.0830781999999999;0.030181800000000036;58071.03;0.9317554725650756;59.86542258199033;0.0025161881265993724;0.0032411617725499036;0.045803534173103934
1.1114;1.0830744;0.02832559999999984;58106.74;1.0648162330220101;57.4246089699098;0.002650193381545707;0.0031229680943490644;0.04344521075088389
1.11176;1.083092;0.028668000000000138;58140.69666666666;1.1389268412043787;57.783379095573444;0.002753699568394774;0.0030491143891582064;0.041694900517361744
1.11615;1.0831273333333333;0.033022666666666645;58234.87;1.3112247009392635;61.98972812446786;0.003153612397767791;0.0030700139908801235;0.04112244672656952
1.11629;1.0831530333333335;0.033136966666666545;58248.06;1.0951437695948854;62.119352723985784;0.003442163903427442;0.0031444439733895875;0.04130630721623263
1.11107;1.0831976666666667;0.027872333333333277;58202.36;1.0021243124847512;54.637571721407106;0.0032125998249163956;0.0031580751436949494;0.040982783612002784
1.11797;1.0832521666666668;0.034717833333333115;58143.34333333333;0.9785814976926316;61.27673447808679;0.0035465584548588502;0.0032357718059277296;0.04147390649776825
1.11325;1.0832973666666668;0.02995263333333331;58143.31;0.9938890647950739;55.3129562846361;0.0033912661170092395;0.0032668706681440317;0.04157219608631898
1.11766;1.0833615333333333;0.034298466666666805;58179.33;1.0964890795406037;59.29875061061831;0.0035827462954234335;0.003330045793599912;0.04210113635043013
1.11632;1.0834364666666667;0.03288353333333327;58196.833333333336;1.2315103055433316;57.617100834251;0.003585042773720293;0.0033810451896239884;0.042575447657316835
1.11349;1.0834983666666667;0.029991633333333434;58194.15666666667;1.108049393504209;54.12600096923064;0.0033202318347933524;0.0033688825186578616;0.04240893291181887
1.10676;1.0835176;0.023242399999999996;58225.93;1.2322860278914856;46.855204027206774;0.002538055380252091;0.003202717090976708;0.040549348334242306
1.10453;1.0835316333333334;0.020998366666666657;58261.28666666667;0.9782997125705466;44.71194755302267;0.001718423623785048;0.002905858397538376;0.037164550585938136
1.10297;1.0835560666666666;0.01941393333333341;58300.64;1.124807549282285;43.222482105939214;0.0009322343715814085;0.0025111335923469823;0.03255763260630952
1.09745;1.0835563333333333;0.013893666666666693;58342.56;1.050622392983604;38.3537702677294;-0.000134691502613693;0.0019819685733548473;0.026294641613859093
1.09742;1.0835541333333334;0.01386586666666667;58334.25666666667;0.9671846908478705;38.32850097639413;-0.0009714603043036174;0.0013912827978231543;0.01913663391638305
1.09804;1.0835654;0.014474600000000004;58337.40666666667;0.9050110900825831;39.219757145784264;-0.001566518934638328;0.0007997224513308578;0.011759332873382227
1.09399;1.0835765;0.010413500000000075;58310.88;0.8467887982481406;35.600479435819736;-0.002337957816699543;0.00017218639772477765;0.0038152187427869895
1.09372;1.0835872666666668;0.0101327333333332;58297.416666666664;1.00975314800953;35.3661653455179;-0.0029372565668421835;-0.0004497021951886147;-0.004222928973636802
1.09366;1.0836063333333334;0.010053666666666627;58227.40666666667;0.6905511047431118;35.31054685834759;-0.0033781059401238878;-0.0010353829441756693;-0.011982407761458804
1.09088;1.0836183666666666;0.007261633333333517;58153.806666666664;0.6656142085739073;32.74130267294221;-0.003906770196226317;-0.001609660394585799;-0.019690294245322846
1.08914;1.0836259;0.005514100000000077;58125.34;0.798429738217308;31.21059545878782;-0.004415247659597554;-0.0021707778475881503;-0.027303208971067486
1.08621;1.083614766666667;0.0025952333333330024;58102.96;0.7652794281047359;28.771329471197333;-0.004997043419679326;-0.0027360309620063855;-0.0349918200966922
1.08306;1.0836096666666666;-0.0005496666666666705;58100.71333333333;0.8569774301105787;26.383934460560397;-0.005647201996157092;-0.003318265168836527;-0.0428920240281901
1.08675;1.0836109666666667;0.0031390333333334297;58051.25;0.694799853577538;33.35984417689677;-0.0057978709435839715;-0.0038141863237860165;-0.049864426054524826
1.08146;1.0836123333333334;-0.0021523333333333117;58007.07;0.6660222624585821;29.102211156657802;-0.006271838113863115;-0.004305716681801436;-0.056756217177941264
1.07986;1.0836138333333334;-0.003753833333333345;57959.12;0.731757141930255;27.940681762141764;-0.006699341302955242;-0.004784441606032197;-0.06347510585606228
1.07822;1.0836014999999999;-0.005381499999999928;57960.39333333333;0.7801361826505698;26.761649615557644;-0.007088760139959849;-0.005245305312817727;-0.06996126287608415
1.0828;1.0835844666666665;-0.000784466666666539;57945.83666666667;0.8487408730139688;35.00956850299302;-0.006947720651687472;-0.005585788380591677;-0.07507213420337663
1.0796;1.0835420666666666;-0.003942066666666744;57897.26;0.7048001926169383;32.27469549618692;-0.007013313979659985;-0.005871293500405338;-0.07946552054623315
1.08117;1.0835313666666666;-0.002361366666666642;57871.70333333333;0.7710503999333749;34.959238596070506;-0.0068595387924055284;-0.006068942558805377;-0.08276056846304913
1.08181;1.0835462333333334;-0.0017362333333335034;57865.193333333336;0.9083353389525974;36.07168142636905;-0.006609834143788795;-0.0061771208758020614;-0.08490611089569752
1.08566;1.0835662666666668;0.002093733333333292;57950.49333333333;0.935919556163525;42.44863363838623;-0.006031748346225108;-0.006148046369886671;-0.08534228700097912
1.08838;1.0836202;0.004759799999999981;57982.496666666666;1.022049815148062;46.50837642002302;-0.0052931141931913395;-0.005977059934547605;-0.08396414270366101
1.08337;1.0836560999999998;-0.0002860999999998448;57987.36;0.9097844771686606;40.79949327196687;-0.005053749951433151;-0.005792397937924715;-0.0821542461939999
1.0877;1.0837165;0.003983499999999918;58012.5;0.9089592760179429;46.86961990996208;-0.0044632081671336366;-0.005526559983766499;-0.07920252590095792
1.09296;1.0837928666666667;0.009167133333333188;57989.77;0.676188231130995;53.15355254892149;-0.0035300690692676717;-0.005127261800866733;-0.07451951082506446
1.07289;1.0837858;-0.010895800000000122;58237.36666666667;2.14633674485016;35.76958745941394;-0.004359774117158821;-0.004973764264125151;-0.07230488863640755
1.08031;1.0838018999999999;-0.00349189999999977;58335.6;1.2567625943675464;43.16969073253945;-0.004368235062177206;-0.004852658423735562;-0.07038044183625047
1.07189;1.0837984;-0.011908400000000041;58376.04;1.1101643756580422;37.84173100965294;-0.004996764462836145;-0.004881479631555679;-0.07009975656381501
1.06557;1.0838022;-0.018232200000000143;58361.12333333334;0.8814600724213474;34.40897165463534;-0.005936418386852882;-0.005092467382615119;-0.07192904505850506
1.06237;1.0837897333333335;-0.02141973333333347;58400.28;1.0241389253611415;32.787183728680276;-0.006860233644850444;-0.0054460206350621845;-0.07553192810682964
1.05642;1.0837470333333334;-0.027327033333333528;58501.363333333335;1.1775452070659134;29.959632263238205;-0.007980485101744872;-0.005952913528398722;-0.08109310278868295
1.05298;1.0836972;-0.0307172;58610.90666666667;1.2499891942748909;28.432930564634347;-0.009041645244876051;-0.006570659871694189;-0.08819560239566501
1.05357;1.0836556;-0.030085600000000046;58678.206666666665;1.1882605819239669;29.100260492885425;-0.009722934300093966;-0.007201114757374144;-0.0957602547197518
1.05982;1.0836346;-0.023814599999999908;58683.176666666666;0.9514651927782566;35.91708787553475;-0.009647329607742394;-0.007690357727447795;-0.1020136817331972
1.0596;1.0836179666666665;-0.024017966666666446;58746.2;1.14788701226613;35.78665528674047;-0.009495703941566846;-0.008051426970271607;-0.10696732877367753
1.05435;1.0836017666666664;-0.029251766666666512;58776.76666666667;0.910529840872344;32.73189296533502;-0.009687499172436942;-0.008378641410704674;-0.1115780128608991
1.04736;1.083569;-0.036208999999999936;58828.47;1.0395476883894754;29.16257864855619;-0.010284974077848785;-0.008759907944133498;-0.1168092930478751
1.04193;1.0835410666666667;-0.041611066666666696;58878.63333333333;1.2040530832065504;26.724588041093313;-0.01106903590883701;-0.0092217335370742;-0.12299452699040524
1.04959;1.0835176666666666;-0.03392766666666658;58930.93666666667;1.215320917179627;34.98215829547915;-0.01094613237575004;-0.009566613304809369;-0.1279477998001955
1.04893;1.0834897;-0.03455969999999997;59012.73;1.3427272386820026;34.62014646888535;-0.010777747757225953;-0.009808840195292686;-0.13174070128487314
1.05665;1.0835193666666665;-0.026869366666666394;59075.47666666667;1.1806083325154413;42.1599935676821;-0.009907158694197227;-0.009828503895073594;-0.13294781293403396
1.05538;1.0835485666666667;-0.028168566666666672;59029.34333333333;0.7412076355470089;41.31586890288733;-0.009213481693884917;-0.00970549945483586;-0.1323405429038297
1.05759;1.0835725666666667;-0.02598256666666665;59074.16333333333;1.1867455422839641;43.438149954206345;-0.008388709323909227;-0.009442141428650533;-0.12988473097786335
1.04977;1.0835548333333334;-0.033784833333333264;59158.176666666666;1.3468636879892546;38.17697340070834;-0.008270739981917963;-0.00920786113930402;-0.12745951028035268
1.05094;1.0835298;-0.0325898;59168.66;1.073879313812232;39.3603742059415;-0.00799072707885462;-0.00896443432721414;-0.12470156771272688
1.051;1.0835109666666667;-0.03251096666666675;59226.276666666665;1.173414975773787;39.42441096087113;-0.007675495008604427;-0.008706646463492198;-0.12158712114134194
1.05874;1.0835050999999998;-0.024765099999999762;59219.88;0.974503832158901;47.17425289711138;-0.006723612389364364;-0.008310039648666633;-0.11672170612560366
1.05678;1.083488;-0.026707999999999954;59235.91333333333;1.0254421107373783;45.58385411331943;-0.006057566321419738;-0.007859544983217254;-0.11101722044431009
1.05536;1.0834964666666667;-0.028136466666666582;59239.87333333334;0.9112612327213656;44.41555760391054;-0.00557997961495138;-0.007403631909564079;-0.10503570855843855
1.05272;1.0835025666666667;-0.030782566666666566;59231.98;0.9006789913150125;42.247630575554986;-0.005352810775240302;-0.006993467682699324;-0.09940197550811375
1.04957;1.0834813333333335;-0.033911333333333626;59290.183333333334;1.08208469586431;39.75427245127069;-0.005365110849253174;-0.006667796316010095;-0.09462633593466835
1.04663;1.0834447;-0.03681470000000009;59353.566666666666;1.1642939739087013;37.52809256037151;-0.005548136709528029;-0.0064438643947136815;-0.09098692367245263
1.05031;1.0834336;-0.03312359999999992;59363.166666666664;0.9528467427892797;41.91281350428526;-0.005334745156073684;-0.006222040546985682;-0.08741640219619083
1.05114;1.0834100333333334;-0.03227003333333345;59332.2;0.8981126605787586;42.88648187555531;-0.005040552398739573;-0.005985742917336461;-0.08372324834700241
1.04915;1.0833756;-0.03422560000000008;59344.676666666666;0.9154991323848174;41.107343212983515;-0.004911363743862696;-0.0057708670826417076;-0.08030870729671159
1.03495;1.0832693;-0.048319299999999954;59410.28;1.1273638164975612;31.170419166285484;-0.005886941136835411;-0.005794081893480449;-0.07968162043001989
1.03629;1.0831933;-0.04690330000000009;59515.77;1.3851790878280859;32.820741973129145;-0.0064773001639581995;-0.005930725547576;-0.0805549948558188
1.04268;1.0831468666666668;-0.04046686666666677;59594.75;1.1771674518307105;40.18583994705951;-0.006356273189037642;-0.006015835075868329;-0.08106887538999034
1.04062;1.0830946333333336;-0.042474633333333456;59570.64666666667;0.77106767460516;38.712360689426205;-0.006353345807672106;-0.006083337222229085;-0.08154329835348634
1.03925;1.0830368333333333;-0.04378683333333333;59524.3;0.5402163486171966;37.72175482523498;-0.006387937223323981;-0.006144257222448065;-0.08206721065283203
1.04229;1.0829726666666666;-0.040682666666666645;59490.263333333336;0.5477871196736652;41.31055238437761;-0.006099734631902498;-0.006135352704338952;-0.08188371708655653
1.04064;1.0828672333333333;-0.042227233333333336;59426.78666666667;0.8187553581335344;39.96443985021836;-0.005936046167034803;-0.006095491396878122;-0.08138005903480228
1.03527;1.0827773333333333;-0.047507333333333346;59421.53666666667;0.8479248909807424;35.86803411949529;-0.00616852903738585;-0.006110098924979668;-0.08151884509414177
1.0267;1.0826241333333333;-0.05592413333333335;59467.09333333333;1.1059225584029826;30.495741582430938;-0.006964023832819022;-0.006280883906547539;-0.0835124120677996
1.0308;1.0824877333333331;-0.05168773333333321;59490.653333333335;0.8034539431290826;35.47503346630913;-0.007180847118895439;-0.006460876549017119;-0.08574908044638478
1.03897;1.0823844333333332;-0.04341443333333328;59589.87333333334;1.267933556048069;44.07308284403239;-0.006617152005492288;-0.006492131640312153;-0.08637637600053558
1.03398;1.0822614333333334;-0.04828143333333346;59652.24333333333;1.0592392920901508;40.521508395736205;-0.006498164073275969;-0.006493338126904917;-0.08665515450671431
1.03191;1.0821450333333333;-0.050235033333333234;59701.66333333333;1.104290840807768;39.11342673403768;-0.0064960149631547726;-0.006493873494154888;-0.08690593382284717
1.02994;1.0820166333333334;-0.052076633333333344;59709.28333333333;0.7668656772242675;37.768338771711804;-0.006577453524020838;-0.0065105895001280785;-0.08732664385280772
1.02424;1.0818645;-0.05762449999999997;59809.176666666666;1.1247437893168695;34.11292083075604;-0.007021002783685004;-0.006612672156839464;-0.08873628492760205
1.03077;1.0814726333333333;-0.05070263333333336;59924.043333333335;1.1342358796102932;41.14112142579601;-0.00676758977876446;-0.006643655681224464;-0.08936587072420345
1.02902;1.081285066666667;-0.05226506666666686;59972.10666666667;1.0166726398137174;39.91237843731752;-0.006631524435550373;-0.006641229432089646;-0.08959917066918581
1.03019;1.0810811666666666;-0.05089116666666671;60027.97666666667;1.0774642690214928;41.1772965290668;-0.006356014272797861;-0.00658418640023129;-0.08916633106354692
1.027;1.0808576666666667;-0.053857666666666804;60066.97666666667;0.9687685851564192;38.78024461790907;-0.006322198455566808;-0.006531788811298394;-0.08872828332393057
1.04168;1.0806929666666667;-0.03901296666666676;60123.58666666667;1.1024458731557538;52.48742758467561;-0.005052602604966205;-0.006235951570031957;-0.08539323302829521
1.04234;1.0805379000000002;-0.03819790000000012;60223.403333333335;1.3228412143870332;52.99697545182074;-0.003947675911703863;-0.005778296438366339;-0.07996436654338268
1.04093;1.0803728333333331;-0.039442833333333205;60311.72666666667;0.935755003532049;51.72082537523103;-0.0031494834778180714;-0.005252533846256686;-0.07346823261974007
1.04151;1.0801987666666666;-0.03868876666666665;60385.83666666667;0.9731089812394242;52.2303861169018;-0.002441959679442496;-0.004690419012893848;-0.06628066205447482
